learning_rate,max_depth,subsample,n_estimators,reg_lambda,colsample_bytree,LOO-train-RMSE,LOO-train-R2,LOO-val-RMSE,LOO-val-R2,test-RMSE,test-R2,
0.2,4,0.6,100,5,0.6,0.68147968,0.949282652,1.943619848,,0.175353786,0.97900713,
0.2,5,0.6,100,5,0.6,0.676664373,0.950023425,1.93419397,,0.176665304,0.978691933,
0.2,6,0.6,100,5,0.6,0.677430559,0.949916742,1.940392316,,0.176665304,0.978691933,
0.2,7,0.6,100,5,0.6,0.677476497,0.949909297,1.940396071,,0.176665304,0.978691933,
0.2,8,0.6,100,5,0.6,0.677476497,0.949909297,1.940396071,,0.176665304,0.978691933,
0.2,7,0.6,100,3,0.6,0.426810943,0.979969011,2.018990247,,0.179032802,0.978117006,1
0.2,8,0.6,100,3,0.6,0.426807832,0.979969295,2.018969386,,0.179032802,0.978117006,
0.2,6,0.6,100,3,0.6,0.426828074,0.97996702,2.018662809,,0.179534789,0.97799412,
0.3,5,0.7,200,10,0.8,0.212656064,0.995028833,2.320637653,,0.179891471,0.977906595,
0.3,6,0.7,200,10,0.8,0.211754202,0.995073804,2.328522602,,0.180940476,0.977648176,
0.3,8,0.7,200,10,0.8,0.212300291,0.995043643,2.336122768,,0.181203203,0.977583219,
0.2,5,0.6,100,3,0.6,0.426427973,0.98001411,2.015825598,,0.181663999,0.977469063,
0.3,7,0.7,200,10,0.8,0.212264485,0.995045065,2.337636063,,0.181792298,0.977437227,
0.2,3,0.7,200,10,0.8,0.446379975,0.978314748,2.094113173,,0.182698883,0.977211628,
0.2,3,0.6,100,5,0.6,0.711631027,0.944730585,1.898484201,,0.182849742,0.977173979,
0.3,5,0.7,100,10,0.8,0.539141836,0.968425542,2.162086973,,0.18467972,0.976714802,
0.3,4,0.7,200,10,0.8,0.215491331,0.994909713,2.297672884,,0.185683241,0.976461058,
0.3,8,0.7,100,10,0.8,0.537861286,0.968574915,2.164597476,,0.186000717,0.976380497,
0.3,6,0.7,100,10,0.8,0.537943051,0.968564765,2.162426213,,0.186079774,0.976360415,
0.3,7,0.7,100,10,0.8,0.537861369,0.968574904,2.164602244,,0.18624671,0.976317981,
0.1,4,0.7,200,5,0.6,0.600452149,0.960754775,2.008490393,,0.187139996,0.976090266,
0.3,6,0.6,100,10,0.6,0.804875626,0.929542755,1.902713389,,0.18800431,0.9758689,
0.3,7,0.6,100,10,0.6,0.804875626,0.929542755,1.902713389,,0.18800431,0.9758689,
0.3,8,0.6,100,10,0.6,0.804875626,0.929542755,1.902713389,,0.18800431,0.9758689,
0.3,4,0.6,100,10,0.6,0.809137705,0.92879627,1.908483283,,0.18803441,0.975861172,
0.3,5,0.6,100,10,0.6,0.805381895,0.929452299,1.900163413,,0.188857752,0.975649317,
0.3,3,0.6,100,10,0.6,0.818818355,0.927123319,1.888424271,,0.190777393,0.975151777,
0.1,5,0.7,200,5,0.6,0.595089634,0.961453473,2.019087011,,0.191500208,0.974963131,
0.2,4,0.6,100,3,0.6,0.434635933,0.979262003,1.980304225,,0.193216396,0.974512369,
0.1,4,0.7,300,10,0.6,0.734596522,0.941523421,1.952602507,,0.194731728,0.974111019,
0.1,8,0.7,300,10,0.6,0.732204028,0.941896,1.956133858,,0.195403586,0.973932068,
0.1,7,0.7,300,10,0.6,0.732204864,0.941895883,1.956133799,,0.195432363,0.97392439,
0.1,6,0.7,300,10,0.6,0.732253811,0.941889315,1.955836729,,0.195591492,0.973881909,
0.1,3,0.7,300,10,0.6,0.7628409,0.936930899,1.899249772,,0.196000168,0.973772651,
0.1,5,0.7,300,10,0.6,0.732467403,0.941848176,1.958112137,,0.196214182,0.973715344,
0.3,4,0.7,100,10,0.8,0.542714188,0.968032646,2.140696997,,0.196359369,0.973676431,
0.1,6,0.7,200,5,0.6,0.594471166,0.961535072,2.02170133,,0.196696961,0.973585839,
0.1,7,0.7,200,5,0.6,0.594465989,0.961535719,2.021738553,,0.196878502,0.973537059,
0.1,8,0.7,200,5,0.6,0.594465989,0.961535719,2.021738553,,0.196878502,0.973537059,
0.2,3,0.7,300,10,0.8,0.249131807,0.993201426,2.186948443,,0.198359829,0.973137343,
0.1,4,0.8,400,10,0.6,0.419437603,0.980867474,2.141749496,,0.199676504,0.972779541,
0.1,4,0.8,300,10,0.6,0.587865785,0.962539655,2.038317158,,0.202600166,0.971976582,
0.3,5,0.7,300,10,0.8,0.079672065,0.999299071,2.362545865,,0.203127933,0.971830391,
0.1,5,0.7,200,10,0.6,0.960383135,0.90022847,1.870316988,,0.203188034,0.971813719,
0.1,5,0.8,400,10,0.6,0.414797575,0.981274739,2.163241291,,0.203602321,0.971698662,
0.1,6,0.7,200,10,0.6,0.960231581,0.900257097,1.870417944,,0.203665206,0.971681177,
0.1,7,0.7,200,10,0.6,0.96023339,0.900256758,1.870408616,,0.203665206,0.971681177,
0.1,8,0.7,200,10,0.6,0.96023339,0.900256758,1.870408616,,0.203665206,0.971681177,
0.3,7,0.7,300,10,0.8,0.079274299,0.999304936,2.385339538,,0.203792089,0.971645881,
0.1,3,0.6,200,10,1,0.928014072,0.906929981,1.752444199,,0.204448349,0.971462973,
0.3,8,0.7,300,10,0.8,0.079400504,0.999302977,2.383235166,,0.204578777,0.971426551,
0.1,6,0.8,400,10,0.6,0.413365694,0.981405487,2.159757012,,0.20464844,0.971407088,
0.1,7,0.8,400,10,0.6,0.41322314,0.981416575,2.158944303,,0.204658826,0.971404186,
0.1,8,0.8,400,10,0.6,0.413399304,0.981398619,2.159892077,,0.204658826,0.971404186,
0.3,6,0.6,100,5,0.6,0.447831833,0.977832941,2.057607614,,0.205118058,0.97127571,
0.3,7,0.6,100,5,0.6,0.448128487,0.977796269,2.057952874,,0.205118058,0.97127571,
0.3,8,0.6,100,5,0.6,0.448128487,0.977796269,2.057952874,,0.205118058,0.97127571,
0.3,6,0.7,300,10,0.8,0.07919821,0.999307623,2.375628659,,0.205509954,0.971165844,
0.1,3,0.7,300,10,0.8,0.621267767,0.958203069,2.014224613,,0.205856782,0.971068439,
0.3,5,0.6,100,5,0.6,0.447752213,0.977840442,2.088922069,,0.206195703,0.970973095,
0.1,6,0.7,200,3,0.6,0.349728278,0.986612912,2.110666871,,0.206282449,0.970948667,
0.1,7,0.7,200,3,0.6,0.349694733,0.986615084,2.110870875,,0.20633238,0.970934601,
0.1,8,0.7,200,3,0.6,0.349693714,0.986615168,2.110870577,,0.20633238,0.970934601,
0.3,4,0.7,300,10,0.8,0.082650005,0.999247987,2.34654464,,0.206746778,0.970817734,
0.1,5,0.8,300,10,0.6,0.583249248,0.963115554,2.059938028,,0.207197541,0.970690345,
0.1,5,0.7,200,3,0.6,0.350432542,0.98655766,2.114522429,,0.207285755,0.970665383,
0.1,6,0.8,300,10,0.6,0.58254076,0.963205182,2.056346133,,0.208357844,0.970361158,
0.1,7,0.8,300,10,0.6,0.58254507,0.963199452,2.055499717,,0.208407149,0.97034713,
0.1,8,0.8,300,10,0.6,0.58254858,0.963199054,2.056431576,,0.208407149,0.97034713,
0.1,4,0.6,200,10,0.6,1.06886562,0.876433559,1.769140801,,0.20907196,0.970157645,
0.1,5,0.6,200,10,0.6,1.067986846,0.876634613,1.769503957,,0.209151708,0.970134874,
0.1,6,0.6,200,10,0.6,1.067886735,0.876654635,1.768970809,,0.209326516,0.970084931,
0.1,7,0.6,200,10,0.6,1.067886735,0.876654635,1.768970809,,0.209326516,0.970084931,
0.1,8,0.6,200,10,0.6,1.067886735,0.876654635,1.768970809,,0.209326516,0.970084931,
0.1,3,0.6,200,5,0.6,0.762620918,0.936838735,1.915923646,,0.209945639,0.96990771,
0.2,4,0.6,100,10,0.6,1.036916282,0.883436611,1.710910923,,0.210038292,0.969881144,
0.3,4,0.6,100,5,0.6,0.452248267,0.977331975,2.071172892,,0.210286211,0.96981,
0.1,4,0.7,200,3,0.6,0.360699543,0.985753099,2.114199528,,0.210337981,0.969795134,
0.2,3,0.7,200,10,0.6,0.590950623,0.961933985,1.980585912,,0.210636154,0.969709437,
0.2,5,0.6,100,10,0.6,1.035623173,0.883728868,1.705530307,,0.211068462,0.969584973,
0.1,4,0.7,300,10,0.8,0.590220098,0.962305127,2.059776092,,0.211772144,0.969381834,
0.1,4,0.6,200,5,0.6,0.730158095,0.9420663,1.943526507,,0.21179063,0.969376488,
0.1,3,0.6,300,10,0.8,0.767205287,0.936286948,1.889396803,,0.21180383,0.96937267,
0.2,6,0.6,100,10,0.6,1.035750703,0.883702333,1.705512336,,0.211806671,0.969371849,
0.1,4,0.7,200,10,0.6,0.961528598,0.900004169,1.865453011,,0.211912364,0.969341274,
0.1,3,0.7,200,10,0.6,0.981971802,0.895755803,1.843655235,,0.211970524,0.969324443,
0.2,7,0.6,100,10,0.6,1.035750703,0.883702333,1.705512336,,0.212047093,0.969302277,
0.2,8,0.6,100,10,0.6,1.035750703,0.883702333,1.705512336,,0.212047093,0.969302277,
0.1,6,0.6,200,10,1,0.91013341,0.910452739,1.753337346,,0.212275466,0.969236119,
0.1,5,0.6,200,10,1,0.910547663,0.910375023,1.746749781,,0.212641778,0.969129853,
0.1,7,0.7,400,10,0.6,0.560884549,0.96577151,2.033364275,,0.212702921,0.969112097,
0.1,8,0.7,400,10,0.6,0.560823417,0.965778091,2.034671077,,0.212773671,0.969091546,
0.1,6,0.7,300,10,0.8,0.586417682,0.962789346,2.058163458,,0.212932544,0.969045371,
0.1,7,0.7,300,10,0.8,0.586344284,0.962800306,2.055604899,,0.213028504,0.969017465,
0.1,8,0.7,300,10,0.8,0.586344245,0.962800311,2.055605138,,0.213028504,0.969017465,
0.2,6,0.7,200,10,0.8,0.413021423,0.981430581,2.109599242,,0.213182251,0.968972727,
0.2,7,0.7,200,10,0.8,0.412620249,0.981463715,2.107617313,,0.213386275,0.96891331,
0.2,8,0.7,200,10,0.8,0.412623346,0.981463443,2.108803326,,0.213386275,0.96891331,
0.1,6,0.7,400,10,0.6,0.560654106,0.965799369,2.033605376,,0.213388523,0.968912655,
0.1,7,0.6,200,10,1,0.910129404,0.910453507,1.753353916,,0.213547527,0.968866309,
0.1,8,0.6,200,10,1,0.910129404,0.910453507,1.753353916,,0.213547527,0.968866309,
0.2,3,0.7,100,10,0.8,0.833266061,0.924845307,1.862944619,,0.214327828,0.968638369,
0.2,3,0.6,100,10,0.6,1.050250358,0.880474678,1.719310528,,0.2145026,0.968587201,
0.1,3,0.6,200,10,0.6,1.079411531,0.874013191,1.773578769,,0.214637316,0.968547732,
0.1,5,0.7,400,10,0.6,0.56092675,0.965763093,2.040111074,,0.214743397,0.968516634,
0.1,3,0.6,300,10,1,0.671595604,0.951197583,1.858047655,,0.214975347,0.968448586,
0.1,5,0.7,200,5,0.8,0.453221682,0.977705624,2.159666294,,0.215702712,0.968234717,
0.1,4,0.6,200,10,1,0.911535448,0.910187272,1.748871483,,0.215809344,0.968203303,
0.2,5,0.7,200,10,0.8,0.414128882,0.981323975,2.117900619,,0.217078926,0.96782809,
0.1,3,0.6,200,5,1,0.533792109,0.969101809,1.930847577,,0.217165906,0.967802303,
0.1,5,0.7,300,10,0.8,0.586464525,0.962782798,2.058500433,,0.217657641,0.967656326,
0.1,3,0.6,200,10,0.8,0.997738548,0.892409364,1.791703782,,0.217776244,0.967621068,
0.3,3,0.7,100,10,0.8,0.565231276,0.965303036,2.111702094,,0.21793984,0.967572403,
0.2,6,0.7,200,10,0.6,0.557217228,0.966105584,2.01560455,,0.218011807,0.967550983,
0.2,7,0.7,200,10,0.6,0.557206595,0.966106346,2.01545834,,0.218011807,0.967550983,
0.2,8,0.7,200,10,0.6,0.55720653,0.966106354,2.01546287,,0.218011807,0.967550983,
0.1,3,0.7,200,5,0.6,0.650187655,0.953986548,1.963563985,,0.218388584,0.967438727,
0.1,7,0.6,300,10,1,0.650277314,0.954234795,1.862454669,,0.218600365,0.967375544,
0.1,8,0.6,300,10,1,0.650277242,0.954234804,1.862454788,,0.218600365,0.967375544,
0.1,4,0.7,400,10,0.6,0.564788753,0.965302488,2.039526993,,0.219052118,0.967240563,
0.2,4,0.7,200,10,0.8,0.418692349,0.980930823,2.116211856,,0.219169902,0.967205324,
0.4,3,0.7,100,10,0.8,0.39885363,0.982682487,2.191459076,,0.219298321,0.967166882,
0.2,6,0.7,300,10,0.8,0.212665732,0.99506513,2.189060392,,0.219449548,0.967121583,
0.2,7,0.7,300,10,0.8,0.212386871,0.995077614,2.188934939,,0.21953998,0.96709448,
0.2,8,0.7,300,10,0.8,0.212226691,0.995084903,2.19004889,,0.21953998,0.96709448,
0.3,3,0.6,100,5,0.6,0.483385678,0.974180699,2.091134214,,0.219710423,0.967043367,
0.1,6,0.6,200,5,0.6,0.723400358,0.943117062,1.955632539,,0.220159792,0.966908418,
0.1,7,0.6,200,5,0.6,0.723399264,0.943117258,1.955651165,,0.220159792,0.966908418,
0.1,8,0.6,200,5,0.6,0.723399194,0.94311727,1.955651165,,0.220159792,0.966908418,
0.1,4,0.8,200,10,0.6,0.810969658,0.92884146,1.949793092,,0.220303002,0.966865353,
0.1,5,0.6,200,5,0.6,0.724443114,0.942951256,1.955477805,,0.220442827,0.966823279,
0.1,6,0.7,200,5,0.8,0.45279711,0.977743026,2.160640577,,0.22081438,0.966711347,
0.2,5,0.7,300,10,0.8,0.21362589,0.995020465,2.199820744,,0.220844415,0.966702291,
0.2,3,0.7,200,10,1,0.345062439,0.987091713,2.105646865,,0.220910058,0.966682493,
0.2,5,0.7,200,10,0.6,0.557269338,0.966099526,2.02133582,,0.221575752,0.966481392,
0.3,6,0.6,100,10,0.8,0.725095145,0.942887035,1.967669346,,0.221891498,0.966385796,
0.3,7,0.6,100,10,0.8,0.724788149,0.942928587,1.972051838,,0.221891498,0.966385796,
0.3,8,0.6,100,10,0.8,0.724788149,0.942928587,1.972051838,,0.221891498,0.966385796,
0.1,3,0.7,300,10,1,0.525481453,0.970130642,2.013041789,,0.221913588,0.966379102,
0.1,6,0.7,300,5,0.6,0.38272944,0.983976091,2.089701662,,0.221977831,0.966359633,
0.1,3,0.8,300,10,0.8,0.485471792,0.974438479,2.151786709,,0.221985845,0.966357204,
0.1,3,0.7,200,5,1,0.41142349,0.981650054,2.046805376,,0.22201094,0.966349597,
0.1,7,0.7,300,5,0.6,0.382705957,0.983978074,2.089099349,,0.222069396,0.966331875,
0.1,8,0.7,300,5,0.6,0.382705957,0.983978074,2.089099349,,0.222069396,0.966331875,
0.3,3,0.6,100,10,0.8,0.75085104,0.93871202,1.937355028,,0.222570246,0.966179835,
0.1,8,0.7,200,5,0.8,0.45269006,0.977752935,2.162387947,,0.222659979,0.966152559,
0.1,7,0.7,200,5,0.8,0.452838413,0.977739314,2.160350943,,0.22266893,0.966149837,
0.3,7,0.7,400,10,0.8,0.024898504,0.999931674,2.406258235,,0.222706113,0.966138531,
0.3,5,0.7,400,10,0.8,0.02531093,0.999929482,2.383133644,,0.222769763,0.966119173,
0.3,8,0.7,400,10,0.8,0.024913677,0.999931602,2.403983125,,0.223007511,0.966046817,
0.1,5,0.6,300,10,1,0.650477874,0.954209262,1.862523587,,0.223009806,0.966046118,
0.1,3,0.6,300,10,0.6,0.890628068,0.914037181,1.817850069,,0.223265861,0.965968103,
0.1,6,0.6,300,10,1,0.650284197,0.954233868,1.863061042,,0.223378319,0.965933811,
0.2,4,0.7,200,10,0.6,0.562534415,0.965439981,2.021266753,,0.223383822,0.965932132,
0.3,6,0.7,400,10,0.8,0.024826344,0.999932206,2.396612847,,0.223448598,0.965912372,
0.1,4,0.6,300,10,1,0.652911817,0.953866492,1.87189977,,0.223555235,0.965879829,
0.1,5,0.6,300,10,0.6,0.8769605,0.916615711,1.837911473,,0.223640688,0.965853739,
0.1,7,0.6,300,10,0.6,0.877073705,0.916585937,1.835525216,,0.223768182,0.965814795,
0.1,8,0.6,300,10,0.6,0.877073705,0.916585937,1.835525216,,0.223768182,0.965814795,
0.1,4,0.6,200,10,0.8,0.98173271,0.895811611,1.792507088,,0.223775548,0.965812545,
0.1,6,0.6,300,10,0.6,0.877074923,0.91658572,1.835530699,,0.223783067,0.965810247,
0.1,6,0.8,200,10,0.6,0.807359938,0.929451286,1.952768117,,0.223844467,0.965791483,
0.1,7,0.8,200,10,0.6,0.807358031,0.929451579,1.952866762,,0.223844467,0.965791483,
0.1,8,0.8,200,10,0.6,0.807358031,0.929451579,1.952866762,,0.223844467,0.965791483,
0.2,3,0.6,100,10,0.8,0.986029414,0.894634772,1.769756368,,0.223871181,0.965783318,
0.1,6,0.6,200,3,0.6,0.482337768,0.97438987,2.009942086,,0.224104314,0.965712016,
0.1,7,0.6,200,3,0.6,0.482280493,0.974396016,2.009967358,,0.224111499,0.965709817,
0.1,8,0.6,200,3,0.6,0.482280493,0.974396016,2.009967358,,0.224111499,0.965709817,
0.1,4,0.6,300,10,0.6,0.877354805,0.916559279,1.83932455,,0.22418487,0.965687362,
0.2,3,0.8,200,10,1,0.231324059,0.994193349,2.292954579,,0.224280858,0.965657972,
0.1,5,0.8,200,10,0.6,0.807720508,0.929389131,1.95859079,,0.22429409,0.96565392,
0.3,3,0.7,100,5,1,0.190109939,0.996041752,2.327003183,,0.224547067,0.9655764,
0.1,3,0.8,400,10,0.8,0.323053127,0.988631876,2.248520048,,0.224567505,0.965570133,
0.3,4,0.7,400,10,0.8,0.027359958,0.999916809,2.368263388,,0.224598754,0.965560551,
0.1,3,0.7,200,5,0.8,0.510071855,0.971741638,2.084280813,,0.224610637,0.965556906,
0.2,3,0.7,200,5,1,0.110892225,0.998648468,2.291085074,,0.224637304,0.965548727,
0.1,5,0.6,200,3,0.6,0.482399885,0.974396513,2.020647244,,0.224985339,0.965441892,
0.1,6,0.6,200,5,0.8,0.59378968,0.961698426,1.947508409,,0.225234755,0.965365229,
0.1,6,0.6,300,10,0.8,0.747413392,0.939512172,1.907860951,,0.225401727,0.965313859,
0.1,7,0.6,300,10,0.8,0.747716698,0.939461526,1.910081432,,0.225401727,0.965313859,
0.1,8,0.6,300,10,0.8,0.747716698,0.939461526,1.910081432,,0.225401727,0.965313859,
0.3,4,0.7,100,10,1,0.449907861,0.978000207,2.134206721,,0.225631433,0.965243125,
0.1,5,0.6,300,10,0.8,0.747283076,0.939535984,1.904222013,,0.2259899,0.965132599,
0.2,3,0.9,100,3,0.8,0.149182118,0.997529474,2.371807123,,0.226030662,0.96512002,
0.2,4,0.7,300,10,0.8,0.218382952,0.994799284,2.206274012,,0.226291618,0.965039434,
0.2,3,0.7,400,10,0.8,0.128226642,0.998188977,2.237642514,,0.22638868,0.965009437,
0.4,3,0.8,100,10,0.8,0.280888948,0.991376517,2.377516271,,0.226551388,0.964959123,
0.3,4,0.7,200,10,1,0.135163461,0.998000232,2.305596957,,0.226596046,0.964945307,
0.3,5,0.6,100,10,0.8,0.725222402,0.942873011,1.972983033,,0.226806529,0.964880153,
0.4,4,0.7,200,10,0.8,0.111807978,0.998607774,2.346532891,,0.226899921,0.964851224,
0.1,6,0.7,300,10,1,0.489265843,0.974126842,2.057047481,,0.22697634,0.964827544,
0.1,7,0.7,300,10,1,0.48941934,0.974110252,2.056088084,,0.227005157,0.964818613,
0.1,8,0.7,300,10,1,0.489421278,0.974110064,2.056066895,,0.227005157,0.964818613,
0.4,6,0.6,100,5,0.8,0.244765821,0.993227769,2.427855031,,0.227043645,0.964806682,
0.4,7,0.6,100,5,0.8,0.244539357,0.993229087,2.424420134,,0.227043645,0.964806682,
0.4,8,0.6,100,5,0.8,0.244537491,0.9932292,2.424368457,,0.227043645,0.964806682,
0.2,6,0.8,200,10,0.6,0.388510538,0.983495651,2.171781927,,0.227089013,0.964792616,
0.3,3,0.7,100,10,1,0.479327442,0.975085244,2.089130679,,0.227135886,0.96477808,
0.1,4,0.7,200,5,0.8,0.461520674,0.976891327,2.150709981,,0.22713617,0.964777992,
0.2,7,0.8,200,10,0.6,0.388448673,0.983499997,2.171658784,,0.2271765,0.964765483,
0.2,8,0.8,200,10,0.6,0.388448424,0.983500015,2.171654373,,0.2271765,0.964765483,
0.1,6,0.6,200,10,0.8,0.978667829,0.896448153,1.794995702,,0.22729198,0.964729653,
0.1,7,0.6,200,10,0.8,0.979180276,0.8963385,1.798721409,,0.22729198,0.964729653,
0.1,8,0.6,200,10,0.8,0.979180276,0.8963385,1.798721409,,0.22729198,0.964729653,
0.1,3,0.7,200,10,1,0.795695953,0.931551414,1.829291299,,0.227399607,0.964696242,
0.1,5,0.6,200,10,0.8,0.97877322,0.89642684,1.791225112,,0.227412124,0.964692356,
0.1,3,0.6,100,3,0.6,0.875952982,0.916726242,1.789246282,,0.22744343,0.964682634,
0.1,3,0.7,200,10,0.8,0.87460376,0.91729788,1.852507235,,0.227559135,0.964646691,
0.1,6,0.7,200,10,0.8,0.847747909,0.922298968,1.898051874,,0.227653232,0.964617448,
0.1,5,0.7,200,3,0.8,0.231458365,0.99415348,2.273488181,,0.227753274,0.964586344,
0.3,5,0.7,100,10,1,0.446924034,0.978313455,2.128263945,,0.227838794,0.964559743,
0.1,3,0.8,200,10,0.8,0.723730491,0.943392203,2.007382989,,0.227891253,0.964543421,
0.1,7,0.7,200,10,0.8,0.847740449,0.92230012,1.898072244,,0.227917145,0.964535364,
0.1,8,0.7,200,10,0.8,0.847740449,0.92230012,1.898072244,,0.227917145,0.964535364,
0.2,4,0.7,200,5,1,0.080745468,0.999283526,2.35229128,,0.227926447,0.964532469,
0.1,4,0.7,400,10,0.8,0.392771001,0.983295735,2.184371198,,0.228008968,0.964506782,
0.1,5,0.6,100,1,0.6,0.36320012,0.985432729,2.134472563,,0.228435693,0.964373805,
0.1,3,0.8,300,10,0.6,0.644283857,0.954978525,1.986476928,,0.228436926,0.96437342,
0.4,5,0.7,100,10,1,0.281274005,0.991396907,2.226464802,,0.228462522,0.964365436,
0.1,3,0.7,200,3,1,0.220095013,0.994712511,2.219074326,,0.228482148,0.964359314,
0.1,5,0.7,300,5,0.6,0.383165561,0.983939692,2.090807194,,0.228605563,0.9643208,
0.1,8,0.6,200,5,0.8,0.593224172,0.961772237,1.948228657,,0.228695358,0.964292766,
0.1,7,0.6,200,5,0.8,0.593204931,0.961774786,1.948203861,,0.228701702,0.964290785,
0.1,3,0.7,300,5,1,0.213999469,0.995006861,2.172783667,,0.228745042,0.964277249,
0.1,4,0.8,200,5,0.6,0.44432645,0.978515314,2.172769695,,0.228786594,0.96426427,
0.1,5,0.7,300,10,1,0.489978017,0.974051346,2.051636347,,0.228864566,0.964239908,
0.1,7,0.7,200,3,0.8,0.230324981,0.994207923,2.270163195,,0.228951494,0.964212738,
0.1,4,0.6,300,10,0.8,0.750245101,0.9390532,1.904457212,,0.229023264,0.964190297,
0.2,5,0.8,200,10,0.6,0.389685253,0.983396985,2.174839094,,0.229115552,0.964161432,
0.4,5,0.6,100,10,0.8,0.563635365,0.965140095,2.190922015,,0.229125969,0.964158173,
0.1,5,0.6,200,5,1,0.490444972,0.973941935,1.968891158,,0.229215393,0.96413019,
0.1,8,0.7,200,3,0.8,0.230286017,0.994210378,2.271563293,,0.229356984,0.964085861,
0.4,3,0.6,100,10,0.6,0.658889478,0.952544854,1.972978337,,0.229379547,0.964078795,
0.1,7,0.6,200,5,1,0.489519055,0.974038903,1.974235594,,0.229391943,0.964074912,
0.1,8,0.6,200,5,1,0.489401125,0.974052634,1.974150776,,0.229391943,0.964074912,
0.2,5,0.7,200,5,0.8,0.133375173,0.99804208,2.289076636,,0.229554933,0.964023843,
0.3,3,0.8,200,10,1,0.095772751,0.998991974,2.397052327,,0.229687579,0.963982254,
0.3,3,0.8,100,10,0.8,0.433134759,0.979635483,2.257226923,,0.229744668,0.963964347,
0.1,7,0.6,100,1,0.6,0.363508036,0.985409301,2.13883557,,0.229941116,0.963902694,
0.1,8,0.6,100,1,0.6,0.363508036,0.985409301,2.13883557,,0.229941116,0.963902694,
0.1,6,0.6,100,1,0.6,0.363952669,0.985384184,2.139604411,,0.229952375,0.963899159,
0.1,6,0.7,200,3,0.8,0.230314359,0.994209187,2.271967875,,0.230080257,0.963858995,
0.3,6,0.7,100,10,1,0.447058338,0.978292353,2.123562852,,0.23017606,0.963828891,
0.1,4,0.8,300,10,0.8,0.428378016,0.980144217,2.237211281,,0.230190854,0.963824242,
0.3,7,0.7,100,10,1,0.447175831,0.978282884,2.124065423,,0.230365996,0.963769172,
0.3,8,0.7,100,10,1,0.447194538,0.978281326,2.125347743,,0.230365996,0.963769172,
0.1,7,0.7,200,5,1,0.353652728,0.986453046,2.129472235,,0.230396806,0.96375948,
0.1,3,0.8,200,3,1,0.145153893,0.997681614,2.284232477,,0.230441922,0.963745285,
0.1,8,0.7,200,5,1,0.353798756,0.986441744,2.128551448,,0.230446736,0.963743771,
0.1,5,0.7,400,10,0.8,0.387682848,0.983722867,2.164297262,,0.230460472,0.963739448,
0.2,4,0.7,100,3,1,0.150120313,0.997536127,2.342899399,,0.230558325,0.963708649,
0.1,4,0.6,200,3,0.6,0.491400718,0.973471425,2.008011104,,0.230655896,0.963677926,
0.1,5,0.7,200,10,0.8,0.847703577,0.922303771,1.893334673,,0.230669456,0.963673656,
0.2,3,0.8,200,5,1,0.061967404,0.999574129,2.480200605,,0.230711373,0.963660452,
0.1,6,0.7,400,10,1,0.294631284,0.990614058,2.173001798,,0.231078506,0.963544705,
0.2,5,0.7,200,10,1,0.313495512,0.989348238,2.132080952,,0.231332661,0.963464469,
0.4,5,0.7,100,10,0.8,0.3646217,0.98552733,2.221425699,,0.231380668,0.963449304,
0.4,6,0.6,100,10,0.8,0.563142576,0.965188668,2.180914813,,0.231475702,0.963419273,
0.4,7,0.6,100,10,0.8,0.563128016,0.965190596,2.180864752,,0.231475702,0.963419273,
0.4,8,0.6,100,10,0.8,0.563128016,0.965190596,2.180864752,,0.231475702,0.963419273,
0.1,7,0.7,400,10,0.8,0.387317425,0.983753574,2.16022695,,0.231500396,0.963411468,
0.1,8,0.7,400,10,0.8,0.387317241,0.983753588,2.160227606,,0.231500396,0.963411468,
0.1,4,0.7,300,5,0.6,0.39076204,0.983295628,2.098920749,,0.231512666,0.963407589,
0.1,3,0.8,200,10,0.6,0.854588109,0.921029373,1.920606515,,0.231530228,0.963402037,
0.3,3,0.7,200,10,1,0.159591328,0.997215931,2.247066105,,0.231536808,0.963399957,
0.2,3,0.8,100,5,0.8,0.351735348,0.986514539,2.294288153,,0.231546105,0.963397018,
0.1,6,0.7,200,5,1,0.353684192,0.986450418,2.131769204,,0.231609824,0.963376869,
0.2,5,0.7,300,10,1,0.133230942,0.998075609,2.22180278,,0.231644109,0.963366026,
0.1,6,0.6,200,5,1,0.489715787,0.974018324,1.974800437,,0.231691372,0.963351075,
0.4,3,0.7,100,10,1,0.315924706,0.989154677,2.214404235,,0.231731838,0.963338272,
0.1,3,0.8,400,10,1,0.23194736,0.994145416,2.271666705,,0.231804199,0.963315373,
0.1,4,0.7,200,3,1,0.162723031,0.997109539,2.237698207,,0.231997727,0.963254093,
0.4,4,0.8,100,10,0.8,0.230038389,0.994246446,2.393621677,,0.232047357,0.963238369,
0.1,7,0.7,400,10,1,0.294519784,0.990621448,2.172004478,,0.232078121,0.963228621,
0.1,8,0.7,400,10,1,0.294506453,0.990622313,2.171986626,,0.232078121,0.963228621,
0.4,5,0.6,100,5,0.8,0.242909611,0.993328462,2.431981915,,0.232113445,0.963217427,
0.3,3,0.9,100,5,0.8,0.13219064,0.998044863,2.461874196,,0.232188821,0.963193533,
0.2,7,0.7,200,5,0.8,0.132079258,0.998076888,2.295022087,,0.232400931,0.963126256,
0.2,8,0.7,200,5,0.8,0.132057942,0.998076915,2.297129834,,0.232405416,0.963124832,
0.3,3,0.6,100,5,0.8,0.406544109,0.98172782,2.298780321,,0.232447159,0.963111584,
0.2,7,0.7,200,10,1,0.312363123,0.989426902,2.129475275,,0.232579621,0.96306953,
0.2,8,0.7,200,10,1,0.312363572,0.989426872,2.129478211,,0.232579621,0.96306953,
0.1,3,0.8,200,5,0.8,0.381145939,0.984216741,2.241379881,,0.232623386,0.96305563,
0.4,5,0.7,200,10,0.8,0.109166679,0.998671061,2.32675753,,0.232683276,0.963036605,
0.1,4,0.7,300,10,1,0.494178659,0.973609147,2.060572648,,0.232880013,0.962974072,
0.1,5,0.8,400,10,0.8,0.247776824,0.993353251,2.370587343,,0.23288425,0.962972725,
0.1,6,0.7,400,10,0.8,0.387105389,0.983771468,2.164504865,,0.232931551,0.962957682,
0.2,6,0.7,200,5,0.8,0.131346373,0.998100699,2.288056092,,0.232998282,0.962936455,
0.2,3,0.7,100,5,1,0.380041803,0.984319479,2.13286134,,0.233055921,0.962918115,
0.2,4,0.7,100,5,1,0.331787913,0.988038085,2.203115577,,0.233087838,0.962907958,
0.4,4,0.7,200,10,0.6,0.204858501,0.995284257,2.150227727,,0.233217167,0.962866786,
0.2,4,0.7,200,5,0.8,0.138311605,0.997895158,2.307245688,,0.233246908,0.962857314,
0.4,6,0.7,200,10,0.8,0.109689133,0.998656188,2.319789039,,0.233249053,0.962856631,
0.1,4,0.8,300,5,0.6,0.25871018,0.992679116,2.228659192,,0.23349072,0.962779623,
0.4,7,0.7,200,10,0.8,0.109896489,0.998649964,2.308103451,,0.23349358,0.962778712,
0.4,8,0.7,200,10,0.8,0.109779805,0.998651624,2.307272064,,0.23349358,0.962778712,
0.4,8,0.8,100,10,0.6,0.301695225,0.990112224,2.135672173,,0.233526667,0.962768162,
0.1,5,0.8,300,5,0.6,0.251218303,0.993089123,2.236188784,,0.233530317,0.962766998,
0.1,8,0.6,200,3,0.8,0.354590529,0.986200196,2.119390735,,0.233812364,0.962677007,
0.1,7,0.8,400,10,1,0.172755498,0.996777196,2.348237494,,0.23384973,0.962665077,
0.1,8,0.8,400,10,1,0.172765297,0.996776799,2.347789178,,0.23384973,0.962665077,
0.1,7,0.6,200,3,0.8,0.354591956,0.986200134,2.119391048,,0.233873352,0.962657534,
0.1,5,0.9,400,10,0.6,0.314329294,0.989247744,2.252199113,,0.233902886,0.962648102,
0.1,4,0.8,400,10,0.8,0.254136121,0.993010558,2.358661333,,0.234005978,0.962615169,
0.2,4,0.6,200,10,1,0.451540946,0.977899036,1.971698241,,0.234019499,0.962610849,
0.1,6,0.8,400,10,1,0.173097749,0.996764464,2.349760482,,0.234137391,0.962573168,
0.1,3,0.8,300,10,1,0.384717072,0.983979908,2.164745152,,0.234182055,0.962558888,
0.1,5,0.7,200,5,1,0.354296531,0.986400396,2.131005788,,0.234201666,0.962552617,
0.1,5,0.8,400,10,1,0.17417841,0.996723961,2.347965861,,0.234214702,0.962548448,
0.2,5,0.7,400,10,0.8,0.097307665,0.99896603,2.251121381,,0.23422509,0.962545126,
0.4,6,0.7,100,10,0.8,0.36652346,0.985361013,2.217694649,,0.234299546,0.96252131,
0.4,7,0.7,100,10,0.8,0.366425611,0.985367721,2.211880634,,0.234299546,0.96252131,
0.4,8,0.7,100,10,0.8,0.366344198,0.985373147,2.212272288,,0.234299546,0.96252131,
0.1,6,0.8,300,10,1,0.333836733,0.98796564,2.243107879,,0.234335393,0.96250984,
0.2,5,0.8,200,10,1,0.176198407,0.996641137,2.364174122,,0.23434126,0.962507963,
0.4,5,0.6,100,10,0.6,0.641788579,0.954830581,2.011289551,,0.234434688,0.962478062,
0.2,5,0.8,300,10,0.6,0.218589881,0.994746801,2.226725096,,0.234454527,0.962471711,
0.3,4,0.6,100,10,0.8,0.728657655,0.942275574,1.939002947,,0.234488369,0.962460877,
0.1,7,0.8,300,10,1,0.333434428,0.987994841,2.242162296,,0.234515285,0.962452258,
0.1,8,0.8,300,10,1,0.333442518,0.987994198,2.242156604,,0.234515285,0.962452258,
0.1,4,0.8,200,10,0.8,0.681308501,0.949837232,2.050829718,,0.234563573,0.962436794,
0.1,5,0.8,200,10,1,0.600783023,0.961003936,2.06441079,,0.23471333,0.962388814,
0.2,6,0.8,200,10,1,0.175463977,0.996668837,2.369990328,,0.234721075,0.962386332,
0.2,6,0.7,400,10,0.8,0.096363049,0.998985889,2.240613261,,0.234870187,0.962338527,
0.1,3,0.7,400,10,0.8,0.434117083,0.979579275,2.133497113,,0.234886283,0.962333365,
0.4,6,0.8,100,10,0.8,0.220754706,0.994694219,2.372420678,,0.234944506,0.962314689,
0.1,5,0.6,200,5,0.8,0.592847683,0.961823281,1.951934039,,0.234953853,0.96231169,
0.1,7,0.8,300,5,0.6,0.250840083,0.99310829,2.227658048,,0.235043561,0.962282905,
0.1,8,0.8,300,5,0.6,0.250904183,0.993104247,2.231388107,,0.235043561,0.962282905,
0.1,6,0.8,300,5,0.6,0.250922876,0.99310384,2.228084698,,0.235088339,0.962268533,
0.2,8,0.8,200,10,1,0.175120564,0.99668111,2.376482779,,0.235116224,0.962259582,
0.1,5,0.8,300,10,0.8,0.42217523,0.980716437,2.253582308,,0.235121449,0.962257904,
0.1,4,0.6,200,5,0.8,0.599734993,0.960932323,1.937253347,,0.235127273,0.962256034,
0.1,5,0.8,300,10,1,0.334565298,0.987913532,2.241084212,,0.235232238,0.962222328,
0.2,7,0.7,300,10,1,0.132429513,0.9980981,2.21740433,,0.235288879,0.962204133,
0.2,8,0.7,300,10,1,0.13243061,0.998098068,2.217489773,,0.235288879,0.962204133,
0.1,5,0.9,200,10,0.6,0.696831556,0.947434476,2.044035928,,0.235293549,0.962202632,
0.2,7,0.7,400,10,0.8,0.096091402,0.998990475,2.239606397,,0.235385917,0.962172951,
0.2,8,0.7,400,10,0.8,0.096062742,0.998991036,2.240545155,,0.235385917,0.962172951,
0.2,3,0.7,100,5,0.8,0.468788532,0.976100581,2.139002832,,0.235391728,0.962171083,
0.1,4,0.6,200,5,1,0.495788642,0.973377899,1.966106861,,0.235505408,0.962134536,
0.2,5,0.8,400,10,0.6,0.114436787,0.998550209,2.271101387,,0.235519925,0.962129868,
0.1,4,0.9,300,10,0.6,0.479439088,0.975072006,2.155255124,,0.235554565,0.962118727,
0.2,7,0.8,200,10,1,0.175083983,0.996682484,2.376581097,,0.235641504,0.962090759,
0.1,5,0.8,200,5,0.6,0.43618957,0.979261567,2.17886357,,0.235662217,0.962084094,
0.4,4,0.6,100,10,0.6,0.644100498,0.954489095,2.005768365,,0.235763316,0.962051556,
0.1,4,0.7,200,10,0.8,0.850708429,0.921766733,1.88562289,,0.235775301,0.962047697,
0.1,5,0.8,200,5,0.8,0.293498093,0.990652733,2.290956849,,0.235780647,0.962045976,
0.1,3,0.6,400,10,1,0.46781825,0.976314545,1.980391512,,0.235815456,0.962034769,
0.2,5,0.7,100,3,1,0.143611558,0.997742907,2.375472652,,0.235820195,0.962033243,
0.4,7,0.8,100,10,0.8,0.221027211,0.994678463,2.385053137,,0.235883806,0.962012758,
0.4,8,0.8,100,10,0.8,0.221004,0.994679437,2.384920129,,0.235883806,0.962012758,
0.1,4,0.9,400,10,0.6,0.318350957,0.988981283,2.228702023,,0.235912599,0.962003483,
0.4,6,0.7,200,10,0.6,0.199232597,0.995538342,2.139773646,,0.236010953,0.961971794,
0.1,3,0.7,400,10,0.6,0.600380199,0.960810953,1.96445764,,0.236012295,0.961971362,
0.3,7,0.7,200,10,1,0.131794018,0.998098417,2.292037832,,0.236117482,0.961937457,
0.3,8,0.7,200,10,1,0.131969955,0.99809379,2.293139802,,0.236117482,0.961937457,
0.1,4,0.7,400,10,1,0.300129658,0.990262127,2.187062504,,0.236187399,0.961914912,
0.1,5,0.9,300,10,0.6,0.475086073,0.975509719,2.176873996,,0.236203088,0.961909852,
0.1,6,0.8,400,10,0.8,0.24729502,0.993378158,2.371309722,,0.2362434,0.96189685,
0.1,7,0.8,200,10,1,0.60007764,0.961093084,2.058394059,,0.236244887,0.96189637,
0.1,8,0.8,200,10,1,0.600077698,0.961093065,2.058396324,,0.236244887,0.96189637,
0.1,5,0.8,200,5,1,0.213470266,0.995073454,2.313668052,,0.236292166,0.961881117,
0.4,7,0.7,200,10,0.6,0.199245873,0.995538119,2.139585802,,0.236302028,0.961877935,
0.4,8,0.7,200,10,0.6,0.199245873,0.995538119,2.139585802,,0.236302028,0.961877935,
0.4,4,0.8,100,10,1,0.173197262,0.996741717,2.369883062,,0.236370465,0.961855851,
0.2,7,0.8,300,10,0.6,0.217541539,0.99479566,2.218057329,,0.236378758,0.961853174,
0.2,8,0.8,300,10,0.6,0.21754236,0.994795626,2.218054408,,0.236378758,0.961853174,
0.3,3,0.8,100,10,1,0.36430452,0.985588488,2.216420508,,0.236428037,0.961837267,
0.3,8,0.7,100,5,0.8,0.207131329,0.995304678,2.395496989,,0.236474072,0.961822404,
0.1,5,0.7,300,5,0.8,0.242700224,0.993593139,2.26411576,,0.236579615,0.961788318,
0.4,4,0.7,100,10,0.8,0.367695367,0.985262368,2.227481225,,0.236600046,0.961781718,
0.4,5,0.8,100,10,0.8,0.221861654,0.994642215,2.384560326,,0.236619381,0.961775471,
0.1,6,0.8,200,5,0.6,0.435837935,0.979295357,2.175231918,,0.236669998,0.961759116,
0.4,5,0.7,200,10,0.6,0.199960095,0.995511923,2.14732364,,0.236678348,0.961756417,
0.1,6,0.6,400,10,1,0.436290616,0.979406504,1.980906675,,0.236708393,0.961746707,
0.4,6,0.6,100,10,0.6,0.641424348,0.954886029,2.006497918,,0.236738074,0.961737113,
0.4,7,0.6,100,10,0.6,0.641426317,0.954885717,2.006416141,,0.236738074,0.961737113,
0.4,8,0.6,100,10,0.6,0.641426317,0.954885717,2.006416141,,0.236738074,0.961737113,
0.1,7,0.8,200,5,0.6,0.435857256,0.979293746,2.175365656,,0.236751217,0.961732864,
0.1,8,0.8,200,5,0.6,0.435960998,0.979282613,2.174774378,,0.236751217,0.961732864,
0.2,3,0.7,300,10,1,0.163479322,0.997092392,2.209399963,,0.236781393,0.961723109,
0.1,6,0.8,200,10,1,0.600133114,0.961085928,2.05685544,,0.236786748,0.961721378,
0.1,3,0.8,400,5,1,0.066430738,0.999504534,2.415307315,,0.236908829,0.961681897,
0.2,3,0.8,100,5,1,0.285422529,0.991119489,2.33538787,,0.237057692,0.961633727,
0.3,4,0.8,200,10,1,0.058852293,0.999623904,2.430524701,,0.237060379,0.961632857,
0.2,3,0.8,100,10,0.8,0.687249538,0.94888105,2.055132985,,0.237194009,0.96158959,
0.2,6,0.7,100,10,0.8,0.808813235,0.929173914,1.874132381,,0.237251246,0.96157105,
0.2,7,0.7,100,10,0.8,0.808787185,0.929178033,1.873908759,,0.237251246,0.96157105,
0.2,8,0.7,100,10,0.8,0.808787185,0.929178033,1.873908759,,0.237251246,0.96157105,
0.1,6,0.6,100,3,0.6,0.82806837,0.925587459,1.818807946,,0.237281426,0.961561272,
0.1,7,0.6,100,3,0.6,0.828018556,0.925596657,1.818853931,,0.237281426,0.961561272,
0.1,8,0.6,100,3,0.6,0.828018556,0.925596657,1.818853931,,0.237281426,0.961561272,
0.1,5,0.8,200,10,0.8,0.676668152,0.950512875,2.067489559,,0.237328857,0.961545904,
0.1,4,0.8,300,10,1,0.339164073,0.987576101,2.229768509,,0.237349493,0.961539216,
0.1,4,0.8,200,10,1,0.603828865,0.960608151,2.063466206,,0.237405435,0.961521084,
0.1,4,0.6,400,10,1,0.439900277,0.979066358,1.989713946,,0.23748665,0.961494753,
0.1,6,0.7,300,5,0.8,0.242052105,0.993625292,2.26437922,,0.237512483,0.961486375,
0.1,5,0.6,400,10,1,0.436672616,0.979370688,1.98238338,,0.237535983,0.961478754,
0.3,5,0.6,100,5,0.8,0.378600055,0.984070994,2.293039934,,0.237560922,0.961470664,
0.1,8,0.8,400,10,0.8,0.247035693,0.993391315,2.373416612,,0.237595895,0.961459319,
0.2,4,0.7,300,10,1,0.136020357,0.997993843,2.226424189,,0.237635602,0.961446437,
0.1,7,0.9,400,10,0.6,0.313830864,0.989281583,2.250880539,,0.237644392,0.961443584,
0.1,8,0.9,400,10,0.6,0.313827857,0.989281771,2.250884354,,0.237650633,0.961441559,
0.1,5,0.6,100,3,0.6,0.828157395,0.925572395,1.818963231,,0.237662225,0.961437797,
0.4,6,0.7,100,10,1,0.280827448,0.99141836,2.230646523,,0.237672556,0.961434445,
0.1,4,0.7,300,5,0.8,0.251003235,0.993149086,2.271047266,,0.237680262,0.961431944,
0.2,6,0.8,300,10,0.6,0.21772931,0.994787755,2.217979634,,0.237732683,0.96141493,
0.1,7,0.8,400,10,0.8,0.247069893,0.993389953,2.372585261,,0.237739793,0.961412622,
0.1,3,0.8,200,5,1,0.29357108,0.990642455,2.261299252,,0.237768505,0.9614033,
0.2,6,0.7,200,10,1,0.31215687,0.98944056,2.130284825,,0.237777847,0.961400267,
0.1,6,0.9,400,10,0.6,0.31392553,0.989275552,2.253764957,,0.237860845,0.961373316,
0.4,7,0.7,100,10,1,0.280993896,0.991408625,2.232377233,,0.237891052,0.961363504,
0.4,8,0.7,100,10,1,0.281033876,0.991406406,2.233567746,,0.237891052,0.961363504,
0.1,6,0.8,300,10,0.8,0.421885301,0.98073986,2.252549985,,0.237897402,0.961361442,
0.3,6,0.6,100,5,0.8,0.37778571,0.984156485,2.284701631,,0.238022819,0.961320691,
0.1,3,0.8,300,5,1,0.140113746,0.997836555,2.361556405,,0.23805574,0.961309991,
0.2,6,0.7,100,5,0.8,0.408792077,0.98185687,2.159346471,,0.238088807,0.961299242,
0.3,7,0.6,100,5,0.8,0.377625036,0.984170832,2.285540805,,0.238108048,0.961292986,
0.3,8,0.6,100,5,0.8,0.377620401,0.984171253,2.285536931,,0.238108048,0.961292986,
0.1,5,0.7,200,3,1,0.155300883,0.997371489,2.252278158,,0.238128945,0.961286192,
0.1,7,0.6,400,10,1,0.43626782,0.979408382,1.981418395,,0.238130239,0.961285771,
0.1,8,0.6,400,10,1,0.436267834,0.979408381,1.981418515,,0.238130239,0.961285771,
0.1,4,0.8,400,10,1,0.17867864,0.996551251,2.349267194,,0.238141921,0.961281973,
0.1,7,0.8,300,10,0.8,0.422057775,0.980724153,2.253046596,,0.238184276,0.961268199,
0.1,8,0.8,300,10,0.8,0.422080827,0.98072259,2.253601814,,0.238184276,0.961268199,
0.2,3,0.7,300,10,0.6,0.386959455,0.983567092,2.040875809,,0.238255094,0.961245164,
0.2,5,0.7,100,5,0.8,0.411722318,0.981602968,2.153561586,,0.238299133,0.961230836,
0.3,5,0.7,200,10,1,0.132673198,0.998073099,2.294101106,,0.238328575,0.961221255,
0.3,6,0.7,200,10,1,0.132091743,0.998089844,2.292529786,,0.238337199,0.961218449,
0.1,3,0.7,200,3,0.8,0.307695482,0.989615997,2.201380977,,0.238533219,0.961154631,
0.2,3,0.8,100,3,0.8,0.189523394,0.996049908,2.409877518,,0.238579894,0.961139427,
0.3,6,0.8,100,10,0.8,0.373519559,0.984869163,2.308640847,,0.238595486,0.961134348,
0.2,4,0.7,200,10,1,0.315988976,0.989180747,2.135055447,,0.238650315,0.961116483,
0.3,4,0.7,100,5,0.8,0.215362155,0.994940109,2.342180418,,0.23881179,0.961063847,
0.2,6,0.7,200,5,1,0.075739979,0.999369101,2.350686343,,0.238938415,0.961022546,
0.2,7,0.8,400,10,0.6,0.113185304,0.998582234,2.260756949,,0.238966297,0.961013448,
0.2,8,0.8,400,10,0.6,0.11318782,0.998582181,2.260890284,,0.238966297,0.961013448,
0.4,6,0.8,100,10,0.6,0.301716799,0.990110936,2.135914928,,0.238978714,0.961009397,
0.1,8,0.7,300,5,0.8,0.241954866,0.99362973,2.265768723,,0.239000069,0.961002428,
0.1,7,0.7,300,5,0.8,0.242206899,0.993616873,2.263944076,,0.239004926,0.961000843,
0.4,7,0.8,100,10,1,0.165507334,0.997023231,2.349599758,,0.239035625,0.960990824,
0.4,8,0.8,100,10,1,0.165536799,0.997022228,2.347595239,,0.239035625,0.960990824,
0.1,4,0.6,200,3,1,0.274081247,0.991790195,2.111548773,,0.239037346,0.960990262,
0.2,5,0.7,100,10,0.8,0.808808714,0.929173747,1.876310245,,0.239080081,0.960976313,
0.2,6,0.7,200,5,0.6,0.226664682,0.994308403,2.182329016,,0.239089469,0.960973248,
0.4,7,0.8,100,10,0.6,0.301695225,0.990112224,2.135672173,,0.239101484,0.960969325,
0.2,6,0.7,100,3,1,0.142721918,0.997773804,2.375815654,,0.239108673,0.960966978,
0.2,7,0.7,200,5,0.6,0.226533559,0.99431311,2.183829056,,0.239109553,0.960966691,
0.2,8,0.7,200,5,0.6,0.226533559,0.99431311,2.183829056,,0.239109553,0.960966691,
0.3,7,0.7,100,5,0.8,0.207441932,0.995290215,2.395887354,,0.239137085,0.960957702,
0.1,5,0.6,200,3,0.8,0.356604119,0.986044663,2.119682344,,0.239179159,0.960943962,
0.1,8,0.8,200,5,1,0.212050577,0.995138994,2.317781338,,0.239233361,0.960926259,
0.4,4,0.6,100,5,0.8,0.251015639,0.992858223,2.418733628,,0.239288842,0.960908133,
0.1,6,0.9,200,10,0.6,0.696452734,0.947487016,2.04208398,,0.239290733,0.960907515,
0.1,7,0.9,200,10,0.6,0.696432512,0.947489808,2.041856707,,0.239290733,0.960907515,
0.1,8,0.9,200,10,0.6,0.696432408,0.947489822,2.041855098,,0.239290733,0.960907515,
0.3,6,0.8,200,10,0.8,0.099608821,0.99891303,2.474202538,,0.239322352,0.960897183,
0.2,5,0.7,200,5,0.6,0.226276163,0.994330636,2.181625405,,0.239325466,0.960896166,
0.1,4,0.8,300,5,1,0.081713518,0.999276052,2.42183941,,0.239337823,0.960892128,
0.3,7,0.8,100,10,0.8,0.373584726,0.984862995,2.304123903,,0.239411545,0.960868032,
0.3,8,0.8,100,10,0.8,0.373682724,0.984855542,2.303965384,,0.239411545,0.960868032,
0.1,4,0.6,200,3,0.8,0.365556892,0.985343336,2.100915148,,0.239421994,0.960864616,
0.3,3,0.9,100,10,0.8,0.355104075,0.986315275,2.328738624,,0.239450923,0.960855158,
0.1,3,0.9,300,10,0.8,0.40844092,0.981760025,2.233174592,,0.23951424,0.960834453,
0.4,5,0.7,200,10,1,0.058947851,0.999615044,2.3548788,,0.239540425,0.960825889,
0.2,4,0.6,100,5,0.8,0.603923965,0.960213591,2.107624152,,0.23961173,0.960802564,
0.1,6,0.8,200,5,0.8,0.292329059,0.990726148,2.291415879,,0.239618634,0.960800305,
0.1,7,0.8,200,5,1,0.212005006,0.995140944,2.31773291,,0.239666892,0.960784514,
0.1,6,0.9,300,10,0.6,0.474872201,0.975530867,2.174521192,,0.239684444,0.96077877,
0.1,5,0.9,200,10,0.8,0.55037312,0.967247153,2.143735408,,0.239687646,0.960777722,
0.1,7,0.9,300,10,0.6,0.474852231,0.975532774,2.174299433,,0.239694479,0.960775486,
0.1,8,0.9,300,10,0.6,0.474848973,0.975533085,2.174297586,,0.239694479,0.960775486,
0.2,3,0.8,300,10,1,0.100806286,0.998880876,2.376872206,,0.239710823,0.960770136,
0.2,6,0.7,300,10,1,0.132435362,0.998098314,2.219632203,,0.239866279,0.960719237,
0.2,3,0.7,100,3,1,0.203414079,0.995466041,2.313911081,,0.239868025,0.960718665,
0.4,4,0.8,200,10,0.8,0.04517895,0.999776041,2.508834118,,0.239904129,0.96070684,
0.2,7,0.7,200,5,1,0.075801301,0.999368263,2.346551241,,0.239925452,0.960699854,
0.2,8,0.7,200,5,1,0.075801384,0.999368262,2.346541138,,0.239925452,0.960699854,
0.1,5,0.8,400,5,0.6,0.137149825,0.997930148,2.282433236,,0.239929772,0.960698439,
0.3,4,0.6,100,10,1,0.649356996,0.95416864,1.878927163,,0.240051952,0.960658402,
0.3,6,0.7,100,5,0.6,0.285867124,0.991102186,2.157315179,,0.240222974,0.960602325,
0.2,4,0.8,200,10,0.6,0.397042468,0.982786946,2.173585593,,0.240497405,0.960512258,
0.3,4,0.8,200,10,0.8,0.104864568,0.998798216,2.487595061,,0.240505217,0.960509692,
0.2,3,0.8,200,10,0.8,0.314388443,0.989254142,2.286085421,,0.24051203,0.960507455,
0.1,4,0.8,200,5,1,0.220516071,0.994744184,2.323270315,,0.24057791,0.960485817,
0.3,5,0.8,200,10,0.8,0.100595807,0.998893091,2.470867837,,0.240608776,0.960475677,
0.2,6,0.7,100,5,1,0.324557182,0.988546005,2.210852766,,0.240636143,0.960466685,
0.2,5,0.8,300,10,1,0.058272737,0.999632852,2.429795915,,0.240645595,0.960463579,
0.4,5,0.8,100,10,1,0.166415313,0.996990126,2.342811981,,0.24075672,0.960427057,
0.3,7,0.7,100,5,0.6,0.285920297,0.991099303,2.157352268,,0.240833495,0.960401814,
0.3,8,0.7,100,5,0.6,0.285920297,0.991099303,2.157352268,,0.240833495,0.960401814,
0.1,5,0.8,300,5,1,0.075960842,0.999375214,2.395232717,,0.240839059,0.960399984,
0.2,5,0.7,200,5,1,0.076397397,0.999358634,2.357709402,,0.240862261,0.960392354,
0.3,4,0.8,200,10,0.6,0.20259497,0.995482816,2.230114045,,0.240941618,0.96036625,
0.2,4,0.7,400,10,0.8,0.100539055,0.998896557,2.262352707,,0.241027585,0.960337963,
0.4,4,0.8,100,10,0.6,0.308709601,0.989642941,2.112315641,,0.24104316,0.960332837,
0.2,6,0.8,400,10,0.6,0.113316812,0.998579361,2.260995889,,0.241092755,0.960316512,
0.1,4,0.8,400,5,0.6,0.143113501,0.997747677,2.294619793,,0.241127318,0.960305133,
0.1,4,0.6,100,3,0.6,0.832923435,0.924735298,1.820764423,,0.24114876,0.960298073,
0.2,3,0.9,100,5,0.8,0.293157299,0.990611402,2.390648724,,0.241188898,0.960284856,
0.3,5,0.8,100,10,0.8,0.374510079,0.984793521,2.301160166,,0.241192219,0.960283762,
0.2,5,0.8,100,5,1,0.204574342,0.995455676,2.337320382,,0.241257793,0.960262164,
0.1,3,0.8,300,3,1,0.051739437,0.999698024,2.338327015,,0.241276645,0.960255953,
0.1,8,0.8,200,5,0.8,0.292100157,0.990740093,2.290812725,,0.241286356,0.960252754,
0.2,6,0.6,100,5,0.8,0.597983955,0.961024011,2.120985077,,0.241325827,0.960239749,
0.1,6,0.6,200,3,0.8,0.355305313,0.986142383,2.120588222,,0.24137713,0.960222842,
0.3,3,0.7,100,5,0.8,0.254464992,0.992922559,2.315419706,,0.241389165,0.960218875,
0.4,7,0.7,100,5,1,0.066263522,0.999516543,2.39062559,,0.241413807,0.960210753,
0.1,6,0.7,200,3,1,0.153987788,0.997416841,2.251055593,,0.241521258,0.960175325,
0.2,7,0.7,100,3,1,0.14265738,0.997776324,2.374710755,,0.241586108,0.960153936,
0.2,8,0.7,100,3,1,0.142651721,0.997776488,2.37361812,,0.241586108,0.960153936,
0.1,6,0.8,400,5,0.6,0.136900054,0.997936776,2.270277991,,0.241607653,0.960146828,
0.1,7,0.8,200,3,0.6,0.225470444,0.994429262,2.243165209,,0.24161455,0.960144553,
0.1,8,0.8,200,3,0.6,0.225469627,0.9944293,2.243073239,,0.24161455,0.960144553,
0.1,5,0.8,200,3,0.6,0.226331462,0.994387569,2.251229941,,0.241662201,0.960128831,
0.2,6,0.8,300,10,1,0.05762377,0.999640664,2.434668953,,0.241723657,0.96010855,
0.1,7,0.8,200,5,0.8,0.292131734,0.990738141,2.290453071,,0.241770881,0.960092962,
0.1,6,0.8,200,3,0.6,0.225482775,0.994428798,2.243456572,,0.241800549,0.960083167,
0.3,4,0.7,100,5,1,0.153977644,0.99741333,2.294586189,,0.241805585,0.960081504,
0.4,6,0.8,100,10,1,0.165723829,0.997013938,2.351578625,,0.241832491,0.96007262,
0.1,3,0.6,400,10,0.8,0.569825846,0.96484249,1.968070896,,0.241843256,0.960069065,
0.2,3,0.9,100,1,0.6,0.03941856,0.999822539,2.272150929,,0.241860246,0.960063455,
0.2,6,0.6,100,3,0.8,0.363344501,0.985369722,2.292147578,,0.241868984,0.960060569,
0.1,7,0.8,400,5,0.6,0.136820276,0.997938786,2.270377501,,0.241936677,0.96003821,
0.1,8,0.8,400,5,0.6,0.136846818,0.997937852,2.273656413,,0.241936677,0.96003821,
0.3,8,0.8,200,10,0.8,0.09965755,0.998912385,2.465119967,,0.241943584,0.960035928,
0.2,3,0.7,200,3,1,0.03816441,0.999834803,2.390966633,,0.24194619,0.960035067,
0.2,7,0.6,100,3,0.8,0.362739574,0.985419292,2.288030767,,0.241969479,0.960027373,
0.2,8,0.6,100,3,0.8,0.362715544,0.985421259,2.28803254,,0.241969479,0.960027373,
0.2,8,0.6,100,5,0.8,0.598264494,0.960991528,2.123302006,,0.242001632,0.960016749,
0.2,7,0.6,100,5,0.8,0.598264966,0.960991467,2.123315291,,0.242036329,0.960005283,
0.2,8,0.8,300,10,1,0.05735282,0.999643934,2.44089363,,0.242062648,0.959996584,
0.2,5,0.8,200,5,0.6,0.1213601,0.998369965,2.274358818,,0.242103756,0.959982996,
0.2,3,0.6,100,3,0.6,0.485757572,0.974073147,2.009135802,,0.242130496,0.959974156,
0.1,6,0.8,200,5,1,0.212243995,0.995129737,2.316030586,,0.242183558,0.959956611,
0.1,5,0.7,400,10,1,0.295502673,0.990558383,2.167112397,,0.242284979,0.959923066,
0.1,5,0.9,300,10,0.8,0.299441534,0.990295924,2.325320208,,0.24241402,0.959880364,
0.1,8,0.7,200,3,1,0.15392431,0.997418486,2.250540817,,0.242434147,0.959873702,
0.1,7,0.7,200,3,1,0.153781337,0.997423767,2.252962941,,0.242454578,0.959866938,
0.2,7,0.8,300,10,1,0.05739399,0.999643411,2.440400863,,0.242472464,0.959861017,
0.1,6,0.7,200,10,1,0.771148201,0.935722488,1.866597602,,0.242526602,0.959843091,
0.1,3,0.6,200,3,0.6,0.544965171,0.967380613,2.005924812,,0.242527787,0.959842698,
0.1,7,0.7,200,10,1,0.771201023,0.935714503,1.867116267,,0.242587526,0.959822913,
0.1,8,0.7,200,10,1,0.771200683,0.935714555,1.867099756,,0.242587526,0.959822913,
0.2,7,0.7,100,5,0.8,0.408565138,0.981874935,2.157529572,,0.2427535,0.959767917,
0.2,8,0.7,100,5,0.8,0.408553115,0.981876074,2.157646308,,0.2427535,0.959767917,
0.1,7,0.6,200,3,1,0.264890671,0.992341176,2.117316387,,0.242810344,0.959749073,
0.1,8,0.6,200,3,1,0.264980252,0.992335635,2.117582224,,0.242810344,0.959749073,
0.3,3,0.6,100,5,1,0.306857089,0.989668123,2.194808864,,0.242837489,0.959740073,
0.4,3,0.7,100,10,0.6,0.494689637,0.97336223,2.004311808,,0.24303667,0.959674002,
0.4,4,0.7,200,10,1,0.060979842,0.999588719,2.376491921,,0.24306882,0.959663332,
0.4,6,0.7,100,5,1,0.066085806,0.999519531,2.392497035,,0.243082619,0.959658752,
0.1,4,0.9,300,10,0.8,0.30436923,0.989977442,2.321191469,,0.24310654,0.959650812,
0.1,4,0.6,400,10,0.6,0.717016663,0.944179827,1.91724866,,0.243158716,0.959633491,
0.2,5,0.6,200,10,1,0.448469349,0.978196737,1.983020389,,0.243182948,0.959625445,
0.3,7,0.8,200,10,0.8,0.099495778,0.998915108,2.465464333,,0.243367559,0.959564121,
0.2,4,0.6,100,3,0.8,0.373509194,0.984562949,2.301175037,,0.243376531,0.95956114,
0.1,7,0.9,300,10,0.8,0.298784667,0.990338848,2.330787608,,0.243460205,0.959533329,
0.1,8,0.9,300,10,0.8,0.298740523,0.990341341,2.329936931,,0.243460205,0.959533329,
0.3,3,0.8,300,10,1,0.028402837,0.999908736,2.436124878,,0.243494859,0.959521808,
0.1,7,0.9,200,10,0.8,0.549895765,0.967305637,2.150910198,,0.243520793,0.959513185,
0.1,8,0.9,200,10,0.8,0.549868429,0.967308573,2.150748342,,0.243520793,0.959513185,
0.4,8,0.7,100,5,1,0.066116383,0.999518782,2.390600705,,0.243574994,0.959495161,
0.3,5,0.7,100,5,1,0.145516008,0.997689436,2.32252063,,0.243637535,0.959474358,
0.1,5,0.6,400,10,0.6,0.715876305,0.944345041,1.912949965,,0.243663089,0.959465856,
0.1,6,0.9,300,10,0.8,0.29862414,0.990349066,2.329809839,,0.243666285,0.959464793,
0.1,6,0.6,400,10,0.6,0.715826887,0.944344263,1.910160692,,0.243666353,0.95946477,
0.1,4,0.6,100,1,0.6,0.373262082,0.984640088,2.127214155,,0.243683347,0.959459116,
0.2,4,0.7,100,3,0.6,0.286070884,0.991058243,2.141690522,,0.243692939,0.959455924,
0.1,7,0.6,400,10,0.6,0.715819856,0.944345304,1.91015938,,0.243716719,0.959448011,
0.1,8,0.6,400,10,0.6,0.715819856,0.944345304,1.91015938,,0.243716719,0.959448011,
0.4,5,0.7,100,5,1,0.067697868,0.999494626,2.388396123,,0.243808416,0.959417491,
0.4,4,0.7,100,5,1,0.070557931,0.9994514,2.389848823,,0.243859936,0.959400337,
0.1,4,0.8,200,3,0.6,0.233848645,0.994029146,2.252416789,,0.243990114,0.95935698,
0.1,6,0.9,200,10,0.8,0.549885373,0.967306721,2.1508338,,0.244014269,0.959348932,
0.3,4,0.8,100,10,1,0.315032906,0.989241791,2.250006208,,0.244043409,0.959339222,
0.4,6,0.7,100,10,0.6,0.462770883,0.976634673,2.027270393,,0.244054197,0.959335627,
0.2,7,0.6,200,10,1,0.448109098,0.978224032,1.987166034,,0.244124914,0.959312058,
0.2,8,0.6,200,10,1,0.448109098,0.978224032,1.987166034,,0.244124914,0.959312058,
0.2,6,0.6,200,10,1,0.448069547,0.978226323,1.985509904,,0.244130685,0.959310135,
0.3,3,0.8,100,5,0.8,0.17103445,0.996781927,2.495072933,,0.244145186,0.959305301,
0.3,8,0.8,100,5,1,0.067291163,0.999505796,2.424875269,,0.244147644,0.959304481,
0.3,6,0.8,200,10,0.6,0.197283554,0.995711775,2.221418435,,0.244156912,0.959301392,
0.3,7,0.8,200,10,0.6,0.197400984,0.995706603,2.222610498,,0.244156912,0.959301392,
0.3,8,0.8,200,10,0.6,0.197400984,0.995706603,2.222610498,,0.244156912,0.959301392,
0.2,6,0.8,200,5,0.6,0.120323394,0.998396539,2.271536538,,0.244212782,0.959282763,
0.1,3,0.7,300,5,0.8,0.299588832,0.99019228,2.20351431,,0.244213479,0.959282531,
0.3,6,0.7,100,5,1,0.145514773,0.997688125,2.317553597,,0.244241908,0.95927305,
0.1,7,0.7,400,5,0.6,0.239034735,0.993698718,2.147098133,,0.244273996,0.959262349,
0.1,8,0.7,400,5,0.6,0.239034707,0.993698719,2.147098133,,0.244273996,0.959262349,
0.1,6,0.8,200,10,0.8,0.676440971,0.950542101,2.066857213,,0.244274243,0.959262266,
0.1,5,0.8,300,5,0.8,0.131297992,0.99812407,2.373462507,,0.244300956,0.959253356,
0.2,5,0.6,100,5,0.8,0.599011005,0.960898512,2.122905509,,0.244330136,0.959243621,
0.3,5,0.8,100,5,0.6,0.15961393,0.997217701,2.173971429,,0.244372778,0.959229394,
0.3,5,0.7,100,5,0.8,0.208240427,0.995265082,2.378334688,,0.244373819,0.959229047,
0.4,6,0.7,100,5,0.8,0.106538209,0.99873234,2.554076793,,0.244452564,0.959202767,
0.4,4,0.7,100,10,1,0.285104937,0.991155491,2.243806856,,0.244486571,0.959191415,
0.3,4,0.6,100,5,0.8,0.381947648,0.983756919,2.300372944,,0.244548061,0.959170885,
0.1,4,0.7,200,10,1,0.773772983,0.935292813,1.865422154,,0.244548687,0.959170676,
0.3,7,0.7,100,5,1,0.14538168,0.997693443,2.318448299,,0.244557902,0.959167599,
0.3,8,0.7,100,5,1,0.145312792,0.997695951,2.31755347,,0.244557902,0.959167599,
0.2,7,0.8,200,5,0.6,0.120209323,0.998399524,2.271588335,,0.244564977,0.959165237,
0.2,8,0.8,200,5,0.6,0.120206674,0.998399572,2.27192744,,0.244564977,0.959165237,
0.1,3,0.9,400,10,0.8,0.264606179,0.992282213,2.302351514,,0.244565436,0.959165083,
0.1,3,0.7,400,10,1,0.338348666,0.987602565,2.139526578,,0.244568848,0.959163944,
0.1,6,0.6,200,3,1,0.265139617,0.992327257,2.115615412,,0.244594134,0.9591555,
0.1,7,0.8,200,10,0.8,0.676615945,0.950516666,2.067907626,,0.244622987,0.959145863,
0.1,8,0.8,200,10,0.8,0.676615334,0.950516753,2.067906136,,0.244622987,0.959145863,
0.2,5,0.6,100,3,0.8,0.364359872,0.985296155,2.294623972,,0.244646256,0.95913809,
0.3,4,0.7,200,5,0.8,0.042639442,0.999796388,2.415351519,,0.244709847,0.959116845,
0.2,5,0.8,100,5,0.6,0.343757065,0.987157762,2.155103395,,0.244753987,0.959102095,
0.3,7,0.8,100,5,1,0.067244786,0.999506539,2.425058598,,0.244834092,0.95907532,
0.4,5,0.8,100,10,0.6,0.301803227,0.990103632,2.108932784,,0.244933554,0.959042062,
0.1,4,0.8,400,5,1,0.028720224,0.999909801,2.465389395,,0.244967201,0.959030808,
0.4,5,0.8,200,10,0.8,0.041223494,0.999812319,2.477287205,,0.24503032,0.959009693,
0.1,5,0.9,400,10,0.8,0.15918493,0.997255999,2.419106761,,0.245112742,0.958982112,
0.4,4,0.9,100,10,0.6,0.22552627,0.994477201,2.265708337,,0.245175254,0.958961188,
0.4,6,0.8,200,10,0.8,0.04025507,0.999820194,2.464162672,,0.245193036,0.958955235,
0.4,6,0.7,200,10,1,0.058759986,0.999616801,2.354820283,,0.245199513,0.958953066,
0.3,3,0.8,100,5,1,0.13028115,0.998132987,2.417811025,,0.245243199,0.958938439,
0.2,3,0.9,200,10,0.8,0.256075254,0.992808487,2.368927682,,0.245244269,0.95893808,
0.2,3,0.7,100,3,0.8,0.27375158,0.991781076,2.306143219,,0.24529173,0.958922186,
0.3,6,0.6,100,5,1,0.275941148,0.99160833,2.234480268,,0.24529954,0.95891957,
0.3,7,0.6,100,5,1,0.274914094,0.991663384,2.235476843,,0.24529954,0.95891957,
0.3,8,0.6,100,5,1,0.274912536,0.991663495,2.23547732,,0.24529954,0.95891957,
0.2,6,0.6,100,10,0.8,0.974007975,0.897220425,1.74145948,,0.245322069,0.958912024,
0.2,7,0.6,100,10,0.8,0.974008092,0.8972204,1.741458646,,0.245322069,0.958912024,
0.2,8,0.6,100,10,0.8,0.974008092,0.8972204,1.741458646,,0.245322069,0.958912024,
0.2,5,0.8,200,5,1,0.026197784,0.999925392,2.459027285,,0.245370067,0.958895944,
0.1,4,0.9,200,10,0.6,0.700705179,0.946871871,2.02719623,,0.245486444,0.958856944,
0.2,5,0.6,100,10,0.8,0.974276142,0.897158075,1.744610137,,0.24561179,0.958814918,
0.1,6,0.7,300,5,1,0.158507962,0.99727254,2.239730814,,0.24562346,0.958811004,
0.1,3,0.8,400,3,1,0.019408209,0.999956092,2.359794239,,0.245625922,0.958810178,
0.2,7,0.7,100,5,1,0.324721238,0.988535856,2.211590925,,0.245664164,0.958797351,
0.2,8,0.7,100,5,1,0.324721167,0.988535862,2.211590925,,0.245664164,0.958797351,
0.4,4,0.8,200,10,1,0.021407751,0.999949633,2.479882905,,0.245683354,0.958790914,
0.2,3,0.8,300,5,1,0.015664316,0.999971653,2.507727059,,0.245699462,0.95878551,
0.2,4,0.8,100,3,0.6,0.16614511,0.996989302,2.141444524,,0.24571182,0.958781365,
0.3,5,0.8,200,10,0.6,0.198524609,0.995662793,2.222156243,,0.245747347,0.958769444,
0.3,6,0.8,100,5,1,0.067871011,0.999496876,2.433070699,,0.24576694,0.958762869,
0.2,6,0.7,100,3,0.6,0.280928983,0.991373772,2.128637276,,0.245832001,0.958741033,
0.4,6,0.9,200,10,0.6,0.052997092,0.999690715,2.335535133,,0.245859437,0.958731823,
0.4,8,0.8,200,10,0.8,0.040164632,0.999820912,2.480751889,,0.245867057,0.958729265,
0.2,3,0.8,100,10,0.6,0.778788513,0.934403496,1.925648949,,0.245963705,0.958696813,
0.1,4,0.7,200,5,1,0.360105424,0.985955497,2.129696408,,0.245980521,0.958691165,
0.2,3,0.8,100,10,1,0.630577765,0.956958891,2.049824819,,0.246063619,0.95866325,
0.2,7,0.6,200,5,0.6,0.354891522,0.985957323,2.133929447,,0.246149977,0.95863423,
0.2,8,0.6,200,5,0.6,0.354891522,0.985957323,2.133929447,,0.246149977,0.95863423,
0.2,5,0.6,200,10,0.8,0.559803791,0.965899324,1.967345328,,0.24622373,0.958609438,
0.4,3,0.9,100,10,0.8,0.222111427,0.994589971,2.420683229,,0.246229003,0.958607665,
0.1,5,0.6,200,3,1,0.264822001,0.992350798,2.115520641,,0.246235781,0.958605386,
0.4,3,0.8,100,10,1,0.22330905,0.994559649,2.372553484,,0.246239565,0.958604114,
0.2,4,0.6,100,10,0.8,0.974914922,0.897020402,1.742903716,,0.246243873,0.958602665,
0.1,5,0.7,200,10,1,0.771794564,0.935615853,1.868350649,,0.246267368,0.958594765,
0.4,7,0.9,200,10,0.6,0.052975725,0.999690629,2.326224113,,0.246270245,0.958593798,
0.4,8,0.9,200,10,0.6,0.052975722,0.999690629,2.326224292,,0.246270245,0.958593798,
0.2,3,0.8,100,3,1,0.143145352,0.99772864,2.480332421,,0.246380708,0.958556644,
0.1,8,0.7,300,5,1,0.158697759,0.997266216,2.235233152,,0.24639827,0.958550736,
0.2,7,0.8,100,5,0.6,0.343435283,0.98717688,2.156017745,,0.246416226,0.958544695,
0.2,8,0.8,100,5,0.6,0.343435112,0.987176891,2.15601402,,0.246416226,0.958544695,
0.2,6,0.8,100,5,0.6,0.343328764,0.987182803,2.154156635,,0.246436712,0.958537802,
0.4,4,0.9,200,10,0.6,0.056074914,0.999654615,2.347032556,,0.24651024,0.958513056,
0.4,3,0.8,200,10,1,0.040624969,0.999816473,2.475500429,,0.246524467,0.958508267,
0.1,7,0.7,300,5,1,0.158408269,0.997276029,2.236950422,,0.246592867,0.95848524,
0.4,5,0.9,200,10,0.6,0.053689,0.999682846,2.324812436,,0.246638278,0.958469948,
0.1,6,0.6,400,10,0.8,0.543800715,0.967978022,1.985705817,,0.246657595,0.958463443,
0.1,7,0.6,400,10,0.8,0.544060781,0.967946753,1.989894533,,0.246657595,0.958463443,
0.1,8,0.6,400,10,0.8,0.544060781,0.967946753,1.989894533,,0.246657595,0.958463443,
0.2,4,0.8,100,5,0.6,0.353557993,0.986412475,2.159915233,,0.246663145,0.958461573,
0.2,5,0.6,200,5,0.6,0.355796348,0.985883411,2.142079214,,0.246672391,0.958458459,
0.2,4,0.8,200,5,0.6,0.127818969,0.998194385,2.294800745,,0.246685278,0.958454119,
0.4,6,0.8,200,10,0.6,0.099293189,0.998903956,2.211836087,,0.246811343,0.958411645,
0.1,5,0.6,400,10,0.8,0.544084879,0.967944203,1.985607216,,0.246832459,0.958404528,
0.1,4,0.7,200,3,0.8,0.242127368,0.993605161,2.270116212,,0.246922916,0.958374036,
0.2,5,0.8,400,10,1,0.01713376,0.999968173,2.455506245,,0.246929979,0.958371654,
0.4,7,0.8,200,10,0.8,0.040152158,0.999821031,2.482911514,,0.246962689,0.958360625,
0.2,4,0.8,200,10,1,0.181180523,0.996446318,2.366303245,,0.247005644,0.958346139,
0.1,5,0.8,200,3,1,0.070801157,0.999453951,2.380972916,,0.247016215,0.958342573,
0.1,6,0.9,400,10,0.8,0.158318358,0.997285331,2.422861079,,0.247050635,0.958330963,
0.1,6,0.8,300,5,0.8,0.129976068,0.998161033,2.37480394,,0.247052108,0.958330466,
0.4,8,0.8,200,10,0.6,0.099104473,0.998907471,2.213116432,,0.247106593,0.958312084,
0.2,5,0.9,100,5,0.8,0.177640298,0.996585404,2.457003528,,0.247110491,0.958310769,
0.2,7,0.7,100,3,0.6,0.281020573,0.991370091,2.133055187,,0.247113292,0.958309824,
0.2,8,0.7,100,3,0.6,0.281023783,0.991369923,2.133092589,,0.247113292,0.958309824,
0.3,7,0.7,200,5,0.8,0.039377212,0.999824294,2.45315096,,0.247115599,0.958309046,
0.4,3,0.6,100,10,0.8,0.579257147,0.963258058,2.13362416,,0.247125361,0.958305752,
0.4,6,0.8,100,5,0.8,0.040281984,0.999820917,2.517454961,,0.247133339,0.95830306,
0.2,3,0.6,100,3,0.8,0.413975244,0.981107127,2.289092229,,0.247153391,0.958296293,
0.4,7,0.7,200,10,1,0.058593897,0.999618538,2.355528722,,0.247170653,0.958290467,
0.4,8,0.7,200,10,1,0.058489565,0.999619976,2.357195521,,0.247170653,0.958290467,
0.2,3,0.6,200,10,1,0.470377958,0.97601659,1.957684592,,0.24717424,0.958289257,
0.2,3,0.8,400,10,1,0.043770839,0.999787333,2.412535557,,0.24728814,0.958250806,
0.2,7,0.8,100,3,0.6,0.154138767,0.997405573,2.167653491,,0.247289412,0.958250377,
0.2,8,0.8,100,3,0.6,0.154137948,0.997405601,2.167649974,,0.247289412,0.958250377,
0.1,5,0.8,400,5,1,0.024637931,0.999934007,2.430665785,,0.247431462,0.958202399,
0.1,5,0.7,300,5,1,0.159138878,0.997249351,2.239909762,,0.247432587,0.958202019,
0.1,8,0.9,400,10,0.8,0.158177304,0.997289505,2.422646934,,0.247451418,0.958195657,
0.1,7,0.9,400,10,0.8,0.158215914,0.997288381,2.423640573,,0.247457664,0.958193546,
0.1,4,0.9,200,10,0.8,0.554847163,0.966723969,2.148902356,,0.247461275,0.958192326,
0.2,5,0.7,400,10,1,0.050253448,0.999726473,2.269650945,,0.247468438,0.958189905,
0.3,3,0.7,200,5,1,0.033867424,0.999869639,2.396861853,,0.247474238,0.958187946,
0.1,5,0.9,300,10,1,0.225793594,0.994493659,2.404220923,,0.247518459,0.958173002,
0.2,5,0.7,300,5,0.8,0.039327183,0.999829189,2.320203805,,0.2475861,0.958150138,
0.3,4,0.7,300,10,1,0.039046085,0.999833239,2.351722369,,0.247589372,0.958149032,
0.2,5,0.8,100,3,0.6,0.156321616,0.997330892,2.169636076,,0.24759638,0.958146662,
0.1,6,0.7,400,5,0.6,0.23908174,0.993696137,2.146643849,,0.247648676,0.958128981,
0.3,4,0.8,100,5,0.6,0.168329802,0.996910965,2.144889528,,0.247701498,0.958111117,
0.2,4,0.7,100,10,0.8,0.813807184,0.928311773,1.886090563,,0.247715027,0.958106541,
0.4,5,0.8,100,5,0.8,0.041885997,0.99980676,2.520276749,,0.247723859,0.958103553,
0.4,4,0.8,200,10,0.6,0.103573112,0.998808398,2.213306175,,0.247765819,0.95808936,
0.2,6,0.8,400,10,1,0.016321186,0.999971167,2.459765145,,0.247892578,0.958046465,
0.3,5,0.7,100,3,1,0.042374148,0.999801037,2.434351282,,0.247925582,0.958035293,
0.2,8,0.8,400,10,1,0.016095312,0.999971931,2.4657783,,0.247993255,0.95801238,
0.4,3,0.7,100,5,1,0.099559981,0.998907209,2.414833041,,0.248040984,0.957996217,
0.3,3,0.8,100,10,0.6,0.52432813,0.970177981,2.044957488,,0.248102797,0.957975279,
0.1,4,0.9,400,10,0.8,0.16327458,0.997115402,2.419030959,,0.248161524,0.957955382,
0.1,8,0.8,300,5,0.8,0.129816814,0.998165799,2.374710182,,0.248185205,0.957947357,
0.1,3,0.6,300,5,1,0.317465896,0.989007853,2.018731886,,0.24819934,0.957942567,
0.4,3,0.7,200,10,1,0.077992597,0.999329187,2.343473749,,0.248205576,0.957940454,
0.1,4,0.6,200,1,0.8,0.07758039,0.99930583,2.328157202,,0.248249214,0.957925663,
0.1,8,0.7,300,3,0.8,0.090646995,0.999098462,2.321343603,,0.248273844,0.957917314,
0.1,7,0.8,300,5,0.8,0.12988146,0.998164779,2.376168022,,0.248314931,0.957903384,
0.1,3,0.9,200,5,0.8,0.32398423,0.988505332,2.288066382,,0.248352561,0.957890625,
0.2,7,0.8,400,10,1,0.016102259,0.999971909,2.465051616,,0.248479806,0.957847463,
0.2,4,0.7,100,3,0.8,0.210138529,0.995158332,2.346070952,,0.248493624,0.957842775,
0.1,7,0.7,300,3,0.8,0.090610365,0.999099044,2.321494037,,0.248585414,0.957811625,
0.3,8,0.7,200,5,0.8,0.03932256,0.999824859,2.451963546,,0.248616307,0.957801138,
0.3,7,0.8,100,5,0.8,0.100057398,0.99890743,2.4707286,,0.248830919,0.957728252,
0.3,8,0.8,100,5,0.8,0.100045395,0.998907659,2.467413971,,0.248830919,0.957728252,
0.2,5,0.7,100,5,1,0.325778444,0.988457924,2.212442065,,0.248837616,0.957725977,
0.3,3,0.8,400,10,1,0.008874928,0.999991096,2.449285591,,0.248886164,0.95770948,
0.1,3,0.6,200,5,0.8,0.632278122,0.956576715,1.911551631,,0.24893411,0.957693185,
0.3,6,0.8,100,5,0.8,0.100239814,0.998903571,2.471546257,,0.2490431,0.95765613,
0.3,7,0.8,100,5,0.6,0.158658058,0.997247608,2.174297362,,0.249071979,0.95764631,
0.3,8,0.8,100,5,0.6,0.158658852,0.997247583,2.174313485,,0.249071979,0.95764631,
0.4,4,0.7,100,10,0.6,0.467352207,0.976176534,2.0389978,,0.249079482,0.957643758,
0.2,6,0.6,200,10,0.8,0.557493437,0.966182176,1.957161994,,0.249127789,0.957627327,
0.2,7,0.6,200,10,0.8,0.557504253,0.96618226,1.957818897,,0.249127789,0.957627327,
0.2,8,0.6,200,10,0.8,0.55750233,0.966182524,1.957805933,,0.249127789,0.957627327,
0.4,7,0.8,200,10,1,0.016992173,0.999968337,2.442621523,,0.249134733,0.957624965,
0.4,8,0.8,200,10,1,0.016989478,0.999968337,2.439370314,,0.249134733,0.957624965,
0.2,4,0.7,200,3,1,0.019055237,0.999959893,2.419217372,,0.249164027,0.957614999,
0.1,3,0.7,300,3,1,0.090607604,0.999088843,2.299343118,,0.249167237,0.957613907,
0.1,8,0.8,300,5,1,0.074794854,0.999394598,2.395896891,,0.249201874,0.957602122,
0.4,7,0.8,200,10,0.6,0.099104726,0.998907465,2.21311822,,0.249209118,0.957599657,
0.3,5,0.8,100,5,0.8,0.10356694,0.998831632,2.456802258,,0.249218644,0.957596415,
0.2,8,0.8,100,1,0.6,0.012793955,0.999981744,2.185734806,,0.249234636,0.957590973,
0.2,7,0.8,100,1,0.6,0.012743403,0.999981883,2.187423793,,0.249236552,0.957590321,
0.3,6,0.8,100,5,0.6,0.158714384,0.997245861,2.173114925,,0.249248176,0.957586365,
0.2,4,0.7,300,5,1,0.018330823,0.999963001,2.38072806,,0.249262889,0.957581358,
0.3,6,0.8,300,10,0.8,0.027921952,0.99991399,2.499321083,,0.249271498,0.957578428,
0.1,6,0.8,300,5,1,0.075048466,0.999390444,2.393522451,,0.249284371,0.957574046,
0.1,4,0.8,200,3,1,0.078592131,0.999326485,2.341724181,,0.249309908,0.957565353,
0.1,5,0.7,300,3,0.8,0.091414503,0.999083315,2.326886089,,0.249321814,0.9575613,
0.4,4,0.7,300,10,0.8,0.031120184,0.999891879,2.372540371,,0.249322062,0.957561216,
0.3,4,0.6,100,5,1,0.282362192,0.991234001,2.244259371,,0.249358104,0.957548945,
0.3,4,0.8,100,10,0.8,0.379499074,0.984384249,2.299131388,,0.249365219,0.957546522,
0.1,7,0.8,300,5,1,0.07475399,0.999395224,2.396504486,,0.249396129,0.957535997,
0.3,4,0.8,100,5,0.8,0.111384014,0.998644699,2.485377679,,0.249430113,0.957524423,
0.3,6,0.8,200,10,1,0.053283233,0.999690736,2.419513682,,0.249499085,0.95750093,
0.4,4,0.9,300,10,0.6,0.01497659,0.999974947,2.363895038,,0.249503058,0.957499576,
0.3,4,0.8,300,10,0.6,0.08679074,0.999165136,2.268470662,,0.249525473,0.957491939,
0.3,4,0.7,200,5,1,0.019400661,0.999958374,2.37289945,,0.249616891,0.957460787,
0.4,6,0.9,300,10,0.6,0.012927334,0.999981389,2.348838845,,0.249663869,0.957444773,
0.4,5,0.9,300,10,0.6,0.013359551,0.999980123,2.338715399,,0.249698348,0.957433019,
0.1,4,0.7,400,5,0.8,0.1226951,0.998362278,2.34358927,,0.249718745,0.957426064,
0.4,4,0.8,100,5,0.6,0.080869937,0.999283543,2.179205621,,0.249731036,0.957421873,
0.2,6,0.6,200,5,0.6,0.354801239,0.985964034,2.136145012,,0.249773,0.957407562,
0.2,6,0.6,200,3,0.6,0.163298122,0.996971955,2.13760691,,0.249877264,0.957371996,
0.4,6,0.8,200,10,1,0.017260958,0.999967311,2.443768592,,0.249932975,0.957352986,
0.3,7,0.8,100,10,1,0.307135186,0.989770517,2.257357964,,0.249935712,0.957352051,
0.3,8,0.8,100,10,1,0.307125727,0.989771093,2.257353583,,0.249935712,0.957352051,
0.2,4,0.6,200,5,1,0.160367629,0.997170124,2.14795412,,0.249938509,0.957351097,
0.3,5,0.8,300,10,0.8,0.028339963,0.999911585,2.495416718,,0.249962698,0.957342842,
0.2,4,0.8,300,10,0.6,0.225171802,0.994430653,2.240036869,,0.24998557,0.957335035,
0.2,8,0.8,400,1,0.6,0.000885853,0.999999914,2.189505791,,0.25000562,0.957328191,
0.1,5,0.8,400,5,0.8,0.052112059,0.999703573,2.40980635,,0.250013042,0.957325657,
0.3,7,0.8,200,10,1,0.052821289,0.999696192,2.414528647,,0.250014229,0.957325252,
0.3,8,0.8,200,10,1,0.052791295,0.999696578,2.414593467,,0.250014229,0.957325252,
0.2,7,0.8,400,1,0.6,0.000884105,0.999999914,2.191221063,,0.25005265,0.957312135,
0.3,6,0.7,100,3,1,0.041922082,0.999804897,2.409930156,,0.250054473,0.957311512,
0.2,8,0.8,200,1,0.6,0.001104418,0.999999865,2.189528969,,0.250083454,0.957301617,
0.4,7,0.9,300,10,0.6,0.012930604,0.999981357,2.339975024,,0.250085731,0.957300839,
0.4,8,0.9,300,10,0.6,0.012930785,0.999981356,2.339981699,,0.250085731,0.957300839,
0.2,7,0.8,200,1,0.6,0.001096679,0.999999867,2.191228566,,0.250095806,0.957297399,
0.2,8,0.8,300,1,0.6,0.000915952,0.999999908,2.189489504,,0.25011725,0.957290076,
0.3,3,0.7,100,10,0.6,0.67699198,0.950235711,1.967881626,,0.250134883,0.957284053,
0.2,7,0.8,300,1,0.6,0.000913516,0.999999909,2.191204299,,0.250143684,0.957281047,
0.3,3,0.8,200,5,1,0.01544794,0.999972715,2.476027744,,0.250174522,0.957270514,
0.1,3,0.8,100,1,0.8,0.225486795,0.994391764,2.377640613,,0.250179041,0.95726897,
0.2,7,0.7,400,10,1,0.049607801,0.999733375,2.265910843,,0.250223147,0.957253902,
0.2,8,0.7,400,10,1,0.049601068,0.99973346,2.266084814,,0.250223147,0.957253902,
0.2,8,0.7,300,5,0.8,0.038852704,0.9998326,2.323629217,,0.250277019,0.957235494,
0.2,5,0.7,100,3,0.6,0.281118398,0.991360208,2.118822679,,0.250277551,0.957235312,
0.2,7,0.7,300,5,0.8,0.038797194,0.999833207,2.322217578,,0.250296639,0.957228789,
0.1,4,0.7,400,5,0.6,0.247103877,0.993268095,2.161629075,,0.250371927,0.957203054,
0.2,5,0.7,300,10,0.6,0.356358693,0.986049477,2.082764896,,0.250458726,0.957173375,
0.2,7,0.6,200,3,0.6,0.162861916,0.996986832,2.13837514,,0.250489499,0.957162851,
0.2,8,0.6,200,3,0.6,0.162846924,0.996987385,2.137290037,,0.250489499,0.957162851,
0.3,4,0.7,100,5,0.6,0.292248291,0.990702276,2.176995985,,0.250494378,0.957161182,
0.4,6,0.9,400,10,0.6,0.003021716,0.999999001,2.353089193,,0.250515036,0.957154116,
0.4,6,0.7,300,10,0.6,0.079447593,0.99928955,2.173256377,,0.250549145,0.957142448,
0.2,5,0.9,200,5,0.8,0.025095866,0.999931031,2.560095573,,0.250617021,0.957119224,
0.3,4,0.8,100,5,1,0.077363995,0.999344506,2.4652593,,0.250629199,0.957115056,
0.3,5,0.6,100,10,1,0.647452664,0.95444637,1.928994572,,0.250663652,0.957103265,
0.4,3,0.9,100,10,0.6,0.306051319,0.989742562,2.228701353,,0.250680607,0.957097461,
0.2,4,0.7,100,1,1,0.012541518,0.999981419,2.422477902,,0.250691,0.957093904,
0.2,6,0.7,200,3,0.6,0.083681578,0.999216049,2.214226149,,0.250778361,0.957063995,
0.2,5,0.7,200,3,1,0.017088754,0.999967524,2.444392534,,0.250788576,0.957060497,
0.4,5,0.9,400,10,0.6,0.003289212,0.999998809,2.343060726,,0.250794532,0.957058457,
0.3,4,0.8,300,10,0.8,0.030702516,0.99989621,2.518507438,,0.25083677,0.957043992,
0.4,7,0.7,100,10,0.6,0.462770883,0.976634673,2.027270393,,0.250993594,0.956990263,
0.4,8,0.7,100,10,0.6,0.462770883,0.976634673,2.027270393,,0.250993594,0.956990263,
0.4,5,0.8,200,10,1,0.018055982,0.999964355,2.438342737,,0.250996885,0.956989135,
0.4,6,0.6,100,5,1,0.161080239,0.997069871,2.345775757,,0.251007877,0.956985367,
0.3,3,0.9,100,1,1,0.002723108,0.999999067,2.587009789,,0.251018988,0.956981559,
0.2,4,0.8,400,10,0.6,0.118429263,0.998449274,2.292369613,,0.251022265,0.956980436,
0.3,4,0.8,300,10,1,0.013013164,0.999981432,2.457681926,,0.251039675,0.956974469,
0.1,3,0.9,300,5,0.8,0.158058744,0.997226434,2.354252534,,0.251082215,0.956959885,
0.4,7,0.9,400,10,0.6,0.003027632,0.999998997,2.344344879,,0.251149895,0.956936679,
0.4,8,0.9,400,10,0.6,0.003027149,0.999998997,2.344351077,,0.251149895,0.956936679,
0.1,5,0.6,300,5,1,0.274590003,0.991791965,2.083827123,,0.251246912,0.956903403,
0.2,6,0.8,100,1,0.6,0.012939083,0.999981332,2.182687131,,0.251250997,0.956902001,
0.1,5,0.7,400,5,0.6,0.239426508,0.993677116,2.148656005,,0.251280046,0.956892035,
0.1,4,0.6,400,10,0.8,0.547469188,0.967551413,1.983531782,,0.251304843,0.956883527,
0.3,8,0.8,300,10,0.8,0.02796561,0.999913627,2.490893239,,0.251319183,0.956878606,
0.1,7,0.7,200,1,0.6,0.06577582,0.999517115,2.178520602,,0.251324372,0.956876825,
0.1,8,0.7,200,1,0.6,0.065775813,0.999517115,2.17861886,,0.251324372,0.956876825,
0.2,3,0.8,400,5,1,0.004433242,0.999997752,2.515172819,,0.251328449,0.956875426,
0.4,5,0.7,200,1,0.6,0.000852483,0.99999992,2.340612267,,0.251331272,0.956874457,
0.4,5,0.7,400,1,0.6,0.000754563,0.999999937,2.340644424,,0.251355968,0.956865982,
0.4,5,0.7,300,1,0.6,0.000786547,0.999999932,2.340658997,,0.251357712,0.956865383,
0.4,5,0.9,100,10,0.6,0.2212784,0.994675781,2.25190024,,0.25146916,0.956827124,
0.4,3,0.8,100,5,1,0.05970934,0.999602982,2.463959845,,0.251471127,0.956826449,
0.2,6,0.8,400,1,0.6,0.00088737,0.999999914,2.186470916,,0.251535769,0.95680425,
0.2,6,0.8,200,1,0.6,0.001095682,0.999999869,2.186476973,,0.251547078,0.956800366,
0.3,7,0.8,300,10,0.8,0.027931134,0.999913834,2.491033526,,0.251572474,0.956791643,
0.2,6,0.8,300,1,0.6,0.000916033,0.999999908,2.18646199,,0.2515737,0.956791222,
0.4,6,0.7,200,1,0.6,0.000844942,0.999999922,2.362806861,,0.251580772,0.956788792,
0.2,6,0.7,400,10,1,0.049701131,0.999732176,2.267757514,,0.251605418,0.956780325,
0.4,5,0.7,100,1,0.6,0.001340556,0.999999798,2.340382044,,0.251608933,0.956779118,
0.2,4,0.8,300,10,1,0.061732417,0.999586581,2.446310976,,0.25166708,0.956759139,
0.3,6,0.6,200,5,1,0.050724286,0.999706596,2.318929716,,0.251677357,0.956755607,
0.3,7,0.6,200,5,1,0.050345142,0.999710642,2.32128664,,0.251677357,0.956755607,
0.3,8,0.6,200,5,1,0.050454448,0.999709635,2.320512405,,0.251677357,0.956755607,
0.2,3,0.7,300,5,1,0.034242068,0.999867288,2.330079356,,0.251705791,0.956745835,
0.4,4,0.7,300,10,0.6,0.082771378,0.999230777,2.169523636,,0.25171782,0.956741701,
0.2,5,0.8,200,1,0.6,0.001127297,0.999999861,2.186603089,,0.251720058,0.956740932,
0.3,6,0.6,100,10,1,0.64626337,0.954602299,1.929887793,,0.251720593,0.956740748,
0.3,7,0.6,100,10,1,0.646263309,0.954602308,1.92988672,,0.251720593,0.956740748,
0.3,8,0.6,100,10,1,0.646263309,0.954602308,1.92988672,,0.251720593,0.956740748,
0.2,6,0.8,100,3,0.6,0.154492385,0.997393502,2.16848891,,0.251729734,0.956737606,
0.2,5,0.8,400,1,0.6,0.000901131,0.999999911,2.186519024,,0.251738624,0.95673455,
0.2,6,0.9,100,5,0.8,0.175586681,0.996661703,2.450153703,,0.251745486,0.956732192,
0.4,6,0.7,300,1,0.6,0.000775516,0.999999934,2.362727602,,0.25176104,0.956726845,
0.3,7,0.6,200,5,0.8,0.103152397,0.998759857,2.361486801,,0.251783986,0.956718956,
0.3,8,0.6,200,5,0.8,0.103141929,0.998760123,2.362035402,,0.251783986,0.956718956,
0.4,3,0.8,100,10,0.6,0.369327262,0.985134345,2.0745764,,0.251796098,0.956714792,
0.2,7,0.7,200,3,1,0.016754953,0.99996884,2.436345154,,0.251821443,0.956706078,
0.2,8,0.7,200,3,1,0.016727994,0.999968944,2.434979485,,0.251821443,0.956706078,
0.1,5,0.9,300,5,0.6,0.172845334,0.99673476,2.318845972,,0.251823145,0.956705493,
0.4,6,0.7,400,1,0.6,0.00075524,0.999999937,2.362800543,,0.251831145,0.956702742,
0.2,5,0.8,300,1,0.6,0.000937377,0.999999904,2.186537658,,0.251832092,0.956702416,
0.2,4,0.7,400,10,1,0.053072131,0.999694725,2.277275244,,0.251832278,0.956702352,
0.1,6,0.7,300,3,0.8,0.091038647,0.999090754,2.322121406,,0.251834628,0.956701544,
0.4,6,0.7,100,1,0.6,0.001311937,0.999999807,2.362638285,,0.251851059,0.956695894,
0.2,5,0.8,100,1,0.6,0.013425695,0.999979685,2.183343631,,0.251861856,0.956692181,
0.4,7,0.6,100,5,1,0.1614502,0.997054826,2.348008897,,0.251864412,0.956691302,
0.4,8,0.6,100,5,1,0.16097683,0.997071821,2.347377833,,0.251864412,0.956691302,
0.1,5,0.7,400,5,0.8,0.116337816,0.998527276,2.325009132,,0.251874978,0.956687668,
0.1,4,0.9,300,5,0.6,0.179447809,0.996483314,2.345459774,,0.251875553,0.95668747,
0.4,7,0.7,200,1,0.6,0.000844795,0.999999922,2.362053533,,0.251914702,0.956674005,
0.4,8,0.7,200,1,0.6,0.000851477,0.999999921,2.361856123,,0.251914702,0.956674005,
0.4,7,0.7,100,1,0.6,0.001317621,0.999999805,2.361942877,,0.251918412,0.956672729,
0.4,8,0.7,100,1,0.6,0.001321198,0.999999804,2.361702164,,0.251918412,0.956672729,
0.3,3,0.9,200,1,1,0.001011925,0.999999887,2.587851824,,0.251954444,0.956660334,
0.3,6,0.8,100,10,1,0.307368841,0.989754894,2.255420962,,0.251964265,0.956656955,
0.4,4,0.9,400,10,0.6,0.004073544,0.999998123,2.368187005,,0.25197026,0.956654893,
0.2,6,0.7,300,5,0.8,0.03859484,0.999835136,2.318026656,,0.251974203,0.956653536,
0.4,7,0.7,400,1,0.6,0.000734709,0.999999941,2.362118771,,0.252002106,0.956643935,
0.4,8,0.7,400,1,0.6,0.000741228,0.99999994,2.361891498,,0.252002106,0.956643935,
0.3,3,0.9,300,1,1,0.000917598,0.999999908,2.587907227,,0.252065921,0.956621974,
0.4,5,0.8,200,10,0.6,0.099540433,0.998897962,2.182855071,,0.252087724,0.95661447,
0.4,7,0.7,300,1,0.6,0.000766983,0.999999936,2.362003301,,0.252089691,0.956613793,
0.4,8,0.7,300,1,0.6,0.000771821,0.999999935,2.36178947,,0.252089691,0.956613793,
0.3,3,0.9,400,1,1,0.000891366,0.999999913,2.587938147,,0.252101616,0.956609688,
0.2,4,0.8,100,3,1,0.079514506,0.999301122,2.481487015,,0.252179236,0.956582965,
0.1,3,0.8,300,5,0.8,0.208163199,0.995241855,2.340294005,,0.252192839,0.956578281,
0.4,4,0.7,100,5,0.6,0.17173967,0.996762156,2.179475227,,0.252195238,0.956577455,
0.4,7,0.7,100,5,0.8,0.106421106,0.998735068,2.554681593,,0.252218987,0.956569276,
0.4,8,0.7,100,5,0.8,0.106454811,0.998735206,2.560546393,,0.252218987,0.956569276,
0.1,6,0.9,300,5,0.6,0.172043664,0.996764332,2.321199327,,0.252255892,0.956556566,
0.3,5,0.6,100,5,1,0.27619506,0.991597482,2.229415781,,0.252292706,0.956543884,
0.2,7,0.7,200,3,0.6,0.083536749,0.999219859,2.217858053,,0.252300241,0.956541289,
0.2,8,0.7,200,3,0.6,0.08355032,0.999219705,2.217878736,,0.252300241,0.956541289,
0.3,4,0.8,100,1,0.8,0.001194194,0.999999839,2.539647506,,0.252308652,0.956538391,
0.2,5,0.8,100,3,1,0.068204021,0.999489837,2.47463114,,0.252318031,0.95653516,
0.1,6,0.7,200,1,0.6,0.066098583,0.999512546,2.177024301,,0.252432827,0.956495601,
0.3,4,0.8,200,1,0.8,0.000912846,0.999999908,2.539993042,,0.252436572,0.95649431,
0.1,4,0.9,300,3,0.6,0.061168287,0.999588366,2.324270024,,0.252481978,0.956478658,
0.3,4,0.8,400,1,0.8,0.000834621,0.999999924,2.540149132,,0.252501411,0.956471958,
0.3,4,0.8,300,1,0.8,0.000850888,0.99999992,2.540074782,,0.252511483,0.956468485,
0.1,6,0.7,300,3,0.6,0.178307304,0.996511757,2.165791305,,0.252533104,0.95646103,
0.3,5,0.8,200,10,1,0.0542111,0.999680124,2.426252956,,0.252587814,0.956442163,
0.2,8,0.9,100,5,0.8,0.175075311,0.996680568,2.448952967,,0.252605203,0.956436166,
0.1,7,0.7,300,3,0.6,0.178256856,0.996513696,2.165146628,,0.252656599,0.956418437,
0.1,8,0.7,300,3,0.6,0.178255678,0.996513746,2.16582934,,0.252656599,0.956418437,
0.3,7,0.9,300,3,0.6,0.001285988,0.999999818,2.36226428,,0.252671315,0.95641336,
0.3,8,0.9,300,3,0.6,0.001286042,0.999999818,2.362330114,,0.252671315,0.95641336,
0.3,7,0.9,400,3,0.6,0.001227443,0.999999834,2.362236743,,0.25272026,0.956396471,
0.3,8,0.9,400,3,0.6,0.001230182,0.999999834,2.362292354,,0.25272026,0.956396471,
0.3,7,0.9,200,3,0.6,0.001751488,0.999999663,2.362157916,,0.252723015,0.956395521,
0.3,8,0.9,200,3,0.6,0.001751695,0.999999663,2.36222208,,0.252723015,0.956395521,
0.1,6,0.8,400,5,1,0.023551858,0.999939815,2.426913613,,0.25276252,0.956381888,
0.2,5,0.6,200,3,0.6,0.16376282,0.996964774,2.139254606,,0.252782961,0.956374833,
0.3,6,0.9,300,3,0.6,0.001278581,0.99999982,2.359050741,,0.252801232,0.956368526,
0.3,6,0.9,400,3,0.6,0.001232295,0.999999833,2.359036093,,0.252815902,0.956363462,
0.3,8,0.8,200,5,1,0.003331243,0.999998782,2.466184275,,0.2528265,0.956359803,
0.3,6,0.9,200,3,0.6,0.001762619,0.999999657,2.358885591,,0.252845907,0.956353103,
0.3,8,0.7,100,3,1,0.041703849,0.999806151,2.413631195,,0.252912777,0.956330014,
0.2,7,0.7,100,1,0.6,0.039037266,0.999829326,2.180411177,,0.252915436,0.956329096,
0.2,8,0.7,100,1,0.6,0.039105494,0.999828639,2.181074279,,0.252915436,0.956329096,
0.4,6,0.8,300,10,0.6,0.031389774,0.999889673,2.22740923,,0.252933191,0.956322964,
0.1,5,0.9,400,10,1,0.104859674,0.998812961,2.493501106,,0.252947564,0.956318,
0.3,5,0.7,200,10,0.6,0.341317237,0.987097683,2.157607185,,0.252966383,0.9563115,
0.3,7,0.7,100,3,1,0.041720728,0.999805994,2.413339021,,0.252966943,0.956311306,
0.3,8,0.8,400,5,1,0.001311989,0.999999812,2.467563683,,0.252977784,0.956307562,
0.2,6,0.8,100,5,1,0.203615115,0.99549764,2.331877524,,0.253015495,0.956294534,
0.1,7,0.8,400,5,1,0.023234106,0.999941424,2.428827817,,0.253029279,0.956289772,
0.2,5,0.8,300,5,1,0.003899606,0.999998348,2.472235108,,0.253062408,0.956278325,
0.3,3,0.9,100,3,1,0.039270937,0.999827218,2.548468301,,0.253097269,0.956266279,
0.4,7,0.8,100,5,0.8,0.039974972,0.999823939,2.507944131,,0.253107994,0.956262572,
0.4,8,0.8,100,5,0.8,0.040017205,0.999823585,2.508164788,,0.253107994,0.956262572,
0.2,3,0.9,100,10,0.8,0.594111315,0.961859895,2.145353823,,0.253121078,0.95625805,
0.1,3,0.8,200,3,0.8,0.210308261,0.995145164,2.396450678,,0.253151282,0.95624761,
0.1,3,0.9,200,10,0.8,0.641552365,0.955377677,2.108139425,,0.253182137,0.956236944,
0.3,8,0.8,300,5,1,0.001400161,0.999999786,2.467521982,,0.253212957,0.956226289,
0.1,8,0.8,400,5,1,0.023251948,0.999941338,2.428450877,,0.253220488,0.956223685,
0.3,4,0.8,400,10,0.6,0.034083744,0.999869987,2.292728441,,0.253227729,0.956221182,
0.1,5,0.9,300,3,0.6,0.057347005,0.999638244,2.344104945,,0.253236654,0.956218095,
0.2,7,0.7,300,5,1,0.015876223,0.999972315,2.375378894,,0.253316098,0.956190621,
0.2,8,0.7,300,5,1,0.015878509,0.999972305,2.375386016,,0.253316098,0.956190621,
0.1,6,0.7,400,5,0.8,0.115840606,0.998538977,2.325822683,,0.253365327,0.956173592,
0.4,7,0.9,100,10,0.6,0.220179867,0.994723005,2.256980791,,0.253368599,0.95617246,
0.4,8,0.9,100,10,0.6,0.220179867,0.994723005,2.256980791,,0.253368599,0.95617246,
0.2,6,0.8,100,3,1,0.066104724,0.999521644,2.474305475,,0.253380396,0.956168379,
0.4,5,0.7,100,10,0.6,0.462816418,0.976644129,2.030720549,,0.253380947,0.956168188,
0.2,6,0.7,300,10,0.6,0.354354118,0.986214266,2.07171301,,0.253410257,0.956158047,
0.3,7,0.8,200,5,1,0.003335262,0.999998779,2.46602332,,0.253449622,0.956144425,
0.3,6,0.8,400,10,0.8,0.006333882,0.999995599,2.506378861,,0.253464452,0.956139293,
0.2,3,0.9,200,3,0.8,0.025045384,0.999926098,2.440893115,,0.253483092,0.956132841,
0.4,4,0.6,100,10,0.8,0.568185269,0.964587006,2.19946845,,0.253484933,0.956132204,
0.1,7,0.9,300,10,1,0.224555978,0.994552958,2.403298641,,0.253492166,0.956129701,
0.1,8,0.9,300,10,1,0.224554038,0.994553053,2.403119156,,0.253492166,0.956129701,
0.2,7,0.8,100,5,1,0.20351505,0.995502489,2.334985414,,0.253539913,0.956113172,
0.2,8,0.8,100,5,1,0.203503372,0.995503028,2.334320465,,0.253539913,0.956113172,
0.2,4,0.7,200,1,1,0.000966836,0.999999897,2.42771043,,0.253579959,0.956099308,
0.4,6,0.9,100,10,0.6,0.22027297,0.994722103,2.265817806,,0.253588292,0.956096422,
0.2,7,0.7,300,10,0.6,0.354229077,0.986222281,2.071754271,,0.25359442,0.9560943,
0.2,8,0.7,300,10,0.6,0.354228734,0.98622231,2.071758801,,0.25359442,0.9560943,
0.3,6,0.8,300,10,0.6,0.083056735,0.999236004,2.250669138,,0.253614602,0.956087312,
0.3,7,0.8,300,10,0.6,0.083369623,0.999230226,2.253890591,,0.253614602,0.956087312,
0.3,8,0.8,300,10,0.6,0.083369623,0.999230226,2.253890591,,0.253614602,0.956087312,
0.3,6,0.8,200,5,1,0.003463196,0.999998684,2.476563143,,0.253623812,0.956084122,
0.2,4,0.7,200,3,0.8,0.041282257,0.999808477,2.413594551,,0.253660878,0.956071285,
0.3,7,0.8,400,5,1,0.001324829,0.999999808,2.467422189,,0.253668878,0.956068514,
0.4,8,0.8,300,10,0.6,0.031334352,0.99988996,2.228338661,,0.253683518,0.956063443,
0.1,5,0.9,200,3,0.6,0.154109063,0.99740744,2.31446138,,0.253709007,0.956054614,
0.2,6,0.7,100,1,0.6,0.039100883,0.999828699,2.180163028,,0.253712563,0.956053382,
0.1,7,0.9,300,5,0.6,0.172010838,0.996765822,2.322507157,,0.2537267,0.956048484,
0.1,8,0.9,300,5,0.6,0.17200972,0.996765862,2.322528556,,0.2537267,0.956048484,
0.4,5,0.8,100,3,0.8,0.006837484,0.999994723,2.439666623,,0.253741561,0.956043336,
0.3,7,0.8,300,5,1,0.00140971,0.999999783,2.467360588,,0.253751665,0.956039835,
0.2,7,0.9,100,5,0.8,0.17511858,0.996678984,2.449040631,,0.253756093,0.956038301,
0.2,4,0.7,400,1,1,0.000809068,0.999999928,2.427838319,,0.253775163,0.956031693,
0.4,5,0.8,100,5,0.6,0.074798707,0.999386239,2.189753383,,0.253816275,0.956017446,
0.1,6,0.8,400,5,0.8,0.050965021,0.999716499,2.411024013,,0.253905872,0.955986389,
0.4,4,0.8,300,10,0.6,0.034095066,0.9998694,2.231999392,,0.253921353,0.955981021,
0.1,5,0.8,300,3,1,0.015539265,0.99997347,2.414803052,,0.253930329,0.955977909,
0.2,4,0.7,300,1,1,0.000836106,0.999999923,2.427753092,,0.253949187,0.955971371,
0.2,5,0.7,100,3,0.8,0.202282058,0.995525865,2.356345504,,0.254009033,0.955950616,
0.1,5,0.9,400,5,0.6,0.082224838,0.999259412,2.354310274,,0.254014818,0.95594861,
0.2,5,0.8,400,5,1,0.001641762,0.999999707,2.473911861,,0.254054978,0.955934679,
0.3,5,0.8,300,10,0.6,0.083670108,0.999225268,2.252595851,,0.254121324,0.955911661,
0.1,5,0.7,200,1,0.6,0.066228311,0.999510437,2.173939202,,0.254151099,0.955901329,
0.1,4,0.6,300,5,1,0.279559201,0.991498489,2.078320699,,0.254163672,0.955896966,
0.3,6,0.8,400,5,1,0.001320515,0.999999809,2.478053132,,0.254172574,0.955893876,
0.4,6,0.8,400,10,1,0.001903792,0.999999605,2.452394271,,0.254205137,0.955882575,
0.2,6,0.7,300,5,1,0.015932823,0.999972168,2.377884926,,0.254220969,0.955877079,
0.4,7,0.8,400,10,1,0.001916097,0.9999996,2.451456206,,0.254232495,0.955873078,
0.4,8,0.8,400,10,1,0.001898072,0.999999607,2.448361957,,0.254232495,0.955873078,
0.2,5,0.9,300,5,0.8,0.0036042,0.999998562,2.566540414,,0.254236023,0.955871853,
0.4,7,0.7,200,5,1,0.003992487,0.99999822,2.417391607,,0.25425883,0.955863936,
0.3,6,0.8,300,5,1,0.001408494,0.999999783,2.477985041,,0.254283186,0.95585548,
0.1,4,0.9,300,10,1,0.230094008,0.994280257,2.40700981,,0.254293939,0.955851746,
0.1,6,0.9,400,5,0.6,0.081585464,0.999270835,2.35411866,,0.254336994,0.955836795,
0.4,7,0.8,300,10,1,0.002557251,0.99999929,2.450908774,,0.254346156,0.955833613,
0.4,8,0.8,300,10,1,0.002558102,0.999999289,2.447753997,,0.254346156,0.955833613,
0.1,6,0.9,300,10,1,0.224707457,0.994545731,2.402802899,,0.254379603,0.955821996,
0.1,3,0.8,100,1,1,0.169433253,0.996797202,2.453594544,,0.254384158,0.955820414,
0.2,4,0.7,200,5,0.6,0.232037209,0.994054818,2.189616794,,0.254401096,0.955814531,
0.2,3,0.6,200,10,0.6,0.717880639,0.943922609,1.924719096,,0.254431059,0.955804122,
0.3,3,0.6,100,10,1,0.665293578,0.951930077,1.867961095,,0.254450429,0.955797392,
0.4,6,0.8,200,5,0.8,0.002329682,0.999999407,2.53250462,,0.254471921,0.955789925,
0.4,6,0.8,300,10,1,0.002590204,0.999999269,2.451873982,,0.25447359,0.955789345,
0.1,4,0.6,100,1,0.8,0.293744237,0.990491152,2.246472352,,0.254477566,0.955787963,
0.3,7,0.9,100,3,0.6,0.024336853,0.999934646,2.352259626,,0.254513977,0.955775311,
0.3,8,0.9,100,3,0.6,0.024337714,0.999934642,2.352252086,,0.254513977,0.955775311,
0.3,6,0.8,300,10,1,0.010436443,0.999988165,2.442509809,,0.254556657,0.955760477,
0.1,7,0.8,400,5,0.8,0.050720146,0.99971932,2.411807487,,0.254578096,0.955753025,
0.2,7,0.8,200,10,0.8,0.251402753,0.993120605,2.342159728,,0.254597693,0.955746213,
0.2,8,0.8,200,10,0.8,0.251477946,0.993117108,2.339425364,,0.254597693,0.955746213,
0.4,4,0.8,300,10,0.8,0.008925578,0.999991128,2.522702077,,0.254599049,0.955745741,
0.1,4,0.9,400,3,0.6,0.021503592,0.99994834,2.340907871,,0.254623824,0.955737128,
0.1,3,0.7,400,5,1,0.108100272,0.998714398,2.253668802,,0.254641684,0.955730919,
0.1,7,0.9,200,3,0.6,0.153430796,0.997429069,2.313852951,,0.254648842,0.95572843,
0.1,8,0.9,200,3,0.6,0.153437834,0.997428846,2.313893541,,0.254648842,0.95572843,
0.1,8,0.8,400,5,0.8,0.050651978,0.999719923,2.410359243,,0.254702549,0.955709753,
0.1,7,0.9,300,3,0.6,0.056599452,0.999647961,2.345441058,,0.25470764,0.955707983,
0.2,5,0.8,200,3,1,0.003552339,0.999998594,2.519464286,,0.254714068,0.955705747,
0.1,5,0.8,300,3,0.6,0.098526821,0.998933777,2.277277837,,0.254717659,0.955704499,
0.1,8,0.9,300,3,0.6,0.056600413,0.999647949,2.345534548,,0.254720797,0.955703407,
0.3,7,0.8,300,10,1,0.010269014,0.999988532,2.436373318,,0.254748216,0.95569387,
0.3,8,0.8,300,10,1,0.010264618,0.999988549,2.436409706,,0.254748216,0.95569387,
0.3,6,0.9,100,3,0.6,0.024517016,0.999933673,2.349237059,,0.254777612,0.955683644,
0.4,6,0.8,400,5,0.8,0.001308325,0.999999812,2.532837773,,0.254782916,0.955681799,
0.1,6,0.9,300,3,0.6,0.056587375,0.999648129,2.345004811,,0.254794833,0.955677653,
0.2,5,0.7,100,1,0.6,0.039393076,0.999826735,2.202665168,,0.254795322,0.955677483,
0.1,6,0.6,300,5,1,0.27374549,0.991843157,2.083526939,,0.254800117,0.955675815,
0.1,4,0.9,200,5,0.6,0.346011607,0.986992042,2.266806349,,0.254808392,0.955672936,
0.1,8,0.7,400,5,0.8,0.115719601,0.998542417,2.326992074,,0.254808659,0.955672843,
0.1,7,0.7,400,5,0.8,0.115870591,0.99853857,2.325660625,,0.254819261,0.955669154,
0.1,6,0.9,200,3,0.6,0.153455645,0.997428285,2.314526408,,0.254850384,0.955658325,
0.3,5,0.8,400,10,0.8,0.006632377,0.999995164,2.502604755,,0.254862488,0.955654112,
0.3,5,0.7,100,1,0.6,0.006495267,0.999995346,2.318047253,,0.254865795,0.955652962,
0.4,7,0.7,300,5,1,0.001317443,0.99999981,2.41856789,,0.254868285,0.955652095,
0.4,6,0.8,300,5,0.8,0.001366505,0.999999796,2.532797934,,0.254903456,0.955639854,
0.4,8,0.7,200,5,1,0.004005069,0.999998209,2.417185077,,0.254906377,0.955638838,
0.3,4,0.8,400,10,1,0.003239408,0.999998833,2.463589767,,0.254913928,0.95563621,
0.4,7,0.7,400,5,1,0.001200399,0.999999842,2.418713363,,0.254919132,0.955634398,
0.3,5,0.7,200,5,0.8,0.040177083,0.999818436,2.442796471,,0.254944354,0.955625619,
0.1,5,0.7,300,3,0.6,0.178577568,0.996499883,2.170876125,,0.254944727,0.955625489,
0.4,4,0.8,300,10,1,0.003387074,0.999998723,2.488861615,,0.254948991,0.955624004,
0.2,6,0.7,200,3,1,0.01677251,0.999968768,2.439891899,,0.254970662,0.95561646,
0.1,4,0.7,300,5,1,0.165165087,0.997039231,2.244240427,,0.255075682,0.95557989,
0.2,5,0.8,300,5,0.6,0.040870743,0.999814861,2.290352875,,0.255108951,0.955568302,
0.4,6,0.8,100,5,0.6,0.074171205,0.999395812,2.191547535,,0.255122222,0.955563679,
0.1,5,0.9,400,3,0.6,0.01910092,0.9999597,2.356772869,,0.255154799,0.95555233,
0.1,5,0.7,200,1,0.8,0.030602238,0.999893634,2.323093982,,0.255166302,0.955548323,
0.3,7,0.7,300,10,1,0.036899024,0.99985107,2.336349273,,0.255228014,0.955526819,
0.3,8,0.7,300,10,1,0.03700149,0.999850195,2.337128157,,0.255228014,0.955526819,
0.1,4,0.8,300,3,0.6,0.104051543,0.998814892,2.292016322,,0.255229165,0.955526418,
0.2,5,0.9,400,5,0.8,0.001735267,0.99999967,2.567304293,,0.255241775,0.955522023,
0.4,5,0.8,200,3,0.8,0.001192351,0.999999844,2.442727277,,0.255261788,0.955515048,
0.4,5,0.7,200,5,1,0.004181621,0.999998051,2.418723652,,0.255293835,0.955503877,
0.4,5,0.8,400,3,0.8,0.001044878,0.999999881,2.442864196,,0.255322654,0.955493831,
0.2,5,0.7,300,5,1,0.01630056,0.999970864,2.385963255,,0.255336169,0.955489119,
0.1,6,0.8,300,3,0.6,0.097676823,0.998952819,2.269198352,,0.255341836,0.955487143,
0.3,8,0.8,400,10,0.8,0.006326351,0.999995608,2.499071324,,0.255391832,0.95546971,
0.4,5,0.8,300,3,0.8,0.001071123,0.999999874,2.44285197,,0.255415451,0.955461473,
0.4,6,0.8,300,10,0.8,0.00746737,0.999993794,2.474578792,,0.25542237,0.95545906,
0.3,7,0.8,400,10,0.8,0.006323797,0.999995611,2.499058368,,0.255442603,0.955452003,
0.3,6,0.7,100,1,0.6,0.006188068,0.999995749,2.332264875,,0.25546218,0.955445175,
0.3,4,0.6,200,5,1,0.052424273,0.999688074,2.32875467,,0.255464789,0.955444265,
0.4,5,0.8,300,10,0.8,0.007778219,0.999993286,2.488257417,,0.255473559,0.955441206,
0.1,4,0.9,400,5,0.6,0.086379538,0.999182217,2.383924707,,0.255487329,0.955436402,
0.3,7,0.7,100,1,0.6,0.006056791,0.999995938,2.330583279,,0.255491412,0.955434978,
0.3,8,0.7,100,1,0.6,0.006056791,0.999995938,2.330583279,,0.255491412,0.955434978,
0.4,8,0.7,300,5,1,0.001312007,0.999999812,2.418288121,,0.255514058,0.955427077,
0.4,6,0.8,400,1,0.8,0.000776648,0.999999933,2.584569295,,0.255517435,0.955425899,
0.4,6,0.8,100,1,0.8,0.0009431,0.9999999,2.584402678,,0.255520762,0.955424738,
0.4,8,0.7,400,5,1,0.001194832,0.999999843,2.418454619,,0.255524934,0.955423283,
0.3,4,0.9,300,5,0.6,0.003461083,0.999998628,2.252191335,,0.255547333,0.955415467,
0.4,7,0.8,100,5,0.6,0.073607022,0.999405243,2.193532265,,0.255552745,0.955413579,
0.4,8,0.8,100,5,0.6,0.073629205,0.999404887,2.193867929,,0.255552745,0.955413579,
0.4,6,0.8,200,1,0.8,0.000853936,0.999999919,2.584376172,,0.255578255,0.955404677,
0.4,7,0.8,100,1,0.8,0.000915689,0.999999907,2.586373014,,0.255585131,0.955402277,
0.4,8,0.8,100,1,0.8,0.000915701,0.999999907,2.585414493,,0.255585131,0.955402277,
0.3,6,0.7,300,10,1,0.036989342,0.999850237,2.336995574,,0.255610503,0.955393422,
0.4,7,0.8,400,1,0.8,0.00077507,0.999999933,2.58644062,,0.255637342,0.955384054,
0.4,8,0.8,400,1,0.8,0.000783138,0.999999932,2.58545961,,0.255637342,0.955384054,
0.4,3,0.6,100,10,1,0.481769122,0.974672217,2.040139346,,0.255644224,0.955381652,
0.3,5,0.7,200,3,1,0.00203668,0.999999542,2.452315146,,0.25565915,0.955376442,
0.4,7,0.7,300,10,0.6,0.079395412,0.999290277,2.171587238,,0.255661795,0.955375519,
0.4,8,0.7,300,10,0.6,0.079393562,0.999290301,2.172347793,,0.255661795,0.955375519,
0.3,5,0.9,100,10,0.8,0.266799033,0.992296604,2.429025659,,0.25566852,0.955373171,
0.4,6,0.8,300,1,0.8,0.000791956,0.999999931,2.584516835,,0.255668912,0.955373034,
0.4,7,0.8,200,1,0.8,0.000822688,0.999999925,2.586370052,,0.255674145,0.955371207,
0.4,8,0.8,200,1,0.8,0.000827091,0.999999924,2.585353919,,0.255674145,0.955371207,
0.3,6,0.6,100,3,0.6,0.238992423,0.993558544,2.237758022,,0.255677687,0.955369971,
0.3,7,0.6,100,3,0.6,0.238746593,0.993570248,2.237504196,,0.255677687,0.955369971,
0.3,8,0.6,100,3,0.6,0.238746248,0.99357026,2.237473648,,0.255677687,0.955369971,
0.3,4,0.9,200,5,0.6,0.018222105,0.999962638,2.248530805,,0.255682637,0.955368243,
0.2,5,0.7,200,3,0.6,0.08449213,0.999201315,2.204002445,,0.25568834,0.955366251,
0.3,5,0.7,100,5,0.6,0.286871273,0.991031066,2.157037101,,0.255724582,0.955353598,
0.4,3,0.9,100,3,1,0.014090845,0.999977056,2.685523899,,0.25573363,0.955350438,
0.2,5,0.7,400,5,0.8,0.009487689,0.999990142,2.329220394,,0.255733892,0.955350347,
0.4,7,0.8,300,1,0.8,0.000780605,0.999999932,2.58643048,,0.255733987,0.955350314,
0.4,8,0.8,300,1,0.8,0.000788979,0.999999931,2.585402784,,0.255733987,0.955350314,
0.2,4,0.7,300,5,0.8,0.042378283,0.999801583,2.341370152,,0.255753493,0.955343502,
0.1,5,0.9,200,5,0.6,0.337548394,0.987608028,2.242100998,,0.255797486,0.955328138,
0.4,5,0.8,100,1,0.8,0.000942969,0.999999902,2.56790175,,0.255801986,0.955326566,
0.1,7,0.9,400,5,0.6,0.08156634,0.999271271,2.355865001,,0.255810926,0.955323443,
0.1,8,0.9,400,5,0.6,0.081565876,0.999271279,2.355872541,,0.255810926,0.955323443,
0.4,5,0.8,400,1,0.8,0.000779575,0.999999933,2.568056547,,0.255811712,0.955323169,
0.3,5,0.8,200,5,0.8,0.01076359,0.999987166,2.502335275,,0.255824447,0.95531872,
0.4,5,0.7,200,1,1,0.000749147,0.999999938,2.587185124,,0.255826106,0.955318141,
0.2,3,0.8,200,3,1,0.01823264,0.999961174,2.557617405,,0.255826812,0.955317894,
0.4,4,0.8,400,10,1,0.001983795,0.999999572,2.489670144,,0.255847592,0.955310635,
0.4,5,0.8,300,1,0.8,0.000786359,0.999999932,2.568060626,,0.25584848,0.955310325,
0.4,8,0.8,300,10,0.8,0.007454384,0.999993813,2.490417959,,0.255892783,0.955294847,
0.4,5,0.8,200,1,0.8,0.000839378,0.999999922,2.568013669,,0.255904743,0.955290667,
0.2,6,0.8,300,5,0.6,0.040191235,0.999820873,2.288620958,,0.255915859,0.955286783,
0.3,4,0.9,400,5,0.6,0.001824183,0.999999637,2.252734661,,0.255916951,0.955286402,
0.1,7,0.8,300,3,0.6,0.097607978,0.998954229,2.268850798,,0.255924346,0.955283818,
0.1,8,0.8,300,3,0.6,0.097609947,0.998954178,2.268577242,,0.255924346,0.955283818,
0.4,5,0.7,300,1,1,0.000713215,0.999999944,2.587126428,,0.255928534,0.955282354,
0.2,8,0.7,200,3,0.8,0.037726441,0.999839489,2.426394946,,0.255943992,0.955276952,
0.2,7,0.7,200,3,0.8,0.037668338,0.999839902,2.427172005,,0.255949669,0.955274968,
0.4,5,0.7,400,1,1,0.000703088,0.999999946,2.587127896,,0.25595069,0.955274611,
0.3,6,0.8,400,10,1,0.002488056,0.999999325,2.448475162,,0.255954739,0.955273196,
0.3,7,0.8,400,10,1,0.002440906,0.999999352,2.441934297,,0.255959538,0.955271519,
0.3,8,0.8,400,10,1,0.002437613,0.999999354,2.441941867,,0.255959538,0.955271519,
0.4,7,0.8,300,10,0.8,0.0074637,0.999993805,2.493141981,,0.255989252,0.955261133,
0.2,7,0.7,100,3,0.8,0.202016878,0.995536148,2.359177172,,0.255998076,0.955258049,
0.4,6,0.7,200,5,1,0.003994739,0.99999822,2.420058319,,0.255999481,0.955257558,
0.2,8,0.7,100,3,0.8,0.202324873,0.99552167,2.360122755,,0.255999776,0.955257455,
0.4,5,0.7,100,1,1,0.000829084,0.999999924,2.587097989,,0.256022108,0.955249648,
0.3,6,0.7,100,1,0.8,0.002046348,0.999999519,2.377364905,,0.256023337,0.955249219,
0.2,4,0.8,200,5,1,0.031105307,0.99989431,2.471540274,,0.256027243,0.955247853,
0.3,4,0.8,400,1,1,0.000804818,0.999999928,2.513942533,,0.256033309,0.955245732,
0.2,5,0.8,100,10,1,0.586447668,0.962785717,2.086904639,,0.256039777,0.955243471,
0.3,3,0.7,100,1,1,0.006690581,0.999993782,2.568465703,,0.256050772,0.955239627,
0.2,5,0.8,300,3,1,0.001257222,0.999999827,2.520686494,,0.256065057,0.955234633,
0.2,5,0.8,400,3,1,0.001167277,0.999999851,2.520733798,,0.256068653,0.955233375,
0.3,4,0.8,100,1,1,0.001040752,0.99999988,2.513666214,,0.256081614,0.955228843,
0.4,6,0.8,400,10,0.6,0.008978491,0.999990919,2.236908415,,0.256082748,0.955228447,
0.3,4,0.7,100,3,1,0.048403519,0.999738804,2.413024673,,0.256086062,0.955227288,
0.3,4,0.8,200,1,1,0.000886637,0.999999912,2.51382021,,0.256127032,0.955212961,
0.2,4,0.6,200,3,0.8,0.102731844,0.998786949,2.383941748,,0.256144328,0.955206912,
0.4,6,0.7,200,5,0.8,0.011854991,0.999983558,2.585314074,,0.256158211,0.955202057,
0.1,7,0.6,300,5,1,0.273489858,0.991857672,2.085836537,,0.256163547,0.95520019,
0.1,8,0.6,300,5,1,0.273435243,0.991861542,2.085531413,,0.256163547,0.95520019,
0.3,4,0.8,300,1,1,0.00082779,0.999999924,2.513899402,,0.256175707,0.955195937,
0.3,7,0.7,200,1,0.6,0.000971121,0.999999897,2.331591484,,0.256179729,0.95519453,
0.3,8,0.7,200,1,0.6,0.000971121,0.999999897,2.331591484,,0.256179729,0.95519453,
0.3,6,0.7,200,1,0.6,0.000960226,0.999999899,2.333282617,,0.256183591,0.955193179,
0.3,5,0.7,400,3,1,0.001016206,0.999999887,2.452993566,,0.25618974,0.955191028,
0.3,6,0.7,100,5,0.8,0.207768089,0.995275945,2.396139586,,0.256209993,0.955183943,
0.4,4,0.8,100,3,0.8,0.009281899,0.99999006,2.450797947,,0.256228317,0.955177532,
0.2,4,0.7,300,10,0.6,0.358414912,0.985885392,2.078420179,,0.256230136,0.955176896,
0.3,6,0.7,200,1,0.8,0.000838088,0.999999923,2.378086323,,0.256281415,0.955158953,
0.3,5,0.7,300,3,1,0.001092069,0.999999869,2.452826934,,0.25628381,0.955158115,
0.2,7,0.8,300,5,0.6,0.040167506,0.999820943,2.288028398,,0.256307133,0.955149953,
0.2,8,0.8,300,5,0.6,0.040155197,0.999820961,2.288660252,,0.256307133,0.955149953,
0.3,6,0.7,300,1,0.8,0.000780276,0.999999933,2.378096649,,0.256311169,0.955148541,
0.4,6,0.7,300,10,0.8,0.029148087,0.999904733,2.345640102,,0.2563543,0.955133445,
0.3,6,0.7,400,1,0.6,0.000800537,0.99999993,2.33326896,,0.256357032,0.955132488,
0.3,6,0.7,300,1,0.6,0.000844514,0.999999922,2.333209847,,0.256357736,0.955132242,
0.4,4,0.7,200,5,1,0.00451453,0.999997745,2.424926819,,0.2563714,0.955127459,
0.3,5,0.7,100,10,0.6,0.643852189,0.954962832,2.001638518,,0.256372033,0.955127237,
0.2,7,0.7,400,5,1,0.002960509,0.999999043,2.381776826,,0.256376555,0.955125654,
0.2,8,0.7,400,5,1,0.002965211,0.99999904,2.381766098,,0.256376555,0.955125654,
0.1,7,0.9,400,10,1,0.103389695,0.998845681,2.495537529,,0.256410128,0.955113901,
0.1,8,0.9,400,10,1,0.10338873,0.998845699,2.495287115,,0.256410128,0.955113901,
0.2,6,0.9,200,5,0.8,0.023231955,0.999940738,2.552109921,,0.256432031,0.955106232,
0.1,6,0.9,400,10,1,0.103603838,0.998840987,2.494204516,,0.256466008,0.955094334,
0.3,6,0.7,400,1,0.8,0.000763613,0.999999936,2.37813049,,0.256476409,0.955090692,
0.3,7,0.7,300,1,0.6,0.00085011,0.999999921,2.331521806,,0.256513603,0.955077666,
0.3,8,0.7,300,1,0.6,0.00085011,0.999999921,2.331521806,,0.256513603,0.955077666,
0.4,7,0.8,300,10,0.6,0.031334709,0.999889957,2.228328647,,0.256550485,0.955064747,
0.2,7,0.9,200,5,0.6,0.070110192,0.99945961,2.321788037,,0.25655278,0.955063943,
0.2,8,0.9,200,5,0.6,0.070110799,0.999459601,2.321795279,,0.25655278,0.955063943,
0.3,6,0.8,400,10,0.6,0.0315642,0.999888815,2.272539088,,0.256572921,0.955056887,
0.2,3,0.9,200,5,0.8,0.075122346,0.999359007,2.503975281,,0.256587215,0.955051879,
0.3,7,0.7,400,1,0.6,0.000804333,0.999999929,2.3316524,,0.256598853,0.955047801,
0.3,8,0.7,400,1,0.6,0.000804333,0.999999929,2.3316524,,0.256598853,0.955047801,
0.4,5,0.8,100,3,1,0.003084882,0.999998933,2.562997343,,0.256609611,0.955044032,
0.1,6,0.8,200,3,1,0.069598998,0.999473062,2.374537134,,0.256620966,0.955040054,
0.2,4,0.8,100,1,0.6,0.016528839,0.999969221,2.189575908,,0.256626873,0.955037984,
0.3,7,0.8,400,10,0.6,0.031637771,0.999888214,2.275462726,,0.256634907,0.955035168,
0.3,8,0.8,400,10,0.6,0.031637771,0.999888214,2.275462726,,0.256634907,0.955035168,
0.2,7,0.8,100,3,1,0.066238625,0.999519643,2.473517844,,0.256652484,0.955029009,
0.4,7,0.7,300,10,0.8,0.029340584,0.999903398,2.334210129,,0.256653792,0.955028551,
0.3,5,0.7,200,1,0.6,0.00094676,0.999999902,2.319255588,,0.256673628,0.955021599,
0.3,6,0.7,100,10,0.6,0.644490301,0.954873226,1.991647617,,0.256681173,0.955018955,
0.3,7,0.7,100,10,0.6,0.644488839,0.954873408,1.991641955,,0.256681173,0.955018955,
0.3,8,0.7,100,10,0.6,0.644488839,0.954873408,1.991641955,,0.256681173,0.955018955,
0.2,4,0.7,400,5,1,0.003785846,0.999998407,2.388781095,,0.256709613,0.955008986,
0.4,3,0.9,100,3,0.8,0.021335613,0.999944703,2.605233027,,0.256728067,0.955002517,
0.2,5,0.8,300,10,0.8,0.107649145,0.99873471,2.393561015,,0.256734339,0.955000319,
0.4,4,0.8,100,3,1,0.004583109,0.999997585,2.524193542,,0.256753828,0.954993487,
0.4,5,0.8,200,3,1,0.001114809,0.999999863,2.564306157,,0.256754595,0.954993218,
0.4,5,0.8,400,3,1,0.000996087,0.999999891,2.564465443,,0.256789811,0.954980871,
0.4,6,0.8,400,10,0.8,0.002247654,0.999999449,2.476896347,,0.256797215,0.954978275,
0.2,6,0.8,200,3,1,0.003254882,0.999998832,2.518032627,,0.256803015,0.954976241,
0.4,5,0.8,200,5,0.8,0.002449216,0.999999343,2.538187111,,0.256836701,0.954964428,
0.1,7,0.9,400,3,0.6,0.018415142,0.999962729,2.358905926,,0.256855026,0.954958002,
0.2,5,0.7,300,3,1,0.001929284,0.999999592,2.450848998,,0.256861078,0.954955879,
0.1,5,0.8,400,3,1,0.003152442,0.999998883,2.422705704,,0.256874563,0.954951149,
0.1,8,0.9,400,3,0.6,0.018415653,0.999962726,2.358985737,,0.256875725,0.954950742,
0.3,5,0.7,300,1,0.6,0.000829195,0.999999925,2.319215936,,0.256902244,0.95494144,
0.4,5,0.7,400,5,1,0.001195,0.999999843,2.420239085,,0.256920229,0.954935131,
0.4,6,0.7,400,5,1,0.001201867,0.999999842,2.42133523,,0.25692802,0.954932398,
0.4,6,0.7,300,5,1,0.001319047,0.99999981,2.421264457,,0.256929691,0.954931811,
0.2,6,0.8,400,3,1,0.001163691,0.999999852,2.519173453,,0.256937856,0.954928947,
0.2,3,0.7,100,10,0.6,0.921523789,0.908106809,1.816721207,,0.25695264,0.95492376,
0.1,5,0.8,200,3,0.8,0.123189169,0.998345614,2.421980629,,0.256965805,0.954919141,
0.2,5,0.7,400,3,1,0.001167799,0.999999851,2.45134707,,0.256968435,0.954918218,
0.4,8,0.7,300,10,0.8,0.029247256,0.999903819,2.333252715,,0.256969747,0.954917758,
0.1,6,0.9,400,3,0.6,0.018419039,0.999962712,2.358618885,,0.256973511,0.954916437,
0.4,5,0.8,300,3,1,0.001021182,0.999999885,2.564407447,,0.256974558,0.95491607,
0.4,5,0.7,300,5,1,0.001313191,0.999999811,2.420062097,,0.256991765,0.954910032,
0.2,6,0.8,300,3,1,0.001238832,0.999999832,2.519098746,,0.256993368,0.954909469,
0.4,8,0.8,400,10,0.6,0.008993676,0.999990873,2.236983465,,0.257001074,0.954906765,
0.3,5,0.7,400,1,0.6,0.000793472,0.999999931,2.319277254,,0.257008736,0.954904076,
0.3,5,0.6,100,3,0.6,0.239381876,0.993526126,2.230313938,,0.257009294,0.95490388,
0.1,4,0.8,200,3,0.8,0.132084549,0.998101749,2.402797529,,0.257028752,0.954897052,
0.2,7,0.8,100,10,1,0.586154247,0.962818953,2.089829573,,0.257041671,0.954892518,
0.2,7,0.7,300,3,1,0.001846351,0.999999628,2.442391084,,0.25704283,0.954892111,
0.2,8,0.7,300,3,1,0.001840727,0.999999631,2.44098396,,0.25704283,0.954892111,
0.2,5,0.8,200,10,0.8,0.25327011,0.993021696,2.328447292,,0.257072592,0.954881665,
0.3,4,0.8,400,10,0.8,0.007791672,0.999993205,2.528164165,,0.257076012,0.954880464,
0.2,7,0.8,200,3,0.6,0.033076609,0.999878079,2.22031722,,0.257076407,0.954880326,
0.2,8,0.8,200,3,0.6,0.033075328,0.999878088,2.220243906,,0.257076407,0.954880326,
0.1,6,0.9,200,5,0.6,0.336835724,0.987656956,2.245507285,,0.257105625,0.954870069,
0.2,8,0.8,100,3,1,0.066205435,0.999520255,2.475580448,,0.257106638,0.954869713,
0.4,6,0.7,100,3,1,0.012138323,0.999982975,2.496036218,,0.257111674,0.954867945,
0.1,4,0.7,300,3,1,0.052687568,0.999694118,2.307291726,,0.257133618,0.954860241,
0.2,7,0.7,400,3,1,0.00114431,0.999999856,2.442855323,,0.257165825,0.954848933,
0.2,8,0.7,400,3,1,0.001147397,0.999999855,2.441483283,,0.257165825,0.954848933,
0.2,8,0.7,400,5,0.8,0.009161994,0.999990763,2.332250917,,0.25717205,0.954846747,
0.2,6,0.9,200,5,0.6,0.070165043,0.999458994,2.322945962,,0.25717597,0.95484537,
0.4,8,0.8,400,10,0.8,0.002225791,0.99999946,2.492671492,,0.257177452,0.95484485,
0.4,3,0.8,300,10,1,0.008365289,0.999992056,2.493850091,,0.257191233,0.95484001,
0.4,4,0.8,200,3,1,0.001143201,0.999999856,2.526699187,,0.257193066,0.954839366,
0.2,8,0.8,100,10,1,0.586177154,0.962816216,2.089833626,,0.257199799,0.954837002,
0.4,6,0.8,100,3,0.8,0.00612876,0.999995775,2.430739099,,0.257215104,0.954831627,
0.3,5,0.7,200,1,1,0.000794833,0.99999993,2.564407677,,0.257215794,0.954831384,
0.4,5,0.8,300,10,1,0.002785099,0.99999915,2.446875529,,0.257241034,0.954822519,
0.3,4,0.9,300,1,0.6,0.000942803,0.999999902,2.19622794,,0.257243817,0.954821542,
0.4,4,0.8,400,3,1,0.001007515,0.999999888,2.52688303,,0.257254502,0.954817789,
0.3,5,0.8,100,5,1,0.069528477,0.999472122,2.432495201,,0.257258617,0.954816343,
0.3,5,0.7,100,1,1,0.001134068,0.999999856,2.564381422,,0.257284505,0.954807249,
0.3,5,0.8,400,10,0.6,0.032072594,0.999885214,2.274050871,,0.25728694,0.954806394,
0.3,4,0.9,400,1,0.6,0.00090593,0.99999991,2.196219208,,0.257287649,0.954806144,
0.2,7,0.7,400,5,0.8,0.009137013,0.999990815,2.330966989,,0.25730083,0.954801514,
0.4,7,0.8,400,10,0.8,0.002215312,0.999999465,2.49537182,,0.257302267,0.954801009,
0.3,4,0.9,100,1,0.6,0.001224762,0.999999833,2.196285578,,0.25731554,0.954796346,
0.3,5,0.7,400,1,1,0.000740033,0.99999994,2.564475992,,0.257321179,0.954794364,
0.4,5,0.8,400,10,0.8,0.002333277,0.999999402,2.490410367,,0.257339391,0.954787965,
0.1,4,0.9,200,3,0.6,0.16075302,0.997186207,2.282211259,,0.257355155,0.954782426,
0.3,4,0.9,200,1,0.6,0.00100455,0.999999889,2.196290614,,0.257361868,0.954780067,
0.3,5,0.7,300,10,1,0.037338627,0.999847415,2.34001849,,0.257366282,0.954778516,
0.4,4,0.8,300,3,1,0.001030694,0.999999883,2.526852684,,0.257376309,0.954774992,
0.3,5,0.7,300,1,1,0.000757243,0.999999937,2.564465881,,0.257394662,0.954768542,
0.4,5,0.8,400,5,0.8,0.001297818,0.999999816,2.538488651,,0.257417572,0.95476049,
0.4,5,0.8,300,5,0.8,0.001390192,0.999999788,2.538459735,,0.257438052,0.954753291,
0.3,6,0.7,200,3,1,0.002007333,0.999999554,2.427389698,,0.257464435,0.954744017,
0.2,3,0.6,100,5,0.8,0.639185688,0.955461017,2.0340705,,0.257478679,0.954739009,
0.4,5,0.8,400,10,1,0.001908675,0.999999603,2.447572963,,0.25749937,0.954731734,
0.2,7,0.6,200,5,0.8,0.242717772,0.993429064,2.273886578,,0.257561307,0.954709955,
0.4,5,0.8,300,10,0.6,0.031585057,0.999888229,2.198739665,,0.257574017,0.954705485,
0.3,3,0.7,200,1,1,0.00083996,0.999999923,2.571438619,,0.257584611,0.954701759,
0.2,5,0.9,200,10,0.8,0.162183525,0.99714122,2.495461205,,0.257611056,0.954692457,
0.2,7,0.7,200,1,0.6,0.003519343,0.999998517,2.189227621,,0.257654521,0.954677167,
0.2,8,0.7,200,1,0.6,0.003526316,0.999998513,2.18977342,,0.257654521,0.954677167,
0.3,3,0.7,400,1,1,0.000738756,0.99999994,2.5715798,,0.25766031,0.95467513,
0.2,7,0.8,300,10,0.8,0.106396783,0.998763392,2.405400807,,0.257682313,0.954667389,
0.2,8,0.8,300,10,0.8,0.106377424,0.998763873,2.40327091,,0.257682313,0.954667389,
0.1,7,0.9,200,5,0.8,0.198487692,0.99572392,2.417744184,,0.257702266,0.954660368,
0.4,8,0.8,100,3,0.8,0.006060072,0.999995865,2.440120513,,0.257720151,0.954654075,
0.1,3,0.6,200,3,1,0.321387814,0.988723763,2.045206703,,0.257749437,0.954643768,
0.3,3,0.7,300,1,1,0.00075924,0.999999937,2.571511754,,0.257755719,0.954641557,
0.2,6,0.7,400,5,1,0.002973299,0.999999035,2.384349951,,0.257776631,0.954634197,
0.4,7,0.7,200,5,0.8,0.011960072,0.999983326,2.586429099,,0.25778146,0.954632497,
0.4,8,0.7,200,5,0.8,0.011970339,0.999983286,2.592114622,,0.25778146,0.954632497,
0.2,3,0.7,400,10,1,0.073798219,0.99940461,2.26839588,,0.257822619,0.954618009,
0.1,4,0.8,300,5,0.8,0.138391184,0.997919229,2.388041267,,0.25784932,0.954608608,
0.3,3,0.8,100,3,1,0.049796414,0.999721851,2.46442678,,0.257886895,0.954595378,
0.3,6,0.7,400,3,1,0.00100821,0.999999888,2.428024756,,0.257908989,0.954587598,
0.3,5,0.7,200,5,1,0.017576542,0.999965893,2.393150205,,0.257915259,0.95458539,
0.1,8,0.9,200,5,0.8,0.198409144,0.995726767,2.418092364,,0.257933873,0.954578834,
0.4,6,0.8,200,3,0.8,0.001159778,0.999999852,2.433716634,,0.257949959,0.954573169,
0.4,7,0.8,100,3,0.8,0.006105311,0.999995816,2.438933426,,0.257965657,0.95456764,
0.3,4,0.7,300,5,1,0.002509943,0.999999308,2.381212063,,0.257976451,0.954563838,
0.2,6,0.8,100,10,1,0.586435221,0.962783966,2.084610948,,0.257989278,0.954559319,
0.3,6,0.7,300,3,1,0.001085164,0.999999871,2.427883813,,0.258010875,0.954551711,
0.3,3,0.8,300,5,1,0.002444028,0.999999335,2.483491303,,0.258011466,0.954551503,
0.1,4,0.8,300,3,1,0.019295153,0.999958596,2.385774964,,0.258013773,0.95455069,
0.4,3,0.8,100,5,0.8,0.088613391,0.99911301,2.584446216,,0.258016347,0.954549783,
0.3,6,0.6,200,5,0.8,0.102947766,0.998766199,2.36124807,,0.258019521,0.954548665,
0.4,6,0.8,400,3,0.8,0.001034669,0.999999883,2.433864498,,0.258072988,0.954529826,
0.4,8,0.8,200,5,0.8,0.002299264,0.999999422,2.522982018,,0.258073502,0.954529645,
0.2,7,0.9,300,5,0.6,0.018963971,0.999960036,2.337712044,,0.258082823,0.95452636,
0.2,8,0.9,300,5,0.6,0.018967118,0.999960024,2.337725008,,0.258082823,0.95452636,
0.3,7,0.8,200,5,0.8,0.00994976,0.999988976,2.511124069,,0.258089814,0.954523897,
0.4,6,0.8,300,3,0.8,0.001064362,0.999999875,2.433833355,,0.258106529,0.954518006,
0.3,8,0.8,200,5,0.8,0.009876257,0.999989126,2.50806422,,0.258109961,0.954516797,
0.3,4,0.9,100,10,0.8,0.276124647,0.991754479,2.401125858,,0.258121133,0.954512859,
0.2,6,0.7,200,1,0.6,0.00354073,0.999998502,2.187987188,,0.258127951,0.954510456,
0.2,8,0.9,200,5,0.8,0.0229701,0.999941912,2.553443769,,0.258128809,0.954510153,
0.4,7,0.8,200,5,0.8,0.00229769,0.999999423,2.523389758,,0.258151544,0.95450214,
0.1,4,0.6,300,5,0.6,0.534528306,0.968755364,1.989091688,,0.258157172,0.954500156,
0.3,3,0.9,200,3,1,0.002079936,0.999999513,2.5594176,,0.258167956,0.954496355,
0.3,7,0.7,100,1,0.8,0.002034189,0.999999525,2.376652049,,0.258216458,0.954479256,
0.4,4,0.8,400,10,0.8,0.002531016,0.999999296,2.525543692,,0.258241638,0.954470377,
0.3,7,0.7,300,5,0.8,0.006380362,0.999995412,2.459920878,,0.258253351,0.954466247,
0.4,8,0.8,400,3,0.8,0.001026097,0.999999885,2.442813972,,0.258346204,0.954433499,
0.4,8,0.8,400,5,0.8,0.001297827,0.999999816,2.523203866,,0.258349688,0.95443227,
0.4,7,0.8,400,5,0.8,0.00129321,0.999999817,2.523697527,,0.258421689,0.954406867,
0.4,8,0.8,300,5,0.8,0.001350586,0.9999998,2.523147749,,0.258433766,0.954402606,
0.3,7,0.7,200,1,0.8,0.000838995,0.999999923,2.377238067,,0.258449294,0.954397126,
0.3,8,0.7,100,1,0.8,0.002032763,0.999999525,2.376814471,,0.258456672,0.954394522,
0.3,5,0.7,100,1,0.8,0.002077875,0.999999495,2.385338331,,0.258461624,0.954392774,
0.4,7,0.8,300,5,0.8,0.001348641,0.999999801,2.523655342,,0.258471342,0.954389345,
0.1,6,0.6,100,1,0.8,0.287162744,0.99084347,2.221857211,,0.258473989,0.954388411,
0.1,7,0.6,100,1,0.8,0.287132095,0.990845899,2.22171717,,0.258473989,0.954388411,
0.1,8,0.6,100,1,0.8,0.287136096,0.990845622,2.221718005,,0.258473989,0.954388411,
0.2,4,0.9,100,10,0.8,0.528863603,0.969770244,2.198861578,,0.258475938,0.954387723,
0.1,3,0.9,200,3,0.8,0.168224791,0.996865402,2.430822315,,0.258491573,0.954382205,
0.4,5,0.7,300,10,0.8,0.029485494,0.999902687,2.352704504,,0.258495156,0.95438094,
0.3,4,0.7,400,5,1,0.001372664,0.999999794,2.381829693,,0.258499048,0.954379566,
0.3,3,0.9,300,3,1,0.001334617,0.999999804,2.559454506,,0.258523806,0.954370827,
0.3,3,0.8,400,5,1,0.001448865,0.999999772,2.484102214,,0.258529088,0.954368963,
0.4,8,0.8,200,3,0.8,0.001151115,0.999999855,2.442707071,,0.258531097,0.954368253,
0.3,6,0.8,200,5,0.8,0.010013781,0.999988844,2.513994539,,0.258550178,0.954361517,
0.3,5,0.9,200,10,0.8,0.050853618,0.999717528,2.569122085,,0.25855509,0.954359783,
0.2,7,0.9,200,5,0.8,0.022976523,0.999941884,2.553062865,,0.258591669,0.954346868,
0.3,7,0.7,400,1,0.8,0.000758204,0.999999937,2.377335885,,0.25859549,0.954345519,
0.3,5,0.8,400,1,1,0.000796403,0.99999993,2.520591708,,0.258598363,0.954344505,
0.2,8,0.6,200,5,0.8,0.242772881,0.993426726,2.273883076,,0.258605517,0.954341979,
0.3,3,0.9,400,3,1,0.001234296,0.999999833,2.559529187,,0.258605612,0.954341945,
0.3,7,0.7,300,1,0.8,0.000780787,0.999999933,2.37726363,,0.258644094,0.954328356,
0.3,4,0.8,200,5,0.8,0.012957562,0.999981343,2.534598896,,0.258652885,0.954325251,
0.3,4,0.6,200,5,0.8,0.10562797,0.998710052,2.37537285,,0.258655039,0.95432449,
0.4,4,0.8,100,5,0.8,0.047007408,0.999757613,2.554572428,,0.258657018,0.954323791,
0.2,5,0.7,400,5,1,0.003067597,0.99999897,2.393322663,,0.258657318,0.954323685,
0.1,4,0.7,200,1,0.8,0.034715018,0.999859482,2.369917602,,0.258659348,0.954322968,
0.4,8,0.8,300,3,0.8,0.001050898,0.999999878,2.442777509,,0.258665429,0.954320821,
0.4,4,0.8,200,3,0.8,0.001236172,0.999999832,2.454396428,,0.258670287,0.954319105,
0.3,5,0.8,100,1,1,0.000970732,0.999999896,2.520418072,,0.258694319,0.954310617,
0.4,4,0.7,300,5,1,0.001365237,0.999999795,2.426115358,,0.258703426,0.9543074,
0.2,6,0.7,400,5,0.8,0.009057276,0.999990989,2.327310922,,0.258718135,0.954302204,
0.3,5,0.8,200,1,1,0.000867797,0.999999917,2.52053261,,0.258719815,0.95430161,
0.3,5,0.8,300,1,1,0.000811628,0.999999927,2.520583855,,0.25872077,0.954301273,
0.2,5,0.8,400,5,0.6,0.012767463,0.999981836,2.302066924,,0.25872763,0.954298849,
0.3,5,0.7,200,1,0.8,0.000850837,0.99999992,2.386257635,,0.258746824,0.954292068,
0.4,7,0.8,300,3,0.8,0.001051873,0.999999878,2.441999236,,0.258751431,0.954290441,
0.4,4,0.8,400,3,0.8,0.001032487,0.999999884,2.454522895,,0.258752326,0.954290124,
0.4,4,0.8,300,3,0.8,0.001062532,0.999999876,2.454518693,,0.258752594,0.95429003,
0.1,7,0.9,200,5,0.6,0.336725735,0.987664926,2.245717793,,0.258762094,0.954286673,
0.1,8,0.9,200,5,0.6,0.336725754,0.987664924,2.245717257,,0.258762094,0.954286673,
0.4,7,0.8,200,3,0.8,0.001151164,0.999999855,2.441906789,,0.258764687,0.954285757,
0.3,6,0.7,200,5,0.6,0.0874001,0.999143691,2.243982963,,0.258767101,0.954284904,
0.4,3,0.7,100,3,1,0.031952508,0.999879459,2.525856288,,0.258792507,0.954275927,
0.4,7,0.8,400,3,0.8,0.001026055,0.999999885,2.442033628,,0.258814082,0.954268303,
0.2,5,0.6,200,3,0.8,0.097724669,0.998897828,2.367625871,,0.258826004,0.954264089,
0.2,6,0.8,200,5,1,0.02533602,0.999929981,2.452469731,,0.258826762,0.954263822,
0.4,5,0.6,100,5,1,0.162225281,0.99703087,2.345344965,,0.258835689,0.954260667,
0.4,5,0.7,300,10,1,0.011144456,0.999986344,2.375704208,,0.258836516,0.954260374,
0.3,8,0.7,200,1,0.8,0.000843604,0.999999922,2.377382489,,0.25884418,0.954257666,
0.3,6,0.9,200,10,0.6,0.124517862,0.998302314,2.343568901,,0.25885555,0.954253647,
0.2,6,0.9,300,5,0.8,0.003177035,0.999998894,2.559743384,,0.25888424,0.954243506,
0.4,3,0.6,100,5,1,0.18508429,0.996173317,2.350234379,,0.258885984,0.954242889,
0.3,5,0.7,300,1,0.8,0.000789082,0.999999931,2.386302369,,0.258899063,0.954238266,
0.2,7,0.9,100,10,0.8,0.523329344,0.970387773,2.224503422,,0.258899231,0.954238207,
0.2,8,0.9,100,10,0.8,0.52319216,0.970402859,2.224860201,,0.258899231,0.954238207,
0.1,5,0.6,300,5,0.8,0.381749938,0.984074221,2.050425442,,0.258907211,0.954235386,
0.2,6,0.9,400,5,0.8,0.001654536,0.999999701,2.560329178,,0.258909441,0.954234597,
0.4,6,0.7,200,1,1,0.000765637,0.999999935,2.609761925,,0.258915672,0.954232394,
0.3,5,0.7,400,1,0.8,0.000758655,0.999999936,2.386361794,,0.258935873,0.954225252,
0.2,8,0.9,200,10,0.8,0.161239033,0.997173107,2.496450955,,0.258972855,0.954212176,
0.4,4,0.7,400,5,1,0.001214795,0.999999838,2.426250601,,0.258977839,0.954210414,
0.1,4,0.7,200,1,1,0.016769363,0.999967597,2.50030017,,0.258984345,0.954208113,
0.4,7,0.7,200,1,1,0.000754056,0.999999937,2.609815018,,0.25898907,0.954206442,
0.4,8,0.7,200,1,1,0.000756515,0.999999937,2.609840767,,0.25898907,0.954206442,
0.4,6,0.7,100,1,1,0.000838421,0.999999922,2.609533796,,0.258990885,0.9542058,
0.2,4,0.8,200,3,1,0.005224236,0.999996884,2.533565694,,0.258995681,0.954204104,
0.4,7,0.7,400,1,1,0.000704095,0.999999945,2.609904544,,0.259026506,0.954193203,
0.4,8,0.7,400,1,1,0.000709568,0.999999944,2.609947817,,0.259026506,0.954193203,
0.4,6,0.7,300,1,1,0.000724357,0.999999942,2.609692814,,0.259039171,0.954188723,
0.3,4,0.9,100,10,1,0.223638872,0.994598029,2.331265042,,0.25905737,0.954182286,
0.4,6,0.7,400,1,1,0.000699544,0.999999946,2.609770911,,0.259059868,0.954181402,
0.3,8,0.7,400,1,0.8,0.000759534,0.999999936,2.377477983,,0.259081004,0.954173926,
0.3,8,0.7,300,1,0.8,0.000784897,0.999999932,2.377366329,,0.259102462,0.954166334,
0.2,6,0.9,300,5,0.6,0.018977079,0.999959958,2.33896164,,0.259112869,0.954162652,
0.2,4,0.7,300,3,1,0.002344533,0.99999939,2.427011149,,0.259125417,0.954158212,
0.4,7,0.7,300,1,1,0.000718681,0.999999943,2.609796675,,0.259126668,0.95415777,
0.4,8,0.7,300,1,1,0.00072233,0.999999943,2.609810801,,0.259126668,0.95415777,
0.4,7,0.7,100,3,1,0.011872472,0.999983782,2.499057392,,0.25914,0.954153053,
0.4,8,0.7,100,3,1,0.01193506,0.99998361,2.497843543,,0.259140328,0.954152937,
0.4,7,0.7,100,1,1,0.000837341,0.999999922,2.609677235,,0.25916129,0.954145519,
0.4,8,0.7,100,1,1,0.000840227,0.999999922,2.609688381,,0.25916129,0.954145519,
0.4,3,0.9,200,3,1,0.001422632,0.999999777,2.688800113,,0.259199253,0.954132084,
0.4,4,0.8,400,10,0.6,0.01083234,0.999986489,2.241918931,,0.25920148,0.954131296,
0.2,5,0.9,300,10,0.8,0.052002403,0.99970542,2.554518232,,0.259208903,0.954128669,
0.1,6,0.9,200,5,0.8,0.198654131,0.995716707,2.417563328,,0.259227162,0.954122206,
0.2,6,0.7,100,3,0.8,0.202250757,0.995525314,2.355546921,,0.25923527,0.954119336,
0.1,5,0.9,200,5,0.8,0.199509707,0.99568165,2.415957713,,0.259243322,0.954116486,
0.3,7,0.7,200,1,1,0.000812577,0.999999927,2.545050562,,0.259293773,0.954098626,
0.3,8,0.7,200,1,1,0.000811319,0.999999928,2.545045496,,0.259293773,0.954098626,
0.3,8,0.7,200,3,1,0.0019968,0.999999558,2.429875085,,0.259305425,0.9540945,
0.3,7,0.7,100,1,1,0.001118234,0.999999861,2.545019173,,0.259346362,0.954080005,
0.3,8,0.7,100,1,1,0.001115815,0.999999861,2.545017027,,0.259346362,0.954080005,
0.4,3,0.9,400,3,1,0.00113302,0.999999858,2.688866207,,0.259346781,0.954079856,
0.4,3,0.9,300,3,1,0.001189187,0.999999844,2.688875446,,0.259405016,0.954059232,
0.3,6,0.7,200,1,1,0.000813593,0.999999927,2.544601963,,0.25940601,0.95405888,
0.4,3,0.8,400,10,1,0.002479147,0.999999331,2.497239063,,0.259427592,0.954051235,
0.2,6,0.9,200,10,0.8,0.161249429,0.997173279,2.497968504,,0.259431632,0.954049804,
0.2,6,0.9,100,10,0.8,0.523177996,0.970403778,2.223467598,,0.259442695,0.954045885,
0.4,5,0.8,100,5,1,0.024826754,0.999932112,2.463149741,,0.259446976,0.954044368,
0.3,8,0.7,300,5,0.8,0.006337555,0.999995475,2.458743775,,0.259463508,0.954038511,
0.2,5,0.7,200,1,0.6,0.003603433,0.999998461,2.211119982,,0.259465682,0.954037741,
0.3,4,0.7,400,10,1,0.010125381,0.9999888,2.36788624,,0.259474447,0.954034636,
0.2,5,0.6,100,10,1,0.906020531,0.911080191,1.742576183,,0.259510705,0.954021789,
0.3,7,0.7,200,3,1,0.001990972,0.999999562,2.42967465,,0.259513875,0.954020666,
0.4,6,0.7,200,3,1,0.001140118,0.999999857,2.501236835,,0.259521604,0.954017927,
0.3,7,0.7,400,1,1,0.00075204,0.999999938,2.545102389,,0.259543977,0.954009998,
0.3,8,0.7,400,1,1,0.000752148,0.999999938,2.545100034,,0.259543977,0.954009998,
0.4,7,0.8,400,10,0.6,0.008993693,0.999990873,2.236970322,,0.259547171,0.954008866,
0.2,4,0.7,400,3,1,0.001186401,0.999999846,2.42765745,,0.259555467,0.954005926,
0.4,5,0.7,300,10,0.6,0.079999565,0.999281671,2.174070449,,0.259564091,0.95400287,
0.3,6,0.7,300,1,1,0.000766531,0.999999935,2.544676543,,0.259571193,0.954000353,
0.3,6,0.7,400,1,1,0.00074374,0.999999939,2.544674994,,0.259574435,0.953999204,
0.3,5,0.8,400,5,0.8,0.001423644,0.999999778,2.504877621,,0.259584933,0.953995483,
0.3,7,0.7,400,3,1,0.001006204,0.999999889,2.430239314,,0.259633921,0.953978118,
0.3,6,0.7,100,1,1,0.001120145,0.99999986,2.544402913,,0.259656087,0.953970259,
0.2,6,0.8,400,5,0.6,0.012356906,0.999982965,2.300519707,,0.259658883,0.953969268,
0.3,5,0.8,300,5,0.8,0.001718,0.999999677,2.504717404,,0.259664241,0.953967368,
0.2,7,0.8,200,5,1,0.024882631,0.999932393,2.457624385,,0.259672988,0.953964267,
0.2,8,0.8,200,5,1,0.024946606,0.999932062,2.456680397,,0.259672988,0.953964267,
0.3,7,0.7,300,3,1,0.001090516,0.999999869,2.43007976,,0.25967411,0.953963869,
0.2,5,0.7,200,3,0.8,0.038303915,0.999835305,2.415028706,,0.259675212,0.953963478,
0.3,7,0.7,300,1,1,0.000768123,0.999999935,2.545101919,,0.259676964,0.953962857,
0.3,8,0.7,300,1,1,0.000767662,0.999999935,2.545094349,,0.259676964,0.953962857,
0.1,3,0.9,300,10,0.6,0.568091469,0.964888726,2.045465856,,0.259682768,0.953960799,
0.3,8,0.7,400,3,1,0.001011234,0.999999888,2.430380391,,0.259684199,0.953960291,
0.3,7,0.7,400,5,0.8,0.001547603,0.999999739,2.461532922,,0.25970096,0.953954348,
0.3,4,0.8,100,10,0.6,0.469640491,0.976100526,2.057399193,,0.259720604,0.953947382,
0.1,6,0.6,200,1,0.8,0.072166364,0.999392688,2.30699993,,0.259726529,0.953945281,
0.4,6,0.7,300,3,1,0.000990091,0.999999893,2.501308227,,0.259738765,0.953940941,
0.3,8,0.7,300,3,1,0.001099127,0.999999867,2.430282319,,0.259744431,0.953938932,
0.2,7,0.9,200,10,0.8,0.161321293,0.997170232,2.49633413,,0.259753302,0.953935786,
0.4,6,0.6,200,10,0.8,0.218327153,0.994599031,2.307594167,,0.259773566,0.953928598,
0.4,7,0.6,200,10,0.8,0.217916786,0.994621168,2.306071693,,0.259773566,0.953928598,
0.4,8,0.6,200,10,0.8,0.217916846,0.994621165,2.306069964,,0.259773566,0.953928598,
0.3,6,0.7,200,10,0.6,0.342619198,0.987002061,2.150499726,,0.259786526,0.953924001,
0.3,7,0.7,200,10,0.6,0.342611726,0.987002481,2.150521183,,0.259786526,0.953924001,
0.3,8,0.7,200,10,0.6,0.342611726,0.987002481,2.150521183,,0.259786526,0.953924001,
0.2,5,0.8,200,3,0.6,0.034599256,0.999866817,2.221451041,,0.25980838,0.953916249,
0.3,3,0.7,200,10,0.8,0.23961169,0.993693986,2.277571948,,0.259809029,0.953916018,
0.3,7,0.7,200,5,0.6,0.087415197,0.999142553,2.247481033,,0.259818439,0.95391268,
0.3,8,0.7,200,5,0.6,0.087429604,0.999142342,2.247663244,,0.259818439,0.95391268,
0.3,5,0.8,300,10,1,0.010996037,0.999986847,2.450340846,,0.259822322,0.953911303,
0.1,4,0.8,400,3,0.6,0.043271268,0.999794034,2.324268395,,0.259839711,0.953905133,
0.4,6,0.7,400,3,1,0.000948604,0.999999902,2.501394043,,0.259889781,0.953887367,
0.3,4,0.9,100,5,0.6,0.110727713,0.998661178,2.206367015,,0.259892582,0.953886373,
0.2,7,0.9,400,5,0.6,0.004364926,0.999997895,2.34370088,,0.259901137,0.953883337,
0.2,8,0.9,400,5,0.6,0.00436482,0.999997895,2.343722487,,0.259901137,0.953883337,
0.1,5,0.9,300,5,0.8,0.069596572,0.999473108,2.499184126,,0.259929635,0.953873223,
0.2,7,0.8,400,5,0.6,0.012282304,0.999983161,2.299667181,,0.259957612,0.953863293,
0.2,8,0.8,400,5,0.6,0.012275855,0.999983167,2.300275506,,0.259957612,0.953863293,
0.3,8,0.8,400,5,0.8,0.001390455,0.999999788,2.510434994,,0.259963164,0.953861323,
0.4,3,0.9,100,5,1,0.050580971,0.999713197,2.51742311,,0.2599761,0.953856731,
0.4,3,0.6,100,5,0.8,0.269534694,0.99185278,2.488714843,,0.260000595,0.953848035,
0.1,6,0.8,400,3,0.6,0.03944594,0.999828253,2.292139614,,0.260017186,0.953842145,
0.2,4,0.8,400,10,1,0.0193308,0.999959228,2.476572657,,0.260044933,0.953832293,
0.2,7,0.7,400,1,0.6,0.000862595,0.999999919,2.189845505,,0.260047481,0.953831388,
0.2,8,0.7,400,1,0.6,0.000862383,0.999999919,2.190319123,,0.260047481,0.953831388,
0.3,6,0.8,400,5,0.8,0.001405748,0.999999783,2.515817532,,0.260051873,0.953829829,
0.3,8,0.8,300,5,0.8,0.001600945,0.999999719,2.510255361,,0.26005214,0.953829734,
0.3,7,0.8,400,5,0.8,0.001393816,0.999999787,2.513206163,,0.260059607,0.953827082,
0.1,8,0.8,200,3,1,0.069417601,0.999476005,2.378405714,,0.260082106,0.953819093,
0.2,5,0.9,200,3,0.6,0.015481133,0.999973376,2.275019725,,0.260109038,0.953809528,
0.2,7,0.7,300,1,0.6,0.000928154,0.999999906,2.18980741,,0.260109689,0.953809297,
0.2,8,0.7,300,1,0.6,0.000930337,0.999999905,2.190297688,,0.260109689,0.953809297,
0.3,7,0.8,300,5,0.8,0.001604245,0.999999718,2.513031522,,0.260113568,0.953807919,
0.4,5,0.7,100,3,0.8,0.02550254,0.999927664,2.502118001,,0.260117582,0.953806494,
0.3,6,0.8,300,5,0.8,0.001624784,0.999999711,2.515696013,,0.260135413,0.95380016,
0.4,6,0.6,200,5,0.8,0.044801141,0.999757292,2.478392863,,0.260136251,0.953799862,
0.3,4,0.8,200,5,1,0.005062315,0.999997112,2.514697479,,0.260142076,0.953797793,
0.2,3,0.7,300,3,1,0.007514069,0.999993467,2.405441882,,0.26014619,0.953796332,
0.4,6,0.7,400,5,0.8,0.001288229,0.999999818,2.588502416,,0.260181844,0.953783666,
0.3,4,0.7,100,1,0.8,0.002764447,0.999999074,2.393601612,,0.260190046,0.953780753,
0.4,6,0.7,300,5,0.8,0.001584006,0.999999726,2.588243442,,0.260200984,0.953776867,
0.2,6,0.7,200,3,0.8,0.03792114,0.999837961,2.417740896,,0.260217563,0.953770976,
0.1,3,0.9,400,5,0.8,0.077404403,0.999325368,2.379739711,,0.260226593,0.953767767,
0.4,7,0.6,200,5,0.8,0.044655088,0.99975868,2.472445623,,0.260234394,0.953764996,
0.4,8,0.6,200,5,0.8,0.044772504,0.999757677,2.473138825,,0.260234394,0.953764996,
0.2,3,0.7,100,5,0.6,0.564456318,0.965265584,2.033914166,,0.260251569,0.953758893,
0.1,8,0.6,200,1,0.8,0.072329853,0.999389794,2.30562614,,0.260260622,0.953755675,
0.1,4,0.8,200,5,0.8,0.302499802,0.990082045,2.289374063,,0.260297293,0.953742643,
0.2,8,0.8,200,3,1,0.003193129,0.999998875,2.519179935,,0.260351737,0.95372329,
0.2,4,0.8,200,1,0.6,0.001363958,0.99999979,2.195461546,,0.260364503,0.953718752,
0.2,8,0.9,300,5,0.8,0.003116054,0.999998933,2.560947621,,0.260379661,0.953713363,
0.2,7,0.8,400,3,1,0.001160875,0.999999852,2.518211031,,0.260380019,0.953713236,
0.2,6,0.7,300,1,0.6,0.000928424,0.999999906,2.188516388,,0.260389214,0.953709966,
0.2,6,0.7,400,1,0.6,0.000857868,0.999999919,2.18863302,,0.260389437,0.953709887,
0.2,8,0.9,300,10,0.8,0.05102513,0.999716097,2.55250358,,0.260396375,0.95370742,
0.2,6,0.9,300,10,0.8,0.051250867,0.999713514,2.553643325,,0.260399754,0.953706219,
0.2,7,0.8,200,3,1,0.003193461,0.999998874,2.517067918,,0.260403409,0.953704919,
0.2,3,0.6,100,10,1,0.917073106,0.908857181,1.741248018,,0.260413402,0.953701366,
0.4,4,0.7,100,5,0.8,0.110456102,0.99863699,2.530791083,,0.260417031,0.953700076,
0.2,4,0.8,400,1,0.6,0.000928395,0.999999905,2.195724999,,0.260432674,0.953694513,
0.3,7,0.7,200,5,1,0.017362141,0.999966632,2.384034501,,0.260437884,0.95369266,
0.3,8,0.7,200,5,1,0.017319912,0.999966822,2.382582413,,0.260437884,0.95369266,
0.1,7,0.8,200,3,1,0.069390891,0.999476299,2.379670674,,0.260439441,0.953692107,
0.2,6,0.7,400,3,1,0.001156781,0.999999853,2.446547056,,0.260447695,0.953689171,
0.2,7,0.8,300,3,1,0.001232143,0.999999834,2.518099571,,0.260449756,0.953688438,
0.2,8,0.8,400,3,1,0.001148811,0.999999855,2.520287896,,0.260455885,0.953686259,
0.2,8,0.9,400,5,0.8,0.001608422,0.999999718,2.561568016,,0.260480332,0.953677564,
0.2,5,0.9,400,3,0.6,0.001403304,0.999999783,2.28114069,,0.26048728,0.953675093,
0.3,7,0.9,200,10,0.6,0.124613196,0.99829957,2.346256072,,0.260488903,0.953674516,
0.3,8,0.9,200,10,0.6,0.124618244,0.99829945,2.346233571,,0.260488903,0.953674516,
0.4,7,0.7,200,3,1,0.001139194,0.999999858,2.504990498,,0.260502292,0.953669753,
0.1,8,0.7,400,5,1,0.064374233,0.999549934,2.292731689,,0.2605085,0.953667545,
0.4,8,0.7,200,3,1,0.001133804,0.999999859,2.503822396,,0.260511506,0.953666476,
0.2,4,0.6,200,5,0.6,0.360722644,0.985482474,2.136518875,,0.260511523,0.95366647,
0.2,8,0.8,300,3,1,0.00122107,0.999999837,2.520180235,,0.260514368,0.953665458,
0.4,3,0.9,100,1,0.8,0.0013464,0.999999799,2.58816967,,0.260535313,0.953658007,
0.1,5,0.6,100,1,0.8,0.287402754,0.990828488,2.2240047,,0.260545805,0.953654275,
0.4,6,0.7,300,10,1,0.010934023,0.999986835,2.375664758,,0.260562411,0.953648367,
0.2,4,0.8,300,1,0.6,0.000981638,0.999999894,2.195618597,,0.260567527,0.953646546,
0.2,6,0.8,100,3,0.8,0.100378963,0.99889601,2.464545811,,0.260567877,0.953646422,
0.2,5,0.9,300,3,0.6,0.002504044,0.999999303,2.28074949,,0.26056859,0.953646168,
0.2,4,0.6,200,10,0.8,0.561931613,0.965653591,1.962557153,,0.260574932,0.953643912,
0.1,5,0.7,400,5,1,0.065383636,0.999535211,2.299329685,,0.260576133,0.953643484,
0.2,6,0.7,300,3,1,0.001857491,0.999999623,2.446102166,,0.26058498,0.953640337,
0.1,7,0.8,400,3,0.6,0.039370399,0.999828914,2.291559035,,0.260622617,0.953626944,
0.1,8,0.8,400,3,0.6,0.039355954,0.999829048,2.291636819,,0.260622617,0.953626944,
0.2,7,0.9,300,10,0.8,0.051079962,0.999715386,2.552102903,,0.260637056,0.953621806,
0.3,4,0.8,100,3,1,0.018885645,0.999958932,2.465287501,,0.260705817,0.953597331,
0.4,7,0.7,300,3,1,0.001008737,0.999999888,2.505190873,,0.260717604,0.953593135,
0.3,5,0.8,100,10,1,0.307705365,0.989734347,2.264865795,,0.260723605,0.953590999,
0.4,8,0.7,400,3,1,0.000952595,0.999999901,2.504057141,,0.260735364,0.953586813,
0.3,7,0.7,100,3,0.8,0.070377701,0.999450867,2.462546214,,0.260751203,0.953581174,
0.3,8,0.7,100,3,0.8,0.070416165,0.999450259,2.462361827,,0.260751203,0.953581174,
0.3,4,0.7,200,1,0.8,0.000862277,0.999999918,2.394443491,,0.260761376,0.953577551,
0.4,8,0.7,300,3,1,0.001002454,0.99999989,2.504025871,,0.260787107,0.95356839,
0.1,6,0.7,400,5,1,0.064384393,0.999549794,2.296731332,,0.260807858,0.953561,
0.3,8,0.7,400,5,0.8,0.001549533,0.999999738,2.460348414,,0.260818785,0.953557109,
0.2,4,0.8,300,5,0.6,0.044719043,0.999777859,2.31674155,,0.2608205,0.953556498,
0.1,8,0.7,400,3,0.8,0.030214205,0.999900026,2.342424149,,0.260825445,0.953554737,
0.4,3,0.9,200,1,0.8,0.000977175,0.999999895,2.588267377,,0.260842619,0.95354862,
0.1,7,0.7,400,5,1,0.06421282,0.999552006,2.294592867,,0.260851728,0.953545376,
0.4,7,0.7,400,3,1,0.000950332,0.999999901,2.505240949,,0.260854341,0.953544445,
0.1,7,0.6,200,1,0.8,0.072469131,0.999386949,2.305635185,,0.26085515,0.953544157,
0.4,4,0.7,100,1,0.6,0.001573018,0.999999718,2.318089751,,0.260860854,0.953542125,
0.3,4,0.7,300,1,0.8,0.000793198,0.999999931,2.394475647,,0.260862055,0.953541698,
0.3,4,0.7,400,1,0.8,0.000772672,0.999999934,2.394485273,,0.260869744,0.953538959,
0.2,6,0.9,400,5,0.6,0.004379567,0.999997878,2.345081398,,0.260875679,0.953536845,
0.2,7,0.9,300,5,0.8,0.003117377,0.999998932,2.560431519,,0.260901537,0.953527633,
0.4,4,0.7,400,10,0.8,0.007423464,0.9999938,2.381242054,,0.260902277,0.95352737,
0.1,6,0.8,300,3,1,0.014776899,0.999976155,2.407781387,,0.260929618,0.953517629,
0.2,7,0.9,400,5,0.8,0.001606528,0.999999718,2.561089346,,0.26095941,0.953507014,
0.3,5,0.9,200,10,0.6,0.1254055,0.998280648,2.335789392,,0.260963452,0.953505574,
0.1,4,0.8,200,1,1,0.0048606,0.999997116,2.549470366,,0.261039218,0.953478572,
0.2,6,0.8,200,3,0.6,0.033282871,0.999876596,2.220281837,,0.261043538,0.953477033,
0.1,7,0.7,400,3,0.8,0.03020987,0.999900115,2.342898222,,0.261068366,0.953468183,
0.1,4,0.7,100,1,1,0.138083778,0.997890353,2.455400557,,0.261104885,0.953455164,
0.4,5,0.7,100,3,1,0.012589392,0.99998154,2.524889605,,0.26111209,0.953452595,
0.2,4,0.6,100,3,1,0.273112576,0.991792043,2.221669062,,0.261113538,0.953452078,
0.2,3,0.9,100,3,1,0.121555298,0.998374331,2.501264887,,0.261144897,0.953440897,
0.3,3,0.9,100,10,0.6,0.458549537,0.977183539,2.12806344,,0.261158779,0.953435947,
0.2,5,0.7,100,1,1,0.009897807,0.999988547,2.390399979,,0.261172623,0.95343101,
0.4,3,0.9,400,1,0.8,0.000868122,0.999999917,2.588321941,,0.261175306,0.953430054,
0.4,3,0.9,300,1,0.8,0.000891604,0.999999913,2.588326806,,0.261185477,0.953426426,
0.3,7,0.9,100,10,0.8,0.265532422,0.992367553,2.411543393,,0.261263608,0.953398558,
0.3,8,0.9,100,10,0.8,0.265514922,0.992368485,2.411815638,,0.261263608,0.953398558,
0.4,4,0.7,200,1,0.6,0.000888719,0.999999913,2.318390203,,0.261271303,0.953395813,
0.2,8,0.9,200,3,0.6,0.014450037,0.99997688,2.285229747,,0.261282797,0.953391712,
0.4,5,0.8,400,10,0.6,0.009379296,0.999990031,2.208422916,,0.26131603,0.953379855,
0.2,7,0.9,200,3,0.6,0.014449445,0.999976882,2.285418724,,0.26132828,0.953375484,
0.1,4,0.7,400,5,1,0.071183724,0.999447785,2.308004813,,0.261357106,0.953365198,
0.2,8,0.9,200,10,1,0.102666893,0.998860144,2.410889352,,0.261393341,0.953352266,
0.1,5,0.7,400,3,0.8,0.030837487,0.99989596,2.348697783,,0.261423732,0.953341418,
0.2,4,0.6,300,10,0.8,0.357194484,0.986043422,2.041988844,,0.261449407,0.953332253,
0.2,4,0.8,400,3,1,0.001207784,0.999999841,2.53600526,,0.26147771,0.953322148,
0.4,3,0.8,200,5,1,0.004017109,0.999998219,2.483928593,,0.261493695,0.953316441,
0.2,5,0.8,400,10,0.8,0.039414839,0.999830478,2.421733955,,0.261498322,0.953314789,
0.4,3,0.9,100,5,0.8,0.066768743,0.999481206,2.571904773,,0.261515181,0.953308769,
0.1,4,0.8,400,5,0.8,0.056752314,0.999649085,2.433199475,,0.261518252,0.953307673,
0.4,4,0.7,400,1,0.6,0.000760486,0.999999936,2.318562639,,0.261522389,0.953306195,
0.2,6,0.7,100,1,0.8,0.018227951,0.999961648,2.407991783,,0.261529575,0.953303629,
0.4,4,0.7,300,1,0.6,0.000789493,0.999999931,2.318512832,,0.261530504,0.953303297,
0.2,4,0.8,300,3,1,0.001362636,0.999999798,2.535888286,,0.261552731,0.95329536,
0.3,6,0.7,100,3,0.8,0.070078649,0.999455148,2.45861154,,0.261573451,0.95328796,
0.1,6,0.8,400,3,1,0.002710578,0.999999195,2.414284417,,0.261597466,0.953279382,
0.3,5,0.6,200,5,1,0.050887522,0.999704729,2.31209085,,0.261691028,0.953245956,
0.3,3,0.9,100,3,0.8,0.054925088,0.999654083,2.518526154,,0.26170606,0.953240585,
0.3,6,0.8,100,10,0.6,0.464488136,0.976596783,2.066680634,,0.261725664,0.953233579,
0.3,7,0.8,100,10,0.6,0.46441805,0.976603523,2.065344656,,0.261725664,0.953233579,
0.3,8,0.8,100,10,0.6,0.46441805,0.976603523,2.065344656,,0.261725664,0.953233579,
0.2,5,0.7,400,1,0.6,0.00087484,0.999999916,2.211652453,,0.261740326,0.953228339,
0.1,5,0.8,400,3,0.6,0.040124529,0.999822146,2.302812824,,0.261751054,0.953224505,
0.2,4,0.8,100,5,1,0.214427798,0.995013598,2.329525435,,0.261754379,0.953223316,
0.1,5,0.7,100,1,0.8,0.175660274,0.996611943,2.279422441,,0.261755935,0.95322276,
0.4,3,0.9,100,1,1,0.001097138,0.999999867,2.597298453,,0.261774004,0.953216302,
0.3,3,0.9,200,10,0.8,0.108947909,0.998675528,2.471833805,,0.261796918,0.953208111,
0.3,5,0.7,100,3,0.8,0.071130982,0.999440303,2.456609279,,0.261798271,0.953207628,
0.2,5,0.7,300,1,0.6,0.000952198,0.999999901,2.211613963,,0.261853198,0.953187991,
0.3,6,0.7,400,10,1,0.008818775,0.999991554,2.351990679,,0.261867288,0.953182953,
0.1,5,0.8,200,1,1,0.002973791,0.999998949,2.560569056,,0.261918735,0.953164556,
0.2,4,0.7,100,5,0.8,0.417475669,0.981074653,2.169757018,,0.261919108,0.953164422,
0.3,7,0.7,400,10,1,0.008811223,0.999991565,2.351414086,,0.261921028,0.953163736,
0.3,8,0.7,400,10,1,0.008802861,0.999991581,2.352217825,,0.261921028,0.953163736,
0.1,4,0.8,100,1,1,0.072723708,0.999403749,2.509459124,,0.261922981,0.953163037,
0.3,3,0.9,200,5,0.8,0.021200416,0.999946161,2.520155707,,0.261932875,0.953159499,
0.4,8,0.7,300,10,1,0.010889856,0.999986905,2.379094059,,0.261938787,0.953157384,
0.1,5,0.7,300,3,1,0.047757556,0.999749361,2.31232343,,0.261942616,0.953156015,
0.2,7,0.6,100,10,1,0.905902186,0.911103548,1.744074673,,0.261959009,0.953150151,
0.2,8,0.6,100,10,1,0.905902186,0.911103548,1.744074673,,0.261959009,0.953150151,
0.2,6,0.6,100,10,1,0.905904152,0.911103195,1.74405113,,0.26197373,0.953144886,
0.1,5,0.8,300,3,0.8,0.037608436,0.999844902,2.457790861,,0.261981879,0.953141971,
0.4,7,0.7,300,10,1,0.010871091,0.999986951,2.37582312,,0.261987321,0.953140024,
0.4,7,0.7,300,5,0.8,0.001540518,0.999999741,2.589116031,,0.261994374,0.953137501,
0.4,8,0.7,300,5,0.8,0.001557891,0.999999735,2.594951117,,0.261994374,0.953137501,
0.3,4,0.8,400,5,1,0.001362723,0.999999797,2.517325977,,0.262007566,0.953132782,
0.4,3,0.9,300,1,1,0.000877941,0.999999915,2.597494835,,0.262015295,0.953130016,
0.4,3,0.9,200,1,1,0.000915222,0.999999908,2.597512053,,0.262020028,0.953128323,
0.4,5,0.9,200,5,0.6,0.003697032,0.999998471,2.247368007,,0.262049802,0.95311767,
0.4,3,0.9,400,1,1,0.000852814,0.99999992,2.597512113,,0.262051174,0.953117179,
0.1,5,0.8,400,1,1,0.00093698,0.999999904,2.561210134,,0.262064365,0.953112459,
0.4,7,0.7,400,5,0.8,0.001274901,0.999999822,2.589415314,,0.262093832,0.953101914,
0.4,8,0.7,400,5,0.8,0.00128013,0.99999982,2.595207991,,0.262093832,0.953101914,
0.3,5,0.8,200,5,0.6,0.035529644,0.999858566,2.220298335,,0.262103044,0.953098617,
0.2,4,0.9,100,5,1,0.144554845,0.997740602,2.4175668,,0.262103644,0.953098403,
0.3,4,0.6,300,10,0.6,0.29578255,0.99024116,2.135001666,,0.262139691,0.953085501,
0.3,4,0.8,300,5,1,0.001534206,0.999999744,2.517221572,,0.262142395,0.953084533,
0.1,5,0.8,300,1,1,0.000991254,0.999999893,2.561200977,,0.262145414,0.953083453,
0.2,7,0.8,300,3,0.6,0.00645769,0.999995357,2.227515762,,0.2621522,0.953081024,
0.2,8,0.8,300,3,0.6,0.006458297,0.999995356,2.227470731,,0.2621522,0.953081024,
0.2,7,0.9,400,3,0.6,0.001310577,0.999999811,2.290932034,,0.262167595,0.953075513,
0.3,3,0.7,300,10,1,0.055520102,0.999658688,2.301007317,,0.262175794,0.953072578,
0.2,6,0.8,400,5,1,0.001591961,0.999999724,2.465303594,,0.262216,0.953058184,
0.4,4,0.7,100,3,1,0.014947302,0.99997443,2.528020481,,0.262217729,0.953057564,
0.3,4,0.7,100,3,0.8,0.078102268,0.999326279,2.479032136,,0.262223908,0.953055352,
0.2,8,0.9,400,3,0.6,0.001310897,0.999999811,2.290720006,,0.262226679,0.95305436,
0.4,6,0.8,100,5,1,0.023222879,0.999940716,2.461830586,,0.262242002,0.953048873,
0.2,6,0.8,200,5,0.8,0.053161634,0.999689876,2.473118806,,0.262267746,0.953039654,
0.3,5,0.9,200,5,0.6,0.015606012,0.999972942,2.27379553,,0.262275247,0.953036969,
0.2,7,0.9,300,3,0.6,0.002309871,0.99999941,2.29060549,,0.262290806,0.953031396,
0.2,8,0.9,300,3,0.6,0.00230782,0.999999411,2.290394818,,0.262300288,0.953028,
0.3,6,0.8,200,5,0.6,0.034550545,0.999866133,2.215592987,,0.262338253,0.953014402,
0.4,5,0.9,300,5,0.6,0.001662322,0.999999698,2.247864142,,0.262343548,0.953012505,
0.2,4,0.6,200,5,0.8,0.247396857,0.99317921,2.257272268,,0.262375586,0.953001028,
0.1,4,0.8,400,3,1,0.004775801,0.999997393,2.396305183,,0.262376686,0.953000634,
0.2,6,0.8,300,5,1,0.003560552,0.999998623,2.463738287,,0.262383929,0.952998039,
0.3,6,0.9,100,10,0.8,0.265914726,0.992345697,2.408721963,,0.262390919,0.952995535,
0.3,5,0.9,300,10,0.6,0.043577737,0.999790551,2.359840283,,0.262395208,0.952993998,
0.4,4,0.7,300,10,1,0.012009134,0.999984143,2.398082117,,0.26241546,0.952986742,
0.1,8,0.9,300,5,0.8,0.068216636,0.999493395,2.500141064,,0.262448165,0.952975022,
0.2,5,0.6,200,5,0.8,0.243951749,0.993366186,2.271961974,,0.262456182,0.95297215,
0.1,4,0.6,300,3,0.8,0.191831151,0.995917543,2.170241708,,0.262456472,0.952972046,
0.4,7,0.8,100,5,1,0.022988226,0.999941937,2.461063973,,0.262459073,0.952971114,
0.4,5,0.9,400,5,0.6,0.001536693,0.999999742,2.247857257,,0.262465968,0.952968643,
0.1,5,0.9,200,3,0.8,0.068688637,0.999485643,2.546882087,,0.262493273,0.952958856,
0.3,5,0.8,100,10,0.6,0.465368436,0.976509775,2.065731907,,0.262498887,0.952956844,
0.4,8,0.7,100,3,0.8,0.024939017,0.999930825,2.501489805,,0.262544545,0.952940478,
0.3,5,0.6,200,5,0.8,0.104268857,0.9987285,2.372601801,,0.262553393,0.952937306,
0.4,8,0.8,100,5,1,0.022970571,0.999942021,2.460714124,,0.262559396,0.952935154,
0.2,6,0.8,200,10,0.8,0.25247479,0.993067527,2.339912975,,0.26256191,0.952934252,
0.2,7,0.8,400,10,0.8,0.038277396,0.999839492,2.432233656,,0.262572104,0.952930598,
0.2,8,0.8,400,10,0.8,0.038293268,0.999839337,2.430309931,,0.262572104,0.952930598,
0.4,5,0.9,100,5,0.6,0.04191524,0.999806264,2.234671428,,0.262626108,0.952911234,
0.2,6,0.8,200,3,0.8,0.009819914,0.999989289,2.507024208,,0.262628239,0.95291047,
0.2,5,0.7,400,10,0.6,0.215988108,0.994821894,2.12785914,,0.262636332,0.952907568,
0.3,4,0.9,100,5,0.8,0.065353164,0.999528734,2.499730112,,0.262654858,0.952900924,
0.2,5,0.7,200,1,1,0.0008986,0.999999911,2.394063332,,0.262658762,0.952899524,
0.1,3,0.6,400,10,0.6,0.734730218,0.941424974,1.890125328,,0.262674316,0.952893945,
0.1,7,0.9,300,5,0.8,0.068297092,0.999492474,2.499967569,,0.262690397,0.952888177,
0.3,6,0.8,100,3,1,0.013163772,0.999980852,2.449696513,,0.262692096,0.952887568,
0.1,3,0.6,100,3,0.8,0.792314267,0.931897839,1.920961014,,0.262701948,0.952884034,
0.3,3,0.8,100,3,0.8,0.073738982,0.999374855,2.427173197,,0.262732604,0.952873037,
0.1,4,0.8,400,1,1,0.000994418,0.999999892,2.551131093,,0.262781129,0.952855627,
0.2,4,0.9,200,10,1,0.10983001,0.998697896,2.408067519,,0.262783931,0.952854622,
0.3,5,0.8,400,10,1,0.002718953,0.99999919,2.456378991,,0.262805471,0.952846893,
0.1,4,0.8,300,1,1,0.001126214,0.999999861,2.551085592,,0.26283103,0.95283772,
0.3,6,0.9,200,5,0.6,0.014532051,0.999976605,2.273535505,,0.262837531,0.952835387,
0.2,5,0.8,100,10,0.6,0.725627007,0.943006137,1.954852894,,0.262866572,0.952824964,
0.2,7,0.8,400,3,0.6,0.001618328,0.999999714,2.229577345,,0.262876488,0.952821405,
0.2,8,0.8,400,3,0.6,0.001615209,0.999999715,2.229526085,,0.262876488,0.952821405,
0.2,5,0.9,100,10,0.8,0.523652955,0.970349902,2.220357338,,0.262883941,0.95281873,
0.3,5,0.9,300,10,0.8,0.009829899,0.999989428,2.584476272,,0.262891276,0.952816097,
0.4,6,0.7,100,3,0.8,0.025077862,0.999930279,2.495487774,,0.262895659,0.952814524,
0.2,6,0.9,200,3,0.6,0.014496688,0.999976717,2.284169247,,0.262917979,0.952806511,
0.4,4,0.8,200,5,0.6,0.012467931,0.999982584,2.20961784,,0.262918789,0.95280622,
0.3,6,0.9,300,10,0.6,0.042948285,0.999796344,2.364903325,,0.262923962,0.952804363,
0.2,5,0.7,300,1,1,0.000810025,0.999999928,2.394122661,,0.262932485,0.952801303,
0.3,4,0.7,100,3,0.6,0.127582826,0.998205209,2.173147499,,0.262964298,0.952789881,
0.4,5,0.7,400,10,1,0.00236288,0.99999939,2.380887257,,0.262993526,0.952779386,
0.2,5,0.7,400,1,1,0.000779765,0.999999933,2.394137234,,0.263003175,0.952775921,
0.2,7,0.9,200,10,1,0.102682347,0.99885983,2.410870114,,0.263004278,0.952775525,
0.3,6,0.8,400,3,1,0.001054085,0.999999878,2.458287628,,0.263031632,0.952765701,
0.1,4,0.7,300,3,0.8,0.098325952,0.998938147,2.338640513,,0.26303574,0.952764226,
0.4,3,0.8,400,5,1,0.001289682,0.999999818,2.485433185,,0.263053824,0.95275773,
0.4,3,0.7,100,1,0.6,0.007005776,0.999993605,2.442678099,,0.263062723,0.952754534,
0.2,5,0.9,400,10,0.8,0.015737695,0.999973023,2.571135575,,0.263063688,0.952754187,
0.3,6,0.8,200,3,1,0.001224253,0.999999836,2.458198005,,0.263070035,0.952751907,
0.3,4,0.8,400,3,1,0.001064878,0.999999876,2.476293663,,0.263116567,0.952735191,
0.3,4,0.8,200,3,1,0.001346599,0.999999802,2.476047734,,0.263126268,0.952731706,
0.4,3,0.8,300,5,1,0.001428669,0.999999777,2.485373245,,0.263156915,0.952720694,
0.2,4,0.6,300,10,1,0.245369349,0.993452199,2.075146789,,0.263165261,0.952717696,
0.2,6,0.8,100,10,0.6,0.724851364,0.943129189,1.953897193,,0.263183443,0.952711162,
0.3,4,0.7,100,1,0.6,0.007587105,0.999993505,2.288820241,,0.263186991,0.952709887,
0.3,4,0.8,300,3,1,0.001128422,0.999999861,2.476225341,,0.263217617,0.95269888,
0.1,7,0.7,100,3,1,0.489843517,0.974007027,2.037028203,,0.263245898,0.952688716,
0.2,4,0.7,200,3,0.6,0.089205198,0.99911156,2.230103083,,0.263253939,0.952685825,
0.2,7,0.6,200,3,0.8,0.097120182,0.998907519,2.361557902,,0.263254583,0.952685594,
0.2,8,0.6,200,3,0.8,0.097305467,0.998904194,2.35976644,,0.263254583,0.952685594,
0.3,6,0.8,300,3,1,0.001090798,0.999999869,2.458252417,,0.263255849,0.952685138,
0.1,3,0.7,400,3,1,0.035787287,0.999855574,2.334689477,,0.263259753,0.952683735,
0.1,6,0.7,300,3,1,0.046799485,0.999759802,2.311624499,,0.263267461,0.952680965,
0.3,4,0.8,100,3,0.6,0.057971044,0.999629394,2.222443319,,0.263285592,0.952674447,
0.1,8,0.7,200,1,0.8,0.029834078,0.999898902,2.327623614,,0.26329099,0.952672506,
0.2,7,0.8,100,10,0.6,0.724783345,0.943138809,1.953798249,,0.263303148,0.952668135,
0.2,8,0.8,100,10,0.6,0.724783345,0.943138809,1.953798249,,0.263303148,0.952668135,
0.2,3,0.7,400,3,1,0.001614103,0.999999714,2.408226775,,0.263311401,0.952665168,
0.4,5,0.6,200,10,0.8,0.218796589,0.994579987,2.299153821,,0.263313175,0.95266453,
0.1,5,0.9,400,5,0.8,0.023216764,0.999941038,2.522963757,,0.263319676,0.952662193,
0.2,7,0.8,400,5,1,0.001575596,0.999999729,2.469682449,,0.263339067,0.95265522,
0.2,8,0.8,400,5,1,0.001574629,0.99999973,2.469143713,,0.263369066,0.952644433,
0.2,3,0.8,100,5,0.6,0.435598591,0.97930854,2.101767659,,0.263390897,0.952636582,
0.3,7,0.9,200,5,0.6,0.014502238,0.999976717,2.274798274,,0.263399552,0.952633469,
0.3,8,0.9,200,5,0.6,0.01450135,0.99997672,2.274347722,,0.263420142,0.952626063,
0.3,4,0.7,200,3,1,0.002325736,0.999999404,2.438058229,,0.2634545,0.952613705,
0.1,6,0.9,300,5,0.8,0.068553053,0.999488712,2.499696681,,0.263482542,0.952603617,
0.2,7,0.8,300,5,1,0.003487217,0.99999868,2.468291501,,0.263507072,0.952594791,
0.3,4,0.9,200,10,0.8,0.055376832,0.999663993,2.560229296,,0.263509889,0.952593778,
0.4,5,0.7,200,3,1,0.001158416,0.999999853,2.53067551,,0.263513357,0.952592529,
0.3,7,0.8,100,3,0.6,0.048070602,0.999745219,2.221465913,,0.263515427,0.952591785,
0.3,8,0.8,100,3,0.6,0.048083825,0.999745076,2.221567837,,0.263515427,0.952591785,
0.3,4,0.8,200,5,0.6,0.03946882,0.999826949,2.216331737,,0.263519935,0.952590163,
0.2,8,0.8,300,5,1,0.003494092,0.999998674,2.46767349,,0.263526878,0.952587665,
0.1,7,0.7,200,1,0.8,0.029814544,0.999899088,2.327876785,,0.263532271,0.952585724,
0.3,6,0.7,200,5,1,0.017230355,0.999967151,2.385889554,,0.263550352,0.952579218,
0.3,5,0.8,100,3,1,0.01414082,0.999977845,2.454775616,,0.263558264,0.95257637,
0.4,5,0.8,200,5,1,0.001535361,0.999999742,2.47756055,,0.263575851,0.952570041,
0.4,7,0.7,100,3,0.8,0.024849698,0.999931169,2.50172803,,0.263587707,0.952565774,
0.3,5,0.8,200,5,1,0.003766046,0.999998441,2.479927318,,0.263634516,0.952548925,
0.1,5,0.6,200,1,0.6,0.133379587,0.997982743,2.2484579,,0.263640981,0.952546598,
0.4,5,0.8,400,5,1,0.001232881,0.999999833,2.477899044,,0.263650755,0.952543079,
0.1,8,0.7,100,3,1,0.489761314,0.97401638,2.03593565,,0.263658614,0.95254025,
0.2,3,0.9,100,1,1,0.015936469,0.999971257,2.667518013,,0.263665557,0.952537751,
0.4,7,0.9,100,5,0.6,0.040438231,0.999820735,2.237953692,,0.263679337,0.952532789,
0.2,4,0.6,100,10,1,0.906426353,0.910993666,1.744965986,,0.263682518,0.952531644,
0.2,7,0.7,100,1,0.8,0.018064616,0.999962147,2.411933073,,0.263685137,0.952530701,
0.2,8,0.7,100,1,0.8,0.01805111,0.99996219,2.412380301,,0.263685137,0.952530701,
0.4,8,0.9,100,5,0.6,0.040437922,0.999820737,2.237960726,,0.263693312,0.952527758,
0.3,7,0.8,200,5,0.6,0.034733176,0.999864717,2.216951958,,0.263697856,0.952526122,
0.3,8,0.8,200,5,0.6,0.034732652,0.999864723,2.216972045,,0.263697856,0.952526122,
0.1,4,0.8,200,1,0.8,0.01168857,0.999983733,2.456703619,,0.263699574,0.952525503,
0.3,5,0.9,300,5,0.6,0.002674968,0.99999921,2.276315108,,0.263717657,0.952518992,
0.4,5,0.8,300,5,1,0.001295409,0.999999816,2.477830194,,0.263722643,0.952517196,
0.2,8,0.9,400,10,0.8,0.014814394,0.999976059,2.568105856,,0.263735619,0.952512524,
0.2,6,0.9,400,10,0.8,0.014965528,0.999975577,2.569199959,,0.263765223,0.952501862,
0.4,6,0.7,400,10,1,0.002312014,0.999999416,2.3803399,,0.26377575,0.952498071,
0.2,6,0.9,400,3,0.6,0.001323861,0.999999807,2.289459621,,0.263781891,0.952495859,
0.4,6,0.8,400,5,1,0.001223824,0.999999836,2.475501239,,0.263783307,0.952495349,
0.3,6,0.9,400,5,0.6,0.001588665,0.999999723,2.275902658,,0.263799446,0.952489536,
0.4,4,0.6,100,5,1,0.167845292,0.996826599,2.335880621,,0.263803246,0.952488167,
0.1,3,0.7,200,3,0.6,0.435313526,0.979220712,2.05987373,,0.263811757,0.952485101,
0.2,6,0.7,200,1,0.8,0.001066494,0.999999874,2.414293484,,0.263822307,0.952481301,
0.4,5,0.7,400,3,1,0.000959375,0.999999899,2.530892515,,0.263842268,0.95247411,
0.2,6,0.9,300,3,0.6,0.002320422,0.999999404,2.289153417,,0.263854855,0.952469575,
0.4,6,0.8,200,5,1,0.001494679,0.999999756,2.475256227,,0.263856407,0.952469016,
0.4,5,0.7,300,3,1,0.001002721,0.99999989,2.530790331,,0.263873166,0.952462978,
0.1,4,0.7,200,1,0.6,0.071975935,0.999421533,2.203892831,,0.263876935,0.95246162,
0.2,7,0.9,400,10,0.8,0.014838911,0.999975984,2.567901293,,0.263882388,0.952459655,
0.3,5,0.9,400,5,0.6,0.001674391,0.999999693,2.276520982,,0.263895255,0.952455019,
0.3,6,0.9,300,5,0.6,0.002449668,0.999999342,2.275768935,,0.263895689,0.952454863,
0.2,4,0.6,200,3,0.6,0.170378014,0.996730815,2.102856417,,0.263898705,0.952453776,
0.1,4,0.8,100,1,0.8,0.106456284,0.998733075,2.407526241,,0.263899828,0.952453371,
0.3,5,0.7,300,5,1,0.002077205,0.999999531,2.399801554,,0.263904862,0.952451557,
0.3,6,0.7,200,5,0.8,0.039355093,0.999824555,2.458091387,,0.263919277,0.952446363,
0.4,7,0.9,200,5,0.6,0.003303187,0.999998798,2.249367788,,0.263959082,0.952432017,
0.4,8,0.9,200,5,0.6,0.003305207,0.999998797,2.249381139,,0.263962931,0.95243063,
0.1,5,0.7,300,1,0.8,0.004726689,0.99999741,2.331683681,,0.263977784,0.952425277,
0.2,6,0.7,400,1,0.8,0.000812503,0.999999927,2.414351867,,0.263983386,0.952423257,
0.2,6,0.7,300,1,0.8,0.000852718,0.99999992,2.414261715,,0.263986342,0.952422192,
0.4,8,0.9,300,5,0.6,0.001541143,0.99999974,2.249687507,,0.264004048,0.952415809,
0.4,4,0.7,400,10,0.6,0.032325693,0.999881265,2.18547213,,0.26401126,0.95241321,
0.4,6,0.8,300,5,1,0.001280057,0.99999982,2.475461162,,0.264037996,0.952403571,
0.3,7,0.9,400,5,0.6,0.001557988,0.999999734,2.277243003,,0.264039998,0.952402849,
0.2,7,0.7,100,10,1,0.736542011,0.94130003,1.89565386,,0.264048659,0.952399726,
0.2,8,0.7,100,10,1,0.736541902,0.941300048,1.895653189,,0.264048659,0.952399726,
0.4,7,0.9,300,5,0.6,0.001538834,0.999999741,2.249684915,,0.264048935,0.952399627,
0.4,8,0.9,400,5,0.6,0.001462673,0.999999766,2.249674931,,0.264061514,0.952395092,
0.2,6,0.8,400,3,0.8,0.001202449,0.999999841,2.509319464,,0.264070256,0.95239194,
0.3,8,0.9,400,5,0.6,0.001555298,0.999999735,2.276774123,,0.264084262,0.952386889,
0.2,6,0.7,100,10,1,0.736530145,0.941301755,1.895624907,,0.264131832,0.952369734,
0.1,5,0.6,200,1,0.8,0.072825014,0.999382378,2.3009924,,0.264133032,0.952369302,
0.4,7,0.9,400,5,0.6,0.001458262,0.999999767,2.249686226,,0.264155474,0.952361208,
0.1,5,0.8,100,3,0.6,0.522501322,0.970442421,2.058493927,,0.26415681,0.952360726,
0.3,8,0.9,300,5,0.6,0.002423158,0.999999356,2.27660878,,0.264164971,0.952357782,
0.2,6,0.8,300,3,0.8,0.001437837,0.999999774,2.509183669,,0.264167447,0.952356889,
0.3,7,0.9,300,5,0.6,0.002423682,0.999999356,2.277065351,,0.264169176,0.952356265,
0.3,5,0.9,400,10,0.8,0.002610672,0.999999255,2.587098414,,0.264183777,0.952350998,
0.3,5,0.7,400,5,1,0.00135002,0.999999801,2.400261233,,0.26423347,0.952333071,
0.4,5,0.8,100,1,1,0.000872309,0.999999916,2.500020177,,0.26425845,0.952324058,
0.3,3,0.8,200,10,0.8,0.148005983,0.997590924,2.434936436,,0.264262727,0.952322515,
0.3,7,0.7,400,5,1,0.001345922,0.999999802,2.39133282,,0.264275251,0.952317996,
0.3,8,0.7,400,5,1,0.001347345,0.999999802,2.389759302,,0.264275251,0.952317996,
0.1,8,0.7,300,3,1,0.046596944,0.999761755,2.312061371,,0.26427657,0.95231752,
0.2,6,0.9,200,10,1,0.102852768,0.998856168,2.41154919,,0.264310322,0.952305339,
0.3,5,0.7,400,10,1,0.009058058,0.999991075,2.355027812,,0.264312009,0.952304731,
0.1,4,0.9,400,10,1,0.109033338,0.998716958,2.494785562,,0.264320875,0.952301531,
0.3,7,0.8,100,1,1,0.000967083,0.999999896,2.531557167,,0.264321316,0.952301372,
0.2,3,0.7,400,5,1,0.009860346,0.999988771,2.345205771,,0.264330442,0.952298078,
0.2,4,0.7,400,10,0.6,0.219209228,0.994663717,2.121485429,,0.264342076,0.952293879,
0.3,7,0.8,200,1,1,0.000863144,0.999999918,2.531708898,,0.264365996,0.952285245,
0.1,6,0.7,400,3,0.8,0.030421977,0.999898689,2.343956085,,0.264382546,0.95227927,
0.1,6,0.7,200,1,0.8,0.029888262,0.999898653,2.322917246,,0.264415202,0.952267481,
0.3,7,0.8,400,1,1,0.000802724,0.999999929,2.531795623,,0.264415433,0.952267397,
0.3,5,0.7,200,5,0.6,0.088367869,0.999122918,2.250683568,,0.264420968,0.952265399,
0.3,4,0.7,300,3,1,0.001115032,0.999999863,2.438705334,,0.264436943,0.952259631,
0.4,5,0.8,400,1,1,0.00075099,0.999999938,2.500200109,,0.264439898,0.952258564,
0.3,7,0.7,300,5,1,0.002001385,0.999999566,2.390764005,,0.264442514,0.952257619,
0.3,8,0.7,300,5,1,0.001988657,0.999999571,2.389239065,,0.264442514,0.952257619,
0.3,6,0.8,100,3,0.6,0.04827586,0.999743085,2.21943443,,0.264483697,0.952242748,
0.3,4,0.7,300,5,0.8,0.007406506,0.999993857,2.425416501,,0.264517551,0.952230521,
0.4,5,0.8,200,1,1,0.000809226,0.999999927,2.500202552,,0.264521493,0.952229098,
0.3,7,0.9,300,10,0.6,0.043022527,0.99979557,2.367878715,,0.264523886,0.952228233,
0.3,8,0.9,300,10,0.6,0.043024663,0.999795552,2.367982278,,0.264523886,0.952228233,
0.1,4,0.7,300,3,0.6,0.187937072,0.996115792,2.17668611,,0.264536109,0.952223818,
0.3,7,0.8,300,1,1,0.000814008,0.999999927,2.531778241,,0.264538307,0.952223024,
0.1,5,0.7,100,1,1,0.126514519,0.998235965,2.428070427,,0.26457155,0.952211016,
0.4,6,0.7,400,10,0.8,0.006368693,0.99999551,2.353471646,,0.264583011,0.952206875,
0.4,5,0.8,300,1,1,0.000763252,0.999999936,2.50016001,,0.264594642,0.952202673,
0.2,4,0.8,100,10,1,0.590040312,0.962332016,2.076641887,,0.264607607,0.952197989,
0.4,6,0.9,300,5,0.6,0.00155505,0.999999736,2.252145424,,0.264683274,0.952170647,
0.3,4,0.7,400,3,1,0.001017967,0.999999886,2.438885244,,0.264696294,0.952165941,
0.2,6,0.8,300,10,0.8,0.10671418,0.998756712,2.402731756,,0.264699877,0.952164646,
0.2,5,0.8,200,5,0.8,0.054438734,0.999675324,2.47423003,,0.264723193,0.952156218,
0.3,5,0.8,400,1,0.8,0.000812643,0.999999928,2.419546695,,0.26473174,0.952153129,
0.4,6,0.9,200,5,0.6,0.003356546,0.999998756,2.251818627,,0.264745736,0.95214807,
0.1,6,0.8,400,1,1,0.000920084,0.999999907,2.564829693,,0.264747198,0.952147541,
0.3,5,0.8,400,5,1,0.001323705,0.999999808,2.48156278,,0.264747474,0.952147441,
0.1,6,0.8,300,1,1,0.000969939,0.999999897,2.564794743,,0.264748668,0.952147009,
0.3,8,0.8,200,1,1,0.000858159,0.999999919,2.530593844,,0.26476793,0.952140046,
0.4,8,0.8,400,5,1,0.001220133,0.999999837,2.475029178,,0.264771542,0.95213874,
0.3,5,0.8,200,1,0.8,0.000876356,0.999999915,2.419442,,0.264778253,0.952136314,
0.1,6,0.7,100,3,1,0.489673664,0.974026763,2.036327535,,0.264785747,0.952133605,
0.3,8,0.8,400,1,1,0.000804302,0.999999929,2.53069173,,0.264786368,0.95213338,
0.4,6,0.9,400,5,0.6,0.001467864,0.999999764,2.252132415,,0.264796852,0.95212959,
0.3,5,0.8,100,1,0.8,0.001016135,0.999999886,2.419311145,,0.264798339,0.952129052,
0.4,6,0.9,100,5,0.6,0.040667907,0.999818707,2.239708513,,0.26480372,0.952127106,
0.4,7,0.8,400,5,1,0.001218955,0.999999837,2.475438632,,0.264812017,0.952124106,
0.1,4,0.7,300,1,1,0.002039322,0.999999509,2.504638524,,0.264814617,0.952123166,
0.4,8,0.8,200,5,1,0.001459565,0.999999767,2.474848732,,0.264819563,0.952121378,
0.4,6,0.7,400,10,0.6,0.030093163,0.999897069,2.191258775,,0.264828626,0.952118101,
0.3,5,0.8,300,1,0.8,0.00083256,0.999999924,2.419517251,,0.264828746,0.952118057,
0.3,8,0.8,100,1,1,0.000976852,0.999999894,2.530499251,,0.264829217,0.952117887,
0.3,5,0.8,300,5,1,0.001450572,0.99999977,2.4814882,,0.264836698,0.952115182,
0.1,6,0.8,200,1,1,0.00263608,0.999999207,2.564076671,,0.264856802,0.952107911,
0.2,5,0.8,300,3,0.6,0.006915154,0.999994663,2.227624078,,0.264857352,0.952107712,
0.2,3,0.6,100,5,1,0.536090665,0.968739238,2.012548468,,0.264894804,0.952094167,
0.1,5,0.7,400,1,0.8,0.001066529,0.999999875,2.332773135,,0.264895717,0.952093837,
0.4,7,0.8,200,5,1,0.001475182,0.999999763,2.47523608,,0.26489876,0.952092736,
0.1,8,0.8,400,3,1,0.002685598,0.999999211,2.418478215,,0.264934364,0.952079857,
0.3,8,0.8,300,1,1,0.000811261,0.999999927,2.530671501,,0.264945372,0.952075875,
0.4,6,0.6,200,5,1,0.017414502,0.999964062,2.395540957,,0.264954785,0.95207247,
0.1,7,0.7,300,3,1,0.046676031,0.999760964,2.315095479,,0.264968541,0.952067493,
0.2,3,0.8,200,3,0.8,0.035673244,0.999856088,2.491971882,,0.265003776,0.952054744,
0.4,7,0.8,300,5,1,0.001261201,0.999999826,2.475383401,,0.265006037,0.952053926,
0.4,8,0.8,300,5,1,0.001269202,0.999999823,2.47494664,,0.265019223,0.952049155,
0.3,8,0.9,200,10,0.8,0.049467745,0.999732101,2.552909831,,0.265034535,0.952043614,
0.4,7,0.7,400,10,0.8,0.006443633,0.999995395,2.342970507,,0.265038812,0.952042066,
0.4,8,0.7,400,10,0.8,0.006411343,0.99999543,2.342153968,,0.265044621,0.952039963,
0.1,4,0.7,400,1,1,0.000987696,0.999999893,2.505250008,,0.265072293,0.952029948,
0.3,3,0.9,200,5,1,0.011950058,0.999983563,2.565304328,,0.26507308,0.952029664,
0.2,3,0.8,300,3,1,0.003018877,0.999998932,2.566379325,,0.265100425,0.952019766,
0.1,6,0.8,100,3,0.6,0.522218728,0.970475283,2.057107478,,0.265104762,0.952018196,
0.3,4,0.8,300,5,0.8,0.001933755,0.999999588,2.538961785,,0.265130926,0.952008725,
0.1,7,0.8,100,3,0.6,0.522153945,0.970482317,2.056647762,,0.265144037,0.952003978,
0.1,8,0.8,100,3,0.6,0.522153405,0.97048238,2.056646868,,0.265144037,0.952003978,
0.4,8,0.7,400,10,1,0.002323706,0.99999941,2.384124087,,0.265166061,0.951996004,
0.3,4,0.6,200,5,0.6,0.177186445,0.996403418,2.207876272,,0.265172586,0.951993642,
0.1,8,0.8,300,3,1,0.014648367,0.999976594,2.411827216,,0.265182429,0.951990078,
0.2,6,0.8,100,10,0.8,0.645183079,0.954947244,2.068485955,,0.265252962,0.951964535,
0.4,7,0.7,400,10,1,0.002302626,0.999999421,2.380873727,,0.265292839,0.951950091,
0.1,8,0.9,400,5,0.8,0.021887632,0.999947782,2.523704583,,0.265309649,0.951944002,
0.3,7,0.9,200,10,0.8,0.049462471,0.999732155,2.552285636,,0.265321565,0.951939685,
0.3,3,0.9,100,5,1,0.112505605,0.998595816,2.51523028,,0.265351605,0.951928801,
0.1,8,0.7,200,1,1,0.013095021,0.999980509,2.453886421,,0.265360851,0.951925451,
0.2,7,0.7,300,3,0.8,0.005868997,0.99999612,2.436213135,,0.265366957,0.951923239,
0.1,7,0.8,400,3,1,0.002680011,0.999999215,2.419595743,,0.265377337,0.951919478,
0.2,4,0.8,300,5,1,0.005174887,0.999997018,2.486237029,,0.265383635,0.951917195,
0.2,8,0.7,300,3,0.8,0.005878045,0.999996105,2.435146406,,0.265389382,0.951915113,
0.1,7,0.7,200,1,1,0.013110206,0.999980465,2.456551486,,0.265391999,0.951914164,
0.3,4,0.8,400,5,0.8,0.001450922,0.999999771,2.539204957,,0.265467312,0.951886869,
0.1,7,0.9,400,5,0.8,0.021924533,0.999947628,2.523898,,0.265469477,0.951886084,
0.1,5,0.7,200,1,1,0.013480683,0.999979098,2.46693682,,0.265474461,0.951884278,
0.2,6,0.8,300,3,0.6,0.006529291,0.999995251,2.227678617,,0.265513505,0.951870123,
0.1,4,0.7,400,3,1,0.015706103,0.999972257,2.329584116,,0.265515967,0.951869231,
0.3,4,0.9,200,5,0.8,0.004948033,0.999997188,2.530501867,,0.265527821,0.951864933,
0.3,5,0.9,400,10,0.6,0.013047301,0.999981205,2.371052632,,0.265556871,0.9518544,
0.4,7,0.6,200,5,1,0.017354701,0.999964202,2.3981446,,0.265563364,0.951852046,
0.4,8,0.6,200,5,1,0.017498333,0.999963568,2.397109379,,0.265563364,0.951852046,
0.3,6,0.9,400,10,0.6,0.012694452,0.999982209,2.376971776,,0.265579464,0.951846208,
0.2,8,0.8,100,3,0.8,0.099731456,0.998911209,2.461591149,,0.265588705,0.951842857,
0.2,5,0.9,200,5,0.6,0.071036579,0.999445971,2.330375174,,0.265590956,0.95184204,
0.2,3,0.7,100,1,1,0.036663157,0.999838529,2.436710247,,0.265593464,0.951841131,
0.2,3,0.8,200,5,0.8,0.102627923,0.99883074,2.434215637,,0.26559731,0.951839736,
0.2,6,0.6,200,3,0.8,0.097645435,0.998894492,2.372477421,,0.265606691,0.951836334,
0.4,4,0.7,200,3,1,0.001181283,0.999999847,2.536230439,,0.265631979,0.951827162,
0.1,7,0.8,300,3,1,0.014646368,0.999976595,2.413039977,,0.265640645,0.951824019,
0.4,3,0.9,200,5,1,0.002832058,0.999999083,2.527890807,,0.265651888,0.951819941,
0.1,6,0.6,300,5,0.8,0.381828042,0.98406092,2.051340545,,0.26566514,0.951815134,
0.4,4,0.7,400,3,1,0.000948282,0.999999902,2.536443772,,0.265752738,0.951783353,
0.3,6,0.9,200,10,0.8,0.049541197,0.999731394,2.547478015,,0.265768982,0.951777458,
0.2,8,0.9,300,10,1,0.023748228,0.999939063,2.463113064,,0.265805575,0.951764178,
0.2,4,0.7,100,1,0.6,0.042343264,0.999799774,2.257431077,,0.265813134,0.951761434,
0.3,4,0.6,200,10,1,0.251193428,0.993091219,2.06007187,,0.265837634,0.951752541,
0.3,3,0.6,200,5,1,0.066716756,0.999501527,2.274043008,,0.265860958,0.951744075,
0.4,4,0.7,100,3,0.8,0.028817992,0.999907827,2.538461665,,0.265865019,0.951742601,
0.2,7,0.7,200,1,0.8,0.001056638,0.999999877,2.418462061,,0.265880255,0.951737069,
0.2,8,0.7,200,1,0.8,0.00106832,0.999999874,2.41884365,,0.265880255,0.951737069,
0.1,6,0.7,200,1,1,0.0131298,0.999980386,2.451679559,,0.265885092,0.951735314,
0.4,4,0.7,300,3,1,0.001006991,0.999999889,2.536386112,,0.265903677,0.951728566,
0.2,6,0.8,400,3,0.6,0.001626001,0.999999711,2.229801257,,0.265904488,0.951728271,
0.2,7,0.7,300,1,0.8,0.000850607,0.99999992,2.418525734,,0.265918394,0.951723223,
0.2,8,0.7,300,1,0.8,0.000845275,0.999999921,2.418936067,,0.265918394,0.951723223,
0.2,6,0.9,300,10,1,0.024012073,0.999937703,2.462683016,,0.265923579,0.95172134,
0.4,6,0.8,200,5,0.6,0.010177245,0.999988226,2.213290648,,0.265978834,0.951701274,
0.2,7,0.7,400,1,0.8,0.000808158,0.999999928,2.418647566,,0.265999637,0.951693719,
0.2,8,0.7,400,1,0.8,0.000809404,0.999999928,2.419039064,,0.265999637,0.951693719,
0.4,5,0.7,200,3,0.8,0.001442501,0.999999773,2.510390388,,0.26600226,0.951692766,
0.2,4,0.7,400,5,0.8,0.011033359,0.999986477,2.35224081,,0.266046683,0.95167663,
0.2,5,0.6,200,5,1,0.156075419,0.997311613,2.175985845,,0.266068888,0.951668563,
0.2,3,0.7,200,5,0.8,0.174794415,0.99662878,2.277022527,,0.266121063,0.951649607,
0.4,3,0.9,300,5,1,0.00154013,0.99999974,2.52818829,,0.266186548,0.951625808,
0.2,4,0.8,400,5,0.6,0.014973942,0.999974594,2.33166674,,0.266190137,0.951624504,
0.2,5,0.6,100,3,1,0.268665461,0.992050446,2.243539973,,0.266195284,0.951622633,
0.1,7,0.7,300,1,0.6,0.016367589,0.999970302,2.190852259,,0.266205391,0.951618959,
0.1,8,0.7,300,1,0.6,0.016367524,0.999970302,2.190951262,,0.266205391,0.951618959,
0.2,5,0.8,400,3,0.6,0.001731653,0.99999967,2.229700198,,0.266206406,0.95161859,
0.2,3,0.8,400,3,1,0.001376088,0.999999793,2.567564594,,0.266208283,0.951617908,
0.2,7,0.7,400,3,0.8,0.001317403,0.99999981,2.437629364,,0.266225279,0.95161173,
0.4,5,0.7,300,3,0.8,0.001066931,0.999999875,2.510572599,,0.266254284,0.951601185,
0.2,7,0.7,400,10,0.6,0.214909041,0.994868856,2.120085174,,0.266294557,0.951586543,
0.2,8,0.7,400,10,0.6,0.214908548,0.994868879,2.120088691,,0.266294557,0.951586543,
0.2,8,0.7,400,3,0.8,0.001325733,0.999999808,2.436561942,,0.266301685,0.951583951,
0.3,3,0.8,200,3,1,0.003044155,0.999998942,2.490237014,,0.266303014,0.951583468,
0.1,6,0.6,200,1,0.6,0.133220176,0.997988471,2.257766477,,0.266303377,0.951583336,
0.1,6,0.8,200,1,0.6,0.028566637,0.999909524,2.174438088,,0.266309655,0.951581053,
0.4,3,0.9,400,5,1,0.001385694,0.99999979,2.528221784,,0.266320042,0.951577276,
0.1,5,0.9,300,3,0.8,0.01502617,0.999975115,2.571730548,,0.266367087,0.951560167,
0.4,5,0.7,400,3,0.8,0.000990841,0.999999892,2.510733159,,0.266374891,0.951557329,
0.1,7,0.6,200,1,0.6,0.132825593,0.997998113,2.25542759,,0.266426742,0.951538468,
0.1,8,0.6,200,1,0.6,0.132936891,0.997994932,2.255477539,,0.266460376,0.951526231,
0.4,5,0.8,400,1,0.6,0.000794252,0.999999931,2.256501208,,0.266477994,0.951519821,
0.1,3,0.8,200,10,1,0.636281928,0.956263022,2.005974218,,0.266485268,0.951517174,
0.4,5,0.7,400,10,0.8,0.006736073,0.999994891,2.361654179,,0.266485952,0.951516925,
0.4,5,0.8,200,1,0.6,0.000876345,0.999999916,2.256672691,,0.266486036,0.951516895,
0.1,6,0.9,400,5,0.8,0.022156232,0.999946506,2.52400876,,0.266496893,0.951512944,
0.1,7,0.6,300,5,0.8,0.381198516,0.984115514,2.046779634,,0.266498122,0.951512497,
0.4,5,0.8,100,1,0.6,0.000990763,0.999999892,2.256727683,,0.266501623,0.951511223,
0.2,3,0.9,300,3,0.8,0.004889803,0.999996986,2.450291717,,0.266538227,0.951497902,
0.4,5,0.8,300,1,0.6,0.000815644,0.999999927,2.256538305,,0.266538375,0.951497848,
0.2,7,0.9,300,10,1,0.023748951,0.99993906,2.462936575,,0.266542425,0.951496374,
0.1,5,0.8,100,1,1,0.06212214,0.999573898,2.528267787,,0.26656184,0.951489308,
0.4,5,0.9,400,1,0.6,0.000875298,0.999999915,2.253211456,,0.266569376,0.951486565,
0.2,6,0.7,400,10,0.6,0.215090336,0.994861884,2.11822045,,0.266572759,0.951485334,
0.1,5,0.8,400,3,0.8,0.009645879,0.999989745,2.468091154,,0.266619552,0.9514683,
0.2,6,0.6,300,10,1,0.243613013,0.99354335,2.092458995,,0.266630267,0.951464399,
0.1,8,0.6,300,5,0.8,0.3812005,0.984115344,2.04686171,,0.266678465,0.95144685,
0.4,3,0.7,200,1,0.6,0.00101298,0.999999887,2.443193966,,0.266681141,0.951445876,
0.4,5,0.9,300,1,0.6,0.000901253,0.99999991,2.253224316,,0.266683781,0.951444914,
0.1,3,0.6,100,1,0.6,0.458765932,0.976861578,2.105563433,,0.266717372,0.951432682,
0.2,7,0.6,300,10,1,0.243460469,0.993551851,2.091903912,,0.266726488,0.951429362,
0.2,8,0.6,300,10,1,0.243460469,0.993551851,2.091903912,,0.266726488,0.951429362,
0.4,5,0.8,200,5,0.6,0.010531847,0.999987435,2.2111433,,0.266797695,0.951403425,
0.4,3,0.7,300,1,0.6,0.000819096,0.999999926,2.443118551,,0.266801235,0.951402135,
0.4,3,0.7,400,1,0.6,0.000751878,0.999999938,2.443303493,,0.26680132,0.951402104,
0.3,3,0.7,300,5,1,0.006025985,0.999995885,2.410191821,,0.266826168,0.951393052,
0.4,5,0.9,100,1,0.6,0.00103123,0.999999881,2.253308426,,0.266839749,0.951388104,
0.3,5,0.8,400,3,1,0.001061204,0.999999877,2.464167073,,0.266869562,0.951377241,
0.4,5,0.9,200,1,0.6,0.000958628,0.999999898,2.253297503,,0.266886165,0.951371191,
0.4,8,0.7,200,3,0.8,0.001437197,0.999999774,2.509311015,,0.266886355,0.951371121,
0.3,5,0.8,200,3,1,0.00125217,0.999999828,2.464045666,,0.266888339,0.951370398,
0.2,4,0.9,300,10,1,0.029152242,0.999907573,2.474996919,,0.266899845,0.951366205,
0.2,7,0.8,200,5,0.8,0.052814812,0.999693401,2.470889607,,0.266925874,0.951356719,
0.1,5,0.7,100,3,1,0.490844678,0.973903937,2.033982823,,0.26697409,0.951339144,
0.2,5,0.9,200,10,1,0.103801694,0.998835242,2.399647737,,0.26699363,0.951332021,
0.3,5,0.8,300,3,1,0.001098099,0.999999868,2.464132942,,0.266995523,0.951331331,
0.2,4,0.8,100,10,0.6,0.731207814,0.94214602,1.951175868,,0.267005009,0.951327872,
0.2,6,0.8,300,5,0.8,0.011039929,0.999986513,2.485716807,,0.26702878,0.951319206,
0.2,6,0.7,100,1,1,0.009426725,0.999989741,2.386080326,,0.267056508,0.951309095,
0.4,7,0.8,200,1,0.6,0.000844831,0.999999921,2.248335536,,0.267077415,0.951301471,
0.3,5,0.9,400,1,0.6,0.000888598,0.999999913,2.236581425,,0.267086839,0.951298034,
0.4,7,0.8,400,1,0.6,0.00077469,0.999999934,2.248326707,,0.267088705,0.951297354,
0.2,3,0.8,100,1,0.8,0.03803911,0.999831667,2.50736414,,0.267092328,0.951296032,
0.4,8,0.8,300,1,0.6,0.000793788,0.999999931,2.248883593,,0.267099524,0.951293408,
0.4,5,0.6,200,5,0.8,0.04426592,0.999763087,2.490359628,,0.267105827,0.951291109,
0.3,5,0.9,300,1,0.6,0.000917689,0.999999907,2.23663039,,0.267115971,0.951287409,
0.1,7,0.8,200,1,0.6,0.028565142,0.999909533,2.174166008,,0.267117323,0.951286917,
0.4,7,0.8,300,1,0.6,0.000795393,0.99999993,2.248315024,,0.267118745,0.951286398,
0.4,7,0.8,100,1,0.6,0.000919143,0.999999907,2.248334724,,0.267130441,0.951282132,
0.4,8,0.8,400,1,0.6,0.000779258,0.999999933,2.248878318,,0.267131424,0.951281773,
0.3,4,0.8,100,3,0.8,0.031098581,0.999892166,2.4888756,,0.267145925,0.951276484,
0.4,8,0.8,200,1,0.6,0.000843999,0.999999922,2.248909677,,0.267152056,0.951274247,
0.4,8,0.7,300,3,0.8,0.001063528,0.999999875,2.509573104,,0.26717506,0.951265856,
0.4,8,0.8,100,1,0.6,0.00093335,0.999999904,2.248926628,,0.267192818,0.951259377,
0.3,7,0.9,400,10,0.6,0.012710469,0.999982157,2.380339066,,0.267211284,0.95125264,
0.3,8,0.9,400,10,0.6,0.012711268,0.999982155,2.380447486,,0.267211284,0.95125264,
0.2,3,0.9,200,3,1,0.012088029,0.999983171,2.552319998,,0.267231564,0.95124524,
0.1,6,0.7,300,1,0.6,0.016435927,0.999970062,2.188847471,,0.26723469,0.9512441,
0.4,8,0.7,400,3,0.8,0.000996323,0.999999891,2.509693207,,0.267259775,0.951234946,
0.3,5,0.9,200,1,0.6,0.000964983,0.999999897,2.236660252,,0.267300892,0.95121994,
0.3,4,0.9,300,5,0.8,0.001701099,0.999999682,2.53198825,,0.267303784,0.951218884,
0.3,5,0.9,100,1,0.6,0.001065544,0.999999874,2.236764039,,0.267305289,0.951218335,
0.3,4,0.9,200,10,1,0.029312523,0.999905529,2.489179591,,0.267341304,0.951205189,
0.4,7,0.8,200,5,0.6,0.01005436,0.999988511,2.213214956,,0.267343569,0.951204362,
0.4,8,0.8,200,5,0.6,0.010057683,0.9999885,2.2134571,,0.267343569,0.951204362,
0.3,6,0.8,300,5,0.6,0.006861318,0.999994707,2.218320185,,0.267353473,0.951200747,
0.4,3,0.9,200,3,0.8,0.00178232,0.999999643,2.613624291,,0.267354708,0.951200296,
0.2,4,0.8,100,3,0.8,0.113413488,0.998593715,2.466434145,,0.26738186,0.951190384,
0.4,4,0.7,400,10,1,0.002574099,0.999999272,2.403195562,,0.267383888,0.951189643,
0.2,7,0.7,100,1,1,0.009447422,0.99998974,2.383417034,,0.267415497,0.951178102,
0.2,8,0.7,100,1,1,0.009454249,0.999989728,2.381444507,,0.267415497,0.951178102,
0.3,3,0.8,400,3,1,0.001101863,0.999999867,2.491459342,,0.267427837,0.951173596,
0.3,4,0.9,400,5,0.8,0.001504083,0.999999751,2.532093035,,0.267435169,0.951170919,
0.2,7,0.8,100,10,0.8,0.644726576,0.955013441,2.069001699,,0.267448034,0.951166221,
0.2,8,0.8,100,10,0.8,0.644725805,0.955013553,2.06901508,,0.267448034,0.951166221,
0.2,4,0.8,400,5,1,0.00175719,0.999999664,2.488540078,,0.26745753,0.951162753,
0.3,3,0.8,300,3,1,0.001205799,0.999999841,2.491348522,,0.267516733,0.95114113,
0.2,4,0.9,200,10,0.8,0.168064025,0.99693705,2.477342257,,0.267526596,0.951137527,
0.3,6,0.9,100,5,0.6,0.102031046,0.99886089,2.237289264,,0.267534941,0.951134479,
0.1,8,0.8,200,1,0.6,0.028564396,0.999909536,2.173985555,,0.267545411,0.951130654,
0.4,6,0.8,200,1,0.6,0.000851307,0.99999992,2.260803933,,0.26755049,0.951128798,
0.4,6,0.7,200,3,0.8,0.001436825,0.999999774,2.504041279,,0.267554185,0.951127449,
0.2,8,0.8,200,5,0.8,0.052872297,0.999692682,2.469053501,,0.267560332,0.951125203,
0.1,5,0.9,100,3,0.8,0.326667453,0.98846333,2.356709862,,0.267571325,0.951121187,
0.2,5,0.9,300,10,0.6,0.14292519,0.997763901,2.32890065,,0.267598987,0.95111108,
0.3,3,0.9,300,5,1,0.002214857,0.999999444,2.566545051,,0.267622409,0.951102521,
0.4,6,0.8,100,1,0.6,0.000934637,0.999999904,2.26084746,,0.267640541,0.951095895,
0.4,6,0.8,400,1,0.6,0.000782058,0.999999933,2.26069286,,0.267641555,0.951095525,
0.3,5,0.9,100,5,0.6,0.103636598,0.998827798,2.240605086,,0.267646754,0.951093625,
0.3,4,0.7,200,1,0.6,0.001013057,0.999999887,2.290262435,,0.267661977,0.951088061,
0.2,8,0.9,100,3,0.6,0.10184816,0.998864139,2.239298319,,0.267667949,0.951085879,
0.3,4,0.9,200,10,0.6,0.130206288,0.998148533,2.327967295,,0.267669379,0.951085356,
0.4,6,0.8,300,1,0.6,0.000791743,0.999999931,2.260703097,,0.267672563,0.951084192,
0.4,7,0.7,200,3,0.8,0.001445531,0.999999771,2.509569609,,0.267691821,0.951077153,
0.2,7,0.9,100,3,0.6,0.101839966,0.998864311,2.239402627,,0.267741084,0.951059145,
0.2,3,0.9,300,10,0.8,0.114262002,0.99854299,2.431177104,,0.267767607,0.951049448,
0.3,4,0.9,300,10,0.8,0.011316168,0.999985747,2.577866236,,0.267784972,0.951043099,
0.4,6,0.7,300,3,0.8,0.001070224,0.999999874,2.504309626,,0.26780661,0.951035187,
0.1,8,0.9,100,3,0.8,0.325674629,0.988530792,2.354491481,,0.267809281,0.951034211,
0.3,3,0.9,400,5,1,0.001576465,0.999999728,2.566483166,,0.267821428,0.951029768,
0.1,6,0.9,100,3,0.8,0.326016261,0.988507227,2.354629109,,0.267824914,0.951028494,
0.3,6,0.7,200,3,0.8,0.005649536,0.999996228,2.477185361,,0.267827193,0.95102766,
0.3,8,0.9,300,10,0.8,0.009117978,0.999990848,2.568801427,,0.267840122,0.951022932,
0.2,3,0.8,100,1,1,0.021787385,0.999944304,2.471072019,,0.267870741,0.951011733,
0.3,6,0.8,200,1,1,0.000844933,0.999999921,2.525206374,,0.267884257,0.951006789,
0.3,6,0.8,100,1,1,0.000978429,0.999999894,2.525029601,,0.267894916,0.951002891,
0.4,3,0.9,300,3,0.8,0.001281375,0.999999819,2.613516079,,0.267906363,0.950998703,
0.2,4,0.8,200,5,0.8,0.059984817,0.999606062,2.453523593,,0.267907348,0.950998343,
0.4,7,0.7,300,3,0.8,0.00106813,0.999999874,2.509798931,,0.267908132,0.950998056,
0.1,7,0.9,100,3,0.8,0.325792601,0.988522823,2.355002621,,0.267915247,0.950995453,
0.2,8,0.8,200,3,0.8,0.00965108,0.999989649,2.504061462,,0.267917894,0.950994485,
0.4,6,0.7,400,3,0.8,0.000991173,0.999999892,2.504466729,,0.267919893,0.950993754,
0.1,8,0.7,300,1,1,0.00142036,0.999999776,2.457764001,,0.267925069,0.95099186,
0.3,4,0.7,300,1,0.6,0.000847779,0.999999921,2.290216062,,0.26793519,0.950988158,
0.1,7,0.7,100,1,0.6,0.235747038,0.993909082,2.125292626,,0.267947079,0.950983808,
0.1,8,0.7,100,1,0.6,0.235746882,0.993909089,2.125397053,,0.267947079,0.950983808,
0.2,3,0.9,200,1,0.6,0.003681033,0.999998083,2.279297719,,0.267947915,0.950983502,
0.3,6,0.8,400,1,1,0.000781485,0.999999933,2.525266999,,0.267952604,0.950981786,
0.3,6,0.8,400,5,0.6,0.001868368,0.999999618,2.220468702,,0.267975546,0.950973393,
0.1,7,0.7,300,1,1,0.001424333,0.999999775,2.460543261,,0.267982884,0.950970707,
0.1,7,0.7,400,1,1,0.000916987,0.999999908,2.460919538,,0.267988872,0.950968516,
0.2,5,0.9,300,5,0.6,0.019493764,0.999957753,2.34905892,,0.267992991,0.950967009,
0.1,8,0.7,400,1,1,0.000915639,0.999999908,2.458135434,,0.267999923,0.950964472,
0.3,4,0.7,400,1,0.6,0.000801272,0.999999929,2.290349458,,0.268012996,0.950959688,
0.3,8,0.9,400,10,0.8,0.002357554,0.999999394,2.5718442,,0.26801333,0.950959566,
0.3,5,0.7,300,5,0.8,0.006571453,0.999995168,2.451928953,,0.268021946,0.950956413,
0.1,8,0.8,100,3,1,0.361182514,0.985888736,2.16825586,,0.268024387,0.95095552,
0.2,4,0.9,200,5,1,0.013748958,0.999978516,2.526168683,,0.268031103,0.950953062,
0.1,6,0.7,100,1,0.6,0.236257009,0.993885112,2.125632074,,0.268047866,0.950946927,
0.4,3,0.9,400,3,0.8,0.001180737,0.999999846,2.613515442,,0.268052082,0.950945383,
0.1,7,0.8,100,3,1,0.361201818,0.985887201,2.168508315,,0.268055767,0.950944035,
0.4,4,0.8,200,5,0.8,0.002946964,0.99999904,2.580903606,,0.268059686,0.9509426,
0.1,5,0.7,400,3,1,0.012505517,0.999982774,2.330735328,,0.268062305,0.950941642,
0.1,6,0.6,300,5,0.6,0.526618555,0.969668957,1.99854263,,0.268063729,0.950941121,
0.1,7,0.6,300,5,0.6,0.526649234,0.969665757,2.000877434,,0.268063729,0.950941121,
0.1,8,0.6,300,5,0.6,0.526652602,0.969665402,2.000867301,,0.268063729,0.950941121,
0.3,6,0.7,400,5,1,0.001350259,0.9999998,2.392866859,,0.268068212,0.95093948,
0.3,6,0.8,300,1,1,0.000797074,0.99999993,2.525215203,,0.268071252,0.950938367,
0.2,4,0.9,300,10,0.6,0.145755727,0.997673701,2.325219109,,0.268087917,0.950932267,
0.1,5,0.7,100,1,0.6,0.23667549,0.993861036,2.124323856,,0.268087923,0.950932265,
0.4,7,0.7,400,3,0.8,0.000995232,0.999999891,2.509924682,,0.268095939,0.95092933,
0.2,6,0.9,400,10,1,0.005454904,0.999996786,2.476093257,,0.26809866,0.950928334,
0.4,4,0.6,200,5,0.8,0.046716836,0.999741893,2.468401896,,0.268100908,0.950927511,
0.3,7,0.9,300,10,0.8,0.009136819,0.999990811,2.567652428,,0.268107041,0.950925266,
0.4,5,0.9,100,1,0.8,0.00096774,0.999999896,2.537921688,,0.268133051,0.950915744,
0.4,5,0.9,200,1,0.8,0.000903663,0.99999991,2.538063066,,0.268139816,0.950913267,
0.2,5,0.7,300,5,0.6,0.094829304,0.999004048,2.208538743,,0.268155298,0.950907598,
0.4,5,0.9,300,1,0.8,0.000854891,0.999999919,2.538061829,,0.268157208,0.950906899,
0.2,5,0.9,300,10,1,0.024981419,0.999932626,2.450076723,,0.268175849,0.950900073,
0.4,4,0.9,100,10,0.8,0.146481929,0.997674714,2.50166736,,0.268187223,0.950895908,
0.2,4,0.8,200,3,0.6,0.037688146,0.999842316,2.213673971,,0.268197919,0.950891992,
0.2,6,0.8,400,5,0.8,0.002168356,0.999999487,2.488272132,,0.268198808,0.950891666,
0.2,8,0.9,400,10,1,0.005280313,0.999996985,2.475848997,,0.268203706,0.950889872,
0.4,5,0.9,400,1,0.8,0.00083842,0.999999922,2.538085332,,0.268205505,0.950889213,
0.3,3,0.8,100,1,0.8,0.006724103,0.999994385,2.590361873,,0.268228876,0.950880654,
0.3,6,0.7,300,5,1,0.002006581,0.999999564,2.392420458,,0.2682368,0.950877752,
0.2,4,0.9,300,10,0.8,0.055764348,0.99966091,2.540935511,,0.26826065,0.950869016,
0.3,7,0.9,400,10,0.8,0.002363574,0.999999391,2.570689568,,0.268278985,0.9508623,
0.1,4,0.8,300,1,0.8,0.001554083,0.999999722,2.459945955,,0.268282787,0.950860907,
0.3,7,0.8,100,3,0.8,0.024416767,0.999933923,2.489774125,,0.26830915,0.950851249,
0.3,6,0.9,300,10,0.8,0.009177054,0.999990736,2.562774965,,0.268317634,0.950848141,
0.2,6,0.7,200,1,1,0.000891473,0.999999912,2.388630533,,0.268396085,0.950819395,
0.1,7,0.9,200,5,1,0.132521682,0.998102719,2.418453569,,0.268405895,0.9508158,
0.4,7,0.7,400,10,0.6,0.030061146,0.999897148,2.188737677,,0.268455203,0.950797727,
0.4,8,0.7,400,10,0.6,0.030067794,0.999897118,2.189253854,,0.268455203,0.950797727,
0.3,7,0.8,300,5,0.6,0.006882401,0.999994685,2.219713956,,0.268501283,0.950780835,
0.3,8,0.8,300,5,0.6,0.006869949,0.999994703,2.219711542,,0.268501283,0.950780835,
0.3,4,0.6,100,3,1,0.123782123,0.998264668,2.297918877,,0.268533671,0.95076896,
0.2,3,0.9,100,5,0.6,0.381736327,0.984087704,2.141995713,,0.268534331,0.950768718,
0.2,3,0.6,200,5,1,0.186665821,0.996187039,2.15462269,,0.268538995,0.950767007,
0.1,4,0.8,400,1,0.8,0.001067952,0.999999875,2.460124561,,0.268559896,0.950759343,
0.1,6,0.7,300,1,1,0.001430473,0.999999773,2.455698528,,0.268563851,0.950757893,
0.3,6,0.9,400,10,0.8,0.002372143,0.999999387,2.565796399,,0.26856803,0.950756361,
0.1,5,0.9,400,3,0.8,0.003148614,0.999998906,2.575643236,,0.26857363,0.950754307,
0.1,6,0.7,400,1,1,0.000910448,0.999999909,2.456082412,,0.268588389,0.950748895,
0.2,7,0.9,400,10,1,0.005281383,0.999996984,2.475543508,,0.268615106,0.950739096,
0.4,6,0.8,400,5,0.6,0.001436978,0.999999775,2.2152157,,0.268622674,0.95073632,
0.3,5,0.9,100,10,1,0.214833717,0.995011011,2.385766873,,0.268626263,0.950735004,
0.2,6,0.7,300,1,1,0.000820564,0.999999926,2.388642752,,0.268646305,0.950727652,
0.3,4,0.7,400,5,0.8,0.001702268,0.999999682,2.428068915,,0.268699112,0.950708279,
0.2,6,0.7,400,1,1,0.000787751,0.999999932,2.38871801,,0.268725389,0.950698638,
0.1,5,0.7,300,1,1,0.001499765,0.999999744,2.471032248,,0.268726084,0.950698383,
0.1,5,0.7,400,1,1,0.000936718,0.999999904,2.471341395,,0.268771871,0.950681581,
0.1,5,0.6,300,5,0.6,0.52798166,0.969509173,1.99797804,,0.268785006,0.950676761,
0.1,6,0.8,100,3,1,0.361335571,0.985876873,2.167291621,,0.268789259,0.9506752,
0.2,6,0.9,300,10,0.6,0.142047193,0.997789457,2.328080639,,0.268791117,0.950674518,
0.3,4,0.6,100,3,0.8,0.193358705,0.995721097,2.361729942,,0.268813638,0.950666252,
0.4,3,0.7,300,10,1,0.020807504,0.999950154,2.369426893,,0.268817206,0.950664942,
0.2,4,0.7,300,3,0.8,0.007059504,0.999994385,2.426613122,,0.268821244,0.95066346,
0.1,4,0.6,300,5,0.8,0.38917596,0.983446116,2.026832955,,0.268827727,0.950661081,
0.2,7,0.9,300,10,0.6,0.142049429,0.997790017,2.327367812,,0.268829704,0.950660355,
0.2,8,0.9,300,10,0.6,0.142046181,0.997790112,2.327293366,,0.268829704,0.950660355,
0.2,7,0.7,200,1,1,0.000893031,0.999999912,2.385957093,,0.268837344,0.95065755,
0.2,8,0.7,200,1,1,0.00089254,0.999999912,2.383956791,,0.268837344,0.95065755,
0.1,4,0.8,100,3,1,0.372363616,0.985005584,2.127209226,,0.268841157,0.950656151,
0.2,6,0.8,100,5,0.8,0.259152685,0.992705717,2.347689548,,0.268852313,0.950652055,
0.2,4,0.8,200,3,0.8,0.01299975,0.999981097,2.523645224,,0.268852769,0.950651888,
0.4,6,0.8,300,5,0.6,0.00177701,0.999999656,2.214998098,,0.268865015,0.950647392,
0.4,4,0.8,300,5,0.8,0.001445271,0.999999772,2.581907878,,0.268891323,0.950637734,
0.4,4,0.8,400,5,0.8,0.001311486,0.999999811,2.581984954,,0.268901554,0.950633977,
0.3,8,0.9,100,5,0.6,0.101971044,0.998862517,2.237406626,,0.268906296,0.950632236,
0.3,7,0.9,100,5,0.6,0.101972069,0.998862494,2.237911567,,0.268924413,0.950625584,
0.2,5,0.6,300,10,1,0.24333131,0.993561571,2.087021457,,0.268956468,0.950613812,
0.3,7,0.7,200,3,0.8,0.005729015,0.999996131,2.481673702,,0.268964677,0.950610798,
0.3,8,0.7,200,3,0.8,0.005754776,0.9999961,2.481964245,,0.268964677,0.950610798,
0.2,8,0.7,300,5,0.6,0.095195163,0.998995054,2.208578424,,0.268978106,0.950605866,
0.1,6,0.9,200,3,0.8,0.067323285,0.999505881,2.54926596,,0.268994061,0.950600006,
0.3,7,0.8,400,5,0.6,0.001875242,0.999999615,2.221929418,,0.269000538,0.950597627,
0.3,8,0.8,400,5,0.6,0.001869848,0.999999617,2.2218643,,0.269000538,0.950597627,
0.2,8,0.8,400,3,0.8,0.001199387,0.999999842,2.506447377,,0.269011576,0.950593573,
0.1,6,0.8,300,1,0.6,0.00533336,0.999996862,2.176852002,,0.269026472,0.950588101,
0.2,3,0.9,200,1,1,0.001164391,0.99999985,2.673027911,,0.269032758,0.950585791,
0.2,6,0.7,300,5,0.6,0.095160168,0.998996152,2.207221942,,0.269038808,0.950583569,
0.2,7,0.7,300,1,1,0.00082048,0.999999926,2.386000455,,0.269052259,0.950578628,
0.2,8,0.7,300,1,1,0.000820921,0.999999926,2.383996994,,0.269052259,0.950578628,
0.2,7,0.7,400,1,1,0.000787681,0.999999932,2.386068613,,0.26905524,0.950577532,
0.2,8,0.7,400,1,1,0.000785472,0.999999932,2.384047956,,0.26905524,0.950577532,
0.2,6,0.8,400,10,0.8,0.038454651,0.999838272,2.429049367,,0.269084174,0.950566902,
0.2,8,0.8,300,3,0.8,0.001431572,0.999999776,2.506321305,,0.269094993,0.950562927,
0.2,4,0.9,100,5,0.8,0.187015665,0.996218689,2.446630055,,0.269104887,0.950559292,
0.1,6,0.8,100,1,1,0.060100208,0.9996038,2.534969137,,0.269109244,0.950557691,
0.3,5,0.8,300,5,0.6,0.007223162,0.999994131,2.221472352,,0.269109942,0.950557434,
0.1,4,0.7,100,1,0.8,0.18633472,0.996156362,2.323766769,,0.269180258,0.950531593,
0.1,5,0.8,200,1,0.6,0.028909879,0.999907491,2.158942795,,0.269188733,0.950528478,
0.4,4,0.8,300,5,0.6,0.002227887,0.99999945,2.2114753,,0.269214748,0.950518916,
0.2,4,0.9,200,10,0.6,0.2950451,0.990524687,2.258798807,,0.269224572,0.950515304,
0.3,8,0.8,100,3,0.8,0.024360579,0.999934282,2.489922495,,0.26923084,0.950513,
0.1,7,0.7,400,1,0.6,0.003964053,0.999998245,2.194750775,,0.269251355,0.950505458,
0.1,8,0.7,400,1,0.6,0.003963992,0.999998245,2.194852729,,0.269251355,0.950505458,
0.4,4,0.9,200,10,0.8,0.019208414,0.99995941,2.586748833,,0.26925382,0.950504552,
0.2,3,0.9,300,1,1,0.000999622,0.99999989,2.673117236,,0.269275883,0.95049644,
0.2,3,0.9,200,5,1,0.048693051,0.999735608,2.517281413,,0.269276065,0.950496373,
0.2,5,0.9,400,5,0.6,0.004782396,0.999997442,2.354921872,,0.269283538,0.950493625,
0.1,6,0.8,400,1,0.6,0.001274384,0.999999822,2.178185201,,0.269322491,0.950479302,
0.1,5,0.8,100,3,1,0.362552134,0.985784503,2.162628824,,0.269332781,0.950475518,
0.2,3,0.9,400,1,1,0.000955493,0.999999899,2.673168578,,0.269370111,0.950461788,
0.1,6,0.8,200,3,0.8,0.121690601,0.998384213,2.413175443,,0.269381393,0.950457639,
0.2,5,0.8,200,3,0.8,0.010461561,0.999987859,2.521212036,,0.269384151,0.950456624,
0.1,5,0.7,300,1,0.6,0.016549053,0.999969543,2.185340558,,0.269392798,0.950453444,
0.3,5,0.9,100,5,0.8,0.056099074,0.999656823,2.551784227,,0.26941525,0.950445184,
0.1,8,0.9,200,5,1,0.132520266,0.998102755,2.41799208,,0.269420274,0.950443336,
0.3,6,0.7,300,3,0.8,0.001182875,0.999999847,2.478201627,,0.2694255,0.950441414,
0.4,7,0.8,400,5,0.6,0.00143687,0.999999775,2.214080609,,0.269439427,0.95043629,
0.4,8,0.8,400,5,0.6,0.001430574,0.999999777,2.21420408,,0.269439427,0.95043629,
0.2,6,0.7,300,3,0.8,0.005910955,0.999996059,2.426594682,,0.269444341,0.950434482,
0.3,8,0.8,100,3,1,0.012924506,0.999981579,2.445456522,,0.26945424,0.95043084,
0.4,4,0.8,400,5,0.6,0.001503646,0.999999754,2.212069916,,0.269456204,0.950430118,
0.3,7,0.8,400,1,0.8,0.00079329,0.999999931,2.453653427,,0.269457171,0.950429762,
0.3,8,0.8,400,1,0.8,0.000794871,0.999999931,2.45260215,,0.269457171,0.950429762,
0.3,6,0.8,400,1,0.8,0.000820939,0.999999926,2.454962211,,0.269463428,0.95042746,
0.3,6,0.8,100,1,0.8,0.001003815,0.999999889,2.454875262,,0.269467256,0.950426051,
0.3,7,0.8,100,1,0.8,0.000982318,0.999999894,2.453535842,,0.269468726,0.95042551,
0.3,8,0.8,100,1,0.8,0.000982687,0.999999894,2.452430123,,0.269468726,0.95042551,
0.2,4,0.9,200,5,0.6,0.075306322,0.999378916,2.323721567,,0.269491422,0.950417159,
0.3,6,0.7,400,3,0.8,0.001058375,0.999999877,2.478346914,,0.269495673,0.950415595,
0.1,3,0.7,100,1,1,0.218959303,0.994692125,2.340798401,,0.269499369,0.950414235,
0.3,3,0.7,400,5,1,0.001596826,0.999999722,2.412695521,,0.269503632,0.950412666,
0.3,7,0.8,200,1,0.8,0.000853891,0.99999992,2.45359497,,0.269503833,0.950412592,
0.3,8,0.8,200,1,0.8,0.000858181,0.999999919,2.452516498,,0.269503833,0.950412592,
0.1,4,0.8,300,3,0.8,0.042274637,0.999803956,2.448295319,,0.269505967,0.950411807,
0.3,6,0.8,200,1,0.8,0.000875338,0.999999915,2.45489263,,0.269509842,0.950410381,
0.1,3,0.9,200,10,0.6,0.784479235,0.933346308,1.982310808,,0.269513908,0.950408885,
0.3,7,0.8,300,1,0.8,0.000808834,0.999999928,2.453640284,,0.269566591,0.950389495,
0.3,8,0.8,300,1,0.8,0.000811711,0.999999927,2.452593209,,0.269566591,0.950389495,
0.3,5,0.6,200,10,1,0.246612742,0.99334241,2.116140797,,0.269595613,0.950378812,
0.3,5,0.9,300,3,0.6,0.001328151,0.999999806,2.355433111,,0.269617791,0.950370648,
0.3,6,0.8,300,1,0.8,0.000831125,0.999999924,2.454959193,,0.269624252,0.950368269,
0.2,7,0.7,300,5,0.6,0.095195184,0.998995054,2.20857756,,0.269631708,0.950365524,
0.4,4,0.8,100,5,1,0.029884973,0.999900102,2.497010231,,0.269632754,0.950365139,
0.4,7,0.8,300,5,0.6,0.001745673,0.999999667,2.213892787,,0.269649434,0.950358998,
0.4,8,0.8,300,5,0.6,0.001751212,0.999999665,2.214008987,,0.269649434,0.950358998,
0.4,5,0.8,400,5,0.6,0.001458884,0.999999768,2.211986906,,0.269657355,0.950356081,
0.3,5,0.9,400,3,0.6,0.00124856,0.999999829,2.355423068,,0.269681608,0.950347151,
0.2,5,0.8,100,3,0.8,0.102599213,0.998849053,2.474467734,,0.26969962,0.950340518,
0.4,5,0.8,300,5,0.6,0.00182775,0.999999634,2.211856819,,0.26973568,0.950327238,
0.2,3,0.9,400,3,0.8,0.001880884,0.999999604,2.451709213,,0.269737097,0.950326716,
0.2,5,0.7,100,10,1,0.737000351,0.941225027,1.895218805,,0.269782247,0.950310086,
0.1,4,0.8,100,3,0.6,0.530309992,0.969580675,2.065122455,,0.269796777,0.950304733,
0.2,6,0.6,300,10,0.8,0.352490006,0.98641046,2.038329588,,0.269799534,0.950303717,
0.2,7,0.6,300,10,0.8,0.352387989,0.986417951,2.038358839,,0.269806305,0.950301223,
0.2,8,0.6,300,10,0.8,0.35219273,0.986431429,2.039512696,,0.269806305,0.950301223,
0.1,8,0.7,100,1,1,0.124888499,0.998285013,2.415750847,,0.269809825,0.950299926,
0.3,5,0.9,200,3,0.6,0.001948926,0.999999578,2.355269899,,0.269824069,0.950294678,
0.2,8,0.8,100,5,0.8,0.258939762,0.992718315,2.344460422,,0.269855735,0.950283011,
0.2,7,0.6,100,3,1,0.266493182,0.992190821,2.239548548,,0.269863272,0.950280234,
0.2,8,0.6,100,3,1,0.266480115,0.99219153,2.239764898,,0.269863272,0.950280234,
0.1,7,0.7,100,1,1,0.125032589,0.998281416,2.418009155,,0.269865888,0.95027927,
0.1,7,0.8,300,1,0.6,0.005325632,0.999996871,2.176691009,,0.269936555,0.950253227,
0.3,8,0.8,400,3,1,0.001057496,0.999999877,2.453289473,,0.269968286,0.950241531,
0.3,5,0.7,400,5,0.8,0.001585711,0.999999725,2.453823062,,0.270003361,0.9502286,
0.2,5,0.8,100,10,0.8,0.645368732,0.954926087,2.064121047,,0.270008806,0.950226593,
0.2,7,0.8,100,5,0.8,0.259026162,0.992713491,2.344342211,,0.270013731,0.950224777,
0.3,5,0.7,200,3,0.8,0.005888344,0.999995941,2.475673563,,0.270057481,0.950208646,
0.3,8,0.8,200,3,1,0.001206971,0.999999841,2.45322598,,0.270067659,0.950204893,
0.1,6,0.7,100,1,1,0.125077312,0.998279906,2.416208015,,0.270070183,0.950203962,
0.4,5,0.7,400,10,0.6,0.030394458,0.999894844,2.189839074,,0.270084759,0.950198586,
0.4,3,0.9,200,10,0.8,0.047931102,0.999737991,2.505893925,,0.270096226,0.950194358,
0.1,7,0.8,400,1,0.6,0.001265293,0.999999825,2.17801164,,0.270177984,0.950164201,
0.3,8,0.8,300,3,1,0.00109126,0.999999869,2.453255886,,0.270215303,0.950150432,
0.4,6,0.8,400,3,1,0.001001462,0.99999989,2.574783558,,0.270223433,0.950147433,
0.4,6,0.8,100,3,1,0.002749067,0.999999167,2.573186496,,0.270249446,0.950137834,
0.4,6,0.8,200,3,1,0.001117214,0.999999863,2.574701169,,0.270256412,0.950135263,
0.1,6,0.7,400,3,1,0.011975377,0.999984219,2.329397725,,0.270270106,0.95013021,
0.4,3,0.7,200,3,1,0.00153045,0.999999739,2.536132725,,0.270301426,0.950118651,
0.4,6,0.8,300,3,1,0.001030046,0.999999883,2.574773246,,0.270302866,0.95011812,
0.1,6,0.7,400,1,0.6,0.003980731,0.999998231,2.192910079,,0.270315522,0.950113448,
0.1,8,0.8,300,1,0.6,0.005326026,0.99999687,2.176527335,,0.270324201,0.950110245,
0.2,4,0.8,200,10,0.8,0.25855013,0.992739636,2.337450797,,0.27036215,0.950096237,
0.3,7,0.8,200,3,0.8,0.001383699,0.999999791,2.499635616,,0.270416294,0.950076247,
0.2,3,0.9,300,5,0.8,0.021424391,0.99994504,2.524743611,,0.270438342,0.950068105,
0.1,6,0.8,300,3,0.8,0.036838175,0.999851038,2.446687275,,0.270454241,0.950062234,
0.2,5,0.9,400,10,1,0.006207977,0.999995789,2.46299159,,0.270466584,0.950057676,
0.2,6,0.7,400,3,0.8,0.001327378,0.999999807,2.428005583,,0.270476773,0.950053913,
0.3,7,0.7,300,3,0.8,0.001183589,0.999999846,2.482684776,,0.270487064,0.950050113,
0.3,8,0.7,300,3,0.8,0.001180293,0.999999847,2.482899502,,0.270487064,0.950050113,
0.3,7,0.7,400,3,0.8,0.001062,0.999999876,2.482837967,,0.270488894,0.950049437,
0.3,8,0.7,400,3,0.8,0.001055174,0.999999878,2.483064435,,0.270488894,0.950049437,
0.3,7,0.8,400,3,0.8,0.001093006,0.999999869,2.499661075,,0.270540535,0.950030362,
0.1,8,0.8,400,1,0.6,0.001267756,0.999999824,2.17786239,,0.270572991,0.950018372,
0.1,5,0.9,200,10,1,0.470942004,0.976028434,2.23395136,,0.270598893,0.950008802,
0.1,4,0.7,300,1,0.8,0.005564334,0.999996352,2.375291259,,0.27062545,0.949998989,
0.3,7,0.8,300,3,0.8,0.001130852,0.999999859,2.499648536,,0.270635919,0.94999512,
0.3,3,0.8,400,1,0.8,0.000859169,0.999999919,2.593571568,,0.270667361,0.949983501,
0.3,3,0.8,200,1,0.8,0.001012342,0.999999887,2.593471905,,0.270671951,0.949981804,
0.4,3,0.7,400,3,1,0.000988171,0.999999893,2.536547428,,0.270682655,0.949977848,
0.4,3,0.7,300,3,1,0.001048898,0.999999879,2.536383832,,0.270729255,0.949960623,
0.2,5,0.9,400,10,0.6,0.063525961,0.999557637,2.358306149,,0.270757583,0.949950151,
0.3,3,0.8,300,1,0.8,0.000885639,0.999999914,2.593592586,,0.270776776,0.949943055,
0.2,5,0.6,300,10,0.8,0.353833107,0.986306044,2.055954615,,0.270851059,0.949915587,
0.4,7,0.6,300,5,1,0.002150733,0.999999484,2.401774434,,0.270905717,0.949895371,
0.4,8,0.6,300,5,1,0.002163611,0.999999478,2.401176972,,0.270905717,0.949895371,
0.1,6,0.9,200,5,1,0.132664998,0.998098661,2.415761227,,0.27091893,0.949890483,
0.2,7,0.8,100,3,0.8,0.0997981,0.998909728,2.461161667,,0.270946536,0.94988027,
0.2,5,0.9,100,3,0.6,0.103534977,0.998828099,2.223455255,,0.270947799,0.949879803,
0.2,6,0.6,100,3,1,0.266879571,0.992170179,2.244429431,,0.270967046,0.949872682,
0.2,4,0.9,200,5,0.8,0.028134481,0.999912566,2.557322862,,0.270986861,0.94986535,
0.3,4,0.9,300,10,0.6,0.046213652,0.999764307,2.360346937,,0.270990564,0.94986398,
0.3,5,0.8,400,5,0.6,0.002026092,0.999999543,2.223095081,,0.270993489,0.949862898,
0.1,8,0.7,300,1,0.8,0.004564619,0.999997615,2.335764022,,0.271038841,0.949846115,
0.1,4,0.9,200,3,0.8,0.074523405,0.999396721,2.520261118,,0.271064376,0.949836665,
0.2,5,0.9,200,10,0.6,0.290601372,0.99080516,2.269696831,,0.271140313,0.949808555,
0.4,3,0.8,100,3,1,0.01900253,0.999959336,2.593058774,,0.271140908,0.949808334,
0.3,4,0.9,400,10,0.8,0.002915683,0.999999069,2.581432844,,0.271142273,0.949807829,
0.1,7,0.7,300,1,0.8,0.004556071,0.999997627,2.336042509,,0.27117435,0.949795953,
0.3,4,0.8,200,3,0.8,0.001704312,0.999999681,2.501979807,,0.271177858,0.949794654,
0.1,4,0.9,200,5,0.8,0.205417608,0.995429949,2.390126804,,0.271187954,0.949790915,
0.2,4,0.9,300,5,0.6,0.022035687,0.999945928,2.349886412,,0.271203352,0.949785213,
0.3,8,0.8,400,3,0.8,0.001101367,0.999999867,2.499481561,,0.271205304,0.949784491,
0.3,8,0.8,200,3,0.8,0.00138903,0.999999789,2.499423021,,0.271239081,0.949771982,
0.4,7,0.6,400,5,1,0.001257788,0.999999827,2.402179268,,0.271246014,0.949769414,
0.4,8,0.6,400,5,1,0.001248411,0.999999829,2.401537811,,0.271246014,0.949769414,
0.2,3,0.9,300,3,1,0.002079261,0.999999513,2.555877874,,0.271284273,0.949755243,
0.3,8,0.8,300,3,0.8,0.001139551,0.999999857,2.499504277,,0.271290421,0.949752966,
0.2,3,0.7,100,1,0.8,0.061161038,0.999568641,2.489320205,,0.271294422,0.949751484,
0.1,8,0.7,400,3,1,0.011870206,0.999984488,2.330158742,,0.27138916,0.949716383,
0.1,3,0.8,100,3,0.8,0.544913532,0.967760865,2.216276004,,0.271414897,0.949706845,
0.3,4,0.8,400,3,0.8,0.001106868,0.999999866,2.502316529,,0.271443514,0.949696239,
0.2,5,0.7,300,3,0.8,0.00600472,0.999995941,2.426025278,,0.271451735,0.949693192,
0.3,4,0.8,300,3,0.8,0.001186543,0.999999845,2.502303572,,0.271456209,0.949691534,
0.4,4,0.6,100,10,1,0.46332284,0.976561871,2.029735944,,0.271471938,0.949685704,
0.1,4,0.9,300,5,0.8,0.073993467,0.999405046,2.47530655,,0.271478892,0.949683126,
0.3,7,0.6,300,5,1,0.00907977,0.999990705,2.333713113,,0.271508141,0.949672283,
0.3,8,0.6,300,5,1,0.009070543,0.999990725,2.332723855,,0.271508141,0.949672283,
0.3,6,0.6,300,5,1,0.009156402,0.999990556,2.331960759,,0.271511202,0.949671148,
0.4,4,0.9,300,1,0.6,0.00089468,0.999999912,2.211029102,,0.271532259,0.949663342,
0.4,4,0.9,400,1,0.6,0.000857016,0.999999919,2.210973588,,0.271551393,0.949656247,
0.3,7,0.9,400,1,0.6,0.000890138,0.999999912,2.260681729,,0.271552711,0.949655759,
0.4,3,0.7,200,10,0.8,0.131079851,0.998099115,2.312142083,,0.271574948,0.949647513,
0.4,5,0.7,100,5,0.8,0.10605347,0.998749298,2.559426399,,0.271587769,0.949642759,
0.1,3,0.8,400,5,0.8,0.106329395,0.998748209,2.380439991,,0.271607165,0.949635566,
0.1,6,0.7,400,3,0.6,0.086863195,0.999166282,2.199550005,,0.271610498,0.94963433,
0.3,7,0.9,300,1,0.6,0.000919231,0.999999906,2.26073652,,0.271611165,0.949634082,
0.2,7,0.7,300,3,0.6,0.022020475,0.999946146,2.240630693,,0.271611919,0.949633803,
0.2,8,0.7,300,3,0.6,0.022052194,0.999946044,2.240564532,,0.271611919,0.949633803,
0.1,7,0.7,400,3,0.6,0.08680374,0.999167246,2.199306773,,0.271635771,0.949624956,
0.1,8,0.7,400,3,0.6,0.086810714,0.999167092,2.200070815,,0.271635771,0.949624956,
0.2,3,0.9,400,3,1,0.001423385,0.999999778,2.55609517,,0.271644899,0.949621571,
0.2,6,0.7,300,3,0.6,0.022026824,0.999946039,2.237107008,,0.271646835,0.949620852,
0.2,5,0.8,300,5,0.8,0.011483257,0.999985455,2.489981526,,0.271684183,0.949606999,
0.4,3,0.7,200,5,1,0.010607686,0.999987328,2.440526972,,0.271688038,0.949605569,
0.3,7,0.9,200,1,0.6,0.000954693,0.999999898,2.260744731,,0.271708283,0.949598058,
0.2,7,0.8,300,5,0.8,0.010923604,0.999986763,2.483469659,,0.271717963,0.949594466,
0.3,5,0.8,100,3,0.6,0.049329647,0.999731794,2.213120123,,0.271727292,0.949591005,
0.2,4,0.8,100,10,0.8,0.647619038,0.954615474,2.053095454,,0.271735536,0.949587947,
0.4,4,0.9,200,1,0.6,0.000950134,0.9999999,2.211064791,,0.271757483,0.949579803,
0.3,7,0.9,100,1,0.6,0.001041349,0.999999879,2.260808165,,0.271777017,0.949572554,
0.1,3,0.7,100,1,0.8,0.292084967,0.990618814,2.348698677,,0.271785417,0.949569437,
0.4,7,0.9,400,1,0.6,0.000840536,0.999999922,2.276513661,,0.271789742,0.949567832,
0.4,8,0.9,400,1,0.6,0.000849379,0.99999992,2.276515569,,0.271789742,0.949567832,
0.3,7,0.9,100,10,0.6,0.3683016,0.985278996,2.223677203,,0.271794044,0.949566235,
0.3,8,0.9,100,10,0.6,0.368304816,0.98527877,2.223664924,,0.271794044,0.949566235,
0.3,8,0.9,400,1,0.6,0.000887181,0.999999913,2.260795842,,0.271795099,0.949565844,
0.3,8,0.9,300,1,0.6,0.000913475,0.999999907,2.260848339,,0.27182121,0.949556153,
0.4,4,0.9,100,1,0.6,0.001019328,0.999999884,2.211159852,,0.271821736,0.949555958,
0.2,6,0.9,400,10,0.6,0.062892028,0.999566065,2.354006747,,0.271853652,0.949544111,
0.2,4,0.9,200,3,0.6,0.018497785,0.999961366,2.283129056,,0.271869503,0.949538228,
0.1,8,0.7,400,1,0.8,0.001035965,0.999999882,2.336818949,,0.271870101,0.949538005,
0.4,6,0.9,400,1,0.6,0.000839372,0.999999922,2.278297189,,0.271872498,0.949537116,
0.2,7,0.9,400,10,0.6,0.062877617,0.999566401,2.353165576,,0.271883405,0.949533067,
0.2,8,0.9,400,10,0.6,0.062871315,0.999566483,2.353075812,,0.271883405,0.949533067,
0.4,7,0.9,300,1,0.6,0.000869481,0.999999917,2.276533912,,0.271897657,0.949527776,
0.4,8,0.9,300,1,0.6,0.000867888,0.999999917,2.27653877,,0.271897657,0.949527776,
0.1,5,0.8,200,1,0.8,0.008879688,0.999990759,2.382152074,,0.271899844,0.949526964,
0.1,7,0.7,400,1,0.8,0.001030213,0.999999883,2.337106795,,0.271943836,0.94951063,
0.3,8,0.9,100,1,0.6,0.001042169,0.999999879,2.26092508,,0.271945212,0.949510119,
0.4,6,0.6,300,5,1,0.002121952,0.9999995,2.400088986,,0.271954946,0.949506504,
0.2,4,0.9,400,10,0.6,0.065614267,0.999527259,2.359197259,,0.271970605,0.94950069,
0.4,6,0.9,300,1,0.6,0.000872451,0.999999916,2.278354171,,0.271971866,0.949500221,
0.2,3,0.8,300,10,0.8,0.159188363,0.997204291,2.364623437,,0.271972497,0.949499987,
0.3,8,0.9,200,1,0.6,0.00095358,0.999999899,2.260859068,,0.271994629,0.949491767,
0.2,7,0.8,200,3,0.8,0.009661911,0.999989614,2.503813164,,0.271995673,0.94949138,
0.3,4,0.8,300,5,0.6,0.008719764,0.999991411,2.224919097,,0.27199647,0.949491084,
0.4,6,0.9,200,1,0.6,0.000897152,0.999999911,2.278378959,,0.272038117,0.949475615,
0.2,4,0.9,300,3,0.6,0.003386676,0.999998649,2.288790618,,0.272048739,0.94947167,
0.4,7,0.9,100,1,0.6,0.000974479,0.999999893,2.276679407,,0.272050576,0.949470987,
0.4,8,0.9,100,1,0.6,0.000962633,0.999999896,2.27669407,,0.272050576,0.949470987,
0.4,6,0.9,100,1,0.6,0.000971924,0.999999895,2.278477061,,0.272053595,0.949469866,
0.2,6,0.9,100,5,0.6,0.263102639,0.992474875,2.21298246,,0.272072115,0.949462986,
0.2,4,0.9,400,10,1,0.008485793,0.999991898,2.49060289,,0.272072667,0.949462781,
0.3,5,0.9,200,5,0.8,0.003521359,0.999998637,2.579977432,,0.2720731,0.94946262,
0.4,7,0.9,200,1,0.6,0.000905097,0.999999909,2.276534717,,0.272087864,0.949457135,
0.4,8,0.9,200,1,0.6,0.000900911,0.99999991,2.276560794,,0.272087864,0.949457135,
0.1,6,0.7,300,1,0.8,0.004591478,0.999997585,2.330760398,,0.272096677,0.94945386,
0.1,6,0.9,300,5,1,0.03442698,0.999872001,2.488797182,,0.27210209,0.94945185,
0.3,5,0.9,100,3,0.6,0.025856786,0.999926409,2.344690462,,0.27214126,0.949437295,
0.3,6,0.9,400,1,0.6,0.000882307,0.999999914,2.258687179,,0.272156589,0.949431599,
0.1,6,0.9,300,3,0.8,0.014032115,0.999978418,2.574504221,,0.272160192,0.94943026,
0.1,7,0.7,400,3,1,0.011916689,0.999984365,2.333165498,,0.272192315,0.949418322,
0.4,6,0.6,400,5,1,0.001266198,0.999999825,2.400455144,,0.272211526,0.949411182,
0.3,6,0.9,300,1,0.6,0.000916104,0.999999908,2.258673842,,0.272234025,0.949402819,
0.1,7,0.9,200,3,0.8,0.067054313,0.999509705,2.550609538,,0.27229658,0.949379563,
0.2,3,0.9,100,3,0.6,0.216949146,0.994802313,2.167357301,,0.272302095,0.949377513,
0.2,4,0.9,400,3,0.6,0.001585091,0.999999724,2.289644276,,0.272302274,0.949377446,
0.2,8,0.8,300,5,0.8,0.010971198,0.999986656,2.48205358,,0.272320467,0.949370682,
0.1,7,0.9,300,5,1,0.034150138,0.999874031,2.492477426,,0.272351782,0.949359037,
0.3,5,0.7,300,3,0.8,0.001218717,0.999999837,2.476757034,,0.272363643,0.949354626,
0.3,6,0.9,100,10,0.6,0.368341969,0.985276146,2.224285617,,0.272404879,0.949339289,
0.4,4,0.9,300,10,0.8,0.003106729,0.99999894,2.592685545,,0.272428153,0.949330632,
0.2,4,0.9,300,5,1,0.002238897,0.999999448,2.532554859,,0.272429505,0.949330129,
0.3,6,0.9,100,1,0.6,0.001047037,0.999999878,2.258758093,,0.272450174,0.94932244,
0.2,4,0.7,100,1,0.8,0.022129756,0.999942561,2.43974843,,0.272514536,0.949298494,
0.3,6,0.9,200,1,0.6,0.00095088,0.9999999,2.258707131,,0.272522228,0.949295632,
0.2,7,0.9,100,5,0.6,0.262841491,0.992489524,2.212538614,,0.272529854,0.949292794,
0.2,8,0.9,100,5,0.6,0.262841368,0.99248953,2.212548032,,0.272529854,0.949292794,
0.1,5,0.8,300,1,0.6,0.005462124,0.999996687,2.160865365,,0.272564202,0.949280011,
0.2,4,0.7,400,3,0.8,0.001498616,0.999999754,2.429566688,,0.272574106,0.949276325,
0.2,6,0.9,200,10,0.6,0.289936806,0.990841206,2.270694464,,0.272579427,0.949274345,
0.3,5,0.9,300,5,0.8,0.00160101,0.999999718,2.580737987,,0.272588734,0.949270881,
0.3,7,0.9,100,10,1,0.213889767,0.995054117,2.375119144,,0.272595045,0.949268532,
0.3,8,0.9,100,10,1,0.213958999,0.995051057,2.37797975,,0.272595045,0.949268532,
0.1,5,0.7,400,1,0.6,0.004012991,0.999998193,2.189105537,,0.272601107,0.949266276,
0.4,5,0.6,100,10,1,0.460635233,0.97682669,2.001508361,,0.27260124,0.949266226,
0.3,5,0.7,400,3,0.8,0.00107322,0.999999873,2.476938858,,0.272608552,0.949263504,
0.2,5,0.7,100,1,0.8,0.018722277,0.999959207,2.401108899,,0.272611204,0.949262517,
0.2,7,0.9,200,10,0.6,0.290029935,0.990837617,2.269191473,,0.272637731,0.949252643,
0.2,8,0.9,200,10,0.6,0.290025864,0.990837854,2.269174903,,0.272637731,0.949252643,
0.2,7,0.8,400,5,0.8,0.002130169,0.999999506,2.486174302,,0.272646146,0.94924951,
0.2,6,0.9,100,3,0.6,0.102037455,0.998860035,2.238915255,,0.272657454,0.9492453,
0.1,4,0.9,400,1,0.6,0.001180624,0.999999846,2.205433181,,0.272660298,0.949244241,
0.3,6,0.9,100,10,1,0.213940887,0.995051673,2.386530781,,0.27267602,0.949238388,
0.1,4,0.9,300,1,0.6,0.002651553,0.999999169,2.205191827,,0.272697156,0.949230518,
0.1,4,0.7,400,1,0.8,0.001190714,0.999999844,2.376443983,,0.272733473,0.949216994,
0.3,5,0.9,400,5,0.8,0.001477687,0.99999976,2.580845276,,0.27275078,0.949210549,
0.2,5,0.8,300,3,0.8,0.001492064,0.999999757,2.523355188,,0.272751768,0.949210181,
0.3,4,0.9,400,10,0.6,0.014754327,0.999975605,2.373101557,,0.27276363,0.949205764,
0.1,8,0.8,400,1,1,0.000925259,0.999999906,2.570244291,,0.272771833,0.949202708,
0.2,5,0.8,400,3,0.8,0.001232435,0.999999834,2.523473741,,0.272814264,0.949186903,
0.2,4,0.9,400,5,1,0.001692736,0.999999687,2.532955164,,0.272817216,0.949185804,
0.1,6,0.7,400,1,0.8,0.001042744,0.999999881,2.331709535,,0.272819388,0.949184995,
0.1,5,0.8,400,1,0.6,0.001279834,0.99999982,2.161947145,,0.272837167,0.949178371,
0.4,4,0.9,400,10,0.8,0.002203257,0.999999471,2.59344724,,0.272839112,0.949177647,
0.1,3,0.9,200,3,1,0.120151439,0.998393856,2.471456475,,0.272847946,0.949174356,
0.1,7,0.8,400,1,1,0.000923945,0.999999906,2.567187392,,0.272854159,0.949172041,
0.1,8,0.8,300,1,1,0.000973835,0.999999896,2.570218743,,0.27285999,0.949169869,
0.1,6,0.8,400,3,0.8,0.009221564,0.999990652,2.456469515,,0.272872896,0.94916506,
0.1,7,0.8,300,1,1,0.000970766,0.999999897,2.567150922,,0.272884686,0.949160667,
0.1,8,0.8,200,1,1,0.002588386,0.999999238,2.569527336,,0.272891815,0.949158011,
0.3,3,0.8,200,5,0.8,0.030406971,0.999894939,2.551346237,,0.272903315,0.949153726,
0.2,5,0.7,400,3,0.8,0.001350962,0.9999998,2.427511192,,0.272907049,0.949152334,
0.2,5,0.7,100,10,0.6,0.900773793,0.912127415,1.834368965,,0.272948071,0.949137047,
0.1,7,0.8,200,1,1,0.002591918,0.999999234,2.5664351,,0.272956545,0.949133888,
0.3,6,0.6,200,10,0.8,0.344458355,0.98688461,2.127469914,,0.272992391,0.949120528,
0.3,7,0.6,200,10,0.8,0.344225837,0.986906804,2.130953478,,0.272992391,0.949120528,
0.3,8,0.6,200,10,0.8,0.344225837,0.986906804,2.130953478,,0.272992391,0.949120528,
0.4,6,0.6,100,10,1,0.46048769,0.976829721,2.013958453,,0.27300202,0.949116938,
0.4,7,0.6,100,10,1,0.460363272,0.976840564,2.01536247,,0.27300202,0.949116938,
0.4,8,0.6,100,10,1,0.460363272,0.976840564,2.01536247,,0.27300202,0.949116938,
0.1,8,0.9,300,5,1,0.034151661,0.999874018,2.491796086,,0.273068191,0.949092269,
0.1,6,0.9,400,3,0.8,0.00277193,0.999999162,2.578983271,,0.273086548,0.949085424,
0.2,4,0.9,400,5,0.6,0.006017091,0.999995785,2.356498996,,0.273088021,0.949084875,
0.2,6,0.7,100,10,0.6,0.900738625,0.912134874,1.82908774,,0.273101125,0.949079988,
0.2,7,0.7,100,10,0.6,0.9007507,0.912132463,1.829085356,,0.273101125,0.949079988,
0.2,8,0.7,100,10,0.6,0.900750301,0.912132543,1.829082257,,0.273101125,0.949079988,
0.2,3,0.6,200,10,0.8,0.576990437,0.963826645,1.955099246,,0.273108881,0.949077096,
0.3,4,0.7,200,5,0.6,0.092189951,0.999048323,2.279083646,,0.273140573,0.949065277,
0.2,7,0.8,400,3,0.8,0.001203548,0.999999841,2.506088899,,0.273208877,0.949039799,
0.2,8,0.8,400,5,0.8,0.002147496,0.999999497,2.484763617,,0.273250015,0.949024452,
0.3,5,0.8,100,3,0.8,0.025908758,0.999925602,2.483482854,,0.273310453,0.9490019,
0.3,4,0.9,300,10,1,0.005015368,0.999997109,2.508012677,,0.273321184,0.948997895,
0.1,5,0.8,400,1,0.8,0.000966694,0.999999898,2.383403705,,0.273324293,0.948996735,
0.2,7,0.8,300,3,0.8,0.001433131,0.999999775,2.505953619,,0.273337597,0.948991769,
0.1,5,0.8,300,1,0.8,0.001192157,0.999999844,2.383362883,,0.27340374,0.94896708,
0.3,4,0.7,200,3,0.6,0.023109444,0.999939765,2.208183363,,0.273428072,0.948957996,
0.3,5,0.9,100,10,0.6,0.369475436,0.985192997,2.213071748,,0.273443312,0.948952306,
0.1,5,0.9,300,5,1,0.035593285,0.999863096,2.496022055,,0.273476384,0.948939957,
0.4,3,0.9,200,10,1,0.030185756,0.999894094,2.525780717,,0.273537468,0.948917145,
0.3,4,0.9,100,10,0.6,0.377743689,0.984534364,2.205944582,,0.273542507,0.948915263,
0.3,6,0.7,300,5,0.8,0.006347561,0.999995468,2.466044495,,0.273548085,0.94891318,
0.2,5,0.8,400,5,0.8,0.002351985,0.99999939,2.493055025,,0.273630505,0.94888239,
0.2,3,0.9,300,1,0.6,0.001374259,0.999999789,2.279995958,,0.273807294,0.948816316,
0.1,3,0.9,100,1,0.8,0.172925264,0.996709565,2.466930331,,0.273818359,0.948812179,
0.2,4,0.6,400,10,0.8,0.199184708,0.995654132,2.10808205,,0.273827953,0.948808592,
0.3,7,0.8,200,3,0.6,0.005191683,0.999996947,2.236510401,,0.273831048,0.948807435,
0.3,8,0.8,200,3,0.6,0.005191162,0.999996947,2.236582999,,0.273831048,0.948807435,
0.4,3,0.7,200,10,0.6,0.222254704,0.994483196,2.147569539,,0.273834428,0.948806171,
0.1,8,0.9,200,3,0.8,0.067036191,0.999509953,2.54886351,,0.273919087,0.948774512,
0.2,6,0.7,100,5,0.6,0.506384922,0.972150043,2.02630561,,0.273924603,0.948772449,
0.2,7,0.7,100,5,0.6,0.506383662,0.972150183,2.026305849,,0.273924603,0.948772449,
0.2,8,0.7,100,5,0.6,0.506383662,0.972150183,2.026305849,,0.273924603,0.948772449,
0.4,4,0.8,200,5,1,0.001653552,0.999999703,2.511650934,,0.273969771,0.948755553,
0.2,4,0.9,400,10,0.8,0.017727612,0.999964804,2.559571693,,0.274032905,0.948731933,
0.2,3,0.9,400,1,0.6,0.001123159,0.999999861,2.279939572,,0.274099944,0.948706846,
0.3,3,0.9,300,5,0.8,0.003924527,0.999998085,2.527346203,,0.274185121,0.948674962,
0.2,5,0.6,100,5,1,0.501359223,0.972658247,2.000212521,,0.274231441,0.948657619,
0.4,4,0.8,400,5,1,0.001225258,0.999999836,2.512111649,,0.27431349,0.948626892,
0.4,4,0.8,300,5,1,0.001310223,0.999999812,2.512010961,,0.274319746,0.948624548,
0.1,6,0.9,400,5,1,0.008541308,0.999992123,2.507614085,,0.274358108,0.948610178,
0.1,6,0.8,100,1,0.6,0.139990888,0.997858716,2.138624838,,0.274358163,0.948610157,
0.1,4,0.9,400,5,0.8,0.025883536,0.999924895,2.500569174,,0.274392379,0.948597339,
0.1,3,0.8,400,10,0.6,0.481010868,0.974815038,2.04860644,,0.274410421,0.948590579,
0.4,4,0.7,200,5,0.8,0.012718698,0.999981357,2.56145888,,0.274419752,0.948587083,
0.2,3,0.7,200,1,1,0.001885854,0.999999567,2.45058337,,0.274428798,0.948583693,
0.1,3,0.8,200,1,1,0.02449637,0.999930376,2.521826954,,0.274496899,0.948558171,
0.2,4,0.8,300,3,0.8,0.001794705,0.999999645,2.527507322,,0.274580506,0.94852683,
0.2,6,0.6,200,5,0.8,0.242303405,0.993454211,2.268953929,,0.27459455,0.948521564,
0.1,7,0.9,400,5,1,0.008355114,0.99999246,2.511223728,,0.27461535,0.948513765,
0.1,5,0.7,400,3,0.6,0.087471771,0.999153486,2.205663437,,0.274625446,0.948509979,
0.3,6,0.7,400,5,0.8,0.001566442,0.999999732,2.467648024,,0.274632992,0.94850715,
0.1,3,0.6,100,1,0.8,0.372609611,0.984710406,2.239358076,,0.274670987,0.948492901,
0.2,3,0.6,300,10,0.6,0.523295308,0.970045357,1.979730652,,0.274711601,0.948477668,
0.2,4,0.8,400,3,0.8,0.001272684,0.999999823,2.527864495,,0.274783516,0.948450689,
0.3,4,0.9,400,10,1,0.002450471,0.999999343,2.509932632,,0.274818601,0.948437524,
0.3,7,0.8,300,3,0.6,0.001298119,0.999999816,2.237517831,,0.274852075,0.948424962,
0.3,8,0.8,300,3,0.6,0.001294559,0.999999817,2.237594363,,0.274852075,0.948424962,
0.2,3,0.7,400,1,1,0.000845321,0.999999921,2.450907716,,0.274855855,0.948423544,
0.3,7,0.8,400,3,0.6,0.001177975,0.999999848,2.237478991,,0.274896962,0.948408115,
0.3,8,0.8,400,3,0.6,0.001178559,0.999999848,2.237600376,,0.274896962,0.948408115,
0.1,4,0.8,400,3,0.8,0.012013112,0.999984036,2.460969435,,0.274908166,0.94840391,
0.2,7,0.8,200,1,0.8,0.000936545,0.999999903,2.387388864,,0.274909396,0.948403448,
0.2,3,0.7,300,1,1,0.000904655,0.99999991,2.450787039,,0.274934218,0.94839413,
0.4,7,0.8,100,3,1,0.002679924,0.999999207,2.567510793,,0.274964436,0.948382785,
0.2,4,0.8,300,10,0.8,0.111738491,0.998639478,2.415721411,,0.274977452,0.948377898,
0.1,8,0.8,200,3,0.8,0.121472733,0.998389886,2.416885281,,0.274991057,0.94837279,
0.2,7,0.8,300,1,0.8,0.00087537,0.999999915,2.387392358,,0.275061453,0.948346354,
0.4,8,0.8,400,3,1,0.001006176,0.999999889,2.567665996,,0.275061972,0.948346159,
0.2,7,0.8,400,1,0.8,0.000862658,0.999999918,2.387424783,,0.275065534,0.948344822,
0.3,6,0.8,200,3,0.6,0.005274553,0.999996844,2.234341663,,0.275111723,0.948327472,
0.4,8,0.8,200,3,1,0.001110129,0.999999864,2.567563454,,0.27511177,0.948327455,
0.2,7,0.8,100,1,0.8,0.004742024,0.999997415,2.385384657,,0.275178828,0.948302261,
0.4,7,0.8,400,3,1,0.00100484,0.999999889,2.569129856,,0.275186771,0.948299277,
0.4,8,0.8,100,3,1,0.002734079,0.999999173,2.566237638,,0.275242913,0.948278179,
0.1,5,0.8,100,1,0.6,0.140765101,0.997836571,2.124267867,,0.275246964,0.948276657,
0.1,8,0.9,400,5,1,0.008353744,0.999992462,2.510514552,,0.275247301,0.94827653,
0.4,8,0.8,300,3,1,0.001030515,0.999999883,2.567693086,,0.275252807,0.94827446,
0.4,7,0.8,200,3,1,0.001107874,0.999999865,2.568990426,,0.275266926,0.948269154,
0.1,4,0.9,200,1,0.6,0.015921593,0.999971896,2.205002761,,0.275269942,0.94826802,
0.1,4,0.6,100,3,0.8,0.751280587,0.93880501,1.920402339,,0.275278607,0.948264764,
0.1,4,0.7,100,1,0.6,0.249465365,0.993178326,2.149839875,,0.275355655,0.948235799,
0.4,7,0.8,300,3,1,0.001028878,0.999999884,2.569086464,,0.275359822,0.948234232,
0.2,6,0.8,200,1,1,0.000902129,0.999999911,2.500006721,,0.275364616,0.94823243,
0.2,6,0.8,400,1,1,0.000834671,0.999999923,2.500066989,,0.275378934,0.948227046,
0.1,5,0.9,400,5,1,0.009378915,0.999990427,2.514859641,,0.27538577,0.948224476,
0.1,8,0.8,300,3,0.8,0.036636277,0.999852583,2.449443022,,0.27544826,0.948200975,
0.1,7,0.8,100,1,1,0.059814498,0.999607706,2.537061543,,0.27546309,0.948195398,
0.2,5,0.7,200,1,0.8,0.001091804,0.999999868,2.408192986,,0.275466574,0.948194087,
0.2,6,0.8,300,1,1,0.000845673,0.999999921,2.500060977,,0.27548551,0.948186964,
0.1,3,0.8,200,5,0.6,0.524314308,0.970070597,2.090998798,,0.275499029,0.948181879,
0.2,4,0.9,300,5,0.8,0.004524562,0.999997695,2.566721993,,0.275509865,0.948177803,
0.1,7,0.9,300,3,0.8,0.013873457,0.999978894,2.575249741,,0.275589856,0.948147706,
0.1,8,0.8,100,1,1,0.059760915,0.999608588,2.53902644,,0.275619997,0.948136364,
0.3,3,0.8,100,1,1,0.003982737,0.999997966,2.558852361,,0.275622641,0.948135369,
0.2,5,0.7,100,5,0.6,0.505930394,0.972200357,2.02548244,,0.27568923,0.948110305,
0.2,5,0.7,300,1,0.8,0.00085441,0.99999992,2.408234091,,0.275700598,0.948106026,
0.1,4,0.8,200,1,0.6,0.032919224,0.999879526,2.186708531,,0.275714596,0.948100756,
0.2,6,0.8,100,1,1,0.002052886,0.99999952,2.4992693,,0.275714976,0.948100613,
0.1,7,0.8,100,1,0.6,0.140048912,0.997856821,2.138187474,,0.275803304,0.948067355,
0.2,5,0.7,400,1,0.8,0.000818415,0.999999926,2.408294969,,0.275804347,0.948066962,
0.2,7,0.9,100,5,1,0.130503054,0.99816007,2.466697687,,0.275806378,0.948066197,
0.3,3,0.7,400,10,1,0.018468373,0.999961719,2.323328266,,0.275844849,0.948051708,
0.3,4,0.8,400,5,0.6,0.002513832,0.999999294,2.228409463,,0.275845906,0.94805131,
0.4,4,0.9,200,5,0.6,0.004799974,0.999997359,2.258782774,,0.275856394,0.94804736,
0.2,4,0.7,100,10,1,0.739463169,0.940846766,1.898681135,,0.275871834,0.948041544,
0.3,6,0.9,200,10,1,0.022673764,0.999944462,2.525660897,,0.275890104,0.948034662,
0.3,7,0.6,400,5,1,0.001707493,0.999999682,2.335267945,,0.275944563,0.948014144,
0.3,8,0.6,400,5,1,0.001710884,0.999999681,2.334331139,,0.275944563,0.948014144,
0.2,3,0.7,400,10,0.6,0.245331465,0.993324603,2.084686147,,0.275961629,0.948007714,
0.2,4,0.8,300,3,0.6,0.008236213,0.999992228,2.226639174,,0.276006393,0.947990845,
0.2,5,0.8,200,1,0.8,0.000946605,0.999999901,2.395324678,,0.276019749,0.947985812,
0.2,5,0.9,100,5,1,0.132621667,0.998100103,2.459884116,,0.276022349,0.947984832,
0.1,4,0.9,300,3,0.8,0.017432035,0.999966189,2.54568919,,0.276050698,0.947974146,
0.3,6,0.8,400,3,0.6,0.00117502,0.999999849,2.235424307,,0.276052849,0.947973336,
0.2,4,0.7,200,1,0.6,0.004248871,0.999997829,2.265542174,,0.276078309,0.947963739,
0.3,4,0.9,300,3,0.6,0.001466948,0.999999765,2.296609258,,0.27609732,0.947956572,
0.2,5,0.8,300,1,0.8,0.000873496,0.999999916,2.395321318,,0.27610697,0.947952934,
0.3,4,0.9,400,3,0.6,0.001334107,0.999999806,2.296646764,,0.27612958,0.947944409,
0.3,6,0.8,300,3,0.6,0.001301092,0.999999815,2.235464309,,0.276136041,0.947941973,
0.2,5,0.8,100,1,0.8,0.005159318,0.999996875,2.39385979,,0.276141066,0.947940079,
0.2,5,0.8,400,1,0.8,0.000858392,0.999999919,2.395312839,,0.276166462,0.947930503,
0.3,3,0.9,100,5,0.6,0.196927465,0.995713353,2.248202584,,0.276173301,0.947927924,
0.1,7,0.9,400,3,0.8,0.002724651,0.99999919,2.579460422,,0.276222303,0.947909443,
0.3,6,0.6,400,5,1,0.001720937,0.999999676,2.334146327,,0.276242418,0.947901856,
0.3,4,0.9,200,3,0.6,0.002685703,0.999999166,2.295819109,,0.276341274,0.947864562,
0.2,5,0.6,200,10,0.6,0.691734263,0.947927873,1.911081561,,0.276349625,0.947861411,
0.2,4,0.8,400,10,0.8,0.04198642,0.999807555,2.450119773,,0.276351268,0.947860791,
0.4,4,0.7,200,5,0.6,0.03795854,0.99983669,2.229958037,,0.276365166,0.947855546,
0.2,8,0.9,100,5,1,0.130540746,0.998158996,2.467216844,,0.27636688,0.9478549,
0.1,4,0.7,400,3,0.8,0.035229821,0.999863505,2.364857094,,0.276379102,0.947850288,
0.4,4,0.9,300,5,0.6,0.00174525,0.999999668,2.259848609,,0.276379554,0.947850117,
0.3,5,0.8,200,3,0.8,0.001474267,0.999999763,2.49289331,,0.276390008,0.947846172,
0.3,4,0.8,200,3,0.6,0.007224457,0.999994018,2.250643648,,0.276405734,0.947840237,
0.3,3,0.9,400,5,0.8,0.00188997,0.999999609,2.52867833,,0.27641424,0.947837026,
0.3,5,0.8,400,3,0.8,0.001100302,0.999999867,2.49309651,,0.276438836,0.947827743,
0.1,8,0.8,100,1,0.6,0.140030372,0.997857354,2.138109839,,0.27646104,0.947819362,
0.4,4,0.9,400,5,0.6,0.001522754,0.999999747,2.259980455,,0.276494596,0.947806694,
0.2,4,0.8,100,1,0.8,0.00866259,0.999991022,2.331819498,,0.276496795,0.947805863,
0.2,5,0.7,300,3,0.6,0.02242232,0.999944045,2.225774817,,0.276500387,0.947804507,
0.3,7,0.8,200,3,1,0.00121469,0.999999838,2.453250052,,0.27650374,0.947803241,
0.3,5,0.8,300,3,0.8,0.001149416,0.999999854,2.49310478,,0.276547277,0.947786803,
0.3,7,0.8,400,3,1,0.001058436,0.999999877,2.453347536,,0.276554398,0.947784114,
0.3,7,0.8,300,3,1,0.001090047,0.999999869,2.453314984,,0.276604841,0.947765064,
0.2,7,0.6,200,10,0.6,0.691517633,0.947957774,1.906428919,,0.276619431,0.947759553,
0.2,8,0.6,200,10,0.6,0.691517633,0.947957774,1.906428919,,0.276619431,0.947759553,
0.2,6,0.6,200,10,0.6,0.691642242,0.947941446,1.906750904,,0.276624596,0.947757602,
0.1,3,0.9,100,3,0.8,0.480095614,0.974935563,2.261906758,,0.276699475,0.947729316,
0.3,7,0.8,100,3,1,0.012951975,0.999981497,2.445252003,,0.276846819,0.947673632,
0.2,8,0.8,200,1,0.8,0.000948522,0.9999999,2.386805871,,0.276853168,0.947671232,
0.2,8,0.8,400,1,1,0.000829647,0.999999924,2.494113975,,0.276882989,0.947659958,
0.2,3,0.9,300,5,1,0.011282051,0.999985662,2.530272843,,0.276899786,0.947653608,
0.4,3,0.8,200,3,1,0.001323342,0.999999808,2.600456746,,0.276931567,0.947641591,
0.2,8,0.8,200,1,1,0.000901679,0.999999911,2.49403894,,0.276948754,0.947635092,
0.3,3,0.9,100,1,0.8,0.005033855,0.999996511,2.526420826,,0.276956525,0.947632153,
0.4,3,0.8,400,3,1,0.001047244,0.99999988,2.600702057,,0.27696332,0.947629584,
0.3,6,0.9,300,10,1,0.003123668,0.999998943,2.538286084,,0.27696975,0.947627152,
0.2,8,0.8,400,1,0.8,0.000870113,0.999999917,2.386854694,,0.276974511,0.947625351,
0.2,8,0.8,300,1,0.8,0.000881478,0.999999914,2.386853457,,0.276974667,0.947625292,
0.4,3,0.8,300,3,1,0.001090614,0.999999869,2.600647198,,0.277008087,0.947612652,
0.2,8,0.8,300,1,1,0.00084776,0.999999921,2.494093464,,0.277013449,0.947610624,
0.2,8,0.8,100,1,0.8,0.004701523,0.999997462,2.384944522,,0.277028937,0.947604766,
0.4,4,0.6,200,5,1,0.018463741,0.999960323,2.384005867,,0.277061702,0.947592371,
0.1,5,0.9,200,5,1,0.133920926,0.998062852,2.420165399,,0.277063447,0.947591711,
0.2,4,0.7,200,1,0.8,0.001179816,0.999999845,2.44696244,,0.27706462,0.947591267,
0.3,5,0.9,200,10,1,0.023708131,0.999939317,2.530808205,,0.277068924,0.947589639,
0.3,4,0.7,200,3,0.8,0.006508344,0.999995153,2.504571855,,0.277130476,0.94756635,
0.1,5,0.7,100,3,0.6,0.681577333,0.949648071,1.947670526,,0.277142645,0.947561745,
0.3,6,0.9,400,10,1,0.002140103,0.999999498,2.539281169,,0.277157386,0.947556167,
0.4,4,0.7,200,3,0.8,0.001586982,0.999999724,2.549264001,,0.277296295,0.947503585,
0.2,3,0.8,200,1,1,0.001222661,0.999999832,2.48223059,,0.277382179,0.947471061,
0.2,8,0.8,100,1,1,0.00205065,0.999999526,2.493372672,,0.27738674,0.947469334,
0.2,4,0.7,300,1,0.8,0.000864298,0.999999918,2.44704871,,0.277389992,0.947468102,
0.1,8,0.9,300,3,0.8,0.013871774,0.9999789,2.573412279,,0.277418775,0.9474572,
0.2,4,0.7,400,1,0.8,0.000823479,0.999999925,2.447134496,,0.277420936,0.947456381,
0.4,8,0.9,100,1,0.8,0.000951776,0.999999901,2.53974493,,0.277443468,0.947447846,
0.3,3,0.8,200,1,1,0.000925023,0.999999906,2.560287351,,0.27745382,0.947443924,
0.3,5,0.6,200,10,0.8,0.345075603,0.986858177,2.1286423,,0.277455247,0.947443383,
0.2,4,0.9,400,5,0.8,0.001923592,0.999999596,2.568450967,,0.277455271,0.947443374,
0.1,3,0.6,100,5,0.8,1.049620486,0.880691153,1.750760161,,0.277459995,0.947441585,
0.4,8,0.9,300,1,0.8,0.000866441,0.999999918,2.539748529,,0.277460671,0.947441329,
0.3,3,0.8,400,1,1,0.000820509,0.999999926,2.560367996,,0.277497299,0.947427451,
0.3,3,0.8,300,1,1,0.0008367,0.999999923,2.560385087,,0.277502106,0.947425629,
0.2,7,0.8,200,1,1,0.000900538,0.999999911,2.493927048,,0.277503865,0.947424963,
0.4,8,0.9,400,1,0.8,0.000844309,0.999999922,2.539742308,,0.277519835,0.947418912,
0.4,8,0.9,200,1,0.8,0.000911562,0.999999909,2.539709596,,0.277522813,0.947417783,
0.2,4,0.9,100,10,1,0.472077793,0.975898212,2.134431669,,0.277526996,0.947416198,
0.2,7,0.8,400,1,1,0.000827003,0.999999925,2.494023302,,0.277527282,0.947416089,
0.3,3,0.7,200,5,0.8,0.060181101,0.999593311,2.393095711,,0.277530395,0.94741491,
0.4,4,0.9,100,5,0.6,0.04574713,0.99977005,2.243427589,,0.277546466,0.94740882,
0.2,7,0.8,300,1,1,0.000848738,0.999999921,2.494004102,,0.277566066,0.947401391,
0.2,6,0.8,400,1,0.8,0.000862819,0.999999918,2.385212512,,0.277631083,0.947376747,
0.1,7,0.8,300,3,0.8,0.036659006,0.999852378,2.448316017,,0.277632662,0.947376149,
0.4,4,0.7,300,3,0.8,0.001071541,0.999999874,2.549627321,,0.27764078,0.947373071,
0.2,6,0.8,200,1,0.8,0.000942617,0.999999902,2.385190622,,0.277641253,0.947372892,
0.2,3,0.8,400,1,1,0.00088488,0.999999914,2.482265615,,0.277646547,0.947370885,
0.2,3,0.8,300,1,1,0.000931194,0.999999904,2.482311928,,0.27764934,0.947369826,
0.4,7,0.9,100,1,0.8,0.000956695,0.9999999,2.539716067,,0.277678858,0.947358635,
0.4,3,0.9,300,10,1,0.005850376,0.999996017,2.535137871,,0.277685552,0.947356097,
0.4,7,0.9,300,1,0.8,0.00086021,0.999999919,2.539724851,,0.277696996,0.947351758,
0.2,4,0.8,200,1,0.8,0.001062762,0.999999876,2.335083582,,0.277703424,0.94734932,
0.2,6,0.8,300,1,0.8,0.00087932,0.999999915,2.385221996,,0.277738115,0.947336165,
0.4,7,0.9,400,1,0.8,0.000831895,0.999999924,2.539731057,,0.277754286,0.947330032,
0.4,7,0.9,200,1,0.8,0.000914996,0.999999908,2.539697153,,0.277759369,0.947328104,
0.1,8,0.8,400,3,0.8,0.009104759,0.999990879,2.459184909,,0.277773194,0.947322861,
0.2,6,0.7,400,3,0.6,0.005805612,0.999996197,2.243244759,,0.277790547,0.947316279,
0.2,6,0.8,100,1,0.8,0.00484177,0.999997288,2.383080998,,0.277795168,0.947314526,
0.4,4,0.7,400,3,0.8,0.000992661,0.999999891,2.549744183,,0.277805032,0.947310785,
0.2,4,0.8,400,3,0.6,0.002165063,0.999999463,2.230525545,,0.277816111,0.947306582,
0.4,3,0.6,200,10,1,0.150346225,0.997507992,2.184949718,,0.277837745,0.947298375,
0.2,4,0.8,300,5,0.8,0.013378715,0.999980195,2.472974488,,0.27786014,0.947289879,
0.3,6,0.7,300,5,0.6,0.023159548,0.999940197,2.267907761,,0.27788485,0.947280503,
0.2,4,0.8,400,1,0.8,0.000890785,0.999999913,2.33521586,,0.277887868,0.947279358,
0.2,7,0.8,100,1,1,0.002031758,0.999999535,2.493271657,,0.277899572,0.947274917,
0.3,4,0.6,400,10,0.6,0.170521821,0.996741422,2.178507335,,0.277949175,0.947256093,
0.1,6,0.7,100,3,0.6,0.681431632,0.949672444,1.94790887,,0.27796205,0.947251207,
0.1,7,0.7,100,3,0.6,0.681420444,0.949674069,1.947919837,,0.27796205,0.947251207,
0.1,8,0.7,100,3,0.6,0.681420444,0.949674069,1.947919837,,0.27796205,0.947251207,
0.2,4,0.8,300,1,0.8,0.000923081,0.999999906,2.335180783,,0.278005921,0.947234555,
0.1,8,0.9,400,3,0.8,0.002722779,0.999999192,2.577718193,,0.278037131,0.947222707,
0.2,3,0.9,400,5,1,0.003050784,0.999998941,2.535105804,,0.278038142,0.947222323,
0.2,5,0.8,100,5,0.8,0.260640783,0.992622089,2.351751113,,0.278046915,0.947218993,
0.1,4,0.6,100,5,0.8,1.030278871,0.885071951,1.757481478,,0.278072505,0.947209277,
0.1,3,0.6,300,5,0.8,0.421722996,0.980553646,1.983998911,,0.278072715,0.947209197,
0.3,7,0.7,100,3,0.6,0.120382831,0.998406519,2.160305097,,0.278120887,0.947190905,
0.3,8,0.7,100,3,0.6,0.12038287,0.998406518,2.160304978,,0.278120887,0.947190905,
0.1,7,0.7,100,1,0.8,0.173270259,0.996696278,2.283166,,0.278164573,0.947174314,
0.2,7,0.7,400,3,0.6,0.005786376,0.999996238,2.246661849,,0.278176304,0.947169858,
0.2,8,0.7,400,3,0.6,0.005788836,0.999996236,2.246583975,,0.278176304,0.947169858,
0.1,8,0.7,100,1,0.8,0.173193409,0.996698846,2.283313551,,0.278183232,0.947167226,
0.3,5,0.9,300,10,1,0.003535667,0.999998628,2.544489885,,0.278188515,0.94716522,
0.2,6,0.7,400,5,0.6,0.037692535,0.999841647,2.226620095,,0.278192606,0.947163665,
0.3,3,0.9,300,10,0.8,0.03503252,0.999860417,2.50359937,,0.278242546,0.947144694,
0.3,6,0.9,100,5,0.8,0.053473757,0.999688025,2.558817217,,0.278252607,0.947140871,
0.3,4,0.6,100,3,0.6,0.239799127,0.993538908,2.196528729,,0.278271764,0.947133593,
0.4,3,0.9,400,10,1,0.002449626,0.999999342,2.536960641,,0.278288482,0.94712724,
0.4,5,0.7,200,5,0.8,0.011901839,0.999983661,2.592301601,,0.278317565,0.947116189,
0.1,4,0.9,100,3,0.8,0.334543001,0.987915962,2.330244267,,0.278355403,0.947101809,
0.4,5,0.6,200,5,1,0.01767524,0.999963352,2.389788506,,0.278398857,0.947085291,
0.4,8,0.9,200,3,0.6,0.001275373,0.999999822,2.339541887,,0.278431063,0.947073048,
0.4,6,0.6,300,5,0.8,0.008091808,0.999992325,2.48778204,,0.278434095,0.947071895,
0.2,7,0.6,300,3,0.6,0.060015175,0.99959554,2.168459533,,0.278463055,0.947060884,
0.2,8,0.6,300,3,0.6,0.06002853,0.999595366,2.166864543,,0.278463055,0.947060884,
0.3,4,0.7,200,10,0.6,0.347719963,0.986606602,2.14826321,,0.278471573,0.947057646,
0.4,8,0.9,400,3,0.6,0.001150615,0.999999855,2.339536761,,0.278519831,0.947039295,
0.4,7,0.6,300,5,0.8,0.008038925,0.999992426,2.482128897,,0.278552565,0.947026845,
0.4,8,0.6,300,5,0.8,0.008068626,0.999992373,2.483216592,,0.278552565,0.947026845,
0.4,8,0.9,300,3,0.6,0.001176143,0.999999848,2.339563211,,0.278562433,0.947023092,
0.3,3,0.9,200,1,0.8,0.001070191,0.999999874,2.52935884,,0.278563657,0.947022626,
0.4,3,0.7,400,10,1,0.005000311,0.999997142,2.376622574,,0.27859431,0.947010966,
0.2,8,0.7,400,5,0.6,0.037528101,0.999843078,2.22777305,,0.27863764,0.946994482,
0.1,7,0.8,200,3,0.8,0.121484668,0.998389531,2.41596424,,0.278676773,0.946979593,
0.1,4,0.6,300,1,0.8,0.020475648,0.999949954,2.34041384,,0.278683241,0.946977132,
0.3,6,0.6,200,10,1,0.245345987,0.993405343,2.118917971,,0.278707671,0.946967835,
0.3,7,0.6,200,10,1,0.245608276,0.993390905,2.118983894,,0.278707671,0.946967835,
0.3,8,0.6,200,10,1,0.245608276,0.993390905,2.118983894,,0.278707671,0.946967835,
0.2,5,0.9,200,5,1,0.009771377,0.999989535,2.554075593,,0.278713564,0.946965592,
0.3,6,0.8,100,3,0.8,0.024693582,0.999932346,2.487708488,,0.278722048,0.946962363,
0.2,5,0.7,400,5,0.6,0.038091713,0.999838295,2.226176949,,0.278730319,0.946959216,
0.3,3,0.9,200,10,1,0.07324368,0.999394492,2.319887727,,0.278745663,0.946953376,
0.3,6,0.9,200,5,0.8,0.003097637,0.999998943,2.587462077,,0.278762336,0.94694703,
0.4,7,0.9,400,3,0.6,0.001154379,0.999999854,2.339107459,,0.278779058,0.946940665,
0.3,3,0.7,100,3,1,0.080166155,0.999290825,2.438743243,,0.278784847,0.946938461,
0.3,7,0.6,300,5,0.8,0.028514664,0.999905229,2.37500015,,0.278793116,0.946935313,
0.3,8,0.6,300,5,0.8,0.028532437,0.999905097,2.375936472,,0.278793116,0.946935313,
0.4,7,0.9,300,3,0.6,0.001184405,0.999999846,2.339172413,,0.27879544,0.946934428,
0.3,6,0.9,300,5,0.8,0.00153867,0.99999974,2.58793647,,0.278804441,0.946931002,
0.4,7,0.9,200,3,0.6,0.001283213,0.99999982,2.339151864,,0.278849917,0.946913688,
0.1,3,0.9,300,3,0.8,0.064156156,0.999533712,2.460836174,,0.278860665,0.946909596,
0.3,3,0.9,300,1,0.8,0.0009592,0.999999898,2.529480057,,0.278879619,0.946902379,
0.3,6,0.9,400,5,0.8,0.001461853,0.999999765,2.58796967,,0.278884134,0.946900659,
0.3,5,0.9,400,10,1,0.002255821,0.999999444,2.545648435,,0.278884369,0.94690057,
0.3,3,0.9,400,1,0.8,0.000914249,0.999999908,2.529515529,,0.278922967,0.94688587,
0.4,8,0.9,100,3,0.6,0.00579178,0.999996261,2.337542419,,0.279004872,0.946854672,
0.2,3,0.9,400,5,0.8,0.007013615,0.99999352,2.532551715,,0.279076759,0.946827283,
0.3,3,0.9,100,1,0.6,0.008296765,0.999991621,2.300148112,,0.279089243,0.946822525,
0.4,6,0.9,300,3,0.6,0.001200037,0.999999843,2.338673209,,0.279100554,0.946818215,
0.2,7,0.7,400,5,0.6,0.037524837,0.999843103,2.227659652,,0.279104563,0.946816687,
0.4,6,0.9,400,3,0.6,0.001163173,0.999999852,2.338604336,,0.279110027,0.946814605,
0.3,7,0.9,200,10,1,0.02233369,0.999946076,2.512557978,,0.279120201,0.946810727,
0.3,8,0.9,200,10,1,0.022325283,0.999946115,2.51549677,,0.279120201,0.946810727,
0.4,6,0.9,100,1,0.8,0.00093944,0.999999903,2.543117726,,0.279128803,0.946807449,
0.4,6,0.9,200,3,0.6,0.001303757,0.999999814,2.338626866,,0.279166351,0.946793137,
0.4,6,0.9,200,1,0.8,0.000897417,0.999999912,2.543169653,,0.279169239,0.946792036,
0.1,6,0.7,100,1,0.8,0.173600062,0.996683655,2.279993729,,0.279179146,0.94678826,
0.4,6,0.9,400,1,0.8,0.00084038,0.999999922,2.543178303,,0.27919446,0.946782422,
0.1,4,0.6,400,5,0.6,0.375914111,0.984464101,2.053300919,,0.279195126,0.946782168,
0.2,4,0.6,200,3,1,0.051509619,0.999699718,2.307118139,,0.279197601,0.946781224,
0.4,6,0.9,300,1,0.8,0.000851909,0.99999992,2.543183202,,0.279212441,0.946775567,
0.3,7,0.7,300,5,0.6,0.023128902,0.999940316,2.272207647,,0.279216679,0.946773951,
0.3,8,0.7,300,5,0.6,0.023126671,0.999940326,2.272348076,,0.279216679,0.946773951,
0.1,4,0.9,200,5,1,0.140516168,0.997868944,2.382028932,,0.279300209,0.9467421,
0.2,4,0.7,400,1,0.6,0.000888275,0.999999913,2.266060981,,0.279316748,0.946735793,
0.4,4,0.8,200,1,0.6,0.000927419,0.999999905,2.214188251,,0.279320706,0.946734283,
0.4,4,0.8,100,1,0.6,0.001094992,0.999999868,2.214319925,,0.279368597,0.946716016,
0.1,5,0.8,100,1,0.8,0.094787937,0.999006844,2.343353377,,0.279372282,0.94671461,
0.2,4,0.7,300,1,0.6,0.000993557,0.999999892,2.265983793,,0.279374464,0.946713778,
0.3,4,0.6,200,10,0.8,0.347686025,0.986641405,2.086651916,,0.279379003,0.946712047,
0.4,7,0.9,100,3,0.6,0.005781711,0.999996274,2.337347304,,0.279380517,0.946711469,
0.4,6,0.9,100,3,0.6,0.005825389,0.999996218,2.336555098,,0.279398869,0.946704468,
0.4,4,0.8,400,1,0.6,0.000815933,0.999999926,2.214173253,,0.279426275,0.946694012,
0.4,4,0.8,300,1,0.6,0.000848493,0.999999921,2.21416876,,0.279445014,0.946686862,
0.3,6,0.7,100,3,0.6,0.120202351,0.998409525,2.159308791,,0.279515489,0.946659968,
0.2,3,0.9,400,10,0.8,0.051558892,0.999698908,2.451354394,,0.279576381,0.946636725,
0.2,6,0.6,300,3,0.6,0.060181581,0.999593576,2.170316837,,0.279601655,0.946627077,
0.4,3,0.7,300,5,1,0.001574265,0.999999729,2.442843268,,0.279661545,0.94660421,
0.3,7,0.7,300,10,0.6,0.173894848,0.996630986,2.188582884,,0.279664816,0.94660296,
0.3,8,0.7,300,10,0.6,0.173894848,0.996630986,2.188582884,,0.279664816,0.94660296,
0.3,6,0.7,300,10,0.6,0.173887817,0.996631198,2.188507454,,0.279673072,0.946599808,
0.1,7,0.8,400,3,0.8,0.009112329,0.99999086,2.458068514,,0.279716035,0.9465834,
0.3,6,0.6,300,10,0.6,0.291903285,0.990485969,2.13097091,,0.279723632,0.946580498,
0.3,7,0.6,300,10,0.6,0.292053487,0.99047761,2.130652025,,0.279723632,0.946580498,
0.3,8,0.6,300,10,0.6,0.292053487,0.99047761,2.130652025,,0.279723632,0.946580498,
0.3,6,0.8,200,1,0.6,0.000934857,0.999999904,2.219885978,,0.279797982,0.946552097,
0.3,7,0.8,400,1,0.6,0.000831762,0.999999924,2.219748112,,0.279823632,0.946542297,
0.3,8,0.8,400,1,0.6,0.000834652,0.999999924,2.219347837,,0.279823632,0.946542297,
0.2,7,0.6,100,5,1,0.500957038,0.972723322,2.006715954,,0.2798239,0.946542195,
0.2,8,0.6,100,5,1,0.500957038,0.972723322,2.006715954,,0.2798239,0.946542195,
0.3,7,0.8,200,1,0.6,0.000913039,0.999999908,2.219768348,,0.279828212,0.946540547,
0.3,8,0.8,200,1,0.6,0.000916683,0.999999908,2.219349864,,0.279828212,0.946540547,
0.1,4,0.7,100,3,1,0.497187871,0.973225853,2.026997567,,0.279828486,0.946540442,
0.3,6,0.8,100,1,0.6,0.001398884,0.999999786,2.219783823,,0.279852782,0.946531159,
0.3,6,0.8,400,1,0.6,0.000837754,0.999999923,2.219804424,,0.279882485,0.946519808,
0.4,3,0.7,400,5,1,0.001247031,0.999999829,2.442941936,,0.279897509,0.946514066,
0.3,6,0.8,300,1,0.6,0.000857194,0.999999919,2.219780575,,0.279912732,0.946508248,
0.3,7,0.8,100,1,0.6,0.001400176,0.999999785,2.21962152,,0.279913392,0.946507996,
0.3,8,0.8,100,1,0.6,0.001401278,0.999999784,2.21921293,,0.279913392,0.946507996,
0.3,7,0.8,300,1,0.6,0.000859528,0.999999919,2.219707201,,0.279928674,0.946502155,
0.3,8,0.8,300,1,0.6,0.000861026,0.999999919,2.219293575,,0.279928674,0.946502155,
0.3,4,0.8,400,3,0.6,0.001249305,0.999999829,2.25369361,,0.279937782,0.946498673,
0.3,4,0.8,300,3,0.6,0.001544463,0.999999737,2.253427557,,0.27994504,0.946495899,
0.4,7,0.7,100,3,0.6,0.052376568,0.999691397,2.179744278,,0.279950818,0.94649369,
0.4,8,0.7,100,3,0.6,0.052377115,0.999691391,2.179774498,,0.279950818,0.94649369,
0.3,7,0.9,300,10,1,0.003019518,0.999999013,2.525599385,,0.279967092,0.94648747,
0.3,8,0.9,300,10,1,0.003028391,0.999999007,2.528352598,,0.279967092,0.94648747,
0.3,7,0.9,400,10,1,0.002121824,0.999999506,2.526581222,,0.280073879,0.946446639,
0.3,8,0.9,400,10,1,0.002116047,0.999999509,2.529291997,,0.280073879,0.946446639,
0.3,7,0.6,100,3,0.8,0.183129123,0.996164193,2.351952544,,0.280085101,0.946442348,
0.3,8,0.6,100,3,0.8,0.182953225,0.996171396,2.354778192,,0.280085101,0.946442348,
0.3,6,0.8,400,3,0.8,0.001093065,0.999999869,2.498051966,,0.280088326,0.946441115,
0.3,4,0.7,300,3,0.8,0.001275569,0.999999821,2.506467036,,0.280091342,0.946439961,
0.3,6,0.8,200,3,0.8,0.001395615,0.999999787,2.498031879,,0.280102944,0.946435524,
0.3,6,0.6,100,3,0.8,0.18302653,0.996170701,2.35384672,,0.280106211,0.946434274,
0.3,6,0.8,300,3,0.8,0.00113085,0.999999859,2.498021023,,0.280108562,0.946433375,
0.1,4,0.8,100,1,0.6,0.155318787,0.997363198,2.144808373,,0.280120396,0.946428849,
0.4,6,0.7,100,3,0.6,0.052257038,0.999693341,2.178534729,,0.280168011,0.946410635,
0.1,3,0.7,300,5,0.6,0.439620983,0.978844626,2.024580182,,0.280172117,0.946409065,
0.4,3,0.8,200,10,0.8,0.070166604,0.999448941,2.475306006,,0.280213759,0.946393133,
0.1,6,0.6,100,5,0.8,1.028823466,0.885388828,1.759899371,,0.280215227,0.946392571,
0.1,7,0.6,100,5,0.8,1.028843829,0.885385016,1.759889625,,0.280215227,0.946392571,
0.1,8,0.6,100,5,0.8,1.028843829,0.885385016,1.759889625,,0.280215227,0.946392571,
0.2,4,0.6,300,5,1,0.052668949,0.999692287,2.190514557,,0.280219613,0.946390893,
0.3,4,0.7,400,3,0.8,0.001070301,0.999999874,2.506778851,,0.280234382,0.946385242,
0.4,5,0.7,100,3,0.6,0.051990987,0.999695814,2.174659078,,0.280254546,0.946377526,
0.1,5,0.6,100,5,0.6,1.096441128,0.869866135,1.742158629,,0.280258144,0.946376149,
0.1,6,0.6,100,5,0.6,1.09645233,0.869864224,1.741751157,,0.280258144,0.946376149,
0.1,7,0.6,100,5,0.6,1.096450146,0.8698647,1.741751634,,0.280258144,0.946376149,
0.1,8,0.6,100,5,0.6,1.096450146,0.8698647,1.741751634,,0.280258144,0.946376149,
0.2,5,0.9,300,5,1,0.001909519,0.999999599,2.559074098,,0.280275857,0.946369371,
0.3,5,0.8,200,3,0.6,0.005541514,0.999996502,2.226624203,,0.280297467,0.9463611,
0.1,4,0.9,300,5,1,0.040610701,0.999821315,2.464843729,,0.280371578,0.946332732,
0.2,5,0.8,200,1,1,0.000909781,0.999999909,2.515945503,,0.280373192,0.946332114,
0.3,4,0.9,100,3,0.6,0.030286726,0.999898305,2.284749394,,0.280381055,0.946329104,
0.4,3,0.9,100,10,1,0.191512864,0.995937207,2.444572828,,0.280385916,0.946327243,
0.2,5,0.8,400,1,1,0.000832355,0.999999924,2.516030804,,0.280408689,0.946318524,
0.3,4,0.7,100,10,0.6,0.645906326,0.954694031,2.002675504,,0.280417711,0.94631507,
0.2,5,0.9,400,5,1,0.001622197,0.999999712,2.559252316,,0.280434573,0.946308613,
0.2,5,0.8,300,1,1,0.000853155,0.99999992,2.51600884,,0.280463537,0.946297522,
0.1,4,0.8,300,1,0.6,0.006634773,0.999995014,2.1897156,,0.280517142,0.946276991,
0.1,4,0.9,400,3,0.8,0.00409988,0.999998093,2.550498435,,0.280548779,0.946264873,
0.2,6,0.6,300,5,0.6,0.188083172,0.996042784,2.173019759,,0.280598267,0.946245914,
0.3,5,0.7,300,10,0.6,0.173223308,0.996656167,2.190469773,,0.280609476,0.946241619,
0.4,4,0.7,300,5,0.8,0.001791777,0.999999646,2.564684594,,0.280654934,0.9462242,
0.2,5,0.8,100,1,1,0.002354702,0.999999344,2.514973969,,0.280733355,0.946194144,
0.3,4,0.6,200,3,1,0.010388126,0.99998756,2.331337298,,0.280851463,0.946148861,
0.1,3,0.8,200,1,0.8,0.044998194,0.999769517,2.455356875,,0.280879046,0.946138283,
0.1,7,0.9,200,10,1,0.470586525,0.976060984,2.229013949,,0.280922314,0.946121687,
0.1,8,0.9,200,10,1,0.470585854,0.976061052,2.229042425,,0.280922314,0.946121687,
0.1,6,0.9,200,10,1,0.470710699,0.976048837,2.229067981,,0.280936752,0.946116149,
0.3,7,0.9,100,5,0.8,0.053008753,0.999693621,2.551439309,,0.280949086,0.946111417,
0.3,8,0.9,100,5,0.8,0.052971274,0.999694078,2.551535586,,0.280949086,0.946111417,
0.2,6,0.6,100,5,1,0.501204959,0.972694684,2.005590634,,0.281058892,0.946069285,
0.2,4,0.8,400,5,0.8,0.002934319,0.999999042,2.478462266,,0.281103446,0.946052186,
0.4,4,0.7,400,5,0.8,0.001295851,0.999999816,2.565102728,,0.281137243,0.946039213,
0.2,3,0.7,200,3,0.8,0.068026496,0.99948026,2.388808153,,0.281169469,0.946026841,
0.2,5,0.9,100,3,0.8,0.055574894,0.999662348,2.511545638,,0.281273925,0.945986731,
0.2,4,0.8,100,5,0.8,0.269461954,0.99211819,2.313167835,,0.281276271,0.94598583,
0.3,4,0.6,300,5,1,0.00992335,0.99998892,2.343940191,,0.281317221,0.945970101,
0.4,4,0.8,100,3,0.6,0.020015984,0.999954766,2.236777611,,0.281348771,0.945957982,
0.3,5,0.6,100,3,1,0.116141252,0.998452428,2.285974323,,0.281351736,0.945956843,
0.1,4,0.8,400,1,0.6,0.001596053,0.999999717,2.190915092,,0.281413081,0.945933273,
0.2,4,0.7,100,10,0.6,0.902662546,0.911765179,1.83085703,,0.281437096,0.945924045,
0.3,5,0.8,400,3,0.6,0.001199067,0.999999842,2.22750858,,0.281468967,0.945911797,
0.3,5,0.6,300,5,1,0.009235906,0.999990366,2.32497505,,0.281516868,0.945893386,
0.1,3,0.7,400,5,0.8,0.166564048,0.996950999,2.267033273,,0.281538071,0.945885235,
0.1,6,0.6,100,3,0.8,0.744760777,0.939885594,1.920098803,,0.281538178,0.945885194,
0.1,7,0.6,100,3,0.8,0.744620768,0.939908034,1.920301712,,0.281565051,0.945874863,
0.1,8,0.6,100,3,0.8,0.744619068,0.939908339,1.920303992,,0.281565051,0.945874863,
0.1,3,0.6,400,5,1,0.174883272,0.996644981,2.106187815,,0.281568473,0.945873547,
0.1,4,0.9,200,10,1,0.474432185,0.975669338,2.248191058,,0.28157508,0.945871007,
0.3,5,0.8,300,3,0.6,0.001328954,0.999999806,2.227502776,,0.281603469,0.945860092,
0.2,6,0.9,100,5,1,0.130726365,0.998153835,2.467698449,,0.281681164,0.945830213,
0.3,7,0.9,300,5,0.8,0.001516626,0.999999747,2.580520624,,0.281698958,0.945823369,
0.3,8,0.9,300,5,0.8,0.00150242,0.999999752,2.580548728,,0.281698958,0.945823369,
0.2,3,0.9,100,10,0.6,0.699391046,0.947078734,2.007064721,,0.281701295,0.94582247,
0.2,5,0.7,400,3,0.6,0.00602008,0.999995923,2.23284962,,0.281763544,0.945798524,
0.4,6,0.6,400,5,0.8,0.001582432,0.999999725,2.490045362,,0.281764745,0.945798061,
0.1,5,0.9,300,1,1,0.001013446,0.999999887,2.633211793,,0.281776566,0.945793514,
0.1,5,0.9,400,1,1,0.000981863,0.999999894,2.63326411,,0.281790929,0.945787987,
0.3,7,0.9,200,5,0.8,0.002986749,0.999999013,2.580036575,,0.28179489,0.945786463,
0.3,8,0.9,200,5,0.8,0.002967964,0.999999025,2.580053398,,0.28179489,0.945786463,
0.2,5,0.6,300,3,0.6,0.06075519,0.999586458,2.169219947,,0.281824877,0.945774924,
0.3,7,0.9,400,5,0.8,0.001436994,0.999999774,2.58052499,,0.281874736,0.945755736,
0.3,8,0.9,400,5,0.8,0.001427534,0.999999777,2.580560008,,0.281874736,0.945755736,
0.1,5,0.9,200,1,1,0.001134427,0.999999858,2.633129091,,0.281895371,0.945747794,
0.4,7,0.6,400,5,0.8,0.001609715,0.999999717,2.484250286,,0.282055552,0.945686121,
0.4,8,0.6,400,5,0.8,0.001590711,0.999999724,2.485158661,,0.282055552,0.945686121,
0.1,3,0.9,300,5,1,0.113051153,0.998568176,2.420338884,,0.282129375,0.945657686,
0.3,4,0.8,100,1,0.6,0.002298108,0.999999396,2.200533356,,0.282140493,0.945653403,
0.4,4,0.9,200,1,0.8,0.000921321,0.999999906,2.572696027,,0.282147914,0.945650544,
0.4,4,0.9,100,1,0.8,0.000992195,0.999999891,2.572633301,,0.282148474,0.945650328,
0.4,4,0.9,300,1,0.8,0.00086725,0.999999917,2.572703955,,0.282149484,0.945649939,
0.2,4,0.7,100,5,0.6,0.510694749,0.971688148,2.023612799,,0.282155371,0.945647671,
0.4,4,0.9,400,1,0.8,0.000843677,0.999999922,2.572783531,,0.282185036,0.945636242,
0.3,5,0.8,100,1,0.6,0.001555912,0.99999973,2.218884963,,0.282213674,0.945625207,
0.3,4,0.7,300,3,0.6,0.003617052,0.999998522,2.214430466,,0.282224107,0.945621186,
0.4,4,0.9,100,10,1,0.111012263,0.998666789,2.540033081,,0.282270898,0.945603153,
0.3,5,0.8,200,1,0.6,0.000926331,0.999999905,2.21889894,,0.282293296,0.94559452,
0.2,3,0.6,300,10,1,0.266034029,0.992294537,2.057381319,,0.282336679,0.945577797,
0.2,5,0.9,200,3,0.8,0.003265696,0.999998829,2.540825734,,0.282337824,0.945577355,
0.2,3,0.8,300,3,0.8,0.007412017,0.999993401,2.507999914,,0.282364677,0.945567003,
0.3,5,0.8,400,1,0.6,0.000846013,0.999999921,2.218831505,,0.282508518,0.945511531,
0.2,3,0.7,100,10,1,0.756923967,0.938036121,1.870915831,,0.282520857,0.945506771,
0.1,6,0.8,200,1,0.8,0.008344116,0.999992135,2.384336756,,0.282533756,0.945501795,
0.3,4,0.8,200,1,0.6,0.000992192,0.999999891,2.200392182,,0.282584157,0.945482349,
0.3,5,0.8,300,1,0.6,0.000878102,0.999999915,2.218799229,,0.282589853,0.945480151,
0.3,4,0.8,400,1,0.6,0.000870862,0.999999916,2.200499314,,0.282643076,0.945459613,
0.3,3,0.7,200,10,0.6,0.373380922,0.984637355,2.11478016,,0.282716771,0.945431168,
0.4,4,0.6,200,10,0.8,0.222786769,0.994401208,2.304362238,,0.282731748,0.945425386,
0.1,5,0.6,100,3,0.8,0.745331233,0.93978901,1.91974268,,0.282833965,0.945385918,
0.3,4,0.8,300,1,0.6,0.000900779,0.99999991,2.200448277,,0.28288218,0.945367296,
0.1,4,0.6,200,1,0.6,0.139756383,0.997791428,2.232173457,,0.282920195,0.945352611,
0.4,5,0.7,300,5,0.8,0.001599053,0.999999721,2.595968137,,0.282962542,0.945336251,
0.2,5,0.9,300,3,0.8,0.001375008,0.999999793,2.54131485,,0.282970425,0.945333206,
0.2,7,0.6,300,5,0.6,0.187928598,0.996051271,2.179842896,,0.282994451,0.945323922,
0.2,8,0.6,300,5,0.6,0.187928598,0.996051271,2.179842896,,0.282994451,0.945323922,
0.4,5,0.7,400,5,0.8,0.001295564,0.999999816,2.596239516,,0.283051352,0.945301933,
0.2,5,0.9,400,3,0.8,0.001287792,0.999999818,2.541388834,,0.283112143,0.945278435,
0.1,5,0.9,300,3,1,0.005276487,0.999996935,2.6092271,,0.28316483,0.945258066,
0.3,6,0.6,200,5,0.6,0.174171085,0.996530798,2.173615442,,0.283177548,0.945253149,
0.2,3,0.6,100,3,1,0.313849614,0.989199427,2.220154597,,0.283253182,0.9452239,
0.4,4,0.8,100,1,0.8,0.000977366,0.999999894,2.649894492,,0.283302809,0.945204704,
0.2,4,0.6,100,5,1,0.506147715,0.972152165,2.005781354,,0.283359409,0.945182807,
0.4,4,0.8,200,1,0.8,0.000848856,0.999999921,2.650063188,,0.283384555,0.945173077,
0.2,5,0.6,300,5,0.6,0.189055681,0.995999022,2.182106107,,0.283398459,0.945167698,
0.4,4,0.8,400,1,0.8,0.000784626,0.999999932,2.650126104,,0.283479012,0.945136522,
0.3,4,0.7,400,3,0.6,0.001383877,0.999999791,2.215679749,,0.283480631,0.945135895,
0.1,6,0.8,400,1,0.8,0.000959794,0.999999899,2.386651904,,0.283573883,0.945099794,
0.1,7,0.9,200,3,1,0.03278998,0.99988386,2.578054825,,0.283602861,0.945088573,
0.4,4,0.8,300,1,0.8,0.000795882,0.99999993,2.650107631,,0.283620625,0.945081694,
0.3,3,0.9,200,3,0.8,0.00539834,0.999996257,2.546916494,,0.283623704,0.945080502,
0.1,6,0.8,300,1,0.8,0.001157235,0.999999853,2.386583478,,0.283635045,0.945076109,
0.1,4,0.6,100,5,0.6,1.097750287,0.869550216,1.74482473,,0.283715817,0.945044823,
0.1,5,0.6,100,5,0.8,1.028872507,0.885379341,1.760375269,,0.283719047,0.945043572,
0.4,3,0.8,200,5,0.8,0.010169528,0.999987746,2.62520271,,0.283741277,0.945034959,
0.3,7,0.6,200,5,0.6,0.173538719,0.996558066,2.174509027,,0.283880455,0.944981024,
0.3,8,0.6,200,5,0.6,0.173538719,0.996558066,2.174509027,,0.283880455,0.944981024,
0.1,8,0.9,200,3,1,0.032790163,0.999883859,2.578130701,,0.283959317,0.944950452,
0.4,5,0.9,100,5,0.8,0.019326608,0.999958426,2.620567555,,0.28397749,0.944943405,
0.3,5,0.7,300,5,0.6,0.023590103,0.999937767,2.276963286,,0.283992668,0.94493752,
0.2,3,0.6,200,3,1,0.070555383,0.999441318,2.293135337,,0.284016777,0.94492817,
0.1,8,0.8,200,1,0.8,0.008271992,0.999992289,2.385557615,,0.284028214,0.944923735,
0.1,5,0.9,400,3,1,0.001706823,0.99999968,2.611722032,,0.284034553,0.944921277,
0.4,4,0.9,100,3,0.6,0.008340528,0.999992028,2.28775229,,0.284056501,0.944912764,
0.1,4,0.6,400,5,1,0.140133118,0.997858161,2.165515499,,0.284068469,0.944908122,
0.4,6,0.6,300,10,0.8,0.087228271,0.999133225,2.346382493,,0.284080237,0.944903558,
0.4,7,0.6,300,10,0.8,0.087060906,0.999136541,2.343305701,,0.284080237,0.944903558,
0.4,8,0.6,300,10,0.8,0.087060835,0.999136542,2.343304628,,0.284080237,0.944903558,
0.1,5,0.9,200,3,1,0.034512497,0.99987095,2.589334482,,0.284087297,0.944900819,
0.3,4,0.6,300,10,0.8,0.176582786,0.996533266,2.144319094,,0.28416391,0.944871096,
0.1,7,0.8,200,1,0.8,0.008279,0.99999228,2.385435009,,0.284178847,0.944865301,
0.4,7,0.7,200,3,0.6,0.005081095,0.999996998,2.191701611,,0.284211185,0.944852752,
0.4,8,0.7,200,3,0.6,0.005079488,0.999996999,2.191794356,,0.284211185,0.944852752,
0.2,4,0.9,100,3,0.6,0.113421243,0.99859606,2.228702312,,0.284238496,0.944842153,
0.4,5,0.6,400,5,1,0.001281958,0.99999982,2.395085354,,0.284260447,0.944833633,
0.1,3,0.7,100,3,0.8,0.652192262,0.953843332,2.019615689,,0.284273584,0.944828534,
0.4,5,0.6,300,5,1,0.002202638,0.999999456,2.394553808,,0.284340293,0.944802637,
0.1,5,0.9,400,1,0.6,0.000975853,0.999999895,2.192065215,,0.284394668,0.944781524,
0.1,3,0.6,100,1,1,0.301725921,0.989983615,2.189152053,,0.284398442,0.944780059,
0.1,3,0.6,100,5,0.6,1.11535403,0.865290442,1.734149732,,0.284409308,0.944775839,
0.4,6,0.8,100,1,1,0.000873251,0.999999916,2.502016694,,0.284451815,0.944759331,
0.4,6,0.8,100,3,0.6,0.015609711,0.999972914,2.272596692,,0.284456837,0.94475738,
0.4,6,0.7,200,3,0.6,0.005052734,0.999997045,2.190311206,,0.284457272,0.944757211,
0.1,5,0.9,300,1,0.6,0.001978323,0.999999564,2.191868788,,0.284482149,0.944747548,
0.4,6,0.8,200,1,1,0.000823883,0.999999925,2.502168202,,0.284547834,0.94472203,
0.4,6,0.6,200,1,0.8,0.000775542,0.999999934,2.535821424,,0.284585841,0.944707262,
0.1,4,0.9,400,5,1,0.012649543,0.999982043,2.488759125,,0.284593297,0.944704365,
0.4,6,0.6,100,1,0.8,0.002984431,0.999998797,2.535075788,,0.284596575,0.944703091,
0.4,6,0.6,300,1,0.8,0.000740292,0.999999939,2.535838933,,0.284631252,0.944689615,
0.3,4,0.7,200,1,1,0.000821755,0.999999926,2.526893527,,0.284640247,0.944686119,
0.4,6,0.8,400,1,1,0.000756567,0.999999937,2.502240972,,0.284652935,0.944681188,
0.4,5,0.6,300,5,0.8,0.007954082,0.999992599,2.500192599,,0.284667234,0.94467563,
0.3,3,0.9,200,1,0.6,0.001300167,0.999999815,2.301246104,,0.284717499,0.94465609,
0.4,6,0.8,300,1,1,0.000768556,0.999999935,2.502183714,,0.284735768,0.944648988,
0.4,5,0.7,200,3,0.6,0.005131208,0.999996942,2.184228671,,0.284757218,0.944640648,
0.4,6,0.6,400,1,0.8,0.000713436,0.999999944,2.535903049,,0.284769587,0.944635839,
0.1,4,0.6,100,1,1,0.233206377,0.993980803,2.230918131,,0.284783649,0.944630371,
0.3,4,0.6,300,3,1,0.001349421,0.999999801,2.334860748,,0.284787562,0.944628849,
0.2,3,0.9,100,5,1,0.254363255,0.99292511,2.410540118,,0.28479971,0.944624125,
0.1,3,0.7,300,3,0.8,0.146174137,0.997626707,2.28369605,,0.28484045,0.944608281,
0.3,4,0.7,400,1,1,0.00075565,0.999999937,2.526920461,,0.284864174,0.944599054,
0.3,4,0.6,400,3,1,0.001035563,0.999999882,2.334935913,,0.284867963,0.94459758,
0.3,4,0.7,100,1,1,0.001423791,0.999999772,2.526573495,,0.284874249,0.944595135,
0.1,4,0.7,100,3,0.6,0.689630878,0.948421702,1.948667994,,0.28489805,0.944585877,
0.4,7,0.8,100,3,0.6,0.015489328,0.999973314,2.272948911,,0.284911982,0.944580457,
0.4,8,0.8,100,3,0.6,0.015462127,0.999973413,2.27269869,,0.284911982,0.944580457,
0.3,3,0.9,300,1,0.6,0.001057305,0.999999877,2.301230681,,0.284949246,0.944565959,
0.1,4,0.6,400,1,0.8,0.003997732,0.999998092,2.343886004,,0.2849808,0.944553681,
0.2,3,0.8,200,1,0.8,0.002422533,0.999999241,2.525393494,,0.284992695,0.944549052,
0.3,4,0.7,300,1,1,0.000774448,0.999999934,2.526957297,,0.285000044,0.944546193,
0.4,5,0.9,200,5,0.8,0.001672062,0.999999692,2.628030518,,0.285002299,0.944545315,
0.3,3,0.9,400,1,0.6,0.000991615,0.999999892,2.301233326,,0.285008745,0.944542806,
0.3,5,0.6,200,5,0.6,0.173781928,0.99655053,2.204656615,,0.285017245,0.944539499,
0.1,8,0.8,400,1,0.8,0.00095505,0.999999899,2.387746253,,0.285022112,0.944537605,
0.4,5,0.9,300,5,0.8,0.001416558,0.999999779,2.628293196,,0.285026536,0.944535883,
0.3,5,0.7,100,3,0.6,0.120899646,0.998394251,2.152139261,,0.285043879,0.944529133,
0.1,3,0.6,300,5,0.6,0.566625989,0.964949185,1.951613688,,0.285051323,0.944526236,
0.4,5,0.9,400,5,0.8,0.001347193,0.9999998,2.628321642,,0.285070753,0.944518673,
0.1,8,0.8,300,1,0.8,0.001157264,0.999999852,2.387671814,,0.285139926,0.944491744,
0.1,3,0.8,100,3,0.6,0.634596411,0.956301245,2.043585411,,0.285166783,0.944481287,
0.1,7,0.8,400,1,0.8,0.000955237,0.999999899,2.387706735,,0.285183219,0.944474887,
0.1,7,0.8,300,1,0.8,0.001157164,0.999999853,2.387639896,,0.285221868,0.944459837,
0.1,6,0.9,200,3,1,0.033016117,0.999882255,2.57751427,,0.28523378,0.944455197,
0.2,6,0.9,100,10,1,0.4678083,0.976326883,2.137141684,,0.285235669,0.944454461,
0.3,4,0.6,200,10,0.6,0.483111192,0.974248995,2.103277543,,0.285265929,0.944442675,
0.4,7,0.7,400,3,0.6,0.001078536,0.999999872,2.192624581,,0.285307442,0.944426505,
0.4,8,0.7,400,3,0.6,0.001088952,0.99999987,2.192740989,,0.285307442,0.944426505,
0.4,7,0.8,100,1,1,0.000852344,0.999999919,2.50410618,,0.285308592,0.944426056,
0.4,8,0.8,100,1,1,0.000856795,0.999999919,2.503688262,,0.285308592,0.944426056,
0.2,8,0.9,100,10,1,0.467769429,0.976330793,2.1370255,,0.285313987,0.944423955,
0.4,7,0.7,300,3,0.6,0.001240834,0.999999831,2.192348172,,0.285354042,0.944408349,
0.4,8,0.7,300,3,0.6,0.001251494,0.999999828,2.192438771,,0.285354042,0.944408349,
0.2,3,0.9,200,10,1,0.194650475,0.995819711,2.430484578,,0.28539927,0.944390725,
0.1,4,0.7,400,3,0.6,0.094439849,0.999009972,2.216642434,,0.285425338,0.944380566,
0.4,7,0.8,400,1,1,0.000741097,0.99999994,2.504243479,,0.285432115,0.944377925,
0.4,8,0.8,400,1,1,0.000747333,0.999999939,2.503684999,,0.285432115,0.944377925,
0.2,7,0.9,100,10,1,0.46777196,0.976330547,2.137028137,,0.285432429,0.944377803,
0.4,7,0.8,200,1,1,0.000798643,0.999999929,2.504228764,,0.285462103,0.944366237,
0.4,8,0.8,200,1,1,0.000805253,0.999999928,2.503687599,,0.285462103,0.944366237,
0.1,3,0.6,200,3,0.8,0.412080745,0.981361621,2.090770817,,0.285478431,0.944359872,
0.3,5,0.6,400,5,1,0.001733567,0.999999672,2.326673939,,0.285489536,0.944355544,
0.2,4,0.6,300,3,0.8,0.028469944,0.999905809,2.408567556,,0.28552003,0.944343656,
0.2,7,0.9,200,5,1,0.008388989,0.999992393,2.558427045,,0.285523906,0.944342145,
0.4,7,0.8,300,1,1,0.000755462,0.999999937,2.504214936,,0.28554143,0.944335313,
0.4,8,0.8,300,1,1,0.000766109,0.999999935,2.503646278,,0.28554143,0.944335313,
0.1,4,0.7,300,1,0.6,0.018827203,0.999960245,2.214829121,,0.285563959,0.944326529,
0.4,3,0.9,300,10,0.8,0.011481717,0.999984124,2.519115733,,0.285584159,0.944318652,
0.1,5,0.6,400,5,0.8,0.218698543,0.994770099,2.130513513,,0.285594387,0.944314663,
0.2,6,0.6,400,10,0.8,0.195990676,0.995795521,2.105126465,,0.285599598,0.944312631,
0.3,3,0.9,100,10,1,0.304312753,0.989935114,2.178787604,,0.285617486,0.944305655,
0.2,7,0.6,400,10,0.8,0.195348162,0.995821761,2.105346853,,0.28563785,0.944297713,
0.2,8,0.6,400,10,0.8,0.195274642,0.99582445,2.106474781,,0.28563785,0.944297713,
0.2,7,0.9,300,5,1,0.001729531,0.999999673,2.563475216,,0.285661265,0.94428858,
0.2,8,0.9,200,5,1,0.00838799,0.999992395,2.55861705,,0.285729657,0.944261901,
0.2,7,0.9,400,5,1,0.00157441,0.999999728,2.563616792,,0.285816509,0.944228011,
0.2,8,0.9,300,5,1,0.001727321,0.999999674,2.563657263,,0.285817765,0.94422752,
0.2,3,0.6,200,3,0.8,0.125857665,0.998216557,2.379932226,,0.285854184,0.944213306,
0.3,4,0.6,400,5,1,0.00185612,0.999999622,2.346142463,,0.285859573,0.944211203,
0.1,6,0.9,400,1,0.6,0.000969506,0.999999896,2.19039174,,0.285866663,0.944208436,
0.2,8,0.9,400,5,1,0.001570658,0.99999973,2.563776711,,0.285899364,0.944195671,
0.3,4,0.6,300,5,0.6,0.067842704,0.999475723,2.242057576,,0.285941013,0.944179411,
0.1,6,0.6,100,3,1,0.671518199,0.951139012,1.905367574,,0.285950844,0.944175572,
0.1,6,0.9,300,1,0.6,0.001934976,0.999999586,2.190157748,,0.285977169,0.944165293,
0.4,6,0.7,400,3,0.6,0.001091598,0.999999869,2.191338045,,0.285978987,0.944164583,
0.3,3,0.6,200,10,1,0.267037695,0.992225178,2.054961862,,0.286023527,0.94414719,
0.1,3,0.9,200,5,0.6,0.460682538,0.976854459,2.166477963,,0.286040864,0.944140418,
0.4,6,0.7,300,3,0.6,0.00124723,0.999999829,2.191080247,,0.286048749,0.944137339,
0.1,7,0.6,100,3,1,0.671569529,0.951133119,1.907065606,,0.286112821,0.944112311,
0.1,8,0.6,100,3,1,0.671569122,0.951133183,1.9070651,,0.286112821,0.944112311,
0.1,6,0.6,300,1,0.8,0.018437774,0.9999593,2.319958539,,0.286118632,0.94411004,
0.2,5,0.9,100,5,0.6,0.263739682,0.992442544,2.21799381,,0.286192179,0.944081304,
0.1,5,0.9,200,1,0.6,0.013418616,0.999980162,2.191433406,,0.286202869,0.944077126,
0.1,5,0.9,100,5,0.8,0.603005153,0.960705264,2.122970905,,0.286217264,0.944071501,
0.4,5,0.7,400,3,0.6,0.001075182,0.999999873,2.185785733,,0.28628972,0.944043181,
0.4,5,0.7,300,3,0.6,0.001247645,0.999999828,2.185497202,,0.286413496,0.943994785,
0.1,7,0.6,300,1,0.8,0.018512076,0.999958916,2.318768398,,0.286419855,0.943992298,
0.2,6,0.9,200,5,1,0.008609041,0.999991996,2.5595148,,0.286424331,0.943990547,
0.4,5,0.9,100,10,1,0.099962307,0.998920395,2.534570808,,0.286469059,0.943973053,
0.1,7,0.9,300,3,1,0.004463744,0.999997844,2.597999955,,0.286523802,0.943951638,
0.4,4,0.8,200,3,0.6,0.001821231,0.999999629,2.24615959,,0.286526821,0.943950457,
0.1,3,0.8,300,1,1,0.004458251,0.999997496,2.530013883,,0.286557931,0.943938285,
0.1,7,0.9,400,3,1,0.001524471,0.999999746,2.600204596,,0.286562511,0.943936493,
0.2,3,0.8,400,1,0.8,0.000934201,0.999999904,2.525158838,,0.286577201,0.943930745,
0.4,4,0.8,400,3,0.6,0.001127059,0.999999861,2.246515616,,0.286619595,0.943914155,
0.2,3,0.8,300,1,0.8,0.001008349,0.999999888,2.525202421,,0.286632905,0.943908945,
0.1,8,0.6,300,1,0.8,0.018468515,0.99995914,2.318488852,,0.28667334,0.943893119,
0.4,5,0.8,100,3,0.6,0.016422767,0.999969827,2.27703574,,0.286676327,0.94389195,
0.2,6,0.9,300,5,1,0.001774668,0.999999656,2.564772764,,0.286685806,0.943888239,
0.4,3,0.8,100,1,0.8,0.001623616,0.999999664,2.785055832,,0.286691165,0.943886141,
0.3,7,0.7,400,5,0.6,0.006355573,0.999995434,2.279133513,,0.286764975,0.943857244,
0.3,8,0.7,400,5,0.6,0.006356375,0.999995433,2.279229298,,0.286764975,0.943857244,
0.3,3,0.9,400,10,0.8,0.012547493,0.999981271,2.513850251,,0.286790624,0.9438472,
0.1,8,0.9,300,3,1,0.004462229,0.999997845,2.598035822,,0.286836681,0.943829164,
0.2,4,0.7,300,3,0.6,0.024766323,0.999931165,2.252623058,,0.286856132,0.943821545,
0.2,6,0.9,400,5,1,0.001591135,0.999999723,2.564953217,,0.286861316,0.943819514,
0.4,3,0.9,200,5,0.8,0.007057315,0.999993632,2.606393898,,0.286870956,0.943815739,
0.3,6,0.7,400,5,0.6,0.006367347,0.999995403,2.274873867,,0.286885421,0.943810072,
0.1,4,0.6,300,3,1,0.117518092,0.998468976,2.17401456,,0.286955604,0.943782577,
0.4,4,0.8,300,3,0.6,0.00121801,0.999999837,2.246450819,,0.286959864,0.943780908,
0.1,8,0.9,400,3,1,0.001516439,0.999999749,2.600243727,,0.286983496,0.943771647,
0.2,3,0.8,400,3,0.8,0.001883518,0.9999996,2.510738807,,0.287006431,0.94376266,
0.4,3,0.8,200,1,0.8,0.000904292,0.99999991,2.7854677,,0.287170876,0.943698197,
0.4,3,0.8,400,1,0.8,0.000782103,0.999999933,2.785444564,,0.287175047,0.943696562,
0.2,6,0.6,400,5,0.6,0.093780275,0.999015665,2.215534314,,0.287208083,0.943683607,
0.4,4,0.6,300,5,1,0.002308901,0.999999406,2.389775961,,0.287261005,0.943662851,
0.4,3,0.8,300,1,0.8,0.000804089,0.999999929,2.785492881,,0.287268953,0.943659734,
0.2,7,0.9,300,3,0.8,0.001317654,0.99999981,2.551910425,,0.287273139,0.943658091,
0.2,3,0.8,200,10,0.6,0.451198591,0.977830299,2.117795713,,0.287315766,0.943641369,
0.2,7,0.9,400,3,0.8,0.00125377,0.999999828,2.551917935,,0.287384168,0.943614531,
0.2,7,0.9,200,3,0.8,0.002839251,0.999999108,2.551363358,,0.287409004,0.943604785,
0.2,8,0.9,100,3,0.8,0.052619476,0.999698424,2.524043629,,0.287424907,0.943598544,
0.2,7,0.6,400,3,0.6,0.020609263,0.999952389,2.183335504,,0.287469857,0.943580902,
0.2,8,0.6,400,3,0.6,0.020624262,0.999952327,2.18174412,,0.287469857,0.943580902,
0.1,3,0.9,100,1,0.6,0.246001896,0.993369567,2.269566423,,0.287483145,0.943575686,
0.1,5,0.9,200,1,0.8,0.002759186,0.99999912,2.438857452,,0.287494379,0.943571276,
0.1,4,0.6,400,3,0.8,0.084530912,0.999203129,2.216759922,,0.287501744,0.943568385,
0.1,5,0.9,100,1,1,0.032249207,0.99988567,2.615303786,,0.287520533,0.943561009,
0.1,5,0.9,300,1,0.8,0.001050939,0.999999879,2.438980118,,0.287523277,0.943559931,
0.2,7,0.9,100,3,0.8,0.052577866,0.999698916,2.521898383,,0.287533934,0.943555747,
0.1,5,0.9,400,1,0.8,0.000992363,0.999999892,2.439029322,,0.287541775,0.943552669,
0.3,7,0.6,400,5,0.8,0.005557784,0.999996469,2.381246747,,0.287558643,0.943546046,
0.3,8,0.6,400,5,0.8,0.005553372,0.999996474,2.382142947,,0.287558643,0.943546046,
0.4,4,0.9,200,3,0.6,0.001437809,0.999999774,2.289692466,,0.287597117,0.943530938,
0.1,8,0.9,400,1,0.6,0.000969888,0.999999896,2.19028858,,0.287599712,0.943529919,
0.4,4,0.6,400,5,1,0.001269395,0.999999823,2.390319809,,0.287611064,0.943525461,
0.1,4,0.9,100,5,0.8,0.609238537,0.959904493,2.096599916,,0.287641301,0.943513586,
0.2,6,0.9,300,3,0.8,0.001347218,0.999999801,2.551164607,,0.287656896,0.943507461,
0.1,6,0.9,200,1,0.6,0.013161781,0.999980991,2.189305312,,0.287693434,0.943493109,
0.2,6,0.9,200,3,0.8,0.002998875,0.999999001,2.550595859,,0.287722527,0.94348168,
0.1,8,0.9,300,1,0.6,0.001935927,0.999999586,2.19007527,,0.287726599,0.94348008,
0.2,6,0.9,400,3,0.8,0.001275658,0.999999822,2.551171759,,0.287733386,0.943477413,
0.1,6,0.9,400,3,1,0.001537955,0.999999742,2.599370876,,0.287737654,0.943475737,
0.1,7,0.9,400,1,0.6,0.000969459,0.999999896,2.190290457,,0.287748179,0.943471601,
0.4,4,0.9,300,3,0.6,0.001252285,0.999999829,2.28960519,,0.287753047,0.943469689,
0.1,7,0.9,300,1,0.6,0.0019335,0.999999587,2.190089575,,0.287846258,0.94343306,
0.1,4,0.9,200,1,0.8,0.004416967,0.99999763,2.525458814,,0.287848485,0.943432184,
0.1,6,0.9,300,3,1,0.004512912,0.999997796,2.597036416,,0.287852696,0.943430529,
0.4,4,0.9,400,3,0.6,0.001176835,0.999999848,2.289673348,,0.287860419,0.943427493,
0.3,6,0.6,300,5,0.8,0.028188027,0.999907771,2.376295173,,0.287888885,0.943416304,
0.4,7,0.6,300,1,0.8,0.000728315,0.999999941,2.534740784,,0.287919911,0.943404107,
0.4,8,0.6,300,1,0.8,0.000730278,0.999999941,2.53477553,,0.287919911,0.943404107,
0.1,3,0.9,100,1,1,0.138016375,0.997896474,2.504238537,,0.287946454,0.943393672,
0.4,7,0.6,400,1,0.8,0.000715979,0.999999943,2.534738489,,0.287982639,0.943379444,
0.4,8,0.6,400,1,0.8,0.00071688,0.999999943,2.534778365,,0.287982639,0.943379444,
0.2,7,0.6,300,10,0.6,0.499776347,0.972607017,1.959431851,,0.288001644,0.943371971,
0.2,8,0.6,300,10,0.6,0.499776347,0.972607017,1.959431851,,0.288001644,0.943371971,
0.1,4,0.9,100,3,1,0.276956073,0.991718082,2.313182757,,0.288054565,0.943351158,
0.4,7,0.6,200,1,0.8,0.000772824,0.999999934,2.534691011,,0.288055593,0.943350753,
0.4,8,0.6,200,1,0.8,0.000770241,0.999999934,2.534712085,,0.288055593,0.943350753,
0.2,3,0.9,100,1,0.8,0.027609346,0.999910677,2.384766066,,0.288102358,0.943332358,
0.3,3,0.9,300,3,0.8,0.001551067,0.999999734,2.548188584,,0.288110113,0.943329308,
0.4,6,0.8,400,3,0.6,0.001090489,0.99999987,2.277672415,,0.28820644,0.943291406,
0.2,8,0.9,300,3,0.8,0.001323764,0.999999808,2.55451245,,0.288209858,0.943290061,
0.3,3,0.6,200,5,0.8,0.118831979,0.998403814,2.363410993,,0.288213845,0.943288492,
0.2,6,0.6,300,10,0.6,0.499833553,0.972601546,1.961801225,,0.288237727,0.943279093,
0.2,5,0.6,300,10,0.6,0.499615979,0.972652567,1.969507093,,0.288301527,0.943253981,
0.4,6,0.8,300,3,0.6,0.001155169,0.999999853,2.277661679,,0.288328185,0.943243486,
0.3,3,0.9,400,3,0.8,0.001289924,0.999999817,2.548146868,,0.28835242,0.943233945,
0.2,8,0.9,200,3,0.8,0.002848219,0.999999101,2.553939992,,0.288354061,0.943233299,
0.2,8,0.9,400,3,0.8,0.001252639,0.999999828,2.554503525,,0.288361389,0.943230413,
0.4,7,0.8,400,3,0.6,0.001090265,0.99999987,2.277987254,,0.288370661,0.943226762,
0.4,8,0.8,400,3,0.6,0.001093663,0.999999869,2.277740848,,0.288370661,0.943226762,
0.2,6,0.6,400,3,0.6,0.02080372,0.999951474,2.18560507,,0.288378699,0.943223598,
0.4,7,0.6,100,1,0.8,0.003039515,0.99999876,2.533884456,,0.288392519,0.943218155,
0.4,8,0.6,100,1,0.8,0.003027356,0.999998767,2.533873756,,0.288392519,0.943218155,
0.2,4,0.7,300,5,0.6,0.099154059,0.998912207,2.221752779,,0.288400406,0.94321505,
0.4,6,0.8,200,3,0.6,0.001469893,0.999999763,2.277641383,,0.28844342,0.94319811,
0.4,5,0.9,100,10,0.8,0.139328795,0.997896076,2.491483265,,0.288491648,0.943179114,
0.4,7,0.8,300,3,0.6,0.001155247,0.999999853,2.277954337,,0.288585133,0.943142282,
0.4,8,0.8,300,3,0.6,0.001161014,0.999999852,2.277706084,,0.288585133,0.943142282,
0.4,7,0.8,200,3,0.6,0.001436903,0.999999774,2.278033522,,0.288608852,0.943132936,
0.4,8,0.8,200,3,0.6,0.001436871,0.999999774,2.277828184,,0.288608852,0.943132936,
0.4,5,0.6,400,5,0.8,0.001598798,0.99999972,2.502191738,,0.288623201,0.943127281,
0.1,6,0.9,100,5,0.8,0.60308703,0.960691058,2.123499553,,0.28863021,0.943124519,
0.2,4,0.9,100,5,0.6,0.272229285,0.991958611,2.20074361,,0.288658283,0.943113454,
0.2,6,0.9,100,3,0.8,0.0530156,0.999693567,2.521622339,,0.288662758,0.943111691,
0.1,5,0.6,300,1,0.8,0.018739519,0.99995774,2.313969285,,0.288673067,0.943107627,
0.3,4,0.6,300,5,0.8,0.030020431,0.99989608,2.391256631,,0.288682836,0.943103777,
0.2,3,0.7,300,5,0.8,0.065535904,0.999517213,2.324070642,,0.288693334,0.943099638,
0.4,4,0.6,300,5,0.8,0.008495495,0.99999163,2.481212789,,0.288695848,0.943098647,
0.4,4,0.9,100,5,0.8,0.024750557,0.999929149,2.642468193,,0.288772467,0.94306844,
0.1,4,0.9,300,1,0.8,0.001199971,0.999999843,2.52639416,,0.288851745,0.943037177,
0.1,3,0.8,100,5,0.8,0.785209926,0.933339924,1.999313101,,0.288932983,0.943005131,
0.1,4,0.9,400,1,0.8,0.0010969,0.999999868,2.526499257,,0.288937427,0.943003378,
0.3,7,0.7,200,3,0.6,0.020502704,0.999952191,2.189797483,,0.289006057,0.942976298,
0.3,8,0.7,200,3,0.6,0.020500666,0.999952199,2.189793877,,0.289006057,0.942976298,
0.2,3,0.7,100,3,0.6,0.358559357,0.985890393,2.071783756,,0.289011863,0.942974007,
0.2,5,0.6,400,10,0.8,0.196331096,0.995779829,2.120140279,,0.289016532,0.942972165,
0.2,5,0.6,300,3,0.8,0.026207644,0.999919518,2.386996449,,0.289077039,0.942948284,
0.3,3,0.8,300,5,0.8,0.005882518,0.999995986,2.56474922,,0.289127092,0.942928526,
0.4,5,0.9,200,10,1,0.006287241,0.999995621,2.599881986,,0.289215866,0.942893474,
0.2,3,0.9,300,10,1,0.077835396,0.999316397,2.492404893,,0.289252179,0.942879133,
0.2,7,0.6,400,5,0.6,0.093664745,0.999018016,2.221900075,,0.289283076,0.942866929,
0.2,8,0.6,400,5,0.6,0.093664745,0.999018016,2.221900075,,0.289283076,0.942866929,
0.4,3,0.7,300,10,0.8,0.042984984,0.999791625,2.346898833,,0.289286319,0.942865648,
0.2,4,0.8,200,1,1,0.000958658,0.9999999,2.566444502,,0.289310274,0.942856185,
0.1,7,0.9,100,5,0.8,0.603037922,0.960697315,2.123276423,,0.289321258,0.942851846,
0.1,8,0.9,100,5,0.8,0.60301847,0.960699693,2.123359587,,0.289321258,0.942851846,
0.1,5,0.6,100,3,1,0.671424367,0.951151423,1.904190606,,0.289334298,0.942846695,
0.4,5,0.6,300,10,0.8,0.087657652,0.999124413,2.326564254,,0.289355072,0.942838487,
0.1,3,0.8,400,1,1,0.001358736,0.999999792,2.531534069,,0.289366166,0.942834104,
0.1,4,0.9,100,1,0.8,0.066055383,0.99950826,2.500285895,,0.289367041,0.942833758,
0.1,8,0.9,200,1,0.6,0.013156506,0.999981006,2.18936362,,0.289374932,0.94283064,
0.2,4,0.8,400,1,1,0.000854686,0.99999992,2.566429556,,0.289390492,0.942824492,
0.2,4,0.8,300,1,1,0.000872694,0.999999917,2.566466824,,0.28941649,0.942814219,
0.4,3,0.8,100,3,0.8,0.03088274,0.999884953,2.556574667,,0.289509265,0.94277755,
0.1,7,0.9,200,1,0.6,0.013160351,0.999980995,2.189246601,,0.28954959,0.942761608,
0.2,4,0.8,100,1,1,0.004452462,0.999997577,2.564705619,,0.28960626,0.942739201,
0.4,6,0.9,100,10,1,0.098568226,0.998949836,2.530252898,,0.289613764,0.942736233,
0.1,5,0.9,100,3,1,0.269598361,0.99214985,2.400164897,,0.289645146,0.942723823,
0.3,3,0.7,300,10,0.8,0.101818937,0.998847833,2.322929906,,0.289667684,0.942714909,
0.2,7,0.6,200,3,1,0.049253726,0.999725887,2.316257245,,0.289680393,0.942709882,
0.2,8,0.6,200,3,1,0.049233609,0.999726085,2.316083862,,0.289680393,0.942709882,
0.4,3,0.8,300,5,0.8,0.001744653,0.999999666,2.630192118,,0.289745104,0.942684283,
0.2,5,0.6,400,3,0.6,0.021065441,0.999950354,2.183719097,,0.289789757,0.942666616,
0.2,5,0.9,100,10,0.6,0.622485136,0.958079555,2.044836625,,0.289873814,0.942633351,
0.1,3,0.9,400,5,1,0.049349635,0.999721921,2.446892306,,0.289925385,0.942612937,
0.1,5,0.9,100,3,0.6,0.429633908,0.980012125,2.12700659,,0.290039875,0.942567604,
0.3,5,0.6,300,5,0.8,0.028893264,0.999902658,2.386094944,,0.290055396,0.942561457,
0.3,3,0.8,300,10,0.8,0.05459811,0.999663841,2.470588187,,0.29006851,0.942556263,
0.3,5,0.7,400,10,0.6,0.08193909,0.999244919,2.223336505,,0.290110639,0.942539576,
0.1,5,0.8,100,5,1,0.659915779,0.952924374,2.015454243,,0.290158128,0.942520763,
0.4,3,0.8,400,5,0.8,0.001343885,0.999999802,2.630383378,,0.290173161,0.942514807,
0.1,6,0.9,300,1,0.8,0.00104683,0.999999879,2.442406581,,0.290213535,0.942498809,
0.4,5,0.9,300,10,1,0.002200202,0.999999472,2.602291519,,0.290222596,0.942495218,
0.4,5,0.9,200,10,0.8,0.016799533,0.999968975,2.564876774,,0.290258477,0.942480998,
0.4,5,0.9,400,10,1,0.001947982,0.999999585,2.602485159,,0.290259684,0.94248052,
0.1,6,0.9,400,1,0.8,0.000995795,0.999999891,2.442433865,,0.290269756,0.942476528,
0.4,3,0.7,100,5,0.8,0.14557176,0.997650004,2.533372546,,0.290319255,0.942456908,
0.1,6,0.6,400,1,0.8,0.003529265,0.999998519,2.323546768,,0.29033805,0.942449457,
0.1,8,0.9,300,1,0.8,0.001034262,0.999999882,2.442563535,,0.290341413,0.942448124,
0.1,6,0.9,200,1,0.8,0.002622455,0.999999233,2.441992433,,0.290357419,0.942441778,
0.1,7,0.9,300,1,0.8,0.001033329,0.999999882,2.442346961,,0.290369145,0.942437129,
0.1,8,0.9,200,1,0.8,0.002541074,0.999999287,2.442115382,,0.290396831,0.942426152,
0.1,8,0.9,400,1,0.8,0.000986545,0.999999893,2.442600877,,0.290410562,0.942420707,
0.1,7,0.9,200,1,0.8,0.002546531,0.999999284,2.441845552,,0.290422646,0.942415915,
0.1,7,0.9,400,1,0.8,0.000985661,0.999999893,2.442390637,,0.290435327,0.942410886,
0.1,6,0.9,100,3,0.6,0.428795892,0.980085501,2.122686386,,0.290435888,0.942410664,
0.1,7,0.9,100,3,0.6,0.428829584,0.980082489,2.122726291,,0.290435888,0.942410664,
0.1,8,0.9,100,3,0.6,0.428845276,0.980081127,2.122753769,,0.290435888,0.942410664,
0.4,3,0.9,300,5,0.8,0.001829168,0.999999629,2.607915515,,0.290461586,0.942400472,
0.1,7,0.6,400,1,0.8,0.003555745,0.999998492,2.322479279,,0.290532002,0.942372541,
0.4,3,0.9,400,5,0.8,0.001493609,0.999999755,2.608165586,,0.290630225,0.942333569,
0.1,6,0.9,300,1,1,0.000989959,0.999999893,2.612747238,,0.29070837,0.942302554,
0.3,3,0.8,200,3,0.8,0.007590781,0.999992782,2.46241641,,0.290725633,0.942295702,
0.1,6,0.9,400,1,1,0.000961931,0.999999899,2.61278309,,0.290757747,0.942282953,
0.1,6,0.9,200,1,1,0.001071028,0.999999874,2.612652616,,0.290799194,0.942266497,
0.3,5,0.7,400,5,0.6,0.006637953,0.999994976,2.283965453,,0.290805302,0.942264071,
0.1,3,0.7,200,1,1,0.042638902,0.999790278,2.422471785,,0.290892678,0.942229371,
0.3,6,0.6,100,1,0.6,0.030074619,0.999883905,2.37352841,,0.290896798,0.942227735,
0.3,7,0.6,100,1,0.6,0.030074543,0.999883804,2.370829393,,0.290896798,0.942227735,
0.3,8,0.6,100,1,0.6,0.030068523,0.999883843,2.371396352,,0.290896798,0.942227735,
0.3,6,0.7,200,3,0.6,0.020421578,0.999952547,2.188257232,,0.290918384,0.942219161,
0.3,3,0.9,300,10,1,0.01984879,0.999953613,2.338182248,,0.29093893,0.942210999,
0.1,3,0.8,300,3,0.8,0.089278796,0.999106833,2.448238479,,0.290966079,0.942200213,
0.2,5,0.6,400,5,0.6,0.094617101,0.998997074,2.223109178,,0.290983503,0.94219329,
0.1,3,0.9,400,3,0.8,0.026554017,0.999916361,2.473950135,,0.290988287,0.942191389,
0.1,8,0.6,400,1,0.8,0.003546633,0.999998501,2.322158472,,0.291011459,0.942182182,
0.4,6,0.9,100,5,0.8,0.017480682,0.999966471,2.597784961,,0.291067735,0.942159818,
0.4,6,0.9,400,5,0.8,0.001356399,0.999999798,2.606289456,,0.291087922,0.942151795,
0.4,6,0.9,200,5,0.8,0.001628705,0.999999709,2.606117109,,0.291100277,0.942146884,
0.4,4,0.7,300,5,0.6,0.007147074,0.999994245,2.237732926,,0.291104635,0.942145152,
0.4,6,0.9,300,5,0.8,0.001426871,0.999999776,2.606287459,,0.291106433,0.942144438,
0.4,3,0.9,400,10,0.8,0.003582238,0.9999985,2.523515308,,0.291110689,0.942142746,
0.2,6,0.6,200,5,1,0.154846884,0.997357547,2.191643568,,0.291169577,0.942119336,
0.4,5,0.8,200,3,0.6,0.001534192,0.99999974,2.282249299,,0.291184742,0.942113306,
0.4,5,0.8,400,3,0.6,0.001099215,0.999999868,2.282295552,,0.291191894,0.942110463,
0.4,5,0.8,300,3,0.6,0.001160968,0.999999852,2.282317464,,0.291291231,0.942070959,
0.2,3,0.8,400,10,0.8,0.073377455,0.999401223,2.397747571,,0.291340185,0.942051487,
0.1,4,0.9,100,1,1,0.039037861,0.999824399,2.607234553,,0.291341031,0.94205115,
0.3,3,0.7,100,5,0.6,0.340046874,0.987396818,2.094956398,,0.291411406,0.942023151,
0.1,4,0.7,400,1,0.6,0.004935431,0.999997203,2.21818446,,0.291413176,0.942022447,
0.3,5,0.6,100,3,0.8,0.185536301,0.996059828,2.354832447,,0.291435858,0.942013421,
0.2,6,0.9,100,10,0.6,0.622291558,0.958098194,2.042654573,,0.291442652,0.942010718,
0.1,5,0.6,400,5,1,0.136299694,0.997973005,2.167058132,,0.291493857,0.941990339,
0.2,7,0.9,100,10,0.6,0.622256675,0.958102465,2.042280852,,0.29152257,0.94197891,
0.2,8,0.9,100,10,0.6,0.62225623,0.95810252,2.042325913,,0.29152257,0.94197891,
0.1,3,0.6,100,3,1,0.720560134,0.943697333,1.885641581,,0.291561259,0.941963509,
0.4,5,0.9,300,10,0.8,0.002687267,0.999999204,2.569750795,,0.291569402,0.941960267,
0.1,4,0.9,200,1,1,0.001708124,0.999999619,2.62772742,,0.291682984,0.941915039,
0.1,5,0.6,100,1,1,0.222204426,0.99452263,2.203102617,,0.291715484,0.941902094,
0.1,6,0.8,100,1,0.8,0.092881413,0.999050172,2.34557137,,0.291745219,0.941890249,
0.3,4,0.6,200,3,0.8,0.028710668,0.999900339,2.403742551,,0.291767015,0.941881567,
0.4,4,0.8,100,1,1,0.000881176,0.999999914,2.517984183,,0.291780599,0.941876155,
0.4,8,0.9,100,5,0.8,0.017001154,0.999968328,2.604163865,,0.291789841,0.941872473,
0.4,4,0.8,400,1,1,0.000743229,0.999999939,2.518197344,,0.291832782,0.941855363,
0.4,8,0.9,200,5,0.8,0.00159898,0.999999721,2.612660566,,0.291843904,0.941850931,
0.3,5,0.6,300,10,0.6,0.292641859,0.990426318,2.117117325,,0.29187186,0.94183979,
0.4,5,0.9,400,10,0.8,0.002111153,0.999999513,2.570104072,,0.291878292,0.941837226,
0.4,4,0.8,200,1,1,0.000814302,0.999999927,2.518133589,,0.291906714,0.941825899,
0.4,5,0.9,300,3,0.6,0.00122422,0.999999836,2.325513547,,0.29192581,0.941818287,
0.4,4,0.8,300,1,1,0.00075793,0.999999937,2.518145033,,0.291928226,0.941817324,
0.4,8,0.9,400,5,0.8,0.00135719,0.999999798,2.612773756,,0.291946334,0.941810106,
0.1,4,0.8,100,3,0.8,0.439115072,0.979147611,2.183764988,,0.291956231,0.941806161,
0.4,5,0.9,200,3,0.6,0.001363028,0.999999797,2.325452854,,0.291959399,0.941804897,
0.4,5,0.9,400,3,0.6,0.001171366,0.99999985,2.325483357,,0.291974366,0.941798931,
0.4,8,0.9,300,5,0.8,0.001412528,0.999999781,2.612778986,,0.292012791,0.941783611,
0.2,4,0.6,300,5,0.8,0.107060376,0.998711529,2.303659888,,0.292094135,0.941751172,
0.1,4,0.9,300,1,1,0.001129479,0.99999986,2.628001646,,0.292126079,0.941738431,
0.2,4,0.6,300,5,0.6,0.194433129,0.995766776,2.171308145,,0.292154173,0.941727225,
0.4,7,0.9,300,5,0.8,0.001416234,0.99999978,2.612406278,,0.292216284,0.941702445,
0.4,7,0.7,100,5,0.6,0.165969231,0.996979997,2.129473904,,0.292216417,0.941702392,
0.4,7,0.9,200,5,0.8,0.001608292,0.999999718,2.61223034,,0.29225853,0.941685587,
0.1,4,0.9,400,1,1,0.001068078,0.999999875,2.628059791,,0.292263219,0.941683716,
0.2,3,0.8,300,5,0.8,0.033118233,0.999873509,2.467141354,,0.292277703,0.941677936,
0.4,7,0.9,100,10,0.8,0.137488888,0.997950239,2.494628439,,0.292281948,0.941676242,
0.4,8,0.9,100,10,0.8,0.13749879,0.997950015,2.496769154,,0.292281948,0.941676242,
0.4,7,0.9,400,5,0.8,0.001358137,0.999999797,2.612409571,,0.292285694,0.941674747,
0.4,7,0.9,100,5,0.8,0.016981546,0.999968408,2.603819692,,0.292287142,0.941674169,
0.2,4,0.6,300,3,0.6,0.064995863,0.999527275,2.12981019,,0.292399091,0.941629482,
0.1,5,0.7,100,3,0.8,0.575003194,0.964204335,2.062752658,,0.292422693,0.941620058,
0.3,6,0.7,400,10,0.6,0.082123739,0.999240733,2.221246185,,0.292441402,0.941612588,
0.3,7,0.7,400,10,0.6,0.082171139,0.999240032,2.221406924,,0.292497648,0.941590126,
0.3,8,0.7,400,10,0.6,0.082171139,0.999240032,2.221406924,,0.292497648,0.941590126,
0.3,3,0.8,400,5,0.8,0.001820842,0.999999637,2.567017587,,0.292507261,0.941586286,
0.4,8,0.7,100,5,0.6,0.165969231,0.996979997,2.129473904,,0.292513742,0.941583698,
0.2,4,0.6,400,5,1,0.013600525,0.999979331,2.20290515,,0.292535487,0.941575012,
0.4,5,0.9,100,3,0.6,0.006221259,0.999995679,2.323458796,,0.292542021,0.941572402,
0.1,4,0.6,400,5,0.8,0.225210473,0.994449309,2.107281247,,0.292553062,0.941567992,
0.1,3,0.9,100,3,0.6,0.581202718,0.963254173,2.130568742,,0.292703072,0.941508053,
0.3,3,0.9,400,10,1,0.005918839,0.999995955,2.344003103,,0.292718372,0.941501938,
0.2,3,0.6,300,10,0.8,0.373412234,0.984775559,2.008822576,,0.292750511,0.941489092,
0.3,5,0.6,100,1,0.6,0.030630844,0.999879863,2.38500213,,0.292763451,0.941483919,
0.1,5,0.6,400,1,0.8,0.003601799,0.999998444,2.317776659,,0.292779659,0.94147744,
0.2,7,0.6,200,5,1,0.15541217,0.997335848,2.1922173,,0.292790147,0.941473247,
0.2,8,0.6,200,5,1,0.155467497,0.997334213,2.190722385,,0.292790147,0.941473247,
0.1,8,0.6,300,3,0.8,0.183031744,0.996279843,2.192686142,,0.292891544,0.941432703,
0.1,7,0.6,300,3,0.8,0.183042958,0.996279441,2.192743013,,0.29290458,0.941427489,
0.4,6,0.9,300,5,1,0.001385295,0.999999789,2.552698502,,0.293032976,0.941376127,
0.4,6,0.9,200,5,1,0.001544756,0.999999739,2.552575717,,0.293065017,0.941363306,
0.4,7,0.9,200,10,0.8,0.015475804,0.999973551,2.56267547,,0.293120255,0.9413412,
0.4,8,0.9,200,10,0.8,0.015483371,0.999973527,2.564606005,,0.293120255,0.9413412,
0.4,6,0.9,400,5,1,0.001330413,0.999999805,2.552713597,,0.293134101,0.941335658,
0.1,6,0.8,100,5,0.8,0.722088001,0.943633858,2.011630099,,0.293159895,0.941325334,
0.4,4,0.6,400,5,0.8,0.001684281,0.999999688,2.483537728,,0.293184868,0.941315336,
0.4,6,0.9,100,5,1,0.008000593,0.999993013,2.547534825,,0.293189153,0.941313621,
0.4,3,0.7,100,1,0.8,0.003513966,0.999998256,2.74485222,,0.293295852,0.941270899,
0.3,4,0.9,100,5,1,0.044352162,0.999778709,2.573202031,,0.293306397,0.941266675,
0.1,7,0.8,100,1,0.8,0.092460721,0.999059685,2.346182809,,0.293316542,0.941262612,
0.1,8,0.8,100,1,0.8,0.092421623,0.999060624,2.345839099,,0.293316542,0.941262612,
0.3,3,0.7,200,3,1,0.007048645,0.999994347,2.458892072,,0.293324947,0.941259246,
0.4,7,0.9,100,10,1,0.098402381,0.998953262,2.530686432,,0.293513281,0.941183791,
0.4,8,0.9,100,10,1,0.098397952,0.998953348,2.528795415,,0.293513281,0.941183791,
0.1,7,0.9,100,3,1,0.268548527,0.992210508,2.393913248,,0.29356142,0.941164496,
0.1,3,0.9,200,1,0.8,0.029514818,0.999901082,2.527628833,,0.293590203,0.941152959,
0.1,8,0.9,100,3,1,0.268541285,0.992210925,2.393854299,,0.293617319,0.941142088,
0.4,3,0.6,200,5,1,0.026470757,0.999920049,2.419345115,,0.293624252,0.941139308,
0.4,5,0.7,100,5,0.6,0.167272189,0.996934545,2.136968458,,0.293656136,0.941126524,
0.1,5,0.9,100,1,0.8,0.053694484,0.999679163,2.419982002,,0.293729048,0.941097285,
0.1,3,0.6,100,5,1,0.989599034,0.893921042,1.783103951,,0.293766299,0.941082344,
0.3,4,0.7,300,5,0.6,0.025780185,0.999925298,2.303866185,,0.293900681,0.941028429,
0.2,3,0.7,200,5,0.6,0.277264617,0.991479919,2.198321568,,0.293953252,0.94100733,
0.4,7,0.9,300,10,0.8,0.002339221,0.999999403,2.567468161,,0.293964208,0.941002933,
0.4,8,0.9,300,10,0.8,0.002340211,0.999999402,2.569503555,,0.293964208,0.941002933,
0.2,3,0.7,200,1,0.8,0.004900339,0.999997025,2.507695922,,0.293983669,0.940995121,
0.4,7,0.9,400,10,0.8,0.002022029,0.999999553,2.567611987,,0.294005939,0.940986181,
0.4,8,0.9,400,10,0.8,0.0020171,0.999999555,2.569689924,,0.294005939,0.940986181,
0.1,6,0.9,100,3,1,0.268657583,0.99220428,2.39326551,,0.294139299,0.940932632,
0.2,3,0.6,400,10,0.8,0.215465538,0.994911229,2.068171801,,0.294169748,0.940920402,
0.4,6,0.9,300,10,1,0.002106971,0.999999515,2.594989845,,0.294172598,0.940919257,
0.4,6,0.9,400,10,1,0.001920162,0.999999596,2.595121154,,0.29418027,0.940916175,
0.3,5,0.7,200,3,0.6,0.02064363,0.999951775,2.183063402,,0.294232256,0.940895292,
0.4,3,0.7,200,1,0.8,0.000849017,0.99999992,2.746429048,,0.294236329,0.940893655,
0.4,7,0.9,300,5,1,0.00137615,0.999999792,2.550483996,,0.294282016,0.940875299,
0.4,6,0.7,100,5,0.6,0.166180209,0.996973684,2.131952444,,0.294385704,0.940833627,
0.4,3,0.7,300,1,0.8,0.000764237,0.999999935,2.746487427,,0.294396195,0.94082941,
0.4,3,0.7,400,1,0.8,0.000747007,0.999999938,2.74643598,,0.294401915,0.940827111,
0.4,7,0.9,200,5,1,0.001533904,0.999999743,2.550304064,,0.294419532,0.940820029,
0.4,6,0.9,200,10,1,0.005413985,0.999996827,2.592457497,,0.294426496,0.940817229,
0.4,7,0.9,400,5,1,0.001315227,0.99999981,2.550440589,,0.294438006,0.940812602,
0.3,7,0.7,300,3,0.6,0.002853932,0.999999097,2.195609927,,0.294573569,0.940758088,
0.3,8,0.7,300,3,0.6,0.002848796,0.9999991,2.195602625,,0.294573569,0.940758088,
0.1,7,0.8,100,5,0.8,0.721991604,0.943648602,2.01189306,,0.294581831,0.940754764,
0.1,8,0.8,100,5,0.8,0.721911061,0.943661042,2.012311276,,0.294581831,0.940754764,
0.4,7,0.9,100,5,1,0.007778212,0.999993413,2.545133294,,0.294640284,0.94073125,
0.1,3,0.7,100,5,0.8,0.908337259,0.910758577,1.889291124,,0.294674916,0.940717317,
0.1,6,0.6,400,5,1,0.135468258,0.997998886,2.162501059,,0.294753746,0.940685595,
0.1,5,0.8,100,5,0.8,0.72197554,0.943650058,2.011348616,,0.294896248,0.940628228,
0.1,3,0.8,100,3,1,0.474874553,0.975488323,2.099737048,,0.294913012,0.940621478,
0.4,4,0.9,200,10,1,0.009158928,0.999990432,2.622943761,,0.294918284,0.940619355,
0.2,4,0.9,100,10,0.6,0.625529968,0.957674623,2.037392988,,0.294934114,0.94061298,
0.1,7,0.6,400,5,0.6,0.369277084,0.985006303,2.064637775,,0.294946209,0.940608109,
0.1,8,0.6,400,5,0.6,0.369293236,0.985005089,2.064517731,,0.294946209,0.940608109,
0.1,6,0.6,400,5,0.6,0.369278183,0.985006202,2.062143186,,0.29498571,0.9405922,
0.4,8,0.9,300,5,1,0.001369362,0.999999794,2.551925661,,0.295017399,0.940579435,
0.1,7,0.7,100,3,0.8,0.57456333,0.964260131,2.062709087,,0.295036738,0.940571645,
0.1,8,0.7,100,3,0.8,0.574557609,0.964260864,2.062752748,,0.295036738,0.940571645,
0.4,4,0.9,200,5,0.8,0.001884368,0.999999606,2.65237199,,0.295073834,0.940556699,
0.4,8,0.9,400,5,1,0.001317284,0.999999809,2.551926302,,0.295092566,0.940549152,
0.4,8,0.9,200,5,1,0.001531782,0.999999744,2.551773274,,0.295094592,0.940548336,
0.4,6,0.9,100,10,0.8,0.138076759,0.997933765,2.507216746,,0.295115743,0.940539813,
0.3,3,0.8,300,3,0.8,0.001434777,0.999999773,2.465175084,,0.295145432,0.940527849,
0.3,7,0.7,400,3,0.6,0.001299114,0.999999815,2.196260012,,0.295147372,0.940527067,
0.3,8,0.7,400,3,0.6,0.001298989,0.999999815,2.196256376,,0.295147372,0.940527067,
0.3,3,0.8,400,3,0.8,0.001170666,0.99999985,2.465380609,,0.295191587,0.940509247,
0.1,6,0.6,400,5,0.8,0.218132007,0.994797253,2.129631462,,0.295223401,0.940496423,
0.4,4,0.9,100,5,1,0.015237657,0.999973683,2.560255306,,0.295229431,0.940493992,
0.2,8,0.6,300,5,0.8,0.103498637,0.998794812,2.322835924,,0.295264589,0.940479819,
0.1,3,0.7,100,3,1,0.566811185,0.965205402,1.999818162,,0.295291616,0.940468922,
0.4,8,0.9,100,5,1,0.007771106,0.999993428,2.546703407,,0.295302162,0.94046467,
0.2,4,0.6,200,10,0.6,0.693831598,0.947610819,1.906628699,,0.295334427,0.940451659,
0.2,5,0.9,100,10,1,0.467669641,0.976341878,2.127797777,,0.295360922,0.940440974,
0.2,7,0.6,300,3,0.8,0.026134002,0.999919236,2.37880423,,0.295393516,0.940427829,
0.2,8,0.6,300,3,0.8,0.026075068,0.999919448,2.378524856,,0.295393516,0.940427829,
0.2,3,0.6,300,5,1,0.070621262,0.999445774,2.193556763,,0.29544544,0.940406884,
0.4,4,0.9,300,5,0.8,0.00145346,0.999999769,2.652659493,,0.295458189,0.94040174,
0.4,7,0.9,100,3,0.8,0.001895703,0.999999606,2.554858284,,0.295462249,0.940400103,
0.4,6,0.9,200,10,0.8,0.015679666,0.999972909,2.581435138,,0.2954685,0.940397581,
0.4,7,0.9,300,3,0.8,0.001147853,0.999999855,2.555342751,,0.295495622,0.940386638,
0.4,7,0.9,300,10,1,0.002070325,0.99999953,2.594903076,,0.295502537,0.940383848,
0.4,8,0.9,300,10,1,0.002064372,0.999999533,2.593255753,,0.295502537,0.940383848,
0.1,3,0.9,300,3,1,0.037680433,0.99984025,2.513287539,,0.295515663,0.940378551,
0.4,4,0.9,400,5,0.8,0.001374979,0.999999793,2.652701007,,0.295609111,0.940340838,
0.4,7,0.9,400,10,1,0.001923375,0.999999594,2.594989205,,0.295623611,0.940334986,
0.4,8,0.9,400,10,1,0.001919723,0.999999596,2.593371654,,0.295623611,0.940334986,
0.1,6,0.7,100,3,0.8,0.574877573,0.964222417,2.062995234,,0.295632097,0.94033156,
0.4,7,0.9,200,3,0.8,0.001244503,0.99999983,2.555280881,,0.29563607,0.940329957,
0.1,7,0.6,400,5,1,0.135201051,0.998006566,2.165792614,,0.295649643,0.940324477,
0.1,8,0.6,400,5,1,0.135168789,0.998007744,2.16605173,,0.295649643,0.940324477,
0.1,5,0.6,400,5,0.6,0.370310706,0.984921551,2.06345536,,0.29566157,0.940319662,
0.3,6,0.6,400,10,0.6,0.167679633,0.996844485,2.189230516,,0.295687849,0.940309053,
0.4,7,0.9,400,3,0.8,0.001105567,0.999999865,2.555341581,,0.29572567,0.940293782,
0.1,3,0.6,200,1,0.8,0.120724277,0.998346443,2.31308584,,0.295735097,0.940289975,
0.3,7,0.6,400,10,0.6,0.167801697,0.99684062,2.189903669,,0.29576531,0.940277774,
0.3,8,0.6,400,10,0.6,0.167801697,0.99684062,2.189903669,,0.29576531,0.940277774,
0.2,5,0.6,300,5,0.8,0.105049759,0.998758197,2.316896485,,0.295778423,0.940272479,
0.4,7,0.9,200,10,1,0.005200212,0.999997069,2.592282126,,0.295813186,0.940258438,
0.4,8,0.9,200,10,1,0.005196173,0.999997074,2.590594897,,0.295813186,0.940258438,
0.4,5,0.9,100,3,0.8,0.00236677,0.999999363,2.561263839,,0.295865604,0.940237264,
0.3,4,0.7,300,10,0.6,0.178395669,0.996450562,2.183988116,,0.295886003,0.940229023,
0.1,7,0.6,300,3,1,0.110763445,0.99864763,2.201050527,,0.29598587,0.940188668,
0.1,8,0.6,300,3,1,0.110753487,0.998647946,2.202113196,,0.29598587,0.940188668,
0.4,5,0.6,100,1,0.8,0.003112535,0.999998714,2.519727451,,0.295988258,0.940187703,
0.2,4,0.6,400,10,1,0.115582017,0.998545955,2.143566312,,0.295999068,0.940183334,
0.2,5,0.6,100,1,0.6,0.103066059,0.998769119,2.296924061,,0.296029014,0.94017123,
0.4,4,0.7,400,5,0.6,0.002023101,0.999999551,2.24023691,,0.296039869,0.940166843,
0.3,6,0.6,400,5,0.8,0.00550694,0.999996542,2.381612339,,0.296046215,0.940164277,
0.3,4,0.6,300,10,1,0.102540212,0.998845314,2.135051071,,0.296052868,0.940161588,
0.4,4,0.7,100,3,0.6,0.057853996,0.999624992,2.189835205,,0.296058913,0.940159144,
0.4,5,0.9,300,3,0.8,0.001145858,0.999999855,2.561699899,,0.296110008,0.940138487,
0.1,3,0.9,400,10,1,0.200305139,0.995542044,2.417333014,,0.296121256,0.94013394,
0.4,5,0.9,200,3,0.8,0.001273764,0.999999822,2.561688701,,0.296165419,0.940116082,
0.4,5,0.9,400,3,0.8,0.001112707,0.999999864,2.561776051,,0.296167584,0.940115206,
0.4,5,0.6,400,1,0.8,0.000714029,0.999999944,2.520743561,,0.296230831,0.940089626,
0.2,3,0.7,300,1,0.8,0.001042552,0.999999881,2.508797952,,0.296253546,0.940080438,
0.4,6,0.9,400,10,0.8,0.002041277,0.999999545,2.586499268,,0.296257826,0.940078707,
0.3,5,0.9,100,3,0.8,0.010543146,0.999987396,2.568503985,,0.296264182,0.940076136,
0.3,5,0.6,200,10,0.6,0.477902057,0.974767516,2.078719632,,0.296266439,0.940075223,
0.4,6,0.9,300,10,0.8,0.002393585,0.999999376,2.58637681,,0.296285459,0.940067528,
0.4,5,0.6,200,1,0.8,0.000775363,0.999999933,2.520642948,,0.296290465,0.940065503,
0.4,5,0.6,300,1,0.8,0.000733159,0.999999941,2.520697274,,0.296310316,0.940057471,
0.2,4,0.6,400,3,0.8,0.005622815,0.999996389,2.415618041,,0.296317222,0.940054678,
0.2,3,0.7,400,1,0.8,0.000881508,0.999999915,2.508879737,,0.296340779,0.940045146,
0.1,4,0.9,100,3,0.6,0.43756694,0.979281649,2.129502049,,0.29636815,0.94003407,
0.3,5,0.9,100,5,1,0.032810352,0.999883088,2.533624628,,0.296381342,0.940028732,
0.2,4,0.7,400,3,0.6,0.007126348,0.999994156,2.260210536,,0.296471903,0.939992077,
0.1,8,0.9,300,1,1,0.000981341,0.999999894,2.608905689,,0.296601766,0.939939495,
0.1,8,0.9,400,1,1,0.000956028,0.9999999,2.608915047,,0.296605105,0.939938143,
0.1,6,0.8,100,5,1,0.659634728,0.95296445,2.016714733,,0.296657272,0.939917013,
0.1,8,0.9,200,1,1,0.001052921,0.999999879,2.608793245,,0.296673572,0.939910411,
0.2,5,0.6,400,3,0.8,0.004996201,0.99999712,2.391545885,,0.296774762,0.939869413,
0.1,7,0.8,100,5,1,0.659892118,0.952926067,2.020316448,,0.296858349,0.939835536,
0.1,8,0.8,100,5,1,0.659892917,0.952925961,2.020312469,,0.296858349,0.939835536,
0.4,8,0.9,300,3,0.8,0.001165712,0.99999985,2.556222731,,0.296931857,0.939805737,
0.3,6,0.7,300,3,0.6,0.002884777,0.999999079,2.194071263,,0.296966125,0.939791842,
0.4,8,0.9,100,3,0.8,0.001884305,0.999999611,2.555719258,,0.296985663,0.939783919,
0.2,5,0.6,200,3,1,0.049681075,0.99972144,2.324091582,,0.296989475,0.939782374,
0.1,7,0.9,100,1,0.8,0.051059289,0.999716272,2.418120728,,0.296992189,0.939781273,
0.4,8,0.9,200,3,0.8,0.001234743,0.999999833,2.556188235,,0.296995563,0.939779905,
0.1,7,0.9,300,1,1,0.000985977,0.999999893,2.608432652,,0.296995844,0.939779791,
0.1,6,0.9,100,1,0.8,0.051544223,0.999710151,2.419037775,,0.2970162,0.939771536,
0.1,7,0.9,400,1,1,0.000958132,0.999999899,2.608455614,,0.297031856,0.939765186,
0.3,3,0.8,200,10,0.6,0.249834895,0.993120246,2.17970668,,0.297039986,0.939761889,
0.4,8,0.9,400,3,0.8,0.001114304,0.999999863,2.556229183,,0.29704706,0.93975902,
0.3,5,0.9,300,3,0.8,0.001206877,0.99999984,2.572010489,,0.297083383,0.939744286,
0.4,4,0.9,200,5,1,0.001711123,0.999999681,2.566411698,,0.297102942,0.939736352,
0.3,5,0.9,400,3,0.8,0.001161926,0.999999852,2.57206619,,0.297120654,0.939729166,
0.1,7,0.9,200,1,1,0.001059774,0.999999877,2.60830404,,0.297130726,0.93972508,
0.3,5,0.9,200,3,0.8,0.001369771,0.999999793,2.57191352,,0.297143216,0.939720013,
0.1,8,0.9,100,1,0.8,0.050934131,0.999717718,2.418434114,,0.297146466,0.939718694,
0.3,5,0.6,300,10,1,0.099090845,0.998923068,2.187718696,,0.297146849,0.939718539,
0.4,4,0.9,300,5,1,0.001421146,0.999999779,2.566758821,,0.297165812,0.939710844,
0.1,4,0.6,100,3,1,0.679190197,0.949999816,1.901720187,,0.29724409,0.939679078,
0.4,4,0.9,400,5,1,0.001341162,0.999999803,2.566819625,,0.297277674,0.939665447,
0.4,4,0.9,300,10,1,0.002394069,0.999999376,2.627524035,,0.297379142,0.939624252,
0.3,6,0.7,400,3,0.6,0.001292828,0.999999817,2.194778233,,0.297433094,0.939602343,
0.2,6,0.6,300,3,0.8,0.026426886,0.99991732,2.391313487,,0.297445363,0.93959736,
0.1,6,0.8,100,3,0.8,0.428198344,0.980158777,2.198817963,,0.297506377,0.939572577,
0.1,7,0.6,400,5,0.8,0.217959807,0.994805635,2.125242578,,0.297539465,0.939559135,
0.4,4,0.9,400,10,1,0.001998743,0.999999564,2.627928274,,0.297548206,0.939555584,
0.3,3,0.7,300,3,1,0.001301732,0.999999814,2.460859673,,0.297561645,0.939550124,
0.2,4,0.6,400,5,0.6,0.097888534,0.998927152,2.214768245,,0.29758245,0.93954167,
0.1,4,0.8,100,5,1,0.665338725,0.952154888,2.010012459,,0.297610497,0.939530273,
0.2,7,0.6,300,5,0.8,0.103534885,0.998793699,2.322754772,,0.297625822,0.939524046,
0.1,8,0.6,400,5,0.8,0.2179316,0.994807014,2.125606993,,0.297638212,0.939519011,
0.3,3,0.7,400,3,1,0.001085588,0.999999871,2.461087013,,0.297678342,0.9395027,
0.3,6,0.9,100,5,1,0.03123933,0.999894401,2.523831809,,0.297816405,0.93944657,
0.2,3,0.9,400,10,1,0.031647948,0.999884846,2.519500218,,0.297876173,0.939422263,
0.1,6,0.9,100,1,1,0.030918,0.999896263,2.594491825,,0.297997224,0.939373018,
0.3,3,0.6,300,5,1,0.017399745,0.999965365,2.295017888,,0.29807729,0.939340435,
0.2,4,0.7,400,5,0.6,0.041590312,0.999806305,2.24567082,,0.298220893,0.939281973,
0.1,6,0.6,100,1,1,0.220327507,0.994611381,2.198851845,,0.298267388,0.939263039,
0.1,7,0.6,100,1,1,0.220701526,0.994591641,2.201095498,,0.298267388,0.939263039,
0.1,8,0.6,100,1,1,0.220700273,0.994591712,2.201093173,,0.298267388,0.939263039,
0.1,3,0.6,300,3,1,0.154125355,0.997374423,2.116140797,,0.29827451,0.939260139,
0.1,5,0.8,100,3,0.8,0.429210487,0.980065205,2.210131505,,0.298286115,0.939255412,
0.2,5,0.6,300,5,1,0.050448502,0.99971703,2.227243932,,0.298322189,0.939240719,
0.3,3,0.7,300,5,0.8,0.014358113,0.999976021,2.412540706,,0.298420878,0.939200512,
0.1,6,0.9,100,5,1,0.542658656,0.968168057,2.108520964,,0.298505331,0.939166095,
0.1,5,0.6,300,3,0.8,0.185865967,0.996164264,2.196926953,,0.298615295,0.939121266,
0.1,7,0.9,100,5,1,0.542615087,0.968173212,2.108607331,,0.298624727,0.93911742,
0.1,8,0.9,100,5,1,0.54261306,0.968173444,2.108604962,,0.298624727,0.93911742,
0.1,3,0.9,300,10,1,0.314882241,0.989185652,2.348257348,,0.298648467,0.93910774,
0.1,3,0.7,200,1,0.8,0.078696191,0.99929985,2.439638876,,0.298672414,0.939097974,
0.1,7,0.8,100,3,0.8,0.427904289,0.980186365,2.201798851,,0.298875143,0.93901527,
0.2,6,0.6,200,3,1,0.049261937,0.999726093,2.31612835,,0.298989598,0.938968552,
0.1,8,0.8,100,3,0.8,0.427931553,0.98018371,2.201835865,,0.29907563,0.938933424,
0.4,3,0.7,300,10,0.6,0.096537721,0.998948604,2.178438752,,0.299153437,0.938901646,
0.1,6,0.6,300,3,0.8,0.183416021,0.996264038,2.192019017,,0.29928326,0.938848605,
0.3,4,0.9,200,5,1,0.002332929,0.999999391,2.602048242,,0.299293448,0.938844442,
0.4,3,0.8,300,10,0.8,0.019568404,0.999955511,2.496411497,,0.299324589,0.938831715,
0.3,5,0.6,400,5,0.8,0.005617276,0.999996385,2.392678754,,0.299436568,0.938785939,
0.2,4,0.6,300,3,1,0.009829831,0.999988862,2.319802536,,0.299461485,0.938775752,
0.1,4,0.9,100,1,0.6,0.109864033,0.998678709,2.18155179,,0.299468811,0.938772756,
0.3,8,0.9,300,3,1,0.001188671,0.999999845,2.572579378,,0.299497767,0.938760915,
0.4,4,0.6,300,10,0.8,0.090050719,0.999079583,2.339246722,,0.299507466,0.938756949,
0.1,3,0.9,200,1,1,0.014876126,0.999975235,2.549764925,,0.299510362,0.938755764,
0.3,4,0.9,300,5,1,0.001562548,0.999999733,2.602550672,,0.299515042,0.93875385,
0.3,8,0.9,400,3,1,0.00114934,0.999999855,2.572653303,,0.299532199,0.938746833,
0.3,5,0.9,200,5,1,0.001825776,0.999999634,2.558207059,,0.299572042,0.938730537,
0.3,8,0.9,200,3,1,0.001277764,0.999999821,2.572542662,,0.299588901,0.938723641,
0.3,5,0.9,300,5,1,0.001499953,0.999999752,2.558450261,,0.299591149,0.938722721,
0.4,4,0.9,100,1,1,0.000954108,0.999999898,2.585194924,,0.299596895,0.93872037,
0.1,3,0.7,100,3,0.6,0.750822157,0.938833835,1.900511897,,0.29960988,0.938715059,
0.3,6,0.9,300,5,1,0.001475285,0.999999761,2.546173701,,0.299610765,0.938714697,
0.3,5,0.9,400,5,1,0.001410813,0.999999781,2.558471972,,0.299613691,0.9387135,
0.3,4,0.9,400,5,1,0.001448448,0.99999977,2.602625439,,0.2996327,0.938705723,
0.2,3,0.9,200,10,0.6,0.384729766,0.983849498,2.175930656,,0.299645957,0.938700299,
0.3,6,0.9,200,5,1,0.001711337,0.99999968,2.546006644,,0.299683496,0.938684938,
0.3,6,0.9,400,5,1,0.001397986,0.999999785,2.546217913,,0.299691044,0.93868185,
0.4,4,0.9,200,1,1,0.000895287,0.999999912,2.585174897,,0.29971046,0.938673904,
0.4,4,0.9,100,3,0.8,0.004086207,0.999997939,2.510907942,,0.299723847,0.938668426,
0.3,7,0.6,100,3,1,0.114957038,0.998491805,2.259991108,,0.299733887,0.938664317,
0.3,8,0.6,100,3,1,0.114935746,0.9984923,2.262363075,,0.299733887,0.938664317,
0.4,4,0.9,300,1,1,0.000854594,0.999999919,2.585273543,,0.299777634,0.938646411,
0.1,8,0.9,100,1,1,0.030685393,0.999897924,2.593065442,,0.299781227,0.938644941,
0.1,3,0.9,200,5,1,0.252513757,0.993008081,2.346337005,,0.29987008,0.938608565,
0.4,4,0.9,400,1,1,0.000836751,0.999999922,2.585315631,,0.299885456,0.938602269,
0.3,8,0.9,100,5,1,0.031208791,0.999894614,2.524791444,,0.299930357,0.938583882,
0.1,5,0.9,100,5,1,0.542954771,0.968133253,2.11327141,,0.300019633,0.938547315,
0.3,4,0.6,400,10,0.8,0.074820016,0.999375221,2.197441637,,0.30003308,0.938541806,
0.3,7,0.9,100,5,1,0.031212157,0.999894591,2.524848202,,0.300041655,0.938538293,
0.3,8,0.9,100,3,1,0.003764893,0.999998454,2.570409948,,0.300065283,0.938528612,
0.3,6,0.6,200,1,0.6,0.00199594,0.999999492,2.382299483,,0.300097001,0.938515616,
0.3,7,0.6,200,1,0.6,0.0020034,0.999999491,2.380020797,,0.300097001,0.938515616,
0.3,8,0.6,200,1,0.6,0.002004343,0.999999491,2.380053997,,0.300097001,0.938515616,
0.1,7,0.9,100,1,1,0.030695228,0.999897851,2.592655034,,0.30024734,0.938453997,
0.3,6,0.6,100,3,1,0.114810875,0.998494448,2.26091691,,0.300263106,0.938447534,
0.3,7,0.9,400,3,1,0.001153283,0.999999854,2.573339561,,0.300278872,0.938441069,
0.1,4,0.7,100,5,0.8,0.878344596,0.916574101,1.889851526,,0.300292471,0.938435494,
0.2,3,0.8,100,3,0.6,0.255305812,0.992813438,2.142292916,,0.300339358,0.938416267,
0.3,7,0.9,300,3,1,0.001198235,0.999999842,2.573296497,,0.3003558,0.938409524,
0.3,7,0.9,200,3,1,0.001271905,0.999999823,2.573249454,,0.300363061,0.938406546,
0.2,5,0.9,100,3,1,0.033078146,0.999879382,2.584624031,,0.3003864,0.938396974,
0.3,3,0.6,300,10,0.6,0.308828768,0.989397553,2.127905772,,0.300551543,0.93832922,
0.3,7,0.6,200,3,0.8,0.026279986,0.999914187,2.395796357,,0.300551879,0.938329083,
0.3,8,0.6,200,3,0.8,0.02627288,0.999914243,2.399143248,,0.300551879,0.938329083,
0.3,6,0.6,200,3,0.8,0.026402731,0.999912809,2.39518069,,0.30057682,0.938318847,
0.1,6,0.8,100,5,0.6,0.804009907,0.930075577,1.915845283,,0.300577393,0.938318611,
0.1,7,0.8,100,5,0.6,0.804026549,0.930072957,1.915869303,,0.300577393,0.938318611,
0.1,8,0.8,100,5,0.6,0.804029936,0.930072419,1.915888138,,0.300577393,0.938318611,
0.3,6,0.6,400,1,0.6,0.000772865,0.999999934,2.382959676,,0.300582314,0.938316592,
0.3,7,0.6,400,1,0.6,0.000782704,0.999999933,2.380566191,,0.300582314,0.938316592,
0.3,8,0.6,400,1,0.6,0.000782601,0.999999933,2.380585384,,0.300582314,0.938316592,
0.1,5,0.8,100,5,0.6,0.804415929,0.930009822,1.917285793,,0.300623699,0.938299605,
0.3,6,0.6,300,1,0.6,0.000841985,0.999999922,2.382778609,,0.300644447,0.938291088,
0.3,7,0.6,300,1,0.6,0.000835079,0.999999923,2.380464891,,0.300644447,0.938291088,
0.3,8,0.6,300,1,0.6,0.000836718,0.999999923,2.380481014,,0.300644447,0.938291088,
0.1,4,0.9,200,3,1,0.040325824,0.999821754,2.486449191,,0.300758675,0.938244187,
0.3,5,0.7,300,3,0.6,0.002927495,0.999999054,2.188869185,,0.300792982,0.938230098,
0.3,7,0.9,100,3,1,0.003778612,0.999998443,2.570997784,,0.300801922,0.938226426,
0.3,4,0.6,400,5,0.8,0.006071078,0.99999581,2.398995759,,0.300912225,0.938181113,
0.3,8,0.9,300,5,1,0.001487218,0.999999757,2.546750808,,0.300913393,0.938180633,
0.2,5,0.9,200,3,1,0.001533524,0.999999743,2.609514216,,0.30091589,0.938179608,
0.4,6,0.6,400,10,0.8,0.026857999,0.999918075,2.370095709,,0.300939261,0.938170005,
0.4,7,0.6,400,10,0.8,0.026729508,0.999919023,2.367392147,,0.300939261,0.938170005,
0.4,8,0.6,400,10,0.8,0.026728375,0.999919029,2.36739018,,0.300939261,0.938170005,
0.4,4,0.9,200,3,0.8,0.001324668,0.999999807,2.512065561,,0.300949588,0.938165761,
0.2,5,0.9,300,3,1,0.001306714,0.999999813,2.609726483,,0.30096097,0.938161084,
0.3,7,0.9,300,5,1,0.0014693,0.999999763,2.546778524,,0.300986863,0.938150443,
0.1,4,0.8,100,5,0.6,0.807540768,0.929489281,1.922755994,,0.300995605,0.93814685,
0.3,8,0.9,400,5,1,0.001407284,0.999999782,2.546776304,,0.300998667,0.938145591,
0.4,4,0.9,400,3,0.8,0.001117708,0.999999863,2.51216648,,0.301029234,0.938133028,
0.3,8,0.9,200,5,1,0.001702742,0.999999683,2.546501825,,0.301030186,0.938132637,
0.4,4,0.9,300,3,0.8,0.001159571,0.999999851,2.512145372,,0.301045851,0.938126198,
0.2,5,0.9,400,3,1,0.00125793,0.999999827,2.609779889,,0.301072385,0.93811529,
0.3,7,0.9,400,5,1,0.001397083,0.999999785,2.546793425,,0.301078696,0.938112695,
0.3,5,0.6,200,3,1,0.009534885,0.999989191,2.316699902,,0.301089322,0.938108327,
0.3,7,0.9,200,5,1,0.001684014,0.99999969,2.54650628,,0.301147691,0.938084328,
0.3,6,0.6,200,10,0.6,0.478731788,0.974694853,2.090962299,,0.301183466,0.938069617,
0.3,7,0.6,200,10,0.6,0.47867297,0.97469997,2.090108105,,0.301183466,0.938069617,
0.3,8,0.6,200,10,0.6,0.47867297,0.97469997,2.090108105,,0.301183466,0.938069617,
0.3,5,0.9,100,3,1,0.004612961,0.999997579,2.57717509,,0.301378983,0.937989185,
0.1,3,0.8,300,1,0.8,0.010455822,0.999986736,2.470481322,,0.301386285,0.93798618,
0.3,5,0.7,400,3,0.6,0.001296526,0.999999817,2.189785286,,0.301533951,0.937925397,
0.3,5,0.6,200,3,0.6,0.058397638,0.999592581,2.295369193,,0.301746244,0.93783796,
0.2,6,0.9,100,3,1,0.031274713,0.999893825,2.578236097,,0.301773154,0.937826872,
0.3,5,0.9,200,3,1,0.001282569,0.99999982,2.579389656,,0.30201311,0.937727958,
0.3,7,0.6,300,10,0.8,0.17359546,0.996648715,2.191831084,,0.302015695,0.937726892,
0.3,8,0.6,300,10,0.8,0.17359546,0.996648715,2.191831084,,0.302015695,0.937726892,
0.1,6,0.6,300,3,1,0.110790603,0.998646679,2.199936047,,0.302048967,0.937713171,
0.2,4,0.9,100,3,0.8,0.064305268,0.999543468,2.484649109,,0.302072993,0.937703261,
0.3,5,0.9,300,3,1,0.001178578,0.999999848,2.579453448,,0.302079782,0.937700461,
0.4,4,0.6,200,10,1,0.136273644,0.997939382,2.154164575,,0.302110167,0.937687928,
0.3,5,0.6,200,1,0.6,0.002098667,0.999999446,2.394655549,,0.30211194,0.937687196,
0.2,8,0.9,100,3,1,0.030915325,0.999896472,2.580001423,,0.302137241,0.937676759,
0.3,5,0.9,400,3,1,0.001141542,0.999999857,2.579481477,,0.302154618,0.93766959,
0.3,6,0.6,300,10,0.8,0.173974315,0.996635083,2.1820246,,0.302175736,0.937660877,
0.2,7,0.9,100,3,1,0.030924835,0.999896411,2.579760754,,0.302203976,0.937649224,
0.4,6,0.6,100,5,0.6,0.310629245,0.989202623,2.215274571,,0.302209244,0.93764705,
0.3,5,0.6,400,1,0.6,0.000781282,0.999999933,2.39507672,,0.302252614,0.937629152,
0.3,6,0.9,300,3,0.8,0.001219624,0.999999837,2.565036321,,0.302309511,0.937605668,
0.3,6,0.9,200,3,0.8,0.001337916,0.999999803,2.564938622,,0.302357028,0.937586053,
0.2,7,0.6,300,3,1,0.008851733,0.999991022,2.330181292,,0.302409705,0.937564303,
0.2,8,0.6,300,3,1,0.008828617,0.999991085,2.330265245,,0.302409705,0.937564303,
0.3,7,0.9,300,3,0.8,0.001227862,0.999999834,2.560318628,,0.302446206,0.93754923,
0.3,6,0.9,400,3,0.8,0.001172369,0.999999849,2.565101208,,0.30245116,0.937547184,
0.3,7,0.9,200,3,0.8,0.001321316,0.999999808,2.560230778,,0.302464079,0.937541849,
0.3,7,0.9,400,3,0.8,0.001180703,0.999999846,2.560319105,,0.302476145,0.937536866,
0.4,7,0.6,100,5,0.6,0.310777756,0.989194148,2.217185481,,0.302478912,0.937535723,
0.4,8,0.6,100,5,0.6,0.310777756,0.989194148,2.217185481,,0.302478912,0.937535723,
0.3,5,0.6,300,1,0.6,0.000844869,0.999999922,2.394923299,,0.302515554,0.937520588,
0.1,3,0.9,400,10,0.6,0.41116003,0.981525111,2.101677671,,0.302566934,0.937499363,
0.1,3,0.8,100,5,0.6,0.869618525,0.918216018,1.915837011,,0.302584249,0.937492209,
0.2,7,0.6,400,3,0.8,0.004951843,0.999997139,2.383030915,,0.302600457,0.937485513,
0.2,8,0.6,400,3,0.8,0.004953199,0.999997133,2.382264995,,0.302600457,0.937485513,
0.3,6,0.6,300,5,0.6,0.065938766,0.999505674,2.200165003,,0.302618535,0.937478043,
0.2,4,0.9,200,3,0.8,0.004430377,0.999997772,2.516373562,,0.302703717,0.93744284,
0.1,3,0.9,300,1,1,0.002422757,0.999999268,2.554200337,,0.302788113,0.937407953,
0.2,6,0.6,400,10,1,0.113545856,0.998595856,2.157211641,,0.302823243,0.937393428,
0.3,6,0.9,100,3,0.8,0.00926606,0.999990535,2.560643436,,0.302896309,0.937363212,
0.3,4,0.6,300,3,0.8,0.004067684,0.999998023,2.409660592,,0.302918194,0.937354161,
0.3,7,0.9,100,3,0.8,0.009041234,0.999991002,2.556150468,,0.302951909,0.937340215,
0.1,5,0.6,300,1,0.6,0.046353772,0.999757144,2.280913963,,0.303144705,0.937260437,
0.1,3,0.9,400,1,1,0.001251664,0.999999828,2.554881559,,0.30331238,0.937191013,
0.1,3,0.9,400,3,1,0.012556802,0.999982026,2.528297277,,0.303462893,0.937128662,
0.3,5,0.6,300,5,0.6,0.065626326,0.999510765,2.232617028,,0.303463125,0.937128566,
0.2,5,0.6,400,10,1,0.11392121,0.998587345,2.149455169,,0.303710946,0.937025837,
0.4,4,0.6,200,1,1,0.000766766,0.999999936,2.495434106,,0.303773026,0.93700009,
0.3,5,0.6,300,3,1,0.001314223,0.99999981,2.318825531,,0.303776085,0.936998821,
0.2,6,0.6,100,1,0.6,0.102584009,0.998776196,2.297785437,,0.303786292,0.936994587,
0.2,7,0.6,100,1,0.6,0.102588812,0.998775953,2.29447285,,0.303786292,0.936994587,
0.2,8,0.6,100,1,0.6,0.102591855,0.998775886,2.294496602,,0.303786292,0.936994587,
0.2,6,0.9,300,3,1,0.001283587,0.99999982,2.600852722,,0.303802919,0.93698769,
0.4,4,0.6,400,1,1,0.000693356,0.999999947,2.495492258,,0.303830285,0.936976338,
0.4,4,0.6,300,1,1,0.000717411,0.999999943,2.495418411,,0.303848648,0.936968719,
0.2,3,0.9,200,1,0.8,0.001933825,0.999999523,2.398110749,,0.303853474,0.936966717,
0.2,6,0.9,200,3,1,0.001439146,0.999999774,2.600725854,,0.303866846,0.936961169,
0.3,5,0.6,400,3,1,0.001051272,0.999999879,2.318866885,,0.303895466,0.936949294,
0.1,5,0.6,300,3,1,0.111319602,0.998633578,2.197858817,,0.303927925,0.936935824,
0.3,6,0.9,400,3,1,0.001145317,0.999999856,2.564670319,,0.303955984,0.936924179,
0.3,4,0.6,400,3,0.8,0.001204107,0.999999841,2.409953195,,0.303975677,0.936916006,
0.3,6,0.9,300,3,1,0.001190391,0.999999844,2.564628268,,0.304001182,0.936905419,
0.2,7,0.6,400,10,1,0.11360747,0.998594254,2.155007886,,0.304019468,0.936897829,
0.2,8,0.6,400,10,1,0.11360747,0.998594254,2.155007886,,0.304019468,0.936897829,
0.2,6,0.9,400,3,1,0.001225279,0.999999836,2.600863034,,0.304019619,0.936897766,
0.2,6,0.6,400,3,0.8,0.00502473,0.999997057,2.395550312,,0.304020307,0.93689748,
0.4,5,0.9,300,1,1,0.000833953,0.999999923,2.622891494,,0.304077987,0.936873534,
0.4,4,0.6,100,1,1,0.001493795,0.999999737,2.495005323,,0.304080002,0.936872697,
0.3,4,0.7,400,5,0.6,0.007641453,0.999993336,2.312025055,,0.30409277,0.936867396,
0.2,4,0.9,300,3,0.8,0.00150109,0.999999753,2.517693156,,0.304110104,0.936860198,
0.4,3,0.9,200,10,0.6,0.098854604,0.998903086,2.285471275,,0.304114563,0.936858347,
0.3,6,0.9,200,3,1,0.001291455,0.999999817,2.564589107,,0.304123542,0.936854618,
0.3,4,0.6,400,5,0.6,0.024749587,0.999930143,2.256420582,,0.304135512,0.936849647,
0.4,5,0.9,100,1,1,0.000927,0.999999904,2.622734555,,0.304155788,0.936841227,
0.3,4,0.7,400,10,0.6,0.085379631,0.999179056,2.216476515,,0.304156476,0.936840941,
0.3,6,0.9,100,3,1,0.003877929,0.999998358,2.562368119,,0.304179272,0.936831473,
0.2,4,0.9,400,3,0.8,0.001349768,0.9999998,2.517800385,,0.304243346,0.936804858,
0.4,5,0.9,200,1,1,0.000880178,0.999999915,2.622874559,,0.304255667,0.93679974,
0.4,5,0.9,400,1,1,0.000827563,0.999999924,2.622906619,,0.304258238,0.936798672,
0.3,8,0.9,300,3,0.8,0.001222041,0.999999835,2.56197747,,0.304351657,0.936759855,
0.3,3,0.8,400,10,0.8,0.019451046,0.999956352,2.486504594,,0.304394831,0.936741912,
0.3,8,0.9,200,3,0.8,0.001332061,0.999999805,2.56190318,,0.304408721,0.936736139,
0.3,8,0.9,400,3,0.8,0.001170245,0.999999849,2.561991209,,0.304429041,0.936727693,
0.3,6,0.6,200,3,0.6,0.057725996,0.999601664,2.301852711,,0.304464297,0.936713036,
0.4,5,0.6,400,10,0.8,0.027249518,0.999915875,2.351467567,,0.304611371,0.936651879,
0.3,7,0.6,200,3,0.6,0.057474179,0.999604772,2.303967919,,0.304779457,0.936581948,
0.3,8,0.6,200,3,0.6,0.057487583,0.999604651,2.303976771,,0.304779457,0.936581948,
0.4,3,0.7,400,10,0.8,0.012858819,0.999980903,2.362593645,,0.30485574,0.936550198,
0.2,3,0.9,300,1,0.8,0.001110971,0.999999863,2.398220332,,0.304856281,0.936549973,
0.3,8,0.9,100,3,0.8,0.009028804,0.999991043,2.557715179,,0.304876312,0.936541635,
0.2,7,0.6,400,3,1,0.001521735,0.999999746,2.332397378,,0.304924066,0.936521754,
0.2,8,0.6,400,3,1,0.001516275,0.999999748,2.332536063,,0.304924066,0.936521754,
0.1,6,0.6,300,1,0.6,0.04606406,0.999760648,2.293449192,,0.305000227,0.93649004,
0.2,3,0.9,400,1,0.8,0.001022518,0.999999884,2.398164811,,0.305033898,0.936476017,
0.4,4,0.7,200,3,0.6,0.006031428,0.999995797,2.208440527,,0.305037875,0.93647436,
0.2,8,0.9,300,3,1,0.00129122,0.999999817,2.603226686,,0.305164782,0.936421491,
0.1,8,0.6,300,1,0.6,0.045957906,0.999761534,2.290563519,,0.305175023,0.936417224,
0.2,7,0.9,300,3,1,0.001283519,0.999999819,2.603296587,,0.305202903,0.936405606,
0.2,7,0.9,200,3,1,0.001433847,0.999999775,2.603187362,,0.305245944,0.936387668,
0.1,7,0.6,300,1,0.6,0.045833353,0.999762914,2.290395374,,0.30525663,0.936383214,
0.1,4,0.9,300,3,1,0.007390058,0.999993669,2.510751465,,0.305256632,0.936383213,
0.2,8,0.9,200,3,1,0.001434728,0.999999775,2.603094229,,0.305260062,0.936381783,
0.2,8,0.9,400,3,1,0.001233646,0.999999833,2.60328413,,0.305267904,0.936378515,
0.2,4,0.6,400,3,1,0.001658937,0.999999698,2.321841723,,0.305276476,0.936374941,
0.2,7,0.9,400,3,1,0.00122715,0.999999835,2.603338489,,0.305331869,0.93635185,
0.1,4,0.8,100,5,0.8,0.726481947,0.942958964,2.008651804,,0.305430734,0.936310625,
0.3,3,0.6,200,10,0.8,0.36737124,0.985137971,2.108436586,,0.30570783,0.936195011,
0.3,5,0.6,300,10,0.8,0.173343107,0.996663668,2.18848283,,0.305798125,0.936157314,
0.1,4,0.7,100,5,1,0.802620355,0.930346331,1.880466985,,0.305814221,0.936150593,
0.4,6,0.9,100,3,0.8,0.001937785,0.999999586,2.548114033,,0.305936246,0.936099629,
0.4,6,0.9,300,3,0.8,0.001147449,0.999999855,2.548490161,,0.305937323,0.936099179,
0.4,6,0.9,200,3,0.8,0.001232172,0.999999834,2.548468487,,0.305938405,0.936098727,
0.2,4,0.6,400,3,0.6,0.023307518,0.999938832,2.141323051,,0.305954946,0.936091817,
0.4,6,0.9,400,3,0.8,0.001119329,0.999999862,2.548517095,,0.306047767,0.936053034,
0.3,7,0.6,300,5,0.6,0.065221924,0.999517451,2.200823456,,0.306120167,0.936022775,
0.3,8,0.6,300,5,0.6,0.065221924,0.999517451,2.200823456,,0.306120167,0.936022775,
0.2,3,0.7,300,3,0.8,0.016985956,0.999966402,2.408196747,,0.306174823,0.935999927,
0.4,5,0.6,100,5,0.6,0.310952125,0.989168674,2.235254078,,0.306224832,0.935979019,
0.3,4,0.6,200,1,1,0.000817697,0.999999926,2.432945824,,0.306330798,0.935934704,
0.1,5,0.6,300,3,0.6,0.296357981,0.990284894,2.064280907,,0.306341275,0.935930321,
0.4,4,0.7,200,1,1,0.000747693,0.999999939,2.625638546,,0.306426183,0.9358948,
0.3,4,0.6,300,1,1,0.000746083,0.999999939,2.43294189,,0.306473108,0.935875165,
0.3,4,0.6,100,1,1,0.007390877,0.999993079,2.429780601,,0.306473462,0.935875017,
0.3,4,0.6,400,1,1,0.000712968,0.999999944,2.432948957,,0.306502988,0.935862661,
0.2,3,0.8,400,5,0.8,0.010589671,0.999986726,2.478857221,,0.306633772,0.935807915,
0.4,4,0.7,100,1,1,0.000871712,0.999999917,2.625513763,,0.306656203,0.935798522,
0.1,3,0.7,100,5,1,0.839191436,0.923867112,1.856993797,,0.306670786,0.935792416,
0.4,4,0.7,400,1,1,0.000684277,0.999999948,2.625660711,,0.306672796,0.935791575,
0.4,4,0.7,300,1,1,0.000706839,0.999999945,2.62562237,,0.306675812,0.935790312,
0.1,3,0.9,300,1,0.8,0.006504455,0.999994912,2.536977657,,0.306698281,0.935780903,
0.4,5,0.7,200,1,0.8,0.000778017,0.999999933,2.553798659,,0.30670573,0.935777783,
0.3,3,0.7,400,5,0.8,0.003122412,0.999998875,2.41885181,,0.306754034,0.935757552,
0.3,3,0.6,200,10,0.6,0.495800674,0.972957067,2.097925046,,0.306844497,0.935719656,
0.4,5,0.7,100,1,0.8,0.000912943,0.999999908,2.55355115,,0.306867616,0.935709969,
0.2,4,0.6,300,10,0.6,0.503390006,0.972216679,1.969146008,,0.306892767,0.93569943,
0.4,5,0.7,300,1,0.8,0.000720382,0.999999943,2.55381448,,0.306918014,0.93568885,
0.4,5,0.7,400,1,0.8,0.000698199,0.999999946,2.55391494,,0.306945502,0.93567733,
0.1,4,0.9,400,3,1,0.002012735,0.999999552,2.512981364,,0.306964664,0.935669299,
0.1,5,0.7,100,5,0.8,0.875305965,0.917148405,1.89257607,,0.307130597,0.935599731,
0.3,3,0.9,200,10,0.6,0.195710979,0.995773562,2.234666787,,0.30715523,0.9355894,
0.1,3,0.8,400,1,0.8,0.002663681,0.999999093,2.47344488,,0.307173559,0.935581713,
0.1,3,0.7,300,1,1,0.008564019,0.999991109,2.441082628,,0.307292534,0.935531802,
0.3,3,0.7,400,10,0.8,0.04017513,0.999816267,2.351220461,,0.307320438,0.935520093,
0.4,3,0.6,300,10,1,0.051471213,0.999705802,2.219402618,,0.307391635,0.935490213,
0.2,3,0.6,400,10,0.6,0.367288338,0.985162734,2.036880443,,0.307450069,0.935465685,
0.4,4,0.7,300,3,0.6,0.001309517,0.999999811,2.210831254,,0.307508184,0.935441286,
0.4,3,0.8,400,10,0.8,0.005467902,0.99999646,2.502267593,,0.307553602,0.935422214,
0.1,8,0.7,100,5,1,0.799542263,0.930869295,1.886075991,,0.30759159,0.93540626,
0.4,5,0.6,100,3,1,0.048349509,0.999724602,2.320432036,,0.307595519,0.93540461,
0.1,5,0.9,100,1,0.6,0.095926809,0.998991873,2.169536373,,0.307615,0.935396428,
0.2,6,0.9,400,1,0.8,0.000930035,0.999999905,2.42223704,,0.307629348,0.935390401,
0.2,6,0.9,300,1,0.8,0.000951715,0.9999999,2.422195593,,0.307650553,0.935381494,
0.4,4,0.7,400,3,0.6,0.001078901,0.999999872,2.211207814,,0.307689781,0.935365014,
0.2,6,0.9,200,1,0.8,0.000992574,0.999999891,2.422187814,,0.307712953,0.935355278,
0.2,6,0.9,100,1,0.8,0.001569573,0.999999722,2.421884248,,0.307715511,0.935354203,
0.1,5,0.6,100,5,1,0.965520906,0.899080766,1.781798713,,0.307738702,0.935344459,
0.1,4,0.6,100,5,1,0.967379075,0.898681422,1.782729946,,0.307766672,0.935332705,
0.1,6,0.6,100,5,1,0.965300025,0.899126968,1.785131373,,0.307881818,0.935284308,
0.1,7,0.6,100,5,1,0.965298698,0.89912725,1.785204791,,0.307881818,0.935284308,
0.1,8,0.6,100,5,1,0.965297784,0.89912746,1.78520266,,0.307881818,0.935284308,
0.4,6,0.9,100,1,1,0.000925185,0.999999905,2.629757063,,0.307888763,0.935281388,
0.4,3,0.6,200,1,1,0.0007811,0.999999933,2.517859258,,0.30791385,0.935270841,
0.4,6,0.9,200,1,1,0.000867601,0.999999917,2.629893804,,0.307919144,0.935268615,
0.4,6,0.9,400,1,1,0.0008228,0.999999925,2.629880303,,0.30792057,0.935268016,
0.3,8,0.9,300,1,1,0.000892848,0.999999912,2.555033984,,0.307924625,0.935266311,
0.4,6,0.9,300,1,1,0.000839206,0.999999922,2.629898401,,0.307933047,0.93526277,
0.3,8,0.9,100,1,1,0.000981855,0.999999894,2.554971548,,0.307976323,0.935244572,
0.4,3,0.6,300,1,1,0.000729209,0.999999941,2.517876603,,0.30799036,0.93523867,
0.3,8,0.9,400,1,1,0.000864911,0.999999918,2.555044735,,0.30800187,0.935233829,
0.3,8,0.9,200,1,1,0.00091896,0.999999907,2.555063972,,0.308021186,0.935225705,
0.4,3,0.8,200,3,0.8,0.001905283,0.999999573,2.568089144,,0.308021556,0.93522555,
0.4,3,0.6,400,1,1,0.000702631,0.999999946,2.517868454,,0.308025646,0.93522383,
0.1,5,0.6,400,1,0.6,0.01491798,0.999974545,2.292109175,,0.308294321,0.935110779,
0.1,3,0.9,100,5,0.8,0.705542846,0.946135732,2.061632908,,0.30829735,0.935109503,
0.3,7,0.9,100,1,1,0.000981809,0.999999894,2.555018822,,0.308399748,0.935066391,
0.3,7,0.9,300,1,1,0.000886187,0.999999914,2.555091852,,0.308443734,0.935047867,
0.3,7,0.9,400,1,1,0.000857281,0.999999919,2.5550963,,0.308497584,0.935025185,
0.3,7,0.9,200,1,1,0.000918231,0.999999907,2.555122362,,0.308569739,0.934994788,
0.3,4,0.9,100,1,1,0.001097424,0.999999868,2.600559727,,0.308689028,0.934944517,
0.3,4,0.9,200,1,1,0.000975141,0.999999896,2.600759321,,0.308701176,0.934939397,
0.3,4,0.9,300,1,1,0.000896796,0.999999911,2.600835093,,0.308706025,0.934937353,
0.3,4,0.9,400,1,1,0.000887309,0.999999913,2.600829923,,0.30874307,0.934921737,
0.1,7,0.7,100,5,1,0.799542474,0.930869255,1.886075991,,0.308748281,0.93491954,
0.3,6,0.6,300,10,1,0.09875777,0.998928122,2.196833714,,0.30878794,0.93490282,
0.3,7,0.6,300,10,1,0.098887512,0.99892557,2.197938904,,0.308794059,0.93490024,
0.3,8,0.6,300,10,1,0.098887512,0.99892557,2.197938904,,0.308794059,0.93490024,
0.4,3,0.6,100,1,1,0.004543587,0.999997299,2.515041102,,0.30887326,0.934866842,
0.4,3,0.8,400,3,0.8,0.001042845,0.99999988,2.568331344,,0.30887775,0.934864948,
0.2,5,0.9,400,1,1,0.000914098,0.999999908,2.585145132,,0.308887564,0.934860809,
0.2,5,0.9,300,1,1,0.00093538,0.999999904,2.585132198,,0.308893159,0.934858449,
0.2,5,0.9,200,1,1,0.000986093,0.999999893,2.585117743,,0.308916883,0.934848442,
0.2,5,0.9,100,1,1,0.001158276,0.999999851,2.584954993,,0.308929959,0.934842927,
0.4,3,0.8,300,3,0.8,0.001109312,0.999999865,2.568326043,,0.308959836,0.934830323,
0.2,3,0.7,400,5,0.8,0.022668516,0.999941005,2.344687061,,0.309087134,0.93477661,
0.4,7,0.6,200,1,1,0.000741136,0.99999994,2.494716651,,0.309123647,0.934761199,
0.1,6,0.9,100,1,0.6,0.095332903,0.999005123,2.171815983,,0.309128392,0.934759196,
0.4,7,0.6,400,1,1,0.000679925,0.999999949,2.494732341,,0.309159653,0.934746,
0.3,6,0.9,300,1,1,0.000873008,0.999999916,2.555264743,,0.309212792,0.934723566,
0.1,6,0.7,100,5,1,0.799550312,0.930867952,1.886217492,,0.309255858,0.934705382,
0.4,7,0.6,300,1,1,0.00070293,0.999999946,2.494728042,,0.309269599,0.93469958,
0.3,6,0.9,200,1,1,0.000907895,0.999999909,2.555285672,,0.309280194,0.934695105,
0.3,6,0.9,100,1,1,0.000983211,0.999999894,2.555212619,,0.309323178,0.934676952,
0.1,6,0.6,400,1,0.6,0.014792359,0.999974994,2.304751265,,0.309350263,0.934665512,
0.3,6,0.9,400,1,1,0.000850401,0.999999921,2.555305058,,0.309388441,0.934649384,
0.3,3,0.6,400,5,1,0.003447475,0.999998658,2.300791753,,0.309455134,0.934621207,
0.1,4,0.7,100,3,0.8,0.584775665,0.96295745,2.067204574,,0.309526986,0.934590843,
0.4,7,0.6,100,1,1,0.001232472,0.999999818,2.494357831,,0.309550784,0.934580785,
0.1,3,0.8,400,3,0.8,0.037715829,0.999835297,2.471871035,,0.309635501,0.934544972,
0.4,8,0.6,200,1,1,0.00074157,0.99999994,2.494645456,,0.309670427,0.934530205,
0.1,5,0.7,100,5,1,0.799902721,0.930810477,1.88336997,,0.309695486,0.934519609,
0.4,8,0.6,400,1,1,0.000681357,0.999999949,2.49466396,,0.309749268,0.934496864,
0.3,5,0.9,100,1,1,0.001002141,0.999999889,2.542140068,,0.309861497,0.934449389,
0.1,8,0.6,400,1,0.6,0.014792277,0.999974994,2.301583792,,0.309896786,0.934434458,
0.3,5,0.9,300,1,1,0.000873457,0.999999915,2.542237097,,0.309929258,0.934420716,
0.4,8,0.6,300,1,1,0.000702986,0.999999946,2.494669235,,0.309929712,0.934420524,
0.3,5,0.9,400,1,1,0.000840968,0.999999922,2.542286606,,0.309942561,0.934415086,
0.4,6,0.6,200,1,1,0.000743307,0.999999939,2.4974746,,0.309950872,0.934411569,
0.1,7,0.6,400,1,0.6,0.014738459,0.999975194,2.301678861,,0.309967992,0.934404323,
0.3,5,0.9,200,1,1,0.00092678,0.999999905,2.542231442,,0.310001673,0.934390067,
0.4,6,0.6,400,1,1,0.000684584,0.999999949,2.497464741,,0.310010929,0.93438615,
0.4,6,0.6,300,1,1,0.000707716,0.999999945,2.497453977,,0.310068472,0.93436179,
0.4,7,0.9,100,1,1,0.0008951,0.999999911,2.626899959,,0.310141729,0.93433077,
0.4,7,0.9,200,1,1,0.000850171,0.99999992,2.626977647,,0.310154316,0.93432544,
0.4,7,0.9,400,1,1,0.00081391,0.999999927,2.626980806,,0.310175147,0.934316618,
0.4,7,0.9,300,1,1,0.000821685,0.999999925,2.626986014,,0.310185353,0.934312295,
0.3,7,0.6,300,3,0.8,0.00367638,0.999998387,2.399922169,,0.310201351,0.934305519,
0.3,8,0.6,300,3,0.8,0.003680497,0.999998382,2.403407073,,0.310201351,0.934305519,
0.4,8,0.6,100,1,1,0.001230325,0.999999819,2.49431125,,0.310293757,0.934266374,
0.3,6,0.6,300,3,0.8,0.003726052,0.999998337,2.399085059,,0.310367608,0.934235081,
0.4,6,0.6,100,1,1,0.001253253,0.999999815,2.497151534,,0.310516801,0.934171839,
0.1,8,0.9,100,1,0.6,0.095324343,0.999005284,2.171573988,,0.310523549,0.934168978,
0.2,4,0.9,100,1,1,0.002381427,0.999999256,2.64179802,,0.310530552,0.934166009,
0.2,4,0.9,300,1,1,0.00095938,0.999999899,2.642531858,,0.310595299,0.934138552,
0.2,4,0.9,200,1,1,0.001052191,0.999999879,2.64247267,,0.310624244,0.934126277,
0.2,4,0.9,400,1,1,0.000927343,0.999999906,2.642589779,,0.310625395,0.934125788,
0.3,6,0.6,400,5,0.6,0.023401344,0.99993771,2.215401738,,0.31064707,0.934116595,
0.1,6,0.7,100,5,0.8,0.875305162,0.91714681,1.891737924,,0.310678838,0.934103119,
0.1,7,0.7,100,5,0.8,0.875287253,0.917150213,1.891770662,,0.310678838,0.934103119,
0.1,8,0.7,100,5,0.8,0.875288885,0.91714992,1.891819284,,0.310678838,0.934103119,
0.4,4,0.6,100,3,1,0.052053774,0.999686535,2.335021655,,0.310697124,0.934095362,
0.3,7,0.6,400,3,0.8,0.001161045,0.999999853,2.400391782,,0.310881256,0.934017223,
0.3,8,0.6,400,3,0.8,0.001165827,0.999999851,2.403908143,,0.310881256,0.934017223,
0.3,6,0.6,400,3,0.8,0.001170442,0.99999985,2.399558874,,0.310916246,0.934002369,
0.1,3,0.7,100,5,0.6,0.99261207,0.893386911,1.813378504,,0.310921696,0.934000055,
0.2,3,0.9,200,5,0.6,0.140296236,0.997797226,2.213685408,,0.310946433,0.933989553,
0.1,3,0.7,400,1,1,0.001891929,0.99999956,2.444222079,,0.311020767,0.933957989,
0.2,3,0.6,300,3,1,0.018796259,0.999959345,2.315965004,,0.311079454,0.933933063,
0.4,5,0.9,100,5,1,0.009010504,0.999990981,2.55594513,,0.311161041,0.933898404,
0.1,7,0.9,100,1,0.6,0.095318551,0.999005433,2.171671948,,0.311292848,0.933842391,
0.2,6,0.6,300,5,0.8,0.103516132,0.998795422,2.312793793,,0.311326795,0.933827961,
0.2,7,0.9,300,1,0.8,0.000938855,0.999999903,2.423045071,,0.311364436,0.933811959,
0.4,6,0.9,200,3,1,0.001200199,0.999999842,2.676803643,,0.311405116,0.933794663,
0.2,7,0.9,400,1,0.8,0.00091705,0.999999908,2.423056284,,0.311406457,0.933794093,
0.1,5,0.9,100,5,0.6,0.700060401,0.946989371,2.01131285,,0.311411623,0.933791896,
0.2,7,0.9,200,1,0.8,0.000983171,0.999999894,2.423027614,,0.31142034,0.933788189,
0.4,6,0.9,300,3,1,0.001102761,0.999999866,2.676932828,,0.311437564,0.933780865,
0.1,3,0.9,400,1,0.8,0.002027419,0.999999525,2.537947887,,0.311460388,0.933771159,
0.4,6,0.9,100,3,1,0.001446316,0.999999771,2.676638508,,0.311472324,0.933766083,
0.1,4,0.6,400,3,1,0.042653157,0.999796525,2.204281203,,0.311481415,0.933762216,
0.2,7,0.9,100,1,0.8,0.001516922,0.999999745,2.422738912,,0.311506097,0.933751718,
0.2,5,0.6,400,5,1,0.012608079,0.999982376,2.239235485,,0.311540093,0.933737258,
0.4,6,0.9,400,3,1,0.001068405,0.999999875,2.676984908,,0.311573474,0.933723057,
0.3,5,0.6,400,10,0.6,0.167699014,0.996840252,2.174365731,,0.311630839,0.93369865,
0.4,5,0.9,200,5,1,0.001576884,0.999999728,2.561790259,,0.311997315,0.933542618,
0.4,5,0.9,300,5,1,0.001382862,0.999999789,2.56199521,,0.312066642,0.933513081,
0.1,4,0.9,100,5,1,0.548715511,0.967454901,2.067903932,,0.312174894,0.933466946,
0.4,5,0.9,400,5,1,0.0013154,0.999999809,2.561966324,,0.312209163,0.933452337,
0.4,7,0.7,200,5,0.6,0.035087753,0.999859279,2.179004805,,0.31229106,0.93341742,
0.4,3,0.7,100,3,0.8,0.055250164,0.999644254,2.513167897,,0.312374216,0.933381957,
0.2,4,0.9,100,1,0.8,0.003717348,0.999998179,2.38191899,,0.312374812,0.933381703,
0.2,8,0.6,400,5,0.8,0.034785388,0.999864311,2.344266178,,0.312504252,0.933326481,
0.2,6,0.6,400,10,0.6,0.344772302,0.986883942,2.036577696,,0.312581132,0.933293672,
0.2,6,0.6,300,3,1,0.008823605,0.999991067,2.329462922,,0.312624486,0.933275167,
0.2,6,0.9,400,1,1,0.000893961,0.999999912,2.548824416,,0.312668984,0.933256171,
0.2,6,0.9,300,1,1,0.000918955,0.999999907,2.5488154,,0.312676556,0.933252938,
0.2,6,0.9,200,1,1,0.000957628,0.999999899,2.54881704,,0.312713335,0.933237235,
0.4,3,0.6,300,5,1,0.004372748,0.99999782,2.428484344,,0.312736175,0.933227482,
0.3,5,0.6,400,5,0.6,0.023387229,0.999937945,2.247521422,,0.312814892,0.933193864,
0.2,6,0.9,100,1,1,0.001050229,0.999999879,2.548706354,,0.312834128,0.933185647,
0.1,3,0.9,100,5,0.6,0.80495937,0.929886415,2.00672888,,0.312852231,0.933177914,
0.2,8,0.9,400,1,0.8,0.000921729,0.999999907,2.423489036,,0.31294264,0.933139288,
0.2,8,0.9,300,1,0.8,0.000939239,0.999999903,2.423481511,,0.312957649,0.933132874,
0.2,4,0.9,300,1,0.8,0.000990705,0.999999891,2.38318433,,0.312966539,0.933129075,
0.2,8,0.9,100,1,0.8,0.001521186,0.999999744,2.423106762,,0.312976212,0.933124942,
0.2,8,0.9,200,1,0.8,0.000976238,0.999999895,2.423459003,,0.312982585,0.933122218,
0.4,4,0.6,300,1,0.8,0.000728984,0.999999942,2.514360786,,0.3130073,0.933111655,
0.2,4,0.9,400,1,0.8,0.000966139,0.999999897,2.383158342,,0.313010646,0.933110225,
0.2,4,0.9,200,1,0.8,0.001092743,0.999999868,2.383108222,,0.313032417,0.93310092,
0.3,5,0.6,300,3,0.6,0.012742849,0.999981149,2.306525644,,0.313065536,0.933086763,
0.4,4,0.6,200,1,0.8,0.000779036,0.999999934,2.514225804,,0.313071784,0.933084093,
0.4,3,0.6,200,5,0.8,0.053703571,0.99966981,2.547213397,,0.313103798,0.933070407,
0.2,8,0.6,400,10,0.6,0.344711329,0.986887902,2.034174675,,0.313104704,0.933070019,
0.2,7,0.6,400,10,0.6,0.344711329,0.986887902,2.034174675,,0.313125931,0.933060944,
0.1,4,0.7,100,5,0.6,0.966919471,0.898861962,1.822604975,,0.313153636,0.933049098,
0.4,4,0.6,400,1,0.8,0.000709996,0.999999945,2.514372439,,0.313169408,0.933042354,
0.3,6,0.6,300,3,0.6,0.012362422,0.99998229,2.31313704,,0.313173499,0.933040605,
0.4,4,0.6,100,1,0.8,0.003790657,0.999998077,2.512626053,,0.313191205,0.933033033,
0.2,5,0.9,300,1,0.8,0.000930232,0.999999905,2.452998029,,0.313251857,0.933007093,
0.3,3,0.7,100,3,0.8,0.121453251,0.998346422,2.470611798,,0.313270174,0.932999258,
0.2,5,0.9,200,1,0.8,0.000991486,0.999999892,2.452997962,,0.313284884,0.932992966,
0.2,5,0.9,400,1,0.8,0.000911598,0.999999909,2.453024568,,0.313290745,0.932990458,
0.1,4,0.9,100,5,0.6,0.708279845,0.945755101,2.024910532,,0.313318571,0.932978555,
0.2,5,0.9,100,1,0.8,0.001772435,0.999999611,2.452796647,,0.313328627,0.932974252,
0.2,5,0.6,400,10,0.6,0.343899295,0.986960835,2.046706447,,0.313659051,0.932832812,
0.3,7,0.6,300,3,0.6,0.012246833,0.999982616,2.315313805,,0.313754111,0.932792094,
0.3,8,0.6,300,3,0.6,0.012238476,0.999982636,2.315341462,,0.313754111,0.932792094,
0.2,7,0.9,200,1,1,0.000963947,0.999999898,2.553166048,,0.314147399,0.932623499,
0.2,7,0.9,300,1,1,0.000914688,0.999999908,2.55317554,,0.314178301,0.932610243,
0.2,7,0.9,400,1,1,0.000890363,0.999999913,2.553200887,,0.31418882,0.932605731,
0.2,7,0.9,100,1,1,0.00105031,0.999999879,2.553093598,,0.314294526,0.932560374,
0.4,4,0.9,100,3,1,0.00219043,0.999999464,2.731446447,,0.314382137,0.932522771,
0.4,4,0.9,200,3,1,0.001222067,0.999999836,2.731973769,,0.314493877,0.932474796,
0.4,4,0.9,300,3,1,0.00109893,0.999999867,2.732022041,,0.314496999,0.932473455,
0.2,7,0.6,400,5,0.8,0.034771349,0.999864395,2.344263585,,0.314502904,0.93247092,
0.4,4,0.9,400,3,1,0.00108425,0.99999987,2.732089305,,0.31450818,0.932468654,
0.4,3,0.6,400,5,1,0.00139334,0.999999788,2.429275022,,0.3145524,0.932449663,
0.2,4,0.6,400,5,0.8,0.036863339,0.999847246,2.327839145,,0.314655278,0.932405469,
0.1,6,0.6,300,3,0.6,0.296309675,0.990281032,2.054002488,,0.314729885,0.932373411,
0.4,8,0.9,400,1,1,0.000809589,0.999999928,2.627345839,,0.31473423,0.932371544,
0.4,8,0.9,200,1,1,0.000848842,0.999999921,2.627286429,,0.314748326,0.932365486,
0.4,8,0.9,300,1,1,0.000815397,0.999999927,2.627316089,,0.314750008,0.932364763,
0.4,8,0.9,100,1,1,0.000901378,0.99999991,2.627237456,,0.314758673,0.932361039,
0.2,8,0.9,400,1,1,0.000898309,0.999999911,2.553347693,,0.314828368,0.932331082,
0.2,8,0.9,300,1,1,0.000916583,0.999999908,2.553318412,,0.314840027,0.93232607,
0.3,4,0.9,100,3,1,0.007527213,0.999993293,2.546527157,,0.314853798,0.93232015,
0.2,8,0.9,200,1,1,0.000956864,0.9999999,2.553372354,,0.314858593,0.932318089,
0.2,8,0.9,100,1,1,0.001046416,0.99999988,2.553252445,,0.314879905,0.932308926,
0.1,7,0.6,300,3,0.6,0.296268804,0.990283673,2.054421449,,0.314953344,0.932277347,
0.1,8,0.6,300,3,0.6,0.296268466,0.990283693,2.054420913,,0.314953344,0.932277347,
0.3,4,0.9,300,3,1,0.001194236,0.999999843,2.549902888,,0.315081068,0.932222408,
0.4,8,0.7,200,5,0.6,0.035087753,0.999859279,2.179004805,,0.315098966,0.932214708,
0.3,4,0.9,200,3,1,0.001381413,0.999999792,2.549737753,,0.315100858,0.932213894,
0.2,5,0.6,400,5,0.8,0.035570184,0.999858013,2.338678824,,0.315111345,0.932209382,
0.3,4,0.9,400,3,1,0.001153417,0.999999854,2.549939388,,0.315152146,0.932191825,
0.2,3,0.7,400,3,0.8,0.00379416,0.999998277,2.415324837,,0.315279215,0.932137134,
0.2,6,0.6,100,1,0.8,0.063003691,0.999519442,2.407774848,,0.315300289,0.932128062,
0.1,5,0.7,100,5,0.6,0.96533162,0.899184804,1.828990749,,0.315411496,0.932080176,
0.3,3,0.6,100,3,0.8,0.215871692,0.994758527,2.431567541,,0.315459987,0.93205929,
0.3,3,0.7,300,10,0.6,0.200250676,0.995535159,2.157518158,,0.31553953,0.932025024,
0.3,4,0.6,400,10,1,0.033766662,0.999874629,2.166482456,,0.315548938,0.93202097,
0.2,5,0.6,300,3,1,0.008998643,0.999990698,2.338004469,,0.315549785,0.932020605,
0.4,5,0.6,400,1,1,0.000680028,0.999999949,2.490033789,,0.315604433,0.931997058,
0.4,5,0.6,200,1,1,0.000738904,0.99999994,2.489956244,,0.315620958,0.931989936,
0.3,4,0.9,100,3,0.8,0.014136274,0.999976669,2.591510357,,0.315662728,0.931971934,
0.4,5,0.6,300,1,1,0.000699525,0.999999946,2.489984433,,0.315675274,0.931966526,
0.1,3,0.8,300,5,0.6,0.335650374,0.987606622,2.137608409,,0.315843152,0.931894146,
0.1,4,0.6,200,1,1,0.041724954,0.999798385,2.297725453,,0.315851449,0.931890567,
0.3,7,0.6,400,5,0.6,0.02314919,0.999939106,2.217367403,,0.315856188,0.931888524,
0.3,8,0.6,400,5,0.6,0.02314919,0.999939106,2.217367403,,0.315856188,0.931888524,
0.1,4,0.6,300,3,0.6,0.305506926,0.989690595,2.047783875,,0.315889468,0.93187417,
0.3,3,0.6,400,10,0.6,0.18183786,0.996298355,2.165547663,,0.316030354,0.931813388,
0.3,3,0.6,300,10,0.8,0.190317573,0.995981283,2.16848129,,0.31609689,0.931784674,
0.2,6,0.6,400,3,1,0.001508404,0.99999975,2.331630303,,0.31610495,0.931781195,
0.4,5,0.6,100,1,1,0.001301948,0.9999998,2.489696647,,0.316121673,0.931773977,
0.3,6,0.6,400,3,0.6,0.002683164,0.999999194,2.315902278,,0.316267964,0.931710817,
0.4,6,0.6,100,3,1,0.048124081,0.999727214,2.325305647,,0.316347664,0.931676394,
0.4,8,0.9,100,3,1,0.001389311,0.999999788,2.674823584,,0.316373352,0.931665298,
0.4,8,0.9,200,3,1,0.001174008,0.999999849,2.675068134,,0.316423068,0.931643819,
0.4,7,0.9,100,3,1,0.001395394,0.999999787,2.676213184,,0.316430393,0.931640655,
0.3,7,0.6,400,3,0.6,0.002706373,0.999999178,2.318754737,,0.316432529,0.931639731,
0.3,8,0.6,400,3,0.6,0.002707478,0.999999178,2.318832401,,0.316432529,0.931639731,
0.4,8,0.9,300,3,1,0.001114961,0.999999864,2.675228568,,0.316450301,0.931632053,
0.4,8,0.9,400,3,1,0.001076461,0.999999873,2.675196702,,0.316451416,0.931631571,
0.3,3,0.6,100,1,1,0.017858754,0.999959287,2.449221353,,0.316461669,0.931627141,
0.4,7,0.9,200,3,1,0.001182134,0.999999847,2.67643881,,0.316469663,0.931623686,
0.3,5,0.6,400,3,0.6,0.002828225,0.999999099,2.310185059,,0.316474345,0.931621663,
0.4,7,0.9,300,3,1,0.001118757,0.999999863,2.676548617,,0.316484709,0.931617185,
0.4,7,0.9,400,3,1,0.001083257,0.999999871,2.676579358,,0.316523536,0.931600405,
0.4,5,0.9,100,3,1,0.001546183,0.999999737,2.679636324,,0.316544561,0.931591317,
0.1,6,0.7,100,5,0.6,0.965254383,0.899201647,1.829638994,,0.31657574,0.931577841,
0.1,7,0.7,100,5,0.6,0.965249665,0.899202627,1.829640901,,0.31657574,0.931577841,
0.1,8,0.7,100,5,0.6,0.965249665,0.899202627,1.829640901,,0.31657574,0.931577841,
0.1,5,0.6,200,1,1,0.038222603,0.999831229,2.267754956,,0.316779202,0.931489863,
0.4,5,0.9,200,3,1,0.001184222,0.999999846,2.679761441,,0.316809356,0.93147682,
0.4,5,0.9,300,3,1,0.001105491,0.999999866,2.679812269,,0.316810349,0.93147639,
0.3,3,0.6,300,10,1,0.116724671,0.998508273,2.123152094,,0.316830185,0.931467809,
0.4,5,0.9,400,3,1,0.001075314,0.999999873,2.67980908,,0.316873578,0.931449035,
0.1,8,0.6,400,3,0.8,0.078969982,0.999305168,2.233122582,,0.3170081,0.93139082,
0.2,4,0.9,300,1,0.6,0.001054332,0.999999878,2.153794106,,0.317026272,0.931382953,
0.2,4,0.9,400,1,0.6,0.001005899,0.999999889,2.153784346,,0.317095354,0.931353046,
0.2,4,0.9,200,1,0.6,0.001158284,0.999999853,2.153725561,,0.317135906,0.931335487,
0.1,6,0.9,100,5,0.6,0.6997765,0.947031237,2.012042515,,0.317154904,0.93132726,
0.1,7,0.9,100,5,0.6,0.699769111,0.947032406,2.011174389,,0.317154904,0.93132726,
0.1,8,0.9,100,5,0.6,0.699769138,0.947032401,2.011173375,,0.317154904,0.93132726,
0.2,3,0.6,300,3,0.8,0.040139481,0.999815567,2.404197202,,0.317166325,0.931322314,
0.1,3,0.7,400,3,0.8,0.065819443,0.99951312,2.325427974,,0.317310634,0.931259804,
0.4,5,0.6,200,3,1,0.002060108,0.999999518,2.331326379,,0.317344036,0.931245331,
0.4,5,0.6,300,3,1,0.001022933,0.999999885,2.331521502,,0.317540367,0.931160232,
0.4,5,0.6,400,3,1,0.0009519,0.999999901,2.331634148,,0.317603515,0.931132849,
0.4,5,0.6,200,10,1,0.134325617,0.997982878,2.136647278,,0.317752011,0.931068436,
0.4,7,0.6,100,3,1,0.048191051,0.999726047,2.319366879,,0.317793631,0.931050377,
0.4,8,0.6,100,3,1,0.048197979,0.999725894,2.31981436,,0.317793631,0.931050377,
0.1,7,0.6,400,3,0.8,0.078937617,0.999305502,2.233135031,,0.318172687,0.930885797,
0.3,5,0.6,200,3,0.8,0.026867941,0.999910529,2.397058411,,0.318273124,0.930842156,
0.3,4,0.9,300,3,0.8,0.001257145,0.999999827,2.59849518,,0.318291422,0.930834204,
0.4,6,0.7,200,5,0.6,0.035159507,0.999858834,2.183195637,,0.318308012,0.930826993,
0.3,4,0.9,200,3,0.8,0.00149569,0.999999754,2.598358447,,0.318333173,0.930816057,
0.4,4,0.6,400,10,0.8,0.028081328,0.999910666,2.365560347,,0.318333663,0.930815844,
0.3,4,0.9,400,3,0.8,0.001196503,0.999999843,2.59853358,,0.318373507,0.930798524,
0.3,3,0.6,200,1,1,0.000923812,0.999999906,2.45718564,,0.318520584,0.930734572,
0.3,3,0.6,400,1,1,0.000742294,0.999999939,2.457238189,,0.318667938,0.93067047,
0.3,3,0.6,300,1,1,0.000778132,0.999999933,2.457139278,,0.318680479,0.930665013,
0.3,5,0.6,400,10,1,0.032113672,0.999886937,2.216394305,,0.318799704,0.930613124,
0.1,3,0.6,400,5,0.8,0.256785581,0.992768321,2.056828814,,0.318832221,0.930598969,
0.3,3,0.7,100,1,0.8,0.013355176,0.999978249,2.729711095,,0.318920852,0.930560378,
0.3,3,0.6,400,10,0.8,0.085351396,0.999183779,2.212049022,,0.319031137,0.930512345,
0.2,5,0.6,400,3,1,0.001533133,0.999999742,2.340370751,,0.319397725,0.930352561,
0.3,3,0.6,300,5,0.8,0.037911411,0.999837565,2.38594354,,0.319802693,0.930175835,
0.4,5,0.7,200,5,0.6,0.035777427,0.999854378,2.190654883,,0.319873523,0.930144903,
0.4,7,0.7,300,5,0.6,0.006058123,0.999995853,2.185030321,,0.319917514,0.930125688,
0.1,7,0.6,400,3,1,0.037943489,0.999840961,2.233831606,,0.319957301,0.930108306,
0.1,8,0.6,400,3,1,0.037926266,0.999841152,2.234875612,,0.319957301,0.930108306,
0.2,3,0.6,400,3,1,0.003823889,0.999998312,2.319408662,,0.320077827,0.930055641,
0.2,4,0.9,100,1,0.6,0.008850458,0.999991169,2.152428862,,0.320091641,0.930049603,
0.2,3,0.6,400,5,1,0.023276152,0.999938417,2.217007696,,0.32039356,0.929917583,
0.1,3,0.6,200,1,1,0.071993251,0.999408798,2.258573672,,0.320984563,0.929658794,
0.2,3,0.9,100,10,1,0.536561087,0.968880214,2.180737406,,0.321038754,0.929635041,
0.3,6,0.6,400,10,0.8,0.072780284,0.999408827,2.229446443,,0.321484909,0.92943933,
0.3,3,0.6,100,3,1,0.147928595,0.99755149,2.281440147,,0.321645136,0.929368978,
0.3,7,0.6,400,10,0.8,0.072811758,0.999408916,2.235289471,,0.321936331,0.929241031,
0.3,8,0.6,400,10,0.8,0.072811758,0.999408916,2.235289471,,0.321936331,0.929241031,
0.1,3,0.6,400,5,0.6,0.404852885,0.982033873,2.02126492,,0.322005353,0.929210687,
0.1,5,0.6,400,3,0.6,0.172277577,0.99669846,2.123510832,,0.322041607,0.929194746,
0.2,3,0.6,400,10,1,0.134475528,0.998026838,2.128861615,,0.32217445,0.929136319,
0.4,7,0.7,400,5,0.6,0.001814571,0.999999639,2.186644928,,0.322387318,0.929042646,
0.3,6,0.6,200,3,1,0.009300616,0.999989744,2.291321761,,0.322410639,0.92903238,
0.4,3,0.8,200,1,1,0.000846302,0.999999921,2.519464673,,0.322427903,0.929024779,
0.4,3,0.8,400,1,1,0.000763244,0.999999936,2.519592876,,0.322519148,0.928984602,
0.4,3,0.8,300,1,1,0.000792604,0.99999993,2.519531326,,0.322531862,0.928979003,
0.4,3,0.8,100,1,1,0.001134092,0.999999855,2.519359479,,0.322580232,0.9289577,
0.2,6,0.6,200,1,0.8,0.004318003,0.999997519,2.425848593,,0.323142379,0.928709879,
0.3,7,0.6,200,1,1,0.000791194,0.999999931,2.452003213,,0.323242193,0.928665831,
0.3,8,0.6,200,1,1,0.000787995,0.999999932,2.452099654,,0.323242193,0.928665831,
0.4,4,0.6,200,3,1,0.002189175,0.999999459,2.350020553,,0.323269036,0.928653983,
0.3,7,0.6,400,1,1,0.000708755,0.999999945,2.452053862,,0.323357642,0.928614867,
0.3,8,0.6,400,1,1,0.000712789,0.999999944,2.452131497,,0.323357642,0.928614867,
0.3,7,0.6,300,1,1,0.000728653,0.999999942,2.452020365,,0.323439961,0.928578516,
0.3,8,0.6,300,1,1,0.000728565,0.999999942,2.452128636,,0.323439961,0.928578516,
0.2,6,0.6,300,1,0.8,0.000897309,0.999999911,2.4263783,,0.323498138,0.928552821,
0.4,6,0.6,200,10,1,0.133173994,0.998018566,2.152344951,,0.32353259,0.928537602,
0.4,7,0.6,200,10,1,0.132928737,0.998028441,2.152754577,,0.32353259,0.928537602,
0.4,8,0.6,200,10,1,0.132927626,0.998028467,2.15274951,,0.32353259,0.928537602,
0.2,6,0.6,400,1,0.8,0.000806588,0.999999928,2.426563365,,0.323578319,0.9285174,
0.4,4,0.6,400,3,1,0.000956804,0.9999999,2.350532471,,0.323807882,0.928415937,
0.4,4,0.6,300,3,1,0.001040965,0.999999881,2.350401125,,0.323830186,0.928406075,
0.3,7,0.6,100,1,1,0.006061578,0.999995412,2.450787677,,0.323946197,0.928354769,
0.3,8,0.6,100,1,1,0.006061911,0.999995412,2.450845017,,0.323946197,0.928354769,
0.4,3,0.7,400,10,0.6,0.042140454,0.99979639,2.198459982,,0.323959057,0.928349081,
0.2,6,0.6,300,5,1,0.049522173,0.999727572,2.241138982,,0.32409799,0.928287611,
0.2,3,0.6,200,5,0.8,0.27832431,0.991407222,2.195563728,,0.324109619,0.928282465,
0.4,8,0.7,300,5,0.6,0.006058123,0.999995853,2.185030321,,0.324343167,0.928179071,
0.3,5,0.6,200,1,1,0.000792864,0.999999931,2.462318298,,0.324370502,0.928166964,
0.3,5,0.6,100,1,1,0.006177872,0.999995328,2.460405145,,0.32439811,0.928154736,
0.3,4,0.9,100,1,0.8,0.001153727,0.999999852,2.455096425,,0.324492046,0.928113122,
0.3,4,0.9,200,1,0.8,0.001006165,0.999999887,2.455285707,,0.324520396,0.92810056,
0.3,5,0.6,400,1,1,0.00069736,0.999999947,2.462389429,,0.32453519,0.928094004,
0.2,4,0.6,400,10,0.6,0.346673739,0.986746839,2.047359208,,0.324554719,0.92808535,
0.3,4,0.9,400,1,0.8,0.000904958,0.999999909,2.45529742,,0.324575636,0.92807608,
0.3,4,0.9,300,1,0.8,0.000932862,0.999999904,2.455268169,,0.324598664,0.928065874,
0.3,5,0.6,300,1,1,0.000726752,0.999999942,2.4623289,,0.324603659,0.92806366,
0.2,7,0.6,100,1,0.8,0.062842681,0.99952206,2.418465505,,0.324766861,0.927991307,
0.2,8,0.6,100,1,0.8,0.062754701,0.999523373,2.419662635,,0.324766861,0.927991307,
0.3,6,0.6,400,3,1,0.001053751,0.999999878,2.292959003,,0.324896215,0.927933933,
0.4,6,0.7,200,1,0.8,0.000789706,0.999999931,2.544783181,,0.324921331,0.927922791,
0.4,7,0.7,200,1,0.8,0.000781061,0.999999932,2.542992944,,0.324921331,0.927922791,
0.4,8,0.7,200,1,0.8,0.000782145,0.999999932,2.542993063,,0.324921331,0.927922791,
0.3,6,0.6,300,3,1,0.00129234,0.999999817,2.292905396,,0.32499733,0.927889069,
0.4,6,0.7,300,1,0.8,0.000747703,0.999999938,2.544736082,,0.325023942,0.927877259,
0.4,7,0.7,300,1,0.8,0.000732747,0.99999994,2.543030599,,0.325023942,0.927877259,
0.4,8,0.7,300,1,0.8,0.000735189,0.99999994,2.543034175,,0.325023942,0.927877259,
0.4,6,0.7,100,1,0.8,0.000926887,0.999999905,2.544585751,,0.325034146,0.927872731,
0.4,7,0.7,100,1,0.8,0.000908332,0.999999909,2.542698031,,0.325034146,0.927872731,
0.4,8,0.7,100,1,0.8,0.000904813,0.99999991,2.542679077,,0.325034146,0.927872731,
0.4,6,0.7,400,1,0.8,0.000721785,0.999999943,2.544766067,,0.325073452,0.927855285,
0.4,7,0.7,400,1,0.8,0.000713954,0.999999944,2.543044774,,0.325073452,0.927855285,
0.4,8,0.7,400,1,0.8,0.000716717,0.999999943,2.54303774,,0.325073452,0.927855285,
0.2,7,0.6,300,5,1,0.04962085,0.99972618,2.244783515,,0.325249492,0.927777125,
0.2,8,0.6,300,5,1,0.049670261,0.999725573,2.24369351,,0.325249492,0.927777125,
0.3,7,0.6,200,3,1,0.009342468,0.999989638,2.291398472,,0.325291333,0.927758542,
0.3,8,0.6,200,3,1,0.009335049,0.999989642,2.293922818,,0.325291333,0.927758542,
0.1,6,0.6,400,3,1,0.037920084,0.999841171,2.230830028,,0.325414617,0.927703774,
0.1,6,0.6,400,3,0.8,0.07909397,0.999303283,2.233219789,,0.325444145,0.927690653,
0.1,5,0.6,400,3,0.8,0.080387121,0.999279906,2.237834403,,0.325635175,0.927605739,
0.4,6,0.7,300,5,0.6,0.006109951,0.999995787,2.190251203,,0.325895185,0.927490084,
0.4,8,0.7,400,5,0.6,0.001814571,0.999999639,2.186644928,,0.326033729,0.92742842,
0.1,3,0.6,400,3,1,0.067371615,0.999489896,2.15916449,,0.326211178,0.927349402,
0.3,6,0.6,200,1,1,0.00078865,0.999999932,2.46068289,,0.326223078,0.927344102,
0.3,6,0.6,300,1,1,0.000729455,0.999999942,2.460692419,,0.326350367,0.927287392,
0.3,6,0.6,400,1,1,0.000710613,0.999999944,2.460712361,,0.326375523,0.927276181,
0.3,6,0.6,100,1,1,0.006145747,0.99999531,2.459401565,,0.326490102,0.927225111,
0.2,5,0.6,100,1,0.8,0.062980369,0.999524557,2.416393698,,0.326557763,0.927194944,
0.2,6,0.6,400,5,0.8,0.034579892,0.999866062,2.337273972,,0.326622077,0.927166264,
0.1,4,0.6,300,1,0.6,0.04993375,0.99971777,2.265159986,,0.326945582,0.927021915,
0.3,7,0.6,400,10,1,0.032023401,0.999887425,2.225668571,,0.327158609,0.926926784,
0.3,8,0.6,400,10,1,0.032022421,0.999887432,2.225668571,,0.327158609,0.926926784,
0.3,3,0.8,300,10,0.6,0.118820443,0.998416325,2.217348585,,0.327258454,0.926882175,
0.3,7,0.6,400,3,1,0.00104618,0.99999988,2.293275251,,0.327273244,0.926875566,
0.3,8,0.6,400,3,1,0.001049768,0.999999879,2.295759334,,0.327273244,0.926875566,
0.3,7,0.6,300,3,1,0.001288218,0.999999818,2.293113603,,0.327306218,0.92686083,
0.3,8,0.6,300,3,1,0.001290483,0.999999817,2.295668049,,0.327306218,0.92686083,
0.1,3,0.9,200,10,1,0.543703395,0.968042814,2.196470037,,0.327376688,0.926829333,
0.3,5,0.6,300,3,0.8,0.003771502,0.999998282,2.401570606,,0.327389348,0.926823673,
0.4,6,0.6,200,3,1,0.00201211,0.999999538,2.336346431,,0.327561918,0.926746509,
0.2,3,0.7,300,5,0.6,0.131015064,0.998075976,2.233490759,,0.327636594,0.926713105,
0.4,6,0.6,300,3,1,0.001030064,0.999999884,2.336420103,,0.327669028,0.926698595,
0.2,3,0.8,300,10,0.6,0.277751023,0.991490813,2.163587346,,0.327681621,0.92669296,
0.4,6,0.6,400,3,1,0.000948805,0.999999902,2.336408308,,0.327694329,0.926687274,
0.3,5,0.6,400,10,0.8,0.07262732,0.999413225,2.235877508,,0.327820774,0.926630686,
0.3,4,0.6,100,1,0.6,0.034075322,0.999853078,2.371507733,,0.327838234,0.926622871,
0.3,5,0.6,400,3,0.8,0.001177585,0.999999848,2.401858545,,0.328141161,0.926487205,
0.4,6,0.7,400,5,0.6,0.001823336,0.999999636,2.192053595,,0.328449876,0.926348818,
0.4,7,0.6,200,3,1,0.002002144,0.999999543,2.329565785,,0.328531499,0.926312208,
0.4,8,0.6,200,3,1,0.002006571,0.999999541,2.330327919,,0.328531499,0.926312208,
0.1,3,0.6,300,3,0.6,0.350035598,0.986436326,2.022839704,,0.328550606,0.926303636,
0.4,3,0.7,200,5,0.8,0.022472175,0.999942273,2.585683221,,0.32858381,0.92628874,
0.1,3,0.6,300,3,0.8,0.229188054,0.994148598,2.137812408,,0.328614241,0.926275086,
0.4,7,0.6,400,3,1,0.000952549,0.999999901,2.329641497,,0.328835681,0.926175692,
0.4,8,0.6,400,3,1,0.000949425,0.999999901,2.330306626,,0.328835681,0.926175692,
0.4,3,0.7,100,1,1,0.001478146,0.999999733,2.643710473,,0.328933612,0.926131714,
0.4,7,0.6,300,3,1,0.001026685,0.999999884,2.329585171,,0.328935488,0.926130871,
0.4,8,0.6,300,3,1,0.001023702,0.999999885,2.330296374,,0.328935488,0.926130871,
0.3,3,0.7,200,1,0.8,0.000958091,0.999999899,2.733550303,,0.328994428,0.926104397,
0.1,3,0.9,100,3,1,0.420586191,0.98078902,2.307406857,,0.329076777,0.926067399,
0.3,3,0.7,400,1,0.8,0.000783607,0.999999933,2.733737372,,0.329231109,0.925998036,
0.3,3,0.7,300,1,0.8,0.000814444,0.999999927,2.733675416,,0.329309259,0.9259629,
0.3,6,0.6,400,10,1,0.032020158,0.999887545,2.226437859,,0.329351012,0.925944125,
0.4,3,0.7,200,1,1,0.000789923,0.999999931,2.644205281,,0.329367264,0.925936816,
0.1,3,0.7,300,1,0.8,0.020318754,0.999951746,2.465072067,,0.329391732,0.925925811,
0.4,3,0.7,300,1,1,0.000740092,0.99999994,2.644215757,,0.329529605,0.925863788,
0.4,3,0.7,400,1,1,0.000713159,0.999999944,2.644262673,,0.329534438,0.925861614,
0.1,5,0.6,400,3,1,0.038392606,0.999836981,2.230276294,,0.329649032,0.925810042,
0.4,6,0.6,200,10,0.6,0.325837116,0.988041771,2.138397253,,0.329682396,0.925795024,
0.2,3,0.9,200,3,0.6,0.053063333,0.999682756,2.202194703,,0.32976718,0.925756852,
0.4,5,0.7,300,5,0.6,0.006383932,0.999995387,2.198802778,,0.329799319,0.92574238,
0.4,7,0.6,200,10,0.6,0.326165401,0.988019099,2.139954722,,0.329807629,0.925738638,
0.4,8,0.6,200,10,0.6,0.326165401,0.988019099,2.139954722,,0.329807629,0.925738638,
0.4,3,0.6,400,10,1,0.014963301,0.999974606,2.235165856,,0.330109133,0.925602799,
0.2,5,0.6,200,1,0.6,0.015682807,0.999969629,2.331964007,,0.330192298,0.925565309,
0.1,3,0.8,100,1,0.6,0.291142341,0.990708801,2.156397379,,0.330210418,0.925557139,
0.2,4,0.9,100,3,1,0.043200477,0.99979008,2.554248253,,0.330502655,0.925425316,
0.4,3,0.6,100,3,1,0.072426413,0.99940554,2.304450824,,0.330666227,0.925351481,
0.1,8,0.6,400,3,0.6,0.171849743,0.996712193,2.11292381,,0.330947043,0.925224638,
0.1,7,0.6,400,3,0.6,0.171849425,0.996712205,2.112923512,,0.331021677,0.925190908,
0.1,6,0.6,400,3,0.6,0.171901455,0.996710039,2.112405339,,0.331175638,0.925121303,
0.2,3,0.8,200,5,0.6,0.18334586,0.996248913,2.206138707,,0.331420688,0.925010451,
0.1,3,0.6,300,1,0.8,0.040126673,0.999810981,2.328293794,,0.3316607,0.924901798,
0.1,4,0.6,300,1,1,0.007527425,0.999993141,2.306278071,,0.331957292,0.924767422,
0.1,3,0.9,300,5,0.6,0.27466202,0.991660616,2.207685247,,0.332601571,0.924475109,
0.4,5,0.7,400,5,0.6,0.001831731,0.999999632,2.200812945,,0.33286454,0.924355635,
0.1,5,0.6,300,1,1,0.006393301,0.99999506,2.277161351,,0.333069482,0.92426246,
0.4,4,0.6,300,10,1,0.041519061,0.999809902,2.196572668,,0.333113656,0.924242368,
0.4,3,0.6,200,10,0.8,0.231920077,0.993982485,2.248988941,,0.333326253,0.924145639,
0.1,3,0.7,100,1,0.6,0.367643881,0.985178057,2.173828889,,0.333343408,0.924137831,
0.2,8,0.6,200,1,0.6,0.015333408,0.999970598,2.329631486,,0.333489361,0.924071384,
0.2,7,0.6,200,1,0.6,0.015336551,0.999970588,2.3296007,,0.333494059,0.924069245,
0.2,7,0.6,200,1,0.8,0.004308859,0.999997539,2.436204203,,0.333553677,0.924042095,
0.2,8,0.6,200,1,0.8,0.004310276,0.999997538,2.43711678,,0.333553677,0.924042095,
0.1,4,0.6,400,1,0.6,0.016336129,0.999969478,2.27920731,,0.333593326,0.924024035,
0.2,6,0.6,200,1,0.6,0.015296232,0.999970698,2.332658441,,0.333648814,0.923998758,
0.2,7,0.6,300,1,0.8,0.000887849,0.999999913,2.436812698,,0.333668362,0.923989853,
0.2,8,0.6,300,1,0.8,0.00088781,0.999999913,2.437696927,,0.333668362,0.923989853,
0.2,7,0.6,400,1,0.8,0.000793517,0.99999993,2.436941487,,0.333671599,0.923988378,
0.2,8,0.6,400,1,0.8,0.000804177,0.999999928,2.437808196,,0.333671599,0.923988378,
0.1,3,0.8,100,5,1,0.726156609,0.94296216,1.998880954,,0.333673558,0.923987485,
0.1,4,0.6,400,1,1,0.001274603,0.999999819,2.30773387,,0.334146153,0.923772014,
0.4,3,0.9,100,1,0.6,0.002058513,0.999999382,2.38582581,,0.334279855,0.923711,
0.1,5,0.6,400,1,1,0.001148218,0.999999853,2.279323204,,0.334746182,0.923498002,
0.4,3,0.9,200,1,0.6,0.001039136,0.99999988,2.386168626,,0.335055187,0.923356698,
0.4,3,0.9,300,1,0.6,0.000958943,0.999999899,2.386204501,,0.335157181,0.923310029,
0.4,3,0.9,400,1,0.6,0.000901447,0.99999991,2.386208226,,0.335172831,0.923302867,
0.2,4,0.9,200,3,1,0.0020637,0.999999525,2.582109863,,0.335358236,0.923217992,
0.2,4,0.9,300,3,1,0.001377465,0.999999792,2.582593301,,0.335620453,0.923097873,
0.2,4,0.9,400,3,1,0.001290267,0.999999818,2.582683453,,0.335636474,0.92309053,
0.4,3,0.7,200,3,0.8,0.003573989,0.999998466,2.530899284,,0.335692306,0.923064941,
0.3,6,0.9,100,1,0.8,0.000992202,0.999999891,2.446565272,,0.335755649,0.923035904,
0.3,6,0.9,400,1,0.8,0.000864612,0.999999918,2.446722256,,0.335769098,0.923029738,
0.3,6,0.9,300,1,0.8,0.000878166,0.999999915,2.446702661,,0.335770024,0.923029314,
0.3,6,0.9,200,1,0.8,0.000910827,0.999999909,2.446675213,,0.335796067,0.923017373,
0.2,5,0.6,200,1,0.8,0.004435057,0.999997407,2.434333951,,0.335894399,0.922972281,
0.2,6,0.6,400,5,1,0.012137657,0.999983697,2.254069218,,0.33614149,0.922858912,
0.2,5,0.6,400,1,0.8,0.000800877,0.999999929,2.435049667,,0.336356882,0.922760021,
0.2,5,0.6,300,1,0.8,0.00090831,0.999999908,2.434944068,,0.3363759,0.922751286,
0.1,3,0.7,400,5,0.6,0.291278002,0.990641481,2.084839227,,0.336419774,0.922731133,
0.1,6,0.6,200,1,1,0.038021976,0.999833464,2.262703827,,0.336672225,0.922615124,
0.4,3,0.9,300,10,0.6,0.033290437,0.999871293,2.284809865,,0.336716839,0.922594613,
0.1,7,0.6,200,1,1,0.038068004,0.999832931,2.264210126,,0.336752922,0.922578022,
0.1,8,0.6,200,1,1,0.038064618,0.999832958,2.264221809,,0.336752922,0.922578022,
0.2,5,0.6,300,1,0.6,0.002009708,0.999999544,2.337174994,,0.337068883,0.922432671,
0.3,3,0.8,100,5,0.6,0.23997238,0.99366175,2.149344953,,0.337083805,0.922425803,
0.3,5,0.9,100,1,0.8,0.001012605,0.999999886,2.454183528,,0.337187331,0.922378146,
0.2,7,0.6,400,5,1,0.01218787,0.999983546,2.258094886,,0.337263694,0.922342984,
0.2,8,0.6,400,5,1,0.012225587,0.999983431,2.257287921,,0.337263694,0.922342984,
0.4,3,0.6,300,5,0.8,0.011509054,0.99998489,2.559211584,,0.337275135,0.922337715,
0.3,5,0.9,200,1,0.8,0.000936743,0.999999903,2.45424773,,0.337326878,0.922313884,
0.3,5,0.9,400,1,0.8,0.000872758,0.999999916,2.454310844,,0.337330058,0.922312419,
0.3,5,0.9,300,1,0.8,0.000893668,0.999999912,2.454263205,,0.337351161,0.922302699,
0.2,5,0.6,400,1,0.6,0.000933415,0.999999904,2.337657357,,0.337410433,0.922275394,
0.4,3,0.7,300,3,0.8,0.001166648,0.999999851,2.531561894,,0.337482246,0.922242306,
0.4,3,0.7,400,3,0.8,0.001028249,0.999999884,2.53174494,,0.337521139,0.922224382,
0.1,3,0.7,300,3,0.6,0.247054119,0.993234458,2.114017471,,0.337605816,0.922185353,
0.3,4,0.6,200,1,0.6,0.002458578,0.999999249,2.382129616,,0.337616603,0.92218038,
0.4,3,0.8,200,10,0.6,0.137165543,0.997893644,2.172262812,,0.338128755,0.921944102,
0.1,3,0.7,400,1,0.8,0.004974599,0.999996927,2.472746999,,0.338193489,0.921914212,
0.3,4,0.6,400,1,0.6,0.000802986,0.999999929,2.382642172,,0.338359398,0.921837579,
0.3,4,0.6,300,1,0.6,0.000875091,0.999999916,2.382479897,,0.338368204,0.921833511,
0.3,4,0.6,100,1,0.8,0.016519181,0.999965133,2.445122709,,0.339390177,0.921360625,
0.01,4,0.7,400,1,1,0.676087599,0.950639894,2.080451034,,0.339678112,0.921227135,
0.2,8,0.6,300,1,0.6,0.001939165,0.999999575,2.335402297,,0.339700655,0.921216679,
0.2,7,0.6,300,1,0.6,0.001939841,0.999999575,2.335370081,,0.339707966,0.921213288,
0.2,8,0.6,400,1,0.6,0.000910118,0.999999909,2.335886015,,0.339730945,0.921202629,
0.2,7,0.6,400,1,0.6,0.000914956,0.999999908,2.335857524,,0.339740024,0.921198417,
0.1,4,0.6,400,3,0.6,0.179410263,0.996423459,2.098941209,,0.339793863,0.92117344,
0.3,3,0.6,400,5,0.8,0.00961241,0.999989402,2.395787747,,0.339985469,0.921084516,
0.2,6,0.6,300,1,0.6,0.001940713,0.999999575,2.33784224,,0.340000935,0.921077336,
0.2,6,0.6,400,1,0.6,0.000925749,0.999999906,2.33824502,,0.340218779,0.92097617,
0.1,3,0.9,200,3,0.6,0.274197199,0.991721075,2.253277033,,0.340376747,0.920902769,
0.3,5,0.6,100,1,0.8,0.014416418,0.999972277,2.439351038,,0.34060223,0.920797938,
0.3,3,0.9,100,3,0.6,0.083493453,0.999213533,2.3071878,,0.340624742,0.920787468,
0.2,3,0.6,400,3,0.8,0.010228973,0.999987859,2.413452116,,0.340731689,0.920737719,
0.4,4,0.7,200,1,0.8,0.000775301,0.999999933,2.580592716,,0.340838695,0.920687927,
0.4,4,0.7,100,1,0.8,0.000967196,0.999999896,2.580399388,,0.340839832,0.920687397,
0.3,4,0.6,200,1,0.8,0.000954929,0.999999899,2.451539305,,0.340899528,0.920659613,
0.01,5,0.7,400,1,1,0.671808049,0.951254366,2.072948821,,0.340945228,0.920638339,
0.3,4,0.6,300,1,0.8,0.000782794,0.999999932,2.451713544,,0.340981397,0.9206215,
0.4,3,0.7,300,5,0.8,0.003368329,0.999998695,2.593739929,,0.341013566,0.920606522,
0.4,4,0.7,400,1,0.8,0.000715825,0.999999943,2.580693154,,0.341043722,0.92059248,
0.4,4,0.7,300,1,0.8,0.000736164,0.99999994,2.58063397,,0.341056406,0.920586573,
0.3,4,0.6,400,1,0.8,0.000750622,0.999999938,2.451778029,,0.3411314,0.920551645,
0.01,6,0.7,400,1,1,0.671475604,0.951303112,2.074874647,,0.341433915,0.920410673,
0.01,7,0.7,400,1,1,0.671575849,0.951287225,2.074865468,,0.341645475,0.920312012,
0.01,8,0.7,400,1,1,0.67157191,0.951287787,2.074865468,,0.341645475,0.920312012,
0.3,3,0.9,200,5,0.6,0.046670491,0.999752433,2.274601258,,0.341687306,0.920292497,
0.3,5,0.6,200,1,0.8,0.000878567,0.999999915,2.443642047,,0.342115515,0.92009259,
0.3,5,0.6,400,1,0.8,0.000751316,0.999999938,2.443804064,,0.342118386,0.920091249,
0.3,5,0.6,300,1,0.8,0.000779629,0.999999933,2.443756432,,0.342137225,0.920082448,
0.4,3,0.7,400,5,0.8,0.001410106,0.999999782,2.595264973,,0.342638632,0.919848036,
0.01,4,0.8,400,1,1,0.547506292,0.967635215,2.218239866,,0.343443827,0.919470882,
0.3,4,0.6,200,3,0.6,0.060386764,0.999572604,2.26454351,,0.343453173,0.919466499,
0.3,3,0.6,400,10,1,0.043478437,0.999789711,2.158403823,,0.343899731,0.919256943,
0.4,3,0.6,400,5,0.8,0.002229752,0.999999447,2.561698137,,0.344065343,0.919179158,
0.3,8,0.9,400,1,0.8,0.000870341,0.999999917,2.448873671,,0.344200434,0.919115679,
0.3,8,0.9,300,1,0.8,0.000882582,0.999999914,2.448851274,,0.344215914,0.919108404,
0.3,8,0.9,100,1,0.8,0.000983497,0.999999893,2.448786849,,0.344221432,0.91910581,
0.3,8,0.9,200,1,0.8,0.000906778,0.999999909,2.448828326,,0.344237143,0.919098426,
0.01,5,0.8,400,1,1,0.540334175,0.968475055,2.210359387,,0.344447461,0.918999539,
0.3,7,0.9,400,1,0.8,0.00086308,0.999999918,2.450871723,,0.344570083,0.918941857,
0.3,7,0.9,100,1,0.8,0.000978756,0.999999894,2.450736085,,0.344586457,0.918934153,
0.3,7,0.9,300,1,0.8,0.000875961,0.999999915,2.450852932,,0.344591331,0.91893186,
0.3,7,0.9,200,1,0.8,0.000904148,0.99999991,2.450821886,,0.344675898,0.918892065,
0.01,6,0.8,400,1,1,0.539900575,0.96852529,2.210061349,,0.344760155,0.918852406,
0.4,3,0.6,200,3,1,0.003944174,0.999998203,2.329943991,,0.344948004,0.918763952,
0.3,3,0.7,100,1,0.6,0.022280568,0.999942616,2.389946626,,0.344974643,0.918751404,
0.4,4,0.6,100,3,0.6,0.14214564,0.997649238,2.22557563,,0.345090091,0.918697015,
0.4,3,0.6,300,10,0.8,0.09876067,0.998901306,2.293613128,,0.345412902,0.918544835,
0.01,7,0.8,400,1,1,0.539905302,0.968524605,2.2091273,,0.34547653,0.918514823,
0.01,8,0.8,400,1,1,0.539905302,0.968524605,2.2091273,,0.34547653,0.918514823,
0.2,3,0.6,100,1,1,0.074966244,0.999333216,2.416000216,,0.345733667,0.91839348,
0.4,3,0.6,400,3,1,0.000998766,0.99999989,2.330898887,,0.34584332,0.918341707,
0.4,3,0.6,300,3,1,0.001129383,0.99999986,2.330891496,,0.345885531,0.918321773,
0.4,4,0.6,200,10,0.6,0.329763252,0.987745523,2.164502523,,0.346082592,0.918228677,
0.4,5,0.6,200,10,0.6,0.32726143,0.987944647,2.140130072,,0.346322419,0.918115307,
0.4,4,0.6,400,10,1,0.009642356,0.999989651,2.208885982,,0.346433668,0.918062691,
0.01,5,0.7,400,1,0.8,0.756108855,0.938201542,2.019811802,,0.346791704,0.91789324,
0.1,3,0.8,200,3,0.6,0.326559141,0.98830115,2.189838096,,0.347030679,0.917780041,
0.4,5,0.6,300,10,1,0.039989424,0.999822108,2.173526845,,0.347446687,0.917582798,
0.3,3,0.7,400,10,0.6,0.103947512,0.998776325,2.185282791,,0.347794489,0.917417713,
0.2,3,0.9,300,5,0.6,0.053459755,0.999670725,2.212447278,,0.347885381,0.917374543,
0.4,7,0.6,300,10,0.6,0.167331345,0.996833232,2.176501757,,0.347948272,0.917344667,
0.4,8,0.6,300,10,0.6,0.167331345,0.996833232,2.176501757,,0.347948272,0.917344667,
0.1,3,0.6,300,1,1,0.019265535,0.99995536,2.283287072,,0.349044533,0.916823011,
0.1,3,0.6,400,1,0.8,0.010972452,0.999985506,2.337098428,,0.349171234,0.916762614,
0.4,6,0.6,300,10,0.6,0.167413188,0.996830045,2.178506626,,0.349455177,0.916627184,
0.4,5,0.6,100,3,0.6,0.136889702,0.997800533,2.244914884,,0.350425565,0.916163512,
0.4,6,0.6,400,10,0.6,0.079410893,0.999284835,2.199691019,,0.350596187,0.916081852,
0.01,4,0.7,400,1,0.8,0.761111061,0.937388533,2.023359227,,0.350669764,0.916046626,
0.1,3,0.6,200,1,0.6,0.203000354,0.995371901,2.252846486,,0.351047439,0.915865691,
0.2,4,0.6,100,1,0.6,0.110415979,0.998593332,2.293596106,,0.351055549,0.915861803,
0.1,7,0.6,300,1,1,0.006284502,0.999995311,2.274299099,,0.351189969,0.915797358,
0.1,8,0.6,300,1,1,0.006293702,0.99999529,2.274601645,,0.351189969,0.915797358,
0.1,6,0.6,300,1,1,0.006290469,0.99999527,2.273537813,,0.351429891,0.915682269,
0.4,4,0.6,100,5,0.6,0.312147403,0.989089444,2.229830621,,0.351897251,0.915457855,
0.2,3,0.9,300,10,0.6,0.2164148,0.994806831,2.208433017,,0.352194857,0.915314797,
0.1,7,0.6,400,1,1,0.001124574,0.999999861,2.27640204,,0.352255316,0.915285719,
0.1,8,0.6,400,1,1,0.001122366,0.999999861,2.276631123,,0.352255316,0.915285719,
0.2,3,0.9,300,3,0.6,0.013966365,0.999977305,2.203912598,,0.352430006,0.915201676,
0.1,6,0.6,400,1,1,0.001133094,0.999999858,2.275618358,,0.352515727,0.91516042,
0.4,6,0.6,300,10,1,0.03943815,0.99982698,2.190283499,,0.35252668,0.915155148,
0.4,7,0.6,300,10,1,0.039421,0.999827639,2.193302057,,0.35252668,0.915155148,
0.4,8,0.6,300,10,1,0.039420705,0.999827642,2.193293713,,0.35252668,0.915155148,
0.4,7,0.6,200,5,0.6,0.087791383,0.999100756,2.305429122,,0.35253706,0.915150152,
0.4,8,0.6,200,5,0.6,0.087791383,0.999100756,2.305429122,,0.35253706,0.915150152,
0.4,3,0.9,400,10,0.6,0.010849753,0.999985731,2.285395465,,0.352690839,0.915076111,
0.2,4,0.6,100,1,1,0.040376679,0.999805515,2.452426447,,0.353048511,0.914903777,
0.3,3,0.9,300,10,0.6,0.084094486,0.999199927,2.245359927,,0.353126657,0.914866102,
0.2,5,0.9,300,1,0.6,0.000986518,0.999999893,2.134019943,,0.35322532,0.914818522,
0.3,3,0.8,400,10,0.6,0.054144077,0.999664803,2.237913096,,0.35330725,0.914779002,
0.2,5,0.9,400,1,0.6,0.000955158,0.999999899,2.133990811,,0.35334936,0.914758687,
0.2,5,0.9,200,1,0.6,0.001047245,0.999999879,2.134087028,,0.353374617,0.9147465,
0.4,5,0.6,100,3,0.8,0.089261821,0.999050957,2.417898907,,0.353433434,0.914718118,
0.4,6,0.6,200,5,0.6,0.08800206,0.999096544,2.303282237,,0.353858092,0.914513059,
0.01,7,0.7,400,1,0.8,0.755650104,0.938276175,2.019882607,,0.354040569,0.914424869,
0.2,3,0.6,300,5,0.8,0.127437864,0.998171539,2.253517516,,0.354041202,0.914424563,
0.01,8,0.7,400,1,0.8,0.755646055,0.938276845,2.019909995,,0.354085005,0.914403386,
0.01,6,0.7,400,1,0.8,0.755732905,0.938262806,2.019695463,,0.354205514,0.914345112,
0.2,5,0.9,100,1,0.6,0.005551721,0.999996539,2.133343356,,0.354744365,0.914084301,
0.2,4,0.6,100,1,0.8,0.068111087,0.999452702,2.414054587,,0.35495571,0.913981899,
0.4,7,0.6,400,10,0.6,0.079173848,0.999288687,2.197849258,,0.355617481,0.91366086,
0.4,8,0.6,400,10,0.6,0.079173848,0.999288687,2.197849258,,0.355617481,0.91366086,
0.3,3,0.7,200,3,0.8,0.016398108,0.999968271,2.51127785,,0.355768676,0.913587429,
0.2,3,0.6,200,5,0.6,0.395119271,0.982679126,2.107857102,,0.357036799,0.912970302,
0.4,6,0.6,100,3,0.6,0.135232987,0.997849307,2.242520935,,0.358209018,0.912397895,
0.4,7,0.6,100,3,0.6,0.135167028,0.997851488,2.239222116,,0.358209018,0.912397895,
0.4,8,0.6,100,3,0.6,0.135170117,0.997851412,2.239134974,,0.358209018,0.912397895,
0.1,3,0.6,400,1,1,0.00450353,0.999997531,2.28948439,,0.358930421,0.912044693,
0.4,3,0.7,100,5,0.6,0.212176853,0.995054617,2.070548054,,0.358998145,0.912011498,
0.3,6,0.6,100,1,0.8,0.014598618,0.999972064,2.450932906,,0.359172926,0.911925801,
0.3,7,0.6,100,1,0.8,0.014545335,0.99997224,2.449650993,,0.359172926,0.911925801,
0.3,8,0.6,100,1,0.8,0.014543513,0.999972248,2.449635704,,0.359172926,0.911925801,
0.4,5,0.6,400,10,1,0.009073367,0.999990836,2.184297593,,0.359303011,0.911861993,
0.3,3,0.6,200,3,1,0.017390105,0.999965016,2.307523326,,0.359661283,0.911686135,
0.2,4,0.6,200,1,1,0.001714677,0.999999656,2.462456825,,0.359710873,0.91166178,
0.2,7,0.6,100,1,1,0.036957089,0.999835779,2.453684653,,0.359849063,0.911593893,
0.2,8,0.6,100,1,1,0.036944837,0.999835883,2.45378464,,0.359849063,0.911593893,
0.2,4,0.6,400,1,1,0.000784016,0.999999932,2.462541795,,0.359938912,0.91154974,
0.2,4,0.6,300,1,1,0.000844686,0.999999921,2.462449918,,0.360024606,0.911507619,
0.2,3,0.9,400,3,0.6,0.003839761,0.999998244,2.206005153,,0.360291957,0.911376142,
0.2,3,0.8,100,1,0.6,0.05538655,0.999656096,2.206700219,,0.360307543,0.911368475,
0.3,6,0.6,200,1,0.8,0.000877361,0.999999915,2.454568883,,0.360569547,0.911239528,
0.3,7,0.6,200,1,0.8,0.000887782,0.999999913,2.45370108,,0.360569547,0.911239528,
0.3,8,0.6,200,1,0.8,0.000887222,0.999999913,2.453540237,,0.360569547,0.911239528,
0.3,6,0.6,300,1,0.8,0.000770661,0.999999934,2.454698478,,0.360649759,0.911200032,
0.3,7,0.6,300,1,0.8,0.000774301,0.999999934,2.45378605,,0.360649759,0.911200032,
0.3,8,0.6,300,1,0.8,0.000773317,0.999999934,2.453643357,,0.360649759,0.911200032,
0.3,4,0.6,300,3,0.6,0.014091732,0.999977083,2.280217754,,0.360739102,0.911156031,
0.3,6,0.6,400,1,0.8,0.000744954,0.999999939,2.45480843,,0.360739369,0.911155899,
0.3,7,0.6,400,1,0.8,0.000741577,0.999999939,2.453896643,,0.360739369,0.911155899,
0.3,8,0.6,400,1,0.8,0.000740684,0.999999939,2.453767509,,0.360739369,0.911155899,
0.4,3,0.8,300,10,0.6,0.0513882,0.999695904,2.192779148,,0.360781475,0.911135158,
0.2,3,0.7,400,5,0.6,0.06182816,0.999562985,2.256660679,,0.360979855,0.911037404,
0.2,5,0.6,100,1,1,0.037215089,0.999833118,2.45945952,,0.361076985,0.910989523,
0.2,6,0.6,100,1,1,0.037069387,0.999834601,2.456884633,,0.361456367,0.910802379,
0.4,4,0.6,300,10,0.6,0.170014152,0.996729737,2.193594171,,0.361622439,0.910720396,
0.3,3,0.7,200,5,0.6,0.118036708,0.998435202,2.19153703,,0.361640956,0.910711252,
0.3,3,0.7,200,1,0.6,0.001847291,0.999999595,2.396589034,,0.361804281,0.910630584,
0.01,4,0.8,400,1,0.8,0.632712914,0.956754751,2.165836536,,0.361821416,0.910622119,
0.01,6,0.6,400,1,1,0.807046361,0.929610927,1.986492925,,0.363005311,0.910036266,
0.01,6,0.8,400,1,0.8,0.623214502,0.958034315,2.160311528,,0.363008525,0.910034673,
0.01,7,0.6,400,1,1,0.807034955,0.929613129,1.986524098,,0.363070238,0.910004082,
0.01,8,0.6,400,1,1,0.807034749,0.929613163,1.986524098,,0.363070238,0.910004082,
0.4,4,0.6,100,3,0.8,0.095148797,0.998921723,2.400310094,,0.363304078,0.909888118,
0.01,4,0.6,400,1,1,0.810418874,0.929028089,1.992142998,,0.363965828,0.909559545,
0.3,3,0.9,300,5,0.6,0.011539934,0.999984154,2.273293837,,0.363997334,0.909543887,
0.3,3,0.7,300,1,0.6,0.000935607,0.999999904,2.396763877,,0.363998596,0.90954326,
0.01,7,0.8,400,1,0.8,0.623247277,0.958031007,2.160852753,,0.364030966,0.909527171,
0.01,8,0.8,400,1,0.8,0.623244353,0.958031428,2.160852902,,0.364030966,0.909527171,
0.3,3,0.7,400,1,0.6,0.000847173,0.999999921,2.396947445,,0.364053604,0.909515918,
0.01,5,0.6,400,1,1,0.807470932,0.92953555,1.985571646,,0.364185445,0.909450369,
0.4,5,0.6,300,10,0.6,0.167416172,0.996822984,2.176970034,,0.364330322,0.909378311,
0.4,5,0.6,200,5,0.6,0.088993934,0.999077501,2.316036789,,0.364583491,0.909252324,
0.4,6,0.6,100,3,0.8,0.087409907,0.999085878,2.409194812,,0.364645295,0.909221554,
0.2,3,0.7,100,1,0.6,0.091424164,0.999073379,2.258330751,,0.364686246,0.909201164,
0.3,4,0.6,400,3,0.6,0.003326442,0.999998722,2.284481968,,0.364767378,0.909160759,
0.4,7,0.6,100,3,0.8,0.08753912,0.999082501,2.434540343,,0.364772248,0.909158333,
0.4,8,0.6,100,3,0.8,0.08753912,0.999082501,2.434540343,,0.364772248,0.909158333,
0.3,3,0.7,300,3,0.8,0.002295397,0.999999392,2.517421264,,0.364833669,0.909127739,
0.4,6,0.6,400,10,1,0.008839076,0.999991361,2.202122911,,0.364938051,0.909075733,
0.4,7,0.6,400,10,1,0.008875018,0.999991284,2.205928795,,0.364938051,0.909075733,
0.4,8,0.6,400,10,1,0.008870103,0.999991294,2.205873958,,0.364938051,0.909075733,
0.01,5,0.8,400,1,0.8,0.623611137,0.957982891,2.161689498,,0.365302504,0.908894035,
0.3,3,0.7,400,3,0.8,0.001187451,0.999999846,2.518264703,,0.365481894,0.908804534,
0.4,3,0.6,400,10,0.8,0.034089661,0.999867504,2.324854575,,0.365960395,0.908565585,
0.01,3,0.7,400,1,1,0.776671751,0.934796701,2.064463653,,0.36602497,0.908533314,
0.2,7,0.6,400,1,1,0.000775902,0.999999934,2.461598585,,0.366166333,0.90846265,
0.2,8,0.6,400,1,1,0.000779775,0.999999933,2.4614343,,0.366166333,0.90846265,
0.2,7,0.6,300,1,1,0.000821289,0.999999926,2.461515787,,0.366168282,0.908461675,
0.2,8,0.6,300,1,1,0.000829614,0.999999924,2.461385405,,0.366168282,0.908461675,
0.2,6,0.9,400,1,0.6,0.000914526,0.999999908,2.154277208,,0.36620888,0.908441376,
0.2,7,0.6,200,1,1,0.001475876,0.999999747,2.461496542,,0.366230352,0.908430639,
0.2,8,0.6,200,1,1,0.001486507,0.999999744,2.461355622,,0.366230352,0.908430639,
0.2,6,0.9,300,1,0.6,0.000939828,0.999999902,2.154322924,,0.366243703,0.908423962,
0.2,6,0.9,200,1,0.6,0.000983648,0.999999893,2.154388579,,0.366278901,0.90840636,
0.4,4,0.6,400,10,0.6,0.081102583,0.999257062,2.216993294,,0.366504393,0.908293549,
0.4,3,0.7,100,3,0.6,0.08448796,0.999209775,2.146690018,,0.366781257,0.908154944,
0.2,4,0.6,200,1,0.8,0.005055934,0.999996683,2.433117933,,0.366873134,0.908108925,
0.2,4,0.6,400,1,0.8,0.000819836,0.999999926,2.433686889,,0.367242043,0.90792403,
0.2,6,0.9,100,1,0.6,0.005232237,0.999996938,2.153442638,,0.367328713,0.907880564,
0.4,5,0.6,400,10,0.6,0.078876682,0.999291595,2.19861356,,0.367349374,0.907870201,
0.2,4,0.6,300,1,0.8,0.000953294,0.9999999,2.433546235,,0.367389096,0.907850276,
0.2,6,0.6,200,1,1,0.001505988,0.999999736,2.464936151,,0.367989554,0.907548812,
0.01,3,0.8,400,1,0.8,0.782167974,0.933740192,2.144940414,,0.368006698,0.907540198,
0.2,6,0.6,400,1,1,0.000766296,0.999999935,2.465028952,,0.368155998,0.907465161,
0.2,6,0.6,300,1,1,0.000812643,0.999999927,2.464987523,,0.368245124,0.907420352,
0.01,4,0.9,400,1,1,0.447015633,0.978435508,2.349572338,,0.368564997,0.907259445,
0.2,5,0.6,200,1,1,0.001505829,0.999999737,2.469778283,,0.368572861,0.907255487,
0.2,5,0.6,400,1,1,0.000766608,0.999999935,2.46984263,,0.368617651,0.907232945,
0.2,5,0.6,300,1,1,0.000813989,0.999999927,2.469730689,,0.36869758,0.907192711,
0.4,7,0.6,300,5,0.6,0.023255655,0.999938767,2.320445328,,0.368700521,0.90719123,
0.4,8,0.6,300,5,0.6,0.023255655,0.999938767,2.320445328,,0.368700521,0.90719123,
0.2,7,0.9,300,1,0.6,0.000940511,0.999999902,2.152468549,,0.368791695,0.907145324,
0.2,8,0.9,300,1,0.6,0.000943255,0.999999902,2.152678298,,0.368791695,0.907145324,
0.2,7,0.9,400,1,0.6,0.000913049,0.999999908,2.152454706,,0.368804345,0.907138954,
0.2,8,0.9,400,1,0.6,0.000914745,0.999999908,2.152660432,,0.368804345,0.907138954,
0.2,7,0.9,200,1,0.6,0.000980051,0.999999894,2.15251747,,0.368917248,0.907082089,
0.2,8,0.9,200,1,0.6,0.000977832,0.999999894,2.152723642,,0.368917248,0.907082089,
0.2,3,0.6,200,1,1,0.005042702,0.999996764,2.439042805,,0.369756902,0.906658646,
0.2,7,0.9,100,1,0.6,0.005224134,0.999996949,2.151605638,,0.370056052,0.906507551,
0.2,8,0.9,100,1,0.6,0.005214523,0.99999696,2.151855709,,0.370056052,0.906507551,
0.1,3,0.9,200,1,0.6,0.059542894,0.999606516,2.270192369,,0.370138372,0.906465951,
0.01,3,0.7,400,1,0.8,0.859931427,0.920019015,2.031252049,,0.370393037,0.906337199,
0.3,3,0.9,400,5,0.6,0.003147554,0.999998794,2.274346657,,0.370657505,0.906203397,
0.2,3,0.6,300,1,1,0.00100405,0.999999889,2.439644153,,0.371198124,0.905929585,
0.2,3,0.6,400,1,1,0.000820065,0.999999926,2.439680311,,0.371210033,0.905923549,
0.4,6,0.6,300,5,0.6,0.023376983,0.999938123,2.318413525,,0.371222795,0.90591708,
0.2,3,0.6,400,5,0.8,0.049416756,0.999719747,2.293346092,,0.371652991,0.905698896,
0.01,5,0.9,400,1,1,0.436549224,0.979428921,2.355348923,,0.371723275,0.905663225,
0.01,6,0.9,400,1,1,0.436362985,0.979446429,2.353716232,,0.371964475,0.905540761,
0.01,7,0.9,400,1,1,0.436458915,0.979437515,2.353770472,,0.371999856,0.90552279,
0.01,8,0.9,400,1,1,0.436458915,0.979437515,2.353770472,,0.371999856,0.90552279,
0.1,3,0.9,100,5,1,0.640720556,0.955619943,2.06716071,,0.372287838,0.905376455,
0.2,3,0.8,400,10,0.6,0.159096646,0.997168904,2.1994546,,0.372957851,0.905035558,
0.3,3,0.6,300,3,1,0.002414638,0.999999327,2.30818577,,0.373125521,0.904950152,
0.1,3,0.6,400,3,0.8,0.113002088,0.998556476,2.189517671,,0.373251969,0.904885719,
0.2,3,0.9,400,5,0.6,0.019874874,0.999952815,2.214809097,,0.373324813,0.90484859,
0.4,3,0.8,100,1,0.6,0.003632098,0.999998223,2.349866417,,0.373426547,0.904796724,
0.4,5,0.6,200,3,0.8,0.006794009,0.999994047,2.440578281,,0.373688613,0.904663053,
0.3,3,0.6,400,3,1,0.001104602,0.999999866,2.308304912,,0.374074818,0.90446589,
0.4,5,0.6,300,5,0.6,0.023804367,0.999935634,2.331645845,,0.37444932,0.904274508,
0.4,4,0.6,200,3,0.6,0.02360432,0.999932048,2.26351846,,0.374727248,0.904132354,
0.4,3,0.8,200,1,0.6,0.001005375,0.999999889,2.349931029,,0.374834998,0.904077215,
0.4,3,0.8,400,1,0.6,0.000824783,0.999999925,2.350034823,,0.375063943,0.903960001,
0.4,5,0.6,300,3,0.8,0.001174685,0.999999849,2.441092084,,0.375117574,0.903932534,
0.4,5,0.6,400,3,0.8,0.001014939,0.999999887,2.4412163,,0.375153582,0.90391409,
0.1,3,0.8,400,5,0.6,0.204433611,0.995351483,2.176632183,,0.37520254,0.903889009,
0.4,3,0.8,300,1,0.6,0.000855855,0.99999992,2.350031291,,0.375271959,0.903853442,
0.1,3,0.6,400,3,0.6,0.214059358,0.994881394,2.065383265,,0.375928229,0.903516868,
0.4,7,0.6,400,5,0.6,0.006123029,0.999995723,2.326055205,,0.376015935,0.903471843,
0.4,8,0.6,400,5,0.6,0.006123029,0.999995723,2.326055205,,0.376015935,0.903471843,
0.4,3,0.9,100,5,0.6,0.101405902,0.9988481,2.221149966,,0.376274007,0.903339297,
0.2,3,0.8,300,5,0.6,0.077773767,0.999311031,2.220807614,,0.377024973,0.902953081,
0.3,3,0.6,200,3,0.8,0.038269013,0.999830066,2.478543996,,0.377210014,0.902857798,
0.4,6,0.6,400,5,0.6,0.006069063,0.9999958,2.324622734,,0.377397989,0.902760957,
0.3,3,0.6,200,5,0.6,0.201429798,0.995421755,2.237810181,,0.378025524,0.902437311,
0.3,3,0.9,200,3,0.6,0.011557091,0.999983601,2.318285984,,0.378171476,0.90236196,
0.4,5,0.6,200,3,0.6,0.021096952,0.999944304,2.28222351,,0.378642453,0.902118611,
0.4,5,0.6,400,5,0.6,0.006238774,0.999995563,2.337839736,,0.381552158,0.900608478,
0.4,6,0.6,200,3,0.8,0.006686469,0.999994196,2.426441212,,0.382211173,0.900264844,
0.4,7,0.6,200,3,0.8,0.006728431,0.999994079,2.44922242,,0.382343936,0.900195545,
0.4,8,0.6,200,3,0.8,0.00673445,0.999994072,2.449144129,,0.382343936,0.900195545,
0.4,3,0.8,400,10,0.6,0.019633993,0.999953731,2.203206951,,0.382408169,0.900162008,
0.4,4,0.6,300,3,0.6,0.003450124,0.999998662,2.268319525,,0.382750854,0.899982994,
0.3,3,0.9,400,10,0.6,0.035194168,0.999857086,2.250549227,,0.382848827,0.899931784,
0.1,3,0.7,400,3,0.6,0.137340316,0.997883148,2.157150432,,0.382910609,0.899899485,
0.4,6,0.6,300,3,0.8,0.001125664,0.999999861,2.427097455,,0.383415485,0.899635341,
0.4,6,0.6,400,3,0.8,0.001004434,0.999999889,2.427239519,,0.383609378,0.899533807,
0.3,3,0.8,100,3,0.6,0.107572346,0.998708421,2.143151909,,0.383618345,0.89952911,
0.4,7,0.6,300,3,0.8,0.001141405,0.999999857,2.449509122,,0.383660925,0.899506805,
0.4,8,0.6,300,3,0.8,0.001150038,0.999999855,2.449422516,,0.383660925,0.899506805,
0.4,4,0.6,400,3,0.6,0.001249311,0.999999829,2.268936876,,0.38368341,0.899495026,
0.4,7,0.6,400,3,0.8,0.001012995,0.999999887,2.449632209,,0.383720265,0.899475716,
0.4,8,0.6,400,3,0.8,0.001023185,0.999999885,2.449559819,,0.383720265,0.899475716,
0.4,6,0.6,200,3,0.6,0.020770253,0.999945954,2.279566849,,0.383853846,0.899405715,
0.4,7,0.6,200,3,0.6,0.020752741,0.999946057,2.276654056,,0.383853846,0.899405715,
0.4,8,0.6,200,3,0.6,0.020714903,0.999946185,2.276182583,,0.383853846,0.899405715,
0.4,4,0.6,200,3,0.8,0.007518791,0.999992941,2.42940973,,0.383922763,0.89936959,
0.1,3,0.9,400,5,0.6,0.158091164,0.997199748,2.220293909,,0.385341593,0.898624434,
0.4,5,0.6,300,3,0.6,0.002905056,0.999999043,2.288923132,,0.38577311,0.89839726,
0.4,4,0.6,400,3,0.8,0.001032596,0.999999883,2.431030295,,0.386210998,0.898166472,
0.4,4,0.6,300,3,0.8,0.001208692,0.99999984,2.430841452,,0.38622617,0.898158472,
0.4,5,0.6,400,3,0.6,0.001201517,0.999999843,2.28971923,,0.38698514,0.897757822,
0.3,3,0.9,300,3,0.6,0.002407852,0.999999287,2.318894197,,0.387769344,0.897343026,
0.3,3,0.9,400,3,0.6,0.001496399,0.999999752,2.319318903,,0.388853792,0.896768036,
0.3,3,0.7,300,5,0.6,0.038726631,0.999828113,2.22144714,,0.388986829,0.896697387,
0.4,6,0.6,300,3,0.6,0.00291014,0.999999046,2.28664258,,0.389126111,0.896623396,
0.4,7,0.6,300,3,0.6,0.002888142,0.999999061,2.283328059,,0.389126111,0.896623396,
0.4,8,0.6,300,3,0.6,0.002892912,0.999999058,2.283030393,,0.389126111,0.896623396,
0.2,4,0.6,200,1,0.6,0.017723701,0.999961524,2.327394663,,0.389226268,0.896570173,
0.01,3,0.6,400,1,1,0.885729335,0.915224562,1.990992032,,0.389239106,0.89656335,
0.4,3,0.6,300,10,0.6,0.181686142,0.996277537,2.153679846,,0.389262973,0.896550665,
0.4,6,0.6,400,3,0.6,0.001193203,0.999999845,2.287506181,,0.389484007,0.896433149,
0.4,7,0.6,400,3,0.6,0.001182917,0.999999847,2.284160184,,0.389484007,0.896433149,
0.4,8,0.6,400,3,0.6,0.001183164,0.999999847,2.283870446,,0.389484007,0.896433149,
0.4,3,0.6,400,10,0.6,0.092016579,0.999041052,2.180669844,,0.389511062,0.89641876,
0.01,3,0.8,400,1,1,0.699244158,0.947070772,2.173671194,,0.390329988,0.895982754,
0.1,3,0.7,200,1,0.6,0.138318241,0.997863884,2.26126675,,0.390592651,0.895842715,
0.3,3,0.8,100,1,0.6,0.012150476,0.99998236,2.318454799,,0.390804321,0.895729795,
0.4,8,0.6,100,1,0.6,0.009023957,0.999988265,2.349272612,,0.391105122,0.89556922,
0.4,3,0.6,200,10,0.6,0.343559485,0.986790429,2.130706622,,0.39113023,0.895555811,
0.1,3,0.9,300,1,0.6,0.013331702,0.999979674,2.257635875,,0.391523822,0.895345502,
0.4,8,0.6,200,1,0.6,0.00092015,0.999999907,2.351917997,,0.392784014,0.894670718,
0.4,8,0.6,300,1,0.6,0.000788437,0.999999932,2.352034188,,0.393019718,0.894544267,
0.4,8,0.6,400,1,0.6,0.000751824,0.999999938,2.352126713,,0.393129821,0.894485173,
0.01,3,0.9,400,1,0.8,0.728784068,0.942367488,2.217298962,,0.393192947,0.894451285,
0.4,3,0.7,200,3,0.6,0.012482276,0.999981475,2.16622021,,0.393436157,0.89432067,
0.2,3,0.9,400,10,0.6,0.116294459,0.998477513,2.222410179,,0.394092689,0.893967678,
0.01,6,0.6,400,1,0.8,0.8876867,0.914811023,1.968860781,,0.394624289,0.893681427,
0.01,7,0.6,400,1,0.8,0.887757582,0.91479635,1.968847758,,0.394624289,0.893681427,
0.01,8,0.6,400,1,0.8,0.887757582,0.91479635,1.968847758,,0.394624289,0.893681427,
0.01,5,0.6,400,1,0.8,0.888475349,0.914661609,1.966904781,,0.395335416,0.893297902,
0.01,4,0.6,400,1,0.8,0.893065873,0.913780702,1.964372388,,0.395724151,0.893087958,
0.4,7,0.6,100,1,0.6,0.009024219,0.999988265,2.349271062,,0.396302352,0.892775306,
0.3,3,0.7,100,3,0.6,0.171049057,0.996758513,2.092308012,,0.396311073,0.892770587,
0.3,3,0.6,300,3,0.8,0.006900769,0.999994487,2.488405938,,0.396710049,0.892554578,
0.2,4,0.6,300,1,0.6,0.002473449,0.99999928,2.332727455,,0.397158447,0.892311551,
0.1,3,0.9,400,1,0.6,0.003511425,0.999998357,2.256908766,,0.397731706,0.892000451,
0.4,6,0.6,100,1,0.6,0.008959073,0.999988428,2.34939501,,0.397807957,0.891959037,
0.2,4,0.6,400,1,0.6,0.001001164,0.999999889,2.333196996,,0.397857513,0.891932118,
0.4,7,0.6,200,1,0.6,0.000915912,0.999999908,2.351920023,,0.397969563,0.891871238,
0.4,7,0.6,400,1,0.6,0.000755612,0.999999937,2.352125581,,0.398051914,0.891826483,
0.4,7,0.6,300,1,0.6,0.000791654,0.999999931,2.352044917,,0.398116251,0.891791512,
0.2,3,0.6,300,5,0.6,0.22063355,0.994541563,2.13038212,,0.398475079,0.891596365,
0.3,3,0.8,200,1,0.6,0.001284413,0.999999816,2.324252268,,0.398878162,0.89137694,
0.4,6,0.6,200,1,0.6,0.000913246,0.999999909,2.351969346,,0.398937565,0.891344584,
0.4,6,0.6,300,1,0.6,0.000807651,0.999999928,2.352170966,,0.399088355,0.891262429,
0.4,6,0.6,400,1,0.6,0.000764482,0.999999936,2.352211382,,0.399256464,0.891170803,
0.3,3,0.8,400,1,0.6,0.000899511,0.999999911,2.324372214,,0.399355031,0.891117061,
0.3,3,0.8,300,1,0.6,0.000955604,0.9999999,2.324324903,,0.39939827,0.891093482,
0.4,5,0.6,100,1,0.6,0.008996866,0.999988487,2.341900166,,0.400106358,0.890706982,
0.1,3,0.8,300,3,0.6,0.170218698,0.99677128,2.220787763,,0.400639732,0.890415395,
0.1,3,0.9,300,3,0.6,0.130229094,0.998101543,2.259440988,,0.40076509,0.890346807,
0.3,3,0.6,400,3,0.8,0.001460765,0.999999764,2.48968841,,0.400784258,0.890336318,
0.4,5,0.6,200,1,0.6,0.000906986,0.999999909,2.344003941,,0.401709419,0.889829443,
0.4,5,0.6,300,1,0.6,0.000779529,0.999999933,2.344223503,,0.401809082,0.88977477,
0.4,5,0.6,400,1,0.6,0.000759751,0.999999937,2.344225052,,0.401935505,0.889705398,
0.2,3,0.8,200,1,0.6,0.006379318,0.999994572,2.21699345,,0.402012554,0.889663108,
0.4,3,0.7,300,3,0.6,0.002043353,0.999999524,2.170022592,,0.402424897,0.889436648,
0.4,3,0.7,200,5,0.6,0.053133055,0.999676627,2.13331892,,0.403469427,0.888861948,
0.4,3,0.7,400,3,0.6,0.001192819,0.999999844,2.170786656,,0.403945165,0.888599705,
0.2,3,0.6,100,1,0.8,0.107290958,0.998670896,2.398090846,,0.404169295,0.888476049,
0.2,3,0.7,200,3,0.6,0.128831884,0.998135209,2.157900922,,0.404505964,0.888290175,
0.01,3,0.6,400,1,0.8,0.963366911,0.899676257,1.959592812,,0.40494637,0.888046794,
0.3,3,0.7,400,5,0.6,0.013521228,0.999978292,2.231206864,,0.405877538,0.887531332,
0.01,6,0.9,400,1,0.8,0.517901378,0.971034057,2.250920274,,0.408526643,0.886058407,
0.2,3,0.8,400,5,0.6,0.032381968,0.999876533,2.237464236,,0.408531858,0.886055498,
0.2,3,0.8,300,1,0.6,0.001395144,0.999999769,2.217974177,,0.409169951,0.885699276,
0.01,5,0.9,400,1,0.8,0.518381638,0.970980866,2.254091256,,0.409396409,0.885572721,
0.01,7,0.9,400,1,0.8,0.517729126,0.971052683,2.251314618,,0.409416424,0.885561532,
0.01,8,0.9,400,1,0.8,0.517729126,0.971052683,2.251314618,,0.409416424,0.885561532,
0.01,4,0.9,400,1,0.8,0.530887435,0.969571953,2.271629967,,0.409829272,0.88533062,
0.2,3,0.8,400,1,0.6,0.00101591,0.999999887,2.218118421,,0.409847349,0.885320504,
0.2,3,0.6,400,5,0.6,0.117921298,0.998433739,2.171606309,,0.409970383,0.885251641,
0.4,4,0.6,200,5,0.6,0.091529814,0.999022687,2.315800807,,0.410292561,0.885071219,
0.4,3,0.7,300,5,0.6,0.013114551,0.999979657,2.135636376,,0.41189154,0.88417368,
0.4,3,0.6,100,5,0.6,0.34102278,0.987021169,2.303221768,,0.412653757,0.883744603,
0.2,3,0.6,200,3,0.6,0.205746503,0.995245215,2.16841342,,0.413809277,0.883092611,
0.2,3,0.7,200,1,0.6,0.0144346,0.999974944,2.275345773,,0.414123226,0.882915153,
0.4,3,0.6,300,1,0.8,0.000758931,0.999999936,2.663335017,,0.415595257,0.882081301,
0.4,3,0.6,200,1,0.8,0.00084544,0.999999921,2.663318886,,0.41560615,0.882075119,
0.4,3,0.6,400,1,0.8,0.000720984,0.999999943,2.663291846,,0.415745685,0.881995922,
0.1,3,0.6,300,1,0.6,0.086377415,0.999151772,2.28950747,,0.416013602,0.881843784,
0.3,3,0.6,300,5,0.6,0.08403886,0.999199303,2.252521603,,0.416157714,0.881761908,
0.4,3,0.8,100,5,0.6,0.13310311,0.998039025,2.124523393,,0.416463088,0.881588319,
0.4,3,0.6,100,1,0.8,0.008672627,0.999989957,2.657779885,,0.417103909,0.881223634,
0.1,4,0.6,100,10,1,1.387925083,0.791545826,1.675743796,,0.418365613,0.88050397,
0.1,5,0.6,100,10,1,1.387607257,0.79162605,1.676464133,,0.418780939,0.880266596,
0.1,6,0.6,100,10,1,1.387605117,0.791626686,1.676462524,,0.418952328,0.880168573,
0.1,7,0.6,100,10,1,1.387605117,0.791626686,1.676462524,,0.418952328,0.880168573,
0.1,8,0.6,100,10,1,1.387605117,0.791626686,1.676462524,,0.418952328,0.880168573,
0.1,3,0.6,100,10,0.8,1.419894498,0.781868621,1.697222911,,0.419113339,0.880076448,
0.1,3,0.6,100,10,1,1.391448052,0.790514191,1.676321678,,0.41916779,0.880045286,
0.2,3,0.8,200,3,0.6,0.074514464,0.999370789,2.212685103,,0.420145438,0.879485079,
0.4,3,0.7,400,5,0.6,0.003680904,0.99999839,2.138992744,,0.420285962,0.87940445,
0.4,3,0.9,100,3,0.6,0.03148061,0.999885284,2.226973673,,0.422000469,0.878418532,
0.4,3,0.9,200,5,0.6,0.015387614,0.999972236,2.224375717,,0.423307734,0.8776641,
0.1,5,0.8,100,10,1,1.136618103,0.860348565,1.821668603,,0.425710683,0.876271254,
0.1,6,0.8,100,10,1,1.13656028,0.860362883,1.813503988,,0.425710683,0.876271254,
0.1,7,0.8,100,10,1,1.136549975,0.860365236,1.813445188,,0.425710683,0.876271254,
0.1,8,0.8,100,10,1,1.136549983,0.860365234,1.813446202,,0.425710683,0.876271254,
0.1,3,0.7,300,1,0.6,0.048495539,0.999732172,2.263565559,,0.426695225,0.875698297,
0.1,6,0.9,100,10,1,1.020902017,0.887302822,1.930412121,,0.426724326,0.875681341,
0.1,7,0.9,100,10,1,1.02090085,0.887303092,1.930412956,,0.426724326,0.875681341,
0.1,8,0.9,100,10,1,1.02090085,0.887303092,1.930412956,,0.426724326,0.875681341,
0.3,3,0.6,400,5,0.6,0.034633623,0.999862724,2.266153872,,0.426747027,0.875668114,
0.1,5,0.6,100,10,0.8,1.415696413,0.783145154,1.693388783,,0.427669432,0.875130051,
0.1,6,0.6,100,10,0.8,1.415686201,0.783148264,1.69332821,,0.427669432,0.875130051,
0.1,7,0.6,100,10,0.8,1.415686201,0.783148264,1.69332821,,0.427669432,0.875130051,
0.1,8,0.6,100,10,0.8,1.415686201,0.783148264,1.69332821,,0.427669432,0.875130051,
0.2,3,0.7,300,1,0.6,0.002399658,0.999999295,2.276154907,,0.427765648,0.875073859,
0.1,5,0.9,100,10,1,1.020501727,0.887401167,1.922174149,,0.428147672,0.874850624,
0.3,3,0.6,100,3,0.6,0.277952909,0.991332072,2.152963463,,0.428346309,0.874734472,
0.1,4,0.6,100,10,0.8,1.415644521,0.783158408,1.695549019,,0.429023266,0.874338221,
0.1,5,0.9,100,10,0.8,1.064587432,0.877490664,1.957366906,,0.430083279,0.873716494,
0.1,6,0.9,100,10,0.8,1.064536335,0.877502014,1.95730222,,0.430107471,0.873702287,
0.1,7,0.9,100,10,0.8,1.06453333,0.877502672,1.957306363,,0.430107471,0.873702287,
0.1,8,0.9,100,10,0.8,1.064533183,0.877502705,1.957303532,,0.430107471,0.873702287,
0.2,3,0.7,400,1,0.6,0.001073399,0.999999873,2.276605838,,0.430288028,0.873596226,
0.4,4,0.6,300,5,0.6,0.025543771,0.999925353,2.330524406,,0.430489574,0.873477784,
0.4,3,0.9,300,5,0.6,0.002984462,0.999998951,2.222709849,,0.431555086,0.872850694,
0.4,3,0.9,400,5,0.6,0.00174571,0.999999664,2.222839132,,0.4326192,0.87222288,
0.1,4,0.8,100,10,1,1.137141117,0.860216304,1.829018466,,0.433325683,0.87180521,
0.1,4,0.9,100,10,0.8,1.066090773,0.877148049,1.97798609,,0.434358293,0.871193509,
0.3,3,0.6,100,1,0.8,0.030579569,0.999885365,2.548323129,,0.43459576,0.871052631,
0.1,5,0.9,100,10,0.6,1.130751284,0.86174733,1.923736789,,0.435900638,0.870277138,
0.1,6,0.9,100,10,0.6,1.130681276,0.861763095,1.924276851,,0.435984917,0.87022697,
0.1,7,0.9,100,10,0.6,1.130672659,0.861764979,1.924286805,,0.435984917,0.87022697,
0.1,8,0.9,100,10,0.6,1.130672569,0.861764998,1.924286388,,0.435984917,0.87022697,
0.1,3,0.6,400,1,0.6,0.035487319,0.999853545,2.306280057,,0.436183096,0.870108966,
0.4,4,0.6,400,5,0.6,0.007053212,0.999994235,2.338940224,,0.436294684,0.870042497,
0.1,4,0.8,100,10,0.8,1.174418779,0.850960466,1.871156417,,0.436684109,0.8698104,
0.1,5,0.8,100,10,0.8,1.17388592,0.851084823,1.870431789,,0.43672914,0.869783549,
0.1,6,0.8,100,10,0.8,1.173852555,0.851093266,1.870522686,,0.437290449,0.86944861,
0.01,3,0.8,400,1,0.6,0.934382862,0.905482776,2.022857361,,0.437383583,0.869392995,
0.1,7,0.8,100,10,0.8,1.173848871,0.851094148,1.870548733,,0.437520603,0.869311151,
0.1,8,0.8,100,10,0.8,1.173848755,0.851094177,1.870548316,,0.437520603,0.869311151,
0.1,5,0.7,100,10,0.8,1.293785818,0.819073741,1.769301626,,0.438883017,0.868495969,
0.3,3,0.8,200,5,0.6,0.067306957,0.999484739,2.216733688,,0.438951101,0.868455165,
0.1,4,0.9,100,10,1,1.022824406,0.886883718,1.95065751,,0.439288344,0.868252957,
0.1,6,0.7,100,10,0.8,1.294012547,0.819012256,1.768266323,,0.43930524,0.868242823,
0.1,7,0.7,100,10,0.8,1.294005315,0.819014267,1.768257859,,0.439440287,0.868161803,
0.1,8,0.7,100,10,0.8,1.294005315,0.819014267,1.768257859,,0.439440287,0.868161803,
0.1,4,0.7,100,10,0.8,1.294222483,0.818955241,1.767216596,,0.439736543,0.867983982,
0.4,3,0.9,200,3,0.6,0.002891438,0.999998863,2.234442008,,0.44064487,0.867438029,
0.1,3,0.9,400,3,0.6,0.060402198,0.999585212,2.259413503,,0.441357511,0.867008906,
0.2,3,0.6,100,1,0.6,0.154300738,0.997308643,2.272109911,,0.441870736,0.866699433,
0.4,3,0.9,300,3,0.6,0.001425366,0.999999775,2.234452245,,0.442045158,0.866594176,
0.01,6,0.8,400,1,0.6,0.801086657,0.930549809,2.034238659,,0.442084373,0.866570505,
0.01,7,0.8,400,1,0.6,0.801072494,0.930552412,2.03424161,,0.442084373,0.866570505,
0.01,8,0.8,400,1,0.6,0.80107232,0.930552444,2.03424161,,0.442084373,0.866570505,
0.01,5,0.8,400,1,0.6,0.801340602,0.930504775,2.032141604,,0.442121624,0.866548018,
0.4,3,0.9,400,3,0.6,0.001276964,0.999999821,2.234468748,,0.442180642,0.866512387,
0.1,4,0.9,100,10,0.6,1.131264118,0.861629418,1.91966147,,0.44229281,0.866444655,
0.01,4,0.8,400,1,0.6,0.810068151,0.928995053,2.0304491,,0.442359171,0.866404575,
0.2,3,0.7,300,3,0.6,0.044349964,0.999773721,2.182976916,,0.442811419,0.866131272,
0.2,3,0.6,200,1,0.8,0.011978183,0.999981595,2.432494509,,0.443328116,0.865818678,
0.1,3,0.7,100,10,0.8,1.302785929,0.816560045,1.767062279,,0.444258648,0.865254802,
0.4,3,0.8,100,3,0.6,0.047481582,0.999737718,2.211113602,,0.444472492,0.865125052,
0.1,3,0.7,400,1,0.6,0.017081178,0.999965722,2.273285216,,0.444561567,0.865070987,
0.3,3,0.6,100,1,0.6,0.051013478,0.999692177,2.346769122,,0.445647057,0.864411268,
0.2,3,0.6,300,1,0.8,0.001575944,0.999999694,2.434086578,,0.446236911,0.864052102,
0.2,3,0.6,400,1,0.8,0.000887241,0.999999913,2.434238593,,0.446500634,0.863891366,
0.01,3,0.9,400,1,0.6,0.887285345,0.914720552,2.071888812,,0.446847754,0.863679656,
0.3,3,0.6,200,1,0.8,0.001450521,0.999999747,2.560264519,,0.446958147,0.863612292,
0.3,3,0.6,300,1,0.8,0.000839317,0.999999922,2.560273209,,0.447160612,0.863488701,
0.01,5,0.7,400,1,0.6,0.91287544,0.909805817,1.979167082,,0.447170904,0.863482417,
0.3,3,0.6,400,1,0.8,0.000772051,0.999999934,2.560372551,,0.447171624,0.863481978,
0.01,6,0.7,400,1,0.6,0.912671759,0.909846045,1.980713688,,0.447388514,0.863349516,
0.01,7,0.7,400,1,0.6,0.912640773,0.909852208,1.980528735,,0.447388514,0.863349516,
0.01,8,0.7,400,1,0.6,0.912640773,0.909852208,1.980528735,,0.447388514,0.863349516,
0.01,3,0.7,400,1,0.6,1.007491147,0.890130228,1.968359493,,0.448502929,0.862667893,
0.3,3,0.8,200,3,0.6,0.018545333,0.999958391,2.172469429,,0.449417808,0.862107048,
0.01,4,0.7,400,1,0.6,0.917720407,0.908855139,1.975770839,,0.450544205,0.861414967,
0.1,3,0.8,200,1,0.6,0.086733965,0.99915881,2.207637704,,0.453964782,0.859302676,
0.1,3,0.8,400,3,0.6,0.084258006,0.999195393,2.238614948,,0.454382706,0.859043502,
0.01,4,0.9,400,1,0.6,0.729011684,0.942496144,2.101579644,,0.45455663,0.858935573,
0.01,3,0.9,400,1,1,0.654213538,0.953588722,2.293146991,,0.454756657,0.858811395,
0.2,3,0.8,300,3,0.6,0.02233075,0.99994083,2.219793351,,0.454996734,0.858662283,
0.3,3,0.7,200,3,0.6,0.038105816,0.999832104,2.142354175,,0.455119622,0.858585925,
0.1,4,0.7,100,10,1,1.256815743,0.829278147,1.763157519,,0.456803032,0.857537858,
0.1,5,0.7,100,10,1,1.256601101,0.829325425,1.755059662,,0.457538888,0.857078508,
0.1,6,0.7,100,10,1,1.256581697,0.829330601,1.754576954,,0.457560082,0.857065268,
0.1,7,0.7,100,10,1,1.256593053,0.829327599,1.755167815,,0.457560082,0.857065268,
0.1,8,0.7,100,10,1,1.256593053,0.829327599,1.755167815,,0.457560082,0.857065268,
0.01,6,0.9,400,1,0.6,0.712258584,0.945073877,2.090183191,,0.457910406,0.856846312,
0.01,7,0.9,400,1,0.6,0.712217774,0.945080317,2.089836724,,0.457910406,0.856846312,
0.01,8,0.9,400,1,0.6,0.712217774,0.945080317,2.089836724,,0.457910406,0.856846312,
0.4,4,0.6,100,1,0.6,0.01117084,0.999982991,2.322737496,,0.45797379,0.856806679,
0.01,5,0.9,400,1,0.6,0.712479047,0.945039214,2.089256652,,0.458096212,0.856730114,
0.1,3,0.7,100,10,1,1.263930276,0.827330757,1.738643395,,0.45858652,0.856423261,
0.1,4,0.7,100,10,0.6,1.349119595,0.803299294,1.773421921,,0.458778738,0.856302875,
0.1,5,0.7,100,10,0.6,1.349148634,0.803291028,1.774760492,,0.460126331,0.855457458,
0.1,6,0.7,100,10,0.6,1.349147264,0.803291453,1.77475781,,0.460126331,0.855457458,
0.1,7,0.7,100,10,0.6,1.34914651,0.803291666,1.774758675,,0.460126331,0.855457458,
0.1,8,0.7,100,10,0.6,1.34914651,0.803291666,1.774758675,,0.460126331,0.855457458,
0.4,4,0.6,300,1,0.6,0.000790834,0.999999932,2.325691241,,0.461098542,0.854845999,
0.4,4,0.6,200,1,0.6,0.000955237,0.9999999,2.325386822,,0.461110475,0.854838485,
0.4,4,0.6,400,1,0.6,0.000744134,0.999999939,2.325718913,,0.461170786,0.85480051,
0.3,3,0.8,300,3,0.6,0.003666924,0.999998315,2.177401013,,0.46223714,0.854128251,
0.1,3,0.7,100,10,0.6,1.356235288,0.801244307,1.759661757,,0.464294053,0.852827131,
0.1,6,0.8,100,10,0.6,1.230013761,0.836475721,1.840764471,,0.464358185,0.852786471,
0.1,7,0.8,100,10,0.6,1.230015073,0.836475407,1.840764769,,0.464358185,0.852786471,
0.1,8,0.8,100,10,0.6,1.230015073,0.836475407,1.840764769,,0.464358185,0.852786471,
0.1,5,0.8,100,10,0.6,1.230019918,0.836474089,1.843728938,,0.464492574,0.852701249,
0.2,3,0.7,400,3,0.6,0.015931896,0.999969512,2.194893002,,0.464970026,0.852398276,
0.1,4,0.8,100,10,0.6,1.229634618,0.836588172,1.853948288,,0.465019907,0.852366606,
0.3,3,0.8,400,3,0.6,0.001492265,0.999999756,2.178652189,,0.466539809,0.851399959,
0.3,3,0.8,300,5,0.6,0.019654243,0.999954027,2.224661263,,0.466710455,0.851291232,
0.3,3,0.7,300,3,0.6,0.008484513,0.999991467,2.152345173,,0.467058969,0.851069054,
0.1,3,0.8,100,10,1,1.153635054,0.856142352,1.798311852,,0.467534516,0.850765625,
0.4,3,0.8,200,3,0.6,0.005583412,0.999996101,2.2274471,,0.4685853,0.850094062,
0.2,3,0.6,300,3,0.6,0.087093813,0.99914543,2.190878196,,0.468814773,0.849947204,
0.4,3,0.8,200,5,0.6,0.02545676,0.999925021,2.148234561,,0.47020713,0.849054582,
0.2,3,0.8,400,3,0.6,0.006950343,0.999993926,2.224714512,,0.472315366,0.84769798,
0.4,3,0.8,400,3,0.6,0.001159358,0.999999852,2.229325093,,0.472898195,0.847321871,
0.4,3,0.8,300,3,0.6,0.001432284,0.999999774,2.229118276,,0.472977559,0.847270621,
0.3,3,0.7,400,3,0.6,0.002257468,0.999999407,2.15535108,,0.474047535,0.846578826,
0.1,3,0.8,100,10,0.6,1.254412453,0.829959901,1.841204636,,0.476988995,0.844668966,
0.3,3,0.6,200,1,0.6,0.00534197,0.999996437,2.369647705,,0.477736135,0.844181974,
0.4,3,0.8,300,5,0.6,0.005276754,0.999996639,2.151272304,,0.478293573,0.843818135,
0.1,3,0.9,100,10,0.6,1.17724025,0.850260527,1.911734812,,0.478325321,0.8437974,
0.3,3,0.8,400,5,0.6,0.006259732,0.999995165,2.230416046,,0.479707077,0.84289364,
0.2,3,0.6,400,3,0.6,0.035707992,0.999855174,2.19995284,,0.480135471,0.842612913,
0.3,3,0.6,300,1,0.6,0.00106301,0.999999875,2.370424444,,0.480288601,0.842512506,
0.3,3,0.6,400,1,0.6,0.000836841,0.999999923,2.370650414,,0.480394092,0.842443317,
0.1,3,0.8,100,10,0.8,1.195183434,0.845642942,1.886118345,,0.480731857,0.842221683,
0.4,3,0.8,400,5,0.6,0.001845126,0.999999626,2.152920641,,0.481250949,0.841880762,
0.1,3,0.9,100,10,0.8,1.103824721,0.868339379,1.966295429,,0.489097897,0.836682356,
0.1,3,0.9,100,10,1,1.058129493,0.879020127,1.956561841,,0.493067383,0.834020649,
0.4,3,0.6,100,3,0.8,0.114266521,0.99848737,2.452878856,,0.493365332,0.833819993,
0.1,3,0.8,300,1,0.6,0.026053868,0.999922029,2.209130243,,0.493373062,0.833814786,
0.01,5,0.8,300,1,1,0.804361128,0.930139225,2.120294608,,0.498654112,0.830238062,
0.01,4,0.8,300,1,1,0.810617164,0.929055462,2.130948775,,0.499145013,0.829903653,
0.01,5,0.7,300,1,1,0.941133997,0.904355143,2.010703765,,0.499193945,0.829870302,
0.01,4,0.7,300,1,1,0.945491055,0.903476055,2.016128384,,0.499263154,0.829823124,
0.01,7,0.7,300,1,1,0.940765919,0.904427737,2.011982538,,0.499404655,0.829726648,
0.01,8,0.7,300,1,1,0.940765919,0.904427737,2.011982538,,0.499404655,0.829726648,
0.01,6,0.7,300,1,1,0.940698715,0.904442515,2.012031339,,0.500674718,0.828859483,
0.01,6,0.8,300,1,1,0.804043268,0.930193759,2.121036463,,0.500809257,0.828767495,
0.1,4,0.6,100,10,0.6,1.447234872,0.773466345,1.677796888,,0.500903801,0.828702838,
0.1,3,0.6,100,10,0.6,1.448710156,0.773012745,1.690658453,,0.500951533,0.828670189,
0.1,6,0.6,100,10,0.6,1.447204944,0.773476793,1.678264635,,0.501001751,0.828635838,
0.1,7,0.6,100,10,0.6,1.447204944,0.773476793,1.678264635,,0.501001751,0.828635838,
0.1,8,0.6,100,10,0.6,1.447204944,0.773476793,1.678264635,,0.501001751,0.828635838,
0.01,7,0.8,300,1,1,0.804058072,0.930190991,2.12104518,,0.501115342,0.828558123,
0.01,8,0.8,300,1,1,0.804058072,0.930190991,2.12104518,,0.501115342,0.828558123,
0.1,5,0.6,100,10,0.6,1.44720537,0.773476652,1.678265991,,0.501124977,0.82855153,
0.2,3,0.6,200,1,0.6,0.032750373,0.999873482,2.321953639,,0.505227969,0.825732547,
0.1,3,0.8,400,1,0.6,0.007767551,0.999992748,2.21558448,,0.510081827,0.822367996,
0.01,6,0.6,400,1,0.6,1.028331404,0.885576487,1.944294371,,0.51543961,0.818616786,
0.01,7,0.6,400,1,0.6,1.028320096,0.885579154,1.944300913,,0.51543961,0.818616786,
0.01,8,0.6,400,1,0.6,1.028320096,0.885579154,1.944300913,,0.51543961,0.818616786,
0.01,5,0.6,400,1,0.6,1.028460655,0.885549427,1.943664797,,0.515469868,0.818595489,
0.01,3,0.6,400,1,0.6,1.08992888,0.871476961,1.951042526,,0.518298989,0.816598772,
0.01,5,0.9,300,1,1,0.686498004,0.949122341,2.277165346,,0.519018528,0.816089198,
0.01,7,0.9,300,1,1,0.686284161,0.949153433,2.275846623,,0.519646926,0.815643591,
0.01,8,0.9,300,1,1,0.686284161,0.949153433,2.275846623,,0.519646926,0.815643591,
0.01,6,0.9,300,1,1,0.686231922,0.949161319,2.275030665,,0.5196742,0.815624239,
0.01,4,0.9,300,1,1,0.695878023,0.947730754,2.277432911,,0.519763269,0.815561031,
0.01,4,0.6,400,1,0.6,1.032270994,0.884692957,1.946088963,,0.521071872,0.814631142,
0.2,3,0.6,300,1,0.6,0.006600734,0.999994753,2.326338119,,0.528898215,0.809020955,
0.01,3,0.7,300,1,1,1.033899294,0.884563179,2.008949645,,0.531718723,0.806978618,
0.2,3,0.6,400,1,0.6,0.001665532,0.99999968,2.327005043,,0.532346376,0.806522655,
0.01,4,0.6,300,1,1,1.079831425,0.874045174,1.955352806,,0.532423109,0.806466875,
0.01,6,0.6,300,1,1,1.076214346,0.874877328,1.949022001,,0.535440966,0.804266706,
0.01,5,0.6,300,1,1,1.076407661,0.874833165,1.949424705,,0.535497957,0.804225037,
0.01,6,0.7,300,1,0.8,1.015052816,0.888730764,1.992854901,,0.536173253,0.803730957,
0.01,7,0.7,300,1,0.8,1.015002325,0.888741389,1.992817857,,0.536221639,0.803695532,
0.01,8,0.7,300,1,0.8,1.015002325,0.888741389,1.992817857,,0.536221639,0.803695532,
0.01,5,0.7,300,1,0.8,1.015538901,0.888625244,1.993251153,,0.536307817,0.803632428,
0.01,7,0.6,300,1,1,1.076187609,0.874883695,1.949209398,,0.536409644,0.803557854,
0.01,8,0.6,300,1,1,1.076187609,0.874883695,1.949209398,,0.536409644,0.803557854,
0.01,4,0.7,300,1,0.8,1.019774543,0.887698407,1.998631157,,0.536853957,0.80323229,
0.4,3,0.6,200,5,0.6,0.106896814,0.998684301,2.393491438,,0.53852148,0.802008031,
0.4,3,0.6,200,3,0.8,0.011073159,0.999985118,2.481912159,,0.539810989,0.801058698,
0.01,3,0.8,300,1,1,0.942871631,0.903971998,2.101546206,,0.539826484,0.801047276,
0.4,3,0.6,300,3,0.8,0.001620139,0.999999707,2.48364745,,0.543484977,0.798341467,
0.4,3,0.6,400,3,0.8,0.001075902,0.999999873,2.483634622,,0.543836648,0.79808041,
0.01,4,0.8,300,1,0.8,0.892126594,0.914061158,2.126434245,,0.548882622,0.794316015,
0.01,7,0.8,300,1,0.8,0.884397613,0.915538125,2.113693469,,0.549448649,0.79389158,
0.01,8,0.8,300,1,0.8,0.884397613,0.915538125,2.113693469,,0.549448649,0.79389158,
0.01,6,0.8,300,1,0.8,0.884374143,0.915542127,2.113401242,,0.549531179,0.793829658,
0.01,5,0.8,300,1,0.8,0.884870548,0.915448957,2.112712495,,0.5506209,0.793011175,
0.3,3,0.6,200,3,0.6,0.078171241,0.99928736,2.232370876,,0.557924219,0.787483848,
0.01,3,0.7,300,1,0.8,1.102101725,0.868796366,1.994974397,,0.558005013,0.787422294,
0.01,3,0.8,300,1,0.8,1.016326546,0.888383282,2.098743581,,0.559012066,0.786654307,
0.01,3,0.6,300,1,1,1.146030009,0.858154064,1.956201339,,0.561065497,0.785084054,
0.01,5,0.8,400,3,1,1.117276703,0.865191752,1.98635412,,0.561699618,0.78459798,
0.01,6,0.8,400,3,1,1.117179831,0.865216643,1.984925889,,0.562113039,0.784280783,
0.01,7,0.8,400,3,1,1.117179094,0.865216806,1.984925948,,0.562113039,0.784280783,
0.01,8,0.8,400,3,1,1.117179094,0.865216806,1.984925948,,0.562113039,0.784280783,
0.01,4,0.8,400,3,1,1.121910078,0.864083814,1.993352466,,0.563225025,0.783426457,
0.01,6,0.9,300,1,0.8,0.772582057,0.935551634,2.209105529,,0.56432628,0.782578711,
0.01,7,0.9,300,1,0.8,0.772424927,0.935576753,2.208954402,,0.564701884,0.782289193,
0.01,8,0.9,300,1,0.8,0.772424927,0.935576753,2.208954402,,0.564701884,0.782289193,
0.01,5,0.9,300,1,0.8,0.772942056,0.935492437,2.212840207,,0.564720004,0.782275221,
0.01,4,0.9,300,1,0.8,0.783132392,0.933794604,2.234410771,,0.565816903,0.781428592,
0.01,5,0.9,400,3,1,1.009724142,0.889898126,2.155779191,,0.568164365,0.779611212,
0.4,3,0.6,300,5,0.6,0.034951441,0.999858299,2.400261896,,0.568298846,0.77950687,
0.01,6,0.9,400,3,1,1.009513868,0.889946375,2.125703685,,0.568807047,0.779112341,
0.01,7,0.9,400,3,1,1.009518132,0.889945281,2.125527881,,0.568807047,0.779112341,
0.01,8,0.9,400,3,1,1.009518132,0.889945281,2.125527881,,0.568807047,0.779112341,
0.4,3,0.6,100,1,0.6,0.020074144,0.999949145,2.398492543,,0.569133527,0.778858702,
0.01,4,0.9,400,3,1,1.016016357,0.888540719,2.160250239,,0.572448763,0.776274876,
0.01,6,0.7,400,3,1,1.249749251,0.831314961,1.877658777,,0.573695185,0.775299559,
0.01,7,0.7,400,3,1,1.24974914,0.831314989,1.877658837,,0.573695185,0.775299559,
0.01,8,0.7,400,3,1,1.24974914,0.831314989,1.877658837,,0.573695185,0.775299559,
0.01,5,0.7,400,3,1,1.249913555,0.8312708,1.876907356,,0.573724751,0.775276398,
0.01,3,0.9,300,1,0.8,0.961417057,0.900005543,2.179428138,,0.574981237,0.774291009,
0.01,4,0.7,400,3,1,1.252658756,0.83053623,1.876218491,,0.575334293,0.774013739,
0.4,3,0.6,200,1,0.6,0.001288747,0.99999981,2.406606984,,0.577774497,0.772092692,
0.4,3,0.6,300,1,0.6,0.000831757,0.999999925,2.406741168,,0.578071221,0.771858542,
0.4,3,0.6,400,1,0.6,0.0007635,0.999999936,2.406826862,,0.578318868,0.771663028,
0.4,3,0.6,400,5,0.6,0.011218783,0.999985041,2.408559723,,0.578434322,0.77157185,
0.01,6,0.6,300,1,0.8,1.144169122,0.858566138,1.939915052,,0.582683702,0.768203296,
0.01,7,0.6,300,1,0.8,1.144131039,0.8585759,1.939921713,,0.582683702,0.768203296,
0.01,8,0.6,300,1,0.8,1.144131039,0.8585759,1.939921713,,0.582683702,0.768203296,
0.01,5,0.6,300,1,0.8,1.144907847,0.858388656,1.93896111,,0.585790963,0.765724513,
0.01,4,0.6,300,1,0.8,1.149044906,0.857366106,1.9371052,,0.587460815,0.764386961,
0.3,3,0.6,300,3,0.6,0.022763771,0.999938751,2.237043684,,0.588795436,0.763315191,
0.01,5,0.8,400,3,0.8,1.17976807,0.849699139,1.967951902,,0.591218469,0.761363154,
0.01,6,0.8,400,3,0.8,1.179787578,0.849694029,1.968575232,,0.591218469,0.761363154,
0.01,7,0.8,400,3,0.8,1.17978751,0.849694047,1.968575172,,0.591218469,0.761363154,
0.01,8,0.8,400,3,0.8,1.17978751,0.849694047,1.968575172,,0.591218469,0.761363154,
0.01,4,0.8,400,3,0.8,1.18207357,0.849123023,1.983267002,,0.591329487,0.761273524,
0.01,3,0.9,300,1,1,0.890511828,0.914249439,2.232757397,,0.594031514,0.759086861,
0.01,3,0.7,400,3,1,1.289060912,0.820529006,1.873993673,,0.595564689,0.757841679,
0.3,3,0.6,400,3,0.6,0.006747581,0.999994494,2.240915761,,0.596939855,0.756722096,
0.01,3,0.6,300,1,0.8,1.208630557,0.842189351,1.923710965,,0.597612465,0.756173553,
0.01,4,0.9,400,3,0.8,1.083108741,0.873351466,2.122193553,,0.59853063,0.755423754,
0.01,5,0.9,400,3,0.8,1.079173181,0.8742512,2.054430925,,0.600463377,0.753841655,
0.01,6,0.9,400,3,0.8,1.079178223,0.874249902,2.054457076,,0.600463377,0.753841655,
0.01,7,0.9,400,3,0.8,1.079178123,0.874249927,2.054465838,,0.600463377,0.753841655,
0.01,8,0.9,400,3,0.8,1.079178123,0.874249927,2.054465838,,0.600463377,0.753841655,
0.01,6,0.6,400,3,1,1.376040945,0.795461219,1.80352629,,0.601235097,0.753208519,
0.01,7,0.6,400,3,1,1.376040619,0.795461322,1.803525649,,0.601235097,0.753208519,
0.01,8,0.6,400,3,1,1.376040619,0.795461322,1.803525649,,0.601235097,0.753208519,
0.01,4,0.6,400,3,1,1.376763196,0.795246052,1.80443988,,0.601941747,0.752628055,
0.01,5,0.6,400,3,1,1.376043626,0.795460401,1.803586833,,0.602246702,0.752377345,
0.01,3,0.8,400,3,1,1.185867887,0.84810482,1.983458378,,0.607065916,0.748398506,
0.01,3,0.6,400,3,1,1.396947956,0.789193091,1.799157895,,0.60890283,0.746873567,
0.01,6,0.7,400,3,0.8,1.301935268,0.816934598,1.863015227,,0.61181916,0.74444307,
0.01,7,0.7,400,3,0.8,1.301935221,0.816934612,1.863015183,,0.61181916,0.74444307,
0.01,8,0.7,400,3,0.8,1.301935221,0.816934612,1.863015183,,0.61181916,0.74444307,
0.01,5,0.7,400,3,0.8,1.30194301,0.816932395,1.863007881,,0.611852325,0.744415364,
0.01,4,0.7,400,3,0.8,1.30397783,0.816366002,1.86597284,,0.611883946,0.744388945,
0.01,3,0.8,400,3,0.8,1.240041319,0.833903592,1.975203254,,0.612316416,0.744027494,
0.01,3,0.8,300,1,0.6,1.143339893,0.858697569,2.009719335,,0.616313158,0.740674995,
0.01,3,0.9,300,1,0.6,1.093506992,0.870706063,2.057172261,,0.616434167,0.740573151,
0.01,6,0.8,300,1,0.6,1.034674464,0.88428415,2.029565864,,0.619997789,0.737564975,
0.01,7,0.8,300,1,0.6,1.034664907,0.884286425,2.029567622,,0.619997789,0.737564975,
0.01,8,0.8,300,1,0.6,1.034664907,0.884286425,2.029567622,,0.619997789,0.737564975,
0.01,5,0.8,300,1,0.6,1.034875955,0.884239005,2.02716785,,0.620005138,0.737558753,
0.01,4,0.9,300,1,0.6,0.955135105,0.901374451,2.108582072,,0.62212663,0.735759673,
0.01,6,0.9,300,1,0.6,0.944756185,0.903481643,2.096828677,,0.622601516,0.735356115,
0.01,7,0.9,300,1,0.6,0.944720696,0.90348902,2.096805267,,0.622601516,0.735356115,
0.01,8,0.9,300,1,0.6,0.944720696,0.90348902,2.096805267,,0.622601516,0.735356115,
0.01,5,0.9,300,1,0.6,0.944924962,0.903447653,2.094875597,,0.62268125,0.735288328,
0.01,4,0.8,300,1,0.6,1.040578299,0.882965185,2.028871335,,0.622824239,0.735166739,
0.01,3,0.9,400,3,0.8,1.172450633,0.851489668,2.07799954,,0.626818294,0.731759197,
0.01,3,0.7,400,3,0.8,1.332175286,0.808330403,1.871686004,,0.628429576,0.730378359,
0.4,3,0.6,100,3,0.6,0.161375605,0.996987832,2.240442584,,0.631429553,0.727797992,
0.01,3,0.9,400,3,0.6,1.282995758,0.822158303,1.967408456,,0.634425913,0.725208471,
0.01,6,0.9,400,3,0.6,1.218412744,0.839653533,1.933327191,,0.638591814,0.721587834,
0.01,7,0.9,400,3,0.6,1.218412744,0.839653533,1.933327191,,0.638591814,0.721587834,
0.01,8,0.9,400,3,0.6,1.218412744,0.839653533,1.933327191,,0.638591814,0.721587834,
0.01,5,0.9,400,3,0.6,1.218414494,0.839653134,1.933324717,,0.63865639,0.721531524,
0.01,4,0.9,400,3,0.6,1.219203777,0.839449175,1.943825715,,0.640983304,0.719498654,
0.01,5,0.6,400,3,0.8,1.418715859,0.78256249,1.806138419,,0.643617805,0.717188142,
0.01,6,0.6,400,3,0.8,1.418713428,0.78256338,1.806008123,,0.643617805,0.717188142,
0.01,7,0.6,400,3,0.8,1.418713332,0.782563412,1.806007959,,0.643617805,0.717188142,
0.01,8,0.6,400,3,0.8,1.418713332,0.782563412,1.806007959,,0.643617805,0.717188142,
0.01,4,0.6,400,3,0.8,1.419614717,0.782290539,1.806171127,,0.643745543,0.717075873,
0.01,5,0.8,400,3,0.6,1.300824094,0.817233186,1.897192292,,0.644006599,0.71684636,
0.01,6,0.8,400,3,0.6,1.300812376,0.817236888,1.897165113,,0.644006599,0.71684636,
0.01,7,0.8,400,3,0.6,1.300812376,0.817236888,1.897165113,,0.644006599,0.71684636,
0.01,8,0.8,400,3,0.6,1.300812376,0.817236888,1.897165113,,0.644006599,0.71684636,
0.01,4,0.8,400,3,0.6,1.301181459,0.817135964,1.895305567,,0.646546204,0.714608754,
0.01,3,0.7,300,1,0.6,1.219848644,0.839165664,1.957310476,,0.651636792,0.710097,
0.01,5,0.7,300,1,0.6,1.144229876,0.858521207,1.975308977,,0.651969768,0.709800653,
0.01,6,0.7,300,1,0.6,1.144103734,0.858552009,1.976706706,,0.651997371,0.70977608,
0.01,7,0.7,300,1,0.6,1.144075542,0.858558881,1.976505541,,0.651997371,0.70977608,
0.01,8,0.7,300,1,0.6,1.144075542,0.858558881,1.976505541,,0.651997371,0.70977608,
0.01,4,0.7,300,1,0.6,1.148311015,0.85751821,1.972724267,,0.652704022,0.709146635,
0.01,3,0.8,400,3,0.6,1.341565183,0.80557968,1.917843156,,0.652734633,0.709119353,
0.01,3,0.6,400,3,0.8,1.433905053,0.777889853,1.801615484,,0.658359686,0.704084323,
0.4,3,0.6,200,3,0.6,0.030388073,0.999890325,2.290322742,,0.660557526,0.702105281,
0.01,3,0.9,400,3,1,1.110335533,0.866835094,2.116693773,,0.662272969,0.700556029,
0.4,3,0.6,300,3,0.6,0.005812992,0.999996012,2.297575778,,0.675851739,0.688150978,
0.4,3,0.6,400,3,0.6,0.001578613,0.999999723,2.297893985,,0.677758156,0.686389193,
0.01,6,0.7,400,3,0.6,1.403774032,0.787133171,1.851867236,,0.688561498,0.676311713,
0.01,7,0.7,400,3,0.6,1.403774032,0.787133171,1.851867236,,0.688561498,0.676311713,
0.01,8,0.7,400,3,0.6,1.403774032,0.787133171,1.851867236,,0.688561498,0.676311713,
0.01,5,0.7,400,3,0.6,1.403707889,0.787154499,1.85256774,,0.688638534,0.676239281,
0.01,4,0.7,400,3,0.6,1.404571906,0.786892498,1.852260374,,0.689561585,0.675370761,
0.01,3,0.7,400,3,0.6,1.42465821,0.780744446,1.857477986,,0.694045855,0.671134856,
0.01,3,0.6,300,1,0.6,1.305401628,0.815822174,1.950586642,,0.72627616,0.639881782,
0.01,4,0.6,300,1,0.6,1.258543392,0.828781457,1.951726297,,0.72633029,0.6398281,
0.01,5,0.6,300,1,0.6,1.255008163,0.829750303,1.94841888,,0.727045841,0.639118097,
0.01,6,0.6,300,1,0.6,1.254811776,0.829802789,1.949881712,,0.727059327,0.639104709,
0.01,7,0.6,300,1,0.6,1.254805724,0.82980456,1.949880535,,0.727059327,0.639104709,
0.01,8,0.6,300,1,0.6,1.254805724,0.82980456,1.949880535,,0.727059327,0.639104709,
0.01,5,0.9,400,5,1,1.333749458,0.807821357,1.953470566,,0.751675096,0.614253638,
0.01,6,0.9,400,5,1,1.333751472,0.807820987,1.953872122,,0.751837866,0.614086559,
0.01,7,0.9,400,5,1,1.333751304,0.807821031,1.953872122,,0.751837866,0.614086559,
0.01,8,0.9,400,5,1,1.333751304,0.807821031,1.953872122,,0.751837866,0.614086559,
0.01,6,0.6,400,3,0.6,1.500882148,0.756619691,1.826196753,,0.753837306,0.612031231,
0.01,7,0.6,400,3,0.6,1.500882148,0.756619691,1.826196753,,0.753837306,0.612031231,
0.01,8,0.6,400,3,0.6,1.500882148,0.756619691,1.826196753,,0.753837306,0.612031231,
0.01,5,0.6,400,3,0.6,1.500886292,0.756618394,1.82620772,,0.753907718,0.611958751,
0.01,4,0.6,400,3,0.6,1.501087829,0.756550183,1.826055415,,0.754410635,0.61144087,
0.01,3,0.6,400,3,0.6,1.509274874,0.753881994,1.822204463,,0.756016567,0.609784839,
0.01,4,0.9,400,5,1,1.336503239,0.807036842,1.964659758,,0.756221002,0.609573773,
0.01,5,0.8,400,5,1,1.432210641,0.778351666,1.869170137,,0.767210853,0.598143507,
0.01,6,0.8,400,5,1,1.432229818,0.778345298,1.869120144,,0.767352074,0.597995553,
0.01,7,0.8,400,5,1,1.432229731,0.778345322,1.869120144,,0.767352074,0.597995553,
0.01,8,0.8,400,5,1,1.432229731,0.778345322,1.869120144,,0.767352074,0.597995553,
0.01,4,0.8,400,5,1,1.433599642,0.777930079,1.871139907,,0.769456966,0.595787084,
0.01,5,0.9,400,5,0.8,1.384180677,0.793063506,2.016007044,,0.78632905,0.577866173,
0.01,6,0.9,400,5,0.8,1.384176972,0.793064611,2.016131573,,0.78632905,0.577866173,
0.01,7,0.9,400,5,0.8,1.384176972,0.793064611,2.016131573,,0.78632905,0.577866173,
0.01,8,0.9,400,5,0.8,1.384176972,0.793064611,2.016131573,,0.78632905,0.577866173,
0.01,4,0.9,400,5,0.8,1.384432059,0.792991507,2.01689861,,0.787789584,0.576296567,
0.01,3,0.8,400,5,1,1.467873723,0.767187194,1.872215944,,0.79059038,0.57327846,
0.01,5,0.7,400,5,1,1.547317516,0.741279054,1.81765643,,0.794370748,0.569187793,
0.01,6,0.7,400,5,1,1.547312289,0.74128085,1.817582237,,0.794441848,0.56911067,
0.01,7,0.7,400,5,1,1.547312401,0.741280814,1.817582058,,0.794441848,0.56911067,
0.01,8,0.7,400,5,1,1.547312401,0.741280814,1.817582058,,0.794441848,0.56911067,
0.01,4,0.7,400,5,1,1.548197849,0.740988576,1.815478283,,0.795842524,0.567589932,
0.01,5,0.8,400,5,0.8,1.474363332,0.765158582,1.91720625,,0.799049036,0.564098485,
0.01,6,0.8,400,5,0.8,1.474355807,0.765160848,1.917219349,,0.799049036,0.564098485,
0.01,7,0.8,400,5,0.8,1.474355807,0.765160848,1.917219349,,0.799049036,0.564098485,
0.01,8,0.8,400,5,0.8,1.474355807,0.765160848,1.917219349,,0.799049036,0.564098485,
0.01,4,0.8,400,5,0.8,1.474749537,0.76503371,1.917135455,,0.799404828,0.563710211,
0.01,5,0.9,300,3,1,1.28301381,0.822225685,2.115934454,,0.799856534,0.563217019,
0.01,6,0.9,300,3,1,1.282878255,0.822264099,2.090182908,,0.800109599,0.562940589,
0.01,7,0.9,300,3,1,1.282887114,0.822261362,2.089985945,,0.800109599,0.562940589,
0.01,8,0.9,300,3,1,1.282887114,0.822261362,2.089985945,,0.800109599,0.562940589,
0.01,3,0.7,400,5,1,1.561198478,0.736628653,1.81541765,,0.801311498,0.561626529,
0.01,4,0.9,300,3,1,1.286586756,0.821250269,2.100311719,,0.803265123,0.559486385,
0.01,5,0.8,300,3,1,1.390607514,0.791146714,1.961645775,,0.813275438,0.548438583,
0.01,6,0.8,300,3,1,1.390540091,0.791167383,1.961345367,,0.813443794,0.548251609,
0.01,7,0.8,300,3,1,1.390539373,0.791167581,1.961345367,,0.813443794,0.548251609,
0.01,8,0.8,300,3,1,1.390539373,0.791167581,1.961345367,,0.813443794,0.548251609,
0.01,4,0.8,300,3,1,1.392751708,0.790508362,1.954973467,,0.814308134,0.547291071,
0.01,3,0.8,400,5,0.8,1.501218802,0.756531254,1.915425234,,0.821113465,0.5396927,
0.01,3,0.9,400,5,1,1.389055283,0.791558042,1.961903194,,0.821856539,0.538859204,
0.01,3,0.9,400,5,0.8,1.430947883,0.778860869,2.027746193,,0.827802514,0.532162536,
0.01,4,0.9,300,3,0.8,1.343503453,0.805105479,2.084679954,,0.832299799,0.527065394,
0.01,5,0.9,300,3,0.8,1.342372039,0.805427029,2.047709145,,0.832716995,0.526591151,
0.01,6,0.9,300,3,0.8,1.342367441,0.805428409,2.047659628,,0.832716995,0.526591151,
0.01,7,0.9,300,3,0.8,1.34236723,0.805428475,2.047666245,,0.832716995,0.526591151,
0.01,8,0.9,300,3,0.8,1.34236723,0.805428475,2.047666245,,0.832716995,0.526591151,
0.01,5,0.7,400,5,0.8,1.576593042,0.731420891,1.842305663,,0.836570569,0.522199414,
0.01,6,0.7,400,5,0.8,1.576589268,0.731422037,1.842270407,,0.836570569,0.522199414,
0.01,7,0.7,400,5,0.8,1.576589268,0.731422037,1.842270407,,0.836570569,0.522199414,
0.01,8,0.7,400,5,0.8,1.576589268,0.731422037,1.842270407,,0.836570569,0.522199414,
0.01,4,0.7,400,5,0.8,1.577217138,0.731203187,1.840025711,,0.836652604,0.522105702,
0.01,5,0.9,400,5,0.6,1.480172452,0.76330775,1.928114079,,0.837764283,0.520834881,
0.01,6,0.9,400,5,0.6,1.480171437,0.763308076,1.928119026,,0.837764283,0.520834881,
0.01,7,0.9,400,5,0.6,1.480171437,0.763308076,1.928119026,,0.837764283,0.520834881,
0.01,8,0.9,400,5,0.6,1.480171437,0.763308076,1.928119026,,0.837764283,0.520834881,
0.01,4,0.9,400,5,0.6,1.480157891,0.763312679,1.928081669,,0.83905512,0.519357136,
0.01,4,0.6,400,5,1,1.637388716,0.710214453,1.770017166,,0.839733826,0.518579244,
0.01,5,0.6,400,5,1,1.637236017,0.710268693,1.770371903,,0.841690708,0.516332863,
0.01,6,0.6,400,5,1,1.637235302,0.710268948,1.770369832,,0.841690708,0.516332863,
0.01,7,0.6,400,5,1,1.637235289,0.710268953,1.770369832,,0.841690708,0.516332863,
0.01,8,0.6,400,5,1,1.637235289,0.710268953,1.770369832,,0.841690708,0.516332863,
0.01,3,0.8,300,3,1,1.443026133,0.775114016,1.946769724,,0.841840222,0.516161015,
0.01,6,0.7,300,3,1,1.510048462,0.753716604,1.872655953,,0.842881025,0.514963893,
0.01,7,0.7,300,3,1,1.510048462,0.753716604,1.872655953,,0.842881025,0.514963893,
0.01,8,0.7,300,3,1,1.510048462,0.753716604,1.872655953,,0.842881025,0.514963893,
0.01,3,0.9,400,5,0.6,1.516329663,0.751631282,1.940444731,,0.842885484,0.514958762,
0.01,5,0.7,300,3,1,1.510152536,0.753682661,1.87272189,,0.842908079,0.514932757,
0.01,4,0.7,300,3,1,1.511279035,0.753316177,1.871527622,,0.843837608,0.513862337,
0.01,3,0.6,400,5,1,1.642215022,0.708497104,1.774167272,,0.845078381,0.512431659,
0.01,3,0.7,400,5,0.8,1.586429761,0.728053102,1.840055187,,0.846005428,0.511361352,
0.01,5,0.8,300,3,0.8,1.440732047,0.775833574,1.967116662,,0.846243291,0.511086542,
0.01,6,0.8,300,3,0.8,1.440744295,0.775829476,1.966930665,,0.846243291,0.511086542,
0.01,7,0.8,300,3,0.8,1.440744295,0.775829476,1.966930665,,0.846243291,0.511086542,
0.01,8,0.8,300,3,0.8,1.440744295,0.775829476,1.966930665,,0.846243291,0.511086542,
0.01,4,0.8,300,3,0.8,1.441711353,0.775527164,1.972341933,,0.846496487,0.510793933,
0.01,7,0.8,200,1,1,1.201479905,0.844099061,2.079368407,,0.849906759,0.506844273,
0.01,8,0.8,200,1,1,1.201479905,0.844099061,2.079368407,,0.849906759,0.506844273,
0.01,5,0.8,200,1,1,1.201697346,0.84404367,2.079332004,,0.850274772,0.506417104,
0.01,4,0.8,200,1,1,1.206567647,0.842784936,2.081739376,,0.850540561,0.506108476,
0.01,6,0.8,200,1,1,1.201467111,0.844102558,2.0793672,,0.850646167,0.505985822,
0.01,5,0.9,200,1,1,1.092008775,0.871207952,2.184883261,,0.852388704,0.503959786,
0.01,6,0.9,200,1,1,1.091660143,0.871289587,2.182650948,,0.852888051,0.503378434,
0.01,7,0.9,200,1,1,1.091707478,0.871278528,2.182760159,,0.852892162,0.503373646,
0.01,8,0.9,200,1,1,1.091707478,0.871278528,2.182760159,,0.852892162,0.503373646,
0.01,3,0.9,300,3,0.8,1.414668259,0.783918176,2.060296573,,0.856598538,0.499047933,
0.01,4,0.9,200,1,1,1.098700705,0.869633862,2.191252847,,0.856967169,0.498616678,
0.01,3,0.7,300,3,1,1.535698992,0.745276482,1.873009021,,0.861710827,0.493050599,
0.01,3,0.9,300,3,1,1.366287359,0.798436677,2.069932694,,0.865809861,0.488216158,
0.01,5,0.7,200,1,1,1.326514189,0.809994499,1.993536735,,0.866045112,0.487938005,
0.01,6,0.7,200,1,1,1.325948992,0.810153321,1.994189198,,0.866059785,0.487920653,
0.01,7,0.7,200,1,1,1.325937582,0.810156612,1.994188974,,0.866060813,0.487919437,
0.01,8,0.7,200,1,1,1.325937582,0.810156612,1.994188974,,0.866060813,0.487919437,
0.01,4,0.7,200,1,1,1.331025692,0.808700959,2.000774855,,0.867105396,0.486683419,
0.01,3,0.8,300,3,0.8,1.481644465,0.762922678,1.971213663,,0.86821882,0.485364304,
0.01,5,0.8,400,5,0.6,1.557237244,0.737979338,1.88611532,,0.869256644,0.484133231,
0.01,6,0.8,400,5,0.6,1.557234008,0.73798033,1.8861079,,0.869256644,0.484133231,
0.01,7,0.8,400,5,0.6,1.557234008,0.73798033,1.8861079,,0.869256644,0.484133231,
0.01,8,0.8,400,5,0.6,1.557234008,0.73798033,1.8861079,,0.869256644,0.484133231,
0.01,4,0.8,400,5,0.6,1.557329442,0.737949821,1.886198335,,0.869590399,0.483737017,
0.01,3,0.8,400,5,0.6,1.571451046,0.733193148,1.891715907,,0.87422645,0.478217633,
0.01,3,0.8,200,1,1,1.303682338,0.816545292,2.080478276,,0.874825962,0.477501749,
0.01,4,0.7,300,3,0.8,1.551441735,0.74004282,1.873334611,,0.880199393,0.47106337,
0.01,6,0.7,300,3,0.8,1.550693789,0.74029072,1.872429127,,0.880292501,0.470951462,
0.01,7,0.7,300,3,0.8,1.550693789,0.74029072,1.872429127,,0.880292501,0.470951462,
0.01,8,0.7,300,3,0.8,1.550693789,0.74029072,1.872429127,,0.880292501,0.470951462,
0.01,5,0.7,300,3,0.8,1.550708074,0.740286096,1.872436727,,0.880321961,0.470916051,
0.01,5,0.6,400,5,0.8,1.662444641,0.701293228,1.78765953,,0.884569705,0.465797842,
0.01,6,0.6,400,5,0.8,1.662443767,0.701293513,1.787656699,,0.884569705,0.465797842,
0.01,7,0.6,400,5,0.8,1.662443767,0.701293513,1.787656699,,0.884569705,0.465797842,
0.01,8,0.6,400,5,0.8,1.662443767,0.701293513,1.787656699,,0.884569705,0.465797842,
0.01,4,0.6,400,5,0.8,1.662757867,0.701174919,1.787643884,,0.884607504,0.465752188,
0.01,3,0.7,200,1,1,1.397481367,0.789173618,2.019089828,,0.886228786,0.463792085,
0.01,3,0.9,200,1,1,1.247127736,0.832143352,2.166416282,,0.887094548,0.462743925,
0.01,6,0.6,300,3,1,1.623864731,0.715097951,1.815566147,,0.887787066,0.461904771,
0.01,7,0.6,300,3,1,1.623864731,0.715097951,1.815566147,,0.887787066,0.461904771,
0.01,8,0.6,300,3,1,1.623864731,0.715097951,1.815566147,,0.887787066,0.461904771,
0.01,4,0.6,300,3,1,1.624448745,0.714892015,1.816073517,,0.888024288,0.461617167,
0.01,5,0.6,300,3,1,1.62386703,0.715097152,1.815595204,,0.88819307,0.461412493,
0.01,3,0.6,400,5,0.8,1.667265036,0.699539311,1.787884493,,0.889357298,0.459999626,
0.01,5,0.9,300,3,0.6,1.457115186,0.770706201,1.95252394,,0.889380561,0.459971375,
0.01,6,0.9,300,3,0.6,1.457115558,0.770706076,1.95252695,,0.889380561,0.459971375,
0.01,7,0.9,300,3,0.6,1.457115558,0.770706076,1.95252695,,0.889380561,0.459971375,
0.01,8,0.9,300,3,0.6,1.457115558,0.770706076,1.95252695,,0.889380561,0.459971375,
0.01,4,0.9,300,3,0.6,1.457407391,0.7706115,1.954688125,,0.889464798,0.459869074,
0.01,5,0.6,200,1,1,1.435945431,0.777295144,1.990949208,,0.890177472,0.459003179,
0.01,6,0.6,200,1,1,1.435613556,0.777397609,1.991019467,,0.890188565,0.458989696,
0.01,7,0.6,200,1,1,1.435571668,0.777410486,1.991030315,,0.890188976,0.458989196,
0.01,8,0.6,200,1,1,1.435571668,0.777410486,1.991030315,,0.890188976,0.458989196,
0.01,7,0.9,200,1,0.8,1.167177594,0.852873153,2.165733705,,0.891532325,0.457355128,
0.01,8,0.9,200,1,0.8,1.167177594,0.852873153,2.165733705,,0.891532325,0.457355128,
0.01,6,0.9,200,1,0.8,1.167222279,0.852861988,2.165104533,,0.891541934,0.45734343,
0.01,4,0.6,200,1,1,1.439219231,0.776282684,1.99394984,,0.891664177,0.457194608,
0.01,3,0.9,300,3,0.6,1.500838333,0.756725184,1.979233437,,0.891696878,0.457154794,
0.01,5,0.9,200,1,0.8,1.167414762,0.852813118,2.16816997,,0.891996918,0.456789417,
0.01,4,0.9,200,1,0.8,1.174388783,0.851063163,2.184184471,,0.892525704,0.456145183,
0.01,3,0.7,300,3,0.8,1.566939418,0.734818049,1.878032023,,0.895324181,0.452729369,
0.01,3,0.6,300,3,1,1.635384667,0.711028447,1.812679896,,0.895496367,0.452518849,
0.01,4,0.8,200,1,0.8,1.269785072,0.825892721,2.094619567,,0.903552592,0.442623842,
0.01,7,0.8,200,1,0.8,1.264338847,0.827375876,2.08819882,,0.904768302,0.441122959,
0.01,8,0.8,200,1,0.8,1.264338847,0.827375876,2.08819882,,0.904768302,0.441122959,
0.01,6,0.8,200,1,0.8,1.264273176,0.827394206,2.088391492,,0.904787864,0.441098793,
0.01,5,0.8,200,1,0.8,1.264699943,0.827279215,2.087733815,,0.905102876,0.440709549,
0.01,3,0.9,200,1,0.8,1.302636946,0.816827906,2.150227035,,0.910400392,0.434143398,
0.01,3,0.8,200,1,0.8,1.356996005,0.801208193,2.07572859,,0.913073446,0.430815663,
0.01,5,0.7,200,1,0.8,1.38112989,0.794043566,1.999097864,,0.914316329,0.429265052,
0.01,6,0.7,200,1,0.8,1.380698863,0.794171647,1.998024786,,0.914349249,0.429223952,
0.01,7,0.7,200,1,0.8,1.380657955,0.794183546,1.998021791,,0.914378094,0.42918794,
0.01,8,0.7,200,1,0.8,1.380657955,0.794183546,1.998021791,,0.914378094,0.42918794,
0.01,4,0.7,200,1,0.8,1.385305366,0.792799061,2.003771657,,0.915584801,0.427680341,
0.01,3,0.6,200,1,1,1.488433494,0.760744669,2.008250395,,0.917275801,0.425564346,
0.01,5,0.8,300,3,0.6,1.535270104,0.745429289,1.919224317,,0.919480693,0.42279944,
0.01,6,0.8,300,3,0.6,1.535251894,0.745435875,1.919175381,,0.919480693,0.42279944,
0.01,7,0.8,300,3,0.6,1.535251894,0.745435875,1.919175381,,0.919480693,0.42279944,
0.01,8,0.8,300,3,0.6,1.535251894,0.745435875,1.919175381,,0.919480693,0.42279944,
0.01,4,0.8,300,3,0.6,1.535393155,0.745390008,1.918838764,,0.920328576,0.421734439,
0.01,6,0.7,400,5,0.6,1.641484541,0.708798046,1.834574486,,0.922730247,0.41871244,
0.01,7,0.7,400,5,0.6,1.641484541,0.708798046,1.834574486,,0.922730247,0.41871244,
0.01,8,0.7,400,5,0.6,1.641484541,0.708798046,1.834574486,,0.922730247,0.41871244,
0.01,5,0.7,400,5,0.6,1.641484,0.708798283,1.834554041,,0.922777311,0.418653141,
0.01,4,0.7,400,5,0.6,1.641588539,0.708758672,1.834719384,,0.92317279,0.418154734,
0.01,4,0.6,300,3,0.8,1.655968574,0.703739644,1.822501326,,0.924866217,0.416018154,
0.01,5,0.6,300,3,0.8,1.655585148,0.703876428,1.823686103,,0.925047579,0.415789099,
0.01,6,0.6,300,3,0.8,1.655563328,0.703883703,1.823583613,,0.925047579,0.415789099,
0.01,7,0.6,300,3,0.8,1.655563328,0.703883703,1.823583613,,0.925047579,0.415789099,
0.01,8,0.6,300,3,0.8,1.655563328,0.703883703,1.823583613,,0.925047579,0.415789099,
0.01,3,0.8,300,3,0.6,1.557549543,0.737971908,1.932123075,,0.925527524,0.415182726,
0.01,3,0.7,400,5,0.6,1.646646593,0.706959341,1.831901873,,0.926787055,0.413589912,
0.01,3,0.7,200,1,0.8,1.446211114,0.774199151,2.019528607,,0.92726532,0.412984526,
0.01,3,0.6,300,3,0.8,1.662626675,0.701346353,1.820928628,,0.934413715,0.4038989,
0.01,5,0.6,200,1,0.8,1.482020219,0.762742974,1.983176763,,0.937940368,0.399390813,
0.01,6,0.6,200,1,0.8,1.48122868,0.762994649,1.984299103,,0.937959336,0.399366522,
0.01,7,0.6,200,1,0.8,1.481194724,0.763005773,1.984298984,,0.937959336,0.399366522,
0.01,8,0.6,200,1,0.8,1.481194724,0.763005773,1.984298984,,0.937959336,0.399366522,
0.01,4,0.6,200,1,0.8,1.485220834,0.761718731,1.985586236,,0.938638292,0.398496651,
0.01,3,0.6,200,1,0.8,1.52995332,0.747170361,1.978988374,,0.943910932,0.391719987,
0.01,3,0.9,200,1,0.6,1.401231953,0.787946803,2.07425567,,0.955330315,0.376913082,
0.01,6,0.9,200,1,0.6,1.289023159,0.820436402,2.104138622,,0.957364484,0.3742568,
0.01,7,0.9,200,1,0.6,1.288998463,0.820443337,2.104042555,,0.957364484,0.3742568,
0.01,8,0.9,200,1,0.6,1.288998463,0.820443337,2.104042555,,0.957364484,0.3742568,
0.01,5,0.9,200,1,0.6,1.289137851,0.820404844,2.100376422,,0.957371232,0.374247979,
0.01,4,0.9,200,1,0.6,1.295590334,0.818615055,2.108373711,,0.9574017,0.374208149,
0.01,6,0.7,300,3,0.6,1.626313452,0.714312406,1.875402714,,0.972964591,0.353697872,
0.01,7,0.7,300,3,0.6,1.626313452,0.714312406,1.875402714,,0.972964591,0.353697872,
0.01,8,0.7,300,3,0.6,1.626313452,0.714312406,1.875402714,,0.972964591,0.353697872,
0.01,5,0.7,300,3,0.6,1.626313382,0.714312541,1.875372107,,0.973029201,0.353612034,
0.01,4,0.7,300,3,0.6,1.626747925,0.714163083,1.875417317,,0.97348422,0.353007351,
0.01,5,0.8,200,1,0.6,1.373263327,0.796252344,2.051656703,,0.976546989,0.348929819,
0.01,6,0.8,200,1,0.6,1.373114265,0.796295925,2.053760851,,0.976546989,0.348929819,
0.01,7,0.8,200,1,0.6,1.373110075,0.796297233,2.053760434,,0.976546989,0.348929819,
0.01,8,0.8,200,1,0.6,1.373110075,0.796297233,2.053760434,,0.976546989,0.348929819,
0.01,3,0.7,300,3,0.6,1.635640939,0.711004629,1.875982518,,0.977070265,0.348231889,
0.01,4,0.8,200,1,0.6,1.37793026,0.794868599,2.053628574,,0.977322158,0.347895788,
0.01,3,0.8,200,1,0.6,1.453189153,0.77191815,2.036052058,,0.981125426,0.342810561,
0.01,6,0.6,400,5,0.6,1.721891752,0.679538002,1.8240084,,0.997623013,0.320523514,
0.01,7,0.6,400,5,0.6,1.721891752,0.679538002,1.8240084,,0.997623013,0.320523514,
0.01,8,0.6,400,5,0.6,1.721891752,0.679538002,1.8240084,,0.997623013,0.320523514,
0.01,5,0.6,400,5,0.6,1.721891752,0.679538002,1.8240084,,0.997666153,0.320464747,
0.01,4,0.6,400,5,0.6,1.722019203,0.679489745,1.823781425,,0.997875226,0.320179908,
0.01,3,0.6,400,5,0.6,1.722908618,0.679152337,1.823216493,,1.001131685,0.315735628,
0.01,5,0.7,200,1,0.6,1.477197807,0.764287249,2.011132667,,1.003753227,0.312147336,
0.01,6,0.7,200,1,0.6,1.477078232,0.764325018,2.012851263,,1.003760746,0.31213703,
0.01,7,0.7,200,1,0.6,1.477053215,0.764332926,2.012617672,,1.003760746,0.31213703,
0.01,8,0.7,200,1,0.6,1.477053215,0.764332926,2.012617672,,1.003760746,0.31213703,
0.01,4,0.7,200,1,0.6,1.480904023,0.763113156,2.009329522,,1.004262081,0.311449744,
0.01,3,0.7,200,1,0.6,1.531686478,0.746597924,1.994567016,,1.006582308,0.308264442,
0.01,6,0.9,300,5,1,1.581452466,0.729767976,2.014237453,,1.017374448,0.293351947,
0.01,7,0.9,300,5,1,1.581452466,0.729767976,2.014237453,,1.017374448,0.293351947,
0.01,8,0.9,300,5,1,1.581452466,0.729767976,2.014237453,,1.017374448,0.293351947,
0.01,5,0.9,300,5,1,1.581455429,0.729766972,2.014123325,,1.017380487,0.293343558,
0.01,4,0.9,300,5,1,1.583097353,0.729215261,2.012947877,,1.017677191,0.292931326,
0.01,6,0.6,300,3,0.6,1.714497532,0.682421188,1.857377688,,1.032581703,0.272068747,
0.01,7,0.6,300,3,0.6,1.714497532,0.682421188,1.857377688,,1.032581703,0.272068747,
0.01,8,0.6,300,3,0.6,1.714497532,0.682421188,1.857377688,,1.032581703,0.272068747,
0.01,5,0.6,300,3,0.6,1.714501754,0.682419681,1.857386927,,1.03263966,0.271987031,
0.01,4,0.6,300,3,0.6,1.714605273,0.682378606,1.857324297,,1.033082878,0.271361958,
0.01,3,0.6,300,3,0.6,1.717817796,0.681170871,1.855676273,,1.03419603,0.269790889,
0.01,5,0.6,200,1,0.6,1.562483722,0.736187235,1.994747067,,1.036798147,0.266111741,
0.01,6,0.6,200,1,0.6,1.562257126,0.736262609,1.994769449,,1.036816041,0.266086409,
0.01,7,0.6,200,1,0.6,1.56225133,0.736264695,1.994769359,,1.036816041,0.266086409,
0.01,8,0.6,200,1,0.6,1.56225133,0.736264695,1.994769359,,1.036816041,0.266086409,
0.01,4,0.6,200,1,0.6,1.565765674,0.735073744,1.99816596,,1.037430376,0.265216433,
0.01,3,0.6,200,1,0.6,1.59924117,0.723650635,1.997625927,,1.037764487,0.264743074,
0.01,5,0.9,300,5,0.8,1.624793948,0.714808845,2.035758545,,1.051397752,0.245297823,
0.01,6,0.9,300,5,0.8,1.624792807,0.714809223,2.035759021,,1.051397752,0.245297823,
0.01,7,0.9,300,5,0.8,1.624792807,0.714809223,2.035759021,,1.051397752,0.245297823,
0.01,8,0.9,300,5,0.8,1.624792807,0.714809223,2.035759021,,1.051397752,0.245297823,
0.01,4,0.9,300,5,0.8,1.625164737,0.714677058,2.037201186,,1.052178617,0.244176384,
0.01,5,0.8,300,5,1,1.675506706,0.696586169,1.94126,,1.054572845,0.240732722,
0.01,4,0.8,300,5,1,1.67609816,0.69637571,1.940021087,,1.054581484,0.240720283,
0.01,6,0.8,300,5,1,1.675510634,0.69658467,1.941885193,,1.054586644,0.240712853,
0.01,7,0.8,300,5,1,1.675510634,0.69658467,1.941885193,,1.054586644,0.240712853,
0.01,8,0.8,300,5,1,1.675510634,0.69658467,1.941885193,,1.054586644,0.240712853,
0.01,3,0.9,300,5,1,1.621490711,0.715954696,2.036144425,,1.060093776,0.232762036,
0.01,3,0.8,300,5,1,1.693617379,0.690002606,1.953389217,,1.067731539,0.221666619,
0.01,3,0.9,300,5,0.8,1.651803295,0.705277853,2.058762421,,1.080696628,0.2026498,
0.01,5,0.8,300,5,0.8,1.706961862,0.685135106,1.961683948,,1.083075845,0.199135108,
0.01,6,0.8,300,5,0.8,1.706959445,0.685136009,1.961690326,,1.083075845,0.199135108,
0.01,7,0.8,300,5,0.8,1.706959445,0.685136009,1.961690326,,1.083075845,0.199135108,
0.01,8,0.8,300,5,0.8,1.706959445,0.685136009,1.961690326,,1.083075845,0.199135108,
0.01,4,0.8,300,5,0.8,1.707320219,0.684999652,1.961256672,,1.083082462,0.199125323,
0.01,4,0.7,300,5,1,1.768833757,0.661857739,1.870724906,,1.092662461,0.184894994,
0.01,5,0.7,300,5,1,1.768646281,0.661931107,1.871986081,,1.092706698,0.184828993,
0.01,6,0.7,300,5,1,1.768645872,0.661931258,1.872002502,,1.092706698,0.184828993,
0.01,7,0.7,300,5,1,1.768645948,0.66193123,1.872002263,,1.092706698,0.184828993,
0.01,8,0.7,300,5,1,1.768645948,0.66193123,1.872002263,,1.092706698,0.184828993,
0.01,3,0.8,300,5,0.8,1.716993905,0.681427372,1.96153446,,1.097408321,0.177798977,
0.01,3,0.7,300,5,1,1.774065943,0.659848264,1.87160622,,1.099878684,0.174093118,
0.01,5,0.9,300,5,0.6,1.700878737,0.687419322,1.957264984,,1.119203906,0.144815247,
0.01,6,0.9,300,5,0.6,1.700878441,0.687419435,1.957265491,,1.119203906,0.144815247,
0.01,7,0.9,300,5,0.6,1.700878441,0.687419435,1.957265491,,1.119203906,0.144815247,
0.01,8,0.9,300,5,0.6,1.700878441,0.687419435,1.957265491,,1.119203906,0.144815247,
0.01,4,0.9,300,5,0.6,1.700868769,0.687423163,1.957642699,,1.120453153,0.14290508,
0.01,3,0.9,300,5,0.6,1.712807013,0.683036913,1.962100113,,1.123452439,0.138310308,
0.01,4,0.7,300,5,0.8,1.7908134,0.653444248,1.896139045,,1.131351114,0.126151123,
0.01,5,0.7,300,5,0.8,1.790615844,0.653523817,1.896363308,,1.13153419,0.125868286,
0.01,6,0.7,300,5,0.8,1.790615009,0.653524146,1.896327008,,1.13153419,0.125868286,
0.01,7,0.7,300,5,0.8,1.790615009,0.653524146,1.896327008,,1.13153419,0.125868286,
0.01,8,0.7,300,5,0.8,1.790615009,0.653524146,1.896327008,,1.13153419,0.125868286,
0.01,5,0.9,400,10,1,1.742735831,0.671645535,2.024131139,,1.132077609,0.125028482,
0.01,6,0.9,400,10,1,1.742749785,0.671641005,2.024147142,,1.132200286,0.12483884,
0.01,7,0.9,400,10,1,1.742749785,0.671641005,2.024147142,,1.132200286,0.12483884,
0.01,8,0.9,400,10,1,1.742749785,0.671641005,2.024147142,,1.132200286,0.12483884,
0.01,4,0.9,400,10,1,1.742967576,0.67155778,2.024229337,,1.133637301,0.12261588,
0.01,3,0.7,300,5,0.8,1.793313294,0.652468493,1.895596851,,1.135770714,0.119310442,
0.01,3,0.9,400,10,1,1.75133507,0.668390105,2.039466669,,1.144327822,0.105989893,
0.01,5,0.6,300,5,1,1.854237444,0.628330958,1.829082628,,1.149954867,0.097175978,
0.01,6,0.6,300,5,1,1.854234412,0.628332218,1.829080661,,1.149954867,0.097175978,
0.01,7,0.6,300,5,1,1.854234412,0.628332218,1.829080661,,1.149954867,0.097175978,
0.01,8,0.6,300,5,1,1.854234412,0.628332218,1.829080661,,1.149954867,0.097175978,
0.01,4,0.6,300,5,1,1.854340731,0.628288283,1.829005231,,1.150017371,0.097077832,
0.01,3,0.6,300,5,1,1.858525497,0.626611642,1.82776906,,1.156203836,0.087337247,
0.01,6,0.8,400,10,1,1.81182664,0.644979781,1.951713403,,1.163523419,0.075745077,
0.01,7,0.8,400,10,1,1.81182664,0.644979781,1.951713403,,1.163523419,0.075745077,
0.01,8,0.8,400,10,1,1.81182664,0.644979781,1.951713403,,1.163523419,0.075745077,
0.01,5,0.8,400,10,1,1.811828111,0.644979198,1.95186751,,1.163611488,0.075605155,
0.01,4,0.8,400,10,1,1.811895651,0.64495302,1.952245344,,1.164578524,0.074068053,
0.01,5,0.8,300,5,0.6,1.766237532,0.662871921,1.921899373,,1.164871758,0.073601705,
0.01,6,0.8,300,5,0.6,1.766234278,0.66287306,1.921893204,,1.164871758,0.073601705,
0.01,7,0.8,300,5,0.6,1.766234278,0.66287306,1.921893204,,1.164871758,0.073601705,
0.01,8,0.8,300,5,0.6,1.766234278,0.66287306,1.921893204,,1.164871758,0.073601705,
0.01,4,0.8,300,5,0.6,1.76630869,0.662846275,1.921839828,,1.165153002,0.073154316,
0.01,3,0.8,300,5,0.6,1.767945478,0.662215381,1.923511559,,1.16806316,0.06851864,
0.01,3,0.8,400,10,1,1.813227058,0.644439503,1.958605875,,1.16925452,0.066617552,
0.01,6,0.9,400,10,0.8,1.765440962,0.663025482,2.03925093,,1.169369783,0.066433521,
0.01,7,0.9,400,10,0.8,1.765440962,0.663025482,2.03925093,,1.169369783,0.066433521,
0.01,8,0.9,400,10,0.8,1.765440962,0.663025482,2.03925093,,1.169369783,0.066433521,
0.01,5,0.9,400,10,0.8,1.765441133,0.663025414,2.039250691,,1.169380574,0.066416291,
0.01,4,0.9,400,10,0.8,1.765541589,0.662986316,2.039408703,,1.169390915,0.06639978,
0.01,5,0.6,300,5,0.8,1.875875286,0.619645262,1.851895441,,1.181104878,0.047602073,
0.01,6,0.6,300,5,0.8,1.875875421,0.619645209,1.851892938,,1.181104878,0.047602073,
0.01,7,0.6,300,5,0.8,1.875875421,0.619645209,1.851892938,,1.181104878,0.047602073,
0.01,8,0.6,300,5,0.8,1.875875421,0.619645209,1.851892938,,1.181104878,0.047602073,
0.01,4,0.6,300,5,0.8,1.876006631,0.619586795,1.852250893,,1.181134647,0.047554065,
0.01,3,0.6,300,5,0.8,1.878960542,0.618371294,1.851392527,,1.184918336,0.041442091,
0.01,3,0.9,400,10,0.8,1.770484045,0.661089029,2.049098869,,1.190673066,0.032108727,
0.01,6,0.9,200,3,1,1.646882284,0.706983604,2.116943617,,1.202810065,0.012275965,
0.01,7,0.9,200,3,1,1.646883948,0.706982948,2.116785903,,1.202810065,0.012275965,
0.01,8,0.9,200,3,1,1.646883948,0.706982948,2.116785903,,1.202810065,0.012275965,
0.01,5,0.9,200,3,1,1.6469463,0.706960058,2.129434814,,1.203069119,0.01185046,
0.01,4,0.9,200,3,1,1.648636575,0.706363219,2.12681215,,1.203457469,0.011212407,
0.01,5,0.8,400,10,0.8,1.829381529,0.638064508,1.960331221,,1.204007368,0.010308583,
0.01,6,0.8,400,10,0.8,1.829381183,0.638064649,1.960332175,,1.204007368,0.010308583,
0.01,7,0.8,400,10,0.8,1.829381183,0.638064649,1.960332175,,1.204007368,0.010308583,
0.01,8,0.8,400,10,0.8,1.829381183,0.638064649,1.960332175,,1.204007368,0.010308583,
0.01,4,0.8,400,10,0.8,1.829373202,0.638071316,1.960585256,,1.204018165,0.010290833,
0.01,3,0.8,400,10,0.8,1.830521768,0.637595658,1.961937775,,1.210443315,-0.000300365,
0.01,6,0.7,400,10,1,1.891069974,0.613239497,1.885492076,,1.211590323,-0.002197019,
0.01,7,0.7,400,10,1,1.891069974,0.613239497,1.885492076,,1.211590323,-0.002197019,
0.01,8,0.7,400,10,1,1.891069974,0.613239497,1.885492076,,1.211590323,-0.002197019,
0.01,5,0.7,400,10,1,1.891073849,0.613237818,1.885525306,,1.211597311,-0.002208579,
0.01,6,0.8,200,3,1,1.735497935,0.674574452,2.029910673,,1.211732918,-0.002432936,
0.01,7,0.8,200,3,1,1.735497935,0.674574452,2.029910673,,1.211732918,-0.002432936,
0.01,8,0.8,200,3,1,1.735497935,0.674574452,2.029910673,,1.211732918,-0.002432936,
0.01,5,0.8,200,3,1,1.735566222,0.674547001,2.02991261,,1.211733743,-0.0024343,
0.01,4,0.7,400,10,1,1.891196633,0.613186262,1.885937144,,1.211788718,-0.002525261,
0.01,4,0.8,200,3,1,1.736794677,0.674089833,2.027743776,,1.211979933,-0.002841674,
0.01,5,0.9,200,3,0.8,1.692988337,0.690391765,2.070278008,,1.215124508,-0.008052324,
0.01,6,0.9,200,3,0.8,1.692986413,0.690392529,2.070221414,,1.215124508,-0.008052324,
0.01,7,0.9,200,3,0.8,1.692986066,0.690392668,2.070225646,,1.215124508,-0.008052324,
0.01,8,0.9,200,3,0.8,1.692986066,0.690392668,2.070225646,,1.215124508,-0.008052324,
0.01,4,0.9,200,3,0.8,1.693960836,0.690032461,2.075442781,,1.21517675,-0.008139004,
0.01,3,0.7,400,10,1,1.892631834,0.612603514,1.886851956,,1.2153062,-0.008353806,
0.01,3,0.9,200,3,1,1.701675705,0.687249476,2.112325658,,1.221918628,-0.019356475,
0.01,6,0.7,300,5,0.6,1.837873334,0.634945645,1.898193647,,1.226271453,-0.026631891,
0.01,7,0.7,300,5,0.6,1.837873334,0.634945645,1.898193647,,1.226271453,-0.026631891,
0.01,8,0.7,300,5,0.6,1.837873334,0.634945645,1.898193647,,1.226271453,-0.026631891,
0.01,5,0.7,300,5,0.6,1.837873781,0.634945466,1.898193617,,1.226312184,-0.026700093,
0.01,4,0.7,300,5,0.6,1.837922165,0.634925911,1.898355742,,1.226656252,-0.027276298,
0.01,3,0.8,200,3,1,1.763172543,0.664132824,2.025737812,,1.227864517,-0.029301044,
0.01,3,0.7,300,5,0.6,1.838708301,0.634591555,1.894623746,,1.228788156,-0.030850173,
0.01,3,0.9,200,3,0.8,1.730063343,0.676726385,2.079628547,,1.230534267,-0.033781936,
0.01,5,0.9,400,10,0.6,1.814951309,0.643848654,1.976832439,,1.242384372,-0.053788547,
0.01,6,0.9,400,10,0.6,1.814951102,0.643848738,1.976832499,,1.242384372,-0.053788547,
0.01,7,0.9,400,10,0.6,1.814951102,0.643848738,1.976832499,,1.242384372,-0.053788547,
0.01,8,0.9,400,10,0.6,1.814951102,0.643848738,1.976832499,,1.242384372,-0.053788547,
0.01,4,0.9,400,10,0.6,1.815025197,0.643819561,1.977336158,,1.242565913,-0.054096534,
0.01,3,0.9,400,10,0.6,1.81635668,0.643288109,1.97931381,,1.243874255,-0.056317496,
0.01,4,0.8,200,3,0.8,1.773626216,0.660168022,2.014849593,,1.244887215,-0.058038638,
0.01,5,0.8,200,3,0.8,1.773003352,0.66040724,2.013504167,,1.24501695,-0.058259177,
0.01,6,0.8,200,3,0.8,1.7729728,0.660419943,2.013359328,,1.24501695,-0.058259177,
0.01,7,0.8,200,3,0.8,1.7729728,0.660419943,2.013359328,,1.24501695,-0.058259177,
0.01,8,0.8,200,3,0.8,1.7729728,0.660419943,2.013359328,,1.24501695,-0.058259177,
0.01,6,0.7,200,3,1,1.831839829,0.637411802,1.961838652,,1.2497967,-0.066400308,
0.01,7,0.7,200,3,1,1.831839829,0.637411802,1.961838652,,1.2497967,-0.066400308,
0.01,8,0.7,200,3,1,1.831839829,0.637411802,1.961838652,,1.2497967,-0.066400308,
0.01,5,0.7,200,3,1,1.831943822,0.637370586,1.961916913,,1.249819267,-0.06643882,
0.01,4,0.7,200,3,1,1.83265322,0.637085707,1.960961033,,1.250236337,-0.067150689,
0.01,4,0.7,400,10,0.8,1.90786125,0.606317709,1.914926638,,1.253645764,-0.07297892,
0.01,6,0.7,400,10,0.8,1.907798005,0.606343978,1.914830019,,1.254175196,-0.073885379,
0.01,7,0.7,400,10,0.8,1.907798005,0.606343978,1.914830019,,1.254175196,-0.073885379,
0.01,8,0.7,400,10,0.8,1.907798005,0.606343978,1.914830019,,1.254175196,-0.073885379,
0.01,5,0.7,400,10,0.8,1.907799264,0.60634348,1.914822061,,1.254202567,-0.073932252,
0.01,3,0.7,400,10,0.8,1.908966395,0.605850231,1.91675653,,1.257007678,-0.078741472,
0.01,3,0.8,200,3,0.8,1.788876263,0.654288174,2.015717436,,1.259811533,-0.083559276,
0.01,3,0.7,200,3,1,1.842720555,0.633087778,1.964241852,,1.264847406,-0.092239261,
0.01,4,0.9,200,3,0.6,1.772667652,0.660536923,2.01194265,,1.281499611,-0.12118808,
0.01,5,0.9,200,3,0.6,1.772371211,0.660654137,2.010722006,,1.282000236,-0.122064249,
0.01,6,0.9,200,3,0.6,1.772371054,0.660654204,2.010725374,,1.282000236,-0.122064249,
0.01,7,0.9,200,3,0.6,1.772371054,0.660654204,2.010725374,,1.282000236,-0.122064249,
0.01,8,0.9,200,3,0.6,1.772371054,0.660654204,2.010725374,,1.282000236,-0.122064249,
0.01,5,0.8,400,10,0.6,1.868579336,0.622415586,1.956147869,,1.286153417,-0.129346127,
0.01,6,0.8,400,10,0.6,1.868579336,0.622415586,1.956147869,,1.286153417,-0.129346127,
0.01,7,0.8,400,10,0.6,1.868579336,0.622415586,1.956147869,,1.286153417,-0.129346127,
0.01,8,0.8,400,10,0.6,1.868579336,0.622415586,1.956147869,,1.286153417,-0.129346127,
0.01,4,0.8,400,10,0.6,1.868610845,0.62240218,1.956252386,,1.286421994,-0.129817839,
0.01,3,0.9,200,3,0.6,1.787789298,0.654713152,2.023855651,,1.287203591,-0.131191153,
0.01,3,0.8,400,10,0.6,1.8690523,0.622223552,1.953381975,,1.289260218,-0.134808758,
0.01,6,0.7,200,3,0.8,1.85804507,0.627010171,1.958965649,,1.291275256,-0.13835881,
0.01,7,0.7,200,3,0.8,1.85804507,0.627010171,1.958965649,,1.291275256,-0.13835881,
0.01,8,0.7,200,3,0.8,1.85804507,0.627010171,1.958965649,,1.291275256,-0.13835881,
0.01,4,0.7,200,3,0.8,1.858569211,0.626798435,1.959692289,,1.291298844,-0.138400399,
0.01,5,0.7,200,3,0.8,1.858050536,0.627008153,1.958970447,,1.291300077,-0.138402572,
0.01,6,0.6,300,5,0.6,1.91785737,0.602413328,1.884736885,,1.291561053,-0.138862768,
0.01,7,0.6,300,5,0.6,1.91785737,0.602413328,1.884736885,,1.291561053,-0.138862768,
0.01,8,0.6,300,5,0.6,1.91785737,0.602413328,1.884736885,,1.291561053,-0.138862768,
0.01,5,0.6,300,5,0.6,1.91785737,0.602413328,1.884736885,,1.291596446,-0.138925186,
0.01,4,0.6,300,5,0.6,1.917969475,0.602367162,1.884511431,,1.292073924,-0.13976742,
0.01,3,0.6,300,5,0.6,1.918354784,0.602203559,1.885181208,,1.292889498,-0.141206746,
0.01,6,0.6,200,3,1,1.91084471,0.605370195,1.917532791,,1.296919217,-0.14833173,
0.01,7,0.6,200,3,1,1.91084471,0.605370195,1.917532791,,1.296919217,-0.14833173,
0.01,8,0.6,200,3,1,1.91084471,0.605370195,1.917532791,,1.296919217,-0.14833173,
0.01,5,0.6,200,3,1,1.910847401,0.605369123,1.917533506,,1.297083736,-0.14862309,
0.01,4,0.6,200,3,1,1.911361789,0.605147648,1.917285998,,1.297154932,-0.148749187,
0.01,3,0.7,200,3,0.8,1.863788671,0.624696606,1.962496211,,1.297866962,-0.150010669,
0.01,5,0.6,400,10,1,1.974018448,0.578566419,1.850048023,,1.301311109,-0.156122329,
0.01,6,0.6,400,10,1,1.974008096,0.578571046,1.850050199,,1.301311109,-0.156122329,
0.01,7,0.6,400,10,1,1.974008096,0.578571046,1.850050199,,1.301311109,-0.156122329,
0.01,8,0.6,400,10,1,1.974008096,0.578571046,1.850050199,,1.301311109,-0.156122329,
0.01,4,0.6,400,10,1,1.974047121,0.578553805,1.850280154,,1.301485432,-0.156432098,
0.01,3,0.6,200,3,1,1.916532161,0.602989301,1.917930622,,1.305365159,-0.16333702,
0.01,3,0.6,400,10,1,1.975585726,0.577885225,1.851488847,,1.306215204,-0.164852627,
0.01,4,0.6,200,3,0.8,1.931573123,0.596791223,1.935307463,,1.322128378,-0.193407516,
0.01,5,0.6,200,3,0.8,1.931248787,0.596925928,1.936159839,,1.322172919,-0.193487927,
0.01,6,0.6,200,3,0.8,1.931236435,0.596930858,1.936092843,,1.322172919,-0.193487927,
0.01,7,0.6,200,3,0.8,1.931236435,0.596930858,1.936092843,,1.322172919,-0.193487927,
0.01,8,0.6,200,3,0.8,1.931236435,0.596930858,1.936092843,,1.322172919,-0.193487927,
0.01,5,0.8,200,3,0.6,1.83483936,0.636282159,1.97701698,,1.325257965,-0.199063991,
0.01,6,0.8,200,3,0.6,1.834820896,0.636290511,1.976967657,,1.325257965,-0.199063991,
0.01,7,0.8,200,3,0.6,1.834820896,0.636290511,1.976967657,,1.325257965,-0.199063991,
0.01,8,0.8,200,3,0.6,1.834820896,0.636290511,1.976967657,,1.325257965,-0.199063991,
0.01,4,0.8,200,3,0.6,1.835130445,0.636166187,1.977133507,,1.325689023,-0.199844142,
0.01,3,0.6,200,3,0.8,1.935203173,0.595258417,1.933893223,,1.326916859,-0.202067731,
0.01,3,0.8,200,3,0.6,1.840130008,0.634147311,1.980868662,,1.331783249,-0.210900926,
0.01,4,0.6,400,10,0.8,1.989846836,0.571747612,1.86761989,,1.334213192,-0.215323723,
0.01,5,0.6,400,10,0.8,1.989823252,0.571763559,1.867349166,,1.334260275,-0.215409499,
0.01,6,0.6,400,10,0.8,1.989822665,0.571763853,1.867349076,,1.334260275,-0.215409499,
0.01,7,0.6,400,10,0.8,1.989822665,0.571763853,1.867349076,,1.334260275,-0.215409499,
0.01,8,0.6,400,10,0.8,1.989822665,0.571763853,1.867349076,,1.334260275,-0.215409499,
0.01,3,0.6,400,10,0.8,1.990984365,0.571258557,1.869343805,,1.334493546,-0.215834522,
0.01,5,0.7,400,10,0.6,1.940360906,0.592808094,1.92258646,,1.344625275,-0.234366298,
0.01,6,0.7,400,10,0.6,1.940360771,0.59280815,1.922586758,,1.344625275,-0.234366298,
0.01,7,0.7,400,10,0.6,1.940360771,0.59280815,1.922586758,,1.344625275,-0.234366298,
0.01,8,0.7,400,10,0.6,1.940360771,0.59280815,1.922586758,,1.344625275,-0.234366298,
0.01,4,0.7,400,10,0.6,1.940400554,0.59279042,1.92262565,,1.344994957,-0.235045127,
0.01,3,0.7,400,10,0.6,1.941055775,0.592506018,1.922026445,,1.345872446,-0.236657166,
0.01,6,0.7,200,3,0.6,1.909302126,0.606130386,1.952472557,,1.373006134,-0.287023479,
0.01,7,0.7,200,3,0.6,1.909302126,0.606130386,1.952472557,,1.373006134,-0.287023479,
0.01,8,0.7,200,3,0.6,1.909302126,0.606130386,1.952472557,,1.373006134,-0.287023479,
0.01,5,0.7,200,3,0.6,1.909301268,0.606130859,1.952433635,,1.373052617,-0.287110624,
0.01,4,0.7,200,3,0.6,1.909429025,0.606082765,1.953027029,,1.373423055,-0.28780522,
0.01,3,0.7,200,3,0.6,1.911932795,0.605015154,1.951463123,,1.377529794,-0.295518193,
0.01,6,0.6,200,3,0.6,1.974135749,0.578842739,1.947048445,,1.406129863,-0.349871344,
0.01,7,0.6,200,3,0.6,1.974135749,0.578842739,1.947048445,,1.406129863,-0.349871344,
0.01,8,0.6,200,3,0.6,1.974135749,0.578842739,1.947048445,,1.406129863,-0.349871344,
0.01,5,0.6,200,3,0.6,1.97414001,0.578840985,1.947055449,,1.406169544,-0.349947533,
0.01,4,0.6,200,3,0.6,1.974226356,0.578801342,1.946945448,,1.406491638,-0.350566035,
0.01,3,0.6,200,3,0.6,1.975398458,0.5782728,1.947911222,,1.407933283,-0.353336097,
0.01,6,0.9,300,10,1,1.930271087,0.596974026,2.070316811,,1.408167597,-0.35378659,
0.01,7,0.9,300,10,1,1.930271087,0.596974026,2.070316811,,1.408167597,-0.35378659,
0.01,8,0.9,300,10,1,1.930271087,0.596974026,2.070316811,,1.408167597,-0.35378659,
0.01,5,0.9,300,10,1,1.930251945,0.59698116,2.070323367,,1.408204297,-0.353857157,
0.01,4,0.9,300,10,1,1.930280232,0.596968852,2.070449282,,1.408954587,-0.355300209,
0.01,3,0.9,300,10,1,1.931908965,0.596282886,2.076479007,,1.418418615,-0.373568616,
0.01,6,0.9,200,5,1,1.896869678,0.611008779,2.107438584,,1.418840988,-0.374386773,
0.01,7,0.9,200,5,1,1.896869678,0.611008779,2.107438584,,1.418840988,-0.374386773,
0.01,8,0.9,200,5,1,1.896869678,0.611008779,2.107438584,,1.418840988,-0.374386773,
0.01,5,0.9,200,5,1,1.896877341,0.61100558,2.107467909,,1.41884433,-0.374393248,
0.01,4,0.9,200,5,1,1.897484787,0.610756927,2.108630766,,1.418950404,-0.374598757,
0.01,4,0.6,400,10,0.6,2.019673757,0.558846036,1.906159271,,1.421394755,-0.379338733,
0.01,5,0.6,400,10,0.6,2.019664425,0.558850258,1.906161238,,1.421397104,-0.379343292,
0.01,6,0.6,400,10,0.6,2.019664425,0.558850258,1.906161238,,1.421397104,-0.379343292,
0.01,7,0.6,400,10,0.6,2.019664425,0.558850258,1.906161238,,1.421397104,-0.379343292,
0.01,8,0.6,400,10,0.6,2.019664425,0.558850258,1.906161238,,1.421397104,-0.379343292,
0.01,3,0.6,400,10,0.6,2.019862863,0.55875891,1.907287855,,1.422054542,-0.380619561,
0.01,3,0.9,200,5,1,1.90640587,0.607086666,2.120123942,,1.433800362,-0.403520906,
0.01,5,0.9,200,5,0.8,1.924837484,0.599483447,2.099567194,,1.44692953,-0.429342395,
0.01,6,0.9,200,5,0.8,1.924837023,0.599483644,2.099567224,,1.44692953,-0.429342395,
0.01,7,0.9,200,5,0.8,1.924837023,0.599483644,2.099567224,,1.44692953,-0.429342395,
0.01,8,0.9,200,5,0.8,1.924837023,0.599483644,2.099567224,,1.44692953,-0.429342395,
0.01,4,0.9,200,5,0.8,1.924981565,0.599422896,2.101174672,,1.447172192,-0.429821859,
0.01,6,0.8,300,10,1,1.998419873,0.567988137,2.000941654,,1.448027791,-0.431513041,
0.01,7,0.8,300,10,1,1.998419873,0.567988137,2.000941654,,1.448027791,-0.431513041,
0.01,8,0.8,300,10,1,1.998419873,0.567988137,2.000941654,,1.448027791,-0.431513041,
0.01,5,0.8,300,10,1,1.998421823,0.567987314,2.000945736,,1.448085698,-0.431627536,
0.01,4,0.8,300,10,1,1.998504246,0.567951378,2.001851131,,1.448694299,-0.432831158,
0.01,5,0.8,200,5,1,1.962542185,0.583565797,2.025570054,,1.449712266,-0.434845505,
0.01,6,0.8,200,5,1,1.962545312,0.5835644,2.025628735,,1.449712266,-0.434845505,
0.01,7,0.8,200,5,1,1.962545312,0.5835644,2.025628735,,1.449712266,-0.434845505,
0.01,8,0.8,200,5,1,1.962545312,0.5835644,2.025628735,,1.449712266,-0.434845505,
0.01,4,0.8,200,5,1,1.962850389,0.583435244,2.02530541,,1.450277927,-0.435965444,
0.01,6,0.9,300,10,0.8,1.946511871,0.590164367,2.086075981,,1.450993927,-0.437383661,
0.01,7,0.9,300,10,0.8,1.946511871,0.590164367,2.086075981,,1.450993927,-0.437383661,
0.01,8,0.9,300,10,0.8,1.946511871,0.590164367,2.086075981,,1.450993927,-0.437383661,
0.01,5,0.9,300,10,0.8,1.946512047,0.59016429,2.086075504,,1.451003864,-0.43740335,
0.01,4,0.9,300,10,0.8,1.946562285,0.59014287,2.086418559,,1.451021388,-0.437438069,
0.01,3,0.8,300,10,1,1.999534616,0.56751267,2.007564862,,1.452937043,-0.441236019,
0.01,3,0.8,200,5,1,1.965991763,0.58210247,2.031016339,,1.45628843,-0.447892481,
0.01,3,0.9,300,10,0.8,1.947429576,0.589770105,2.087818404,,1.457111886,-0.449530361,
0.01,3,0.9,200,5,0.8,1.927012263,0.598558932,2.105089594,,1.458400826,-0.452095962,
0.01,5,0.8,300,10,0.8,2.014358832,0.561090433,2.012498219,,1.487241195,-0.510095201,
0.01,6,0.8,300,10,0.8,2.014358071,0.561090771,2.012499024,,1.487241195,-0.510095201,
0.01,7,0.8,300,10,0.8,2.014358071,0.561090771,2.012499024,,1.487241195,-0.510095201,
0.01,8,0.8,300,10,0.8,2.014358071,0.561090771,2.012499024,,1.487241195,-0.510095201,
0.01,4,0.8,300,10,0.8,2.014330812,0.561108568,2.012745757,,1.487266279,-0.51014614,
0.01,4,0.8,200,5,0.8,1.982000471,0.575319345,2.03830408,,1.489896191,-0.515491603,
0.01,5,0.8,200,5,0.8,1.981795012,0.5754097,2.038547684,,1.489896191,-0.515491603,
0.01,6,0.8,200,5,0.8,1.981795861,0.575409348,2.038550217,,1.489896191,-0.515491603,
0.01,7,0.8,200,5,0.8,1.981795861,0.575409348,2.038550217,,1.489896191,-0.515491603,
0.01,8,0.8,200,5,0.8,1.981795861,0.575409348,2.038550217,,1.489896191,-0.515491603,
0.01,3,0.8,300,10,0.8,2.014852051,0.560862413,2.013669629,,1.492053127,-0.519882761,
0.01,3,0.8,200,5,0.8,1.983369465,0.574726073,2.037985195,,1.493937118,-0.523723447,
0.01,5,0.7,200,5,1,2.038637519,0.550688785,1.981278439,,1.495504668,-0.526922733,
0.01,6,0.7,200,5,1,2.038636068,0.550689425,1.981278856,,1.495504668,-0.526922733,
0.01,7,0.7,200,5,1,2.038636054,0.550689431,1.981278826,,1.495504668,-0.526922733,
0.01,8,0.7,200,5,1,2.038636054,0.550689431,1.981278826,,1.495504668,-0.526922733,
0.01,4,0.7,200,5,1,2.038844114,0.550594334,1.980144043,,1.495539063,-0.526992967,
0.01,3,0.7,200,5,1,2.041670281,0.54935356,1.979587008,,1.501927033,-0.540065468,
0.01,5,0.9,200,5,0.6,1.969161787,0.580823906,2.059322406,,1.516452479,-0.569998096,
0.01,6,0.9,200,5,0.6,1.969161706,0.580823942,2.059321244,,1.516452479,-0.569998096,
0.01,7,0.9,200,5,0.6,1.969161706,0.580823942,2.059321244,,1.516452479,-0.569998096,
0.01,8,0.9,200,5,0.6,1.969161706,0.580823942,2.059321244,,1.516452479,-0.569998096,
0.01,4,0.9,200,5,0.6,1.96922575,0.580799095,2.059651096,,1.517382754,-0.571924932,
0.01,6,0.7,300,10,1,2.081644415,0.531374606,1.933055718,,1.517733797,-0.572652338,
0.01,7,0.7,300,10,1,2.081644415,0.531374606,1.933055718,,1.517733797,-0.572652338,
0.01,8,0.7,300,10,1,2.081644415,0.531374606,1.933055718,,1.517733797,-0.572652338,
0.01,5,0.7,300,10,1,2.081646094,0.531373846,1.933057655,,1.517740954,-0.57266717,
0.01,4,0.7,300,10,1,2.081728216,0.531336742,1.93307357,,1.517879056,-0.572953382,
0.01,3,0.9,200,5,0.6,1.969420329,0.580694853,2.059862395,,1.520113649,-0.577588137,
0.01,3,0.7,300,10,1,2.082921911,0.530808058,1.933839192,,1.521087041,-0.579609175,
0.01,5,0.9,300,10,0.6,1.986668657,0.573117512,2.038710345,,1.528493171,-0.595028767,
0.01,6,0.9,300,10,0.6,1.986668422,0.573117616,2.038710375,,1.528493171,-0.595028767,
0.01,7,0.9,300,10,0.6,1.986668422,0.573117616,2.038710375,,1.528493171,-0.595028767,
0.01,8,0.9,300,10,0.6,1.986668422,0.573117616,2.038710375,,1.528493171,-0.595028767,
0.01,4,0.9,300,10,0.6,1.986720248,0.573095404,2.039008965,,1.528499025,-0.595040984,
0.01,3,0.9,300,10,0.6,1.986823024,0.573044314,2.038266112,,1.530261825,-0.59872219,
0.01,4,0.7,200,5,0.8,2.054391627,0.543755009,1.997535218,,1.53313681,-0.604735044,
0.01,5,0.7,200,5,0.8,2.054261829,0.543813999,1.997201492,,1.533137289,-0.604736047,
0.01,6,0.7,200,5,0.8,2.054260242,0.543814757,1.997163881,,1.533137289,-0.604736047,
0.01,7,0.7,200,5,0.8,2.054260242,0.543814757,1.997163881,,1.533137289,-0.604736047,
0.01,8,0.7,200,5,0.8,2.054260242,0.543814757,1.997163881,,1.533137289,-0.604736047,
0.01,3,0.7,200,5,0.8,2.055881216,0.543082244,1.997446288,,1.535069436,-0.608783356,
0.01,5,0.9,100,1,1,1.787833223,0.654550088,2.210253496,,1.541557803,-0.622411973,
0.01,6,0.9,100,1,1,1.787490727,0.654681431,2.211991687,,1.541559335,-0.622415196,
0.01,7,0.9,100,1,1,1.787482984,0.654684458,2.211991985,,1.541559559,-0.622415669,
0.01,8,0.9,100,1,1,1.787482984,0.654684458,2.211991985,,1.541559559,-0.622415669,
0.01,4,0.9,100,1,1,1.793362201,0.652432175,2.214627375,,1.544364407,-0.62832497,
0.01,6,0.7,300,10,0.8,2.095625228,0.525052697,1.95859455,,1.545796621,-0.631346523,
0.01,7,0.7,300,10,0.8,2.095625228,0.525052697,1.95859455,,1.545796621,-0.631346523,
0.01,8,0.7,300,10,0.8,2.095625228,0.525052697,1.95859455,,1.545796621,-0.631346523,
0.01,5,0.7,300,10,0.8,2.095627089,0.525051877,1.958588679,,1.545832094,-0.631421398,
0.01,4,0.7,300,10,0.8,2.095668605,0.525032838,1.958449055,,1.54615237,-0.632097485,
0.01,3,0.7,300,10,0.8,2.096334857,0.524725889,1.960882445,,1.548463746,-0.636980848,
0.01,4,0.8,100,1,1,1.867772207,0.622985247,2.142511387,,1.551322017,-0.643029749,
0.01,5,0.8,100,1,1,1.864311273,0.624355159,2.143326779,,1.551404768,-0.643205041,
0.01,6,0.8,100,1,1,1.864048247,0.624459766,2.143172909,,1.551404845,-0.643205204,
0.01,7,0.8,100,1,1,1.864031772,0.624466453,2.143173893,,1.551404845,-0.643205204,
0.01,8,0.8,100,1,1,1.864031772,0.624466453,2.143173893,,1.551404845,-0.643205204,
0.01,5,0.6,200,5,1,2.108383851,0.519352225,1.962490249,,1.552656371,-0.645857437,
0.01,6,0.6,200,5,1,2.108383649,0.519352313,1.962487805,,1.552656371,-0.645857437,
0.01,7,0.6,200,5,1,2.108383649,0.519352313,1.962487805,,1.552656371,-0.645857437,
0.01,8,0.6,200,5,1,2.108383649,0.519352313,1.962487805,,1.552656371,-0.645857437,
0.01,4,0.6,200,5,1,2.108439927,0.519326252,1.962065208,,1.552799462,-0.64616081,
0.01,3,0.9,100,1,1,1.864295408,0.624622135,2.162090977,,1.55325242,-0.647121335,
0.01,3,0.8,100,1,1,1.915597668,0.603569068,2.126802643,,1.556759534,-0.654567857,
0.01,3,0.6,200,5,1,2.111051858,0.518144125,1.96672954,,1.557889092,-0.65696978,
0.01,5,0.8,200,5,0.6,2.021273358,0.558312785,2.025294919,,1.565247086,-0.672658656,
0.01,6,0.8,200,5,0.6,2.021270033,0.558314131,2.025290866,,1.565247086,-0.672658656,
0.01,7,0.8,200,5,0.6,2.021270033,0.558314131,2.025290866,,1.565247086,-0.672658656,
0.01,8,0.8,200,5,0.6,2.021270033,0.558314131,2.025290866,,1.565247086,-0.672658656,
0.01,4,0.8,200,5,0.6,2.021324988,0.55829355,2.025063236,,1.565473822,-0.673143283,
0.01,5,0.8,300,10,0.6,2.04697421,0.546800032,2.008868445,,1.56673496,-0.67584012,
0.01,6,0.8,300,10,0.6,2.04697421,0.546800032,2.008868445,,1.56673496,-0.67584012,
0.01,7,0.8,300,10,0.6,2.04697421,0.546800032,2.008868445,,1.56673496,-0.67584012,
0.01,8,0.8,300,10,0.6,2.04697421,0.546800032,2.008868445,,1.56673496,-0.67584012,
0.01,4,0.8,300,10,0.6,2.046993717,0.546790963,2.008980383,,1.566952519,-0.676305571,
0.01,5,0.9,100,1,0.8,1.823441441,0.640649384,2.179805328,,1.567095552,-0.676611614,
0.01,6,0.9,100,1,0.8,1.823147768,0.640763997,2.18027239,,1.567097147,-0.676615028,
0.01,7,0.9,100,1,0.8,1.823194219,0.640746677,2.180284251,,1.567098033,-0.676616924,
0.01,8,0.9,100,1,0.8,1.823194219,0.640746677,2.180284251,,1.567098033,-0.676616924,
0.01,4,0.7,100,1,1,1.94046414,0.593021506,2.092524786,,1.568226435,-0.679032317,
0.01,4,0.9,100,1,0.8,1.829533156,0.638262212,2.186594476,,1.568232079,-0.679044403,
0.01,5,0.7,100,1,1,1.937304492,0.594346091,2.092845221,,1.568248365,-0.679079277,
0.01,6,0.7,100,1,1,1.936991599,0.594477327,2.092940886,,1.568249735,-0.679082211,
0.01,7,0.7,100,1,1,1.936987742,0.594479008,2.092940946,,1.568249735,-0.679082211,
0.01,8,0.7,100,1,1,1.936987742,0.594479008,2.092940946,,1.568249735,-0.679082211,
0.01,3,0.8,200,5,0.6,2.021538001,0.558171917,2.027863939,,1.568395778,-0.679394954,
0.01,5,0.6,200,5,0.8,2.123441033,0.512494351,1.971621235,,1.568651671,-0.679943004,
0.01,6,0.6,200,5,0.8,2.123440994,0.512494368,1.971619447,,1.568651671,-0.679943004,
0.01,7,0.6,200,5,0.8,2.123440994,0.512494368,1.971619447,,1.568651671,-0.679943004,
0.01,8,0.6,200,5,0.8,2.123440994,0.512494368,1.971619447,,1.568651671,-0.679943004,
0.01,4,0.6,200,5,0.8,2.123513742,0.512457868,1.971558978,,1.568680494,-0.680004741,
0.01,3,0.8,300,10,0.6,2.047160553,0.546715308,2.008101423,,1.568767158,-0.680190374,
0.01,3,0.6,200,5,0.8,2.125306406,0.511616284,1.972184588,,1.571005762,-0.684989002,
0.01,3,0.9,100,1,0.8,1.89021618,0.614053822,2.146901061,,1.574502771,-0.692498815,
0.01,3,0.7,100,1,1,1.972030733,0.579756105,2.085432012,,1.578109911,-0.700262628,
0.01,6,0.8,100,1,0.8,1.892017235,0.613111134,2.139217903,,1.581194183,-0.70691514,
0.01,7,0.8,100,1,0.8,1.891988899,0.613122728,2.139232983,,1.581194183,-0.70691514,
0.01,8,0.8,100,1,0.8,1.891988899,0.613122728,2.139232983,,1.581194183,-0.70691514,
0.01,5,0.8,100,1,0.8,1.892161067,0.613052557,2.139357854,,1.58119913,-0.706925822,
0.01,4,0.8,100,1,0.8,1.895746335,0.611608753,2.137633552,,1.581503902,-0.707583895,
0.01,3,0.8,100,1,0.8,1.939984604,0.593395192,2.117102374,,1.585324052,-0.715843256,
0.01,5,0.7,100,1,0.8,1.96327262,0.583423703,2.077410866,,1.589863908,-0.725684569,
0.01,6,0.7,100,1,0.8,1.963149233,0.583475862,2.077210148,,1.58987042,-0.725698706,
0.01,7,0.7,100,1,0.8,1.963143857,0.583478067,2.077211042,,1.58987042,-0.725698706,
0.01,8,0.7,100,1,0.8,1.963143857,0.583478067,2.077211042,,1.58987042,-0.725698706,
0.01,4,0.7,100,1,0.8,1.966098957,0.582220332,2.082516839,,1.591287373,-0.728776092,
0.01,3,0.7,100,1,0.8,1.994853449,0.56997093,2.077734877,,1.591441162,-0.729110261,
0.01,4,0.6,100,1,1,2.029913916,0.554565801,2.084755827,,1.593993845,-0.73466172,
0.01,5,0.6,100,1,1,2.027925146,0.555423281,2.083338876,,1.594025452,-0.734730515,
0.01,6,0.6,100,1,1,2.027822899,0.555467451,2.0826373,,1.59403111,-0.734742828,
0.01,7,0.6,100,1,1,2.027819193,0.555469151,2.08263727,,1.59403111,-0.734742828,
0.01,8,0.6,100,1,1,2.027819193,0.555469151,2.08263727,,1.59403111,-0.734742828,
0.01,5,0.6,300,10,1,2.166378207,0.49242317,1.900743204,,1.596738719,-0.740641076,
0.01,6,0.6,300,10,1,2.16637531,0.492424588,1.900743532,,1.596738719,-0.740641076,
0.01,7,0.6,300,10,1,2.16637531,0.492424588,1.900743532,,1.596738719,-0.740641076,
0.01,8,0.6,300,10,1,2.16637531,0.492424588,1.900743532,,1.596738719,-0.740641076,
0.01,4,0.6,300,10,1,2.166412228,0.492407095,1.901259053,,1.596745621,-0.740656125,
0.01,3,0.6,300,10,1,2.167491205,0.491891207,1.901656973,,1.599527704,-0.746727057,
0.01,3,0.6,100,1,1,2.049788081,0.54582851,2.076425333,,1.600364838,-0.748555883,
0.01,5,0.9,100,1,0.6,1.88239954,0.61695451,2.123128826,,1.602857583,-0.754007262,
0.01,6,0.9,100,1,0.6,1.882297523,0.616994396,2.125310267,,1.602857583,-0.754007262,
0.01,7,0.9,100,1,0.6,1.882280063,0.617001522,2.125314081,,1.602857583,-0.754007262,
0.01,8,0.9,100,1,0.6,1.882280063,0.617001522,2.125314081,,1.602857583,-0.754007262,
0.01,4,0.9,100,1,0.6,1.887104644,0.615055533,2.125169361,,1.603425806,-0.755251094,
0.01,3,0.9,100,1,0.6,1.938222742,0.594065582,2.102031136,,1.60836956,-0.766091519,
0.01,3,0.6,100,1,0.8,2.071860193,0.535957834,2.06003489,,1.612192542,-0.774497249,
0.01,5,0.6,100,1,0.8,2.051290692,0.545079356,2.066473652,,1.612322749,-0.774783891,
0.01,6,0.6,100,1,0.8,2.051075383,0.545173977,2.066323985,,1.612338861,-0.774819361,
0.01,7,0.6,100,1,0.8,2.051070537,0.545176228,2.066323717,,1.612338861,-0.774819361,
0.01,8,0.6,100,1,0.8,2.051070537,0.545176228,2.066323717,,1.612338861,-0.774819361,
0.01,6,0.7,200,5,0.6,2.088947039,0.528235349,2.002514888,,1.612411421,-0.774979111,
0.01,7,0.7,200,5,0.6,2.088947039,0.528235349,2.002514888,,1.612411421,-0.774979111,
0.01,8,0.7,200,5,0.6,2.088947039,0.528235349,2.002514888,,1.612411421,-0.774979111,
0.01,5,0.7,200,5,0.6,2.0889473,0.528235231,2.00251462,,1.612439951,-0.775041923,
0.01,4,0.6,100,1,0.8,2.052981028,0.544345071,2.06741937,,1.612517612,-0.775212913,
0.01,4,0.7,200,5,0.6,2.088969603,0.52822527,2.002653439,,1.612704958,-0.775625433,
0.01,3,0.7,200,5,0.6,2.089234249,0.528089093,1.998459865,,1.614478381,-0.77953274,
0.01,4,0.6,300,10,0.8,2.178770393,0.486576407,1.926024099,,1.616955761,-0.784998233,
0.01,5,0.6,300,10,0.8,2.178810078,0.486562614,1.925784339,,1.616998873,-0.785093421,
0.01,6,0.6,300,10,0.8,2.178809058,0.486563162,1.925784279,,1.616998873,-0.785093421,
0.01,7,0.6,300,10,0.8,2.178809058,0.486563162,1.925784279,,1.616998873,-0.785093421,
0.01,8,0.6,300,10,0.8,2.178809058,0.486563162,1.925784279,,1.616998873,-0.785093421,
0.01,3,0.6,300,10,0.8,2.179768294,0.486105763,1.927153309,,1.617263168,-0.785677008,
0.01,5,0.8,100,1,0.6,1.946028987,0.590682384,2.093208457,,1.623378931,-0.799207799,
0.01,6,0.8,100,1,0.6,1.945910031,0.590732213,2.09314921,,1.623378931,-0.799207799,
0.01,7,0.8,100,1,0.6,1.945906583,0.590733714,2.09314921,,1.623378931,-0.799207799,
0.01,8,0.8,100,1,0.6,1.945906583,0.590733714,2.09314921,,1.623378931,-0.799207799,
0.01,4,0.8,100,1,0.6,1.949236735,0.589340669,2.093200559,,1.623606692,-0.799712694,
0.01,5,0.7,300,10,0.6,2.118569827,0.514593918,1.971787055,,1.628950132,-0.81157823,
0.01,6,0.7,300,10,0.6,2.118569599,0.514594025,1.971787412,,1.628950132,-0.81157823,
0.01,7,0.7,300,10,0.6,2.118569599,0.514594025,1.971787412,,1.628950132,-0.81157823,
0.01,8,0.7,300,10,0.6,2.118569599,0.514594025,1.971787412,,1.628950132,-0.81157823,
0.01,4,0.7,300,10,0.6,2.11859727,0.514580965,1.971823801,,1.629101667,-0.811915295,
0.01,3,0.7,300,10,0.6,2.118786656,0.514491108,1.971061428,,1.630112157,-0.814163761,
0.01,3,0.8,100,1,0.6,1.9857178,0.573907512,2.080422813,,1.630443834,-0.814902087,
0.01,4,0.7,100,1,0.6,2.014017021,0.56154817,2.057508851,,1.631468451,-0.817183877,
0.01,5,0.7,100,1,0.6,2.011765594,0.562513087,2.056959654,,1.631519732,-0.817298115,
0.01,6,0.7,100,1,0.6,2.011704578,0.56253944,2.056949402,,1.631519732,-0.817298115,
0.01,7,0.7,100,1,0.6,2.011702277,0.562540422,2.056949521,,1.631519732,-0.817298115,
0.01,8,0.7,100,1,0.6,2.011702277,0.562540422,2.056949521,,1.631519732,-0.817298115,
0.01,3,0.7,100,1,0.6,2.036853906,0.551576815,2.048708285,,1.638968586,-0.833930079,
0.01,6,0.6,200,5,0.6,2.15422508,0.498258327,1.992648949,,1.652027181,-0.86327043,
0.01,7,0.6,200,5,0.6,2.15422508,0.498258327,1.992648949,,1.652027181,-0.86327043,
0.01,8,0.6,200,5,0.6,2.15422508,0.498258327,1.992648949,,1.652027181,-0.86327043,
0.01,5,0.6,200,5,0.6,2.15422508,0.498258327,1.992648949,,1.652051388,-0.863325036,
0.01,4,0.6,200,5,0.6,2.154333549,0.498208971,1.992370476,,1.652284726,-0.86385143,
0.01,3,0.6,200,5,0.6,2.154612908,0.498073415,1.993384947,,1.652930035,-0.86530759,
0.01,5,0.6,100,1,0.6,2.088247835,0.528505628,2.048564871,,1.663065352,-0.888252838,
0.01,6,0.6,100,1,0.6,2.088161305,0.528544662,2.048223545,,1.663069636,-0.888262565,
0.01,7,0.6,100,1,0.6,2.088161305,0.528544662,2.048223545,,1.663069636,-0.888262565,
0.01,8,0.6,100,1,0.6,2.088161305,0.528544662,2.048223545,,1.663069636,-0.888262565,
0.01,4,0.6,100,1,0.6,2.090203415,0.52762683,2.04509138,,1.663379411,-0.888966073,
0.01,3,0.6,100,1,0.6,2.103228359,0.521720395,2.042870809,,1.666893808,-0.89695654,
0.01,4,0.6,300,10,0.6,2.197999988,0.477504311,1.960634519,,1.692071579,-0.954694885,
0.01,5,0.6,300,10,0.6,2.197988038,0.477510091,1.960633446,,1.692076602,-0.954706491,
0.01,6,0.6,300,10,0.6,2.197988038,0.477510091,1.960633446,,1.692076602,-0.954706491,
0.01,7,0.6,300,10,0.6,2.197988038,0.477510091,1.960633446,,1.692076602,-0.954706491,
0.01,8,0.6,300,10,0.6,2.197988038,0.477510091,1.960633446,,1.692076602,-0.954706491,
0.01,3,0.6,300,10,0.6,2.198207144,0.477403141,1.962100644,,1.692603444,-0.955923907,
0.01,6,0.9,200,10,1,2.172778946,0.489183799,2.117877413,,1.775558733,-1.152343584,
0.01,7,0.9,200,10,1,2.172778946,0.489183799,2.117877413,,1.775558733,-1.152343584,
0.01,8,0.9,200,10,1,2.172778946,0.489183799,2.117877413,,1.775558733,-1.152343584,
0.01,5,0.9,200,10,1,2.172781205,0.489182759,2.117880006,,1.775578767,-1.152392155,
0.01,4,0.9,200,10,1,2.17280139,0.489172697,2.117914845,,1.776077744,-1.153602065,
0.01,3,0.9,200,10,1,2.173563624,0.488806942,2.11910661,,1.782136175,-1.168319556,
0.01,6,0.9,200,10,0.8,2.18710313,0.482432822,2.124408354,,1.815197606,-1.249517286,
0.01,7,0.9,200,10,0.8,2.18710313,0.482432822,2.124408354,,1.815197606,-1.249517286,
0.01,8,0.9,200,10,0.8,2.18710313,0.482432822,2.124408354,,1.815197606,-1.249517286,
0.01,5,0.9,200,10,0.8,2.187103504,0.482432641,2.124408205,,1.815202586,-1.249529631,
0.01,4,0.9,200,10,0.8,2.18714197,0.482414035,2.124764313,,1.815224854,-1.249584821,
0.01,6,0.8,200,10,1,2.238361866,0.457967224,2.057311584,,1.81619481,-1.251989573,
0.01,7,0.8,200,10,1,2.238361866,0.457967224,2.057311584,,1.81619481,-1.251989573,
0.01,8,0.8,200,10,1,2.238361866,0.457967224,2.057311584,,1.81619481,-1.251989573,
0.01,5,0.8,200,10,1,2.238363475,0.457966473,2.05731525,,1.816238116,-1.252096967,
0.01,4,0.8,200,10,1,2.238419987,0.457938297,2.057853718,,1.816541176,-1.252848607,
0.01,3,0.9,200,10,0.8,2.187480338,0.482247513,2.126255114,,1.819730356,-1.260765903,
0.01,3,0.8,200,10,1,2.239002521,0.457654668,2.061919977,,1.821801701,-1.265915557,
0.01,5,0.9,100,3,1,2.17658226,0.487660807,2.183731158,,1.843578814,-1.320411088,
0.01,6,0.9,100,3,1,2.176553596,0.487673949,2.183852275,,1.843578814,-1.320411088,
0.01,7,0.9,100,3,1,2.17655214,0.487674699,2.183733483,,1.843578814,-1.320411088,
0.01,8,0.9,100,3,1,2.17655214,0.487674699,2.183733483,,1.843578814,-1.320411088,
0.01,4,0.9,100,3,1,2.176979108,0.48746945,2.18433686,,1.843910711,-1.321246643,
0.01,3,0.9,100,3,1,2.179886467,0.486089095,2.189562698,,1.851569568,-1.340569725,
0.01,5,0.8,100,3,1,2.22428714,0.464931145,2.138162602,,1.853079183,-1.34438789,
0.01,6,0.8,100,3,1,2.224274171,0.464937781,2.138157268,,1.853079183,-1.34438789,
0.01,7,0.8,100,3,1,2.224274171,0.464937781,2.138157268,,1.853079183,-1.34438789,
0.01,8,0.8,100,3,1,2.224274171,0.464937781,2.138157268,,1.853079183,-1.34438789,
0.01,4,0.8,100,3,1,2.224528156,0.464818378,2.137991597,,1.853137768,-1.344536128,
0.01,5,0.8,200,10,0.8,2.250356389,0.452158349,2.071421106,,1.856311362,-1.352573283,
0.01,6,0.8,200,10,0.8,2.250355013,0.452159027,2.071421494,,1.856311362,-1.352573283,
0.01,7,0.8,200,10,0.8,2.250355013,0.452159027,2.071421494,,1.856311362,-1.352573283,
0.01,8,0.8,200,10,0.8,2.250355013,0.452159027,2.071421494,,1.856311362,-1.352573283,
0.01,4,0.8,200,10,0.8,2.250307082,0.452189679,2.071709682,,1.856359004,-1.35269404,
0.01,3,0.8,100,3,1,2.227340991,0.463450499,2.141981204,,1.857191063,-1.354803567,
0.01,3,0.8,200,10,0.8,2.250855818,0.451905289,2.071161707,,1.860214117,-1.362475897,
0.01,5,0.9,100,3,0.8,2.1947473,0.479102268,2.165355434,,1.862871909,-1.369231523,
0.01,6,0.9,100,3,0.8,2.194746838,0.479102507,2.165347387,,1.862871909,-1.369231523,
0.01,7,0.9,100,3,0.8,2.194746441,0.479102712,2.165349026,,1.862871909,-1.369231523,
0.01,8,0.9,100,3,0.8,2.194746441,0.479102712,2.165349026,,1.862871909,-1.369231523,
0.01,4,0.9,100,3,0.8,2.194914643,0.47901605,2.166359325,,1.862935123,-1.369392319,
0.01,4,0.9,200,10,0.6,2.215807902,0.468798134,2.092440476,,1.869443146,-1.385975822,
0.01,5,0.9,200,10,0.6,2.215769661,0.468816713,2.092015167,,1.869744504,-1.386745132,
0.01,6,0.9,200,10,0.6,2.215769334,0.468816874,2.092015167,,1.869744504,-1.386745132,
0.01,7,0.9,200,10,0.6,2.215769334,0.468816874,2.092015167,,1.869744504,-1.386745132,
0.01,8,0.9,200,10,0.6,2.215769334,0.468816874,2.092015167,,1.869744504,-1.386745132,
0.01,3,0.9,200,10,0.6,2.215913048,0.468741051,2.092366238,,1.871077952,-1.390150663,
0.01,6,0.7,200,10,1,2.309786621,0.422885689,2.020047565,,1.871406256,-1.3909895,
0.01,7,0.7,200,10,1,2.309786621,0.422885689,2.020047565,,1.871406256,-1.3909895,
0.01,8,0.7,200,10,1,2.309786621,0.422885689,2.020047565,,1.871406256,-1.3909895,
0.01,5,0.7,200,10,1,2.309788454,0.422884786,2.020048906,,1.871412882,-1.39100643,
0.01,4,0.7,200,10,1,2.309840928,0.422859114,2.020072241,,1.871554423,-1.391368122,
0.01,3,0.9,100,3,0.8,2.196524178,0.478228424,2.170880277,,1.873027051,-1.395132887,
0.01,6,0.7,100,3,1,2.275133523,0.440179963,2.099717815,,1.873036201,-1.395156289,
0.01,7,0.7,100,3,1,2.275133523,0.440179963,2.099717815,,1.873036201,-1.395156289,
0.01,8,0.7,100,3,1,2.275133523,0.440179963,2.099717815,,1.873036201,-1.395156289,
0.01,5,0.7,100,3,1,2.275166355,0.440163969,2.099733521,,1.873047735,-1.395185788,
0.01,4,0.7,100,3,1,2.275479371,0.440010706,2.100052048,,1.873084987,-1.39528106,
0.01,3,0.7,200,10,1,2.31039226,0.422586249,2.02080061,,1.874693228,-1.39939603,
0.01,3,0.7,100,3,1,2.277892362,0.43882146,2.101127465,,1.878891921,-1.410155773,
0.01,5,0.8,100,3,0.8,2.240238417,0.457316092,2.133935352,,1.88125044,-1.416210368,
0.01,6,0.8,100,3,0.8,2.240234991,0.45731809,2.133929272,,1.88125044,-1.416210368,
0.01,7,0.8,100,3,0.8,2.240234991,0.45731809,2.133929272,,1.88125044,-1.416210368,
0.01,8,0.8,100,3,0.8,2.240234991,0.45731809,2.133929272,,1.88125044,-1.416210368,
0.01,4,0.8,100,3,0.8,2.240426993,0.457221576,2.133834769,,1.881276626,-1.416277636,
0.01,3,0.8,100,3,0.8,2.24244582,0.456209951,2.136469056,,1.888654201,-1.435266042,
0.01,4,0.7,200,10,0.8,2.319751029,0.41789674,2.03534769,,1.899806236,-1.464110234,
0.01,6,0.7,200,10,0.8,2.319735683,0.417904928,2.035845806,,1.900759825,-1.466584528,
0.01,7,0.7,200,10,0.8,2.319735683,0.417904928,2.035845806,,1.900759825,-1.466584528,
0.01,8,0.7,200,10,0.8,2.319735683,0.417904928,2.035845806,,1.900759825,-1.466584528,
0.01,5,0.7,200,10,0.8,2.319738345,0.417903625,2.0358422,,1.900807036,-1.466707058,
0.01,3,0.7,200,10,0.8,2.320149699,0.417693549,2.03845631,,1.902296928,-1.470575486,
0.01,6,0.7,100,3,0.8,2.290312306,0.432778258,2.098248412,,1.903199149,-1.472919529,
0.01,7,0.7,100,3,0.8,2.290312306,0.432778258,2.098248412,,1.903199149,-1.472919529,
0.01,8,0.7,100,3,0.8,2.290312306,0.432778258,2.098248412,,1.903199149,-1.472919529,
0.01,5,0.7,100,3,0.8,2.290312306,0.432778258,2.098248412,,1.903211634,-1.472951974,
0.01,4,0.7,100,3,0.8,2.290594446,0.432638987,2.098429073,,1.903255796,-1.473066741,
0.01,3,0.7,100,3,0.8,2.292780463,0.431550662,2.102740963,,1.905496698,-1.478893768,
0.01,6,0.6,100,3,1,2.34130684,0.407146964,2.086274493,,1.911969496,-1.495763524,
0.01,7,0.6,100,3,1,2.34130684,0.407146964,2.086274493,,1.911969496,-1.495763524,
0.01,8,0.6,100,3,1,2.34130684,0.407146964,2.086274493,,1.911969496,-1.495763524,
0.01,5,0.6,100,3,1,2.341308714,0.407146023,2.086275446,,1.91252395,-1.497211233,
0.01,4,0.6,100,3,1,2.341497881,0.407037961,2.08599593,,1.912575106,-1.497344824,
0.01,5,0.8,200,10,0.6,2.272855292,0.441167738,2.071551014,,1.913866381,-1.500718127,
0.01,6,0.8,200,10,0.6,2.272855292,0.441167738,2.071551014,,1.913866381,-1.500718127,
0.01,7,0.8,200,10,0.6,2.272855292,0.441167738,2.071551014,,1.913866381,-1.500718127,
0.01,8,0.8,200,10,0.6,2.272855292,0.441167738,2.071551014,,1.913866381,-1.500718127,
0.01,4,0.8,200,10,0.6,2.272876074,0.441157199,2.071620931,,1.914021294,-1.501122971,
0.01,4,0.9,100,3,0.6,2.226228142,0.46411522,2.132827301,,1.915214333,-1.50424192,
0.01,3,0.8,200,10,0.6,2.272955243,0.441118372,2.072502215,,1.915663513,-1.50541671,
0.01,5,0.9,100,3,0.6,2.226045459,0.464207215,2.13230731,,1.917089765,-1.509148771,
0.01,6,0.9,100,3,0.6,2.226043884,0.464208036,2.132308801,,1.917089765,-1.509148771,
0.01,7,0.9,100,3,0.6,2.226043884,0.464208036,2.132308801,,1.917089765,-1.509148771,
0.01,8,0.9,100,3,0.6,2.226043884,0.464208036,2.132308801,,1.917089765,-1.509148771,
0.01,3,0.6,100,3,1,2.34346008,0.406038248,2.084626037,,1.917455598,-1.51010649,
0.01,3,0.9,100,3,0.6,2.227156502,0.463616029,2.135065903,,1.923717184,-1.526527117,
0.01,5,0.6,100,3,0.8,2.354653434,0.40040487,2.089268374,,1.93279778,-1.550435536,
0.01,6,0.6,100,3,0.8,2.354653434,0.40040487,2.089268374,,1.93279778,-1.550435536,
0.01,7,0.6,100,3,0.8,2.354653434,0.40040487,2.089268374,,1.93279778,-1.550435536,
0.01,8,0.6,100,3,0.8,2.354653434,0.40040487,2.089268374,,1.93279778,-1.550435536,
0.01,4,0.6,100,3,0.8,2.35474287,0.40035837,2.089192647,,1.93282609,-1.550510249,
0.01,3,0.6,100,3,0.8,2.35623009,0.399587902,2.087579507,,1.934485993,-1.554892865,
0.01,5,0.6,200,10,1,2.372660617,0.39102211,2.009932893,,1.934821856,-1.555780097,
0.01,6,0.6,200,10,1,2.372659638,0.391022594,2.009932893,,1.934821856,-1.555780097,
0.01,7,0.6,200,10,1,2.372659638,0.391022594,2.009932893,,1.934821856,-1.555780097,
0.01,8,0.6,200,10,1,2.372659638,0.391022594,2.009932893,,1.934821856,-1.555780097,
0.01,4,0.6,200,10,1,2.372665035,0.391019867,2.010414827,,1.934876309,-1.555923959,
0.01,3,0.6,200,10,1,2.373081797,0.390795532,2.011393267,,1.936853476,-1.561150205,
0.01,5,0.8,100,3,0.6,2.269317549,0.443165418,2.115844567,,1.941475133,-1.573387455,
0.01,6,0.8,100,3,0.6,2.269312754,0.443168295,2.115838219,,1.941475133,-1.573387455,
0.01,7,0.8,100,3,0.6,2.269312754,0.443168295,2.115838219,,1.941475133,-1.573387455,
0.01,8,0.8,100,3,0.6,2.269312754,0.443168295,2.115838219,,1.941475133,-1.573387455,
0.01,4,0.8,100,3,0.6,2.269408838,0.443118236,2.115430821,,1.941708142,-1.574005189,
0.01,3,0.8,100,3,0.6,2.270034596,0.442762411,2.1189483,,1.944675962,-1.581879721,
0.01,4,0.6,200,10,0.8,2.382352592,0.386031034,2.023723151,,1.948562918,-1.592211193,
0.01,5,0.6,200,10,0.8,2.382375094,0.386021607,2.023326929,,1.948584046,-1.592267409,
0.01,6,0.6,200,10,0.8,2.382374177,0.386022149,2.023326929,,1.948584046,-1.592267409,
0.01,7,0.6,200,10,0.8,2.382374177,0.386022149,2.023326929,,1.948584046,-1.592267409,
0.01,8,0.6,200,10,0.8,2.382374177,0.386022149,2.023326929,,1.948584046,-1.592267409,
0.01,3,0.6,200,10,0.8,2.38278545,0.385795219,2.025544006,,1.949838053,-1.595604977,
0.01,6,0.7,100,3,0.6,2.317632147,0.419181203,2.09726723,,1.952701843,-1.603235074,
0.01,7,0.7,100,3,0.6,2.317632147,0.419181203,2.09726723,,1.952701843,-1.603235074,
0.01,8,0.7,100,3,0.6,2.317632147,0.419181203,2.09726723,,1.952701843,-1.603235074,
0.01,5,0.7,100,3,0.6,2.317636929,0.419178891,2.097270806,,1.952725384,-1.603297842,
0.01,4,0.7,100,3,0.6,2.317749345,0.419122326,2.097430994,,1.952977486,-1.603970071,
0.01,3,0.7,100,3,0.6,2.318814584,0.418569191,2.097576101,,1.956488994,-1.613342509,
0.01,5,0.7,200,10,0.6,2.336069847,0.409696839,2.045706053,,1.960916722,-1.6251844,
0.01,6,0.7,200,10,0.6,2.336069441,0.409697054,2.045706262,,1.960916722,-1.6251844,
0.01,7,0.7,200,10,0.6,2.336069441,0.409697054,2.045706262,,1.960916722,-1.6251844,
0.01,8,0.7,200,10,0.6,2.336069441,0.409697054,2.045706262,,1.960916722,-1.6251844,
0.01,4,0.7,200,10,0.6,2.336089248,0.409687049,2.045690019,,1.961008208,-1.62542936,
0.01,3,0.7,200,10,0.6,2.336157431,0.409650254,2.04581203,,1.962089744,-1.628326116,
0.01,6,0.6,100,3,0.6,2.375531949,0.389733872,2.082681467,,1.983168383,-1.685101423,
0.01,7,0.6,100,3,0.6,2.375531949,0.389733872,2.082681467,,1.983168383,-1.685101423,
0.01,8,0.6,100,3,0.6,2.375531949,0.389733872,2.082681467,,1.983168383,-1.685101423,
0.01,5,0.6,100,3,0.6,2.375536795,0.389731462,2.082684775,,1.983192211,-1.685165947,
0.01,4,0.6,100,3,0.6,2.375573267,0.389710743,2.082535286,,1.983407237,-1.685748253,
0.01,3,0.6,100,3,0.6,2.376372343,0.389288081,2.082637538,,1.984456035,-1.688589377,
0.01,5,0.6,200,10,0.6,2.399375793,0.377294185,2.04548159,,2.005650151,-1.746324656,
0.01,6,0.6,200,10,0.6,2.399375793,0.377294185,2.04548159,,2.005650151,-1.746324656,
0.01,7,0.6,200,10,0.6,2.399375793,0.377294185,2.04548159,,2.005650151,-1.746324656,
0.01,8,0.6,200,10,0.6,2.399375793,0.377294185,2.04548159,,2.005650151,-1.746324656,
0.01,4,0.6,200,10,0.6,2.399384833,0.37728968,2.045480875,,2.005666385,-1.746369115,
0.01,3,0.6,200,10,0.6,2.399533505,0.377209572,2.04639071,,2.006112005,-1.747589629,
0.01,5,0.9,100,5,1,2.320960106,0.417158241,2.174289514,,2.013897474,-1.768957111,
0.01,6,0.9,100,5,1,2.320959321,0.417158643,2.174289574,,2.013897474,-1.768957111,
0.01,7,0.9,100,5,1,2.320959321,0.417158643,2.174289574,,2.013897474,-1.768957111,
0.01,8,0.9,100,5,1,2.320959321,0.417158643,2.174289574,,2.013897474,-1.768957111,
0.01,4,0.9,100,5,1,2.321108016,0.417084302,2.174298663,,2.013921582,-1.769023407,
0.01,3,0.9,100,5,1,2.322040875,0.416624175,2.176778008,,2.021772799,-1.79065541,
0.01,4,0.9,100,5,0.8,2.335995349,0.409627175,2.172676732,,2.036194081,-1.830608824,
0.01,5,0.8,100,5,1,2.36993821,0.39234648,2.136899938,,2.036197072,-1.830617138,
0.01,6,0.8,100,5,1,2.369937496,0.392346852,2.136899908,,2.036197072,-1.830617138,
0.01,7,0.8,100,5,1,2.369937496,0.392346852,2.136899908,,2.036197072,-1.830617138,
0.01,8,0.8,100,5,1,2.369937496,0.392346852,2.136899908,,2.036197072,-1.830617138,
0.01,5,0.9,100,5,0.8,2.335898427,0.409677289,2.172245701,,2.036198992,-1.830622477,
0.01,6,0.9,100,5,0.8,2.335897788,0.409677618,2.172245701,,2.036198992,-1.830622477,
0.01,7,0.9,100,5,0.8,2.335897788,0.409677618,2.172245701,,2.036198992,-1.830622477,
0.01,8,0.9,100,5,0.8,2.335897788,0.409677618,2.172245701,,2.036198992,-1.830622477,
0.01,4,0.8,100,5,1,2.370062282,0.39228306,2.136187334,,2.036300957,-1.830905977,
0.01,3,0.9,100,5,0.8,2.336707411,0.409259163,2.174350639,,2.039226873,-1.839047156,
0.01,3,0.8,100,5,1,2.371268376,0.391667457,2.140854199,,2.041009664,-1.84401339,
0.01,5,0.7,100,5,1,2.419801367,0.366589943,2.103496064,,2.050942904,-1.871763393,
0.01,6,0.7,100,5,1,2.41979966,0.366590821,2.103496094,,2.050942904,-1.871763393,
0.01,7,0.7,100,5,1,2.419799655,0.366590823,2.103496094,,2.050942904,-1.871763393,
0.01,8,0.7,100,5,1,2.419799655,0.366590823,2.103496094,,2.050942904,-1.871763393,
0.01,4,0.7,100,5,1,2.419870092,0.366554135,2.103061308,,2.050960939,-1.8718139,
0.01,3,0.7,100,5,1,2.420620716,0.366160939,2.103654434,,2.054164104,-1.880791229,
0.01,4,0.8,100,5,0.8,2.381875817,0.386273326,2.147412618,,2.060472565,-1.898512564,
0.01,5,0.8,100,5,0.8,2.381745821,0.386343502,2.147960563,,2.060472565,-1.898512564,
0.01,6,0.8,100,5,0.8,2.381749074,0.386341823,2.147960772,,2.060472565,-1.898512564,
0.01,7,0.8,100,5,0.8,2.381749074,0.386341823,2.147960772,,2.060472565,-1.898512564,
0.01,8,0.8,100,5,0.8,2.381749074,0.386341823,2.147960772,,2.060472565,-1.898512564,
0.01,3,0.8,100,5,0.8,2.382643526,0.385866156,2.148273994,,2.062472369,-1.904141632,
0.01,4,0.7,100,5,0.8,2.430459843,0.361028623,2.115522642,,2.076664954,-1.944247955,
0.01,5,0.7,100,5,0.8,2.430391268,0.36106441,2.115270962,,2.076664954,-1.944247955,
0.01,6,0.7,100,5,0.8,2.430390967,0.361064563,2.115230133,,2.076664954,-1.944247955,
0.01,7,0.7,100,5,0.8,2.430390967,0.361064563,2.115230133,,2.076664954,-1.944247955,
0.01,8,0.7,100,5,0.8,2.430390967,0.361064563,2.115230133,,2.076664954,-1.944247955,
0.01,3,0.7,100,5,0.8,2.431100845,0.360685195,2.115666617,,2.077689087,-1.947152658,
0.01,5,0.9,100,5,0.6,2.358790892,0.398074437,2.144755293,,2.083326025,-1.963166076,
0.01,6,0.9,100,5,0.6,2.358790892,0.398074437,2.144755293,,2.083326025,-1.963166076,
0.01,7,0.9,100,5,0.6,2.358790892,0.398074437,2.144755293,,2.083326025,-1.963166076,
0.01,8,0.9,100,5,0.6,2.358790892,0.398074437,2.144755293,,2.083326025,-1.963166076,
0.01,4,0.9,100,5,0.6,2.358831118,0.398053678,2.144883771,,2.083658609,-1.964112236,
0.01,3,0.9,100,5,0.6,2.359135724,0.397867945,2.145315517,,2.085742204,-1.970043244,
0.01,4,0.6,100,5,1,2.476997048,0.336303942,2.110318895,,2.094070718,-1.993809779,
0.01,5,0.6,100,5,1,2.476953868,0.336326607,2.110380348,,2.094076841,-1.993827286,
0.01,6,0.6,100,5,1,2.476953834,0.336326625,2.110379215,,2.094076841,-1.993827286,
0.01,7,0.6,100,5,1,2.476953834,0.336326625,2.110379215,,2.094076841,-1.993827286,
0.01,8,0.6,100,5,1,2.476953834,0.336326625,2.110379215,,2.094076841,-1.993827286,
0.01,3,0.6,100,5,1,2.478072916,0.335722414,2.111612674,,2.096749743,-2.00147487,
0.01,5,0.8,100,5,0.6,2.401956747,0.375883706,2.126718928,,2.103149859,-2.019826232,
0.01,6,0.8,100,5,0.6,2.401952849,0.375885616,2.126717378,,2.103149859,-2.019826232,
0.01,7,0.8,100,5,0.6,2.401952849,0.375885616,2.126717378,,2.103149859,-2.019826232,
0.01,8,0.8,100,5,0.6,2.401952849,0.375885616,2.126717378,,2.103149859,-2.019826232,
0.01,4,0.8,100,5,0.6,2.401968329,0.375883156,2.12671866,,2.103279931,-2.020199773,
0.01,3,0.8,100,5,0.6,2.402360415,0.375653822,2.126506557,,2.105130108,-2.025515626,
0.01,5,0.6,100,5,0.8,2.489016719,0.329863632,2.121692415,,2.109664382,-2.038563075,
0.01,6,0.6,100,5,0.8,2.489016726,0.329863628,2.121691581,,2.109664382,-2.038563075,
0.01,7,0.6,100,5,0.8,2.489016726,0.329863628,2.121691581,,2.109664382,-2.038563075,
0.01,8,0.6,100,5,0.8,2.489016726,0.329863628,2.121691581,,2.109664382,-2.038563075,
0.01,4,0.6,100,5,0.8,2.489035137,0.329853708,2.121762063,,2.10970678,-2.03868521,
0.01,3,0.6,100,5,0.8,2.489623532,0.329528635,2.121192511,,2.111047111,-2.042547489,
0.01,6,0.7,100,5,0.6,2.448978007,0.3512343,2.117172865,,2.117693687,-2.061736409,
0.01,7,0.7,100,5,0.6,2.448978007,0.3512343,2.117172865,,2.117693687,-2.061736409,
0.01,8,0.7,100,5,0.6,2.448978007,0.3512343,2.117172865,,2.117693687,-2.061736409,
0.01,5,0.7,100,5,0.6,2.448978245,0.351234174,2.117172835,,2.117708919,-2.061780455,
0.01,4,0.7,100,5,0.6,2.449021997,0.351211086,2.117265431,,2.117877546,-2.062268073,
0.01,3,0.7,100,5,0.6,2.449295064,0.351049498,2.114216206,,2.119412947,-2.066709798,
0.01,6,0.6,100,5,0.6,2.50382357,0.321862664,2.121004192,,2.158881255,-2.181991577,
0.01,7,0.6,100,5,0.6,2.50382357,0.321862664,2.121004192,,2.158881255,-2.181991577,
0.01,8,0.6,100,5,0.6,2.50382357,0.321862664,2.121004192,,2.158881255,-2.181991577,
0.01,5,0.6,100,5,0.6,2.50382357,0.321862664,2.121004192,,2.158895328,-2.182033061,
0.01,4,0.6,100,5,0.6,2.50392963,0.3218066,2.121779499,,2.159078075,-2.182571793,
0.01,3,0.6,100,5,0.6,2.504343686,0.321566413,2.121927855,,2.160036343,-2.185397475,
0.01,5,0.9,100,10,1,2.52589855,0.309514992,2.194016752,,2.269567152,-2.516637388,
0.01,6,0.9,100,10,1,2.525897744,0.309515416,2.194016752,,2.269567152,-2.516637388,
0.01,7,0.9,100,10,1,2.525897744,0.309515416,2.194016752,,2.269567152,-2.516637388,
0.01,8,0.9,100,10,1,2.525897744,0.309515416,2.194016752,,2.269567152,-2.516637388,
0.01,4,0.9,100,10,1,2.525928228,0.309498392,2.194004831,,2.269646372,-2.51688289,
0.01,3,0.9,100,10,1,2.526300036,0.309282582,2.191412357,,2.272252465,-2.524963961,
0.01,4,0.9,100,10,0.8,2.534463033,0.304836313,2.191823629,,2.280343793,-2.550112945,
0.01,5,0.9,100,10,0.8,2.534446436,0.304845653,2.191732702,,2.280343793,-2.550112945,
0.01,6,0.9,100,10,0.8,2.53444631,0.304845723,2.191732702,,2.280343793,-2.550112945,
0.01,7,0.9,100,10,0.8,2.53444631,0.304845723,2.191732702,,2.280343793,-2.550112945,
0.01,8,0.9,100,10,0.8,2.53444631,0.304845723,2.191732702,,2.280343793,-2.550112945,
0.01,3,0.9,100,10,0.8,2.534746463,0.304676566,2.192686347,,2.281943676,-2.555096193,
0.01,4,0.8,100,10,1,2.567824006,0.286487085,2.17050275,,2.283539234,-2.560069448,
0.01,6,0.8,100,10,1,2.56781621,0.286491244,2.170481143,,2.283556576,-2.560123522,
0.01,7,0.8,100,10,1,2.56781621,0.286491244,2.170481143,,2.283556576,-2.560123522,
0.01,8,0.8,100,10,1,2.56781621,0.286491244,2.170481143,,2.283556576,-2.560123522,
0.01,5,0.8,100,10,1,2.567817006,0.286490816,2.170481113,,2.283563666,-2.560145628,
0.01,3,0.8,100,10,1,2.568111842,0.286323435,2.170925913,,2.286431424,-2.569093089,
0.01,4,0.7,100,10,1,2.609555746,0.263157981,2.153091875,,2.301265286,-2.615554292,
0.01,5,0.7,100,10,1,2.609548012,0.263162355,2.153085498,,2.301265286,-2.615554292,
0.01,6,0.7,100,10,1,2.609547153,0.263162824,2.153085289,,2.301265286,-2.615554292,
0.01,7,0.7,100,10,1,2.609547153,0.263162824,2.153085289,,2.301265286,-2.615554292,
0.01,8,0.7,100,10,1,2.609547153,0.263162824,2.153085289,,2.301265286,-2.615554292,
0.01,4,0.8,100,10,0.8,2.575175992,0.282434312,2.185639766,,2.302424289,-2.619197065,
0.01,5,0.8,100,10,0.8,2.575171759,0.282436483,2.185393957,,2.302424289,-2.619197065,
0.01,6,0.8,100,10,0.8,2.575170758,0.282437039,2.185394016,,2.302424289,-2.619197065,
0.01,7,0.8,100,10,0.8,2.575170758,0.282437039,2.185394016,,2.302424289,-2.619197065,
0.01,8,0.8,100,10,0.8,2.575170758,0.282437039,2.185394016,,2.302424289,-2.619197065,
0.01,3,0.7,100,10,1,2.609661706,0.263098964,2.154870388,,2.302639136,-2.619872534,
0.01,3,0.8,100,10,0.8,2.575529976,0.282231167,2.184487966,,2.303649359,-2.623049482,
0.01,5,0.9,100,10,0.6,2.547576398,0.297657159,2.177953181,,2.305197921,-2.627922101,
0.01,6,0.9,100,10,0.6,2.547575837,0.297657472,2.177953181,,2.305197921,-2.627922101,
0.01,7,0.9,100,10,0.6,2.547575837,0.297657472,2.177953181,,2.305197921,-2.627922101,
0.01,8,0.9,100,10,0.6,2.547575837,0.297657472,2.177953181,,2.305197921,-2.627922101,
0.01,4,0.9,100,10,0.6,2.547608513,0.297639473,2.17826688,,2.306551042,-2.632182435,
0.01,3,0.9,100,10,0.6,2.547758048,0.29755367,2.177557973,,2.307651553,-2.635649267,
0.01,4,0.7,100,10,0.8,2.616805191,0.25906462,2.171754209,,2.320678869,-2.676813573,
0.01,5,0.7,100,10,0.8,2.616784861,0.259076111,2.171583531,,2.320678869,-2.676813573,
0.01,6,0.7,100,10,0.8,2.616783955,0.259076618,2.171584663,,2.320678869,-2.676813573,
0.01,7,0.7,100,10,0.8,2.616783955,0.259076618,2.171584663,,2.320678869,-2.676813573,
0.01,8,0.7,100,10,0.8,2.616783955,0.259076618,2.171584663,,2.320678869,-2.676813573,
0.01,3,0.7,100,10,0.8,2.617006174,0.258953765,2.173707006,,2.321322437,-2.678853155,
0.01,5,0.8,100,10,0.6,2.586209713,0.276278408,2.18061429,,2.332874407,-2.715559601,
0.01,6,0.8,100,10,0.6,2.586209713,0.276278408,2.18061429,,2.332874407,-2.715559601,
0.01,7,0.8,100,10,0.6,2.586209713,0.276278408,2.18061429,,2.332874407,-2.715559601,
0.01,8,0.8,100,10,0.6,2.586209713,0.276278408,2.18061429,,2.332874407,-2.715559601,
0.01,4,0.8,100,10,0.6,2.586224227,0.276270188,2.180634854,,2.332957921,-2.71582563,
0.01,3,0.8,100,10,0.6,2.586294884,0.276231021,2.181565074,,2.334349763,-2.720260672,
0.01,4,0.6,100,10,1,2.654081006,0.237867353,2.164936479,,2.340335822,-2.739365141,
0.01,5,0.6,100,10,1,2.654075655,0.237870399,2.164913144,,2.340350747,-2.739412833,
0.01,6,0.6,100,10,1,2.654075655,0.237870399,2.164913144,,2.340350747,-2.739412833,
0.01,7,0.6,100,10,1,2.654075655,0.237870399,2.164913144,,2.340350747,-2.739412833,
0.01,8,0.6,100,10,1,2.654075655,0.237870399,2.164913144,,2.340350747,-2.739412833,
0.01,3,0.6,100,10,1,2.654218922,0.237788613,2.165132191,,2.341661269,-2.74360191,
0.01,5,0.7,100,10,0.6,2.62612442,0.253795911,2.175588725,,2.349102282,-2.767431532,
0.01,6,0.7,100,10,0.6,2.626123883,0.253796219,2.175588695,,2.349102282,-2.767431532,
0.01,7,0.7,100,10,0.6,2.626123883,0.253796219,2.175588695,,2.349102282,-2.767431532,
0.01,8,0.7,100,10,0.6,2.626123883,0.253796219,2.175588695,,2.349102282,-2.767431532,
0.01,4,0.7,100,10,0.6,2.626137965,0.253788312,2.175584552,,2.349184166,-2.767694182,
0.01,3,0.7,100,10,0.6,2.626149355,0.253783035,2.175192473,,2.350279945,-2.771209891,
0.01,4,0.6,100,10,0.8,2.662973647,0.232739366,2.182271953,,2.352310985,-2.777730635,
0.01,5,0.6,100,10,0.8,2.662966304,0.232743582,2.182218756,,2.35232809,-2.777785577,
0.01,6,0.6,100,10,0.8,2.662966304,0.232743582,2.182218756,,2.35232809,-2.777785577,
0.01,7,0.6,100,10,0.8,2.662966304,0.232743582,2.182218756,,2.35232809,-2.777785577,
0.01,8,0.6,100,10,0.8,2.662966304,0.232743582,2.182218756,,2.35232809,-2.777785577,
0.01,3,0.6,100,10,0.8,2.663069373,0.232681573,2.184249367,,2.353298383,-2.780902755,
0.01,5,0.6,100,10,0.6,2.671638229,0.227776946,2.178631959,,2.385505122,-2.885100175,
0.01,6,0.6,100,10,0.6,2.671638229,0.227776946,2.178631959,,2.385505122,-2.885100175,
0.01,7,0.6,100,10,0.6,2.671638229,0.227776946,2.178631959,,2.385505122,-2.885100175,
0.01,8,0.6,100,10,0.6,2.671638229,0.227776946,2.178631959,,2.385505122,-2.885100175,
0.01,4,0.6,100,10,0.6,2.671647541,0.2277718,2.178638635,,2.385546161,-2.885233853,
0.01,3,0.6,100,10,0.6,2.671680375,0.227749958,2.180305687,,2.385777111,-2.885986167,
