learning_rate,depth,subsample,iterations,l2_leaf_reg,CV-10-train-RMSE,CV-10-train-R2,CV-10-validation-RMSE,CV-10-validation-R2,test-RMSE,test-R2
0.2,7,0.9,400,10,0.487651852,0.998660158,3.677537783,,2.184535863,0.961019975
0.2,7,0.9,300,10,0.757873298,0.99676837,3.795508322,,2.22536214,0.959549383
0.1,7,0.8,400,5,0.606620974,0.997933006,3.536054882,,2.315616503,0.956201723
0.2,7,0.9,200,10,1.303022585,0.990458701,4.129486225,,2.334168237,0.955497125
0.1,7,0.8,300,5,0.943672663,0.995001976,3.749498755,,2.36402136,0.954351496
0.4,8,0.7,200,5,0.15746478,0.999860175,3.643565225,,2.371848681,0.954048709
0.4,8,0.7,300,5,0.11713304,0.999921742,3.655535631,,2.375807189,0.9538952
0.3,8,0.7,200,5,0.243107595,0.999667066,3.576374173,,2.375877949,0.953892454
0.4,8,0.7,400,5,0.112994117,0.999926602,3.657872025,,2.377984682,0.953810649
0.3,8,0.7,300,5,0.136403123,0.999895032,3.562721223,,2.382680518,0.953628047
0.3,8,0.7,400,5,0.116792746,0.99992228,3.561587301,,2.38591184,0.953502185
0.2,7,0.7,400,10,0.471271999,0.998749973,3.501413314,,2.387172804,0.953453024
0.3,8,0.7,100,5,0.775214685,0.996621302,3.726061454,,2.408581754,0.952614383
0.2,7,0.8,400,10,0.471403349,0.998749411,3.726585614,,2.40872374,0.952608796
0.2,7,0.7,300,10,0.708231921,0.997178907,3.618192243,,2.411195836,0.95251147
0.1,7,0.9,400,5,0.59225647,0.998028471,3.677441511,,2.427497012,0.951867196
0.1,7,0.8,400,3,0.324554693,0.99940783,3.544729582,,2.427596173,0.951863263
0.4,8,0.7,100,5,0.497170519,0.998609615,3.690476086,,2.433755869,0.951618672
0.2,7,0.8,300,10,0.731240975,0.996992773,3.872763647,,2.439455058,0.951391816
0.3,7,0.9,200,5,0.297478106,0.999501372,3.645093449,,2.442355672,0.951276152
0.3,7,0.9,300,5,0.154393712,0.999865415,3.599475543,,2.445346228,0.951156759
0.1,7,0.8,300,3,0.559778707,0.998239028,3.638018982,,2.446276801,0.951119578
0.1,7,0.6,400,5,0.607668021,0.997926163,3.736013602,,2.450878419,0.95093551
0.3,7,0.8,400,10,0.246440382,0.999658403,3.624226452,,2.453839247,0.950816891
0.3,7,0.9,400,5,0.121534268,0.999916081,3.59220677,,2.45562979,0.950745088
0.3,7,0.8,300,10,0.394978985,0.999122589,3.691723176,,2.459331506,0.950596479
0.2,7,0.9,400,5,0.176899936,0.999823693,3.740227433,,2.459895604,0.950573813
0.2,7,0.9,300,5,0.290998612,0.999522975,3.783761929,,2.460244164,0.950559805
0.2,7,0.9,400,3,0.122732555,0.999914621,3.553247186,,2.462795766,0.950457199
0.2,7,0.9,200,5,0.594876302,0.998008835,3.919264675,,2.464690356,0.950380945
0.2,7,0.9,300,3,0.157088968,0.999860969,3.565535785,,2.465345988,0.950354543
0.2,7,0.9,200,3,0.312409872,0.999450919,3.609548405,,2.465707822,0.950339969
0.1,5,0.6,400,5,1.028828057,0.994058256,3.79819188,,2.470726388,0.950137613
0.3,3,0.7,100,3,2.204422689,0.972734375,4.447879016,,2.474691543,0.949977441
0.1,7,0.9,300,5,0.932485558,0.99511777,3.879470679,,2.477991532,0.949843942
0.1,7,0.9,400,10,1.351102599,0.989742231,4.141110418,,2.488467958,0.949418947
0.1,7,0.6,300,5,0.911541987,0.995336863,3.886705466,,2.510367433,0.948524765
0.2,5,0.7,300,5,0.636682671,0.997719397,3.552706384,,2.51174337,0.948468322
0.1,7,0.9,400,1,0.130487036,0.999903914,3.508442586,,2.514165006,0.948368908
0.1,8,0.6,400,5,0.478814571,0.998710995,3.642703169,,2.515593132,0.948310235
0.2,7,0.8,300,5,0.299212281,0.999495931,3.607326461,,2.518314037,0.948198358
0.3,3,0.7,200,3,1.279364392,0.990810935,4.051026889,,2.519134564,0.948164596
0.2,5,0.7,400,5,0.442095057,0.998899136,3.475801955,,2.520393931,0.948112756
0.2,7,0.8,400,5,0.188119333,0.999800545,3.562744102,,2.521043622,0.948086002
0.1,7,0.9,300,1,0.18860158,0.999799915,3.524727825,,2.527022439,0.947839475
0.3,7,0.9,100,5,0.967836422,0.994732793,3.997575708,,2.528196063,0.947791014
0.1,7,0.7,400,1,0.152047966,0.999869706,3.66482974,,2.53002761,0.947715341
0.1,7,0.9,400,3,0.314456114,0.999443342,3.557748911,,2.537634913,0.947400449
0.3,7,0.8,200,10,0.741634185,0.996908091,3.887984494,,2.542753373,0.947188046
0.1,7,0.8,200,3,1.071317177,0.993555737,3.957059488,,2.54290787,0.947181628
0.2,8,0.7,200,3,0.264094276,0.999607685,3.641626325,,2.543975588,0.947137264
0.1,7,0.7,300,1,0.234339832,0.999691025,3.692607426,,2.545603871,0.947069572
0.1,5,0.8,400,3,0.677772709,0.997419526,3.683888355,,2.54677795,0.947020736
0.1,7,0.9,300,3,0.537936129,0.998372191,3.642671949,,2.547084819,0.947007968
0.1,7,0.6,400,10,1.152929727,0.992541199,3.931293476,,2.548103463,0.946965574
0.2,7,0.8,200,5,0.596404999,0.998000523,3.737714853,,2.550827742,0.946852111
0.2,8,0.7,400,3,0.118200455,0.999920723,3.597789685,,2.551500151,0.946824087
0.1,7,0.9,200,1,0.431810235,0.998950906,3.599709928,,2.55189005,0.946807834
0.2,8,0.7,300,3,0.142123594,0.999886254,3.607838734,,2.551935835,0.946805925
0.3,7,0.6,400,10,0.268786768,0.999592846,3.512400896,,2.560267209,0.94645803
0.4,3,0.6,200,5,1.283499625,0.99074113,4.073839272,,2.561138624,0.946421577
0.2,7,0.7,200,10,1.210910699,0.991765,3.905256261,,2.561479036,0.946407333
0.4,5,0.8,300,10,0.487007292,0.998664411,3.794558293,,2.563482475,0.946323466
0.1,8,0.6,300,5,0.737746619,0.996943248,3.754394803,,2.566878513,0.946181153
0.3,7,0.6,300,10,0.406549452,0.999068941,3.545851171,,2.567398582,0.946159343
0.2,7,0.9,100,3,1.044690778,0.993863825,4.009606254,,2.56923608,0.946082247
0.1,5,0.8,300,3,0.983546368,0.994567853,3.824498511,,2.573787455,0.945891049
0.4,5,0.8,200,10,0.826344389,0.996158286,3.969270766,,2.577721433,0.945725514
0.4,5,0.8,400,10,0.335587937,0.999365411,3.714223445,,2.583110498,0.94549834
0.3,3,0.7,300,3,0.927413101,0.995168616,3.80249763,,2.589680931,0.945220726
0.3,8,0.7,200,3,0.143457672,0.999883709,3.648065495,,2.591635096,0.945138022
0.3,8,0.7,300,3,0.11521033,0.999924091,3.647799878,,2.593772345,0.945047498
0.3,8,0.7,400,3,0.112678439,0.999926872,3.64737989,,2.595720594,0.944964915
0.2,5,0.7,200,5,1.01386881,0.994225554,3.717428709,,2.600552793,0.944759817
0.1,7,0.8,300,1,0.202839053,0.999768715,3.641204948,,2.600838925,0.944747661
0.2,7,0.8,200,10,1.264916126,0.991016919,4.187279276,,2.601177197,0.944733287
0.1,7,0.8,200,1,0.445718694,0.998883637,3.750481026,,2.601925424,0.944701488
0.3,7,0.7,400,10,0.259387222,0.999621523,3.70599979,,2.602981958,0.94465657
0.1,7,0.8,400,1,0.138492468,0.999891967,3.631067224,,2.608065215,0.944440203
0.1,5,0.6,300,5,1.423538735,0.988630916,4.01821294,,2.610798529,0.944323686
0.2,5,0.8,400,10,0.796293016,0.996439802,3.816856596,,2.611213696,0.944305977
0.3,7,0.7,300,10,0.406719621,0.999069351,3.77482902,,2.61302417,0.94422872
0.3,8,0.7,100,3,0.453337256,0.998842613,3.706087318,,2.613761056,0.94419726
0.1,7,0.7,200,1,0.487240687,0.998665445,3.792889816,,2.616331782,0.944087438
0.4,8,0.6,200,5,0.171668867,0.9998337,3.518901521,,2.620014779,0.943929912
0.4,8,0.6,100,5,0.509050935,0.998538111,3.620140133,,2.620714372,0.943899964
0.3,6,0.7,300,5,0.244168824,0.999663933,3.971788297,,2.621891176,0.943849571
0.2,8,0.6,400,10,0.372704408,0.999218666,3.546970538,,2.622067256,0.943842029
0.3,7,0.9,400,10,0.246215898,0.99965702,3.723594419,,2.622267325,0.943833458
0.3,5,0.8,300,5,0.368065111,0.999237638,3.606831582,,2.625329745,0.943702193
0.3,6,0.7,400,5,0.168333181,0.999840262,3.959477309,,2.627952392,0.943589657
0.4,3,0.6,100,5,2.212848696,0.97251495,4.489903222,,2.628766791,0.943554688
0.4,8,0.6,300,5,0.120059377,0.999918054,3.514558115,,2.629721326,0.943513689
0.1,7,0.9,200,3,1.044061268,0.993878006,3.915872666,,2.62976267,0.943511913
0.4,8,0.6,400,5,0.113401216,0.999926137,3.516244832,,2.630715212,0.943470984
0.3,6,0.7,200,5,0.449900062,0.998857967,4.050010644,,2.634204024,0.943320948
0.1,7,0.8,200,5,1.63146554,0.98506491,4.151289649,,2.634397781,0.94331261
0.3,5,0.8,400,5,0.254724298,0.999634461,3.553020277,,2.634824945,0.943294225
0.4,7,0.8,200,5,0.189041266,0.999798629,3.68290993,,2.635934335,0.943246463
0.3,3,0.7,400,3,0.732196162,0.996986062,3.690879011,,2.638735821,0.943125763
0.4,7,0.8,300,5,0.124382669,0.999912481,3.666365837,,2.639724749,0.943083125
0.2,7,0.6,200,3,0.389093964,0.999146973,3.694404348,,2.640113793,0.943066347
0.1,5,0.6,400,3,0.775894683,0.996618579,3.791450707,,2.640463266,0.943051273
0.3,8,0.7,400,10,0.191860793,0.999792931,3.511536738,,2.641098735,0.943023859
0.4,7,0.8,400,5,0.114582624,0.999924999,3.665261633,,2.641622966,0.943001238
0.2,8,0.7,100,3,0.878759354,0.995659825,3.891975645,,2.642648405,0.942956978
0.2,8,0.8,400,5,0.152154118,0.99986968,3.534292226,,2.643892506,0.942903256
0.3,8,0.7,300,10,0.305291249,0.999475335,3.527668309,,2.652140226,0.942546469
0.2,8,0.8,300,5,0.240744125,0.999673263,3.549084084,,2.652895274,0.942513751
0.3,5,0.8,200,5,0.641919276,0.997680597,3.712891256,,2.6565589,0.942354866
0.2,8,0.6,300,10,0.563529264,0.998213941,3.663741604,,2.658711649,0.942261402
0.4,8,0.6,300,10,0.201503838,0.999770594,3.480334795,,2.659024291,0.942247822
0.4,8,0.6,400,10,0.14094529,0.999887724,3.475767325,,2.660324054,0.942191348
0.4,3,0.6,300,5,0.927751714,0.99515449,3.833398672,,2.660924402,0.942165254
0.2,5,0.7,400,3,0.30843268,0.99946422,3.61089124,,2.661797278,0.942127305
0.2,5,0.8,300,10,1.117815224,0.992986499,3.977858168,,2.665103659,0.941983441
0.3,7,0.9,300,10,0.410589368,0.999048252,3.779422489,,2.665485348,0.941966822
0.2,5,0.7,300,3,0.441722083,0.998901503,3.667282766,,2.666591345,0.941918652
0.2,7,0.6,300,3,0.210202098,0.999750816,3.622854974,,2.6688909,0.941818435
0.1,5,0.8,400,5,0.989471382,0.99450431,3.658756556,,2.674286737,0.94158294
0.4,7,0.8,100,5,0.602480855,0.997953066,3.79908086,,2.674381152,0.941578815
0.2,7,0.6,400,3,0.147902172,0.999876422,3.602607359,,2.679788809,0.941342318
0.1,5,0.6,300,3,1.088033726,0.993355785,3.948878738,,2.681157718,0.941282375
0.2,8,0.8,200,5,0.508990163,0.99854274,3.616962946,,2.683687899,0.9411715
0.2,5,0.6,400,5,0.465556354,0.998781452,3.552250055,,2.688907637,0.940942436
0.4,8,0.6,200,10,0.375727326,0.999201681,3.545210847,,2.690870346,0.940856189
0.4,5,0.8,100,10,1.762432382,0.982557517,4.566499098,,2.69233644,0.940791724
0.3,7,0.7,200,10,0.725503826,0.997038885,3.930408567,,2.692541896,0.940782687
0.2,5,0.8,200,5,1.020682925,0.994144844,3.75888673,,2.693684321,0.940732426
0.2,7,0.6,400,10,0.467342839,0.998772264,3.478467657,,2.698670211,0.940512819
0.3,8,0.7,200,10,0.576210302,0.998133113,3.616307207,,2.702605953,0.94033918
0.2,5,0.6,300,5,0.667957405,0.997494218,3.66686358,,2.703791019,0.940286848
0.1,7,0.9,200,5,1.636959685,0.984963846,4.3113864,,2.703937772,0.940280365
0.3,7,0.6,200,10,0.702907405,0.997217165,3.680867168,,2.708668404,0.940071219
0.3,6,0.7,100,5,1.160227955,0.992419975,4.388304902,,2.711181039,0.939959985
0.1,7,0.9,100,1,1.506741459,0.987248391,4.104803774,,2.712537296,0.9398999
0.2,5,0.8,400,3,0.271289267,0.999585409,3.679267297,,2.71379906,0.939843975
0.2,5,0.8,300,3,0.398448739,0.999106489,3.719702414,,2.714473273,0.939814081
0.2,5,0.7,200,3,0.741254458,0.996906793,3.813552662,,2.716464819,0.939725734
0.1,7,0.6,300,10,1.629179167,0.985109626,4.213425911,,2.717069215,0.93969891
0.1,8,0.6,400,3,0.28398349,0.999546416,3.619028857,,2.71754278,0.939677888
0.4,7,0.9,100,3,0.313938955,0.999445221,3.686961813,,2.722654226,0.939450754
0.4,7,0.9,200,3,0.121376325,0.999916368,3.602864186,,2.724683774,0.93936045
0.1,8,0.8,400,3,0.256524738,0.99963002,3.660109861,,2.726582512,0.939275906
0.1,6,0.9,400,5,0.764241506,0.996719087,3.690058816,,2.727704104,0.939225937
0.2,5,0.8,400,5,0.418762314,0.999013138,3.505484136,,2.728438074,0.939193226
0.4,7,0.9,300,3,0.112890285,0.999926686,3.60483239,,2.728459688,0.939192263
0.4,7,0.9,400,3,0.11238275,0.999927099,3.605283238,,2.728918633,0.939171805
0.1,7,0.8,400,10,1.262615024,0.991050732,4.110646196,,2.729676771,0.939138002
0.1,7,0.6,400,3,0.385759585,0.999164221,3.504493953,,2.731428297,0.939059871
0.2,7,0.6,100,3,1.074524679,0.993504773,4.037093726,,2.732503213,0.939011898
0.1,8,0.6,300,3,0.460205932,0.998808787,3.680353784,,2.734244762,0.938934132
0.2,3,0.9,300,3,1.253420753,0.991183325,4.006515188,,2.734611363,0.938917756
0.4,7,0.7,200,5,0.216082708,0.999737248,3.62602108,,2.734859218,0.938906683
0.1,8,0.6,200,1,0.386482874,0.99916,3.567144708,,2.739219931,0.938711702
0.3,3,0.7,400,10,1.210620529,0.991769421,4.02413219,,2.741592084,0.938605505
0.2,7,0.8,200,3,0.32622182,0.999401124,3.680067401,,2.742444182,0.938567336
0.4,7,0.7,300,5,0.13231929,0.999901198,3.603733604,,2.742499774,0.938564845
0.1,5,0.8,400,10,1.729234006,0.983209329,4.198560566,,2.742620934,0.938559417
0.2,5,0.8,300,5,0.619902199,0.997836182,3.579357257,,2.743305953,0.938528721
0.1,8,0.7,400,10,1.031310259,0.994031927,3.891280133,,2.743929668,0.938500766
0.2,7,0.8,200,1,0.139382451,0.999890239,3.655267713,,2.743998497,0.93849768
0.4,3,0.6,400,5,0.735139475,0.99695305,3.77264367,,2.744441828,0.938477806
0.2,3,0.8,200,1,1.334101604,0.990010795,3.93611375,,2.746903676,0.938367382
0.4,7,0.7,400,5,0.116282849,0.999923015,3.597618677,,2.748098858,0.938313737
0.2,7,0.8,300,1,0.115313768,0.999923958,3.652318163,,2.748726052,0.938285577
0.3,8,0.9,400,3,0.112425955,0.999927076,3.637614764,,2.749333441,0.9382583
0.2,7,0.8,400,1,0.112768577,0.999926779,3.651483309,,2.749563982,0.938247945
0.3,8,0.9,300,3,0.113336157,0.999926224,3.638046158,,2.74983988,0.938235551
0.4,3,0.7,200,10,1.721106871,0.983373839,4.300910295,,2.750306705,0.938214579
0.3,8,0.9,200,3,0.130186955,0.999904112,3.643600768,,2.751255083,0.938171961
0.2,5,0.8,200,3,0.70050754,0.997238953,3.801958158,,2.753200575,0.938084489
0.1,7,0.6,200,5,1.551930482,0.986488791,4.234324841,,2.754422118,0.938029535
0.3,7,0.9,200,10,0.781446014,0.996559677,3.929828295,,2.758557511,0.937843315
0.1,8,0.6,200,5,1.328614289,0.990091581,4.101695876,,2.759045072,0.937821342
0.2,7,0.8,300,3,0.166619335,0.999843525,3.634414294,,2.759093523,0.937819158
0.1,7,0.6,300,3,0.606897256,0.997930827,3.565253834,,2.759201955,0.93781427
0.1,8,0.6,300,1,0.188234892,0.999800559,3.520756121,,2.759853893,0.937784881
0.2,7,0.8,400,3,0.126491016,0.999909521,3.624494489,,2.760855057,0.937739734
0.4,7,0.6,200,5,0.233730656,0.999691333,3.670740633,,2.760896665,0.937737857
0.2,7,0.9,100,5,1.635902276,0.984970365,4.454628167,,2.76190985,0.937692152
0.2,3,0.9,200,1,1.34452761,0.98985836,4.182697518,,2.763445372,0.93762285
0.1,5,0.8,200,3,1.582215723,0.985954168,4.18296187,,2.763831632,0.937605412
0.2,8,0.6,200,3,0.288167759,0.99953288,3.618226181,,2.76421666,0.937588026
0.3,7,0.7,200,3,0.193710685,0.999788515,3.67179336,,2.764653353,0.937568305
0.1,8,0.6,400,1,0.131780124,0.999901866,3.514337947,,2.766244103,0.937496439
0.2,7,0.6,300,10,0.687453113,0.997346199,3.572457944,,2.766403793,0.937489223
0.4,7,0.6,300,5,0.140601679,0.999888315,3.666661266,,2.767266949,0.937450208
0.2,3,0.9,100,1,2.330114166,0.969548801,4.577923667,,2.769388857,0.937354246
0.2,8,0.6,300,3,0.155182893,0.999864476,3.572195488,,2.7703022,0.937312919
0.2,5,0.6,200,5,1.053124665,0.993773336,3.877629959,,2.770445662,0.937306426
0.3,7,0.7,300,3,0.126310687,0.999909759,3.662065812,,2.771014649,0.937280671
0.3,7,0.7,400,3,0.11481424,0.999924683,3.661249264,,2.771136757,0.937275144
0.2,8,0.6,400,3,0.122258306,0.999915358,3.563840862,,2.772499071,0.937213456
0.1,5,0.9,300,3,0.960515473,0.994821824,3.825644898,,2.772920134,0.937194384
0.1,8,0.8,300,3,0.454634314,0.998838386,3.735252047,,2.77292603,0.937194117
0.4,7,0.6,400,5,0.118747504,0.99991976,3.667419409,,2.773449674,0.937170394
0.3,8,0.9,100,3,0.441138273,0.998903432,3.732525823,,2.774275643,0.937132965
0.2,3,0.9,200,3,1.716093217,0.983476791,4.296362716,,2.776472278,0.937033371
0.1,5,0.8,300,5,1.389754998,0.989162969,3.889270843,,2.77710718,0.937004571
0.4,7,0.7,100,5,0.636998736,0.99771279,3.840112581,,2.779494154,0.936896233
0.2,7,0.8,100,1,0.451952966,0.998849336,3.762058216,,2.779614146,0.936890784
0.4,7,0.6,100,5,0.650910455,0.997612683,3.7533202,,2.781527776,0.936803859
0.3,3,0.8,300,10,1.577867075,0.98602753,4.2597549,,2.781675424,0.93679715
0.1,5,0.9,400,3,0.643266875,0.997674527,3.666577688,,2.784200309,0.936682361
0.3,7,0.6,100,1,0.287903187,0.999532283,3.911798249,,2.785845756,0.936607498
0.3,7,0.6,200,1,0.121919871,0.99991568,3.864421848,,2.786964124,0.936556591
0.3,7,0.6,400,1,0.112387169,0.999927095,3.863890595,,2.787973576,0.936510623
0.3,7,0.6,300,1,0.112968004,0.999926633,3.863270234,,2.788176576,0.936501377
0.4,3,0.7,300,10,1.244782716,0.991294541,4.066219985,,2.788229974,0.936498945
0.4,7,0.8,400,10,0.159596886,0.999856491,3.609084682,,2.790669601,0.936387773
0.4,7,0.8,200,3,0.127210899,0.999908388,3.69541513,,2.792953037,0.93628363
0.2,8,0.7,400,10,0.373840175,0.999214147,3.544533315,,2.793707075,0.936249221
0.2,5,0.6,400,3,0.326032231,0.999401298,3.367314821,,2.793729774,0.936248186
0.3,7,0.8,300,3,0.120629421,0.999917096,3.659628135,,2.793736323,0.936247887
0.4,7,0.8,300,3,0.113613172,0.999925901,3.690101672,,2.794316826,0.93622139
0.3,7,0.8,400,5,0.125567289,0.999910738,3.4027249,,2.794538085,0.93621129
0.3,7,0.8,400,3,0.113710726,0.999925748,3.656810812,,2.794821678,0.936198342
0.3,7,0.8,300,5,0.164512998,0.999847414,3.418633127,,2.794930232,0.936193386
0.2,7,0.7,400,3,0.135661175,0.999896365,3.636186765,,2.795284837,0.936177194
0.2,7,0.7,300,3,0.186401999,0.99980455,3.648079029,,2.795746836,0.936156095
0.4,7,0.8,400,3,0.112478141,0.999927032,3.690046421,,2.795844465,0.936151636
0.2,5,0.6,300,3,0.469783299,0.998757758,3.451713744,,2.796484303,0.936122409
0.1,6,0.9,400,3,0.444335984,0.998890003,3.526290859,,2.796853581,0.936105538
0.3,7,0.8,200,3,0.173151644,0.999830766,3.673769579,,2.797096423,0.936094442
0.4,7,0.8,300,10,0.244695646,0.999662289,3.62551122,,2.798352435,0.936037036
0.2,7,0.7,200,3,0.353259039,0.999297357,3.701381109,,2.798768666,0.936018007
0.1,7,0.9,300,10,1.930686099,0.979076028,4.485469447,,2.799342195,0.935991782
0.3,3,0.8,400,10,1.247584881,0.991258601,4.066061858,,2.804227211,0.935768191
0.3,8,0.6,100,1,0.190891615,0.99979389,3.971780342,,2.804313867,0.935764221
0.3,7,0.8,200,5,0.308406642,0.999463543,3.494781054,,2.804826078,0.935740753
0.3,5,0.6,400,10,0.496531799,0.99861279,3.605841563,,2.807465031,0.935619778
0.4,7,0.7,100,3,0.373617335,0.999213748,3.798286368,,2.808646707,0.935565571
0.4,7,0.8,100,3,0.338399565,0.999353525,3.723705003,,2.812663519,0.935381136
0.1,8,0.9,400,3,0.247377169,0.999654969,3.405928447,,2.813863748,0.935325976
0.3,8,0.6,200,1,0.113750086,0.999925842,3.962086691,,2.814388776,0.935301839
0.3,7,0.7,100,1,0.243042612,0.999665626,3.794691324,,2.814411109,0.935300812
0.2,8,0.9,400,10,0.426207434,0.998975616,3.798287077,,2.814671739,0.935288828
0.3,6,0.9,200,5,0.423315189,0.998988833,3.696101602,,2.814806124,0.935282649
0.2,6,0.9,400,10,0.66954801,0.997473648,3.64798946,,2.815147644,0.935266944
0.3,8,0.6,300,1,0.112389635,0.999927098,3.961313721,,2.815421985,0.935254327
0.3,8,0.6,400,1,0.112316374,0.999927119,3.961280941,,2.815475633,0.935251859
0.2,8,0.6,200,10,0.989239675,0.994502873,3.890372466,,2.816411331,0.935208815
0.3,6,0.9,400,5,0.147780825,0.999876883,3.587108771,,2.816634902,0.935198528
0.1,8,0.9,300,3,0.442505709,0.998898926,3.494670001,,2.818390259,0.935117733
0.1,8,0.6,100,1,1.32088046,0.990205011,3.991024024,,2.819495329,0.935066843
0.3,7,0.7,400,1,0.112361144,0.999927111,3.763531898,,2.820370708,0.935026517
0.3,7,0.7,200,1,0.117689591,0.999921334,3.76419685,,2.820437656,0.935023432
0.3,7,0.7,300,1,0.112691528,0.999926908,3.76338981,,2.820526462,0.935019341
0.1,6,0.9,300,5,1.132420607,0.992802413,3.937970199,,2.820756153,0.935008757
0.3,6,0.9,300,5,0.214095784,0.999741696,3.618858671,,2.821465326,0.934976073
0.3,7,0.7,100,3,0.609203375,0.99791214,3.862485318,,2.823274851,0.934892641
0.3,3,0.9,200,5,1.532109315,0.98682357,4.479275663,,2.823384267,0.934887595
0.4,8,0.6,100,3,0.291048431,0.999521636,3.592622434,,2.826200933,0.934757615
0.1,5,0.9,400,1,0.329241998,0.999390643,3.593299324,,2.826258797,0.934754943
0.2,8,0.7,300,10,0.580745205,0.998104728,3.632314315,,2.826763309,0.934731648
0.4,7,0.7,200,3,0.137063882,0.999894176,3.762544303,,2.828878539,0.934633932
0.1,6,0.9,300,3,0.728338012,0.997021003,3.676725976,,2.829581069,0.934601462
0.2,3,0.6,300,5,1.652956049,0.98466023,4.311107679,,2.829895888,0.934586909
0.2,5,0.6,200,3,0.780664115,0.996575804,3.594906285,,2.830522729,0.934557927
0.2,8,0.7,100,1,0.349344089,0.99931301,3.843595736,,2.832835774,0.934450927
0.1,7,0.8,100,1,1.523291938,0.986975552,4.317465301,,2.833822707,0.934405246
0.1,7,0.7,400,5,0.605804962,0.997939553,3.729807406,,2.833863927,0.934403338
0.1,5,0.9,300,1,0.526967242,0.998440167,3.641939695,,2.834701521,0.934364555
0.1,5,0.9,400,5,0.983437749,0.994569785,3.802163151,,2.835402698,0.934332081
0.3,3,0.7,300,10,1.547372907,0.986558915,4.178108334,,2.835646212,0.934320801
0.4,7,0.8,200,10,0.475819992,0.998723319,3.702181893,,2.836478116,0.934282258
0.3,3,0.6,400,1,0.591866262,0.998024903,3.452201596,,2.83687202,0.934264004
0.4,7,0.7,300,3,0.114919954,0.999924571,3.754580687,,2.837289993,0.934244632
0.1,8,0.6,200,3,0.872652668,0.995721114,3.899099148,,2.839298276,0.934151514
0.2,3,0.8,400,10,1.725833995,0.983290408,4.344377219,,2.839374722,0.934147968
0.4,7,0.7,400,3,0.112687822,0.999926917,3.754174459,,2.839668364,0.934134347
0.3,3,0.6,300,1,0.75406486,0.996799261,3.547377068,,2.841775757,0.934036549
0.2,3,0.8,300,1,0.969851977,0.994716403,3.748959732,,2.845874967,0.93384611
0.4,7,0.6,300,3,0.116433223,0.99992274,3.80269995,,2.846608965,0.933811981
0.4,7,0.6,400,3,0.112924009,0.999926691,3.804734807,,2.846974427,0.933794985
0.4,8,0.7,200,10,0.374940287,0.999207708,3.623339443,,2.847234821,0.933782874
0.2,8,0.7,200,1,0.123431677,0.999913379,3.771485516,,2.848070854,0.933743981
0.2,8,0.7,400,1,0.112393361,0.999927089,3.76939373,,2.850201,0.933644835
0.2,6,0.9,300,10,0.993856586,0.994438619,3.837492295,,2.85061514,0.933625551
0.2,8,0.7,300,1,0.113007773,0.999926541,3.76881311,,2.850618063,0.933625414
0.1,5,0.8,400,1,0.358253228,0.999276758,3.458576867,,2.851502373,0.933584227
0.2,8,0.6,100,3,0.887962366,0.9955681,3.901198562,,2.851600571,0.933579653
0.4,7,0.6,200,3,0.146805618,0.999878297,3.797490347,,2.851613348,0.933579057
0.2,3,0.6,400,5,1.306618959,0.990410986,4.100634776,,2.851940922,0.933563796
0.2,3,0.6,200,5,2.219662425,0.972349732,4.594003636,,2.851951815,0.933563289
0.2,8,0.9,300,3,0.130329309,0.999903861,3.590209387,,2.852243966,0.933549677
0.2,8,0.9,400,3,0.115045403,0.999924282,3.58478332,,2.852349408,0.933544764
0.1,5,0.9,400,10,1.860484727,0.980548214,4.456765329,,2.853475329,0.933492289
0.4,8,0.7,300,10,0.194013471,0.999788247,3.568320552,,2.853689186,0.93348232
0.4,8,0.7,400,10,0.135525679,0.999896496,3.562246258,,2.854491938,0.933444891
0.4,8,0.6,200,3,0.122125053,0.999915237,3.548547945,,2.854869464,0.933427285
0.2,8,0.9,300,10,0.680470281,0.997394059,3.895073633,,2.857458164,0.933306499
0.1,8,0.7,400,1,0.123714871,0.999913195,3.587059001,,2.858388677,0.933263055
0.4,8,0.6,300,3,0.11292397,0.999926631,3.54280675,,2.858753518,0.933246017
0.4,8,0.6,400,3,0.112376134,0.999927095,3.542288131,,2.859527719,0.933209856
0.2,8,0.9,200,3,0.240690257,0.999673432,3.628412841,,2.86025013,0.933176105
0.3,8,0.7,100,1,0.168157406,0.999840335,3.907546621,,2.862096254,0.933089815
0.1,5,0.8,300,1,0.559126241,0.998241798,3.541866625,,2.862570462,0.933067642
0.1,8,0.7,300,1,0.166806069,0.99984335,3.594799546,,2.862999739,0.933047565
0.3,3,0.7,200,5,1.532710475,0.986814457,4.072612398,,2.86353439,0.933022557
0.3,8,0.7,200,1,0.113009639,0.999926609,3.907760267,,2.864784947,0.932964044
0.3,8,0.7,300,1,0.11235019,0.999927113,3.908153324,,2.865335397,0.93293828
0.3,8,0.7,400,1,0.112311053,0.999927119,3.908218236,,2.865358305,0.932937208
0.4,3,0.8,300,10,1.246855809,0.991265036,4.002354201,,2.866218125,0.932896954
0.3,8,0.6,400,10,0.200929138,0.999772595,3.495569266,,2.866655657,0.932876466
0.4,7,0.6,100,3,0.397196862,0.999110009,3.845595578,,2.867920981,0.932817197
0.3,6,0.6,300,10,0.500982113,0.998587054,3.636083643,,2.870852608,0.932679776
0.2,3,0.7,400,10,1.68680625,0.984038352,4.195504636,,2.871252922,0.932661001
0.1,8,0.9,200,3,0.907140531,0.99537757,3.725835686,,2.872959161,0.932580945
0.3,5,0.6,300,10,0.704930187,0.997205487,3.706354172,,2.874404423,0.932513096
0.2,5,0.8,200,10,1.728104067,0.983243084,4.309750097,,2.87535462,0.932468471
0.3,8,0.6,300,10,0.31148885,0.999453544,3.523617758,,2.876422875,0.932418282
0.3,3,0.8,200,10,2.162235971,0.973765884,4.547854278,,2.876748874,0.932402963
0.1,5,0.9,300,5,1.399648655,0.989004738,4.126437614,,2.877725849,0.932357042
0.2,8,0.8,400,10,0.40430623,0.999078739,3.676647414,,2.877879464,0.93234982
0.3,3,0.6,200,1,1.039082836,0.993933226,3.686244052,,2.879208858,0.932287305
0.3,5,0.8,400,10,0.481367502,0.998695154,3.606374867,,2.879779056,0.932260483
0.2,8,0.8,100,5,1.467043974,0.987907626,4.093163943,,2.881376078,0.93218533
0.4,5,0.7,300,10,0.491527042,0.998641019,3.679814372,,2.881724177,0.932168944
0.3,3,0.9,300,10,1.649653691,0.984729377,4.494231354,,2.881758895,0.93216731
0.3,5,0.9,200,10,1.167410615,0.992339291,4.055539968,,2.88180303,0.932165232
0.4,3,0.7,400,10,0.977956231,0.994624781,3.938854842,,2.881856872,0.932162697
0.1,8,0.7,200,1,0.351255882,0.999305926,3.653951384,,2.882436971,0.932135384
0.4,5,0.7,400,10,0.342981707,0.999338407,3.613624704,,2.883058901,0.932106095
0.3,6,0.6,200,10,0.840202414,0.996027531,3.805808573,,2.883152696,0.932101677
0.3,5,0.9,300,10,0.709282738,0.997170746,3.827518142,,2.88651173,0.931943375
0.4,3,0.6,200,3,1.062293696,0.993660179,3.799525307,,2.887043222,0.93191831
0.1,8,0.9,400,1,0.117310381,0.999921533,3.643286618,,2.887724557,0.931886172
0.3,7,0.8,100,3,0.573718074,0.998147036,3.829154676,,2.889467813,0.931803909
0.3,3,0.6,300,5,1.164860153,0.992374053,3.841508246,,2.890397985,0.931759995
0.1,8,0.9,300,1,0.145040289,0.999881292,3.661197207,,2.890500091,0.931755174
0.3,3,0.9,100,1,1.652142144,0.984677675,4.137765149,,2.891072157,0.931728158
0.2,6,0.6,200,5,0.775627001,0.996612778,3.689039841,,2.891684046,0.931699256
0.1,8,0.7,400,5,0.486688106,0.998669929,3.536266294,,2.891902674,0.931688928
0.1,5,0.9,200,3,1.584544521,0.985909196,4.217211497,,2.892613608,0.931655337
0.3,3,0.8,200,3,1.230500094,0.991494732,4.05947753,,2.89300041,0.931637057
0.3,6,0.8,300,3,0.147889935,0.99987671,3.638233039,,2.89307448,0.931633557
0.3,6,0.6,400,10,0.340154519,0.999348359,3.573288133,,2.893173398,0.931628882
0.3,6,0.8,400,3,0.121970481,0.999915752,3.6274377,,2.893405188,0.931617926
0.3,6,0.8,200,3,0.251763488,0.999642411,3.675259464,,2.893589508,0.931609213
0.1,6,0.8,400,1,0.196189298,0.999783229,3.422296709,,2.893761589,0.931601079
0.1,5,0.8,200,1,0.988615243,0.994509903,3.711881952,,2.895476326,0.931519993
0.1,5,0.6,200,3,1.695075743,0.983879314,4.265197856,,2.896840051,0.931455472
0.2,3,0.8,200,3,1.73661723,0.983079684,4.16807701,,2.897097072,0.931443308
0.3,5,0.9,400,10,0.486211971,0.998668614,3.731634159,,2.897588463,0.93142005
0.2,6,0.6,400,5,0.30145481,0.999488008,3.422181957,,2.897663819,0.931416483
0.2,6,0.6,300,5,0.451174695,0.998853569,3.485688492,,2.899232181,0.931342221
0.2,3,0.8,200,5,2.097602558,0.975320444,4.372661394,,2.899846637,0.931313116
0.3,7,0.8,100,10,1.808900235,0.981605231,4.55051153,,2.902418951,0.931191204
0.2,3,0.8,300,5,1.532939606,0.986815457,4.114499038,,2.90357183,0.93113653
0.2,5,0.7,200,1,0.429965944,0.998959854,3.823329669,,2.904229488,0.931105331
0.1,6,0.8,300,1,0.317853139,0.999432002,3.472548172,,2.9046661,0.931084615
0.3,7,0.8,100,1,0.211041579,0.999747889,3.884415199,,2.906101795,0.931016472
0.2,7,0.8,100,3,1.065783675,0.993619822,4.001659753,,2.907650915,0.930942908
0.1,7,0.7,300,5,0.933230383,0.995113348,3.891762016,,2.907730652,0.93093912
0.3,5,0.8,300,10,0.694582594,0.997286523,3.68428473,,2.908671399,0.930894426
0.1,8,0.9,200,1,0.31933584,0.999426339,3.741282434,,2.909615053,0.930849579
0.3,6,0.9,100,3,0.753950223,0.996796644,3.993540837,,2.909808646,0.930840377
0.3,5,0.8,100,5,1.466551713,0.987916697,4.178163694,,2.910669747,0.930799438
0.4,8,0.8,200,5,0.151979646,0.999869679,3.558450906,,2.910954678,0.930785889
0.2,7,0.8,100,5,1.641118161,0.984881218,4.248795239,,2.911126493,0.930777718
0.2,3,0.9,400,3,0.999439439,0.994389728,3.917309986,,2.911407309,0.930764363
0.3,7,0.8,200,1,0.11533689,0.999923897,3.871770507,,2.911487724,0.930760538
0.1,6,0.8,200,1,0.663668076,0.997526216,3.605192524,,2.912326758,0.930720625
0.1,5,0.9,200,1,0.951551394,0.994916828,3.797013989,,2.913469712,0.930666237
0.4,8,0.8,300,5,0.115757006,0.999923598,3.555498857,,2.914853942,0.930600338
0.3,7,0.8,300,1,0.112488553,0.999927021,3.873648737,,2.915199524,0.930583881
0.3,7,0.8,400,1,0.112324349,0.999927116,3.874010613,,2.915678846,0.930561053
0.2,5,0.7,300,1,0.249947044,0.99964828,3.758291527,,2.915785576,0.930555969
0.2,8,0.9,300,1,0.112570823,0.99992698,3.698337416,,2.915819834,0.930554337
0.2,8,0.9,200,1,0.117092062,0.999921828,3.702111607,,2.915824454,0.930554117
0.2,8,0.9,400,1,0.11234014,0.999927115,3.697813869,,2.916230506,0.930534774
0.1,7,0.7,400,10,1.191717066,0.992032726,3.956724825,,2.917039611,0.930496222
0.3,3,0.9,200,10,2.247362185,0.971665867,4.818361339,,2.918236731,0.930439163
0.4,8,0.8,400,5,0.112796728,0.999926835,3.553298869,,2.918533701,0.930425005
0.1,8,0.7,400,3,0.268228843,0.999595356,3.434207227,,2.919277986,0.930389515
0.3,6,0.9,100,5,1.174249341,0.992232838,4.049660341,,2.920569193,0.930327923
0.2,5,0.9,400,10,0.864138067,0.995804018,3.912948757,,2.920660437,0.93032357
0.1,8,0.8,200,3,0.914074305,0.995308583,3.945395593,,2.922537969,0.930233959
0.1,5,0.6,200,5,2.145518978,0.974182297,4.407051679,,2.923216041,0.930201581
0.2,5,0.9,300,10,1.200715535,0.991902619,4.090660769,,2.923528197,0.930186674
0.2,3,0.8,400,1,0.773941878,0.996633042,3.675227226,,2.923702361,0.930178355
0.4,3,0.6,300,3,0.774519429,0.996627106,3.639892823,,2.923821617,0.930172659
0.2,3,0.8,300,10,2.16331597,0.973750476,4.55606046,,2.924797703,0.930126029
0.2,5,0.7,400,1,0.177054121,0.999823446,3.726608346,,2.92487893,0.930122148
0.4,8,0.8,100,5,0.516623678,0.998493314,3.637482002,,2.925561066,0.930089551
0.3,3,0.8,200,5,1.520302305,0.987021448,4.259721348,,2.93022631,0.929866408
0.1,7,0.6,200,3,1.083249614,0.993414186,3.782825182,,2.931200222,0.92981978
0.3,3,0.7,300,5,1.113203188,0.993042555,3.846326886,,2.931515263,0.929804693
0.2,4,0.7,400,5,0.724513771,0.997047883,3.754304535,,2.933489133,0.929710132
0.2,5,0.9,400,3,0.246495515,0.999657213,3.592902809,,2.933886957,0.929691067
0.3,5,0.8,200,10,1.118568482,0.992966372,3.902840112,,2.934032007,0.929684114
0.2,8,0.6,100,1,0.401390817,0.999089507,3.920590437,,2.934914203,0.929641823
0.2,3,0.9,300,1,0.954051007,0.99489187,3.952379362,,2.935223966,0.929626971
0.4,3,0.8,200,10,1.728115304,0.983230202,4.257646763,,2.936315209,0.929574635
0.1,8,0.7,300,3,0.449877873,0.99886275,3.520259737,,2.937791591,0.929503797
0.2,8,0.8,300,10,0.642299175,0.997678756,3.792888258,,2.939119075,0.929440073
0.2,7,0.9,400,1,0.112643184,0.999926979,3.724391099,,2.939305245,0.929431134
0.3,3,0.6,400,5,0.914964458,0.995295801,3.72628098,,2.939333264,0.929429789
0.3,3,0.8,100,3,2.155828499,0.973922119,4.525043366,,2.939860317,0.929404479
0.2,7,0.9,300,1,0.114203817,0.999925444,3.724886143,,2.940519803,0.929372802
0.4,3,0.8,400,10,0.985395465,0.994540451,3.878598671,,2.941867389,0.929308053
0.3,7,0.8,100,5,0.950707122,0.994917984,3.818360741,,2.942485428,0.929278348
0.2,7,0.9,200,1,0.132509817,0.999900931,3.726592634,,2.942491054,0.929278077
0.3,8,0.6,200,10,0.563136405,0.998216293,3.595330263,,2.944358164,0.929188298
0.2,6,0.7,400,10,0.585436571,0.998072585,3.604809966,,2.944656957,0.929173925
0.1,4,0.8,400,3,1.137300469,0.992735213,3.973080578,,2.944798798,0.929167102
0.2,7,0.6,200,10,1.155274032,0.992510285,3.813571331,,2.945395115,0.929138412
0.2,5,0.9,300,3,0.371061062,0.999224755,3.632298339,,2.945673743,0.929125004
0.2,8,0.9,100,1,0.314472973,0.999443741,3.764193999,,2.947049129,0.929058804
0.2,8,0.6,200,1,0.132787522,0.999900163,3.832424027,,2.948521868,0.928987882
0.4,5,0.7,200,10,0.804300796,0.996362936,3.836807772,,2.949543673,0.928938656
0.3,6,0.9,200,3,0.225355459,0.999713758,3.733779076,,2.949829458,0.928924885
0.2,3,0.8,100,1,2.357171449,0.968829217,4.48313631,,2.95308438,0.928767946
0.1,3,0.8,300,1,1.712644513,0.983547848,4.2513031,,2.953129067,0.92876579
0.1,3,0.6,400,1,1.514574372,0.987126856,4.15398838,,2.95338696,0.928753348
0.3,8,0.6,300,3,0.11742639,0.999921393,3.780555333,,2.953503947,0.928747703
0.3,8,0.6,400,3,0.113000964,0.99992654,3.777997514,,2.955589925,0.928647021
0.3,8,0.8,400,5,0.115458224,0.999923824,3.511734026,,2.956016349,0.92862643
0.3,8,0.6,200,3,0.158668255,0.999858014,3.796107413,,2.956124354,0.928621214
0.3,8,0.8,300,5,0.131966761,0.999901499,3.517078544,,2.957427549,0.928558266
0.2,3,0.9,300,5,1.556043344,0.9864169,4.123802835,,2.957823005,0.928539159
0.2,8,0.6,300,1,0.113770201,0.999925714,3.827606976,,2.958125515,0.928524541
0.3,8,0.9,200,5,0.231265877,0.99969896,3.795880275,,2.959003598,0.928482102
0.1,7,0.7,100,1,1.530612184,0.98685184,4.285260957,,2.959207355,0.928472252
0.2,4,0.7,300,5,0.966243901,0.994754051,3.868054249,,2.959775567,0.92844478
0.3,8,0.9,300,5,0.129579458,0.99990499,3.762050892,,2.960392291,0.928414958
0.2,8,0.6,400,1,0.112489866,0.999927022,3.827753809,,2.960506851,0.928409417
0.2,8,0.9,200,10,1.156610822,0.992470623,4.128105909,,2.960617392,0.928404071
0.3,3,0.9,200,1,0.919512801,0.995247439,3.773160413,,2.961364705,0.928367922
0.2,6,0.6,400,10,0.572902264,0.998153461,3.55682491,,2.962269961,0.928324121
0.3,8,0.9,400,5,0.114937235,0.999924482,3.755830718,,2.962434156,0.928316175
0.3,8,0.6,200,5,0.26121782,0.999614836,3.606316125,,2.962463074,0.928314776
0.1,5,0.7,400,10,1.611709511,0.985429098,4.101583564,,2.963630914,0.928258246
0.1,6,0.8,400,5,0.775607312,0.996620492,3.746133957,,2.965202179,0.928182153
0.3,8,0.8,200,5,0.237758554,0.999681223,3.546131034,,2.966446184,0.928121881
0.4,3,0.9,200,10,1.816353102,0.981476541,4.564171725,,2.96644895,0.928121747
0.4,7,0.9,400,10,0.159248599,0.99985693,3.522003976,,2.967262022,0.928082339
0.3,6,0.9,300,3,0.137589326,0.999893265,3.704798061,,2.96800009,0.928046558
0.1,8,0.9,400,10,1.144086905,0.992636906,3.909756727,,2.968680273,0.928013574
0.3,8,0.6,300,5,0.146361113,0.999879283,3.579255179,,2.970122244,0.927943626
0.2,7,0.7,100,3,1.051570724,0.993783517,4.111939851,,2.970720993,0.927914571
0.4,8,0.6,100,10,0.99983682,0.994372232,3.865474325,,2.971509894,0.92787628
0.2,5,0.9,200,3,0.675892936,0.997428026,3.757068654,,2.971683016,0.927867876
0.4,3,0.6,400,3,0.607785364,0.997921048,3.527830954,,2.972115496,0.927846879
0.3,8,0.6,400,5,0.120015753,0.999918315,3.573385764,,2.972946142,0.927806543
0.3,6,0.9,400,3,0.11832245,0.999920574,3.705069858,,2.974225768,0.927744382
0.2,5,0.8,100,5,2.161788795,0.973780699,4.49778269,,2.974630678,0.927724707
0.2,8,0.9,400,5,0.146913413,0.999878177,3.64091029,,2.976618976,0.927628054
0.2,8,0.7,200,10,1.033928636,0.993999531,3.874252188,,2.978042551,0.927558814
0.4,6,0.9,400,10,0.22275481,0.999719819,3.379843522,,2.978473767,0.927537833
0.2,5,0.8,100,3,1.613925104,0.985372721,4.294317263,,2.979214446,0.927501789
0.2,8,0.9,100,3,0.889956013,0.995545715,3.913655533,,2.981321104,0.927399223
0.2,3,0.6,200,3,1.88335304,0.98009463,4.297649055,,2.982616382,0.927336125
0.1,5,0.8,300,10,2.285167091,0.97069725,4.522665243,,2.986452223,0.927149104
0.1,3,0.8,200,1,2.367624233,0.968566332,4.645733487,,2.987958393,0.927075603
0.2,3,0.6,300,3,1.382648969,0.989268107,3.975110507,,2.988065316,0.927070383
0.4,7,0.9,300,10,0.252926098,0.999638005,3.537065519,,2.988328737,0.927057524
0.1,8,0.7,300,10,1.509579454,0.987216227,4.174788616,,2.988779404,0.927035522
0.3,8,0.6,100,3,0.481374579,0.998691335,3.947710775,,2.989704232,0.92699036
0.2,3,0.7,200,3,1.783369803,0.982155494,4.190375115,,2.991201461,0.926917216
0.3,6,0.8,400,5,0.155934899,0.999862905,3.714645314,,2.991555543,0.926899912
0.3,5,0.7,400,5,0.27406903,0.99957677,3.558430664,,2.992432545,0.926857046
0.1,3,0.9,300,1,1.687920714,0.98402027,4.271117731,,2.992442652,0.926856552
0.1,6,0.9,200,3,1.301974926,0.990486403,4.040887122,,2.993276046,0.926815805
0.4,3,0.6,400,10,0.990426689,0.994485634,4.142129051,,2.993746561,0.926792796
0.3,6,0.8,300,5,0.227225558,0.999708449,3.744088326,,2.994098666,0.926775575
0.2,8,0.9,300,5,0.234931914,0.999689142,3.66233896,,2.99421698,0.926769787
0.3,5,0.7,300,5,0.389673386,0.999145122,3.595235393,,2.994584645,0.926751802
0.3,3,0.7,100,1,1.785831315,0.982091479,4.153794644,,2.995383506,0.926712716
0.1,8,0.7,300,5,0.772931298,0.996648518,3.665780004,,2.995539113,0.926705102
0.4,3,0.6,100,3,1.903983949,0.979635257,4.333374031,,2.997466168,0.926610769
0.3,3,0.6,200,5,1.601012706,0.985607152,4.111934212,,2.998057237,0.926581823
0.2,5,0.9,200,5,1.009646263,0.994271602,3.951828293,,2.998214547,0.926574118
0.3,3,0.9,400,10,1.318522881,0.990243393,4.318792055,,2.998957552,0.926537721
0.1,5,0.7,400,5,0.995901494,0.994431097,3.68837668,,3.000213868,0.926476159
0.1,7,0.7,400,3,0.355612095,0.999289154,3.651629339,,3.000776069,0.926448602
0.4,6,0.9,300,10,0.358395268,0.999271906,3.429059598,,3.002511784,0.92636349
0.1,4,0.6,400,5,1.499499567,0.987378288,4.056994105,,3.003113203,0.926333987
0.3,8,0.9,100,5,0.824625702,0.996172567,4.079723556,,3.004973184,0.926242709
0.2,8,0.6,400,5,0.168882267,0.999839573,3.433775813,,3.005715321,0.926206273
0.1,3,0.6,400,3,1.881406779,0.980141594,4.243816721,,3.006064499,0.926189126
0.4,7,0.7,400,10,0.16901464,0.99983917,3.631620245,,3.00653457,0.92616604
0.1,8,0.6,400,10,0.985119728,0.994552843,3.866919241,,3.008296193,0.926079492
0.2,6,0.7,300,10,0.848828283,0.995949808,3.757779438,,3.008656878,0.926061765
0.4,6,0.7,300,5,0.174282389,0.999828802,3.64817244,,3.009242259,0.92603299
0.2,6,0.6,300,10,0.816938475,0.996250014,3.701836024,,3.009722469,0.926009381
0.3,6,0.8,200,5,0.430805583,0.998949247,3.82735869,,3.009933429,0.925999009
0.2,3,0.7,300,3,1.289462309,0.990662628,3.938374513,,3.011682387,0.925912985
0.1,4,0.8,300,3,1.496395596,0.987429466,4.154325834,,3.012646624,0.925865537
0.2,5,0.9,400,5,0.409791505,0.99905301,3.651949474,,3.012984146,0.925848925
0.4,6,0.7,200,5,0.30743218,0.999466851,3.700484425,,3.013145211,0.925840997
0.1,7,0.8,300,10,1.809950374,0.981619847,4.439671615,,3.013463309,0.925825338
0.4,7,0.7,300,10,0.255411892,0.99963268,3.653706525,,3.013738504,0.92581179
0.2,5,0.9,300,5,0.59779547,0.997989475,3.705907597,,3.014080304,0.925794961
0.4,6,0.7,400,5,0.131859594,0.999901758,3.636084653,,3.014599661,0.925769387
0.3,3,0.9,100,5,2.614964279,0.96163538,4.942141674,,3.014662723,0.925766281
0.3,3,0.8,300,5,1.089769419,0.993328665,3.992097945,,3.015532595,0.925723435
0.2,7,0.9,100,1,0.442974682,0.998895747,3.796441055,,3.015932336,0.925703741
0.1,3,0.9,200,1,2.319479907,0.969833996,4.616231939,,3.016564205,0.925672606
0.2,8,0.6,300,5,0.260583902,0.999618067,3.455754084,,3.017565421,0.925623259
0.4,8,0.7,100,10,1.044093312,0.993873985,3.948450666,,3.01777136,0.925613106
0.1,6,0.8,300,5,1.1447041,0.992647264,3.986143345,,3.020072155,0.925499636
0.3,6,0.8,100,3,0.765770731,0.99669761,3.935929579,,3.020183272,0.925494154
0.1,3,0.8,400,3,1.732469274,0.983166873,4.258348972,,3.021222857,0.925442853
0.3,8,0.8,100,5,0.795969658,0.996436308,3.713004337,,3.021326678,0.925437729
0.3,3,0.8,300,3,0.902709397,0.995419492,3.924354734,,3.023018412,0.925354206
0.3,5,0.7,200,5,0.655602301,0.997582093,3.722375011,,3.02368503,0.925321282
0.4,6,0.7,400,10,0.22840041,0.999705639,3.562400609,,3.024340244,0.925288913
0.3,3,0.7,400,5,0.882520014,0.995623129,3.730170031,,3.024745905,0.925268869
0.1,6,0.8,400,10,1.444977884,0.988279068,4.164220823,,3.02631669,0.925191232
0.2,3,0.9,200,5,2.097340066,0.975324788,4.429877911,,3.028417668,0.925087326
0.1,6,0.9,400,1,0.175264234,0.999826977,3.481609168,,3.029640712,0.925026806
0.2,6,0.9,200,10,1.599224733,0.985614704,4.226787499,,3.030005538,0.925008748
0.1,7,0.7,300,3,0.576803131,0.998130343,3.760950305,,3.030310914,0.924993632
0.2,3,0.7,300,10,2.108766253,0.975057848,4.422901413,,3.031562173,0.924931677
0.2,4,0.7,200,5,1.441925096,0.98832884,4.132710103,,3.031869395,0.924916461
0.3,6,0.8,300,1,0.114300604,0.999925144,4.033433088,,3.032200421,0.924900064
0.3,6,0.8,400,1,0.112604281,0.999926936,4.033953036,,3.032358211,0.924892248
0.3,6,0.6,200,5,0.476858824,0.998718166,3.615072727,,3.032504208,0.924885016
0.2,5,0.6,400,10,0.787145466,0.996517832,3.851739342,,3.032516625,0.9248844
0.1,6,0.9,300,1,0.297690737,0.999501129,3.507342126,,3.032527847,0.924883844
0.4,6,0.7,100,5,0.833047446,0.996086364,3.882311023,,3.032821443,0.924869299
0.3,5,0.7,200,3,0.441963366,0.998900627,3.778316378,,3.03297404,0.924861738
0.1,8,0.7,100,1,1.286727014,0.990702434,4.162421826,,3.033224976,0.924849305
0.2,5,0.7,100,1,1.070234636,0.99355921,4.082648068,,3.033354909,0.924842866
0.3,6,0.8,200,1,0.131477219,0.999902025,4.036847453,,3.033699902,0.924825769
0.2,3,0.7,200,1,1.399895737,0.988994967,4.057376167,,3.034791892,0.924771641
0.3,8,0.6,100,5,0.767676073,0.996680885,3.805216796,,3.035217743,0.924750527
0.3,6,0.8,100,1,0.338147035,0.999355016,4.127672549,,3.035800934,0.924721607
0.1,8,0.8,400,5,0.506475699,0.99855902,3.706282234,,3.036444145,0.924689705
0.1,8,0.7,200,3,0.888119629,0.995572652,3.746085344,,3.038543227,0.924585545
0.3,6,0.6,300,5,0.268059066,0.9995945,3.532108647,,3.038913044,0.924567187
0.1,3,0.8,300,3,2.172581071,0.973530792,4.522146613,,3.039158329,0.924555009
0.2,8,0.9,200,5,0.50739121,0.998550582,3.775654858,,3.039676068,0.924529302
0.4,7,0.7,200,10,0.475202959,0.998728572,3.713537186,,3.040179884,0.924504282
0.1,6,0.9,200,1,0.658455043,0.997565267,3.617581659,,3.042581869,0.92438494
0.1,8,0.9,400,5,0.516682493,0.998498976,3.714139803,,3.042617636,0.924383162
0.2,3,0.8,300,3,1.24708628,0.991271386,3.919400223,,3.04481422,0.924273941
0.2,3,0.8,400,5,1.215838639,0.991705117,3.960237244,,3.045207961,0.924254355
0.3,3,0.8,400,5,0.877155524,0.995675022,3.857517257,,3.045488211,0.924240412
0.2,6,0.7,200,1,0.240076399,0.999674436,3.693771416,,3.04676243,0.924177004
0.4,6,0.7,300,10,0.343304464,0.99933493,3.588635536,,3.046863793,0.924171959
0.2,8,0.6,200,5,0.491124754,0.998643211,3.528432804,,3.047924103,0.924119173
0.4,3,0.7,100,5,2.109653408,0.975026058,4.376290329,,3.048380902,0.924096427
0.1,6,0.7,400,3,0.490176309,0.998648798,3.682343767,,3.050883935,0.923971726
0.4,5,0.7,300,5,0.279064097,0.999561112,3.769211284,,3.052850854,0.923873663
0.2,6,0.7,400,1,0.119213085,0.999919052,3.658385522,,3.0530748,0.923862494
0.2,6,0.7,300,1,0.141998743,0.999885943,3.666102398,,3.053223933,0.923855056
0.3,3,0.7,200,10,2.113658005,0.974934198,4.471367126,,3.054956074,0.923768635
0.1,3,0.7,400,10,2.798240112,0.956094227,4.811005642,,3.055101662,0.923761369
0.3,6,0.6,400,5,0.184131076,0.999808655,3.507607725,,3.056229523,0.923705068
0.4,3,0.9,200,5,1.249677072,0.991229444,4.156581021,,3.056785233,0.92367732
0.2,6,0.7,400,3,0.180601286,0.999816431,3.510768435,,3.05680053,0.923676556
0.3,3,0.6,200,3,1.337128543,0.989958007,4.006386798,,3.058773335,0.923578009
0.1,3,0.9,400,3,1.739090222,0.983035684,4.254287376,,3.058867443,0.923573306
0.2,6,0.9,400,5,0.248044743,0.999653014,3.455753611,,3.059725921,0.923530402
0.2,6,0.7,300,3,0.268934393,0.999592986,3.529795655,,3.06003523,0.92351494
0.4,3,0.6,300,10,1.258267387,0.991102783,4.324173824,,3.06038821,0.923497294
0.2,3,0.9,400,10,1.827171449,0.981267134,4.470881572,,3.060747455,0.923479332
0.4,5,0.7,400,5,0.198886452,0.999776881,3.757424194,,3.061365982,0.923448402
0.1,3,0.8,400,1,1.349680149,0.989779787,4.029492607,,3.062439308,0.923394714
0.3,5,0.7,300,3,0.264042412,0.999607591,3.720327426,,3.064444729,0.923294352
0.4,3,0.9,300,10,1.333264261,0.990012735,4.276755984,,3.065603215,0.923236345
0.2,3,0.9,400,1,0.738927404,0.996932695,3.88769192,,3.067141455,0.92315929
0.3,3,0.6,400,10,1.250135728,0.991224447,4.009560185,,3.069272393,0.923052481
0.2,5,0.6,200,1,0.472206643,0.998744828,3.482557956,,3.069614238,0.923035339
0.2,3,0.9,400,5,1.240494903,0.991362446,3.931372391,,3.070150888,0.923008426
0.2,6,0.7,400,5,0.283151667,0.999548259,3.501640862,,3.070189405,0.923006494
0.3,8,0.8,400,10,0.196073038,0.999783319,3.597178991,,3.070427319,0.922994561
0.3,6,0.7,400,10,0.334587997,0.999368546,3.731746161,,3.070842011,0.922973759
0.4,7,0.9,200,10,0.514503655,0.998503996,3.626041388,,3.071680449,0.922931692
0.4,3,0.7,200,5,1.200838263,0.99189913,3.966764015,,3.071754116,0.922927995
0.1,8,0.9,300,5,0.829523418,0.996133315,3.87402364,,3.072378872,0.922896641
0.3,7,0.6,200,3,0.213270612,0.999743321,3.734504133,,3.072426881,0.922894232
0.2,7,0.7,400,5,0.206659414,0.999759492,3.511275904,,3.07244029,0.922893559
0.4,6,0.9,200,10,0.687177581,0.99732725,3.584973713,,3.07336191,0.922847293
0.3,6,0.9,300,10,0.556283407,0.998249478,3.684338196,,3.073567068,0.922836993
0.2,6,0.7,100,1,0.746453086,0.996864626,3.886035617,,3.076148778,0.922707309
0.2,3,0.7,300,5,1.548094048,0.986545565,4.094005898,,3.076209652,0.92270425
0.3,5,0.7,400,3,0.189653515,0.999797306,3.711820966,,3.076432279,0.922693061
0.2,7,0.6,400,5,0.225259532,0.999714208,3.534735132,,3.076859576,0.922671585
0.3,7,0.6,300,3,0.133896698,0.999898703,3.729380684,,3.077954693,0.92261653
0.2,6,0.9,300,5,0.410604574,0.999048537,3.516870765,,3.078027284,0.922612879
0.3,3,0.7,200,1,0.996332076,0.994415544,3.755373721,,3.078219341,0.922603222
0.1,3,0.9,300,3,2.170268702,0.973585561,4.400357088,,3.078466718,0.922590782
0.2,7,0.6,300,5,0.34652956,0.999323905,3.568816629,,3.079103829,0.922558737
0.3,7,0.6,400,3,0.116812048,0.999922223,3.727954934,,3.079407261,0.922543474
0.3,8,0.8,300,10,0.326033522,0.999400507,3.627542459,,3.079676112,0.922529948
0.3,6,0.9,400,10,0.344890073,0.999324986,3.570087297,,3.079750611,0.9225262
0.2,3,0.6,400,3,1.089249464,0.993336857,3.776146406,,3.079772819,0.922525083
0.2,3,0.7,100,1,2.459262306,0.966064459,4.565689071,,3.079809795,0.922523222
0.2,5,0.6,100,3,1.701137824,0.983751314,4.099685025,,3.080122319,0.922507498
0.2,6,0.6,200,10,1.329817142,0.990068409,4.050364408,,3.080424369,0.922492298
0.2,7,0.7,300,5,0.326693252,0.99939883,3.540026065,,3.081664734,0.922429867
0.4,6,0.7,200,10,0.608429939,0.997910945,3.725418672,,3.082831108,0.922371137
0.2,6,0.7,200,3,0.504476688,0.998566478,3.670082416,,3.083121409,0.922356517
0.3,7,0.6,400,5,0.140133612,0.999889167,3.574390454,,3.083663687,0.922329201
0.2,6,0.7,300,5,0.43399677,0.998938088,3.579519553,,3.083911721,0.922316706
0.4,5,0.7,200,5,0.46153393,0.998801247,3.858400704,,3.086318187,0.922195422
0.3,8,0.7,100,10,1.528377434,0.986872209,4.137447098,,3.086509748,0.922185763
0.2,3,0.7,200,5,2.111012555,0.974997466,4.367281213,,3.086791476,0.922171557
0.3,3,0.9,100,3,2.128126443,0.974581346,4.635795006,,3.087157011,0.922153123
0.3,5,0.6,200,10,1.099597408,0.993210472,3.943659245,,3.087965979,0.922112319
0.2,5,0.9,200,10,1.844347071,0.980900467,4.438500692,,3.088891396,0.922065629
0.1,6,0.9,200,5,1.901665686,0.97971335,4.349936723,,3.091094589,0.921954414
0.1,3,0.7,300,1,1.768822474,0.982442261,4.267727492,,3.091541034,0.921931868
0.3,7,0.7,100,10,1.732084129,0.983153691,4.529926036,,3.092140238,0.921901603
0.3,7,0.6,300,5,0.196193985,0.999783187,3.576924289,,3.092370649,0.921889963
0.4,6,0.8,400,10,0.226034931,0.999711822,3.632488043,,3.097690562,0.921620981
0.3,4,0.6,400,10,0.767653586,0.996683484,3.880926169,,3.098115987,0.921599451
0.4,5,0.9,300,10,0.485636076,0.998671362,3.802582463,,3.098194417,0.921595482
0.1,6,0.7,300,3,0.746987144,0.99686446,3.814968338,,3.098294168,0.921590433
0.4,5,0.9,400,10,0.329045644,0.999389219,3.774369021,,3.098392291,0.921585466
0.2,3,0.7,400,3,1.024670578,0.994101903,3.763950831,,3.098442218,0.921582939
0.3,6,0.9,200,10,0.983646441,0.994541378,3.894589225,,3.098451268,0.921582481
0.4,7,0.8,100,10,1.276092506,0.990839111,4.092861594,,3.098612865,0.921574301
0.3,3,0.7,100,5,2.596815562,0.962158378,4.632349217,,3.098994788,0.921554967
0.1,3,0.6,300,1,1.921959189,0.979278299,4.371817161,,3.099313105,0.921538851
0.3,3,0.9,200,3,1.246889083,0.991265419,4.150135466,,3.100184563,0.921494722
0.1,6,0.7,400,10,1.354189142,0.989710891,4.000583787,,3.100393074,0.921484161
0.1,8,0.8,300,5,0.812814402,0.99629086,3.869868094,,3.10146096,0.921430065
0.2,5,0.7,400,10,0.75502043,0.996796531,3.73580098,,3.102117296,0.921396807
0.3,7,0.7,400,5,0.131189782,0.999902813,3.771231976,,3.102225092,0.921391344
0.3,7,0.7,300,5,0.176935938,0.9998236,3.777657408,,3.102405669,0.921382193
0.2,4,0.8,200,5,1.459585346,0.988037536,4.241390164,,3.10248935,0.921377951
0.2,4,0.8,300,5,0.982180488,0.994575703,3.894888144,,3.102839816,0.921360188
0.3,7,0.6,100,3,0.625673532,0.997795631,3.926562953,,3.102941986,0.921355009
0.3,3,0.6,300,10,1.583495801,0.985926799,4.238371473,,3.103822434,0.921310372
0.3,3,0.9,300,1,0.640645047,0.997690285,3.725008296,,3.10450661,0.921275677
0.3,3,0.8,400,3,0.716321869,0.997112805,3.830370656,,3.105159524,0.92124256
0.1,6,0.9,400,10,1.583233626,0.985914884,4.373074474,,3.105163925,0.921242337
0.4,6,0.8,300,10,0.347307956,0.999318728,3.659619576,,3.105589082,0.921220769
0.2,5,0.6,300,1,0.278303066,0.999563893,3.383083286,,3.107656042,0.921115869
0.3,8,0.8,200,10,0.634380059,0.997732855,3.764879284,,3.10778208,0.92110947
0.2,6,0.8,400,1,0.11709164,0.999921893,3.715664633,,3.110993454,0.920946345
0.2,5,0.6,300,10,1.074822458,0.993511835,3.988677403,,3.11231622,0.920879105
0.3,7,0.6,200,5,0.355310137,0.99928969,3.620163551,,3.11336498,0.920825773
0.2,6,0.8,300,1,0.132506951,0.99990101,3.714803723,,3.113673998,0.920810056
0.3,5,0.7,400,10,0.479267515,0.99870857,3.50993101,,3.115138463,0.920735547
0.2,5,0.6,400,1,0.196231503,0.99978326,3.355366599,,3.1163479,0.920673987
0.3,5,0.7,100,3,1.053613807,0.993758637,4.054863381,,3.116443772,0.920669106
0.2,3,0.7,300,1,1.00563176,0.994317601,3.816520815,,3.116927658,0.920644469
0.1,4,0.7,400,1,0.78895836,0.996498519,3.774510888,,3.117217006,0.920629735
0.2,6,0.8,200,1,0.20756152,0.999756879,3.732551121,,3.117439681,0.920618395
0.2,7,0.6,200,5,0.623225602,0.997814962,3.699580189,,3.121098389,0.920431957
0.2,4,0.8,400,5,0.741127674,0.996909477,3.764696326,,3.12210944,0.920380398
0.4,8,0.6,100,1,0.132780882,0.999900162,4.060008899,,3.124116789,0.920277983
0.3,7,0.7,200,5,0.330292849,0.999385078,3.83886689,,3.126938308,0.920133917
0.3,7,0.9,400,1,0.112311642,0.999927119,4.033204482,,3.127395683,0.920110552
0.3,7,0.9,300,1,0.112364062,0.999927094,4.033147929,,3.127467108,0.920106903
0.2,6,0.7,200,5,0.770875995,0.996658283,3.731292755,,3.128137665,0.920072639
0.3,3,0.9,300,5,1.104049547,0.993150115,4.195495722,,3.128605272,0.920048742
0.3,7,0.9,200,1,0.113718622,0.999925716,4.030408455,,3.129163296,0.920020219
0.1,3,0.7,400,1,1.392137273,0.989122296,4.065190158,,3.129230843,0.920016766
0.2,3,0.8,200,10,2.915759557,0.952311556,4.925979017,,3.13023907,0.919965217
0.4,8,0.6,200,1,0.112462825,0.999927044,4.053003477,,3.132230797,0.919863334
0.3,5,0.6,300,5,0.41092827,0.999048949,3.537163914,,3.132267766,0.919861443
0.4,8,0.6,400,1,0.112306714,0.999927119,4.052724763,,3.132271836,0.919861234
0.4,8,0.6,300,1,0.112314121,0.999927119,4.052737066,,3.132290751,0.919860267
0.4,5,0.9,200,10,0.834728221,0.996086152,3.963225543,,3.133027109,0.919822583
0.2,8,0.8,200,10,1.109543131,0.993084041,4.042990906,,3.134243879,0.919760294
0.2,8,0.8,400,3,0.116796274,0.999922432,3.811206861,,3.135778585,0.919681695
0.2,8,0.8,300,3,0.137094337,0.999894134,3.815107922,,3.136414284,0.919649126
0.1,4,0.8,400,5,1.4604024,0.988036061,4.193831148,,3.137928485,0.919571524
0.2,3,0.8,400,3,0.997494518,0.99441339,3.7705158,,3.138680485,0.91953297
0.1,4,0.6,300,5,1.94226693,0.978835857,4.290859568,,3.139197899,0.919506438
0.1,5,0.9,300,10,2.421115682,0.967089611,4.694011475,,3.139574344,0.919487131
0.1,5,0.7,300,5,1.393245847,0.989107387,3.899819302,,3.140002305,0.91946518
0.3,7,0.9,100,1,0.192693152,0.999790665,4.03752226,,3.140074547,0.919461474
0.3,6,0.7,300,10,0.503483819,0.998568195,3.812706805,,3.140301291,0.919449843
0.1,7,0.7,200,5,1.59753359,0.985689137,4.251646949,,3.142278318,0.919348388
0.1,5,0.7,400,1,0.410029967,0.999055167,3.590448089,,3.143176952,0.919302251
0.4,6,0.8,200,10,0.634813176,0.997720318,3.780245196,,3.143422069,0.919289664
0.1,4,0.7,300,1,1.069994081,0.993568785,3.899351288,,3.145412783,0.919187405
0.2,6,0.9,200,5,0.774109574,0.996628262,3.714705948,,3.14558771,0.919178416
0.3,5,0.6,400,5,0.291286501,0.999522257,3.491742006,,3.146223512,0.919145741
0.1,3,0.8,400,5,2.092999199,0.975433239,4.373539512,,3.14719941,0.919095574
0.2,6,0.6,100,5,1.795535039,0.981887624,4.223791729,,3.147925621,0.919058233
0.1,7,0.7,300,10,1.693639922,0.983906435,4.267100575,,3.150097537,0.918946502
0.2,3,0.7,400,5,1.227737604,0.99153675,3.957692823,,3.150326696,0.918934709
0.3,3,0.9,400,1,0.493692277,0.998625961,3.676058609,,3.151601739,0.918869076
0.1,7,0.7,200,3,1.064310815,0.993642779,3.994559227,,3.152561644,0.918819648
0.4,6,0.8,400,5,0.125089641,0.999911255,3.640821544,,3.154449266,0.918722404
0.3,6,0.8,100,5,1.157289298,0.992462068,4.214888835,,3.155200326,0.918683695
0.2,8,0.8,200,3,0.259174595,0.999621881,3.843729973,,3.156612758,0.918610876
0.3,4,0.6,300,10,1.026916055,0.994067037,4.031737373,,3.157356585,0.918572515
0.3,6,0.6,100,10,1.820327788,0.981399977,4.376419644,,3.157789892,0.918550163
0.1,3,0.9,400,1,1.349892473,0.989776393,4.052342085,,3.157804643,0.918549402
0.4,6,0.7,200,1,0.11917165,0.999919407,3.899772593,,3.158678887,0.918504297
0.4,6,0.7,100,1,0.243488716,0.999663789,3.915941747,,3.158942864,0.918490675
0.2,7,0.7,200,5,0.600402912,0.997971812,3.654535642,,3.159291203,0.918472697
0.2,5,0.7,100,3,1.64726391,0.984762945,4.295233324,,3.159337966,0.918470284
0.4,6,0.7,300,1,0.112889196,0.999926762,3.904733203,,3.159460974,0.918463935
0.1,5,0.7,300,1,0.609423314,0.997912974,3.639668923,,3.159489534,0.918462461
0.2,4,0.6,400,5,0.762397358,0.996732742,3.830643555,,3.159657928,0.918453769
0.4,6,0.7,400,1,0.112394601,0.999927101,3.905658462,,3.159743372,0.918449359
0.1,8,0.9,100,1,1.282941712,0.990756351,4.204498303,,3.159992132,0.918436518
0.3,7,0.9,100,10,1.882224732,0.980072563,4.557025629,,3.160189412,0.918426333
0.1,8,0.9,300,10,1.682930017,0.984054322,4.204744778,,3.160262661,0.918422552
0.2,3,0.6,400,10,1.746832077,0.982879139,4.257184106,,3.16161398,0.918352772
0.4,3,0.9,300,5,0.906076178,0.995386616,3.958496526,,3.162220569,0.918321439
0.2,4,0.8,400,3,0.535130655,0.998390175,3.690568986,,3.163122708,0.918274829
0.1,5,0.8,200,5,2.163177625,0.973754811,4.416934559,,3.1633157,0.918264856
0.4,6,0.8,300,5,0.156502543,0.999861559,3.642269234,,3.164547317,0.918201198
0.3,5,0.7,300,10,0.678612779,0.997411523,3.599205681,,3.164852115,0.91818544
0.3,5,0.9,300,5,0.333967071,0.999372315,3.661475931,,3.165681364,0.91814256
0.1,5,0.6,400,1,0.466695638,0.998774681,3.606648341,,3.166863945,0.918081391
0.2,5,0.6,100,1,1.14539757,0.992625169,3.864963694,,3.167705482,0.918037849
0.3,5,0.6,200,5,0.68112107,0.9973875,3.677419392,,3.168653793,0.917988767
0.1,6,0.7,400,5,0.751477516,0.996827969,3.736441512,,3.168699819,0.917986385
0.1,3,0.7,400,3,1.774116033,0.982345203,4.20889536,,3.171230748,0.91785532
0.3,3,0.7,300,1,0.71389319,0.99713029,3.646576288,,3.171294271,0.917852029
0.2,5,0.7,300,10,1.052445401,0.993782586,3.890954372,,3.171518431,0.917840415
0.1,5,0.9,200,5,2.22170687,0.972311699,4.61119072,,3.171869596,0.91782222
0.2,7,0.9,100,10,2.71369672,0.958638848,4.912832135,,3.17252008,0.917788511
0.3,5,0.9,400,5,0.227968589,0.999707238,3.62034375,,3.173941659,0.917714818
0.4,6,0.8,200,5,0.280127154,0.999556892,3.670368751,,3.174654524,0.917677851
0.1,3,0.9,400,5,2.147056213,0.974145104,4.444496861,,3.176011972,0.917607436
0.2,6,0.8,100,1,0.696507318,0.99726583,3.920465986,,3.176391307,0.917587753
0.1,5,0.7,400,3,0.714176603,0.997134334,3.56047218,,3.177465865,0.917531984
0.2,3,0.7,400,1,0.802543422,0.996380669,3.702816452,,3.180276002,0.917386051
0.4,8,0.7,100,3,0.267286199,0.999597004,3.794451036,,3.18172827,0.917310583
0.2,3,0.9,100,3,2.919413494,0.952199152,4.807981628,,3.182040544,0.917294351
0.1,5,0.6,300,1,0.687177183,0.997345408,3.714379929,,3.182178819,0.917287163
0.4,8,0.7,200,3,0.118308368,0.99992022,3.750947707,,3.182382864,0.917276555
0.1,4,0.6,400,3,1.195081212,0.991983542,3.822481896,,3.182505029,0.917270204
0.4,8,0.7,400,3,0.1123433,0.99992711,3.746994932,,3.183319283,0.917227865
0.1,5,0.6,400,10,1.62089262,0.985262303,4.074939438,,3.183516572,0.917217605
0.4,6,0.6,300,5,0.188271141,0.999799961,3.638388132,,3.183576516,0.917214487
0.4,8,0.7,300,3,0.112646387,0.999926888,3.747130309,,3.183598419,0.917213348
0.4,6,0.6,400,5,0.138977787,0.99989107,3.637623992,,3.184238991,0.91718003
0.2,8,0.7,300,5,0.243730212,0.999665302,3.440700535,,3.184835999,0.917148971
0.2,4,0.6,300,5,1.019711517,0.994154743,4.005560659,,3.1848402,0.917148753
0.2,4,0.7,200,3,1.132976374,0.992794632,4.122479105,,3.184930065,0.917144077
0.4,6,0.6,200,5,0.323504233,0.999409136,3.683881851,,3.18511558,0.917134425
0.2,5,0.7,100,5,2.137568787,0.974360239,4.395879555,,3.185614117,0.917108482
0.4,5,0.7,100,5,1.05773088,0.993708553,4.246349695,,3.1859794,0.917089471
0.2,8,0.7,400,5,0.155649773,0.999863413,3.412368045,,3.186139185,0.917081155
0.1,8,0.8,400,10,1.113956213,0.993027969,3.980483938,,3.186871592,0.917043029
0.1,4,0.6,400,1,0.846481861,0.995975705,3.80096625,,3.18861663,0.916952154
0.3,5,0.8,200,3,0.397464231,0.999108966,3.786048057,,3.188805167,0.916942333
0.3,5,0.9,200,5,0.603007402,0.997956868,3.766395679,,3.189063343,0.916928883
0.4,6,0.6,300,10,0.364010292,0.999252184,3.520133919,,3.189473019,0.916907539
0.3,7,0.6,100,10,1.640404331,0.984890832,4.194566842,,3.190371312,0.916860727
0.4,8,0.9,100,3,0.231563916,0.999696127,3.839519316,,3.190760125,0.916840462
0.1,5,0.7,200,1,1.024600414,0.994108526,3.8213395,,3.191776696,0.916787464
0.2,7,0.7,200,1,0.1523952,0.99986899,3.679374673,,3.191882402,0.916781952
0.4,8,0.9,200,3,0.114633789,0.999924809,3.788681243,,3.192197781,0.916765507
0.2,4,0.8,300,3,0.729795763,0.997007103,3.80233895,,3.192379974,0.916756005
0.4,3,0.7,300,5,0.872919529,0.995716304,3.792715501,,3.192525209,0.916748431
0.4,8,0.9,300,3,0.112427986,0.99992708,3.786772603,,3.193305477,0.916707732
0.4,8,0.9,400,3,0.112317707,0.999927119,3.786658987,,3.193416472,0.916701941
0.2,4,0.7,300,3,0.756907596,0.996781108,3.867034497,,3.193985169,0.916672271
0.3,3,0.6,100,1,1.872333865,0.980321206,4.020925729,,3.194791423,0.916630197
0.2,7,0.7,300,1,0.117064238,0.999921963,3.67578567,,3.197393463,0.916494338
0.2,7,0.7,100,1,0.489712298,0.998646058,3.821262869,,3.197467091,0.916490492
0.2,7,0.7,400,1,0.113027559,0.999926581,3.679307417,,3.198317158,0.916446083
0.4,8,0.7,400,1,0.112306319,0.999927119,3.934267481,,3.198360483,0.91644382
0.4,8,0.7,300,1,0.112310061,0.999927119,3.93426394,,3.198362824,0.916443697
0.4,8,0.7,200,1,0.112383428,0.999927096,3.934260898,,3.198569571,0.916432894
0.2,6,0.7,200,10,1.370371405,0.989458177,4.115965008,,3.199305071,0.916394458
0.3,3,0.7,400,1,0.557944182,0.99824523,3.570593487,,3.200709828,0.916321023
0.3,3,0.6,300,3,0.962561492,0.994791423,3.758536296,,3.201231531,0.916293742
0.4,8,0.7,100,1,0.123118456,0.999913948,3.934299736,,3.201504193,0.916279482
0.4,6,0.6,400,10,0.248406202,0.999651564,3.484733087,,3.203277029,0.916186736
0.2,4,0.7,400,3,0.562334372,0.998222803,3.752464524,,3.20453722,0.916120777
0.2,3,0.9,300,10,2.287756903,0.970624391,4.681233372,,3.204820819,0.91610593
0.2,5,0.9,100,3,1.61579478,0.985329054,4.394539746,,3.205032878,0.916094827
0.2,8,0.7,200,5,0.484996236,0.998676942,3.537200991,,3.206778994,0.916003379
0.1,7,0.6,300,1,0.271822199,0.99958429,3.622701925,,3.207637429,0.915958402
0.3,5,0.9,300,3,0.202800537,0.999768046,3.604578957,,3.210820731,0.915791511
0.4,6,0.6,200,10,0.627128455,0.9977842,3.636216386,,3.211390805,0.915761606
0.1,7,0.6,400,1,0.174620869,0.999828258,3.577065313,,3.213080456,0.91567294
0.3,7,0.9,200,3,0.15701066,0.999860578,3.68295638,,3.215002626,0.915572016
0.3,5,0.9,400,3,0.148597282,0.999875523,3.586725398,,3.215032318,0.915570456
0.1,8,0.9,200,5,1.454618108,0.988119812,4.221101407,,3.216080407,0.9155154
0.4,6,0.6,100,5,0.846585127,0.995965067,3.891242767,,3.216846625,0.915475139
0.4,3,0.9,100,5,2.129194229,0.97455229,4.573878306,,3.21692932,0.915470793
0.3,3,0.8,100,5,2.604905813,0.961929085,4.750131127,,3.2176254,0.915434208
0.3,7,0.9,300,3,0.116930171,0.999921976,3.673708513,,3.217730937,0.91542866
0.1,3,0.7,200,1,2.445654619,0.966445628,4.616712817,,3.217841998,0.915422822
0.1,4,0.7,400,3,1.139455582,0.992709403,3.921723838,,3.21945679,0.915337915
0.3,7,0.9,400,3,0.113017438,0.999926574,3.673845625,,3.221681514,0.915220868
0.2,6,0.9,400,3,0.151949995,0.999869814,3.566481851,,3.221932118,0.915207678
0.3,5,0.8,300,3,0.230663908,0.999699323,3.705821708,,3.225956321,0.914995734
0.2,6,0.9,200,3,0.464165712,0.998788759,3.645132575,,3.226045632,0.914991027
0.3,5,0.9,200,3,0.357809165,0.999278773,3.677978732,,3.226959312,0.914942868
0.1,4,0.8,300,5,1.927845658,0.979152091,4.387053196,,3.227672589,0.914905262
0.1,7,0.6,200,10,2.445484716,0.966454617,4.666678164,,3.227694995,0.914904081
0.4,3,0.6,200,10,1.737846516,0.983036436,4.600421349,,3.227700239,0.914903804
0.2,4,0.8,400,10,1.142787692,0.9926643,4.112719644,,3.227977436,0.914889187
0.4,3,0.9,400,10,1.062053897,0.99365767,4.128181667,,3.229115276,0.914829175
0.1,3,0.6,400,5,2.208268842,0.972647726,4.474624117,,3.231021775,0.914728574
0.2,6,0.9,300,3,0.223712758,0.999717996,3.570441199,,3.232801476,0.91463461
0.1,3,0.6,300,3,2.340900867,0.969263206,4.469388882,,3.232884752,0.914630212
0.4,3,0.8,100,5,2.118440476,0.97480607,4.384882263,,3.234396183,0.91455037
0.1,4,0.6,300,1,1.156360142,0.992492596,3.993990835,,3.23442812,0.914548682
0.1,6,0.6,400,3,0.529060388,0.998426255,3.614617878,,3.234588658,0.914540199
0.4,3,0.9,100,10,3.005131286,0.949312337,5.107127862,,3.235397888,0.914497433
0.3,6,0.6,100,5,1.180149711,0.992161198,4.008443092,,3.236696111,0.914428803
0.4,4,0.7,300,10,0.753476728,0.996806314,3.78721345,,3.237148263,0.914404893
0.1,5,0.6,200,1,1.138391163,0.992721382,3.871599093,,3.240288754,0.914238734
0.4,4,0.7,400,10,0.558110974,0.998246436,3.669691273,,3.242601802,0.91411625
0.1,8,0.6,300,10,1.436397305,0.988422119,4.106259494,,3.246874461,0.91388977
0.3,5,0.9,100,10,2.393162382,0.96783255,4.725289587,,3.247134406,0.913875981
0.2,5,0.6,100,5,2.131759042,0.974507962,4.462280031,,3.247722408,0.913844787
0.1,6,0.8,100,1,1.870272165,0.980375098,4.344684422,,3.248458849,0.91380571
0.1,5,0.7,300,10,2.125410665,0.974664854,4.395849107,,3.248602661,0.913798078
0.1,4,0.6,400,10,2.107296064,0.975094881,4.453460617,,3.248788309,0.913788225
0.1,7,0.6,200,1,0.544560702,0.998333115,3.725513403,,3.249502797,0.913750301
0.3,3,0.6,200,10,2.152361981,0.974002438,4.536608435,,3.250147206,0.913716089
0.3,3,0.6,400,3,0.764655473,0.996708085,3.667633707,,3.252025123,0.913616352
0.2,3,0.6,200,1,1.485611754,0.987608327,4.154608372,,3.252080455,0.913613412
0.4,3,0.7,100,10,2.829590714,0.95508819,4.801482167,,3.25366447,0.913529238
0.3,5,0.8,400,3,0.165500718,0.999845149,3.687731991,,3.255752614,0.913418211
0.3,7,0.9,100,3,0.548045912,0.998308158,3.886806907,,3.25642114,0.913382651
0.1,8,0.8,400,1,0.120573075,0.999917544,3.529094248,,3.257219474,0.913340176
0.2,6,0.8,400,10,0.594931482,0.998008222,3.632913671,,3.257261536,0.913337938
0.1,3,0.7,300,3,2.229548882,0.972121298,4.386416891,,3.260377091,0.913172075
0.1,3,0.8,400,10,2.884489825,0.953335237,4.895862436,,3.260885147,0.913145012
0.2,4,0.9,300,5,0.994856114,0.99443959,3.991908092,,3.262273626,0.913071031
0.4,7,0.7,100,10,1.213288011,0.991728112,4.032710089,,3.263794508,0.912989959
0.4,7,0.9,100,1,0.130825341,0.999903245,4.115493239,,3.263895669,0.912984565
0.1,8,0.8,300,1,0.154588288,0.99986536,3.542825566,,3.26460829,0.912946564
0.4,3,0.9,400,5,0.715192007,0.997123836,3.852607624,,3.265527573,0.912897531
0.4,7,0.9,200,1,0.112474356,0.999927044,4.112870703,,3.267925952,0.912769538
0.4,7,0.9,400,1,0.1123066,0.999927119,4.113250675,,3.268231637,0.912753218
0.4,7,0.9,300,1,0.112314496,0.999927119,4.113232236,,3.268242017,0.912752664
0.1,4,0.7,400,5,1.449395391,0.988205191,4.061209745,,3.269037713,0.912710176
0.1,8,0.7,200,5,1.392745017,0.989118837,4.010161027,,3.272568785,0.912521501
0.4,5,0.6,400,10,0.354985774,0.999291675,3.74889755,,3.272861337,0.91250586
0.1,6,0.8,400,3,0.468688431,0.998764652,3.579680657,,3.274088791,0.91244022
0.1,6,0.7,300,5,1.10349478,0.993164824,3.948307646,,3.274903005,0.912396665
0.3,6,0.8,400,10,0.317576276,0.999429488,3.430157981,,3.274915251,0.91239601
0.4,6,0.9,100,5,0.814346194,0.996260642,3.855620674,,3.280896287,0.912075732
0.4,5,0.6,300,10,0.504863726,0.998567499,3.80541064,,3.283797884,0.911920144
0.4,3,0.7,400,5,0.687598805,0.997338009,3.684377254,,3.285184482,0.911845744
0.2,4,0.9,400,5,0.742636218,0.996900255,3.810403305,,3.287241386,0.91173532
0.4,4,0.7,200,10,1.11751482,0.992981834,4.034005305,,3.289610274,0.911608062
0.1,4,0.8,200,3,2.15142201,0.974032154,4.453344736,,3.289844169,0.911595492
0.2,4,0.8,200,3,1.097068219,0.993243184,4.091977583,,3.29002495,0.911585776
0.4,3,0.8,200,5,1.204195788,0.991853305,3.84605368,,3.29127411,0.911518625
0.1,8,0.8,200,1,0.331436899,0.999382133,3.597918534,,3.291684665,0.911496549
0.3,6,0.7,200,10,0.85933904,0.995840678,4.009021536,,3.295030562,0.911316535
0.1,6,0.8,200,5,1.864218892,0.980499469,4.400512185,,3.295074442,0.911314173
0.1,8,0.8,200,5,1.445294643,0.988277837,4.216937001,,3.295122893,0.911311565
0.1,4,0.6,300,3,1.581876614,0.985959757,3.996254945,,3.296262449,0.911250212
0.1,6,0.8,300,10,1.974906821,0.978114707,4.486258176,,3.297148811,0.911202476
0.1,5,0.7,300,3,1.007788507,0.994300156,3.69522395,,3.298163991,0.911147787
0.2,5,0.8,200,1,0.37067236,0.999225141,3.697369845,,3.299113122,0.911096641
0.4,6,0.8,100,5,0.826965922,0.996141756,3.846706569,,3.301162448,0.910986157
0.2,8,0.8,100,3,0.920896761,0.995233853,4.082623534,,3.301640679,0.910960365
0.2,4,0.9,200,5,1.471915057,0.987834212,4.322184855,,3.302175716,0.910931505
0.3,5,0.7,200,10,1.077295631,0.993482008,3.821854361,,3.302187948,0.910930845
0.3,8,0.9,400,10,0.202861655,0.999767952,3.563196216,,3.302940599,0.910890238
0.4,6,0.9,200,5,0.266789872,0.999598183,3.613876736,,3.303409509,0.910864935
0.1,6,0.7,200,3,1.282019518,0.990774916,4.112189235,,3.303661071,0.910851359
0.1,4,0.7,200,1,1.606044254,0.985525284,4.187427854,,3.304478528,0.910807235
0.3,6,0.6,300,3,0.179009272,0.999819163,3.837748651,,3.304616218,0.910799802
0.3,6,0.8,300,10,0.493792602,0.998620324,3.521188862,,3.306063172,0.910721671
0.3,6,0.6,400,3,0.13456678,0.999897567,3.83547826,,3.306911756,0.910675834
0.1,6,0.8,300,3,0.748226417,0.996853637,3.717024141,,3.30714295,0.910663344
0.3,6,0.6,200,3,0.308892643,0.999462578,3.867372345,,3.308631834,0.910582887
0.3,3,0.6,100,3,2.312900449,0.969970391,4.524282312,,3.309423159,0.91054011
0.3,8,0.9,300,10,0.34993876,0.999308165,3.627430825,,3.310598294,0.910476566
0.3,3,0.8,200,1,0.954348816,0.994881289,3.838996115,,3.310757256,0.910467969
0.2,5,0.8,100,1,1.018913523,0.994167789,3.924648295,,3.310770471,0.910467254
0.3,7,0.7,100,5,0.929327239,0.995145447,4.130972672,,3.311346166,0.910436115
0.3,5,0.8,100,10,2.247201771,0.971655874,4.558280171,,3.311914803,0.910405351
0.2,3,0.6,300,1,1.059458411,0.993694414,3.864175484,,3.312445447,0.910376639
0.4,6,0.9,300,5,0.150018011,0.99987316,3.592064054,,3.312476959,0.910374934
0.4,6,0.9,400,5,0.121769618,0.99991595,3.594536467,,3.312628273,0.910366745
0.4,5,0.8,100,1,0.368249258,0.999234106,4.104945419,,3.313861533,0.910299994
0.3,5,0.6,100,5,1.459461382,0.988022893,4.113323059,,3.313897958,0.910298022
0.2,5,0.8,300,1,0.212288454,0.999745656,3.630073828,,3.315198832,0.910227583
0.1,6,0.6,300,3,0.786950452,0.996518935,3.762836034,,3.316169153,0.910175024
0.2,4,0.6,200,5,1.514171124,0.987117699,4.328190105,,3.316809035,0.910140356
0.3,4,0.6,200,10,1.497333975,0.987401389,4.354494735,,3.319027736,0.910020097
0.3,3,0.8,100,1,1.71133188,0.983556572,4.226276175,,3.319391485,0.910000373
0.3,5,0.8,100,3,1.020472501,0.994143637,4.074074113,,3.31990688,0.909972423
0.4,5,0.8,200,5,0.4266684,0.998972353,3.761453661,,3.31991666,0.909971893
0.2,3,0.7,200,10,2.812213206,0.955644681,4.743404874,,3.321650394,0.909877839
0.4,5,0.6,200,10,0.82185186,0.996205011,3.931030137,,3.323059494,0.90980136
0.3,4,0.9,300,10,1.127112991,0.99285835,4.229528344,,3.323262727,0.909790327
0.2,5,0.8,400,1,0.155599826,0.999863451,3.602899708,,3.323534373,0.909775578
0.2,4,0.8,300,10,1.525133601,0.986943123,4.358676027,,3.324682129,0.909713251
0.3,5,0.9,100,3,0.975678158,0.9946533,3.955350676,,3.324739884,0.909710114
0.2,6,0.9,100,3,1.314784938,0.99028618,4.110383253,,3.325020203,0.909694888
0.3,3,0.6,100,5,2.670611909,0.959968122,4.675768634,,3.326620647,0.909607934
0.3,7,0.6,100,5,0.932885561,0.995104699,3.873015397,,3.327102384,0.909581752
0.2,6,0.7,100,3,1.316523232,0.990256202,4.115629804,,3.32713345,0.909580063
0.2,6,0.8,300,10,0.885489931,0.995594122,3.808292198,,3.328623817,0.909499039
0.1,3,0.7,400,5,2.096807776,0.975343732,4.447637552,,3.328788413,0.909490089
0.2,6,0.6,200,1,0.274672939,0.999573832,3.657876042,,3.329337775,0.909460212
0.2,6,0.6,400,1,0.124533385,0.999912164,3.620015811,,3.330054337,0.909421234
0.4,5,0.8,200,1,0.15074889,0.999871554,4.092257699,,3.33033589,0.909405917
0.2,3,0.6,400,1,0.84259278,0.996009277,3.720477811,,3.332878808,0.909267516
0.2,6,0.6,300,1,0.157194841,0.999860664,3.621925894,,3.332958276,0.909263189
0.4,5,0.8,300,1,0.119085131,0.999919588,4.115192236,,3.334853138,0.909159988
0.4,6,0.7,100,10,1.416503149,0.988716304,4.15747018,,3.336444478,0.909073272
0.4,5,0.8,400,1,0.113688713,0.999925991,4.123435932,,3.337966101,0.908990317
0.1,4,0.7,300,3,1.51154146,0.98717535,4.14328209,,3.338745342,0.90894782
0.4,7,0.9,200,5,0.178042029,0.999821135,3.611596425,,3.339190627,0.908923531
0.4,5,0.7,100,10,1.70037335,0.983764487,4.336582187,,3.341778952,0.908782284
0.3,6,0.6,100,3,0.835372522,0.996074585,4.159363442,,3.342281613,0.90875484
0.3,5,0.7,100,5,1.447766364,0.988226696,4.19696624,,3.342491228,0.908743395
0.2,4,0.7,400,10,1.098616479,0.993221113,4.038601867,,3.343840605,0.908669698
0.1,3,0.9,300,5,2.692997614,0.959325423,4.685521648,,3.344397894,0.908639253
0.4,5,0.8,300,5,0.245813828,0.999658895,3.704775646,,3.347565648,0.908466101
0.2,5,0.7,200,10,1.640666272,0.984898763,4.275635026,,3.348331234,0.908424229
0.4,7,0.9,300,5,0.120376654,0.999917593,3.591629276,,3.349912291,0.908337725
0.1,7,0.8,100,3,2.603353465,0.961966982,4.820726997,,3.351164504,0.908269185
0.2,8,0.9,100,5,1.454030723,0.988110013,4.285219549,,3.351984298,0.908224299
0.3,4,0.9,100,5,1.910203483,0.979511916,4.558662541,,3.352024857,0.908222078
0.3,5,0.9,100,5,1.423605934,0.988620253,4.184434164,,3.352059517,0.90822018
0.3,8,0.9,200,10,0.699073798,0.997242659,3.78935008,,3.353087188,0.908163896
0.4,5,0.8,400,5,0.171591306,0.999833895,3.693302182,,3.35407202,0.908109942
0.4,7,0.9,400,5,0.113556981,0.999926026,3.589008266,,3.354172029,0.908104462
0.4,7,0.6,300,10,0.272720006,0.99958051,3.603186816,,3.356986266,0.907950192
0.3,4,0.9,400,10,0.848428867,0.995956353,4.03995004,,3.357305682,0.907932674
0.4,7,0.9,100,5,0.594770603,0.998007703,3.786631898,,3.358563365,0.907863683
0.4,7,0.6,400,10,0.182896812,0.999811383,3.599026477,,3.361979653,0.907676147
0.3,5,0.8,100,1,0.572547595,0.998155397,3.878531738,,3.366923044,0.907404445
0.4,4,0.6,400,10,0.585987374,0.998069738,3.603867374,,3.368123668,0.907338396
0.4,7,0.9,100,10,1.360724954,0.989577481,4.022221613,,3.369315765,0.907272792
0.1,3,0.8,200,3,2.993364105,0.9497597,4.907479302,,3.369748549,0.907248969
0.4,7,0.7,300,1,0.112353935,0.999927114,4.010193418,,3.370292907,0.907219
0.4,7,0.7,400,1,0.112311231,0.999927119,4.010332303,,3.370352712,0.907215707
0.4,7,0.7,200,1,0.113094991,0.999926618,4.010322553,,3.370378103,0.907214309
0.4,7,0.7,100,1,0.15468701,0.999864415,4.027456215,,3.371697511,0.907141649
0.4,7,0.6,200,10,0.488723272,0.998653193,3.651262793,,3.374377483,0.906993974
0.1,8,0.8,300,10,1.61554546,0.985339051,4.256165674,,3.377010067,0.906848797
0.4,5,0.9,100,10,1.819300817,0.981407145,4.526372277,,3.377732282,0.90680895
0.2,5,0.6,200,10,1.644203036,0.984830494,4.338553197,,3.378067929,0.906790428
0.2,8,0.8,200,1,0.12002298,0.999918293,3.725497768,,3.379638667,0.906703726
0.2,8,0.8,300,1,0.112804547,0.999926783,3.725900087,,3.380802887,0.906639438
0.2,8,0.8,400,1,0.112376716,0.999927101,3.726016201,,3.381141425,0.906620739
0.1,6,0.6,400,10,1.345856817,0.98983693,4.116198186,,3.381252238,0.906614619
0.3,3,0.9,400,5,0.887301914,0.995574288,4.056883651,,3.381926668,0.906577361
0.4,4,0.6,300,10,0.790374675,0.996488866,3.694453142,,3.382651635,0.906537304
0.4,6,0.8,400,1,0.112336137,0.999927115,3.843259036,,3.382959925,0.906520267
0.4,6,0.8,200,1,0.115590088,0.999923576,3.840173103,,3.383031078,0.906516335
0.4,6,0.8,300,1,0.112528139,0.999926995,3.84313932,,3.383282557,0.906502436
0.2,3,0.6,100,1,2.559640679,0.963226306,4.716093189,,3.384520228,0.906434017
0.1,4,0.6,200,1,1.727143991,0.983259223,4.312039422,,3.385213636,0.906395674
0.2,3,0.6,300,10,2.181480311,0.973304589,4.427430033,,3.385244038,0.906393993
0.3,4,0.9,200,10,1.637180172,0.984949951,4.499560767,,3.385812798,0.906362536
0.3,6,0.6,400,1,0.113462987,0.999926198,3.841440813,,3.38598028,0.906353272
0.1,3,0.8,300,5,2.636084211,0.961032311,4.632871617,,3.387161688,0.906287912
0.3,6,0.6,300,1,0.119042294,0.999919484,3.839300267,,3.388277927,0.906226136
0.4,6,0.8,100,10,1.482164918,0.98763956,4.301680074,,3.388335613,0.906222943
0.1,5,0.8,100,1,2.291609173,0.970548991,4.45314089,,3.390717012,0.90609108
0.3,4,0.7,400,10,0.741216957,0.996911589,3.751734656,,3.390845645,0.906083954
0.4,6,0.8,100,1,0.204138593,0.999763617,3.871560756,,3.393636322,0.905929304
0.3,6,0.6,200,1,0.159516865,0.99985633,3.839062956,,3.39464399,0.905873431
0.4,5,0.9,200,5,0.388275339,0.999150015,3.751788658,,3.39637834,0.905777227
0.3,4,0.9,200,5,1.003839506,0.994335606,3.994491,,3.396542966,0.905768092
0.4,6,0.9,100,3,0.464540603,0.998781544,4.014865331,,3.396917468,0.905747311
0.3,6,0.8,200,10,0.877486084,0.9956564,3.759787187,,3.398323828,0.905669252
0.3,5,0.8,200,1,0.208264339,0.999755153,3.725464333,,3.399038316,0.905629582
0.2,6,0.8,400,5,0.263548479,0.999607709,3.361144413,,3.400234806,0.905563132
0.2,8,0.8,100,1,0.331414305,0.9993817,3.792335264,,3.40120681,0.905509132
0.4,3,0.8,100,10,2.879763443,0.953467773,4.765365828,,3.403054791,0.905406425
0.4,6,0.6,100,10,1.414841777,0.988753292,3.984771259,,3.4052281,0.905285565
0.4,6,0.9,400,3,0.113130945,0.999926457,3.963059312,,3.406844291,0.905195636
0.2,8,0.6,100,5,1.345259007,0.989831196,3.922712799,,3.40743509,0.905162753
0.3,5,0.8,300,1,0.137231001,0.999893787,3.729052078,,3.408114182,0.905124947
0.2,6,0.8,300,5,0.416166156,0.999020855,3.426686465,,3.408675907,0.90509367
0.4,6,0.9,200,3,0.152366123,0.999868946,3.96154413,,3.408898984,0.905081248
0.4,6,0.9,300,3,0.117555804,0.999921261,3.9611107,,3.409273374,0.905060397
0.4,5,0.9,300,5,0.218976237,0.999729832,3.685969194,,3.410025802,0.905018486
0.3,8,0.6,100,10,1.445270347,0.988273688,4.043283487,,3.410432758,0.904995814
0.3,6,0.6,100,1,0.447380043,0.998867134,3.957760476,,3.410887513,0.904970477
0.3,5,0.8,400,1,0.119280665,0.999919206,3.730022671,,3.410913635,0.904969021
0.3,3,0.8,300,1,0.681540843,0.997385221,3.732761638,,3.413885838,0.904803333
0.1,4,0.9,200,1,1.525814108,0.986938137,4.08527784,,3.414715097,0.904757079
0.2,4,0.9,400,10,1.263154571,0.991038194,4.062090513,,3.415110707,0.904735009
0.4,6,0.6,300,3,0.136312917,0.99989517,3.823595791,,3.415667567,0.904703939
0.2,6,0.6,100,1,0.804915443,0.996359386,3.928261455,,3.415754116,0.90469911
0.4,3,0.8,300,5,0.880755592,0.995640669,3.641160742,,3.415786603,0.904697297
0.1,6,0.6,300,1,0.415211367,0.999031209,3.462541844,,3.41859532,0.904540502
0.1,4,0.7,300,5,1.894444997,0.9798651,4.297619919,,3.419876009,0.904468966
0.4,6,0.6,400,3,0.117781467,0.999921164,3.830713593,,3.420697632,0.904423058
0.3,8,0.8,100,10,1.609487815,0.985433618,4.311990263,,3.420957635,0.904408528
0.2,7,0.7,100,10,2.59230096,0.962280549,4.673958995,,3.420982617,0.904407132
0.1,4,0.8,300,1,1.044840009,0.993871904,3.912453443,,3.421048636,0.904403442
0.4,6,0.6,200,3,0.216467463,0.99973527,3.82914546,,3.422304073,0.904333266
0.3,4,0.7,300,10,0.990070448,0.994494664,3.886756679,,3.424543537,0.904208022
0.2,3,0.7,100,3,3.008638048,0.949215568,4.722209127,,3.424720836,0.904198103
0.1,6,0.6,400,1,0.266221111,0.999601259,3.410381119,,3.425449894,0.90415731
0.1,7,0.9,100,3,2.633336042,0.961082454,4.744553045,,3.426013349,0.904125777
0.1,6,0.9,300,10,2.135369358,0.974400722,4.676513967,,3.426550664,0.904095702
0.4,5,0.9,400,5,0.156709768,0.999861573,3.67357215,,3.427011912,0.904069881
0.4,7,0.6,100,1,0.175919884,0.999824621,4.36841728,,3.429615383,0.903924071
0.2,7,0.8,100,10,2.695141798,0.959231898,4.938428261,,3.430147934,0.903894231
0.1,6,0.9,100,1,1.860506077,0.980576851,4.308699111,,3.430912632,0.903851376
0.4,8,0.9,400,10,0.133465468,0.999899099,3.598436368,,3.432580661,0.903757862
0.1,4,0.8,200,1,1.558502775,0.986371351,4.204451607,,3.434710423,0.903638398
0.3,5,0.6,200,1,0.280777759,0.999555463,3.902261515,,3.437895228,0.903459614
0.4,8,0.9,300,10,0.198245795,0.999778145,3.62280999,,3.438372833,0.903432789
0.3,8,0.8,200,3,0.135221356,0.999896817,3.611512253,,3.439338558,0.903378536
0.3,8,0.8,400,3,0.112585462,0.999926976,3.600789944,,3.43959956,0.903363871
0.2,4,0.6,400,10,1.119607933,0.992962723,3.903627651,,3.439653791,0.903360823
0.3,8,0.8,300,3,0.114156005,0.999925391,3.602823587,,3.439816423,0.903351685
0.3,5,0.6,100,1,0.714861823,0.997121521,4.073225973,,3.440797386,0.903296553
0.1,6,0.7,300,10,1.861676514,0.98055857,4.26031286,,3.441869916,0.903236256
0.1,5,0.9,100,1,2.268389281,0.971133546,4.514997998,,3.442801807,0.903183851
0.2,5,0.9,100,5,2.226005623,0.972196667,4.68515344,,3.443926518,0.903120584
0.3,5,0.6,400,1,0.131748238,0.999902022,3.898543607,,3.444032507,0.903114621
0.4,7,0.6,200,1,0.113645647,0.999925872,4.378179898,,3.444497289,0.90308847
0.2,6,0.8,200,5,0.766566924,0.9966939,3.594871728,,3.445361509,0.903039834
0.4,7,0.6,300,1,0.112376097,0.999927098,4.379450444,,3.446030958,0.90300215
0.3,6,0.7,400,3,0.126763206,0.999909198,3.472702149,,3.446221585,0.902991419
0.4,7,0.6,400,1,0.112312693,0.999927119,4.379745176,,3.446294175,0.902987332
0.1,7,0.9,200,10,2.730126029,0.958146498,4.871586113,,3.446742662,0.902962081
0.3,5,0.6,300,1,0.167980819,0.999841014,3.895283493,,3.44767231,0.902909728
0.1,4,0.8,400,1,0.768585952,0.996680934,3.78473704,,3.452086032,0.902660978
0.1,6,0.6,200,1,0.78675351,0.996524633,3.621843131,,3.452263036,0.902650996
0.4,6,0.6,100,3,0.586045162,0.998061088,3.955286502,,3.45235325,0.902645908
0.1,5,0.6,300,10,2.116995875,0.974862878,4.33133269,,3.455313333,0.902478891
0.3,6,0.7,300,3,0.162344153,0.999851541,3.478657532,,3.45532273,0.902478361
0.2,4,0.8,100,5,2.715586449,0.958622959,4.874545609,,3.455998793,0.902440195
0.1,6,0.7,300,1,0.362624379,0.999259678,3.477286546,,3.45660939,0.902405719
0.2,7,0.6,200,1,0.176533634,0.999824026,3.565372105,,3.457058215,0.902380373
0.1,6,0.6,400,5,0.779567756,0.996585976,3.662511181,,3.458337143,0.902308132
0.4,7,0.8,100,1,0.138050566,0.999891963,3.921092903,,3.459312761,0.902253005
0.4,7,0.8,400,1,0.112308138,0.999927119,3.920319905,,3.460135816,0.902206487
0.4,7,0.8,300,1,0.112330364,0.999927118,3.920352649,,3.460198153,0.902202963
0.4,7,0.8,200,1,0.112656735,0.999926917,3.920433327,,3.460510491,0.902185307
0.3,4,0.9,300,5,0.649105146,0.99763098,3.796003541,,3.460828162,0.902167347
0.2,4,0.7,300,10,1.46859315,0.98788884,4.249339141,,3.461306203,0.902140318
0.4,8,0.9,200,10,0.422139377,0.998993537,3.695200464,,3.462652152,0.902064197
0.1,6,0.7,400,1,0.23059167,0.999700444,3.440503014,,3.463621225,0.902009372
0.1,3,0.7,300,10,3.341080805,0.93740368,5.095214437,,3.463932408,0.901991763
0.3,3,0.9,300,3,0.891289375,0.995535142,3.90745698,,3.464066474,0.901984177
0.1,6,0.7,200,1,0.710118414,0.997167243,3.621819564,,3.467894241,0.901767444
0.2,7,0.6,100,5,1.569777991,0.986165274,4.126442066,,3.468101214,0.901755718
0.2,4,0.9,400,3,0.522999124,0.998459227,3.66536255,,3.468160779,0.901752343
0.2,7,0.6,300,1,0.121451668,0.999916139,3.551586331,,3.468535892,0.901731089
0.1,6,0.8,200,3,1.306379464,0.990421023,4.014872956,,3.469299272,0.901687829
0.4,6,0.9,200,1,0.113972672,0.999925506,3.584051769,,3.470272678,0.901632653
0.4,4,0.7,100,10,2.114123769,0.974905832,4.631504875,,3.470746825,0.901605771
0.4,6,0.9,100,1,0.178387663,0.999819554,3.584988506,,3.471132774,0.901583887
0.4,6,0.9,300,1,0.112396403,0.999927084,3.585152175,,3.472426898,0.901510489
0.4,6,0.9,400,1,0.112317358,0.999927119,3.585231707,,3.472565715,0.901502614
0.2,7,0.6,400,1,0.113819129,0.999925675,3.55078629,,3.473037416,0.901475853
0.4,4,0.6,200,10,1.1742439,0.992248493,3.934997491,,3.473100988,0.901472247
0.4,5,0.6,100,3,0.812521753,0.996280701,3.9237695,,3.475221791,0.90135188
0.1,3,0.6,300,5,2.712868735,0.958725323,4.742780447,,3.475326408,0.901345941
0.1,4,0.9,300,1,1.017686227,0.994183981,3.837366426,,3.476539093,0.90127708
0.3,4,0.9,400,5,0.469405807,0.998759844,3.713766996,,3.476914775,0.901255743
0.3,8,0.8,100,3,0.445146975,0.998881944,3.711558315,,3.477426535,0.901226672
0.2,4,0.7,100,3,2.181188202,0.973314536,4.775370788,,3.477866553,0.901201674
0.4,5,0.8,100,5,1.044525307,0.993863831,4.033548087,,3.482540547,0.900935941
0.3,4,0.8,300,10,1.044249654,0.993877006,4.113433443,,3.483103558,0.900903907
0.3,3,0.8,400,1,0.530407091,0.998412804,3.656528529,,3.48804805,0.900622361
0.3,4,0.8,400,10,0.784495718,0.996540335,3.923472071,,3.488824384,0.900578119
0.1,4,0.7,400,10,2.087834582,0.975554736,4.425735395,,3.492852172,0.900348425
0.3,4,0.8,100,3,1.466884216,0.987916318,4.220251747,,3.495516813,0.900196322
0.3,6,0.7,200,3,0.279238179,0.999560614,3.49911715,,3.496108481,0.900162532
0.1,6,0.6,200,3,1.326847132,0.990115273,4.062088594,,3.496641971,0.90013206
0.2,7,0.6,100,1,0.555643647,0.998259474,3.706379338,,3.500821349,0.899893183
0.2,6,0.6,400,3,0.201034629,0.999772266,3.458719135,,3.502275266,0.899810015
0.1,4,0.6,200,5,2.655005687,0.960464703,4.593686543,,3.502591151,0.899791941
0.2,4,0.9,300,3,0.723500889,0.997054428,3.742078001,,3.502646052,0.8997888
0.3,6,0.9,100,10,2.117051483,0.974801861,4.628075818,,3.502675014,0.899787142
0.4,4,0.8,200,10,1.151699843,0.992550837,4.008041465,,3.504210378,0.899699269
0.4,6,0.9,100,10,1.612969197,0.985315916,4.101458836,,3.505299331,0.899636921
0.2,6,0.6,300,3,0.296597131,0.9995041,3.500116525,,3.50689864,0.899545318
0.4,4,0.8,300,10,0.769457009,0.996672133,3.779058277,,3.508549888,0.899450696
0.2,6,0.8,300,3,0.239576058,0.999676004,3.33308392,,3.509775394,0.899380442
0.2,3,0.8,100,5,3.517723174,0.930595501,5.009752996,,3.510528748,0.899337242
0.4,5,0.9,200,3,0.238354555,0.999678938,3.724100869,,3.510729242,0.899325744
0.2,4,0.9,300,10,1.634888337,0.984996215,4.290343737,,3.511837398,0.899262178
0.2,6,0.8,400,3,0.163377115,0.999849329,3.305583969,,3.512700811,0.899212638
0.4,4,0.8,400,10,0.577743186,0.998122383,3.668026345,,3.513365239,0.899174506
0.1,5,0.7,200,5,2.125169797,0.974670806,4.324745675,,3.514847729,0.8990894
0.4,5,0.9,100,5,0.994445429,0.994435528,3.958762681,,3.516279173,0.89900719
0.3,4,0.7,400,5,0.487101165,0.998665155,3.779367652,,3.517389683,0.898943389
0.2,4,0.8,200,1,0.718013635,0.997100045,3.718235879,,3.518038109,0.898906127
0.1,8,0.8,100,1,1.285486091,0.990719962,4.004387189,,3.518067693,0.898904426
0.2,6,0.6,200,3,0.531125604,0.998411542,3.634001644,,3.519886357,0.898799877
0.4,5,0.8,200,3,0.269235584,0.999589247,3.663956688,,3.520097122,0.898787757
0.2,6,0.8,200,3,0.466412477,0.998773321,3.445065496,,3.520273973,0.898777587
0.4,5,0.9,100,3,0.673021626,0.997450729,3.829889559,,3.5217624,0.898691972
0.1,3,0.9,200,3,2.993791518,0.949735725,4.831175625,,3.522304521,0.89866078
0.4,5,0.6,300,3,0.203294696,0.999766619,3.711647029,,3.523922045,0.898567684
0.4,5,0.6,200,3,0.334845914,0.999367969,3.730823988,,3.524521794,0.898533155
0.3,4,0.8,200,10,1.560745099,0.986327712,4.469976803,,3.524813098,0.898516381
0.3,4,0.7,200,10,1.484548302,0.98763316,4.167678351,,3.524823065,0.898515807
0.4,8,0.9,400,5,0.112569078,0.999926985,3.633792093,,3.525330534,0.898486584
0.1,4,0.9,400,1,0.74034703,0.996919644,3.712485643,,3.525991659,0.898448506
0.4,8,0.9,300,5,0.114665545,0.99992478,3.63298725,,3.526094755,0.898442567
0.2,3,0.8,100,3,2.982654075,0.950101701,4.775851563,,3.527243409,0.89837639
0.4,5,0.8,300,3,0.161823514,0.999851448,3.622356487,,3.527425031,0.898365924
0.4,8,0.9,200,5,0.14396373,0.999883114,3.642476886,,3.527491395,0.8983621
0.2,6,0.8,200,10,1.439332339,0.98836621,4.146282428,,3.528530443,0.898302215
0.2,4,0.8,300,1,0.454569014,0.998837225,3.632386571,,3.530517034,0.898187669
0.4,5,0.9,300,3,0.148759779,0.999875115,3.692405262,,3.530843328,0.898168849
0.2,8,0.7,100,5,1.39089467,0.989135514,4.033080186,,3.53110882,0.898153535
0.1,4,0.8,400,10,2.228448863,0.972144469,4.482964378,,3.533307473,0.898026665
0.4,5,0.8,400,3,0.129646091,0.999904776,3.623431095,,3.534110715,0.897980296
0.3,4,0.7,300,5,0.664952621,0.997511725,3.874083339,,3.535041621,0.897926544
0.4,5,0.6,400,3,0.15082351,0.999871585,3.705638012,,3.536153486,0.897862324
0.4,8,0.9,100,5,0.492957288,0.998629296,3.768137298,,3.536367506,0.89784996
0.2,4,0.9,200,3,1.103752282,0.993145515,3.956420631,,3.541978378,0.897525556
0.4,5,0.9,400,3,0.123893239,0.999913421,3.683956368,,3.542739761,0.897481496
0.2,4,0.8,400,1,0.331558816,0.999380698,3.586839226,,3.542994874,0.897466731
0.1,3,0.6,400,10,2.842295447,0.954696205,4.840380578,,3.545505985,0.897321337
0.2,6,0.7,100,5,1.842041023,0.980947611,4.367138667,,3.547977313,0.897178147
0.1,8,0.6,100,3,2.27707331,0.970894418,4.610744544,,3.548940473,0.897122314
0.2,4,0.6,300,10,1.485951268,0.987607348,4.143952714,,3.555390311,0.896748035
0.4,3,0.8,400,5,0.689750844,0.997324827,3.563664612,,3.555801239,0.896724166
0.1,3,0.6,200,1,2.597275981,0.962169179,4.719600317,,3.556617305,0.896676756
0.4,6,0.8,100,3,0.505480482,0.998556954,3.712156511,,3.556751443,0.896668962
0.2,3,0.6,100,3,3.077125556,0.946869595,4.926716349,,3.558157422,0.896587253
0.2,8,0.6,100,10,2.273922019,0.970962108,4.630825945,,3.560672414,0.896441012
0.4,6,0.8,400,3,0.114017485,0.999925411,3.541065537,,3.563084465,0.89630066
0.3,4,0.8,200,3,0.725620984,0.997038598,3.806574357,,3.563962716,0.896249533
0.1,4,0.9,400,3,1.152816153,0.992534619,3.977809233,,3.564399026,0.896224128
0.1,7,0.6,100,1,1.595907198,0.985701847,4.244552715,,3.564469084,0.896220049
0.4,6,0.8,300,3,0.12144219,0.999916043,3.544686492,,3.566225921,0.896117723
0.1,6,0.7,200,5,1.785493682,0.982117138,4.391649545,,3.568131308,0.896006687
0.1,4,0.9,300,3,1.520176979,0.98702968,4.157944069,,3.569652356,0.895918006
0.4,5,0.6,200,5,0.488275259,0.998654731,3.680372314,,3.569726131,0.895913704
0.3,4,0.7,200,5,0.988547894,0.994506821,4.018392375,,3.570308366,0.895879748
0.3,3,0.9,400,3,0.695293643,0.997280872,3.789472345,,3.571494476,0.895810555
0.4,6,0.8,200,3,0.167178901,0.999841805,3.569626991,,3.57223013,0.895767629
0.2,6,0.9,100,5,1.895033986,0.9798234,4.404334484,,3.57291448,0.895727689
0.1,5,0.7,200,3,1.608589862,0.985484865,4.07826855,,3.572915942,0.895727604
0.4,5,0.6,300,5,0.29795239,0.999499462,3.587608269,,3.574961444,0.895608177
0.3,4,0.8,400,3,0.343102805,0.999336771,3.614588248,,3.578074995,0.895426261
0.2,6,0.9,400,1,0.115284541,0.999924211,3.542205551,,3.579276391,0.895356025
0.1,3,0.7,300,5,2.626813576,0.961306986,4.706305324,,3.581265478,0.895239686
0.2,6,0.9,300,1,0.125471761,0.99991097,3.53823088,,3.581757896,0.895210876
0.3,4,0.8,300,3,0.472803904,0.998741461,3.68595644,,3.581834025,0.895206421
0.1,4,0.6,200,3,2.216152887,0.972450836,4.31259357,,3.582222506,0.895183688
0.2,6,0.9,200,1,0.18430773,0.999808245,3.539757569,,3.591552424,0.894636988
0.2,4,0.7,100,5,2.647118934,0.96069301,4.779495787,,3.591684837,0.894629219
0.2,3,0.7,100,5,3.437051229,0.933762643,4.927110616,,3.592459596,0.894583755
0.2,3,0.6,200,10,2.851822106,0.954386969,4.718948792,,3.59251427,0.894580546
0.1,8,0.9,200,10,2.548681029,0.963491842,4.596533372,,3.593634171,0.894514811
0.4,5,0.6,100,1,0.495802535,0.998612819,3.978897381,,3.595401428,0.894411036
0.2,4,0.6,300,3,0.795466162,0.996440269,3.734645621,,3.595499517,0.894405274
0.4,5,0.6,400,5,0.212141234,0.999746366,3.582732176,,3.59552868,0.894403561
0.2,4,0.6,200,3,1.208194296,0.991799656,4.045110117,,3.597825618,0.894268601
0.1,4,0.9,400,5,1.489764807,0.987548183,4.191312917,,3.598442881,0.894232319
0.1,4,0.7,200,3,2.149677901,0.974074206,4.45885004,,3.600397011,0.894117413
0.2,3,0.9,200,10,3.064853646,0.947283983,4.947937167,,3.601794135,0.894035223
0.4,5,0.8,100,3,0.694536533,0.997283849,3.853259464,,3.602713449,0.893981123
0.3,6,0.9,400,1,0.112452953,0.999927067,3.701867987,,3.602891748,0.893970629
0.2,5,0.9,300,1,0.181533048,0.999814312,3.614267302,,3.603608225,0.893928455
0.3,6,0.9,300,1,0.113302498,0.999926349,3.701776961,,3.604485255,0.893876818
0.2,5,0.9,400,1,0.13890249,0.999891217,3.609159136,,3.60614267,0.8937792
0.2,5,0.9,200,1,0.327452073,0.999396717,3.666276158,,3.607080636,0.893723937
0.4,5,0.6,400,1,0.116651459,0.999922462,3.891239662,,3.607478212,0.893700508
0.3,5,0.9,300,1,0.128666387,0.999906359,3.662373362,,3.60778341,0.893682521
0.2,4,0.6,400,3,0.591822274,0.998028305,3.623915702,,3.608249272,0.893655062
0.3,5,0.9,200,1,0.183296163,0.999810229,3.690454414,,3.608277934,0.893653372
0.4,5,0.6,300,1,0.131729177,0.999902043,3.89008618,,3.609488504,0.893582002
0.2,6,0.6,100,3,1.356274973,0.989656918,4.142232791,,3.610154083,0.893542752
0.3,6,0.9,200,1,0.12330924,0.99991399,3.700675628,,3.610417955,0.89352719
0.3,5,0.9,400,1,0.116817527,0.999922254,3.655938581,,3.611690467,0.893452122
0.3,4,0.9,100,3,1.432380423,0.988470725,4.231542064,,3.614998086,0.893256878
0.1,6,0.6,300,5,1.121352399,0.99294104,3.882465773,,3.615559805,0.893223703
0.2,4,0.6,200,1,0.840359205,0.996030274,3.828624967,,3.615945116,0.893200943
0.2,4,0.6,300,1,0.536564896,0.998381029,3.636948834,,3.616049676,0.893194767
0.3,5,0.9,100,1,0.53691964,0.99837674,3.837374199,,3.617230515,0.893125
0.3,6,0.7,100,3,0.794066708,0.996445877,3.698613213,,3.617663719,0.893099399
0.1,4,0.6,300,10,2.606510718,0.961901842,4.695885262,,3.620609794,0.892925217
0.4,5,0.6,200,1,0.19523844,0.999784191,3.897203013,,3.621446365,0.892875731
0.4,6,0.7,200,3,0.188880078,0.999798421,3.70620317,,3.623271615,0.89276772
0.4,8,0.8,400,10,0.134305183,0.999897993,3.560370773,,3.624779607,0.892678442
0.1,4,0.9,400,10,2.39967356,0.967674252,4.699766569,,3.625392549,0.892642143
0.4,6,0.7,300,3,0.127284458,0.999908402,3.714629151,,3.626995903,0.892547163
0.2,4,0.8,200,10,2.199366383,0.972856397,4.702129678,,3.627003804,0.892546695
0.4,8,0.8,300,10,0.19598018,0.999783353,3.585777907,,3.629386461,0.892405471
0.4,6,0.7,400,3,0.115395636,0.999923981,3.720509743,,3.629448413,0.892401798
0.2,4,0.6,400,1,0.395107514,0.999121173,3.582335161,,3.637175582,0.891943153
0.2,3,0.9,100,5,3.526308266,0.930271726,5.113017339,,3.638278518,0.891877609
0.3,6,0.9,100,1,0.302533147,0.99948415,3.715609092,,3.639486929,0.891805774
0.4,6,0.6,200,1,0.125115808,0.999911263,4.0639887,,3.641544141,0.891683426
0.4,6,0.6,300,1,0.113326367,0.999926265,4.073455363,,3.64275739,0.891611239
0.4,6,0.6,400,1,0.11244638,0.999927066,4.076200476,,3.642841918,0.891606208
0.4,6,0.6,100,1,0.281113011,0.9995518,4.068170216,,3.64289815,0.891602862
0.1,6,0.6,300,10,1.828541901,0.981243412,4.367329199,,3.643094133,0.891591198
0.1,8,0.8,100,3,2.386408028,0.968040617,4.77599919,,3.643111292,0.891590177
0.4,8,0.8,200,10,0.395833958,0.999115609,3.649921414,,3.64618782,0.891407001
0.4,7,0.6,100,10,1.181874384,0.99213843,4.014698952,,3.648353242,0.891277978
0.4,8,0.9,100,10,1.172468113,0.992261209,4.076706546,,3.65458045,0.890906516
0.1,3,0.6,200,3,3.090889896,0.946428629,4.875638846,,3.655332254,0.890861627
0.2,8,0.9,100,10,2.555165391,0.963328432,4.8494079,,3.656311157,0.890803165
0.1,5,0.7,100,1,2.326321501,0.969649447,4.564042752,,3.658212198,0.890689585
0.4,6,0.7,100,3,0.53392597,0.998391291,3.778660725,,3.658260286,0.890686711
0.1,4,0.8,200,5,2.711840854,0.958752095,4.732126395,,3.658377898,0.890679682
0.2,5,0.9,100,1,0.953195803,0.994895211,3.964137163,,3.66279903,0.890415296
0.2,7,0.7,100,5,1.584188278,0.985907544,4.187247622,,3.66543081,0.890257763
0.1,8,0.9,100,3,2.448344858,0.966342084,4.503760728,,3.665964152,0.890225824
0.4,5,0.6,100,5,1.108869325,0.993086783,4.016857163,,3.666964721,0.890165894
0.1,3,0.7,200,3,3.051378108,0.947783787,4.796992739,,3.66847503,0.890075401
0.1,7,0.8,200,10,2.719618345,0.958499454,4.903369535,,3.672091751,0.889858546
0.2,4,0.7,200,10,2.112587826,0.974964256,4.544975274,,3.680812194,0.889334799
0.3,5,0.7,200,1,0.242752691,0.999667177,3.636652214,,3.683428102,0.889177447
0.1,8,0.7,200,10,2.409062485,0.967443176,4.649972786,,3.684897524,0.889089009
0.3,4,0.9,200,3,0.701136776,0.997230616,3.788441996,,3.687660847,0.888922601
0.3,4,0.8,200,5,0.978829069,0.99461804,3.744666625,,3.687960331,0.888904558
0.1,5,0.8,200,10,3.158629346,0.944042855,4.939238798,,3.689380807,0.888818962
0.3,5,0.7,300,1,0.151599236,0.999870348,3.625492121,,3.690660997,0.88874179
0.2,4,0.6,200,10,2.125756185,0.974637224,4.468007662,,3.692587812,0.888625589
0.3,5,0.7,400,1,0.124733607,0.999911944,3.628585569,,3.698032214,0.888296923
0.2,6,0.9,100,1,0.668005393,0.997487268,3.680363972,,3.705523913,0.887843875
0.3,5,0.6,100,10,2.144564039,0.974191665,4.474732611,,3.706525697,0.887783224
0.1,8,0.6,100,5,2.949806677,0.951189871,4.891954983,,3.709277715,0.887616525
0.3,5,0.7,100,1,0.632855014,0.997744103,3.755021018,,3.709583758,0.887597979
0.3,4,0.8,400,5,0.485273022,0.998676105,3.447240501,,3.709854119,0.887581594
0.2,7,0.6,100,10,2.446571369,0.96642739,4.492077039,,3.712284764,0.887434236
0.1,4,0.9,300,5,1.939562349,0.978897206,4.411451447,,3.712770942,0.88740475
0.3,4,0.8,300,5,0.66007581,0.997550274,3.526123814,,3.713756414,0.88734497
0.1,7,0.6,100,3,2.532268435,0.96401093,4.567449901,,3.715909235,0.887214323
0.3,3,0.9,100,10,3.613801233,0.926733116,5.309355618,,3.721113056,0.886898208
0.2,6,0.8,100,3,1.300631136,0.990490375,3.905234481,,3.722574704,0.886809338
0.3,8,0.9,100,10,1.731234354,0.983122376,4.347242698,,3.723543302,0.886750427
0.4,3,0.6,100,10,2.862856428,0.953994087,5.100470164,,3.725245423,0.886646865
0.4,4,0.6,400,5,0.384453802,0.999166571,3.73124459,,3.730755627,0.886311284
0.4,5,0.6,100,10,1.683477908,0.98408722,4.298755182,,3.731098733,0.886290372
0.2,3,0.6,100,5,3.480490591,0.932044202,5.366692205,,3.731837723,0.886245324
0.1,4,0.9,200,3,2.172313008,0.973525807,4.480644598,,3.737619481,0.885892569
0.3,4,0.9,300,3,0.438485032,0.998914862,3.633970239,,3.737889805,0.885876063
0.3,4,0.7,100,5,1.914842297,0.979422171,4.515844205,,3.743303163,0.885545266
0.1,4,0.7,200,5,2.630667044,0.961188023,4.653464558,,3.743343821,0.88554278
0.3,4,0.9,400,3,0.315906665,0.999436766,3.581062703,,3.747323315,0.885299295
0.2,4,0.8,100,1,1.517370647,0.987069131,4.160171514,,3.747856913,0.885266627
0.4,4,0.6,300,5,0.504076533,0.998568315,3.780188576,,3.747970951,0.885259645
0.2,4,0.8,100,3,2.134302031,0.974442056,4.672705034,,3.74860374,0.885220897
0.4,4,0.8,100,10,2.188057163,0.973131446,4.603733109,,3.759700502,0.884540344
0.1,3,0.9,400,10,3.042284299,0.948073942,4.975915485,,3.761463351,0.884432045
0.1,7,0.7,200,10,2.581787393,0.962609318,4.727766576,,3.771906541,0.883789437
0.4,4,0.6,200,5,0.769350698,0.996668672,3.880706708,,3.774396217,0.883635975
0.3,4,0.6,300,5,0.688864015,0.997330269,3.629975017,,3.78148381,0.883198546
0.3,6,0.7,100,10,1.886235826,0.980016129,4.595399793,,3.78184273,0.883176373
0.1,5,0.9,200,10,3.256111728,0.940521874,5.074954835,,3.781987117,0.883167452
0.1,6,0.7,100,1,1.891450286,0.979930269,4.265871588,,3.782170467,0.883156124
0.3,3,0.8,100,10,3.479921967,0.932063842,5.184590364,,3.786946366,0.882860851
0.3,4,0.6,400,5,0.507897564,0.998547358,3.573429498,,3.790326871,0.882651623
0.3,4,0.6,200,5,1.038109495,0.99394408,3.866099058,,3.790765234,0.882624478
0.3,3,0.6,100,10,3.35693332,0.936798531,5.151619093,,3.79177795,0.882561755
0.3,3,0.7,100,10,3.36096388,0.936649269,5.003889007,,3.79606101,0.882296297
0.1,3,0.8,300,10,3.504135083,0.931137686,5.176686398,,3.796225941,0.882286069
0.1,8,0.7,100,3,2.330916908,0.969511685,4.516548118,,3.802198363,0.88191539
0.4,5,0.7,100,1,0.436307803,0.998922316,4.026685051,,3.804838821,0.881751324
0.2,4,0.9,100,3,2.159982879,0.973811172,4.593379922,,3.805122035,0.88173372
0.1,4,0.8,300,10,2.799108048,0.956050693,4.780233268,,3.811345416,0.881346548
0.4,4,0.9,200,10,1.227365942,0.991535157,4.208083547,,3.819059913,0.880865732
0.2,6,0.8,100,5,1.863768277,0.980496209,4.237147994,,3.822831368,0.880630317
0.4,4,0.9,100,5,1.429827495,0.988501099,4.281821658,,3.827963747,0.88030958
0.1,8,0.6,200,10,2.25542412,0.971465437,4.542288581,,3.82820774,0.880294322
0.2,6,0.6,100,10,2.632056905,0.961129394,4.716350241,,3.828500076,0.880276039
0.1,7,0.6,100,5,3.154853512,0.944178248,5.047379581,,3.830960882,0.880122082
0.2,5,0.8,100,10,3.130632766,0.945023675,5.018162814,,3.834807553,0.879881222
0.2,8,0.7,100,10,2.4154826,0.967241972,4.637018414,,3.840273483,0.879538556
0.2,4,0.9,100,5,2.801850875,0.955952949,4.973510089,,3.840797634,0.879505671
0.2,4,0.6,100,1,1.703589418,0.98370327,4.470486462,,3.844493015,0.879273695
0.1,4,0.7,300,10,2.613737654,0.961689869,4.688849552,,3.848578171,0.879016991
0.3,4,0.6,100,10,2.641295006,0.960846096,4.940310328,,3.851990842,0.878802336
0.4,5,0.7,200,1,0.172922611,0.99983127,3.952880994,,3.852203451,0.878788957
0.1,5,0.6,100,1,2.424263378,0.967038625,4.602971834,,3.854701871,0.878631678
0.3,5,0.7,100,10,2.171645361,0.973528254,4.362910704,,3.858866999,0.878369252
0.4,5,0.9,100,1,0.332873445,0.99937407,3.769171502,,3.861228125,0.878220362
0.4,5,0.7,300,1,0.123587708,0.999913326,3.954338491,,3.867453707,0.877827347
0.2,4,0.9,200,10,2.36322236,0.96864772,4.712397279,,3.868097432,0.877786673
0.4,5,0.7,400,1,0.114623474,0.999924828,3.96071094,,3.870305789,0.877647086
0.1,4,0.8,100,1,2.968641443,0.95057488,4.869982541,,3.871491967,0.877572077
0.4,5,0.9,200,1,0.137079281,0.999893871,3.753755348,,3.871734555,0.877556734
0.2,6,0.9,100,10,2.97901757,0.950145251,4.883556032,,3.872462911,0.877510661
0.3,6,0.8,100,10,1.955260695,0.978517772,4.36708475,,3.877777437,0.877174224
0.4,4,0.6,100,10,2.152370586,0.97398195,4.542315625,,3.877946783,0.877163496
0.2,5,0.9,100,10,3.270117334,0.940028141,4.992092882,,3.878054551,0.877156669
0.4,5,0.9,300,1,0.115986444,0.999923453,3.76363408,,3.882531254,0.876872892
0.4,5,0.9,400,1,0.113011418,0.999926663,3.767133965,,3.88579507,0.876665794
0.4,8,0.8,100,10,1.10090181,0.993168918,3.987437256,,3.896327209,0.875996313
0.3,6,0.7,400,1,0.112909474,0.99992671,3.938854686,,3.897490864,0.875922233
0.3,6,0.7,300,1,0.115882721,0.999923414,3.936541351,,3.900266691,0.875745432
0.4,4,0.9,200,5,0.707457345,0.997182215,3.803529286,,3.900875399,0.875706644
0.3,6,0.7,100,1,0.382445461,0.999174953,4.017341652,,3.902165425,0.875624422
0.4,4,0.8,100,5,1.416211107,0.988722137,4.365041926,,3.902389648,0.875610129
0.3,6,0.7,200,1,0.140878511,0.999888007,3.944462843,,3.903468018,0.875541372
0.2,4,0.9,100,1,1.484612712,0.987615455,4.26079257,,3.910542176,0.875089857
0.2,4,0.9,400,1,0.303988002,0.999478558,3.634028522,,3.911652306,0.875018928
0.1,7,0.8,100,5,3.339480757,0.937422124,5.055314356,,3.914292027,0.874850187
0.1,7,0.7,100,3,2.565776038,0.963060484,4.770406483,,3.914926782,0.874809595
0.4,4,0.9,300,10,0.824365228,0.99618176,3.975127202,,3.917106859,0.874670128
0.1,6,0.6,200,5,1.795444088,0.981912736,4.302466051,,3.920396891,0.874459507
0.1,6,0.6,100,1,2.006476341,0.977402184,4.261806995,,3.921954693,0.874359718
0.2,4,0.6,100,5,2.684055472,0.959579588,5.028550289,,3.925372629,0.874140635
0.2,4,0.9,200,1,0.698408508,0.997254113,3.780905489,,3.926501715,0.874068221
0.2,4,0.6,100,3,2.240201594,0.971828357,4.617609975,,3.926501816,0.874068214
0.3,4,0.8,100,5,1.917159981,0.979373954,4.350979361,,3.927007867,0.874035752
0.4,4,0.6,100,3,1.209291821,0.991762879,4.274742676,,3.928148154,0.873962588
0.2,4,0.9,300,1,0.42747341,0.998970586,3.695271743,,3.929271766,0.873890474
0.1,8,0.8,200,10,2.541941685,0.963732718,4.748488121,,3.935926699,0.873462934
0.1,5,0.8,100,3,3.214665542,0.942040002,5.013919528,,3.93630322,0.873438723
0.1,5,0.6,100,3,3.176508364,0.943406869,4.995217412,,3.938478592,0.873298798
0.4,4,0.8,400,5,0.343424008,0.999333772,3.737542504,,3.938968465,0.873267277
0.4,4,0.8,300,5,0.467580501,0.99876748,3.786829085,,3.941230532,0.873121676
0.1,4,0.9,100,1,2.907845245,0.952585194,4.801522545,,3.941606441,0.873097472
0.4,4,0.8,200,5,0.71519903,0.997119109,3.888571391,,3.945470906,0.872848512
0.2,4,0.7,400,1,0.359121914,0.999273144,3.563164242,,3.945884902,0.872821826
0.1,3,0.9,200,5,3.625688245,0.926292704,5.180371777,,3.94595323,0.872817422
0.3,4,0.6,300,3,0.536614009,0.998378964,3.677982814,,3.951887959,0.872434568
0.3,4,0.6,400,3,0.400315126,0.999096535,3.599127778,,3.951931878,0.872431733
0.2,4,0.7,300,1,0.487169602,0.998663001,3.619350843,,3.952719817,0.872380858
0.2,4,0.7,200,1,0.767453871,0.996683844,3.731239931,,3.957701732,0.872058959
0.3,4,0.6,200,3,0.822128605,0.996198814,3.830394567,,3.959589346,0.871936888
0.1,6,0.9,200,10,2.933014505,0.951727144,4.994777028,,3.96340917,0.871689683
0.4,4,0.9,100,10,2.316130435,0.969862427,4.745971986,,3.970235756,0.871247299
0.3,4,0.7,200,3,0.750428923,0.996832643,4.029422831,,3.970289154,0.871243835
0.4,4,0.9,300,5,0.447983883,0.998868342,3.666360091,,3.971218568,0.871183547
0.4,4,0.7,400,3,0.266768758,0.999598538,3.799140585,,3.974015196,0.871002051
0.4,4,0.9,400,10,0.614750705,0.997873978,3.847115118,,3.977018409,0.870807007
0.4,4,0.6,300,3,0.388704835,0.999145837,3.789105388,,3.977472315,0.870777515
0.4,4,0.7,400,5,0.358912742,0.999273946,3.566674221,,3.978162771,0.870732647
0.4,4,0.7,300,5,0.469684516,0.998756322,3.638652723,,3.97838005,0.870718526
0.4,4,0.9,400,5,0.317374813,0.999431732,3.601449115,,3.980267937,0.8705958
0.2,8,0.8,100,10,2.530892695,0.964036848,4.793057839,,3.984300488,0.870333459
0.1,6,0.8,200,10,2.859644605,0.954137285,4.950676501,,3.987334316,0.870135916
0.4,4,0.7,200,5,0.716658906,0.997109071,3.768332589,,3.987903596,0.870098831
0.1,3,0.9,100,1,3.937137322,0.91309044,5.266625757,,3.994860606,0.869645203
0.4,4,0.6,400,3,0.291141317,0.999520475,3.743701977,,3.996394796,0.869545061
0.4,4,0.7,300,3,0.357653776,0.999279278,3.810698802,,3.997482915,0.869474012
0.1,3,0.8,200,5,3.561767325,0.928863435,5.135529102,,3.997696972,0.869460033
0.1,5,0.7,200,10,2.981296151,0.950144894,4.795746287,,3.999102643,0.869368216
0.4,4,0.7,200,3,0.548818402,0.998302264,3.880394974,,4.004090805,0.869042133
0.4,4,0.6,200,3,0.597077849,0.997986479,3.907187993,,4.004788523,0.86899649
0.4,4,0.7,100,3,1.116840998,0.992983365,4.116676786,,4.013589853,0.868420044
0.1,6,0.9,100,3,3.011798774,0.94911448,4.980554024,,4.013741903,0.868410074
0.2,4,0.7,100,1,1.600361942,0.985616147,4.235333418,,4.01550852,0.868294212
0.1,4,0.7,100,1,3.011402221,0.949131059,4.893585277,,4.016297862,0.868242427
0.4,4,0.6,100,5,1.505401654,0.987247392,4.232251296,,4.017903357,0.868137067
0.3,4,0.7,300,3,0.496394202,0.998613667,3.911420596,,4.019135549,0.868056177
0.1,3,0.6,200,5,3.461325352,0.932822682,5.087574492,,4.021489739,0.867901561
0.3,4,0.7,100,10,2.670856867,0.959979972,4.695566913,,4.022106395,0.867861045
0.1,3,0.6,300,10,3.343085605,0.93733101,5.102022912,,4.022730884,0.867820009
0.1,4,0.9,300,10,3.003411552,0.949389294,4.960766168,,4.024897146,0.867677612
0.3,4,0.7,100,3,1.507764791,0.987232991,4.447536125,,4.037158796,0.866870156
0.3,4,0.7,400,3,0.37459963,0.999210296,3.85755328,,4.040238946,0.866666936
0.1,5,0.9,100,3,3.262214917,0.940307547,5.062801654,,4.04675996,0.866236185
0.3,5,0.6,100,3,1.119811072,0.992948402,3.983176269,,4.047970476,0.866156147
0.3,4,0.9,100,10,3.024299495,0.948650045,5.127365356,,4.049371618,0.866063475
0.1,3,0.8,100,1,3.972219238,0.911536836,5.417013795,,4.054414463,0.865729674
0.1,7,0.9,100,5,3.414642278,0.93458303,5.187226078,,4.05702791,0.865556519
0.3,8,0.9,400,1,0.112306859,0.999927119,4.020734245,,4.075924876,0.864301171
0.3,8,0.9,300,1,0.112316992,0.999927119,4.020749531,,4.0759559,0.864299106
0.3,8,0.9,200,1,0.112565109,0.999926992,4.021305083,,4.076066046,0.864291771
0.3,8,0.9,100,1,0.143439931,0.999883825,4.042636345,,4.082029758,0.86389437
0.3,4,0.8,100,10,2.839203134,0.95476568,5.044137641,,4.088114081,0.863488333
0.3,4,0.8,100,1,0.98051853,0.994594619,3.777659871,,4.09767759,0.86284889
0.3,4,0.6,100,5,1.95786987,0.978477688,4.328840615,,4.104995551,0.862358582
0.1,4,0.9,200,5,2.785703679,0.956482561,4.804689579,,4.105524784,0.862323089
0.1,5,0.6,200,10,2.917501048,0.952260863,4.785667943,,4.108958086,0.862092724
0.4,4,0.7,100,5,1.415067501,0.988746299,4.185735385,,4.114647194,0.861710577
0.1,6,0.7,200,10,2.750875162,0.957545296,4.747796893,,4.128821061,0.860756196
0.4,4,0.9,400,3,0.21906499,0.999728622,3.647273334,,4.135030635,0.860337047
0.4,4,0.8,100,3,1.031762293,0.994005783,3.996413565,,4.140293097,0.859981336
0.1,3,0.9,300,10,3.667760352,0.924560488,5.171638915,,4.140613816,0.859959642
0.3,4,0.8,200,1,0.4592763,0.998811609,3.554167534,,4.144285788,0.859711152
0.3,4,0.8,300,1,0.291985801,0.999518498,3.554828429,,4.144732919,0.859680878
0.3,4,0.8,400,1,0.211055254,0.999748276,3.568773326,,4.147540425,0.859490719
0.4,4,0.9,300,3,0.301533424,0.999486199,3.668629328,,4.149141991,0.859382183
0.3,4,0.6,100,3,1.625127864,0.985156699,4.312468564,,4.150080996,0.859318528
0.4,4,0.8,200,3,0.504315862,0.998566772,3.698865111,,4.150544588,0.859287096
0.3,5,0.6,200,3,0.485890835,0.998670726,3.720783832,,4.156026321,0.858915165
0.4,3,0.9,200,1,0.701201884,0.997231913,4.041770943,,4.167449353,0.858138542
0.4,4,0.8,300,3,0.330877572,0.999381603,3.623512616,,4.169571468,0.85799403
0.4,4,0.9,100,3,1.062454988,0.993653464,3.99871589,,4.169629833,0.857990055
0.1,6,0.6,100,3,2.84261426,0.954667188,4.870666053,,4.171669209,0.857851106
0.3,5,0.6,300,3,0.29267864,0.99951639,3.624799372,,4.177081751,0.857482004
0.2,6,0.7,100,10,2.764273531,0.957107829,4.897128213,,4.179344407,0.857327563
0.4,3,0.9,100,1,1.30047897,0.990500358,4.294868577,,4.179884804,0.857290665
0.4,8,0.8,200,3,0.116693636,0.999922364,3.783042453,,4.180303988,0.85726204
0.4,8,0.8,100,3,0.262114315,0.999611206,3.787416546,,4.181791274,0.857160454
0.4,8,0.8,300,3,0.112588592,0.999926968,3.782645426,,4.182478338,0.857113513
0.4,4,0.8,400,3,0.245482496,0.999659013,3.601495886,,4.182503026,0.857111826
0.4,8,0.8,400,3,0.112348569,0.999927114,3.782764919,,4.183075893,0.857072682
0.4,4,0.9,200,3,0.4846346,0.998677857,3.728651463,,4.183629567,0.857034843
0.3,5,0.6,400,3,0.206550289,0.999759095,3.598268584,,4.194141193,0.856315523
0.3,4,0.7,100,1,1.027024811,0.994071855,4.119139335,,4.20554301,0.855533246
0.3,4,0.6,400,1,0.251708198,0.999641729,3.392342387,,4.21441596,0.854923004
0.1,8,0.9,100,5,3.206384582,0.942293342,5.01005869,,4.214900238,0.854889661
0.3,4,0.6,200,1,0.545409,0.998325567,3.448266467,,4.217929128,0.854681029
0.3,4,0.6,100,1,1.14497772,0.992636236,3.720770584,,4.218774149,0.854622797
0.3,4,0.6,300,1,0.342737247,0.999337919,3.409784796,,4.221636761,0.854425441
0.1,4,0.6,100,1,3.100495168,0.946071195,5.044132413,,4.222298196,0.854379821
0.1,3,0.7,200,5,3.456535155,0.933007514,5.051391235,,4.224369938,0.854236884
0.4,5,0.7,100,3,0.75110162,0.996816518,4.161227448,,4.228876355,0.853925728
0.1,6,0.7,100,3,2.855403699,0.954250743,4.918948088,,4.23501081,0.853501626
0.2,5,0.7,100,10,2.993051373,0.949745624,4.957596015,,4.236830609,0.853375697
0.3,4,0.7,200,1,0.480642241,0.998699508,3.883291843,,4.241834873,0.853029127
0.4,3,0.9,300,1,0.479643448,0.998700147,3.97175885,,4.253503359,0.852219437
0.2,5,0.6,100,10,2.929982523,0.951835413,4.965565373,,4.263898049,0.851496263
0.1,6,0.6,200,10,2.631982058,0.961144139,4.760370471,,4.265487074,0.851385557
0.1,8,0.7,100,5,3.049407384,0.947845119,4.789855056,,4.26666922,0.851303171
0.3,4,0.7,400,1,0.219844695,0.999727156,3.766752611,,4.272459461,0.850899308
0.4,8,0.8,100,1,0.119019532,0.999919184,3.715232587,,4.278071396,0.850507359
0.4,8,0.8,200,1,0.112342839,0.999927111,3.717522851,,4.278077731,0.850506917
0.4,8,0.8,300,1,0.112307799,0.999927119,3.717703949,,4.278082497,0.850506583
0.4,8,0.8,400,1,0.112306196,0.999927119,3.717710664,,4.278089097,0.850506122
0.3,4,0.7,300,1,0.30533199,0.999474766,3.806434273,,4.27960834,0.850399926
0.4,3,0.9,400,1,0.365003563,0.999243417,3.922850059,,4.2821606,0.850221437
0.4,5,0.7,200,3,0.310218739,0.999457387,3.968333889,,4.292822992,0.849474624
0.4,3,0.9,100,3,1.697764071,0.983810781,4.377817585,,4.304967743,0.848621722
0.4,5,0.7,300,3,0.188248829,0.999800022,3.941085016,,4.327964867,0.847000078
0.1,6,0.8,100,3,2.909999442,0.952512542,4.861702451,,4.331511656,0.846749206
0.4,5,0.7,400,3,0.14186914,0.999886451,3.945796131,,4.337249762,0.846342904
0.3,4,0.9,400,1,0.188974836,0.999797631,3.738241758,,4.347588031,0.845609517
0.1,8,0.8,100,5,3.126709492,0.945145472,4.96506165,,4.352382118,0.845268836
0.2,6,0.8,100,10,2.887455691,0.953219515,4.936687352,,4.353457039,0.845192398
0.3,4,0.9,300,1,0.254512937,0.999633639,3.758160344,,4.355377032,0.845055819
0.4,3,0.9,200,3,0.951211033,0.994908029,3.852371512,,4.359733638,0.844745688
0.3,4,0.9,100,1,0.936430182,0.995070497,4.037936417,,4.362837467,0.844524549
0.1,3,0.7,100,1,3.988054361,0.910829038,5.448951394,,4.365932056,0.844303911
0.3,4,0.9,200,1,0.40598937,0.999071535,3.818595582,,4.367627189,0.844182985
0.1,6,0.9,100,5,3.625879639,0.926263649,5.04890011,,4.388617611,0.842681702
0.4,8,0.9,400,1,0.112306133,0.999927119,3.756395503,,4.40703375,0.841358609
0.4,8,0.9,300,1,0.112306701,0.999927119,3.75639145,,4.407035088,0.841358512
0.4,8,0.9,200,1,0.112329928,0.999927117,3.756254891,,4.407044362,0.841357845
0.4,8,0.9,100,1,0.116748949,0.999922191,3.752661088,,4.408477538,0.841254647
0.1,5,0.6,100,5,3.693311837,0.923515301,5.107670972,,4.419052533,0.840492141
0.4,3,0.8,100,3,1.743650801,0.982925551,4.137442292,,4.420004074,0.840423441
0.1,4,0.6,200,10,3.387754588,0.935643998,5.045767639,,4.421585766,0.840309212
0.1,7,0.7,100,5,3.268193837,0.940089916,5.077774129,,4.422296682,0.840257857
0.4,3,0.9,300,3,0.671780098,0.997458939,3.780061915,,4.432532875,0.839517497
0.1,5,0.8,100,5,3.809416284,0.918601087,5.213330881,,4.464651934,0.837183291
0.1,4,0.8,200,10,3.642866191,0.925579271,5.164741296,,4.482398179,0.835886381
0.1,4,0.8,100,3,3.742999988,0.921425384,5.218733119,,4.491926171,0.835187944
0.1,3,0.6,100,1,4.04587745,0.908204914,5.399646353,,4.50207488,0.834442376
0.4,3,0.9,400,3,0.519797039,0.998476606,3.727905723,,4.502979027,0.834375872
0.1,5,0.9,100,5,3.860592956,0.916409013,5.326163766,,4.513620486,0.833592139
0.3,8,0.8,300,1,0.11233568,0.999927117,3.98352862,,4.517484135,0.833307128
0.3,8,0.8,400,1,0.112309708,0.999927119,3.983647948,,4.517491507,0.833306584
0.3,8,0.8,200,1,0.112776661,0.99992681,3.982650353,,4.517598781,0.833298667
0.1,3,0.7,200,10,4.143445683,0.903730823,5.351596453,,4.525334497,0.832727276
0.3,8,0.8,100,1,0.151925121,0.999869605,3.984379149,,4.526277161,0.83265758
0.4,4,0.7,200,1,0.340100473,0.999346158,3.513836506,,4.542829537,0.831431416
0.4,3,0.8,100,1,1.324261222,0.99014314,4.081995214,,4.551818215,0.830763679
0.2,4,0.6,100,10,3.424913375,0.934203986,5.042810581,,4.553747285,0.830620203
0.4,4,0.6,100,1,0.839327242,0.996030262,3.791509756,,4.557354964,0.830351716
0.4,4,0.7,400,1,0.159725416,0.99985576,3.466124086,,4.558111579,0.830295382
0.2,3,0.7,100,10,4.199128376,0.901118088,5.289621687,,4.558794624,0.830244516
0.4,4,0.7,300,1,0.210373068,0.999749934,3.477270404,,4.56044591,0.830121517
0.4,4,0.7,100,1,0.75112491,0.996815507,3.665979598,,4.563110849,0.829922918
0.1,6,0.8,100,5,3.579144823,0.928148005,5.219856358,,4.563197412,0.829916465
0.2,3,0.8,100,10,4.336945693,0.894530599,5.440263368,,4.573016904,0.829183676
0.4,3,0.8,200,3,0.981004493,0.994587761,3.702208529,,4.578622161,0.828764672
0.1,4,0.7,200,10,3.452824307,0.933135096,5.100805959,,4.585161361,0.828275206
0.1,5,0.7,100,3,3.195140976,0.94274179,4.913373367,,4.631674761,0.824773467
0.4,4,0.6,200,1,0.387013343,0.99915378,3.626834478,,4.633827477,0.824610545
0.4,4,0.6,400,1,0.180708842,0.999814771,3.607284406,,4.652154744,0.823220435
0.4,4,0.6,300,1,0.242413233,0.999667032,3.591776193,,4.656119661,0.822918977
0.2,4,0.8,100,10,3.655436075,0.925064765,5.310749964,,4.656932323,0.822857157
0.1,3,0.8,200,10,4.290954755,0.896761792,5.495578316,,4.673884946,0.821565104
0.2,4,0.7,100,10,3.481126496,0.932024068,5.121466584,,4.694518878,0.819986143
0.1,4,0.6,100,3,3.711300498,0.922738485,5.04990275,,4.695581854,0.819904613
0.1,4,0.7,100,3,3.702506113,0.923114968,5.160708447,,4.706919156,0.819033896
0.4,3,0.7,100,3,1.793803891,0.981924487,4.332840936,,4.719698372,0.818049922
0.1,4,0.9,200,10,3.784932764,0.919652635,5.203203096,,4.720202797,0.818011027
0.4,3,0.8,300,3,0.7112293,0.997152466,3.613499162,,4.721165202,0.817936808
0.2,3,0.9,100,10,4.377302847,0.892567361,5.33703213,,4.721187328,0.817935102
0.4,3,0.7,200,3,1.010916167,0.994254199,3.912067464,,4.730949183,0.817181423
0.4,3,0.7,300,3,0.724354301,0.997046254,3.735405482,,4.731026554,0.817175443
0.4,3,0.7,400,3,0.565644088,0.998197747,3.635955893,,4.743506673,0.816209614
0.2,3,0.6,100,10,4.135472266,0.904109604,5.182396637,,4.748527449,0.815820342
0.4,3,0.8,400,3,0.556924691,0.998251298,3.535670859,,4.761351603,0.814824185
0.4,3,0.8,200,1,0.734474916,0.996956923,3.822142724,,4.766823354,0.814398332
0.1,7,0.9,100,10,4.035738136,0.908680633,5.361833364,,4.817395957,0.810439238
0.4,4,0.8,400,1,0.153505039,0.999866523,3.855710049,,4.81944614,0.810277858
0.4,4,0.8,100,1,0.693620543,0.997285526,3.95637683,,4.820103355,0.810226111
0.4,4,0.8,300,1,0.19835211,0.999777035,3.847643552,,4.823209893,0.809981415
0.4,3,0.8,300,1,0.515779995,0.998495357,3.774393223,,4.823308252,0.809973664
0.4,4,0.8,200,1,0.313482733,0.999443883,3.841857128,,4.824463691,0.809882611
0.1,7,0.6,100,10,4.05517374,0.907779075,5.27313207,,4.833046357,0.809205576
0.1,6,0.7,100,5,3.463056694,0.932744745,5.125357292,,4.853231867,0.807608519
0.4,3,0.8,400,1,0.398459632,0.999100585,3.736743556,,4.864817028,0.806688906
0.1,3,0.7,100,3,4.557941274,0.883520843,5.495702034,,4.867092604,0.806508017
0.2,4,0.9,100,10,3.805253849,0.91877033,5.30835914,,4.871746406,0.806137815
0.1,3,0.9,100,3,4.594929243,0.881636095,5.537535778,,4.879252491,0.805539973
0.1,4,0.9,100,3,3.804551694,0.918831051,5.210105871,,4.880362025,0.805451523
0.1,3,0.6,200,10,4.097677648,0.905860312,5.372589551,,4.880434998,0.805445705
0.4,3,0.7,200,1,0.77469392,0.99662049,3.708656327,,4.884236941,0.805142465
0.1,3,0.8,100,3,4.558321749,0.883509757,5.618357537,,4.887770436,0.804860424
0.4,3,0.7,100,1,1.389438288,0.989147599,4.054383938,,4.897390716,0.804091507
0.4,3,0.6,100,1,1.47634214,0.98773506,3.987212106,,4.900279173,0.803860347
0.1,5,0.7,100,5,3.758528501,0.920780545,5.086073957,,4.900945193,0.803807027
0.1,8,0.9,100,10,3.872710409,0.915870275,5.2626115,,4.907529084,0.803279544
0.01,7,0.9,400,1,4.397783806,0.891569027,5.35542097,,4.915094612,0.802672542
0.4,3,0.6,200,1,0.815669303,0.996252961,3.637393401,,4.947111833,0.800093363
0.4,3,0.7,300,1,0.54429681,0.99832999,3.67490423,,4.948198203,0.800005556
0.1,4,0.6,100,5,4.15915569,0.902984048,5.342844549,,4.948656422,0.799968514
0.01,8,0.7,400,1,4.172315337,0.90240265,5.249107324,,4.948857686,0.799952243
0.01,8,0.9,400,1,4.176417232,0.902212519,5.232989799,,4.969122638,0.798310547
0.4,3,0.6,300,1,0.575483209,0.998131102,3.54441356,,4.974162715,0.797901201
0.1,3,0.9,200,10,4.375358502,0.8926598,5.384647177,,4.978628016,0.79753819
0.01,8,0.8,400,1,4.182257775,0.90193734,5.261370364,,4.983031191,0.797179911
0.1,7,0.8,100,10,4.063715812,0.907360443,5.450107679,,4.985793609,0.796954976
0.4,3,0.7,400,1,0.416930219,0.999018399,3.639719726,,5.003275788,0.795528566
0.01,7,0.8,400,1,4.404017783,0.891273263,5.3228066,,5.012477863,0.794775743
0.01,8,0.6,400,1,4.1794691,0.902070441,5.219006718,,5.017312117,0.794379697
0.1,3,0.6,100,3,4.517912661,0.885564443,5.489098353,,5.031607458,0.79320632
0.1,4,0.8,100,5,4.275881511,0.897476999,5.472217704,,5.063482593,0.790577953
0.4,3,0.6,400,1,0.440123853,0.998904815,3.499913718,,5.081086884,0.78911922
0.01,7,0.6,400,1,4.389929674,0.891947412,5.315294966,,5.08337562,0.788929198
0.4,4,0.9,100,1,0.665665834,0.997501711,4.027719861,,5.098446877,0.787675772
0.1,6,0.6,100,5,3.390943075,0.935512742,5.144240543,,5.098686264,0.787655833
0.4,4,0.9,400,1,0.145330909,0.999880596,3.986398904,,5.105985475,0.787047419
0.1,5,0.9,100,10,4.442395786,0.889338372,5.485785392,,5.111942322,0.786550252
0.4,4,0.9,300,1,0.183632127,0.999808781,3.969573514,,5.11728677,0.786103702
0.4,4,0.9,200,1,0.284547444,0.999540361,3.952397359,,5.121524222,0.785749315
0.1,5,0.8,100,10,4.449513071,0.888961727,5.394640777,,5.12630026,0.785349533
0.1,8,0.7,100,10,3.936681116,0.913065893,5.261231815,,5.15185309,0.783204283
0.1,7,0.7,100,10,4.10692778,0.90541104,5.260004397,,5.18749327,0.780194351
0.01,6,0.6,400,1,4.673106453,0.877573493,5.424428087,,5.19686554,0.779399385
0.01,6,0.9,400,1,4.690396871,0.876669368,5.507301636,,5.225849886,0.776931823
0.01,7,0.7,400,1,4.394184416,0.891748613,5.368749661,,5.234254451,0.776213739
0.1,6,0.9,100,10,4.221566109,0.900060234,5.514473044,,5.240224438,0.775702964
0.1,8,0.8,100,10,3.9245055,0.913601847,5.343681107,,5.275839342,0.772643758
0.1,6,0.8,100,10,4.250685161,0.898676362,5.515145935,,5.322730876,0.768584324
0.1,5,0.7,100,10,4.442804714,0.889278542,5.371580096,,5.343480138,0.766776582
0.1,4,0.7,100,5,4.228612572,0.899699909,5.35577525,,5.370942939,0.764373119
0.1,8,0.6,100,10,3.919209837,0.913848661,5.270691573,,5.402258036,0.76161748
0.1,3,0.9,100,5,4.954508603,0.86238504,5.692352482,,5.493352257,0.753510369
0.1,6,0.7,100,10,4.253556869,0.898522154,5.407110607,,5.501966304,0.752736729
0.1,3,0.6,100,5,4.841874119,0.868555572,5.584378964,,5.512250346,0.751811517
0.01,6,0.8,400,1,4.690825886,0.876647833,5.470495494,,5.515004974,0.751563402
0.01,5,0.9,400,1,5.048574132,0.857122484,5.58092249,,5.545366461,0.74882046
0.01,5,0.6,400,1,5.04827125,0.857129241,5.555825763,,5.564512617,0.747083001
0.01,5,0.7,400,1,5.065824539,0.856131028,5.517742763,,5.574440772,0.746179691
0.01,6,0.7,400,1,4.673851272,0.877529218,5.41715529,,5.597485602,0.744076759
0.01,5,0.8,400,1,5.057482317,0.856604655,5.62936708,,5.61126473,0.742815214
0.1,4,0.9,100,5,4.353997947,0.893690009,5.488264222,,5.627230037,0.741349635
0.1,3,0.8,100,5,4.950132489,0.862625639,5.766135881,,5.647167055,0.739513615
0.01,7,0.9,300,1,5.260551463,0.844855327,5.649158276,,5.666383872,0.737737774
0.01,7,0.8,300,1,5.262104631,0.844777211,5.667040824,,5.700301119,0.734588734
0.1,3,0.7,100,5,4.907780955,0.864955614,5.714724228,,5.718362603,0.732904151
0.01,8,0.7,300,1,5.065497093,0.856149385,5.60575242,,5.737167861,0.731144534
0.01,8,0.8,300,1,5.08113219,0.855261221,5.591293818,,5.757906373,0.729197322
0.1,5,0.6,100,10,4.412578399,0.890808564,5.377116139,,5.799634143,0.725258065
0.01,8,0.9,300,1,5.07305789,0.855712697,5.580323303,,5.811448999,0.724137531
0.01,8,0.6,300,1,5.077834582,0.855447807,5.540955338,,5.817713516,0.723542472
0.1,6,0.6,100,10,4.20558035,0.90080959,5.36634659,,5.818341769,0.72348276
0.1,3,0.7,100,10,5.378341724,0.837815822,5.789895084,,5.828827727,0.72248517
0.01,7,0.6,300,1,5.245086845,0.845756708,5.641945253,,5.85718603,0.719778281
0.01,4,0.7,400,1,5.509895862,0.829814145,5.81290749,,5.866827818,0.718854949
0.01,4,0.8,400,1,5.504518197,0.830138956,5.806964578,,5.870936561,0.71846102
0.01,8,0.6,400,3,5.102397534,0.854042194,5.622099142,,5.891040686,0.716529545
0.01,6,0.6,300,1,5.485036124,0.831340203,5.741480687,,5.932389004,0.712536308
0.1,4,0.6,100,10,4.84536892,0.86833292,5.518886849,,5.936359331,0.712151401
0.01,4,0.6,400,1,5.510174301,0.82978794,5.799299633,,5.963615067,0.709502122
0.01,6,0.9,300,1,5.507083555,0.829984592,5.802776209,,5.970125488,0.708867509
0.1,4,0.9,100,10,4.906619286,0.865014587,5.614716629,,5.984992163,0.70741576
0.01,7,0.7,300,1,5.245863119,0.845727164,5.680281582,,5.994904317,0.70644582
0.01,7,0.7,400,3,5.250048418,0.845479557,5.674903531,,6.019187862,0.704062805
0.1,4,0.8,100,10,4.906914198,0.864993116,5.576632064,,6.057490104,0.700284513
0.1,3,0.8,100,10,5.380370403,0.837695983,5.881751266,,6.060882354,0.699948733
0.01,8,0.7,400,3,5.111673554,0.853513623,5.620795791,,6.094494933,0.696611442
0.01,8,0.8,400,3,5.129119936,0.85252319,5.603489656,,6.104561812,0.69560834
0.01,4,0.9,400,1,5.537942689,0.828075679,5.806174453,,6.12974136,0.693092107
0.01,7,0.9,400,3,5.271993011,0.84418185,5.653861804,,6.176889193,0.688352693
0.1,4,0.7,100,10,4.881417723,0.866385452,5.490068895,,6.199626011,0.686054154
0.1,3,0.6,100,10,5.400448167,0.836487803,5.826851162,,6.211505496,0.68484986
0.01,7,0.6,400,3,5.234699903,0.846377229,5.699449099,,6.223664736,0.683614817
0.01,8,0.9,400,3,5.101968649,0.854071697,5.625189547,,6.225647146,0.68341323
0.1,3,0.9,100,10,5.347275236,0.839680076,5.754564111,,6.24068146,0.681882333
0.01,6,0.6,400,3,5.443520593,0.83388883,5.646528361,,6.261428331,0.679763681
0.01,5,0.9,300,1,5.835170474,0.80913879,5.902525402,,6.273303104,0.678547875
0.01,6,0.8,300,1,5.506011813,0.830053031,5.755558472,,6.290631755,0.676769538
0.01,3,0.7,400,1,6.1555681,0.787588301,6.059532515,,6.298672163,0.675942732
0.01,5,0.9,400,3,5.722268388,0.816446406,5.836093815,,6.303655774,0.67542973
0.01,3,0.8,400,1,6.15592818,0.78756852,6.081472768,,6.309778238,0.674798943
0.01,5,0.6,300,1,5.845164998,0.808469457,5.927417576,,6.339462374,0.671731951
0.01,7,0.8,400,3,5.271718554,0.844214107,5.660894761,,6.341658329,0.671504491
0.01,5,0.8,300,1,5.844912938,0.808482302,5.959585009,,6.344680436,0.671191328
0.01,6,0.7,400,3,5.456262037,0.833110238,5.708392898,,6.36117703,0.669479256
0.01,6,0.9,400,3,5.469978362,0.832267285,5.728199373,,6.368831989,0.668683289
0.01,3,0.9,400,1,6.143742744,0.788407063,6.139072033,,6.375299898,0.668010005
0.01,6,0.7,300,1,5.476275128,0.831874588,5.726969087,,6.379272327,0.667596153
0.01,5,0.7,300,1,5.849432187,0.808186679,5.892868368,,6.381392203,0.667375196
0.01,6,0.8,400,3,5.462186501,0.832745307,5.813228061,,6.394140272,0.666044903
0.01,3,0.6,400,1,6.17462303,0.786272693,6.061448988,,6.397175965,0.66572773
0.01,5,0.6,400,3,5.700721996,0.817807152,5.811018814,,6.438156926,0.661431247
0.01,5,0.8,400,3,5.727713148,0.816089149,5.858302628,,6.445220017,0.660687974
0.01,5,0.7,400,3,5.727255791,0.816112486,5.840269975,,6.50103577,0.654785628
0.01,8,0.8,400,5,5.673931977,0.8195252,5.776755092,,6.548714659,0.649703424
0.01,4,0.7,300,1,6.270240978,0.779605615,6.17502303,,6.592371214,0.6450174
0.01,4,0.7,400,3,6.116723265,0.790260643,6.028782009,,6.65986675,0.637711259
0.01,7,0.8,400,5,5.7674695,0.81352459,5.860271542,,6.686979192,0.634755487
0.01,4,0.6,300,1,6.275668375,0.779207727,6.133489658,,6.688609319,0.634577389
0.01,8,0.6,400,5,5.679160941,0.819192304,5.759747282,,6.689434383,0.634487231
0.01,4,0.8,400,3,6.110150883,0.79070706,6.003962631,,6.698670548,0.6334772
0.01,8,0.9,400,5,5.660332554,0.820392756,5.795071862,,6.711667819,0.63205351
0.01,8,0.6,300,3,5.988832106,0.798929056,5.961470852,,6.715542586,0.631628543
0.01,4,0.8,300,1,6.262766579,0.780117697,6.160642351,,6.720113822,0.631126875
0.01,8,0.7,400,5,5.673588194,0.819537965,5.80715368,,6.748651693,0.627987283
0.01,4,0.6,400,3,6.11585141,0.790316971,6.015384594,,6.776336375,0.624928842
0.01,4,0.9,400,3,6.138784665,0.788746532,6.07862992,,6.789680303,0.623450211
0.01,7,0.6,400,5,5.776692104,0.81291609,5.836555728,,6.831506619,0.618796619
0.01,7,0.7,300,3,6.095353456,0.791720425,5.983125974,,6.845497971,0.617233563
0.01,7,0.9,200,1,6.549316521,0.759538797,6.232724396,,6.851888654,0.616518559
0.01,7,0.8,200,1,6.556024,0.759048134,6.292784991,,6.853944279,0.616288429
0.01,7,0.7,400,5,5.78249347,0.812543112,5.864770929,,6.86653161,0.614877755
0.01,8,0.8,200,1,6.394014726,0.770808435,6.218862716,,6.881526013,0.61319394
0.01,6,0.6,400,5,5.920251792,0.803511827,5.876870617,,6.899529695,0.611167343
0.01,7,0.9,400,5,5.767926378,0.81348477,5.908207843,,6.901447678,0.610951131
0.01,4,0.9,300,1,6.298751698,0.777599303,6.159139814,,6.907888878,0.610224585
0.01,8,0.7,200,1,6.393890308,0.770816725,6.221783722,,6.909665588,0.610024058
0.01,8,0.7,300,3,5.990445853,0.798818462,5.980817856,,6.930273482,0.607694404
0.01,8,0.8,300,3,6.010116207,0.7975055,5.985710614,,6.93699167,0.606933435
0.01,6,0.8,400,5,5.927260836,0.803037943,5.912237132,,6.946844065,0.605816122
0.01,6,0.7,400,5,5.929882139,0.802868328,5.945398026,,6.95663626,0.604704064
0.01,5,0.7,400,5,6.1579936,0.787405075,5.998938965,,6.974863681,0.602629882
0.01,6,0.9,400,5,5.944889424,0.801884506,6.009558637,,6.979370322,0.602116214
0.01,7,0.6,200,1,6.556187639,0.75903065,6.285435857,,6.983703865,0.601621962
0.01,8,0.9,200,1,6.392793455,0.770889158,6.24311148,,6.99267195,0.600598155
0.01,6,0.6,300,3,6.260875812,0.780258308,5.990100465,,7.012452338,0.598335359
0.01,7,0.9,300,3,6.140424997,0.788630881,6.035439923,,7.012513339,0.598328371
0.01,3,0.7,300,1,6.947286315,0.729440567,6.532865739,,7.021505357,0.597297598
0.01,7,0.6,300,3,6.087556364,0.792241384,6.024739464,,7.026867966,0.596682242
0.01,3,0.7,400,3,6.686593111,0.749360244,6.342286528,,7.027122987,0.596652967
0.01,5,0.9,400,5,6.172515201,0.786404649,6.061759656,,7.044910376,0.59460844
0.01,5,0.6,400,5,6.127495258,0.789502221,5.917344695,,7.04601622,0.594481161
0.01,8,0.6,200,1,6.411536905,0.769554425,6.17876509,,7.067610031,0.591991779
0.01,6,0.6,200,1,6.748175015,0.74472573,6.360367793,,7.070425837,0.591666605
0.01,8,0.9,300,3,5.984968988,0.799203972,5.934015941,,7.073430382,0.591319492
0.01,3,0.8,300,1,6.975674898,0.727229814,6.571325746,,7.075962882,0.5910268
0.01,6,0.9,300,3,6.283049857,0.778700009,6.13350015,,7.097787802,0.588500056
0.01,6,0.9,200,1,6.766323489,0.743359867,6.434699177,,7.104983948,0.587665229
0.01,3,0.9,300,1,6.982208321,0.726722429,6.629433421,,7.107184597,0.587409762
0.01,3,0.9,400,3,6.700547587,0.748321288,6.353454044,,7.109989577,0.587084025
0.01,7,0.8,300,3,6.12122203,0.789962073,5.998822147,,7.119545524,0.585973347
0.01,6,0.7,300,3,6.256878545,0.78053531,6.037986142,,7.120897793,0.585816053
0.01,3,0.6,400,3,6.667514246,0.750791684,6.2506039,,7.126907045,0.585116707
0.01,3,0.8,400,3,6.683882574,0.749560888,6.343704272,,7.127868574,0.585004752
0.01,5,0.9,300,3,6.529968362,0.760970998,6.222139114,,7.139591582,0.583638567
0.01,6,0.8,300,3,6.265037125,0.779966818,6.118949457,,7.145651585,0.582931461
0.01,7,0.7,200,1,6.542735577,0.76003333,6.311570172,,7.156448596,0.581670136
0.01,3,0.6,300,1,6.959634618,0.728483388,6.52671183,,7.161543462,0.581074284
0.01,5,0.6,300,3,6.501266578,0.763054085,6.164812916,,7.17652356,0.579319882
0.01,4,0.8,400,5,6.493702936,0.763593792,6.211289775,,7.186876625,0.578105235
0.01,5,0.8,400,5,6.156182476,0.787535782,6.001605628,,7.205963239,0.575861358
0.01,4,0.9,400,5,6.512473863,0.762242264,6.271341781,,7.21642084,0.574629408
0.01,5,0.7,300,3,6.514937547,0.762056381,6.237875742,,7.249072175,0.570771446
0.01,4,0.6,400,5,6.49696035,0.76336432,6.240727563,,7.266398405,0.56871717
0.01,5,0.8,300,3,6.533206332,0.760722704,6.273433676,,7.297508886,0.565016261
0.01,4,0.7,400,5,6.494798816,0.763525155,6.19546765,,7.319299133,0.562414673
0.01,8,0.8,300,5,6.568404062,0.758146766,6.161708097,,7.344639541,0.559379468
0.01,6,0.7,200,1,6.725371763,0.746438459,6.34424583,,7.345651735,0.559258013
0.01,5,0.9,200,1,7.036266156,0.722471541,6.545199524,,7.347632824,0.559020248
0.01,6,0.8,200,1,6.769335393,0.743122523,6.380690905,,7.370216498,0.556305293
0.01,5,0.8,200,1,7.058565895,0.720700528,6.626683598,,7.405935539,0.551994225
0.01,4,0.7,300,3,6.857000138,0.736414847,6.434262307,,7.413185275,0.551116682
0.01,7,0.8,300,5,6.633660745,0.753303105,6.297535083,,7.420561024,0.550223004
0.01,5,0.6,200,1,7.034676372,0.722594791,6.468865646,,7.442140981,0.54760318
0.01,5,0.7,200,1,7.05723077,0.720807588,6.504339491,,7.472590376,0.543893659
0.01,8,0.6,300,5,6.572348447,0.757856762,6.178054041,,7.485798354,0.542279877
0.01,4,0.8,300,3,6.851745763,0.736813594,6.36703573,,7.497516665,0.54084572
0.01,3,0.7,400,5,7.027067968,0.723180323,6.467519384,,7.498008453,0.540785483
0.01,3,0.9,400,5,7.034198822,0.72263436,6.526550063,,7.511160924,0.539173028
0.01,8,0.9,300,5,6.557400499,0.758957093,6.15726137,,7.51841968,0.538281914
0.01,7,0.6,300,5,6.635657837,0.753159208,6.231201123,,7.527024537,0.537224434
0.01,3,0.8,400,5,7.03313231,0.722705957,6.50995088,,7.533831235,0.536387078
0.01,8,0.7,300,5,6.552040348,0.75933268,6.172446007,,7.535926718,0.536129141
0.01,8,0.9,400,10,6.58825635,0.75667703,6.190157767,,7.542824635,0.535279555
0.01,4,0.9,300,3,6.899282619,0.733167085,6.477394984,,7.557753298,0.533438197
0.01,4,0.6,300,3,6.88135059,0.734536252,6.442994449,,7.558458189,0.533351163
0.01,3,0.6,400,5,6.99674063,0.725572003,6.473067666,,7.563668427,0.532707596
0.01,7,0.7,300,5,6.650400138,0.752059084,6.218752571,,7.572400513,0.531628016
0.01,7,0.7,400,10,6.658915087,0.751431623,6.201524457,,7.601149194,0.528064909
0.01,6,0.6,300,5,6.745778613,0.744906521,6.261645356,,7.613314278,0.526553105
0.01,8,0.7,400,10,6.608470445,0.755182453,6.174430139,,7.648405534,0.522178628
0.01,6,0.8,400,10,6.750356968,0.744553513,6.322440972,,7.653429007,0.521550755
0.01,7,0.9,300,5,6.626872813,0.753813527,6.302172715,,7.658430172,0.520925262
0.01,4,0.6,200,1,7.4216887,0.691199584,6.709115882,,7.663787443,0.520254777
0.01,7,0.8,400,10,6.630590652,0.753533483,6.183831065,,7.667878468,0.519742452
0.01,4,0.7,200,1,7.416447161,0.69164505,6.731948567,,7.677649511,0.518517705
0.01,5,0.7,300,5,6.938609427,0.730100668,6.400636506,,7.678359599,0.518428638
0.01,7,0.9,400,10,6.643775665,0.752552879,6.241678722,,7.681213865,0.518070544
0.01,6,0.7,300,5,6.754977185,0.744202231,6.301193648,,7.689284842,0.517057244
0.01,6,0.8,300,5,6.755387996,0.744156978,6.304176338,,7.708352307,0.514659125
0.01,6,0.9,300,5,6.78977723,0.741574381,6.393633233,,7.718975895,0.513320418
0.01,8,0.6,400,10,6.614198927,0.754748486,6.183150946,,7.719876705,0.513206819
0.01,6,0.9,400,10,6.730841937,0.74602558,6.267249719,,7.725160941,0.512540174
0.01,3,0.7,300,3,7.469531208,0.687238377,6.790026318,,7.75085144,0.509292627
0.01,5,0.9,300,5,6.986066704,0.726401966,6.459967352,,7.756681837,0.508554103
0.01,5,0.6,400,10,6.901049626,0.733023889,6.299646937,,7.769966174,0.506869331
0.01,6,0.6,400,10,6.758675398,0.743930291,6.232076429,,7.776631714,0.506022894
0.01,5,0.6,300,5,6.919713273,0.731572637,6.297671265,,7.777549029,0.50590635
0.01,8,0.8,400,10,6.607866032,0.755222474,6.191953097,,7.778377002,0.505801145
0.01,5,0.9,400,10,6.883432502,0.734388883,6.406413916,,7.789522268,0.504383903
0.01,3,0.9,300,3,7.507800514,0.684035789,6.818155447,,7.789740555,0.504356125
0.01,4,0.8,200,1,7.393810348,0.693526437,6.760937554,,7.790615998,0.504244713
0.01,8,0.6,200,3,7.270725996,0.703657301,6.613792192,,7.805766046,0.502314694
0.01,6,0.7,400,10,6.743840441,0.745046718,6.273164266,,7.818054695,0.500746445
0.01,3,0.8,300,3,7.479805657,0.686378427,6.793614329,,7.820455964,0.500439712
0.01,3,0.6,300,3,7.431021008,0.690455166,6.703116114,,7.820611001,0.500419905
0.01,5,0.8,400,10,6.887182636,0.734092776,6.379424097,,7.826834157,0.499624519
0.01,7,0.7,200,3,7.341871132,0.697834882,6.640127676,,7.861284682,0.495209928
0.01,7,0.6,400,10,6.654438271,0.75176534,6.200263595,,7.865101892,0.494719586
0.01,5,0.7,400,10,6.908469745,0.732437468,6.413278957,,7.867713138,0.49438402
0.01,4,0.8,400,10,7.154329372,0.713058878,6.526506233,,7.875084011,0.493436203
0.01,5,0.8,300,5,6.951735238,0.729077662,6.426775805,,7.884392097,0.492238013
0.01,4,0.6,300,5,7.280075669,0.702884618,6.668860352,,7.915012766,0.488286356
0.01,4,0.9,400,10,7.155771683,0.712964012,6.561868846,,7.917973343,0.487903476
0.01,4,0.8,300,5,7.268235902,0.703840699,6.618313962,,7.923121768,0.487237309
0.01,8,0.7,200,3,7.269639992,0.703744611,6.612537238,,7.953787792,0.483260386
0.01,8,0.8,200,3,7.27455638,0.703350241,6.60490185,,7.954391208,0.483181977
0.01,4,0.9,300,5,7.288572721,0.702199178,6.672372574,,7.978026214,0.480106156
0.01,3,0.7,200,1,7.952134722,0.645516831,7.029113042,,7.991542521,0.478343064
0.01,4,0.9,200,1,7.434084954,0.690211048,6.696677585,,8.007657557,0.476237088
0.01,6,0.6,200,3,7.485314393,0.685895778,6.647806888,,8.013759553,0.475438548
0.01,4,0.6,400,10,7.163150461,0.712350185,6.545023328,,8.014978401,0.475278971
0.01,3,0.8,200,1,7.968631271,0.644052152,7.08728076,,8.034317205,0.472743787
0.01,7,0.9,200,3,7.39142256,0.693747789,6.67303759,,8.044547872,0.471400147
0.01,8,0.9,200,3,7.25891797,0.704620596,6.595293965,,8.04807524,0.470936485
0.01,4,0.7,300,5,7.25069582,0.70527193,6.618515655,,8.060023687,0.469364387
0.01,3,0.9,200,1,7.979395222,0.643095677,7.137160226,,8.072559939,0.467712443
0.01,7,0.8,200,3,7.376550736,0.694985056,6.62230227,,8.074354241,0.467475792
0.01,6,0.7,200,3,7.47746009,0.686557079,6.700523085,,8.087063518,0.465798054
0.01,4,0.7,400,10,7.165191589,0.712200485,6.507952508,,8.094513112,0.464813415
0.01,3,0.6,200,1,7.96425719,0.644437803,7.034937458,,8.097102863,0.464470906
0.01,6,0.9,200,3,7.508309315,0.683986102,6.788236998,,8.097742622,0.464386277
0.01,3,0.9,400,10,7.558691965,0.67971968,6.793400565,,8.102683787,0.463732425
0.01,3,0.8,300,5,7.77450051,0.661177437,6.919027904,,8.112876294,0.462382416
0.01,7,0.6,200,3,7.344378025,0.697614003,6.675088593,,8.120066309,0.461429069
0.01,5,0.6,200,3,7.672961321,0.669961982,6.781672554,,8.139510418,0.458846684
0.01,3,0.9,300,5,7.79654124,0.659262163,6.968448751,,8.14919125,0.457558663
0.01,3,0.7,300,5,7.784113239,0.66034062,6.906819956,,8.18190248,0.453195154
0.01,5,0.9,200,3,7.711950124,0.666618631,6.885727031,,8.190680027,0.4520213
0.01,6,0.8,200,3,7.48460018,0.685972772,6.710601856,,8.211880187,0.449180932
0.01,5,0.7,200,3,7.6777672,0.66955266,6.815762198,,8.216765753,0.44852533
0.01,3,0.8,400,10,7.595189998,0.67661569,6.836178509,,8.218099571,0.448346275
0.01,5,0.8,200,3,7.710010203,0.666761932,6.901830302,,8.23739144,0.445753237
0.01,3,0.6,300,5,7.761402207,0.662315325,6.925833646,,8.238956348,0.445542629
0.01,3,0.6,400,10,7.619325735,0.674552771,6.820615379,,8.26245004,0.442376009
0.01,8,0.9,300,10,7.47577803,0.686712216,6.663246875,,8.26336566,0.442252414
0.01,7,0.8,200,5,7.841139468,0.655332638,6.905144833,,8.266193318,0.441870635
0.01,7,0.7,300,10,7.531187494,0.682060547,6.68420956,,8.282643222,0.439647046
0.01,3,0.7,400,10,7.627611898,0.673858071,6.788307669,,8.28769053,0.438963898
0.01,7,0.8,300,10,7.519395737,0.683040704,6.641644725,,8.322619061,0.434224951
0.01,8,0.8,200,5,7.803529856,0.658653017,6.844012142,,8.325471595,0.433837052
0.01,6,0.8,300,10,7.596996708,0.676474362,6.764029373,,8.327053755,0.433621846
0.01,4,0.7,200,3,7.967766866,0.644108927,7.046739412,,8.337236645,0.432235787
0.01,8,0.7,300,10,7.48929806,0.685574097,6.652785197,,8.342068369,0.431577517
0.01,8,0.6,300,10,7.498282275,0.684822513,6.642682824,,8.362749264,0.428755662
0.01,7,0.9,300,10,7.523982964,0.68265067,6.665825452,,8.377761025,0.426702968
0.01,4,0.6,200,3,7.982828372,0.642740866,7.046046401,,8.407678036,0.422601167
0.01,8,0.6,200,5,7.819347244,0.657263992,6.886367766,,8.408065722,0.422547916
0.01,6,0.6,300,10,7.601273763,0.676103535,6.68160191,,8.431238946,0.419360533
0.01,5,0.6,300,10,7.703691053,0.667316732,6.727264371,,8.431630961,0.419306537
0.01,6,0.9,300,10,7.587195124,0.677299173,6.733902686,,8.436612959,0.418620105
0.01,4,0.8,200,3,7.946894849,0.645959261,6.965854834,,8.442040691,0.417871798
0.01,8,0.8,300,10,7.495506577,0.685058556,6.646172384,,8.448632138,0.416962406
0.01,8,0.9,200,5,7.800891138,0.658879022,6.852575059,,8.450480579,0.416707257
0.01,4,0.9,200,3,8.001677721,0.641096733,7.080553951,,8.455317878,0.416039279
0.01,7,0.6,200,5,7.868738498,0.652902871,6.94583615,,8.482322672,0.412303187
0.01,7,0.6,300,10,7.532958078,0.681899021,6.678923143,,8.487663137,0.411562927
0.01,5,0.9,300,10,7.683029898,0.669099429,6.83727301,,8.494929566,0.410554954
0.01,6,0.6,200,5,7.956035053,0.645167031,6.969907614,,8.494994859,0.410545893
0.01,5,0.8,300,10,7.691439156,0.668376255,6.824880027,,8.507083731,0.408867044
0.01,7,0.9,200,5,7.835828452,0.655811167,6.907880859,,8.514051684,0.407898281
0.01,6,0.7,300,10,7.578975682,0.677998775,6.697118529,,8.524232868,0.406481353
0.01,3,0.7,200,3,8.392085252,0.60521069,7.289965041,,8.524269343,0.406476274
0.01,8,0.7,200,5,7.795022167,0.659382332,6.919614634,,8.526905506,0.406109118
0.01,4,0.8,300,10,7.945610391,0.646085595,6.964257764,,8.529438587,0.405756212
0.01,6,0.9,200,5,7.993693911,0.641831383,7.057755246,,8.532887831,0.405275499
0.01,7,0.8,100,1,8.75775898,0.570087059,7.511470269,,8.548231091,0.40313479
0.01,7,0.9,100,1,8.741379186,0.571684943,7.442617821,,8.549928699,0.402897701
0.01,7,0.7,200,5,7.871788631,0.652641935,6.904871328,,8.560246136,0.401455752
0.01,6,0.8,200,5,7.951871193,0.645525955,6.984994992,,8.562735695,0.401107554
0.01,5,0.7,300,10,7.715801501,0.666265265,6.819016319,,8.564760113,0.400824338
0.01,4,0.6,300,10,7.934511923,0.64707155,6.963182031,,8.580104568,0.398675472
0.01,3,0.9,200,3,8.4228718,0.602321657,7.333932918,,8.585887281,0.397864653
0.01,3,0.8,200,3,8.389728268,0.605429302,7.323432614,,8.594829915,0.396609691
0.01,6,0.7,200,5,7.951796001,0.645542119,6.980328273,,8.599843748,0.395905505
0.01,8,0.8,100,1,8.697292614,0.57599051,7.475834667,,8.612556388,0.39411819
0.01,4,0.9,300,10,7.983246821,0.642753231,7.016255548,,8.619712866,0.393110875
0.01,7,0.6,100,1,8.789604533,0.566933654,7.553814582,,8.643631244,0.389738154
0.01,5,0.9,200,5,8.119245903,0.630464896,7.081384217,,8.644211376,0.389656233
0.01,5,0.7,200,5,8.096161495,0.632548191,7.027119579,,8.657634318,0.387759248
0.01,8,0.7,100,1,8.689038686,0.5767978,7.458318432,,8.661183681,0.387257146
0.01,3,0.6,200,3,8.40055734,0.604417026,7.27463512,,8.672761245,0.385617922
0.01,5,0.6,200,5,8.073044897,0.634652933,6.927757749,,8.679649687,0.384641574
0.01,4,0.7,300,10,7.933447478,0.647182683,6.94888539,,8.688930506,0.383324912
0.01,3,0.9,300,10,8.316023634,0.612333582,7.248051469,,8.714353017,0.379711034
0.01,4,0.6,200,5,8.361691843,0.608045987,7.324560477,,8.753654111,0.374103502
0.01,8,0.6,100,1,8.725329273,0.573252708,7.423573622,,8.760515971,0.373121856
0.01,4,0.8,200,5,8.355793054,0.608583332,7.238054048,,8.764605496,0.372536449
0.01,5,0.8,200,5,8.098029325,0.632385824,7.075603221,,8.789967857,0.36889978
0.01,3,0.8,300,10,8.35632571,0.608570167,7.275393382,,8.798267312,0.367707453
0.01,7,0.7,100,1,8.758920635,0.569972495,7.557182371,,8.800184761,0.367431826
0.01,6,0.9,100,1,8.905007573,0.55550461,7.642642252,,8.806746863,0.36648809
0.01,6,0.6,100,1,8.923974743,0.553597926,7.657166239,,8.807265002,0.366413543
0.01,4,0.9,200,5,8.381863157,0.606191015,7.271684506,,8.818705944,0.364766373
0.01,8,0.9,100,1,8.688401864,0.576851734,7.513446002,,8.819869086,0.364598793
0.01,5,0.8,100,1,9.103514259,0.535437472,7.751154694,,8.82977526,0.36317067
0.01,5,0.9,100,1,9.069635969,0.538899734,7.703037933,,8.838037422,0.36197833
0.01,3,0.7,300,10,8.376593714,0.606672613,7.255877386,,8.865244034,0.35804417
0.01,3,0.6,300,10,8.358916949,0.608319185,7.283750257,,8.865852885,0.35795599
0.01,4,0.7,200,5,8.330669309,0.610950368,7.222365825,,8.878358488,0.356143461
0.01,3,0.7,200,5,8.716729398,0.574073758,7.444462515,,8.883612176,0.355381243
0.01,3,0.9,200,5,8.710176512,0.574731169,7.491106782,,8.896498389,0.35350977
0.01,3,0.8,200,5,8.695292893,0.576166549,7.467527902,,8.903803839,0.35244759
0.01,6,0.7,100,1,8.875502128,0.558412886,7.585301812,,8.935550886,0.347821583
0.01,6,0.8,100,1,8.912736383,0.554719303,7.582951204,,8.946172593,0.34627017
0.01,5,0.6,100,1,9.076235111,0.538242112,7.651118801,,8.99563267,0.339021728
0.01,5,0.7,100,1,9.103453555,0.535465627,7.686873726,,8.996890567,0.33883686
0.01,3,0.6,200,5,8.712327338,0.574502918,7.45126109,,9.008772178,0.337089397
0.01,7,0.7,200,10,8.689228954,0.576784182,7.374971795,,9.024714757,0.334741051
0.01,8,0.9,200,10,8.6550906,0.580086457,7.436937947,,9.027610774,0.334314021
0.01,8,0.6,200,10,8.691596256,0.576538196,7.388154334,,9.100887157,0.323463525
0.01,7,0.8,200,10,8.672468267,0.578404295,7.337106616,,9.100949298,0.323454286
0.01,4,0.7,100,1,9.302703483,0.514858252,7.851653409,,9.125719835,0.319766493
0.01,4,0.8,100,1,9.274265131,0.517846652,7.810712947,,9.135403148,0.318322134
0.01,8,0.7,200,10,8.676794704,0.577985042,7.362238835,,9.13606495,0.318223364
0.01,6,0.9,200,10,8.742871141,0.571518247,7.412806908,,9.143034922,0.317182702
0.01,6,0.8,200,10,8.755566283,0.570293422,7.454778594,,9.147267432,0.316550374
0.01,7,0.9,200,10,8.671781176,0.578466168,7.355452128,,9.15928254,0.314753747
0.01,4,0.6,100,1,9.283103965,0.516921631,7.853718719,,9.159305191,0.314750358
0.01,5,0.6,200,10,8.80481935,0.565436817,7.387058198,,9.165501401,0.31382291
0.01,6,0.6,200,10,8.76742716,0.569116425,7.425942526,,9.207836011,0.307469493
0.01,3,0.7,100,1,9.666558802,0.476236203,8.094468664,,9.212476802,0.30677124
0.01,5,0.9,200,10,8.795341555,0.566367521,7.490857414,,9.237073344,0.303064573
0.01,8,0.6,100,3,9.385622223,0.506217211,7.888129367,,9.245367045,0.301812495
0.01,6,0.7,200,10,8.747505384,0.571076894,7.418598617,,9.24967953,0.301161006
0.01,8,0.8,200,10,8.678970698,0.57777085,7.349462164,,9.263109548,0.299130183
0.01,5,0.8,200,10,8.802162346,0.5656991,7.447694839,,9.279192758,0.296694279
0.01,4,0.8,200,10,8.998222096,0.546124292,7.589712722,,9.285284503,0.295770542
0.01,3,0.9,100,1,9.645096152,0.478568569,8.092259738,,9.294872825,0.294315365
0.01,5,0.7,200,10,8.833027553,0.562636995,7.495310974,,9.30025123,0.293498451
0.01,7,0.6,200,10,8.701166068,0.57560142,7.405725779,,9.30383298,0.292954165
0.01,3,0.8,100,1,9.670846702,0.475775164,8.116387161,,9.327378138,0.289371003
0.01,7,0.7,100,3,9.387531529,0.506036394,7.925726408,,9.331726389,0.288708285
0.01,7,0.9,100,3,9.386436188,0.506153366,7.845923914,,9.333022876,0.288510627
0.01,4,0.6,200,10,8.980999508,0.547850282,7.577644067,,9.335227196,0.288174501
0.01,3,0.6,100,1,9.667118347,0.476174108,8.074091412,,9.336044676,0.288049827
0.01,4,0.9,200,10,9.022669468,0.543685626,7.587660979,,9.345250449,0.286645103
0.01,5,0.7,100,3,9.588184047,0.484689685,7.986500683,,9.361135004,0.284217997
0.01,6,0.6,100,3,9.509657539,0.49308162,7.943803392,,9.362851694,0.283955446
0.01,4,0.7,200,10,8.978520745,0.548133548,7.547718953,,9.371095491,0.282693966
0.01,8,0.7,100,3,9.380050191,0.506814056,7.939837874,,9.379987964,0.28133198
0.01,3,0.9,200,10,9.256471119,0.519709664,7.802592943,,9.386332161,0.280359503
0.01,7,0.6,100,3,9.402801524,0.504411318,7.938783895,,9.407179104,0.277159325
0.01,5,0.6,100,3,9.598070028,0.483623748,7.94361786,,9.411077871,0.276560044
0.01,7,0.8,100,3,9.401639277,0.504562261,7.877179121,,9.41639752,0.275741959
0.01,8,0.8,100,3,9.36417624,0.508482607,7.904407749,,9.434762292,0.272914167
0.01,4,0.9,100,1,9.343534833,0.51066411,7.820662252,,9.446362546,0.271125131
0.01,5,0.9,100,3,9.619129679,0.481375428,8.075094604,,9.453092908,0.270086141
0.01,3,0.8,200,10,9.282811053,0.516972745,7.786369974,,9.462838264,0.268580404
0.01,6,0.9,100,3,9.478962769,0.496374365,7.995476684,,9.470386494,0.267413074
0.01,6,0.7,100,3,9.492995459,0.49487299,7.942767417,,9.474817926,0.266727322
0.01,5,0.8,100,3,9.612409312,0.482079906,8.038574122,,9.496589635,0.263353549
0.01,3,0.7,200,10,9.279922435,0.517277696,7.76614559,,9.506458115,0.261821766
0.01,3,0.6,200,10,9.288318136,0.516383197,7.796326622,,9.521802033,0.259436927
0.01,8,0.9,100,3,9.350277078,0.509940204,7.850222327,,9.531126283,0.25798582
0.01,7,0.8,100,5,9.781793919,0.463673836,8.153197245,,9.546265729,0.255626685
0.01,6,0.8,100,3,9.464970248,0.497844203,7.923008933,,9.567400853,0.252327
0.01,4,0.7,100,3,9.725612608,0.469789635,8.118814151,,9.581203113,0.250168206
0.01,3,0.7,100,3,10.0023393,0.439224432,8.289755771,,9.588568504,0.249014922
0.01,4,0.8,100,3,9.715477694,0.470888436,8.071769341,,9.608638813,0.245867783
0.01,8,0.8,100,5,9.769472271,0.465019607,8.137214702,,9.628335929,0.242772765
0.01,4,0.6,100,3,9.734755428,0.46875673,8.141717747,,9.629385567,0.242607657
0.01,3,0.9,100,3,9.990951646,0.440503356,8.292809127,,9.64771896,0.239720912
0.01,8,0.6,100,5,9.80927566,0.460649775,8.173311658,,9.650620287,0.239263571
0.01,6,0.6,100,5,9.876022273,0.453277826,8.256630375,,9.653397759,0.238825624
0.01,4,0.9,100,3,9.765193614,0.465493776,8.168538314,,9.672875006,0.235750948
0.01,3,0.6,100,3,9.994715489,0.440066905,8.264050937,,9.678739551,0.234823957
0.01,3,0.8,100,3,10.00565337,0.438846434,8.302025462,,9.681363444,0.234409025
0.01,7,0.9,100,5,9.766149886,0.465378678,8.165085325,,9.717647309,0.228659699
0.01,7,0.6,100,5,9.824366339,0.458994203,8.237802358,,9.725898206,0.22734931
0.01,6,0.7,100,5,9.870549585,0.453891677,8.220297173,,9.733089956,0.226206225
0.01,6,0.8,100,5,9.839094538,0.457366027,8.181622669,,9.734111081,0.226043855
0.01,6,0.9,100,5,9.85515796,0.455609622,8.240492127,,9.742066457,0.224778279
0.01,5,0.7,100,5,9.939383024,0.446243444,8.228816201,,9.759286225,0.222035342
0.01,7,0.7,100,5,9.801082656,0.461562439,8.143469501,,9.794567674,0.21640023
0.01,3,0.7,100,5,10.25798184,0.410179411,8.469016864,,9.795455335,0.216258192
0.01,8,0.9,100,5,9.754660534,0.466656749,8.144765019,,9.829894579,0.210737484
0.01,5,0.9,100,5,9.937693716,0.446430237,8.221410884,,9.836149234,0.209732766
0.01,4,0.8,100,5,10.03553376,0.435456762,8.340062807,,9.845870564,0.208169909
0.01,3,0.8,100,5,10.25005522,0.411095963,8.468728786,,9.847267951,0.20794513
0.01,4,0.6,100,5,10.05591083,0.433150836,8.411640577,,9.847478827,0.207911207
0.01,5,0.6,100,5,9.91639606,0.448804778,8.127312707,,9.851851173,0.207207665
0.01,3,0.9,100,5,10.24600207,0.41157871,8.48042798,,9.879446297,0.202760208
0.01,8,0.7,100,5,9.782092588,0.463632737,8.221976222,,9.881800086,0.202380277
0.01,3,0.6,100,5,10.24812678,0.411310384,8.440103033,,9.89499503,0.200248767
0.01,4,0.7,100,5,10.02154762,0.43702741,8.320292439,,9.930058382,0.194570817
0.01,5,0.8,100,5,9.930996024,0.447179127,8.225822012,,9.947172975,0.191792088
0.01,4,0.9,100,5,10.05797755,0.432970524,8.333453066,,9.957107211,0.190176969
0.01,8,0.9,100,10,10.41096033,0.392480957,8.58715642,,10.05089469,0.174849432
0.01,6,0.8,100,10,10.45703324,0.387079968,8.654092195,,10.13968666,0.160205887
0.01,7,0.7,100,10,10.44962777,0.387962064,8.619056773,,10.1435496,0.159565887
0.01,6,0.6,100,10,10.50657952,0.381246621,8.707041095,,10.17120944,0.15497618
0.01,7,0.9,100,10,10.43162413,0.390065589,8.59593814,,10.17533482,0.154290568
0.01,8,0.6,100,10,10.45870529,0.386885928,8.638545505,,10.17622638,0.154142359
0.01,5,0.6,100,10,10.49856546,0.382200719,8.610719751,,10.18121722,0.153312469
0.01,8,0.7,100,10,10.44712003,0.388242281,8.637082386,,10.18568407,0.152569364
0.01,6,0.7,100,10,10.46510896,0.386139608,8.661386243,,10.19879368,0.150386568
0.01,7,0.8,100,10,10.43089024,0.390154557,8.623058686,,10.20326863,0.149640832
0.01,6,0.9,100,10,10.45391001,0.387446403,8.614396264,,10.20443216,0.149446878
0.01,4,0.8,100,10,10.55634919,0.375372544,8.724941129,,10.21125014,0.148309923
0.01,5,0.8,100,10,10.48945519,0.383283422,8.626971159,,10.21241655,0.148115338
0.01,5,0.7,100,10,10.51849632,0.379857608,8.716834139,,10.22393121,0.146193228
0.01,3,0.9,100,10,10.70639973,0.357505818,8.838157441,,10.23054174,0.145088773
0.01,5,0.9,100,10,10.49915761,0.382127512,8.675564116,,10.244559,0.142744474
0.01,4,0.6,100,10,10.55521035,0.375496502,8.700719592,,10.25402638,0.141159299
0.01,7,0.6,100,10,10.46041051,0.386687306,8.650746673,,10.25728565,0.140613242
0.01,8,0.8,100,10,10.43329556,0.389853957,8.628800219,,10.27457087,0.137714384
0.01,4,0.7,100,10,10.54554852,0.376652251,8.665298449,,10.28131167,0.13658258
0.01,3,0.8,100,10,10.7160627,0.356336245,8.830604676,,10.28505424,0.135953869
0.01,4,0.9,100,10,10.56560454,0.374305002,8.66687419,,10.31196893,0.131425753
0.01,3,0.6,100,10,10.73042454,0.354593362,8.881317452,,10.34155422,0.126434681
0.01,3,0.7,100,10,10.74720933,0.352578979,8.864075576,,10.34720163,0.125480331
