learning_rate,depth,subsample,iterations,l2_leaf_reg,CV-10-train-RMSE,CV-10-train-R2,CV-10-validation-RMSE,CV-10-validation-R2,test-RMSE,test-R2
0.2,7,0.9,400,10,0.44371153,0.998873573,5.856032875,0.76672218,2.184535863,0.961019975
0.2,7,0.9,300,10,0.722861414,0.997030527,5.913142658,0.76347872,2.22536214,0.959549383
0.1,7,0.8,400,5,0.556997928,0.998246336,6.061184729,0.750051159,2.315616503,0.956201723
0.2,7,0.9,200,10,1.294807616,0.990434902,6.104966815,0.75076674,2.334168237,0.955497125
0.1,7,0.8,300,5,0.91164173,0.99531512,6.151880429,0.743311922,2.36402136,0.954351496
0.4,8,0.7,200,5,0.112094946,0.99992269,6.301271635,0.727564047,2.371848681,0.954048709
0.4,8,0.7,300,5,0.084192551,0.999943822,6.294568662,0.728008092,2.375807189,0.9538952
0.3,8,0.7,200,5,0.185646725,0.999801609,6.076489841,0.748161178,2.375877949,0.953892454
0.4,8,0.7,400,5,0.078860894,0.999944912,6.293294233,0.728114569,2.377984682,0.953810649
0.3,8,0.7,300,5,0.098920854,0.999934316,6.066195307,0.748642564,2.382680518,0.953628047
0.3,8,0.7,400,5,0.083337139,0.999943885,6.06535852,0.748719544,2.38591184,0.953502185
0.2,7,0.7,400,10,0.393517968,0.999122663,6.045296341,0.755467331,2.387172804,0.953453024
0.3,8,0.7,100,5,0.693887406,0.997276868,6.133020019,0.745773227,2.408581754,0.952614383
0.2,7,0.8,400,10,0.405758977,0.999064129,5.839675257,0.766200262,2.40872374,0.952608796
0.2,7,0.7,300,10,0.639558087,0.997691414,6.109790159,0.751245841,2.411195836,0.95251147
0.1,7,0.9,400,5,0.563086363,0.998204419,5.823393893,0.769632473,2.427497012,0.951867196
0.1,7,0.8,400,3,0.268035474,0.999592936,5.926719772,0.767776213,2.427596173,0.951863263
0.4,8,0.7,100,5,0.409106066,0.999052869,6.364913815,0.723121455,2.433755869,0.951618672
0.2,7,0.8,300,10,0.670913423,0.997455986,5.891500395,0.763137023,2.439455058,0.951391816
0.3,7,0.9,200,5,0.240609933,0.999670181,6.232815226,0.731180621,2.442355672,0.951276152
0.3,7,0.9,300,5,0.11110508,0.999922712,6.218276438,0.732121431,2.445346228,0.951156759
0.1,7,0.8,300,3,0.479142777,0.998705318,5.958210468,0.765539498,2.446276801,0.951119578
0.1,7,0.6,400,5,0.543117208,0.998313349,5.886768,0.763173268,2.450878419,0.95093551
0.3,7,0.8,400,10,0.187120612,0.999795913,5.975830926,0.757545339,2.453839247,0.950816891
0.3,7,0.9,400,5,0.085398327,0.999942976,6.213267902,0.732456155,2.45562979,0.950745088
0.3,7,0.8,300,10,0.329866875,0.999375574,5.993121016,0.756590975,2.459331506,0.950596479
0.2,7,0.9,400,5,0.140481163,0.999884083,6.047345443,0.755034412,2.459895604,0.950573813
0.2,7,0.9,300,5,0.253261387,0.999634324,6.05378561,0.755074329,2.460244164,0.950559805
0.2,7,0.9,400,3,0.089399085,0.999941616,6.125146116,0.749154837,2.462795766,0.950457199
0.2,7,0.9,200,5,0.57499445,0.998133358,6.107267158,0.752045888,2.464690356,0.950380945
0.2,7,0.9,300,3,0.120101422,0.999913946,6.12201896,0.749392466,2.465345988,0.950354543
0.2,7,0.9,200,3,0.256262734,0.999626738,6.126964234,0.74937873,2.465707822,0.950339969
0.1,5,0.6,400,5,0.968796015,0.994673328,5.792712787,0.775745965,2.470726388,0.950137613
0.3,3,0.7,100,3,2.111196919,0.974697836,6.273773175,0.741050993,2.474691543,0.949977441
0.1,7,0.9,300,5,0.906761325,0.995364542,5.888890258,0.765365918,2.477991532,0.949843942
0.1,7,0.9,400,10,1.321030264,0.990089264,6.344209707,0.734263196,2.488467958,0.949418947
0.1,7,0.6,300,5,0.85513019,0.995833261,5.969926657,0.757564067,2.510367433,0.948524765
0.2,5,0.7,300,5,0.520503979,0.99846717,5.787684506,0.776258256,2.51174337,0.948468322
0.1,7,0.9,400,1,0.095589381,0.999937671,5.904289633,0.768993208,2.514165006,0.948368908
0.1,8,0.6,400,5,0.410145533,0.999040862,6.040610743,0.754163007,2.515593132,0.948310235
0.2,7,0.8,300,5,0.235953608,0.999682356,5.974438422,0.75984665,2.518314037,0.948198358
0.3,3,0.7,200,3,1.195085148,0.991840839,5.939855816,0.770475487,2.519134564,0.948164596
0.2,5,0.7,400,5,0.341471931,0.999340412,5.78113548,0.776239761,2.520393931,0.948112756
0.2,7,0.8,400,5,0.141047803,0.999882972,5.96866912,0.759988934,2.521043622,0.948086002
0.1,7,0.9,300,1,0.142547404,0.999882719,5.899586976,0.769497958,2.527022439,0.947839475
0.3,7,0.9,100,5,0.887736684,0.995548796,6.337008243,0.724507479,2.528196063,0.947791014
0.1,7,0.7,400,1,0.105984092,0.999929085,5.946889718,0.765627189,2.53002761,0.947715341
0.1,7,0.9,400,3,0.270917008,0.999584208,6.004091019,0.755161095,2.537634913,0.947400449
0.3,7,0.8,200,10,0.6906809,0.997294282,6.071430381,0.750264537,2.542753373,0.947188046
0.1,7,0.8,200,3,0.985890144,0.994510882,6.049663257,0.758808195,2.54290787,0.947181628
0.2,8,0.7,200,3,0.203026759,0.999765133,6.046685107,0.751141468,2.543975588,0.947137264
0.1,7,0.7,300,1,0.164812421,0.999844806,5.952595433,0.765325191,2.545603871,0.947069572
0.1,5,0.8,400,3,0.597258927,0.997966771,5.992266885,0.760401559,2.54677795,0.947020736
0.1,7,0.9,300,3,0.513040117,0.998512547,6.036269734,0.753284751,2.547084819,0.947007968
0.1,7,0.6,400,10,1.114417972,0.992944044,6.101792529,0.751982806,2.548103463,0.946965574
0.2,7,0.8,200,5,0.509324452,0.998526054,6.011869482,0.757647325,2.550827742,0.946852111
0.2,8,0.7,400,3,0.0859509,0.999943005,6.022275561,0.752672768,2.551500151,0.946824087
0.1,7,0.9,200,1,0.345093822,0.999327117,5.919169964,0.768818733,2.55189005,0.946807834
0.2,8,0.7,300,3,0.107390043,0.999927204,6.027619264,0.752352662,2.551935835,0.946805925
0.3,7,0.6,400,10,0.197177245,0.999779115,5.7326313,0.780300875,2.560267209,0.94645803
0.4,3,0.6,200,5,1.239681145,0.991186943,5.858882019,0.772008308,2.561138624,0.946421577
0.2,7,0.7,200,10,1.142588192,0.992630895,6.250545598,0.741253268,2.561479036,0.946407333
0.4,5,0.8,300,10,0.404033709,0.999059426,6.098096288,0.751871865,2.563482475,0.946323466
0.1,8,0.6,300,5,0.672549628,0.99743788,6.086934676,0.751332169,2.566878513,0.946181153
0.3,7,0.6,300,10,0.320405122,0.999416084,5.73294456,0.780722048,2.567398582,0.946159343
0.2,7,0.9,100,3,0.961969652,0.994773148,6.218914989,0.743545485,2.56923608,0.946082247
0.1,5,0.8,300,3,0.923150829,0.995188176,6.036269133,0.757059187,2.573787455,0.945891049
0.4,5,0.8,200,10,0.749239455,0.996789849,6.184458228,0.744961813,2.577721433,0.945725514
0.4,5,0.8,400,10,0.257607286,0.999618146,6.079138902,0.753182944,2.583110498,0.94549834
0.3,3,0.7,300,3,0.794695296,0.996357633,5.859744318,0.77759367,2.589680931,0.945220726
0.3,8,0.7,200,3,0.107820604,0.999927554,6.03953316,0.755485753,2.591635096,0.945138022
0.3,8,0.7,300,3,0.081932502,0.999944427,6.036708521,0.755467362,2.593772345,0.945047498
0.3,8,0.7,400,3,0.078066592,0.999944958,6.036967766,0.755429048,2.595720594,0.944964915
0.2,5,0.7,200,5,0.916923114,0.995246957,5.84668554,0.772631232,2.600552793,0.944759817
0.1,7,0.8,300,1,0.154608278,0.999864174,5.864989607,0.767229955,2.600838925,0.944747661
0.2,7,0.8,200,10,1.219056276,0.991626092,6.063313245,0.751339143,2.601177197,0.944733287
0.1,7,0.8,200,1,0.36575335,0.99924126,5.880154578,0.766816595,2.601925424,0.944701488
0.3,7,0.7,400,10,0.182963908,0.99980615,5.928376661,0.761377471,2.602981958,0.94465657
0.1,7,0.8,400,1,0.10235342,0.999932965,5.862406483,0.767214058,2.608065215,0.944440203
0.1,5,0.6,300,5,1.359043745,0.989524527,5.914174422,0.766768068,2.610798529,0.944323686
0.2,5,0.8,400,10,0.739644675,0.996884226,5.941424482,0.763422175,2.611213696,0.944305977
0.3,7,0.7,300,10,0.321687538,0.999412404,5.939606302,0.760841608,2.61302417,0.94422872
0.3,8,0.7,100,3,0.37425731,0.999198427,6.074799821,0.754217353,2.613761056,0.94419726
0.1,7,0.7,200,1,0.387415962,0.999145728,5.968460624,0.764764822,2.616331782,0.944087438
0.4,8,0.6,200,5,0.118280391,0.999915774,6.124047348,0.747636412,2.620014779,0.943929912
0.4,8,0.6,100,5,0.416909731,0.999012318,6.17731444,0.744055701,2.620714372,0.943899964
0.3,6,0.7,300,5,0.194149056,0.999783149,5.81161362,0.770374229,2.621891176,0.943849571
0.2,8,0.6,400,10,0.309143584,0.999439232,5.923663035,0.76290189,2.622067256,0.943842029
0.3,7,0.9,400,10,0.202486279,0.999765456,5.981503396,0.759179936,2.622267325,0.943833458
0.3,5,0.8,300,5,0.285981691,0.999529304,5.991460068,0.764721738,2.625329745,0.943702193
0.3,6,0.7,400,5,0.123175264,0.999910225,5.804109539,0.771037216,2.627952392,0.943589657
0.4,3,0.6,100,5,2.143101312,0.973923604,6.155353015,0.749365359,2.628766791,0.943554688
0.4,8,0.6,300,5,0.086562605,0.99994303,6.114279618,0.748469604,2.629721326,0.943513689
0.1,7,0.9,200,3,1.02245309,0.994099104,6.141436777,0.746928211,2.62976267,0.943511913
0.4,8,0.6,400,5,0.079530124,0.999944846,6.113431983,0.748572237,2.630715212,0.943470984
0.3,6,0.7,200,5,0.386438208,0.999140433,5.837544708,0.768795596,2.634204024,0.943320948
0.1,7,0.8,200,5,1.601485914,0.98552257,6.343967674,0.72816609,2.634397781,0.94331261
0.3,5,0.8,400,5,0.176311754,0.999820518,5.988178227,0.764909892,2.634824945,0.943294225
0.4,7,0.8,200,5,0.132065616,0.999896413,6.22737838,0.738581844,2.635934335,0.943246463
0.3,3,0.7,400,3,0.565530897,0.998130714,5.808403554,0.781167129,2.638735821,0.943125763
0.4,7,0.8,300,5,0.086937228,0.999942333,6.232206276,0.738265642,2.639724749,0.943083125
0.2,7,0.6,200,3,0.310920757,0.999453168,5.986082021,0.756175684,2.640113793,0.943066347
0.1,5,0.6,400,3,0.701459331,0.997217256,5.849599222,0.772059231,2.640463266,0.943051273
0.3,8,0.7,400,10,0.142266434,0.999881922,6.141673056,0.7434115,2.641098735,0.943023859
0.4,7,0.8,400,5,0.079636373,0.99994481,6.233558571,0.738191042,2.641622966,0.943001238
0.2,8,0.7,100,3,0.774803793,0.996591618,6.140977064,0.744485613,2.642648405,0.942956978
0.2,8,0.8,400,5,0.107575913,0.99992636,6.035558757,0.747929324,2.643892506,0.942903256
0.3,8,0.7,300,10,0.238208358,0.99967819,6.152577642,0.742912147,2.652140226,0.942546469
0.2,8,0.8,300,5,0.171960656,0.999830924,6.040638262,0.747758274,2.652895274,0.942513751
0.3,5,0.8,200,5,0.545403373,0.998303676,6.023630682,0.762255116,2.6565589,0.942354866
0.2,8,0.6,300,10,0.502973409,0.998524391,5.950017936,0.761909286,2.658711649,0.942261402
0.4,8,0.6,300,10,0.156642038,0.999858968,6.158787265,0.748497626,2.659024291,0.942247822
0.4,8,0.6,400,10,0.106703515,0.999928799,6.145418704,0.74940526,2.660324054,0.942191348
0.4,3,0.6,300,5,0.825344839,0.996100336,5.710053198,0.782387422,2.660924402,0.942165254
0.2,5,0.7,400,3,0.227304528,0.999707558,6.092983542,0.757054907,2.661797278,0.942127305
0.2,5,0.8,300,10,1.0828059,0.99336953,6.03276899,0.756553914,2.665103659,0.941983441
0.3,7,0.9,300,10,0.356863634,0.999266359,5.984403309,0.759327287,2.665485348,0.941966822
0.2,5,0.7,300,3,0.35435499,0.99928764,6.093384277,0.757189877,2.666591345,0.941918652
0.2,7,0.6,300,3,0.150248032,0.999868259,5.973589161,0.756848372,2.6688909,0.941818435
0.1,5,0.8,400,5,0.957346184,0.994807869,6.101486529,0.751113755,2.674286737,0.94158294
0.4,7,0.8,100,5,0.53251931,0.998388688,6.260140632,0.735897082,2.674381152,0.941578815
0.2,7,0.6,400,3,0.101690353,0.999932502,5.968409129,0.757148445,2.679788809,0.941342318
0.1,5,0.6,300,3,1.022690443,0.994072165,5.914976621,0.767611493,2.681157718,0.941282375
0.2,8,0.8,200,5,0.389404575,0.999144426,6.073568091,0.74557011,2.683687899,0.9411715
0.2,5,0.6,400,5,0.398553012,0.999095617,5.751539646,0.780701796,2.688907637,0.940942436
0.4,8,0.6,200,10,0.320276057,0.999408461,6.189138581,0.746790568,2.690870346,0.940856189
0.4,5,0.8,100,10,1.702764789,0.983468346,6.454376392,0.72395124,2.69233644,0.940791724
0.3,7,0.7,200,10,0.652894162,0.997588285,5.980652777,0.757854947,2.692541896,0.940782687
0.2,5,0.8,200,5,0.97220769,0.994648535,5.919614253,0.764750097,2.693684321,0.940732426
0.2,7,0.6,400,10,0.422371108,0.998973945,5.750914958,0.776402027,2.698670211,0.940512819
0.3,8,0.7,200,10,0.514532535,0.998501352,6.194623145,0.740702023,2.702605953,0.94033918
0.2,5,0.6,300,5,0.593926036,0.997984755,5.78234743,0.779289364,2.703791019,0.940286848
0.1,7,0.9,200,5,1.593175917,0.985634406,6.042842875,0.755421714,2.703937772,0.940280365
0.3,7,0.6,200,10,0.61592705,0.997849591,5.776846104,0.778489838,2.708668404,0.940071219
0.3,6,0.7,100,5,1.10167044,0.993086394,6.025238232,0.755414568,2.711181039,0.939959985
0.1,7,0.9,100,1,1.336926371,0.989906035,6.048638432,0.760663836,2.712537296,0.9398999
0.2,5,0.8,400,3,0.181811074,0.999810088,6.001846012,0.762395717,2.71379906,0.939843975
0.2,5,0.8,300,3,0.293010289,0.999512324,6.004529391,0.76212994,2.714473273,0.939814081
0.2,5,0.7,200,3,0.635404662,0.997704096,6.116962449,0.755475378,2.716464819,0.939725734
0.1,7,0.6,300,10,1.58724808,0.985708978,6.233458908,0.742537013,2.717069215,0.93969891
0.1,8,0.6,400,3,0.225768901,0.99970754,5.927838303,0.762517537,2.71754278,0.939677888
0.4,7,0.9,100,3,0.253808515,0.999635268,6.487485543,0.717011715,2.722654226,0.939450754
0.4,7,0.9,200,3,0.088130646,0.999942357,6.487211579,0.716317253,2.724683774,0.93936045
0.1,8,0.8,400,3,0.196612822,0.999780385,5.846997928,0.765429193,2.726582512,0.939275906
0.1,6,0.9,400,5,0.717087536,0.997089529,5.886103578,0.764193321,2.727704104,0.939225937
0.2,5,0.8,400,5,0.335040606,0.999359185,5.833116343,0.77160566,2.728438074,0.939193226
0.4,7,0.9,300,3,0.078413559,0.999944945,6.48790769,0.716264631,2.728459688,0.939192263
0.4,7,0.9,400,3,0.077207729,0.999944982,6.488099952,0.716248632,2.728918633,0.939171805
0.1,7,0.8,400,10,1.237140505,0.991311133,6.152000085,0.746893239,2.729676771,0.939138002
0.1,7,0.6,400,3,0.312341759,0.999442731,5.609493457,0.787824926,2.731428297,0.939059871
0.2,7,0.6,100,3,0.973467742,0.994632903,6.085966942,0.749595548,2.732503213,0.939011898
0.1,8,0.6,300,3,0.388534979,0.999135006,5.942664763,0.762268724,2.734244762,0.938934132
0.2,3,0.9,300,3,1.128676952,0.992724019,6.311351859,0.733693553,2.734611363,0.938917756
0.4,7,0.7,200,5,0.149636114,0.999872697,6.131775456,0.74573153,2.734859218,0.938906683
0.1,8,0.6,200,1,0.31131782,0.999444708,5.814827862,0.77683921,2.739219931,0.938711702
0.3,3,0.7,400,10,1.139609587,0.992627715,6.012536062,0.760436663,2.741592084,0.938605505
0.2,7,0.8,200,3,0.254306498,0.999632367,6.106795417,0.753898458,2.742444182,0.938567336
0.4,7,0.7,300,5,0.092977486,0.999940101,6.128843083,0.74561051,2.742499774,0.938564845
0.1,5,0.8,400,10,1.699022391,0.983691316,6.192741566,0.743622315,2.742620934,0.938559417
0.2,5,0.8,300,5,0.524830076,0.998432087,5.846745836,0.770697179,2.743305953,0.938528721
0.1,8,0.7,400,10,0.984180631,0.99452086,6.005038309,0.755041407,2.743929668,0.938500766
0.2,7,0.8,200,1,0.098325348,0.999936383,6.094977072,0.747802768,2.743998497,0.93849768
0.4,3,0.6,400,5,0.614352037,0.997820882,5.642986086,0.787300578,2.744441828,0.938477806
0.2,3,0.8,200,1,1.165859401,0.992233568,6.088725431,0.75435854,2.746903676,0.938367382
0.4,7,0.7,400,5,0.081830752,0.999944534,6.128775636,0.745513014,2.748098858,0.938313737
0.2,7,0.8,300,1,0.080682631,0.999944726,6.098502178,0.747517945,2.748726052,0.938285577
0.3,8,0.9,400,3,0.077291189,0.99994498,5.934686054,0.761240445,2.749333441,0.9382583
0.2,7,0.8,400,1,0.077786789,0.999944971,6.098809165,0.747493285,2.749563982,0.938247945
0.3,8,0.9,300,3,0.078936125,0.999944848,5.935314149,0.761204765,2.74983988,0.938235551
0.4,3,0.7,200,10,1.598408974,0.985532774,6.091575897,0.75176304,2.750306705,0.938214579
0.3,8,0.9,200,3,0.095368846,0.999936724,5.940019186,0.760971469,2.751255083,0.938171961
0.2,5,0.8,200,3,0.601383497,0.997943845,6.000428312,0.762854731,2.753200575,0.938084489
0.1,7,0.6,200,5,1.483494528,0.98748919,6.143975827,0.745358967,2.754422118,0.938029535
0.3,7,0.9,200,10,0.728007099,0.996995746,6.040042455,0.756119204,2.758557511,0.937843315
0.1,8,0.6,200,5,1.23053435,0.991436621,6.21423473,0.742631755,2.759045072,0.937821342
0.2,7,0.8,300,3,0.120770603,0.999912954,6.093787118,0.754764233,2.759093523,0.937819158
0.1,7,0.6,300,3,0.525382541,0.998428799,5.633629744,0.786778163,2.759201955,0.93781427
0.1,8,0.6,300,1,0.13955663,0.999887017,5.797389491,0.777836758,2.759853893,0.937784881
0.2,7,0.8,400,3,0.090379635,0.999941124,6.090291754,0.755144631,2.760855057,0.937739734
0.4,7,0.6,200,5,0.157228676,0.999853874,5.752840046,0.774273481,2.760896665,0.937737857
0.2,7,0.9,100,5,1.640130699,0.984729224,6.366179987,0.73460975,2.76190985,0.937692152
0.2,3,0.9,200,1,1.132677953,0.992682349,6.279400943,0.73665679,2.763445372,0.93762285
0.1,5,0.8,200,3,1.5380892,0.986658395,6.158216318,0.747914256,2.763831632,0.937605412
0.2,8,0.6,200,3,0.21387901,0.999734959,5.989276164,0.755508105,2.76421666,0.937588026
0.3,7,0.7,200,3,0.136455647,0.999892062,5.966991257,0.763895215,2.764653353,0.937568305
0.1,8,0.6,400,1,0.099051313,0.999935696,5.793869744,0.777917119,2.766244103,0.937496439
0.2,7,0.6,300,10,0.649989299,0.997579795,5.798828054,0.773707618,2.766403793,0.937489223
0.4,7,0.6,300,5,0.092298452,0.999939484,5.75352148,0.77413314,2.767266949,0.937450208
0.2,3,0.9,100,1,2.11295697,0.97474466,6.602619504,0.708263012,2.769388857,0.937354246
0.2,8,0.6,300,3,0.113067196,0.999921973,5.977587168,0.755980495,2.7703022,0.937312919
0.2,5,0.6,200,5,0.98068478,0.994523804,5.827172535,0.776326454,2.770445662,0.937306426
0.3,7,0.7,300,3,0.090392948,0.99994123,5.965244629,0.764059759,2.771014649,0.937280671
0.3,7,0.7,400,3,0.080805045,0.999944676,5.965204505,0.764103816,2.771136757,0.937275144
0.2,8,0.6,400,3,0.089298162,0.999941804,5.97579927,0.75602821,2.772499071,0.937213456
0.1,5,0.9,300,3,0.925665447,0.995147112,6.065575662,0.754983749,2.772920134,0.937194384
0.1,8,0.8,300,3,0.374014655,0.99920804,5.866340653,0.764631779,2.77292603,0.937194117
0.4,7,0.6,400,5,0.081680881,0.999944349,5.755173664,0.773940389,2.773449674,0.937170394
0.3,8,0.9,100,3,0.37241325,0.999216513,5.978349306,0.758963378,2.774275643,0.937132965
0.2,3,0.9,200,3,1.612841164,0.985271361,6.459647166,0.719914186,2.776472278,0.937033371
0.1,5,0.8,300,5,1.387580318,0.989109597,6.199231288,0.743105785,2.77710718,0.937004571
0.4,7,0.7,100,5,0.517900218,0.998475,6.189886103,0.742708531,2.779494154,0.936896233
0.2,7,0.8,100,1,0.346771385,0.999320076,6.076073731,0.750055924,2.779614146,0.936890784
0.4,7,0.6,100,5,0.531968594,0.998340043,5.804137281,0.772312642,2.781527776,0.936803859
0.3,3,0.8,300,10,1.492739414,0.98740699,6.381726175,0.726175671,2.781675424,0.93679715
0.1,5,0.9,400,3,0.604888972,0.99791553,6.046596846,0.756401,2.784200309,0.936682361
0.3,7,0.6,100,1,0.210501649,0.999748432,6.154021099,0.747715166,2.785845756,0.936607498
0.3,7,0.6,200,1,0.086287673,0.999943142,6.133260866,0.749090581,2.786964124,0.936556591
0.3,7,0.6,400,1,0.077180436,0.999944982,6.132206329,0.749211562,2.787973576,0.936510623
0.3,7,0.6,300,1,0.078221463,0.999944952,6.132300345,0.749203809,2.788176576,0.936501377
0.4,3,0.7,300,10,1.131679025,0.992729106,5.871623201,0.768761105,2.788229974,0.936498945
0.4,7,0.8,400,10,0.11856632,0.999911333,6.019268207,0.753522181,2.790669601,0.936387773
0.4,7,0.8,200,3,0.092722838,0.999939828,6.503277509,0.716547882,2.792953037,0.93628363
0.2,8,0.7,400,10,0.304263734,0.999475108,5.962972315,0.755948331,2.793707075,0.936249221
0.2,5,0.6,400,3,0.260336049,0.999612178,5.837577779,0.774941151,2.793729774,0.936248186
0.3,7,0.8,300,3,0.086176793,0.999943263,6.386320538,0.723925835,2.793736323,0.936247887
0.4,7,0.8,300,3,0.079409229,0.999944859,6.505439432,0.716387912,2.794316826,0.93622139
0.3,7,0.8,400,5,0.091827102,0.999940218,6.056710137,0.7540441,2.794538085,0.93621129
0.3,7,0.8,400,3,0.079321706,0.999944863,6.386476815,0.723899829,2.794821678,0.936198342
0.3,7,0.8,300,5,0.126078809,0.999906109,6.057704111,0.754016057,2.794930232,0.936193386
0.2,7,0.7,400,3,0.096427162,0.999936817,6.196562321,0.734825223,2.795284837,0.936177194
0.2,7,0.7,300,3,0.136747668,0.999891658,6.198768194,0.734756463,2.795746836,0.936156095
0.4,7,0.8,400,3,0.077446749,0.999944979,6.505813858,0.716358677,2.795844465,0.936151636
0.2,5,0.6,300,3,0.401742773,0.999075635,5.851088102,0.774526807,2.796484303,0.936122409
0.1,6,0.9,400,3,0.373532595,0.99920661,6.030967641,0.753391379,2.796853581,0.936105538
0.3,7,0.8,200,3,0.12552625,0.999908823,6.386348684,0.723925622,2.797096423,0.936094442
0.4,7,0.8,300,10,0.19439518,0.999777239,6.022904653,0.753354231,2.798352435,0.936037036
0.2,7,0.7,200,3,0.287753328,0.999530875,6.200464014,0.735150288,2.798768666,0.936018007
0.1,7,0.9,300,10,1.863068466,0.980279622,6.597177416,0.714435788,2.799342195,0.935991782
0.3,3,0.8,400,10,1.158663831,0.992364749,6.246148626,0.738048699,2.804227211,0.935768191
0.3,8,0.6,100,1,0.128075685,0.999903069,6.227857808,0.73955808,2.804313867,0.935764221
0.3,7,0.8,200,5,0.256676773,0.999624339,6.075655534,0.752983519,2.804826078,0.935740753
0.3,5,0.6,400,10,0.428806656,0.998950042,5.697491263,0.782213271,2.807465031,0.935619778
0.4,7,0.7,100,3,0.280099563,0.999551077,6.027261696,0.758131401,2.808646707,0.935565571
0.4,7,0.8,100,3,0.268549769,0.999592481,6.502332907,0.716539873,2.812663519,0.935381136
0.1,8,0.9,400,3,0.190351895,0.999794563,5.876777796,0.762829364,2.813863748,0.935325976
0.3,8,0.6,200,1,0.07928428,0.999944862,6.225112038,0.739494184,2.814388776,0.935301839
0.3,7,0.7,100,1,0.170160912,0.99983205,6.355236849,0.736761187,2.814411109,0.935300812
0.2,8,0.9,400,10,0.341702901,0.999339233,6.017757352,0.749835367,2.814671739,0.935288828
0.3,6,0.9,200,5,0.370412526,0.999210377,5.721591003,0.77974215,2.814806124,0.935282649
0.2,6,0.9,400,10,0.564323581,0.998182187,5.994225401,0.759582749,2.815147644,0.935266944
0.3,8,0.6,300,1,0.077184805,0.999944982,6.225045023,0.739499447,2.815421985,0.935254327
0.3,8,0.6,400,1,0.077041715,0.999944983,6.22504928,0.739499882,2.815475633,0.935251859
0.2,8,0.6,200,10,0.94397609,0.994894118,6.03509629,0.75692525,2.816411331,0.935208815
0.3,6,0.9,400,5,0.104259693,0.999930341,5.704753279,0.780832176,2.816634902,0.935198528
0.1,8,0.9,300,3,0.373872226,0.999211976,5.899451788,0.761734441,2.818390259,0.935117733
0.1,8,0.6,100,1,1.20930615,0.991707406,5.979999677,0.765354468,2.819495329,0.935066843
0.3,7,0.7,400,1,0.077108346,0.999944983,6.360844881,0.736338281,2.820370708,0.935026517
0.3,7,0.7,200,1,0.082480217,0.999944352,6.359785638,0.736398454,2.820437656,0.935023432
0.3,7,0.7,300,1,0.077597025,0.999944977,6.360769036,0.736344241,2.820526462,0.935019341
0.1,6,0.9,300,5,1.113063391,0.992980564,5.967403662,0.758783359,2.820756153,0.935008757
0.3,6,0.9,300,5,0.160231282,0.999852659,5.709263957,0.780479828,2.821465326,0.934976073
0.3,7,0.7,100,3,0.495128423,0.998617639,5.98719799,0.763051517,2.823274851,0.934892641
0.3,3,0.9,200,5,1.445861681,0.988194703,6.171014895,0.74617401,2.823384267,0.934887595
0.4,8,0.6,100,3,0.212144927,0.999742474,5.976904509,0.749694578,2.826200933,0.934757615
0.1,5,0.9,400,1,0.248191189,0.999633894,5.899734916,0.769419592,2.826258797,0.934754943
0.2,8,0.7,300,10,0.506239423,0.998547017,5.995501251,0.75436235,2.826763309,0.934731648
0.4,7,0.7,200,3,0.10126432,0.999934763,5.984060087,0.760864385,2.828878539,0.934633932
0.1,6,0.9,300,3,0.649148652,0.997619644,6.051099825,0.751977477,2.829581069,0.934601462
0.2,3,0.6,300,5,1.484754778,0.98748616,6.065768861,0.751534452,2.829895888,0.934586909
0.2,5,0.6,200,3,0.722794881,0.997006318,5.897827363,0.77143918,2.830522729,0.934557927
0.2,8,0.7,100,1,0.281714265,0.999548598,6.164582123,0.748339715,2.832835774,0.934450927
0.1,7,0.8,100,1,1.380268368,0.989172444,6.082465172,0.754887861,2.833822707,0.934405246
0.1,7,0.7,400,5,0.554457238,0.998252826,6.027422676,0.757348923,2.833863927,0.934403338
0.1,5,0.9,300,1,0.423294943,0.998957908,5.895486094,0.769679468,2.834701521,0.934364555
0.1,5,0.9,400,5,0.976302882,0.994608368,6.040521934,0.757427316,2.835402698,0.934332081
0.3,3,0.7,300,10,1.457348123,0.987949907,6.130849291,0.750402901,2.835646212,0.934320801
0.4,7,0.8,200,10,0.428641957,0.998954445,6.063663386,0.750914496,2.836478116,0.934282258
0.3,3,0.6,400,1,0.464858128,0.998710903,5.661297748,0.78633404,2.83687202,0.934264004
0.4,7,0.7,300,3,0.081683716,0.999944566,5.982164631,0.760938777,2.837289993,0.934244632
0.1,8,0.6,200,3,0.801520443,0.996335316,5.993650813,0.760060648,2.839298276,0.934151514
0.2,3,0.8,400,10,1.608674746,0.985381914,6.329602785,0.733186266,2.839374722,0.934147968
0.4,7,0.7,400,3,0.078042148,0.999944964,5.982714202,0.760902467,2.839668364,0.934134347
0.3,3,0.6,300,1,0.636636097,0.997632233,5.702818028,0.783748826,2.841775757,0.934036549
0.2,3,0.8,300,1,0.780921714,0.996429909,5.986320718,0.761141467,2.845874967,0.93384611
0.4,7,0.6,300,3,0.082287384,0.999944441,5.95653006,0.764269115,2.846608965,0.933811981
0.4,7,0.6,400,3,0.078377199,0.999944947,5.956683569,0.764242462,2.846974427,0.933794985
0.4,8,0.7,200,10,0.306666767,0.99945895,6.189195828,0.736864709,2.847234821,0.933782874
0.2,8,0.7,200,1,0.092592882,0.999940201,6.167479432,0.747710072,2.848070854,0.933743981
0.2,8,0.7,400,1,0.077366198,0.999944981,6.168633292,0.747565739,2.850201,0.933644835
0.2,6,0.9,300,10,0.884680768,0.995566114,6.07732647,0.753371564,2.85061514,0.933625551
0.2,8,0.7,300,1,0.07923181,0.999944893,6.168572559,0.747577533,2.850618063,0.933625414
0.1,5,0.8,400,1,0.257170925,0.999615893,6.109060552,0.752775929,2.851502373,0.933584227
0.2,8,0.6,100,3,0.795610941,0.996400927,6.081880551,0.750428657,2.851600571,0.933579653
0.4,7,0.6,200,3,0.105158147,0.99993064,5.959424201,0.764143754,2.851613348,0.933579057
0.2,3,0.6,400,5,1.164998735,0.992295058,5.948266871,0.760514111,2.851940922,0.933563796
0.2,3,0.6,200,5,2.061720715,0.975831066,6.290186714,0.733594946,2.851951815,0.933563289
0.2,8,0.9,300,3,0.094611268,0.999937754,5.901681361,0.763439837,2.852243966,0.933549677
0.2,8,0.9,400,3,0.081354148,0.999944485,5.89980231,0.763537647,2.852349408,0.933544764
0.1,5,0.9,400,10,1.742895705,0.982804285,6.171224817,0.746605838,2.853475329,0.933492289
0.4,8,0.7,300,10,0.145434468,0.999878897,6.165513061,0.73790004,2.853689186,0.93348232
0.4,8,0.7,400,10,0.10109143,0.999934234,6.153698435,0.738652725,2.854491938,0.933444891
0.4,8,0.6,200,3,0.090191305,0.999941494,5.953705158,0.751002891,2.854869464,0.933427285
0.2,8,0.9,300,10,0.59020658,0.998036218,6.067058678,0.746390397,2.857458164,0.933306499
0.1,8,0.7,400,1,0.091883093,0.999940085,5.935799749,0.760647369,2.858388677,0.933263055
0.4,8,0.6,300,3,0.07893714,0.999944901,5.952394696,0.751110308,2.858753518,0.933246017
0.4,8,0.6,400,3,0.077341569,0.99994498,5.952204751,0.751124779,2.859527719,0.933209856
0.2,8,0.9,200,3,0.185070789,0.999803544,5.921244394,0.762238137,2.86025013,0.933176105
0.3,8,0.7,100,1,0.114857838,0.999919614,6.127243198,0.74263739,2.862096254,0.933089815
0.1,5,0.8,300,1,0.426950234,0.998953994,6.105428303,0.753458644,2.862570462,0.933067642
0.1,8,0.7,300,1,0.12586133,0.999905467,5.939527936,0.760562931,2.862999739,0.933047565
0.3,3,0.7,200,5,1.436487075,0.988345146,6.086251357,0.754834087,2.86353439,0.933022557
0.3,8,0.7,200,1,0.078225117,0.999944945,6.126579276,0.742421497,2.864784947,0.932964044
0.3,8,0.7,300,1,0.077090466,0.999944983,6.126554585,0.742415716,2.865335397,0.93293828
0.3,8,0.7,400,1,0.077031201,0.999944983,6.126564636,0.742414451,2.865358305,0.932937208
0.4,3,0.8,300,10,1.141077858,0.992572694,6.037101093,0.758598505,2.866218125,0.932896954
0.3,8,0.6,400,10,0.151194902,0.999867158,6.061569631,0.753774464,2.866655657,0.932876466
0.4,7,0.6,100,3,0.317794655,0.999411194,5.999091335,0.762021249,2.867920981,0.932817197
0.3,6,0.6,300,10,0.473535912,0.998687853,6.015701604,0.76024523,2.870852608,0.932679776
0.2,3,0.7,400,10,1.599695065,0.985500032,6.334598076,0.73321473,2.871252922,0.932661001
0.1,8,0.9,200,3,0.834606782,0.996061054,5.963626017,0.757514763,2.872959161,0.932580945
0.3,5,0.6,300,10,0.627796451,0.997747618,5.736799057,0.779866953,2.874404423,0.932513096
0.2,5,0.8,200,10,1.675608882,0.984110602,6.215575264,0.74313104,2.87535462,0.932468471
0.3,8,0.6,300,10,0.246896442,0.999649207,6.070577776,0.753228709,2.876422875,0.932418282
0.3,3,0.8,200,10,2.054734683,0.976081992,6.637898232,0.703266592,2.876748874,0.932402963
0.1,5,0.9,300,5,1.368407985,0.989429133,6.149980143,0.749514181,2.877725849,0.932357042
0.2,8,0.8,400,10,0.323957615,0.999403749,6.361355637,0.727602447,2.877879464,0.93234982
0.3,3,0.6,200,1,0.989774489,0.994365609,5.833263956,0.775053324,2.879208858,0.932287305
0.3,5,0.8,400,10,0.382671285,0.999163564,5.843725883,0.773571946,2.879779056,0.932260483
0.2,8,0.8,100,5,1.3343008,0.989856574,6.29034726,0.730305187,2.881376078,0.93218533
0.4,5,0.7,300,10,0.394296822,0.999117352,5.993026846,0.764772281,2.881724177,0.932168944
0.3,3,0.9,300,10,1.559719102,0.986202385,6.337260973,0.730968992,2.881758895,0.93216731
0.3,5,0.9,200,10,1.109374027,0.993038831,6.081311392,0.758126359,2.88180303,0.932165232
0.4,3,0.7,400,10,0.867968244,0.995685819,5.79577784,0.774608386,2.881856872,0.932162697
0.1,8,0.7,200,1,0.275638351,0.999565706,5.946671069,0.760850857,2.882436971,0.932135384
0.4,5,0.7,400,10,0.254385653,0.999631384,5.967340714,0.766229222,2.883058901,0.932106095
0.3,6,0.6,200,10,0.825722027,0.996062758,6.068701445,0.756251299,2.883152696,0.932101677
0.3,5,0.9,300,10,0.680837108,0.997370289,6.029983009,0.761407409,2.88651173,0.931943375
0.4,3,0.6,200,3,0.998672602,0.994271988,6.023972478,0.758553443,2.887043222,0.93191831
0.1,8,0.9,400,1,0.084822682,0.999943549,5.876091108,0.763748626,2.887724557,0.931886172
0.3,7,0.8,100,3,0.4825332,0.998673872,6.401328339,0.723510375,2.889467813,0.931803909
0.3,3,0.6,300,5,1.131920424,0.992688449,5.925658158,0.762158811,2.890397985,0.931759995
0.1,8,0.9,300,1,0.107858513,0.999927163,5.880961466,0.763496264,2.890500091,0.931755174
0.3,3,0.9,100,1,1.475583924,0.987612311,6.191050826,0.74763638,2.891072157,0.931728158
0.2,6,0.6,200,5,0.713600922,0.997109596,5.880734851,0.769258729,2.891684046,0.931699256
0.1,8,0.7,400,5,0.408616135,0.999052531,5.983876641,0.750271719,2.891902674,0.931688928
0.1,5,0.9,200,3,1.520047305,0.986953946,6.164868644,0.747750824,2.892613608,0.931655337
0.3,3,0.8,200,3,1.103571722,0.993063312,6.222029364,0.748375369,2.89300041,0.931637057
0.3,6,0.8,300,3,0.103571881,0.999930642,5.971287096,0.765357135,2.89307448,0.931633557
0.3,6,0.6,400,10,0.300546952,0.999469772,5.995218644,0.761455581,2.893173398,0.931628882
0.3,6,0.8,400,3,0.084275888,0.999943601,5.969338014,0.765482479,2.893405188,0.931617926
0.3,6,0.8,200,3,0.189234414,0.999794895,5.981207054,0.764555421,2.893589508,0.931609213
0.1,6,0.8,400,1,0.144545731,0.999879705,5.838219085,0.773520733,2.893761589,0.931601079
0.1,5,0.8,200,1,0.844814527,0.995962471,6.139385363,0.751526742,2.895476326,0.931519993
0.1,5,0.6,200,3,1.595577707,0.985557855,6.079360256,0.755274833,2.896840051,0.931455472
0.2,3,0.8,200,3,1.616221771,0.985245527,6.379316854,0.730534637,2.897097072,0.931443308
0.3,5,0.9,400,10,0.445485973,0.998866927,6.032424467,0.76156334,2.897588463,0.93142005
0.2,6,0.6,400,5,0.246058651,0.999653689,5.803481205,0.773985623,2.897663819,0.931416483
0.2,6,0.6,300,5,0.38632305,0.999144987,5.825686587,0.772854509,2.899232181,0.931342221
0.2,3,0.8,200,5,1.978286156,0.977854402,6.382898112,0.724156144,2.899846637,0.931313116
0.3,7,0.8,100,10,1.780422484,0.982019653,6.422316431,0.721325822,2.902418951,0.931191204
0.2,3,0.8,300,5,1.430205034,0.988452,6.167321831,0.744491387,2.90357183,0.93113653
0.2,5,0.7,200,1,0.320777344,0.99941255,6.273206563,0.741769256,2.904229488,0.931105331
0.1,6,0.8,300,1,0.252707788,0.999634843,5.836741412,0.773836235,2.9046661,0.931084615
0.3,7,0.8,100,1,0.147840411,0.999874059,6.079899406,0.752419934,2.906101795,0.931016472
0.2,7,0.8,100,3,0.956458049,0.994823796,6.217652469,0.745986525,2.907650915,0.930942908
0.1,7,0.7,300,5,0.870765933,0.995712154,6.087026885,0.753087115,2.907730652,0.93093912
0.3,5,0.8,300,10,0.600440464,0.997946447,5.87944033,0.771116922,2.908671399,0.930894426
0.1,8,0.9,200,1,0.247539848,0.999653098,5.896472693,0.76287426,2.909615053,0.930849579
0.3,6,0.9,100,3,0.699610213,0.99722776,5.877987076,0.761145788,2.909808646,0.930840377
0.3,5,0.8,100,5,1.334907643,0.989883431,6.145017341,0.753749968,2.910669747,0.930799438
0.4,8,0.8,200,5,0.110386744,0.999924117,6.272789127,0.739499993,2.910954678,0.930785889
0.2,7,0.8,100,5,1.47461273,0.987729929,6.310252153,0.735047081,2.911126493,0.930777718
0.2,3,0.9,400,3,0.8430664,0.995869384,6.263031971,0.738040547,2.911407309,0.930764363
0.3,7,0.8,200,1,0.080498914,0.999944717,6.07784437,0.752707825,2.911487724,0.930760538
0.1,6,0.8,200,1,0.576027695,0.998110092,5.853320256,0.773383834,2.912326758,0.930720625
0.1,5,0.9,200,1,0.821485832,0.996183396,5.912767875,0.767819055,2.913469712,0.930666237
0.4,8,0.8,300,5,0.081571882,0.999944416,6.26923264,0.739565005,2.914853942,0.930600338
0.3,7,0.8,300,1,0.077362545,0.99994498,6.07765384,0.752728816,2.915199524,0.930583881
0.3,7,0.8,400,1,0.077058593,0.999944983,6.077652779,0.752729172,2.915678846,0.930561053
0.2,5,0.7,300,1,0.162751253,0.999848186,6.28761837,0.740293222,2.915785576,0.930555969
0.2,8,0.9,300,1,0.077679549,0.999944974,6.014460103,0.754411038,2.915819834,0.930554337
0.2,8,0.9,200,1,0.084924643,0.99994364,6.015777772,0.754369933,2.915824454,0.930554117
0.2,8,0.9,400,1,0.077093435,0.999944983,6.014361754,0.75441522,2.916230506,0.930534774
0.1,7,0.7,400,10,1.132436869,0.992745367,6.039433848,0.757343771,2.917039611,0.930496222
0.3,3,0.9,200,10,2.151506232,0.97362714,6.638090327,0.705111653,2.918236731,0.930439163
0.4,8,0.8,400,5,0.077952413,0.999944958,6.268762338,0.739570755,2.918533701,0.930425005
0.1,8,0.7,400,3,0.208020328,0.999754249,5.918079688,0.762603061,2.919277986,0.930389515
0.3,6,0.9,100,5,1.143281976,0.992585025,5.900083819,0.766699539,2.920569193,0.930327923
0.2,5,0.9,400,10,0.764085901,0.996698512,5.943882635,0.764010816,2.920660437,0.93032357
0.1,8,0.8,200,3,0.828048008,0.996130469,5.94349245,0.760665969,2.922537969,0.930233959
0.1,5,0.6,200,5,2.034987211,0.976493988,6.068811833,0.755487794,2.923216041,0.930201581
0.2,5,0.9,300,10,1.107418087,0.993077754,6.015508526,0.758266201,2.923528197,0.930186674
0.2,3,0.8,400,1,0.571892551,0.998011331,5.946648718,0.763318741,2.923702361,0.930178355
0.4,3,0.6,300,3,0.664770167,0.99741327,5.920471969,0.766614153,2.923821617,0.930172659
0.2,3,0.8,300,10,2.038624354,0.976470601,6.526023162,0.716028873,2.924797703,0.930126029
0.2,5,0.7,400,1,0.11031295,0.999924512,6.296459549,0.739617478,2.92487893,0.930122148
0.4,8,0.8,100,5,0.429875846,0.998956341,6.313044309,0.73777851,2.925561066,0.930089551
0.3,3,0.8,200,5,1.401118225,0.988856504,6.336553711,0.732372967,2.93022631,0.929866408
0.1,7,0.6,200,3,1.000111663,0.994331471,5.730771664,0.78117258,2.931200222,0.92981978
0.3,3,0.7,300,5,0.997637921,0.994348972,5.932893813,0.768329251,2.931515263,0.929804693
0.2,4,0.7,400,5,0.61630064,0.997808842,5.904006694,0.765296685,2.933489133,0.929710132
0.2,5,0.9,400,3,0.169863944,0.999831838,6.129513054,0.749656745,2.933886957,0.929691067
0.3,5,0.8,200,10,1.043580418,0.993850341,5.977642713,0.764092589,2.934032007,0.929684114
0.2,8,0.6,100,1,0.313038599,0.999446981,6.117299574,0.749930177,2.934914203,0.929641823
0.2,3,0.9,300,1,0.724559241,0.996930631,6.24745939,0.739450551,2.935223966,0.929626971
0.4,3,0.8,200,10,1.630581662,0.984900749,6.172286196,0.747109164,2.936315209,0.929574635
0.1,8,0.7,300,3,0.37448125,0.999208616,5.930113346,0.762497185,2.937791591,0.929503797
0.2,8,0.8,300,10,0.559072596,0.998234533,6.402443755,0.725012529,2.939119075,0.929440073
0.2,7,0.9,400,1,0.077356482,0.99994498,6.39313455,0.730627121,2.939305245,0.929431134
0.3,3,0.6,400,5,0.86398888,0.995708081,5.846988415,0.767649993,2.939333264,0.929429789
0.3,3,0.8,100,3,2.024001836,0.976807937,6.520684798,0.722640706,2.939860317,0.929404479
0.2,7,0.9,300,1,0.079376007,0.999944874,6.393085138,0.730634296,2.940519803,0.929372802
0.4,3,0.8,400,10,0.861722123,0.995749618,5.963352907,0.763904269,2.941867389,0.929308053
0.3,7,0.8,100,5,0.899298312,0.995429947,6.193960962,0.744618967,2.942485428,0.929278348
0.2,7,0.9,200,1,0.095204857,0.999938891,6.393308373,0.730694904,2.942491054,0.929278077
0.3,8,0.6,200,10,0.503713581,0.998552346,6.108281496,0.750481856,2.944358164,0.929188298
0.2,6,0.7,400,10,0.561575476,0.998190135,5.845358008,0.772604581,2.944656957,0.929173925
0.1,4,0.8,400,3,0.995902186,0.994365271,6.187865533,0.744681717,2.944798798,0.929167102
0.2,7,0.6,200,10,1.10310473,0.993067168,5.921386038,0.765469397,2.945395115,0.929138412
0.2,5,0.9,300,3,0.285419487,0.999531655,6.12773938,0.749632865,2.945673743,0.929125004
0.2,8,0.9,100,1,0.249493375,0.999648478,6.038003182,0.753518032,2.947049129,0.929058804
0.2,8,0.6,200,1,0.095462046,0.999938036,6.096246357,0.751129102,2.948521868,0.928987882
0.4,5,0.7,200,10,0.716790066,0.997074636,6.048823639,0.760869432,2.949543673,0.928938656
0.3,6,0.9,200,3,0.178557844,0.999816143,5.8252464,0.764870384,2.949829458,0.928924885
0.2,3,0.8,100,1,2.188235274,0.972801957,6.4492014,0.722793094,2.95308438,0.928767946
0.1,3,0.8,300,1,1.56970956,0.986072941,6.392976009,0.729660643,2.953129067,0.92876579
0.1,3,0.6,400,1,1.359712386,0.989560716,6.083970339,0.752431075,2.95338696,0.928753348
0.3,8,0.6,300,3,0.083604273,0.999943918,6.108933244,0.745289935,2.953503947,0.928747703
0.3,8,0.6,400,3,0.07845455,0.999944933,6.109394974,0.74524442,2.955589925,0.928647021
0.3,8,0.8,400,5,0.082455309,0.999944197,5.862978861,0.762448611,2.956016349,0.92862643
0.3,8,0.6,200,3,0.110553543,0.999924327,6.106544584,0.745486708,2.956124354,0.928621214
0.3,8,0.8,300,5,0.09893444,0.999934697,5.868259837,0.762187363,2.957427549,0.928558266
0.2,3,0.9,300,5,1.434172077,0.988368824,6.343366445,0.727985294,2.957823005,0.928539159
0.2,8,0.6,300,1,0.07970326,0.999944823,6.094149512,0.751230677,2.958125515,0.928524541
0.3,8,0.9,200,5,0.168024713,0.99983391,5.894047997,0.764895021,2.959003598,0.928482102
0.1,7,0.7,100,1,1.324285793,0.990043622,6.190472348,0.750063163,2.959207355,0.928472252
0.2,4,0.7,300,5,0.875388734,0.995636419,5.960858669,0.76077823,2.959775567,0.92844478
0.3,8,0.9,300,5,0.092311287,0.99993846,5.88673831,0.7652152,2.960392291,0.928414958
0.2,8,0.6,400,1,0.077504961,0.999944978,6.09419977,0.751218722,2.960506851,0.928409417
0.2,8,0.9,200,10,1.167207125,0.992304476,6.216847848,0.736433997,2.960617392,0.928404071
0.3,3,0.9,200,1,0.727784325,0.996863447,6.09091216,0.756336959,2.961364705,0.928367922
0.2,6,0.6,400,10,0.539585045,0.998342662,5.729687442,0.784822997,2.962269961,0.928324121
0.3,8,0.9,400,5,0.080199554,0.999944603,5.884858683,0.765297481,2.962434156,0.928316175
0.3,8,0.6,200,5,0.200352207,0.99977046,5.949168179,0.755643198,2.962463074,0.928314776
0.1,5,0.7,400,10,1.627865449,0.984984589,6.044325109,0.758705278,2.963630914,0.928258246
0.1,6,0.8,400,5,0.717036915,0.997089474,5.816422501,0.774837141,2.965202179,0.928182153
0.3,8,0.8,200,5,0.187720111,0.999799976,5.885484303,0.761275103,2.966446184,0.928121881
0.4,3,0.9,200,10,1.716028474,0.983304301,6.695138897,0.698949903,2.96644895,0.928121747
0.4,7,0.9,400,10,0.115572992,0.999917972,6.145460232,0.744213009,2.967262022,0.928082339
0.3,6,0.9,300,3,0.096134965,0.999935692,5.818529006,0.76533132,2.96800009,0.928046558
0.1,8,0.9,400,10,1.151166215,0.992457727,6.162173568,0.741902002,2.968680273,0.928013574
0.3,8,0.6,300,5,0.110679734,0.999926029,5.927031717,0.757052896,2.970122244,0.927943626
0.2,7,0.7,100,3,0.96133278,0.994776891,6.290990601,0.730724921,2.970720993,0.927914571
0.4,8,0.6,100,10,0.946506995,0.994874397,6.299963967,0.739495122,2.971509894,0.92787628
0.2,5,0.9,200,3,0.596730699,0.997985546,6.112049478,0.749921472,2.971683016,0.927867876
0.4,3,0.6,400,3,0.498771271,0.998525719,5.862171305,0.770514284,2.972115496,0.927846879
0.3,8,0.6,400,5,0.08825456,0.999942539,5.921630347,0.757410943,2.972946142,0.927806543
0.3,6,0.9,400,3,0.08149967,0.999944181,5.818771363,0.765355357,2.974225768,0.927744382
0.2,5,0.8,100,5,2.09742412,0.975098531,6.238655351,0.741913888,2.974630678,0.927724707
0.2,8,0.9,400,5,0.109069683,0.999924996,5.849735265,0.768916435,2.976618976,0.927628054
0.2,8,0.7,200,10,0.981957127,0.994531486,6.115441058,0.746235061,2.978042551,0.927558814
0.4,6,0.9,400,10,0.179383305,0.999808662,5.981274434,0.757379077,2.978473767,0.927537833
0.2,5,0.8,100,3,1.515058932,0.987033877,6.19691735,0.747726986,2.979214446,0.927501789
0.2,8,0.9,100,3,0.778268791,0.996581806,6.028459704,0.755841281,2.981321104,0.927399223
0.2,3,0.6,200,3,1.755702697,0.982483015,6.314404645,0.736485469,2.982616382,0.927336125
0.1,5,0.8,300,10,2.213670741,0.972241203,6.381845126,0.727240473,2.986452223,0.927149104
0.1,3,0.8,200,1,2.207789596,0.972439713,6.607183946,0.709014431,2.987958393,0.927075603
0.2,3,0.6,300,3,1.252979706,0.991085295,6.087630728,0.754488476,2.988065316,0.927070383
0.4,7,0.9,300,10,0.190017262,0.999790965,6.146168951,0.744383583,2.988328737,0.927057524
0.1,8,0.7,300,10,1.469197826,0.987780172,6.152939743,0.744999967,2.988779404,0.927035522
0.3,8,0.6,100,3,0.35705219,0.999276881,6.131446534,0.744300268,2.989704232,0.92699036
0.2,3,0.7,200,3,1.651241343,0.984598125,6.089634043,0.749664646,2.991201461,0.926917216
0.3,6,0.8,400,5,0.105463648,0.999927101,5.71650795,0.779437892,2.991555543,0.926899912
0.3,5,0.7,400,5,0.200719246,0.999771166,6.07212943,0.757761474,2.992432545,0.926857046
0.1,3,0.9,300,1,1.516211023,0.986987684,6.150378526,0.748287191,2.992442652,0.926856552
0.1,6,0.9,200,3,1.216013944,0.991651522,6.132718921,0.746479258,2.993276046,0.926815805
0.4,3,0.6,400,10,0.932426571,0.995052346,5.80234187,0.771943416,2.993746561,0.926792796
0.3,6,0.8,300,5,0.158467878,0.99985303,5.719124922,0.779265397,2.994098666,0.926775575
0.2,8,0.9,300,5,0.180289798,0.999814302,5.856048124,0.768767113,2.99421698,0.926769787
0.3,5,0.7,300,5,0.31104641,0.99944478,6.077322574,0.757624648,2.994584645,0.926751802
0.3,3,0.7,100,1,1.676636113,0.984080035,6.106049552,0.755519378,2.995383506,0.926712716
0.1,8,0.7,300,5,0.699019507,0.997231006,6.036170419,0.747071333,2.995539113,0.926705102
0.4,3,0.6,100,3,1.859362075,0.980354852,6.384586743,0.730087479,2.997466168,0.926610769
0.3,3,0.6,200,5,1.570480238,0.985987838,6.13490162,0.745918413,2.998057237,0.926581823
0.2,5,0.9,200,5,0.97485218,0.994633398,6.17079375,0.746850298,2.998214547,0.926574118
0.3,3,0.9,400,10,1.225138021,0.991473201,6.201625053,0.742151878,2.998957552,0.926537721
0.1,5,0.7,400,5,0.935847369,0.995055843,5.751972394,0.780435335,3.000213868,0.926476159
0.1,7,0.7,400,3,0.302287026,0.999480162,6.118755796,0.749626488,3.000776069,0.926448602
0.4,6,0.9,300,10,0.316797319,0.999420839,5.996242147,0.75609825,3.002511784,0.92636349
0.1,4,0.6,400,5,1.411408777,0.988707001,5.99362193,0.76041578,3.003113203,0.926333987
0.3,8,0.9,100,5,0.71625734,0.997079482,5.964499874,0.760481294,3.004973184,0.926242709
0.2,8,0.6,400,5,0.123548994,0.99990889,6.342022843,0.726718257,3.005715321,0.926206273
0.1,3,0.6,400,3,1.763078043,0.982421147,6.210462869,0.742665009,3.006064499,0.926189126
0.4,7,0.7,400,10,0.124646593,0.999907781,6.291090584,0.728874601,3.00653457,0.92616604
0.1,8,0.6,400,10,0.93429356,0.995018893,5.989631238,0.761636947,3.008296193,0.926079492
0.2,6,0.7,300,10,0.83441683,0.996037796,5.917139018,0.767246016,3.008656878,0.926061765
0.4,6,0.7,300,5,0.120450682,0.99991271,6.03323358,0.758070427,3.009242259,0.92603299
0.2,6,0.6,300,10,0.797821286,0.996386628,5.783351836,0.781130016,3.009722469,0.926009381
0.3,6,0.8,200,5,0.340687143,0.999341583,5.750138831,0.777215738,3.009933429,0.925999009
0.2,3,0.7,300,3,1.170617823,0.992246491,5.907553199,0.764946064,3.011682387,0.925912985
0.1,4,0.8,300,3,1.382660055,0.989180783,6.306893143,0.733202442,3.012646624,0.925865537
0.2,5,0.9,400,5,0.322884641,0.999399379,6.096202763,0.753773966,3.012984146,0.925848925
0.4,6,0.7,200,5,0.224951324,0.999712045,6.051713683,0.75686533,3.013145211,0.925840997
0.1,7,0.8,300,10,1.770453029,0.982153506,6.34246084,0.732587536,3.013463309,0.925825338
0.4,7,0.7,300,10,0.196107978,0.999779998,6.307074319,0.728123281,3.013738504,0.92581179
0.2,5,0.9,300,5,0.5282276,0.998414271,6.098066362,0.753379885,3.014080304,0.925794961
0.4,6,0.7,400,5,0.091955661,0.999940106,6.029674808,0.758246576,3.014599661,0.925769387
0.3,3,0.9,100,5,2.442686045,0.96627029,6.551171185,0.712356923,3.014662723,0.925766281
0.3,3,0.8,300,5,0.990496118,0.99436381,6.225071712,0.743121836,3.015532595,0.925723435
0.2,7,0.9,100,1,0.335958566,0.999358732,6.403068928,0.730591794,3.015932336,0.925703741
0.1,3,0.9,200,1,2.133041681,0.974287021,6.319762199,0.733743462,3.016564205,0.925672606
0.2,8,0.6,300,5,0.199017804,0.999774962,6.341751252,0.727026239,3.017565421,0.925623259
0.4,8,0.7,100,10,0.985338221,0.994463304,6.348697909,0.725415069,3.01777136,0.925613106
0.1,6,0.8,300,5,1.112039706,0.992967555,5.927958101,0.766453379,3.020072155,0.925499636
0.3,6,0.8,100,3,0.664827527,0.99750253,6.052198789,0.759683884,3.020183272,0.925494154
0.1,3,0.8,400,3,1.628107666,0.985037713,6.17879858,0.745091376,3.021222857,0.925442853
0.3,8,0.8,100,5,0.73528658,0.996947056,5.989461346,0.755117254,3.021326678,0.925437729
0.3,3,0.8,300,3,0.749651085,0.996735686,6.152897508,0.753208384,3.023018412,0.925354206
0.3,5,0.7,200,5,0.573277096,0.998103833,6.105732433,0.755904161,3.02368503,0.925321282
0.4,6,0.7,400,10,0.176145811,0.999822108,5.844488748,0.772811608,3.024340244,0.925288913
0.3,3,0.7,400,5,0.736288394,0.996901312,5.827061337,0.776683619,3.024745905,0.925268869
0.1,6,0.8,400,10,1.394362711,0.988996553,6.120732376,0.750438576,3.02631669,0.925191232
0.2,3,0.9,200,5,2.016148824,0.976992038,6.509290382,0.711497004,3.028417668,0.925087326
0.1,6,0.9,400,1,0.12659197,0.99990497,5.926691087,0.764382557,3.029640712,0.925026806
0.2,6,0.9,200,10,1.520405459,0.986895733,6.289982868,0.737371074,3.030005538,0.925008748
0.1,7,0.7,300,3,0.510317521,0.998523783,6.132381514,0.749314865,3.030310914,0.924993632
0.2,3,0.7,300,10,2.017620175,0.976866926,6.50694814,0.718447181,3.031562173,0.924931677
0.2,4,0.7,200,5,1.365648612,0.989453301,6.125031839,0.746329653,3.031869395,0.924916461
0.3,6,0.8,300,1,0.07912283,0.999944872,6.02506572,0.752347898,3.032200421,0.924900064
0.3,6,0.8,400,1,0.077461848,0.999944978,6.02522511,0.752341989,3.032358211,0.924892248
0.3,6,0.6,200,5,0.413150924,0.99902174,5.806761302,0.774086905,3.032504208,0.924885016
0.2,5,0.6,400,10,0.743244263,0.996864389,5.813928282,0.775465916,3.032516625,0.9248844
0.1,6,0.9,300,1,0.22285291,0.999715572,5.928563573,0.764230164,3.032527847,0.924883844
0.4,6,0.7,100,5,0.728325366,0.996992591,6.141372635,0.750737971,3.032821443,0.924869299
0.3,5,0.7,200,3,0.346604715,0.999318537,6.226025829,0.749817451,3.03297404,0.924861738
0.1,8,0.7,100,1,1.121429,0.992861903,6.082827449,0.752255553,3.033224976,0.924849305
0.2,5,0.7,100,1,0.952114293,0.994881101,6.339212116,0.737828318,3.033354909,0.924842866
0.3,6,0.8,200,1,0.089329945,0.999941265,6.025556247,0.752283539,3.033699902,0.924825769
0.2,3,0.7,200,1,1.265475007,0.990936627,6.004141401,0.759122936,3.034791892,0.924771641
0.3,8,0.6,100,5,0.696014142,0.997230888,6.043827616,0.750188599,3.035217743,0.924750527
0.3,6,0.8,100,1,0.231923591,0.999696502,6.043296241,0.750437699,3.035800934,0.924721607
0.1,8,0.8,400,5,0.438722427,0.998912843,5.922481418,0.760934561,3.036444145,0.924689705
0.1,8,0.7,200,3,0.790874548,0.996463022,6.003188716,0.758367111,3.038543227,0.924585545
0.3,6,0.6,300,5,0.208690671,0.999749896,5.769940758,0.776265349,3.038913044,0.924567187
0.1,3,0.8,300,3,2.061616892,0.975999559,6.364380382,0.729043457,3.039158329,0.924555009
0.2,8,0.9,200,5,0.433133953,0.998938582,5.894129905,0.766389883,3.039676068,0.924529302
0.4,7,0.7,200,10,0.40873099,0.999044881,6.347685855,0.725893296,3.040179884,0.924504282
0.1,6,0.9,200,1,0.542647866,0.998326722,5.947941117,0.763044359,3.042581869,0.92438494
0.1,8,0.9,400,5,0.428998525,0.998960217,6.032512602,0.753182773,3.042617636,0.924383162
0.2,3,0.8,300,3,1.132978405,0.992699436,6.20325806,0.745275245,3.04481422,0.924273941
0.2,3,0.8,400,5,1.11098446,0.993024853,6.061585122,0.753590056,3.045207961,0.924254355
0.3,3,0.8,400,5,0.749452549,0.996710025,6.136425506,0.749937792,3.045488211,0.924240412
0.2,6,0.7,200,1,0.171228068,0.999832558,6.06237469,0.75109089,3.04676243,0.924177004
0.4,6,0.7,300,10,0.287772918,0.999528902,5.852299396,0.772544668,3.046863793,0.924171959
0.2,8,0.6,200,5,0.436336074,0.998916331,6.368541343,0.725853789,3.047924103,0.924119173
0.4,3,0.7,100,5,2.036672322,0.976346059,6.255454448,0.737296708,3.048380902,0.924096427
0.1,6,0.7,400,3,0.432413911,0.998942655,5.860346055,0.771106182,3.050883935,0.923971726
0.4,5,0.7,300,5,0.181744725,0.999811268,6.062429301,0.75664834,3.052850854,0.923873663
0.2,6,0.7,400,1,0.083728046,0.999943744,6.068262123,0.750542344,3.0530748,0.923862494
0.2,6,0.7,300,1,0.10017384,0.999934116,6.067129495,0.750667455,3.053223933,0.923855056
0.3,3,0.7,200,10,1.99879766,0.977282291,6.366859498,0.731165601,3.054956074,0.923768635
0.1,3,0.7,400,10,2.674897824,0.959421992,6.564297296,0.712291211,3.055101662,0.923761369
0.3,6,0.6,400,5,0.133724741,0.999894375,5.76939729,0.776107962,3.056229523,0.923705068
0.4,3,0.9,200,5,1.12005506,0.992849558,6.295210738,0.731105258,3.056785233,0.92367732
0.2,6,0.7,400,3,0.124981989,0.999906447,5.996825865,0.757208276,3.05680053,0.923676556
0.3,3,0.6,200,3,1.262834155,0.990904535,6.192816731,0.739221025,3.058773335,0.923578009
0.1,3,0.9,400,3,1.616424242,0.98521967,6.369318679,0.730350748,3.058867443,0.923573306
0.2,6,0.9,400,5,0.20247514,0.99976365,5.646717678,0.782087778,3.059725921,0.923530402
0.2,6,0.7,300,3,0.198821643,0.999773607,6.014883233,0.75588749,3.06003523,0.92351494
0.4,3,0.6,300,10,1.205030934,0.991757768,5.929582985,0.762767376,3.06038821,0.923497294
0.2,3,0.9,400,10,1.715261945,0.983348888,6.423918313,0.726874796,3.060747455,0.923479332
0.4,5,0.7,400,5,0.122255922,0.999910943,6.061665031,0.756836522,3.061365982,0.923448402
0.1,3,0.8,400,1,1.192233359,0.991921965,6.273395317,0.739461466,3.062439308,0.923394714
0.3,5,0.7,300,3,0.175288652,0.999823899,6.215144871,0.750103126,3.064444729,0.923294352
0.4,3,0.9,300,10,1.20275319,0.991807437,6.442926305,0.721728185,3.065603215,0.923236345
0.2,3,0.9,400,1,0.531983064,0.998319648,6.245997515,0.738530856,3.067141455,0.92315929
0.3,3,0.6,400,10,1.193989001,0.991922517,5.709852004,0.780810921,3.069272393,0.923052481
0.2,5,0.6,200,1,0.376730541,0.999188339,6.05345778,0.75373062,3.069614238,0.923035339
0.2,3,0.9,400,5,1.119606038,0.992899446,6.20803979,0.740064026,3.070150888,0.923008426
0.2,6,0.7,400,5,0.222021958,0.999717521,5.683074616,0.781003015,3.070189405,0.923006494
0.3,8,0.8,400,10,0.145602583,0.99987868,6.216052736,0.742310193,3.070427319,0.922994561
0.3,6,0.7,400,10,0.27633708,0.999566026,5.848235392,0.766843557,3.070842011,0.922973759
0.4,7,0.9,200,10,0.412481667,0.999029703,6.16223339,0.743359612,3.071680449,0.922931692
0.4,3,0.7,200,5,1.12592648,0.992742935,5.938000217,0.764840933,3.071754116,0.922927995
0.1,8,0.9,300,5,0.73059391,0.996988477,6.079724488,0.750572335,3.072378872,0.922896641
0.3,7,0.6,200,3,0.142810927,0.99988045,6.164180655,0.743581354,3.072426881,0.922894232
0.2,7,0.7,400,5,0.151017437,0.999865494,5.810808842,0.769051926,3.07244029,0.922893559
0.4,6,0.9,200,10,0.644914393,0.997610651,6.045979745,0.751737726,3.07336191,0.922847293
0.3,6,0.9,300,10,0.510368373,0.998513157,5.783340051,0.777874705,3.073567068,0.922836993
0.2,6,0.7,100,1,0.602975143,0.997921789,6.107664331,0.749260013,3.076148778,0.922707309
0.2,3,0.7,300,5,1.43399312,0.988375228,6.051993433,0.755535895,3.076209652,0.92270425
0.3,5,0.7,400,3,0.120046978,0.999912757,6.215545483,0.750114064,3.076432279,0.922693061
0.2,7,0.6,400,5,0.168328268,0.999837924,5.831805914,0.770623138,3.076859576,0.922671585
0.3,7,0.6,300,3,0.089420509,0.999940979,6.163688683,0.74325536,3.077954693,0.92261653
0.2,6,0.9,300,5,0.357464581,0.999275767,5.660679,0.780572559,3.078027284,0.922612879
0.3,3,0.7,200,1,0.868930001,0.995665423,5.825047415,0.775655461,3.078219341,0.922603222
0.1,3,0.9,300,3,2.025028322,0.976830343,6.501115779,0.717217059,3.078466718,0.922590782
0.2,7,0.6,300,5,0.279545626,0.999551179,5.836675477,0.770578496,3.079103829,0.922558737
0.3,7,0.6,400,3,0.08020283,0.999944675,6.163591463,0.743208614,3.079407261,0.922543474
0.3,8,0.8,300,10,0.253962537,0.999635715,6.226061737,0.742052586,3.079676112,0.922529948
0.3,6,0.9,400,10,0.304806239,0.999467792,5.719330935,0.782239999,3.079750611,0.9225262
0.2,3,0.6,400,3,0.951114695,0.994860396,6.000761646,0.760998171,3.079772819,0.922525083
0.2,3,0.7,100,1,2.270728759,0.970856695,6.40991655,0.72232246,3.079809795,0.922523222
0.2,5,0.6,100,3,1.645209101,0.984602281,6.126074123,0.753714457,3.080122319,0.922507498
0.2,6,0.6,200,10,1.314014038,0.990207664,5.934132546,0.770545803,3.080424369,0.922492298
0.2,7,0.7,300,5,0.250548605,0.999640638,5.834887706,0.767585291,3.081664734,0.922429867
0.4,6,0.7,200,10,0.566031453,0.998178646,5.872862538,0.771561335,3.082831108,0.922371137
0.2,6,0.7,200,3,0.423211748,0.99897853,6.056877573,0.753360417,3.083121409,0.922356517
0.3,7,0.6,400,5,0.098932342,0.999935496,6.430668829,0.717589955,3.083663687,0.922329201
0.2,6,0.7,300,5,0.365909259,0.999230276,5.699042789,0.780214403,3.083911721,0.922316706
0.4,5,0.7,200,5,0.350796118,0.999303672,6.061398276,0.756902432,3.086318187,0.922195422
0.3,8,0.7,100,10,1.450041895,0.988057299,6.434319367,0.722655274,3.086509748,0.922185763
0.2,3,0.7,200,5,1.984891416,0.977688074,6.256645895,0.738509979,3.086791476,0.922171557
0.3,3,0.9,100,3,2.015783392,0.977034047,6.319700546,0.730681259,3.087157011,0.922153123
0.3,5,0.6,200,10,1.021252352,0.994069848,5.861528856,0.770808485,3.087965979,0.922112319
0.2,5,0.9,200,10,1.736201555,0.982992044,6.22926661,0.741476524,3.088891396,0.922065629
0.1,6,0.9,200,5,1.902505885,0.979433772,6.258900377,0.737560833,3.091094589,0.921954414
0.1,3,0.7,300,1,1.614512857,0.985282767,6.202492314,0.744828357,3.091541034,0.921931868
0.3,7,0.7,100,10,1.717322121,0.983311402,6.2237289,0.739201244,3.092140238,0.921901603
0.3,7,0.6,300,5,0.136194091,0.9998919,6.431393258,0.717614947,3.092370649,0.921889963
0.4,6,0.8,400,10,0.159577901,0.99985066,6.097552111,0.750508642,3.097690562,0.921620981
0.3,4,0.6,400,10,0.703310569,0.997181296,5.645109269,0.786468936,3.098115987,0.921599451
0.4,5,0.9,300,10,0.408233743,0.999052012,6.04995828,0.757858884,3.098194417,0.921595482
0.1,6,0.7,300,3,0.709594615,0.99715851,5.909493055,0.767595397,3.098294168,0.921590433
0.4,5,0.9,400,10,0.250221614,0.99963814,6.054787036,0.75788097,3.098392291,0.921585466
0.2,3,0.7,400,3,0.880157396,0.995577295,5.826427926,0.77081981,3.098442218,0.921582939
0.3,6,0.9,200,10,0.933500753,0.995061485,5.938576658,0.765997228,3.098451268,0.921582481
0.4,7,0.8,100,10,1.240970627,0.991320959,6.289652538,0.735257048,3.098612865,0.921574301
0.3,3,0.7,100,5,2.430506408,0.966568088,6.48887208,0.71839849,3.098994788,0.921554967
0.1,3,0.6,300,1,1.76084433,0.982481283,6.278669249,0.735947171,3.099313105,0.921538851
0.3,3,0.9,200,3,1.102903826,0.993097967,5.995343231,0.760786234,3.100184563,0.921494722
0.1,6,0.7,400,10,1.31929102,0.990175698,6.167728354,0.744833104,3.100393074,0.921484161
0.1,8,0.8,300,5,0.747003029,0.996834821,5.99492455,0.756171635,3.10146096,0.921430065
0.2,5,0.7,400,10,0.717778803,0.997046902,5.701580927,0.786805342,3.102117296,0.921396807
0.3,7,0.7,400,5,0.094145161,0.999938445,6.290778099,0.734091483,3.102225092,0.921391344
0.3,7,0.7,300,5,0.125043766,0.99990661,6.291705423,0.734111533,3.102405669,0.921382193
0.2,4,0.8,200,5,1.370978925,0.98932428,6.263750274,0.738201452,3.10248935,0.921377951
0.2,4,0.8,300,5,0.870829127,0.995658979,6.082994982,0.754882079,3.102839816,0.921360188
0.3,7,0.6,100,3,0.514861396,0.998491714,6.222684215,0.740709744,3.102941986,0.921355009
0.3,3,0.6,300,10,1.525870695,0.986772332,5.87262287,0.767754633,3.103822434,0.921310372
0.3,3,0.9,300,1,0.4559719,0.998710966,6.071602099,0.757895516,3.10450661,0.921275677
0.3,3,0.8,400,3,0.547900065,0.998232363,6.110963729,0.75592652,3.105159524,0.92124256
0.1,6,0.9,400,10,1.523025176,0.986922499,6.206333749,0.741294345,3.105163925,0.921242337
0.4,6,0.8,300,10,0.274193989,0.999565936,6.120848579,0.749088672,3.105589082,0.921220769
0.2,5,0.6,300,1,0.191167811,0.999790973,6.040427989,0.754133272,3.107656042,0.921115869
0.3,8,0.8,200,10,0.547895433,0.998307732,6.291412164,0.73767581,3.10778208,0.92110947
0.2,6,0.8,400,1,0.080471208,0.999944661,6.092553916,0.755478693,3.110993454,0.920946345
0.2,5,0.6,300,10,1.056285032,0.99367422,5.922254357,0.767755076,3.11231622,0.920879105
0.3,7,0.6,200,5,0.27789989,0.999561064,6.439827144,0.716997821,3.11336498,0.920825773
0.2,6,0.8,300,1,0.088746455,0.999941227,6.092846567,0.755441438,3.113673998,0.920810056
0.3,5,0.7,400,10,0.415535728,0.999022828,5.694090594,0.78419919,3.115138463,0.920735547
0.2,5,0.6,400,1,0.122389194,0.999909269,6.038458378,0.754032613,3.1163479,0.920673987
0.3,5,0.7,100,3,0.949498652,0.994905357,6.291118453,0.745478432,3.116443772,0.920669106
0.2,3,0.7,300,1,0.835032099,0.995987997,5.909569996,0.766656345,3.116927658,0.920644469
0.1,4,0.7,400,1,0.642620486,0.997632599,5.859637718,0.772240342,3.117217006,0.920629735
0.2,6,0.8,200,1,0.140108584,0.999881858,6.100382693,0.754846653,3.117439681,0.920618395
0.2,7,0.6,200,5,0.549542731,0.998271891,5.863967986,0.769304301,3.121098389,0.920431957
0.2,4,0.8,400,5,0.597479107,0.997922254,6.014643486,0.760805824,3.12210944,0.920380398
0.4,8,0.6,100,1,0.091207329,0.999940363,6.355388762,0.730506215,3.124116789,0.920277983
0.3,7,0.7,200,5,0.250424577,0.999643867,6.306182865,0.73305564,3.126938308,0.920133917
0.3,7,0.9,400,1,0.077038694,0.999944983,6.362248518,0.731418251,3.127395683,0.920110552
0.3,7,0.9,300,1,0.077163926,0.999944982,6.362260141,0.731417467,3.127467108,0.920106903
0.2,6,0.7,200,5,0.699488877,0.997221411,5.746005951,0.776965146,3.128137665,0.920072639
0.3,3,0.9,300,5,1.010498625,0.994202667,6.046840907,0.756035405,3.128605272,0.920048742
0.3,7,0.9,200,1,0.078971925,0.999944885,6.362355767,0.731412298,3.129163296,0.920020219
0.1,3,0.7,400,1,1.235787087,0.99137045,6.087973884,0.754300669,3.129230843,0.920016766
0.2,3,0.8,200,10,2.709839001,0.958342778,6.75539331,0.696290512,3.13023907,0.919965217
0.4,8,0.6,200,1,0.077294468,0.999944981,6.354162943,0.730576251,3.132230797,0.919863334
0.3,5,0.6,300,5,0.354021973,0.999284227,5.839671255,0.771503553,3.132267766,0.919861443
0.4,8,0.6,400,1,0.077028859,0.999944983,6.354116565,0.730578755,3.132271836,0.919861234
0.4,8,0.6,300,1,0.077037974,0.999944983,6.35411792,0.730578658,3.132290751,0.919860267
0.4,5,0.9,200,10,0.772421735,0.996635086,6.097142854,0.75363688,3.133027109,0.919822583
0.2,8,0.8,200,10,1.044086498,0.993831744,6.515162132,0.717302162,3.134243879,0.919760294
0.2,8,0.8,400,3,0.082943374,0.999944142,6.042231998,0.750293348,3.135778585,0.919681695
0.2,8,0.8,300,3,0.100196761,0.999934227,6.046231144,0.750127457,3.136414284,0.919649126
0.1,4,0.8,400,5,1.365165471,0.989437383,6.178097455,0.744349251,3.137928485,0.919571524
0.2,3,0.8,400,3,0.853598298,0.995796447,6.13153972,0.750603423,3.138680485,0.91953297
0.1,4,0.6,300,5,1.834353192,0.980910228,6.160541404,0.746285428,3.139197899,0.919506438
0.1,5,0.9,300,10,2.341014453,0.968798944,6.417132998,0.725771914,3.139574344,0.919487131
0.1,5,0.7,300,5,1.324685035,0.990098015,5.827605707,0.774441546,3.140002305,0.91946518
0.3,7,0.9,100,1,0.142245058,0.999882973,6.37361032,0.730665193,3.140074547,0.919461474
0.3,6,0.7,300,10,0.440319328,0.998902234,5.893634373,0.764029581,3.140301291,0.919449843
0.1,7,0.7,200,5,1.497208791,0.987316436,6.237917026,0.741467942,3.142278318,0.919348388
0.1,5,0.7,400,1,0.323793961,0.999401176,5.872439985,0.773100598,3.143176952,0.919302251
0.4,6,0.8,200,10,0.546501022,0.998289157,6.174009102,0.745409859,3.143422069,0.919289664
0.1,4,0.7,300,1,0.926631829,0.995133368,5.886212869,0.770328402,3.145412783,0.919187405
0.2,6,0.9,200,5,0.72012369,0.997073607,5.729831548,0.774928315,3.14558771,0.919178416
0.3,5,0.6,400,5,0.22621532,0.999707555,5.831558521,0.771645395,3.146223512,0.919145741
0.1,3,0.8,400,5,1.996705261,0.977442006,6.365518529,0.72948621,3.14719941,0.919095574
0.2,6,0.6,100,5,1.70275932,0.98348319,6.149337034,0.749295031,3.147925621,0.919058233
0.1,7,0.7,300,10,1.63872463,0.984817901,6.207127536,0.744703898,3.150097537,0.918946502
0.2,3,0.7,400,5,1.122307278,0.99285617,5.924218998,0.765437909,3.150326696,0.918934709
0.3,3,0.9,400,1,0.341324274,0.999250261,6.085145949,0.757068368,3.151601739,0.918869076
0.1,7,0.7,200,3,1.004086209,0.994303014,6.216812135,0.743771948,3.152561644,0.918819648
0.4,6,0.8,400,5,0.087997618,0.999942262,6.08050253,0.748389589,3.154449266,0.918722404
0.3,6,0.8,100,5,1.08428134,0.993343715,5.873931643,0.769271649,3.155200326,0.918683695
0.2,8,0.8,200,3,0.19251398,0.999789395,6.061664619,0.749465251,3.156612758,0.918610876
0.3,4,0.6,300,10,0.962873706,0.994736162,5.744154959,0.779978374,3.157356585,0.918572515
0.3,6,0.6,100,10,1.798218074,0.981562752,6.366600125,0.732359892,3.157789892,0.918550163
0.1,3,0.9,400,1,1.170166542,0.992217792,6.067800073,0.755078081,3.157804643,0.918549402
0.4,6,0.7,200,1,0.082043035,0.999944087,6.44538552,0.717650967,3.158678887,0.918504297
0.4,6,0.7,100,1,0.170896238,0.999829508,6.425308665,0.719560743,3.158942864,0.918490675
0.2,7,0.7,200,5,0.521185027,0.998465995,5.893533266,0.763697783,3.159291203,0.918472697
0.2,5,0.7,100,3,1.533192677,0.986691318,6.289150684,0.741915575,3.159337966,0.918470284
0.4,6,0.7,300,1,0.077492307,0.999944974,6.447469699,0.717454183,3.159460974,0.918463935
0.1,5,0.7,300,1,0.507742692,0.998535178,5.888801799,0.772469247,3.159489534,0.918462461
0.2,4,0.6,400,5,0.682338261,0.997293344,5.773530229,0.773927297,3.159657928,0.918453769
0.4,6,0.7,400,1,0.077095306,0.999944983,6.44768085,0.717435881,3.159743372,0.918449359
0.1,8,0.9,100,1,1.113434547,0.99300171,6.068851465,0.752096075,3.159992132,0.918436518
0.3,7,0.9,100,10,1.868086913,0.980166649,6.423710105,0.728772321,3.160189412,0.918426333
0.1,8,0.9,300,10,1.65325135,0.984451056,6.385531079,0.726841378,3.160262661,0.918422552
0.2,3,0.6,400,10,1.66918343,0.984163336,6.182991077,0.743101903,3.16161398,0.918352772
0.4,3,0.9,300,5,0.736519119,0.996875787,6.221100288,0.736663854,3.162220569,0.918321439
0.2,4,0.8,400,3,0.399482078,0.999070604,6.159136445,0.748085683,3.163122708,0.918274829
0.1,5,0.8,200,5,2.138479673,0.974075123,6.41060539,0.725556248,3.1633157,0.918264856
0.4,6,0.8,300,5,0.113091319,0.999922277,6.077306484,0.748572806,3.164547317,0.918201198
0.3,5,0.7,300,10,0.64264685,0.997651875,5.731211911,0.781594905,3.164852115,0.91818544
0.3,5,0.9,300,5,0.230962493,0.999692582,6.116454221,0.754347377,3.165681364,0.91814256
0.1,5,0.6,400,1,0.348873116,0.999307267,5.951635192,0.763641109,3.166863945,0.918081391
0.2,5,0.6,100,1,1.027822278,0.994046221,6.181229947,0.745414071,3.167705482,0.918037849
0.3,5,0.6,200,5,0.630417805,0.997713381,5.851557735,0.771185709,3.168653793,0.917988767
0.1,6,0.7,400,5,0.697211889,0.997247247,5.981880565,0.760979321,3.168699819,0.917986385
0.1,3,0.7,400,3,1.671757276,0.984198467,6.213248193,0.742827592,3.171230748,0.91785532
0.3,3,0.7,300,1,0.552957109,0.99820448,5.735282066,0.78094437,3.171294271,0.917852029
0.2,5,0.7,300,10,1.030310688,0.993942355,5.790269027,0.780146828,3.171518431,0.917840415
0.1,5,0.9,200,5,2.166668916,0.973332502,6.341425003,0.732623021,3.171869596,0.91782222
0.2,7,0.9,100,10,2.655664643,0.959860913,6.63521576,0.709000321,3.17252008,0.917788511
0.3,5,0.9,400,5,0.139312267,0.999884082,6.109769642,0.75472585,3.173941659,0.917714818
0.4,6,0.8,200,5,0.223681257,0.999716565,6.082621731,0.747714995,3.174654524,0.917677851
0.1,3,0.9,400,5,1.993979838,0.977505616,6.518930575,0.713866781,3.176011972,0.917607436
0.2,6,0.8,100,1,0.555095679,0.998245963,6.130249465,0.752934398,3.176391307,0.917587753
0.1,5,0.7,400,3,0.614699007,0.997857822,5.975032815,0.766131351,3.177465865,0.917531984
0.2,3,0.7,400,1,0.609684227,0.997808167,5.850609357,0.771058193,3.180276002,0.917386051
0.4,8,0.7,100,3,0.208954767,0.999748665,6.057069674,0.743391405,3.18172827,0.917310583
0.2,3,0.9,100,3,2.766731134,0.956596862,6.793815358,0.688722086,3.182040544,0.917294351
0.1,5,0.6,300,1,0.557498478,0.998238838,5.963517903,0.763019164,3.182178819,0.917287163
0.4,8,0.7,200,3,0.086117214,0.999943073,6.053333565,0.743236652,3.182382864,0.917276555
0.1,4,0.6,400,3,1.096547398,0.993210226,6.015450577,0.756905996,3.182505029,0.917270204
0.4,8,0.7,400,3,0.077168313,0.999944982,6.053085064,0.743180491,3.183319283,0.917227865
0.1,5,0.6,400,10,1.573379492,0.985895344,6.107898442,0.752255902,3.183516572,0.917217605
0.4,6,0.6,300,5,0.139475614,0.999888052,5.512540765,0.793683912,3.183576516,0.917214487
0.4,8,0.7,300,3,0.07809354,0.999944953,6.05316628,0.743185945,3.183598419,0.917213348
0.4,6,0.6,400,5,0.099898226,0.999934497,5.508376561,0.793750505,3.184238991,0.91718003
0.2,8,0.7,300,5,0.185026199,0.999805201,6.014298735,0.755355817,3.184835999,0.917148971
0.2,4,0.6,300,5,0.946695497,0.994862442,5.842866914,0.769439973,3.1848402,0.917148753
0.2,4,0.7,200,3,0.997518331,0.994366349,6.233773298,0.74299975,3.184930065,0.917144077
0.4,6,0.6,200,5,0.265334359,0.999594534,5.521369635,0.793270194,3.18511558,0.917134425
0.2,5,0.7,100,5,1.983667942,0.977639382,6.214529722,0.744904265,3.185614117,0.917108482
0.4,5,0.7,100,5,0.948871065,0.994901349,6.080871497,0.755216443,3.1859794,0.917089471
0.2,8,0.7,400,5,0.116842343,0.999916686,6.001956034,0.756133623,3.186139185,0.917081155
0.1,8,0.8,400,10,1.077959051,0.993410014,6.264185852,0.737113909,3.186871592,0.917043029
0.1,4,0.6,400,1,0.719997121,0.997053721,5.857140169,0.770579633,3.18861663,0.916952154
0.3,5,0.8,200,3,0.32923068,0.999381941,5.976314487,0.762448306,3.188805167,0.916942333
0.3,5,0.9,200,5,0.477143795,0.998707883,6.109078515,0.754724261,3.189063343,0.916928883
0.4,6,0.6,300,10,0.318824331,0.999407533,6.020659283,0.759095373,3.189473019,0.916907539
0.3,7,0.6,100,10,1.569096224,0.986060243,6.065226045,0.757008395,3.190371312,0.916860727
0.4,8,0.9,100,3,0.183725623,0.999808918,6.324690884,0.729629558,3.190760125,0.916840462
0.1,5,0.7,200,1,0.922967153,0.995195667,5.974097384,0.766404076,3.191776696,0.916787464
0.2,7,0.7,200,1,0.111370908,0.999923897,6.2121276,0.746241142,3.191882402,0.916781952
0.4,8,0.9,200,3,0.080995712,0.999944549,6.301919738,0.731168803,3.192197781,0.916765507
0.2,4,0.8,300,3,0.58086936,0.998062857,6.190578711,0.745934114,3.192379974,0.916756005
0.4,3,0.7,300,5,0.758781435,0.996646,5.815369906,0.773708167,3.192525209,0.916748431
0.4,8,0.9,300,3,0.077301821,0.999944981,6.30082522,0.731244962,3.193305477,0.916707732
0.4,8,0.9,400,3,0.077057083,0.999944983,6.300729817,0.731251131,3.193416472,0.916701941
0.2,4,0.7,300,3,0.619581764,0.997794679,6.168358041,0.747603358,3.193985169,0.916672271
0.3,3,0.6,100,1,1.799645949,0.981609221,6.236086338,0.744020188,3.194791423,0.916630197
0.2,7,0.7,300,1,0.082580177,0.999944211,6.218033487,0.745750187,3.197393463,0.916494338
0.2,7,0.7,100,1,0.403170147,0.999076055,6.227093526,0.745274318,3.197467091,0.916490492
0.2,7,0.7,400,1,0.078291615,0.999944943,6.219930622,0.745615323,3.198317158,0.916446083
0.4,8,0.7,400,1,0.077028771,0.999944983,6.07496786,0.747752743,3.198360483,0.91644382
0.4,8,0.7,300,1,0.077033996,0.999944983,6.074967791,0.747752745,3.198362824,0.916443697
0.4,8,0.7,200,1,0.07730484,0.999944981,6.07496602,0.74775276,3.198569571,0.916432894
0.2,6,0.7,200,10,1.382631516,0.989193465,6.102468917,0.753653762,3.199305071,0.916394458
0.3,3,0.7,400,1,0.40747028,0.999016822,5.718608197,0.781685224,3.200709828,0.916321023
0.3,3,0.6,300,3,0.879489139,0.995552315,5.979380406,0.756090494,3.201231531,0.916293742
0.4,8,0.7,100,1,0.093728871,0.999939368,6.077415948,0.747622429,3.201504193,0.916279482
0.4,6,0.6,400,10,0.199432151,0.999769856,5.995466503,0.760998996,3.203277029,0.916186736
0.2,4,0.7,400,3,0.419372428,0.998980659,6.153263865,0.748539527,3.20453722,0.916120777
0.2,3,0.9,300,10,2.116899625,0.974593883,6.618488518,0.708808631,3.204820819,0.91610593
0.2,5,0.9,100,3,1.550321224,0.986400079,6.256431583,0.737717514,3.205032878,0.916094827
0.2,8,0.7,200,5,0.405948088,0.999067781,6.041085057,0.753918978,3.206778994,0.916003379
0.1,7,0.6,300,1,0.199882707,0.999771705,5.975733523,0.76402686,3.207637429,0.915958402
0.3,5,0.9,300,3,0.143242495,0.999877689,6.200756334,0.744715481,3.210820731,0.915791511
0.4,6,0.6,200,10,0.579635765,0.998052767,6.092665039,0.753560361,3.211390805,0.915761606
0.1,7,0.6,400,1,0.120917339,0.999912663,5.967995685,0.764366184,3.213080456,0.91567294
0.3,7,0.9,200,3,0.113465612,0.999921571,6.119200154,0.753539273,3.215002626,0.915572016
0.3,5,0.9,400,3,0.100301316,0.999932636,6.204960173,0.744595396,3.215032318,0.915570456
0.1,8,0.9,200,5,1.37751359,0.989259971,6.233594025,0.741087381,3.216080407,0.9155154
0.4,6,0.6,100,5,0.799250321,0.996303495,5.612959403,0.787714972,3.216846625,0.915475139
0.4,3,0.9,100,5,2.000825218,0.977276014,6.680530116,0.698508798,3.21692932,0.915470793
0.3,3,0.8,100,5,2.428914189,0.966574621,6.567530228,0.710778299,3.2176254,0.915434208
0.3,7,0.9,300,3,0.082756501,0.999944126,6.121232078,0.753297149,3.217730937,0.91542866
0.1,3,0.7,200,1,2.23534069,0.971770254,6.443947943,0.723752891,3.217841998,0.915422822
0.1,4,0.7,400,3,1.010836497,0.994207617,5.923988084,0.766087081,3.21945679,0.915337915
0.3,7,0.9,400,3,0.078248545,0.999944944,6.121829541,0.753257379,3.221681514,0.915220868
0.2,6,0.9,400,3,0.10421821,0.999928612,5.799000647,0.772380819,3.221932118,0.915207678
0.3,5,0.8,300,3,0.160823997,0.999849086,5.981443598,0.76222636,3.225956321,0.914995734
0.2,6,0.9,200,3,0.351739199,0.999287482,5.817385182,0.770526867,3.226045632,0.914991027
0.3,5,0.9,200,3,0.301361465,0.999478954,6.195488957,0.744543061,3.226959312,0.914942868
0.1,4,0.8,300,5,1.819884641,0.98122539,6.29331604,0.734010469,3.227672589,0.914905262
0.1,7,0.6,200,10,2.423199544,0.966781299,6.50643997,0.721029435,3.227694995,0.914904081
0.4,3,0.6,200,10,1.656957953,0.984374503,6.170223628,0.743975298,3.227700239,0.914903804
0.2,4,0.8,400,10,1.091939563,0.993253418,6.086931918,0.752631316,3.227977436,0.914889187
0.4,3,0.9,400,10,0.915275705,0.995220777,6.357093192,0.729401843,3.229115276,0.914829175
0.1,3,0.6,400,5,2.084241396,0.975281627,6.36202223,0.730078527,3.231021775,0.914728574
0.2,6,0.9,300,3,0.16083764,0.999845378,5.800215924,0.772075068,3.232801476,0.91463461
0.1,3,0.6,300,3,2.208770854,0.972340617,6.411500544,0.726269783,3.232884752,0.914630212
0.4,3,0.8,100,5,2.024900822,0.976712606,6.565211588,0.714236006,3.234396183,0.91455037
0.1,4,0.6,300,1,1.033474676,0.993950488,5.951348033,0.763530741,3.23442812,0.914548682
0.1,6,0.6,400,3,0.459014034,0.998807472,5.686277166,0.783320595,3.234588658,0.914540199
0.4,3,0.9,100,10,2.843412427,0.954016512,7.152040971,0.657734403,3.235397888,0.914497433
0.3,6,0.6,100,5,1.081681392,0.993396247,5.944804778,0.76488777,3.236696111,0.914428803
0.4,4,0.7,300,10,0.673808896,0.997395335,5.884258179,0.76880386,3.237148263,0.914404893
0.1,5,0.6,200,1,0.99967693,0.994358118,6.018730474,0.759646971,3.240288754,0.914238734
0.4,4,0.7,400,10,0.463985443,0.998758329,5.826161994,0.772922124,3.242601802,0.91411625
0.1,8,0.6,300,10,1.379260646,0.989145882,6.103150271,0.753674045,3.246874461,0.91388977
0.3,5,0.9,100,10,2.271912082,0.97081447,6.504801144,0.722349828,3.247134406,0.913875981
0.2,5,0.6,100,5,2.02280319,0.976604837,6.182801993,0.747107053,3.247722408,0.913844787
0.1,6,0.8,100,1,1.721021476,0.983219498,6.076719843,0.758718521,3.248458849,0.91380571
0.1,5,0.7,300,10,2.118233681,0.974536967,6.219625197,0.744736883,3.248602661,0.913798078
0.1,4,0.6,400,10,2.008354662,0.977048428,6.342361918,0.731520238,3.248788309,0.913788225
0.1,7,0.6,200,1,0.444061219,0.998879174,6.003016754,0.762521798,3.249502797,0.913750301
0.3,3,0.6,200,10,2.055475764,0.975956345,6.136904943,0.747862787,3.250147206,0.913716089
0.3,3,0.6,400,3,0.653726937,0.997522783,5.895977153,0.762067519,3.252025123,0.913616352
0.2,3,0.6,200,1,1.328549404,0.990032606,5.822971221,0.775175111,3.252080455,0.913613412
0.4,3,0.7,100,10,2.630336242,0.960724541,6.616886815,0.706077397,3.25366447,0.913529238
0.3,5,0.8,400,3,0.108625469,0.999924802,5.980658675,0.762282974,3.255752614,0.913418211
0.3,7,0.9,100,3,0.472309888,0.998731965,6.125878876,0.75372989,3.25642114,0.913382651
0.1,8,0.8,400,1,0.085788022,0.999943197,6.00166911,0.756178807,3.257219474,0.913340176
0.2,6,0.8,400,10,0.561025243,0.998211035,5.831744182,0.767423234,3.257261536,0.913337938
0.1,3,0.7,300,3,2.095528883,0.975150074,6.389383424,0.728364572,3.260377091,0.913172075
0.1,3,0.8,400,10,2.734375375,0.957488819,6.901027665,0.68526828,3.260885147,0.913145012
0.2,4,0.9,300,5,0.907152519,0.995303151,6.376097178,0.726595432,3.262273626,0.913071031
0.4,7,0.7,100,10,1.192352615,0.991966318,6.536453867,0.713080379,3.263794508,0.912989959
0.4,7,0.9,100,1,0.09368131,0.999939239,6.147290317,0.745644539,3.263895669,0.912984565
0.1,8,0.8,300,1,0.111776124,0.999923334,6.002244838,0.756268191,3.26460829,0.912946564
0.4,3,0.9,400,5,0.546096722,0.998252165,6.196128883,0.739147039,3.265527573,0.912897531
0.4,7,0.9,200,1,0.077362734,0.999944981,6.150722447,0.745372705,3.267925952,0.912769538
0.4,7,0.9,400,1,0.07702882,0.999944983,6.150797257,0.74536781,3.268231637,0.912753218
0.4,7,0.9,300,1,0.077038198,0.999944983,6.150796186,0.745367872,3.268242017,0.912752664
0.1,4,0.7,400,5,1.349328672,0.989717541,6.074417365,0.754724108,3.269037713,0.912710176
0.1,8,0.7,200,5,1.301217448,0.990382176,6.215993294,0.735264064,3.272568785,0.912521501
0.4,5,0.6,400,10,0.300112504,0.999485947,5.802597016,0.777661438,3.272861337,0.91250586
0.1,6,0.8,400,3,0.40570501,0.999057835,5.830088867,0.766815088,3.274088791,0.91244022
0.1,6,0.7,300,5,1.055291552,0.993706385,6.080963878,0.753488129,3.274903005,0.912396665
0.3,6,0.8,400,10,0.269688793,0.999584897,5.717602312,0.772078646,3.274915251,0.91239601
0.4,6,0.9,100,5,0.77298977,0.996595399,6.072762585,0.751348384,3.280896287,0.912075732
0.4,5,0.6,300,10,0.449056119,0.998839913,5.813885464,0.777277357,3.283797884,0.911920144
0.4,3,0.7,400,5,0.561485451,0.998112008,5.776924131,0.775894854,3.285184482,0.911845744
0.2,4,0.9,400,5,0.636685742,0.997648888,6.342225105,0.730004264,3.287241386,0.91173532
0.4,4,0.7,200,10,1.077131919,0.993421012,6.042253981,0.75686445,3.289610274,0.911608062
0.1,4,0.8,200,3,2.061960639,0.975901524,6.510087305,0.716158068,3.289844169,0.911595492
0.2,4,0.8,200,3,0.984149058,0.994520744,6.264643683,0.740014537,3.29002495,0.911585776
0.4,3,0.8,200,5,1.136757144,0.992645658,6.207037579,0.746005854,3.29127411,0.911518625
0.1,8,0.8,200,1,0.242923568,0.999665538,6.013480439,0.755876871,3.291684665,0.911496549
0.3,6,0.7,200,10,0.817574272,0.996212815,5.989209479,0.756818681,3.295030562,0.911316535
0.1,6,0.8,200,5,1.804277033,0.981423373,6.138041372,0.751276524,3.295074442,0.911314173
0.1,8,0.8,200,5,1.38158266,0.98913227,6.12815105,0.747518328,3.295122893,0.911311565
0.1,4,0.6,300,3,1.455725873,0.987997757,6.144380522,0.746667708,3.296262449,0.911250212
0.1,6,0.8,300,10,1.894637911,0.979690319,6.31587007,0.735132064,3.297148811,0.911202476
0.1,5,0.7,300,3,0.91639375,0.995260988,6.003688216,0.763897337,3.298163991,0.911147787
0.2,5,0.8,200,1,0.260110796,0.999611586,6.045772352,0.75924138,3.299113122,0.911096641
0.4,6,0.8,100,5,0.730420733,0.99697207,6.187949257,0.739078601,3.301162448,0.910986157
0.2,8,0.8,100,3,0.793391286,0.996444473,6.156707195,0.743684163,3.301640679,0.910960365
0.2,4,0.9,200,5,1.434056491,0.988280555,6.506362815,0.713512796,3.302175716,0.910931505
0.3,5,0.7,200,10,1.071138847,0.993494204,5.861538274,0.771345186,3.302187948,0.910930845
0.3,8,0.9,400,10,0.157392523,0.999856476,6.342151078,0.7292315,3.302940599,0.910890238
0.4,6,0.9,200,5,0.211919894,0.999742454,5.995403648,0.75668483,3.303409509,0.910864935
0.1,6,0.7,200,3,1.24117517,0.991268466,6.030786144,0.758540164,3.303661071,0.910851359
0.1,4,0.7,200,1,1.445121776,0.988216011,6.024362441,0.758298182,3.304478528,0.910807235
0.3,6,0.6,300,3,0.127862934,0.999904192,5.906058273,0.765933729,3.304616218,0.910799802
0.3,6,0.8,300,10,0.449836882,0.998849946,5.744634013,0.770552669,3.306063172,0.910721671
0.3,6,0.6,400,3,0.095937718,0.999937748,5.911172942,0.765510166,3.306911756,0.910675834
0.1,6,0.8,300,3,0.674965584,0.997421049,5.849822302,0.765838854,3.30714295,0.910663344
0.3,6,0.6,200,3,0.24131793,0.999666078,5.911551419,0.765647522,3.308631834,0.910582887
0.3,3,0.6,100,3,2.230979054,0.971621173,6.566354513,0.709929655,3.309423159,0.91054011
0.3,8,0.9,300,10,0.287147368,0.999528722,6.362038864,0.728263322,3.310598294,0.910476566
0.3,3,0.8,200,1,0.787773455,0.996358596,6.119515261,0.749705684,3.310757256,0.910467969
0.2,5,0.8,100,1,0.858150024,0.995824804,6.045928595,0.758857711,3.310770471,0.910467254
0.3,7,0.7,100,5,0.858336987,0.9958314,6.389821797,0.726451626,3.311346166,0.910436115
0.3,5,0.8,100,10,2.249218763,0.971378525,6.427354663,0.72743806,3.311914803,0.910405351
0.2,3,0.6,300,1,0.92823679,0.995105129,5.674835723,0.785271353,3.312445447,0.910376639
0.4,6,0.9,300,5,0.107058917,0.999927405,5.986390682,0.75754488,3.312476959,0.910374934
0.4,6,0.9,400,5,0.084605704,0.99994342,5.986587114,0.757641966,3.312628273,0.910366745
0.4,5,0.8,100,1,0.267718058,0.999563843,6.374391948,0.731262764,3.313861533,0.910299994
0.3,5,0.6,100,5,1.376286067,0.989245045,6.066040275,0.754829148,3.313897958,0.910298022
0.2,5,0.8,300,1,0.13697823,0.999891338,6.058555805,0.758270241,3.315198832,0.910227583
0.1,6,0.6,300,3,0.724370815,0.997028727,5.725760293,0.780727312,3.316169153,0.910175024
0.2,4,0.6,200,5,1.430575824,0.98836663,6.000284256,0.758408431,3.316809035,0.910140356
0.3,4,0.6,200,10,1.438854727,0.988273891,5.898179315,0.769031196,3.319027736,0.910020097
0.3,3,0.8,100,1,1.591453605,0.985657294,6.373269855,0.728899923,3.319391485,0.910000373
0.3,5,0.8,100,3,0.940517692,0.995013386,6.046005012,0.757089168,3.31990688,0.909972423
0.4,5,0.8,200,5,0.354444265,0.999286248,6.289051681,0.734261895,3.31991666,0.909971893
0.2,3,0.7,200,10,2.651624955,0.960029668,6.75549211,0.698430238,3.321650394,0.909877839
0.4,5,0.6,200,10,0.774742449,0.996552507,5.851030695,0.775432578,3.323059494,0.90980136
0.3,4,0.9,300,10,0.984688453,0.994518487,6.061923064,0.750331348,3.323262727,0.909790327
0.2,5,0.8,400,1,0.10179465,0.999933795,6.060682333,0.758254627,3.323534373,0.909775578
0.2,4,0.8,300,10,1.490671287,0.987462145,6.249277806,0.739220076,3.324682129,0.909713251
0.3,5,0.9,100,3,0.925698524,0.995137018,6.238276779,0.741505455,3.324739884,0.909710114
0.2,6,0.9,100,3,1.183866333,0.992088558,5.924229274,0.763106887,3.325020203,0.909694888
0.3,3,0.6,100,5,2.525925473,0.963694928,6.563933783,0.711706651,3.326620647,0.909607934
0.3,7,0.6,100,5,0.854982142,0.995874416,6.539828665,0.709692753,3.327102384,0.909581752
0.2,6,0.7,100,3,1.24633901,0.99119929,6.23898997,0.739394164,3.32713345,0.909580063
0.2,6,0.8,300,10,0.862225807,0.995786936,5.917526814,0.761311372,3.328623817,0.909499039
0.1,3,0.7,400,5,1.97350547,0.977964952,6.249652319,0.739200912,3.328788413,0.909490089
0.2,6,0.6,200,1,0.198818236,0.999772926,5.86287354,0.769946284,3.329337775,0.909460212
0.2,6,0.6,400,1,0.08557705,0.9999429,5.836772046,0.771380187,3.330054337,0.909421234
0.4,5,0.8,200,1,0.099516869,0.999931901,6.374999233,0.731152652,3.33033589,0.909405917
0.2,3,0.6,400,1,0.698177713,0.997203822,5.605796792,0.789849123,3.332878808,0.909267516
0.2,6,0.6,300,1,0.107341245,0.999926916,5.840780191,0.771137325,3.332958276,0.909263189
0.4,5,0.8,300,1,0.082458898,0.999944099,6.378593071,0.730863038,3.334853138,0.909159988
0.4,6,0.7,100,10,1.451368895,0.988039204,6.119918005,0.753329425,3.336444478,0.909073272
0.4,5,0.8,400,1,0.078567048,0.999944916,6.3791256,0.730827296,3.337966101,0.908990317
0.1,4,0.7,300,3,1.388818062,0.989095242,6.063283568,0.75415818,3.338745342,0.90894782
0.4,7,0.9,200,5,0.13436146,0.999894136,6.378813692,0.732208482,3.339190627,0.908923531
0.4,5,0.7,100,10,1.602323087,0.985409311,6.282585593,0.742516523,3.341778952,0.908782284
0.3,6,0.6,100,3,0.742434424,0.996850185,6.018727175,0.759471035,3.342281613,0.90875484
0.3,5,0.7,100,5,1.346842722,0.989720132,6.224816971,0.746836593,3.342491228,0.908743395
0.2,4,0.7,400,10,1.069716205,0.993528284,6.044718605,0.759258816,3.343840605,0.908669698
0.1,3,0.9,300,5,2.490869431,0.964930761,6.666732144,0.7020004,3.344397894,0.908639253
0.4,5,0.8,300,5,0.175570571,0.999822236,6.282775756,0.734760417,3.347565648,0.908466101
0.2,5,0.7,200,10,1.599325452,0.985412084,5.972315852,0.765629002,3.348331234,0.908424229
0.4,7,0.9,300,5,0.085932814,0.999942958,6.383161288,0.732026345,3.349912291,0.908337725
0.1,7,0.8,100,3,2.470640295,0.965358347,6.607034234,0.713908371,3.351164504,0.908269185
0.2,8,0.9,100,5,1.372974142,0.989282689,6.079578206,0.754690836,3.351984298,0.908224299
0.3,4,0.9,100,5,1.896966762,0.979653987,6.543571944,0.71439952,3.352024857,0.908222078
0.3,5,0.9,100,5,1.302479805,0.99036674,6.255858839,0.741843802,3.352059517,0.90822018
0.3,8,0.9,200,10,0.609063835,0.997879232,6.399185856,0.726460343,3.353087188,0.908163896
0.4,5,0.8,400,5,0.117989388,0.999914522,6.290936842,0.734311219,3.35407202,0.908109942
0.4,7,0.9,400,5,0.079004241,0.99994487,6.383229033,0.732028224,3.354172029,0.908104462
0.4,7,0.6,300,10,0.20735436,0.999753879,5.907066927,0.765718817,3.356986266,0.907950192
0.3,4,0.9,400,10,0.679744352,0.997375094,5.977748076,0.757609103,3.357305682,0.907932674
0.4,7,0.9,100,5,0.54005968,0.998345947,6.38381042,0.731504813,3.358563365,0.907863683
0.4,7,0.6,400,10,0.131097436,0.999899366,5.904762224,0.765525499,3.361979653,0.907676147
0.3,5,0.8,100,1,0.433176617,0.998913805,6.096839288,0.75349267,3.366923044,0.907404445
0.4,4,0.6,400,10,0.501122396,0.998564279,5.732857045,0.779342372,3.368123668,0.907338396
0.4,7,0.9,100,10,1.233351551,0.991417374,6.323928311,0.733655754,3.369315765,0.907272792
0.1,3,0.8,200,3,2.781868184,0.956198831,6.611089587,0.707203879,3.369748549,0.907248969
0.4,7,0.7,300,1,0.07710991,0.999944983,6.505683528,0.723624554,3.370292907,0.907219
0.4,7,0.7,400,1,0.077034411,0.999944983,6.505694813,0.72362388,3.370352712,0.907215707
0.4,7,0.7,200,1,0.078276713,0.999944951,6.505514811,0.723641243,3.370378103,0.907214309
0.4,7,0.7,100,1,0.107498852,0.999926881,6.500741357,0.724003525,3.371697511,0.907141649
0.4,7,0.6,200,10,0.424908019,0.9989591,5.936993813,0.764667229,3.374377483,0.906993974
0.1,8,0.8,300,10,1.574709457,0.985967446,6.425676044,0.724784901,3.377010067,0.906848797
0.4,5,0.9,100,10,1.825514246,0.981135652,6.441531249,0.724697397,3.377732282,0.90680895
0.2,5,0.6,200,10,1.628540801,0.984933494,6.113704364,0.752115771,3.378067929,0.906790428
0.2,8,0.8,200,1,0.086907416,0.999942698,6.070987718,0.755254956,3.379638667,0.906703726
0.2,8,0.8,300,1,0.078203674,0.999944956,6.069497108,0.755361467,3.380802887,0.906639438
0.2,8,0.8,400,1,0.077162907,0.999944982,6.06935586,0.755371816,3.381141425,0.906620739
0.1,6,0.6,400,10,1.287325272,0.990608216,5.992407819,0.76338977,3.381252238,0.906614619
0.3,3,0.9,400,5,0.764030202,0.996671311,6.001656969,0.759946967,3.381926668,0.906577361
0.4,4,0.6,300,10,0.697610568,0.997224179,5.776435246,0.776428797,3.382651635,0.906537304
0.4,6,0.8,400,1,0.077056441,0.999944983,6.452353506,0.717945468,3.382959925,0.906520267
0.4,6,0.8,200,1,0.079929174,0.999944785,6.452438623,0.717947817,3.383031078,0.906516335
0.4,6,0.8,300,1,0.07728643,0.999944981,6.452321187,0.717948795,3.383282557,0.906502436
0.2,3,0.6,100,1,2.351159818,0.968639811,6.229294936,0.741003326,3.384520228,0.906434017
0.1,4,0.6,200,1,1.571253022,0.986004195,6.093794926,0.751812309,3.385213636,0.906395674
0.2,3,0.6,300,10,2.063554426,0.975732935,6.375619693,0.727177977,3.385244038,0.906393993
0.3,4,0.9,200,10,1.529016473,0.986789653,6.297869459,0.729165413,3.385812798,0.906362536
0.3,6,0.6,400,1,0.077948336,0.999944947,6.087446765,0.743937967,3.38598028,0.906353272
0.1,3,0.8,300,5,2.498706231,0.964593143,6.542472392,0.713502436,3.387161688,0.906287912
0.3,6,0.6,300,1,0.080929006,0.999944368,6.08659467,0.744019684,3.388277927,0.906226136
0.4,6,0.8,100,10,1.461151612,0.987909081,6.464240902,0.722531113,3.388335613,0.906222943
0.1,5,0.8,100,1,2.085383589,0.975362086,6.470972328,0.724825829,3.390717012,0.90609108
0.3,4,0.7,400,10,0.655789943,0.997550152,6.035280068,0.75897931,3.390845645,0.906083954
0.4,6,0.8,100,1,0.13445977,0.999895058,6.445558385,0.718680193,3.393636322,0.905929304
0.3,6,0.6,200,1,0.101787231,0.999931364,6.084366304,0.744299042,3.39464399,0.905873431
0.4,5,0.9,200,5,0.342954072,0.999330898,6.20268152,0.741952751,3.39637834,0.905777227
0.3,4,0.9,200,5,0.922566115,0.995170221,6.288792102,0.736339818,3.396542966,0.905768092
0.4,6,0.9,100,3,0.404689311,0.99907502,6.254203342,0.731908134,3.396917468,0.905747311
0.3,6,0.8,200,10,0.829268764,0.996114789,5.834363175,0.765670991,3.398323828,0.905669252
0.3,5,0.8,200,1,0.135318638,0.999890555,6.110169421,0.751566764,3.399038316,0.905629582
0.2,6,0.8,400,5,0.202597899,0.99976721,5.763381423,0.774079155,3.400234806,0.905563132
0.2,8,0.8,100,1,0.254818572,0.999632213,6.090516963,0.754341688,3.40120681,0.905509132
0.4,3,0.8,100,10,2.782004762,0.955960915,6.624672751,0.706720468,3.403054791,0.905406425
0.4,6,0.6,100,10,1.405162598,0.988725113,6.293392194,0.737351876,3.4052281,0.905285565
0.4,6,0.9,400,3,0.077774376,0.999944957,6.263356065,0.729348897,3.406844291,0.905195636
0.2,8,0.6,100,5,1.270054974,0.990824657,6.554464358,0.712946825,3.40743509,0.905162753
0.3,5,0.8,300,1,0.091225083,0.999940107,6.112197719,0.751235921,3.408114182,0.905124947
0.2,6,0.8,300,5,0.34787801,0.999310863,5.791076631,0.771479074,3.408675907,0.90509367
0.4,6,0.9,200,3,0.104784843,0.999927952,6.263034647,0.729495266,3.408898984,0.905081248
0.4,6,0.9,300,3,0.0808935,0.999944382,6.263596664,0.729340139,3.409273374,0.905060397
0.4,5,0.9,300,5,0.160627656,0.999849116,6.190739613,0.742443332,3.410025802,0.905018486
0.3,8,0.6,100,10,1.431728193,0.988396132,6.335902681,0.733823299,3.410432758,0.904995814
0.3,6,0.6,100,1,0.337862956,0.999346891,6.10627128,0.744235877,3.410887513,0.904970477
0.3,5,0.8,400,1,0.081668342,0.999944391,6.112980154,0.751163545,3.410913635,0.904969021
0.3,3,0.8,300,1,0.497359327,0.998501026,6.06694881,0.752951625,3.413885838,0.904803333
0.1,4,0.9,200,1,1.362916397,0.989505531,6.296951444,0.733555239,3.414715097,0.904757079
0.2,4,0.9,400,10,1.14750703,0.992543307,6.197314417,0.742460495,3.415110707,0.904735009
0.4,6,0.6,300,3,0.094846841,0.999938403,6.105720338,0.751305966,3.415667567,0.904703939
0.2,6,0.6,100,1,0.733530908,0.996932896,5.952004571,0.764510714,3.415754116,0.90469911
0.4,3,0.8,300,5,0.75288095,0.996726201,6.087625704,0.755365825,3.415786603,0.904697297
0.1,6,0.6,300,1,0.31897575,0.999412193,6.000201472,0.762641101,3.41859532,0.904540502
0.1,4,0.7,300,5,1.775945659,0.982178702,6.203553598,0.743951194,3.419876009,0.904468966
0.4,6,0.6,400,3,0.082428699,0.999944284,6.106046126,0.751284493,3.420697632,0.904423058
0.3,8,0.8,100,10,1.546471813,0.986408475,6.628653772,0.71376898,3.420957635,0.904408528
0.2,7,0.7,100,10,2.5161877,0.964291208,6.699276224,0.70728608,3.420982617,0.904407132
0.1,4,0.8,300,1,0.887970707,0.995452886,6.22517618,0.743728016,3.421048636,0.904403442
0.4,6,0.6,200,3,0.148560065,0.999870087,6.112546042,0.750833599,3.422304073,0.904333266
0.3,4,0.7,300,10,0.904480259,0.995372293,6.109003388,0.753026016,3.424543537,0.904208022
0.2,3,0.7,100,3,2.771908313,0.956510386,6.550244246,0.709606949,3.424720836,0.904198103
0.1,6,0.6,400,1,0.187043529,0.999799545,5.989780281,0.762866812,3.425449894,0.90415731
0.1,7,0.9,100,3,2.544517636,0.963287744,6.630007104,0.707153801,3.426013349,0.904125777
0.1,6,0.9,300,10,2.101505635,0.974992157,6.46729831,0.721217124,3.426550664,0.904095702
0.4,5,0.9,400,5,0.106463771,0.999926237,6.189368076,0.742625123,3.427011912,0.904069881
0.4,7,0.6,100,1,0.121083088,0.999912451,6.63933056,0.708162384,3.429615383,0.903924071
0.2,7,0.8,100,10,2.639541879,0.960587482,6.615685592,0.708606853,3.430147934,0.903894231
0.1,6,0.9,100,1,1.683985977,0.983948425,6.191301126,0.74666286,3.430912632,0.903851376
0.4,8,0.9,400,10,0.097433985,0.999936024,6.251940461,0.732476948,3.432580661,0.903757862
0.1,4,0.8,200,1,1.418731697,0.988637194,6.31651298,0.735743106,3.434710423,0.903638398
0.3,5,0.6,200,1,0.18676616,0.999801169,6.073346122,0.746786518,3.437895228,0.903459614
0.4,8,0.9,300,10,0.144783489,0.999878982,6.256896395,0.732320657,3.438372833,0.903432789
0.3,8,0.8,200,3,0.096033042,0.999936795,6.124379445,0.746133755,3.439338558,0.903378536
0.3,8,0.8,400,3,0.077418937,0.999944978,6.120498503,0.746370895,3.43959956,0.903363871
0.2,4,0.6,400,10,1.071828599,0.993479974,5.9928079,0.763315016,3.439653791,0.903360823
0.3,8,0.8,300,3,0.079437981,0.999944798,6.120646693,0.746357159,3.439816423,0.903351685
0.3,5,0.6,100,1,0.582052749,0.998076575,6.126384322,0.744167262,3.440797386,0.903296553
0.1,6,0.7,300,10,1.811304616,0.981433014,6.324925771,0.733791384,3.441869916,0.903236256
0.1,5,0.9,100,1,2.049149902,0.976277461,6.187163302,0.749435123,3.442801807,0.903183851
0.2,5,0.9,100,5,2.145100504,0.974049241,6.525732998,0.718900366,3.443926518,0.903120584
0.3,5,0.6,400,1,0.086941823,0.999942356,6.079068077,0.746069219,3.444032507,0.903114621
0.4,7,0.6,200,1,0.078914848,0.999944899,6.64236403,0.707585215,3.444497289,0.90308847
0.2,6,0.8,200,5,0.699579342,0.997214462,5.86890345,0.765457951,3.445361509,0.903039834
0.4,7,0.6,300,1,0.077169876,0.999944982,6.64273708,0.707544317,3.446030958,0.90300215
0.3,6,0.7,400,3,0.089202654,0.999941991,6.183957372,0.742416152,3.446221585,0.902991419
0.4,7,0.6,400,1,0.077040991,0.999944983,6.642772816,0.707540121,3.446294175,0.902987332
0.1,7,0.9,200,10,2.684141649,0.95902699,6.952182393,0.683555328,3.446742662,0.902962081
0.3,5,0.6,300,1,0.10583246,0.999927861,6.074512363,0.746425493,3.44767231,0.902909728
0.1,4,0.8,400,1,0.612888049,0.997760745,6.181709946,0.747089959,3.452086032,0.902660978
0.1,6,0.6,200,1,0.656147465,0.997546453,6.051770293,0.759469105,3.452263036,0.902650996
0.4,6,0.6,100,3,0.470052343,0.998682724,6.191042585,0.7454214,3.45235325,0.902645908
0.1,5,0.6,300,10,2.052888653,0.975987229,6.296394601,0.736530907,3.455313333,0.902478891
0.3,6,0.7,300,3,0.114782925,0.999921541,6.187412234,0.742222812,3.45532273,0.902478361
0.2,4,0.8,100,5,2.596449985,0.961693397,6.696805876,0.702139187,3.455998793,0.902440195
0.1,6,0.7,300,1,0.27822718,0.999559658,6.100966322,0.753243618,3.45660939,0.902405719
0.2,7,0.6,200,1,0.119682454,0.99991504,5.805179358,0.777449884,3.457058215,0.902380373
0.1,6,0.6,400,5,0.730074028,0.996974745,5.725512258,0.781518008,3.458337143,0.902308132
0.4,7,0.8,100,1,0.099911533,0.999934597,6.476207665,0.7235465,3.459312761,0.902253005
0.4,7,0.8,400,1,0.077029523,0.999944983,6.477642383,0.723350639,3.460135816,0.902206487
0.4,7,0.8,300,1,0.07705492,0.999944983,6.477639707,0.723350911,3.460198153,0.902202963
0.4,7,0.8,200,1,0.077632736,0.999944972,6.477572721,0.723357558,3.460510491,0.902185307
0.3,4,0.9,300,5,0.529044725,0.998366718,6.212901703,0.743673774,3.460828162,0.902167347
0.2,4,0.7,300,10,1.420382659,0.988595015,6.199851004,0.746531288,3.461306203,0.902140318
0.4,8,0.9,200,10,0.349140234,0.999304731,6.287549724,0.730753138,3.462652152,0.902064197
0.1,6,0.7,400,1,0.164067177,0.999845924,6.092828533,0.753575779,3.463621225,0.902009372
0.1,3,0.7,300,10,3.190367932,0.942322674,6.775650359,0.694397056,3.463932408,0.901991763
0.3,3,0.9,300,3,0.71648071,0.997021374,5.920746633,0.767714727,3.464066474,0.901984177
0.1,6,0.7,200,1,0.593589299,0.998005291,6.116372836,0.75282504,3.467894241,0.901767444
0.2,7,0.6,100,5,1.455613589,0.987919629,6.052187467,0.755955041,3.468101214,0.901755718
0.2,4,0.9,400,3,0.368471924,0.999203673,6.23127688,0.73808072,3.468160779,0.901752343
0.2,7,0.6,300,1,0.085597718,0.999943413,5.804033776,0.777427417,3.468535892,0.901731089
0.1,6,0.8,200,3,1.224664782,0.991540276,5.943743372,0.759616191,3.469299272,0.901687829
0.4,6,0.9,200,1,0.078363134,0.999944889,5.982439584,0.751136613,3.470272678,0.901632653
0.4,4,0.7,100,10,2.056451466,0.976004194,6.445169095,0.724946073,3.470746825,0.901605771
0.4,6,0.9,100,1,0.126607602,0.999902116,5.979121809,0.751651397,3.471132774,0.901583887
0.4,6,0.9,300,1,0.077110537,0.999944982,5.982566021,0.751120118,3.472426898,0.901510489
0.4,6,0.9,400,1,0.077033734,0.999944983,5.98256489,0.75111943,3.472565715,0.901502614
0.2,7,0.6,400,1,0.079220889,0.999944876,5.804939641,0.777340977,3.473037416,0.901475853
0.4,4,0.6,200,10,1.109062189,0.993001371,5.904135066,0.767740551,3.473100988,0.901472247
0.4,5,0.6,100,3,0.71080544,0.997143854,5.905132886,0.754330559,3.475221791,0.90135188
0.1,3,0.6,300,5,2.54593266,0.963122107,6.50371599,0.718223144,3.475326408,0.901345941
0.1,4,0.9,300,1,0.843014225,0.99591417,6.241382555,0.73776377,3.476539093,0.90127708
0.3,4,0.9,400,5,0.340035425,0.99931646,6.20625968,0.744832893,3.476914775,0.901255743
0.3,8,0.8,100,3,0.34127349,0.999343492,6.162088794,0.743982358,3.477426535,0.901226672
0.2,4,0.7,100,3,2.040881845,0.976451843,6.51207705,0.719734025,3.477866553,0.901201674
0.4,5,0.8,100,5,0.958964645,0.994800367,6.347774338,0.728881625,3.482540547,0.900935941
0.3,4,0.8,300,10,0.986810728,0.994474528,5.905018425,0.767632772,3.483103558,0.900903907
0.3,3,0.8,400,1,0.362434282,0.999184292,6.068909674,0.752689015,3.48804805,0.900622361
0.3,4,0.8,400,10,0.69540506,0.997228037,5.830698555,0.773074008,3.488824384,0.900578119
0.1,4,0.7,400,10,2.001846834,0.977305266,6.347740191,0.731700951,3.492852172,0.900348425
0.3,4,0.8,100,3,1.392824695,0.989036808,6.497670512,0.711964901,3.495516813,0.900196322
0.3,6,0.7,200,3,0.212859423,0.999741888,6.207745475,0.740889663,3.496108481,0.900162532
0.1,6,0.6,200,3,1.26115692,0.990962807,5.866398994,0.771025943,3.496641971,0.90013206
0.2,7,0.6,100,1,0.466008755,0.998756778,5.825275081,0.777335047,3.500821349,0.899893183
0.2,6,0.6,400,3,0.155352942,0.999860841,5.894430424,0.766694408,3.502275266,0.899810015
0.1,4,0.6,200,5,2.530325291,0.96367812,6.409531024,0.724803766,3.502591151,0.899791941
0.2,4,0.9,300,3,0.575083619,0.998107932,6.248160276,0.736074502,3.502646052,0.8997888
0.3,6,0.9,100,10,2.137893916,0.973941662,6.489622439,0.721904806,3.502675014,0.899787142
0.4,4,0.8,200,10,1.139617308,0.992645311,6.135614965,0.748171869,3.504210378,0.899699269
0.4,6,0.9,100,10,1.660080589,0.9843732,6.326650306,0.73062594,3.505299331,0.899636921
0.2,6,0.6,300,3,0.248617902,0.999648156,5.916611878,0.765100233,3.50689864,0.899545318
0.4,4,0.8,300,10,0.706951613,0.99713179,6.019756661,0.758377166,3.508549888,0.899450696
0.2,6,0.8,300,3,0.175644953,0.999822166,5.744030902,0.776439131,3.509775394,0.899380442
0.2,3,0.8,100,5,3.259629445,0.939765507,6.899818279,0.677785771,3.510528748,0.899337242
0.4,5,0.9,200,3,0.163423844,0.999840032,6.163608836,0.733134934,3.510729242,0.899325744
0.2,4,0.9,300,10,1.55504276,0.986347193,6.370583237,0.729040279,3.511837398,0.899262178
0.2,6,0.8,400,3,0.113622491,0.999918873,5.743920868,0.776522055,3.512700811,0.899212638
0.4,4,0.8,400,10,0.483899857,0.998649181,5.975822562,0.762470916,3.513365239,0.899174506
0.1,5,0.7,200,5,2.033123643,0.976623221,6.009073794,0.760798876,3.514847729,0.8990894
0.4,5,0.9,100,5,0.998804314,0.994351242,6.313589438,0.733123706,3.516279173,0.89900719
0.3,4,0.7,400,5,0.383640437,0.999155679,6.256280501,0.735621054,3.517389683,0.898943389
0.2,4,0.8,200,1,0.561132358,0.998110295,6.354031209,0.734163365,3.518038109,0.898906127
0.1,8,0.8,100,1,1.111632539,0.993015139,6.14796723,0.748166284,3.518067693,0.898904426
0.2,6,0.6,200,3,0.497235259,0.998595173,5.943318479,0.763214704,3.519886357,0.898799877
0.4,5,0.8,200,3,0.190833214,0.999787767,6.431981779,0.718399641,3.520097122,0.898787757
0.2,6,0.8,200,3,0.390548408,0.99913606,5.779222913,0.7739738,3.520273973,0.898777587
0.4,5,0.9,100,3,0.57418645,0.998136107,6.173848717,0.733224308,3.5217624,0.898691972
0.1,3,0.9,200,3,2.783299351,0.956186141,6.728336638,0.695453533,3.522304521,0.89866078
0.4,5,0.6,300,3,0.136160888,0.999889141,5.888702831,0.754938852,3.523922045,0.898567684
0.4,5,0.6,200,3,0.258330983,0.999621223,5.887155874,0.755286422,3.524521794,0.898533155
0.3,4,0.8,200,10,1.520836561,0.986921554,6.130012612,0.749062357,3.524813098,0.898516381
0.3,4,0.7,200,10,1.408692681,0.988765022,6.283692891,0.737865102,3.524823065,0.898515807
0.4,8,0.9,400,5,0.077682908,0.999944973,5.977646135,0.756249853,3.525330534,0.898486584
0.1,4,0.9,400,1,0.562929139,0.998111069,6.199012368,0.741383212,3.525991659,0.898448506
0.4,8,0.9,300,5,0.080710664,0.999944642,5.978970386,0.756168737,3.526094755,0.898442567
0.2,3,0.8,100,3,2.777844916,0.956288353,6.739733797,0.697802054,3.527243409,0.89837639
0.4,5,0.8,300,3,0.108109154,0.999924701,6.416519645,0.719774823,3.527425031,0.898365924
0.4,8,0.9,200,5,0.103450544,0.999930543,5.986077057,0.755786804,3.527491395,0.8983621
0.2,6,0.8,200,10,1.459900767,0.987926866,6.07384823,0.749810363,3.528530443,0.898302215
0.2,4,0.8,300,1,0.307064478,0.999413519,6.334122856,0.73548625,3.530517034,0.898187669
0.4,5,0.9,300,3,0.098819947,0.999933625,6.173709493,0.732542318,3.530843328,0.898168849
0.2,8,0.7,100,5,1.284603464,0.99065858,6.213953951,0.742169438,3.53110882,0.898153535
0.1,4,0.8,400,10,2.17104718,0.973286526,6.413776752,0.726538355,3.533307473,0.898026665
0.4,5,0.8,400,3,0.087874033,0.999941274,6.41582612,0.719906523,3.534110715,0.897980296
0.3,4,0.7,300,5,0.576816265,0.998090404,6.291864906,0.732704478,3.535041621,0.897926544
0.4,5,0.6,400,3,0.098340209,0.999934168,5.892780423,0.754657079,3.536153486,0.897862324
0.4,8,0.9,100,5,0.390882119,0.999132648,6.054509523,0.751643873,3.536367506,0.89784996
0.2,4,0.9,200,3,0.989992821,0.994463326,6.342850362,0.726683138,3.541978378,0.897525556
0.4,5,0.9,400,3,0.084018351,0.999943609,6.175464496,0.732444881,3.542739761,0.897481496
0.2,4,0.8,400,1,0.20198595,0.999750426,6.338698577,0.73499996,3.542994874,0.897466731
0.1,3,0.6,400,10,2.71550144,0.958100715,6.720884273,0.699457011,3.545505985,0.897321337
0.2,6,0.7,100,5,1.731999743,0.983024709,6.063395073,0.753487565,3.547977313,0.897178147
0.1,8,0.6,100,3,2.131281363,0.974136355,6.369957622,0.732092785,3.548940473,0.897122314
0.2,4,0.6,300,10,1.432131564,0.988343003,6.123830724,0.75318147,3.555390311,0.896748035
0.4,3,0.8,400,5,0.552245872,0.998206943,6.045195062,0.758936753,3.555801239,0.896724166
0.1,3,0.6,200,1,2.389473321,0.967694821,6.495658411,0.717125949,3.556617305,0.896676756
0.4,6,0.8,100,3,0.401525621,0.999069174,6.127885015,0.744595314,3.556751443,0.896668962
0.2,3,0.6,100,3,2.888535407,0.952520807,6.78519063,0.696498982,3.558157422,0.896587253
0.2,8,0.6,100,10,2.222556707,0.971972357,6.418729601,0.729653325,3.560672414,0.896441012
0.4,6,0.8,400,3,0.078898401,0.99994491,6.133074312,0.743572297,3.563084465,0.89630066
0.3,4,0.8,200,3,0.609750504,0.997855777,6.299887065,0.730785224,3.563962716,0.896249533
0.1,4,0.9,400,3,0.998106032,0.994354152,6.160456314,0.742238536,3.564399026,0.896224128
0.1,7,0.6,100,1,1.426510773,0.988447328,6.183821969,0.749326402,3.564469084,0.896220049
0.4,6,0.8,300,3,0.084847627,0.999943725,6.13213183,0.743643357,3.566225921,0.896117723
0.1,6,0.7,200,5,1.706322145,0.98351342,6.272479059,0.738766228,3.568131308,0.896006687
0.1,4,0.9,300,3,1.38630507,0.989135212,6.223468086,0.73580334,3.569652356,0.895918006
0.4,5,0.6,200,5,0.392092378,0.999131176,5.969498417,0.766333318,3.569726131,0.895913704
0.3,4,0.7,200,5,0.935160147,0.995045828,6.39583047,0.72420126,3.570308366,0.895879748
0.3,3,0.9,400,3,0.530677368,0.998313352,5.909001501,0.769522923,3.571494476,0.895810555
0.4,6,0.8,200,3,0.114352142,0.999920088,6.13059491,0.743736187,3.57223013,0.895767629
0.2,6,0.9,100,5,1.86752082,0.980243916,6.097506458,0.747009599,3.57291448,0.895727689
0.1,5,0.7,200,3,1.502168705,0.987270415,6.141318294,0.754178166,3.572915942,0.895727604
0.4,5,0.6,300,5,0.20550413,0.999760204,5.976426239,0.765475305,3.574961444,0.895608177
0.3,4,0.8,400,3,0.227381017,0.999696176,6.263156453,0.733532671,3.578074995,0.895426261
0.2,6,0.9,400,1,0.078974534,0.999944853,5.907951968,0.767865443,3.579276391,0.895356025
0.1,3,0.7,300,5,2.435546293,0.966408356,6.463211841,0.721609405,3.581265478,0.895239686
0.2,6,0.9,300,1,0.085516053,0.999942932,5.907825219,0.767870003,3.581757896,0.895210876
0.3,4,0.8,300,3,0.35478867,0.999254107,6.26237521,0.733625607,3.581834025,0.895206421
0.1,4,0.6,200,3,2.104653321,0.974870355,6.352150966,0.729379779,3.582222506,0.895183688
0.2,6,0.9,200,1,0.1299524,0.999897593,5.9102748,0.767690473,3.591552424,0.894636988
0.2,4,0.7,100,5,2.526222714,0.963867171,6.551140767,0.707876454,3.591684837,0.894629219
0.2,3,0.7,100,5,3.153740199,0.943692443,6.726116467,0.697126685,3.592459596,0.894583755
0.2,3,0.6,200,10,2.687442616,0.958868826,6.673019948,0.701893814,3.59251427,0.894580546
0.1,8,0.9,200,10,2.391189861,0.967474479,6.666867523,0.703904435,3.593634171,0.894514811
0.4,5,0.6,100,1,0.340601647,0.999339227,6.352122079,0.718079082,3.595401428,0.894411036
0.2,4,0.6,300,3,0.688530748,0.997292334,5.9891141,0.763335223,3.595499517,0.894405274
0.4,5,0.6,400,5,0.135737137,0.99989158,5.983230103,0.764954193,3.59552868,0.894403561
0.2,4,0.6,200,3,1.098150777,0.99317254,6.082131792,0.756379866,3.597825618,0.894268601
0.1,4,0.9,400,5,1.404129721,0.988854808,6.215429289,0.738860927,3.598442881,0.894232319
0.1,4,0.7,200,3,2.015787072,0.976998809,6.273484329,0.73689324,3.600397011,0.894117413
0.2,3,0.9,200,10,2.851890908,0.95375301,6.954563551,0.675909951,3.601794135,0.894035223
0.4,5,0.8,100,3,0.613325675,0.997861549,6.443308626,0.716931856,3.602713449,0.893981123
0.3,6,0.9,400,1,0.077134878,0.999944982,6.010809487,0.755554438,3.602891748,0.893970629
0.2,5,0.9,300,1,0.114561878,0.99991893,6.160841193,0.749431588,3.603608225,0.893928455
0.3,6,0.9,300,1,0.077902461,0.999944957,6.010776488,0.755557259,3.604485255,0.893876818
0.2,5,0.9,400,1,0.091518697,0.999940092,6.161893514,0.749237811,3.60614267,0.8937792
0.2,5,0.9,200,1,0.223470878,0.999711113,6.157837263,0.749814033,3.607080636,0.893723937
0.4,5,0.6,400,1,0.078843251,0.999944857,6.350426265,0.718494103,3.607478212,0.893700508
0.3,5,0.9,300,1,0.088483113,0.999941483,6.30186461,0.737150297,3.60778341,0.893682521
0.2,4,0.6,400,3,0.476798468,0.998688844,5.938572221,0.766530833,3.608249272,0.893655062
0.3,5,0.9,200,1,0.119960015,0.999909228,6.301205998,0.737197652,3.608277934,0.893653372
0.4,5,0.6,300,1,0.084018912,0.999943483,6.347746221,0.718633404,3.609488504,0.893582002
0.2,6,0.6,100,3,1.299136404,0.990449107,6.15850193,0.747090433,3.610154083,0.893542752
0.3,6,0.9,200,1,0.084228438,0.999943487,6.010800221,0.755574297,3.610417955,0.89352719
0.3,5,0.9,400,1,0.081073788,0.999944512,6.301648486,0.737153908,3.611690467,0.893452122
0.3,4,0.9,100,3,1.382784223,0.9891991,6.39543372,0.722019121,3.614998086,0.893256878
0.1,6,0.6,300,5,1.077797042,0.993424532,5.788598172,0.777104806,3.615559805,0.893223703
0.2,4,0.6,200,1,0.690521807,0.997288328,5.959297309,0.762398094,3.615945116,0.893200943
0.2,4,0.6,300,1,0.395575258,0.999102048,5.900447935,0.765434019,3.616049676,0.893194767
0.3,5,0.9,100,1,0.406142676,0.999035412,6.31357198,0.736162556,3.617230515,0.893125
0.3,6,0.7,100,3,0.700097189,0.997195193,6.279634433,0.736389103,3.617663719,0.893099399
0.1,4,0.6,300,10,2.477525029,0.965060335,6.565532869,0.711011408,3.620609794,0.892925217
0.4,5,0.6,200,1,0.113201154,0.999919913,6.342978432,0.718887991,3.621446365,0.892875731
0.4,6,0.7,200,3,0.126479875,0.999906602,6.263570772,0.740500297,3.623271615,0.89276772
0.4,8,0.8,400,10,0.096701912,0.999936871,6.35298013,0.721831792,3.624779607,0.892678442
0.1,4,0.9,400,10,2.248361034,0.971328605,6.584292272,0.709054328,3.625392549,0.892642143
0.4,6,0.7,300,3,0.089307565,0.999941957,6.261809389,0.740587435,3.626995903,0.892547163
0.2,4,0.8,200,10,2.173604727,0.973236809,6.546675123,0.713409016,3.627003804,0.892546695
0.4,8,0.8,300,10,0.142450545,0.999882007,6.360209312,0.721455023,3.629386461,0.892405471
0.4,6,0.7,400,3,0.080600923,0.9999447,6.261925496,0.740521945,3.629448413,0.892401798
0.2,4,0.6,400,1,0.256421258,0.99961875,5.894799646,0.765218951,3.637175582,0.891943153
0.2,3,0.9,100,5,3.337702347,0.936954582,6.858267607,0.681204166,3.638278518,0.891877609
0.3,6,0.9,100,1,0.204893756,0.999760221,6.016534899,0.755471253,3.639486929,0.891805774
0.4,6,0.6,200,1,0.086987569,0.999942704,6.120457683,0.744219886,3.641544141,0.891683426
0.4,6,0.6,300,1,0.07866317,0.999944912,6.12234405,0.744119355,3.64275739,0.891611239
0.4,6,0.6,400,1,0.077283688,0.999944981,6.122573992,0.744108842,3.642841918,0.891606208
0.4,6,0.6,100,1,0.204609574,0.999757047,6.109081697,0.745056622,3.64289815,0.891602862
0.1,6,0.6,300,10,1.763840379,0.982351041,6.175445633,0.74920631,3.643094133,0.891591198
0.1,8,0.8,100,3,2.265444831,0.9710336,6.429792687,0.725122414,3.643111292,0.891590177
0.4,8,0.8,200,10,0.305736742,0.999469166,6.392146545,0.719690226,3.64618782,0.891407001
0.4,7,0.6,100,10,1.156765045,0.992398729,6.101349364,0.755064421,3.648353242,0.891277978
0.4,8,0.9,100,10,1.141594934,0.992556217,6.452336207,0.718149769,3.65458045,0.890906516
0.1,3,0.6,200,3,2.901556956,0.952319428,6.644861279,0.70686545,3.655332254,0.890861627
0.2,8,0.9,100,10,2.439141893,0.966278626,6.782555631,0.689828805,3.656311157,0.890803165
0.1,5,0.7,100,1,2.1471905,0.973904799,6.300530897,0.74043578,3.658212198,0.890689585
0.4,6,0.7,100,3,0.424856683,0.998972426,6.305268854,0.737767274,3.658260286,0.890686711
0.1,4,0.8,200,5,2.569865596,0.962499595,6.533551006,0.713101509,3.658377898,0.890679682
0.2,5,0.9,100,1,0.791477332,0.996462626,6.113845238,0.752695495,3.66279903,0.890415296
0.2,7,0.7,100,5,1.482506673,0.987548862,6.118925946,0.745194928,3.66543081,0.890257763
0.1,8,0.9,100,3,2.250404317,0.971285952,6.432224306,0.720238411,3.665964152,0.890225824
0.4,5,0.6,100,5,1.014374133,0.994178648,6.072700785,0.758742548,3.666964721,0.890165894
0.1,3,0.7,200,3,2.794606392,0.955740719,6.64311589,0.706407406,3.66847503,0.890075401
0.1,7,0.8,200,10,2.607325893,0.961442479,6.66952018,0.705613442,3.672091751,0.889858546
0.2,4,0.7,200,10,2.046199012,0.976202341,6.458111905,0.72380406,3.680812194,0.889334799
0.3,5,0.7,200,1,0.15444211,0.999862759,6.39928151,0.72560859,3.683428102,0.889177447
0.1,8,0.7,200,10,2.299309624,0.970135253,6.466860894,0.720409683,3.684897524,0.889089009
0.3,4,0.9,200,3,0.588189183,0.997979288,6.25153317,0.734883635,3.687660847,0.888922601
0.3,4,0.8,200,5,0.88525621,0.995548167,6.177709905,0.74700343,3.687960331,0.888904558
0.1,5,0.8,200,10,3.058543338,0.946928839,6.726412836,0.693403092,3.689380807,0.888818962
0.3,5,0.7,300,1,0.097812558,0.99993623,6.397194688,0.725995161,3.690660997,0.88874179
0.2,4,0.6,200,10,2.021825022,0.976762706,6.355088575,0.733610304,3.692587812,0.888625589
0.3,5,0.7,400,1,0.08497876,0.999943522,6.399776986,0.725903703,3.698032214,0.888296923
0.2,6,0.9,100,1,0.53806786,0.998337477,5.948255908,0.765273276,3.705523913,0.887843875
0.3,5,0.6,100,10,2.02910664,0.97655213,6.114964834,0.751264807,3.706525697,0.887783224
0.1,8,0.6,100,5,2.781467969,0.956296134,6.709912991,0.70525477,3.709277715,0.887616525
0.3,5,0.7,100,1,0.508026008,0.998516351,6.396164286,0.725487241,3.709583758,0.887597979
0.3,4,0.8,400,5,0.350100819,0.999273955,6.056866721,0.757436693,3.709854119,0.887581594
0.2,7,0.6,100,10,2.426877309,0.966624789,6.369712165,0.731206376,3.712284764,0.887434236
0.1,4,0.9,300,5,1.86366401,0.980370264,6.35428365,0.726913097,3.712770942,0.88740475
0.3,4,0.8,300,5,0.519941363,0.998428799,6.070908253,0.756100932,3.713756414,0.88734497
0.1,7,0.6,100,3,2.395650597,0.967492564,6.141676775,0.752273864,3.715909235,0.887214323
0.3,3,0.9,100,10,3.44109861,0.932542709,7.142613494,0.653445407,3.721113056,0.886898208
0.2,6,0.8,100,3,1.228298673,0.991463393,5.919169953,0.764044253,3.722574704,0.886809338
0.3,8,0.9,100,10,1.652805408,0.984342179,6.687131083,0.707546236,3.723543302,0.886750427
0.4,3,0.6,100,10,2.656413402,0.959846096,6.653639134,0.70500021,3.725245423,0.886646865
0.4,4,0.6,400,5,0.285127409,0.999528195,6.193657513,0.739895896,3.730755627,0.886311284
0.4,5,0.6,100,10,1.651545799,0.984498245,6.10800187,0.754864164,3.731098733,0.886290372
0.2,3,0.6,100,5,3.255226752,0.9398352,6.679116066,0.698328099,3.731837723,0.886245324
0.1,4,0.9,200,3,2.060253967,0.975940432,6.389212003,0.721752651,3.737619481,0.885892569
0.3,4,0.9,300,3,0.320554613,0.999366326,6.24667411,0.735706445,3.737889805,0.885876063
0.3,4,0.7,100,5,1.840345094,0.980753918,6.707896453,0.696328407,3.743303163,0.885545266
0.1,4,0.7,200,5,2.471192508,0.965475216,6.471384477,0.7211317,3.743343821,0.88554278
0.3,4,0.9,400,3,0.203219061,0.999742308,6.280038649,0.733647989,3.747323315,0.885299295
0.2,4,0.8,100,1,1.353882375,0.989608355,6.518190495,0.719942221,3.747856913,0.885266627
0.4,4,0.6,300,5,0.423953448,0.998960661,6.22445161,0.737756665,3.747970951,0.885259645
0.2,4,0.8,100,3,2.049903107,0.976260193,6.592280225,0.709433917,3.74860374,0.885220897
0.4,4,0.8,100,10,2.202401679,0.972557063,6.607651081,0.704410993,3.759700502,0.884540344
0.1,3,0.9,400,10,2.859887288,0.953458962,6.95638904,0.673824178,3.761463351,0.884432045
0.1,7,0.7,200,10,2.491726593,0.964902291,6.535983911,0.719257132,3.771906541,0.883789437
0.4,4,0.6,200,5,0.707788012,0.997123608,6.254561811,0.735120815,3.774396217,0.883635975
0.3,4,0.6,300,5,0.580252053,0.998060522,5.840831751,0.770179006,3.78148381,0.883198546
0.3,6,0.7,100,10,1.86130698,0.980318402,6.396746119,0.723889855,3.78184273,0.883176373
0.1,5,0.9,200,10,3.220558418,0.941044619,6.813462975,0.689966371,3.781987117,0.883167452
0.1,6,0.7,100,1,1.687490855,0.983876875,6.31458336,0.738788572,3.782170467,0.883156124
0.3,3,0.8,100,10,3.270760442,0.939285634,7.147896313,0.657641889,3.786946366,0.882860851
0.3,4,0.6,400,5,0.414693406,0.999003733,5.810006677,0.772144461,3.790326871,0.882651623
0.3,4,0.6,200,5,0.930660441,0.995064819,5.919170257,0.765430314,3.790765234,0.882624478
0.3,3,0.6,100,10,3.146918361,0.94377765,6.616612304,0.70781092,3.79177795,0.882561755
0.3,3,0.7,100,10,3.160541057,0.943218427,6.857167242,0.687010367,3.79606101,0.882296297
0.1,3,0.8,300,10,3.275323208,0.939178974,7.079381236,0.668106905,3.796225941,0.882286069
0.1,8,0.7,100,3,2.166480207,0.973316729,6.426478622,0.728156069,3.802198363,0.88191539
0.4,5,0.7,100,1,0.288801092,0.999519025,6.754072537,0.69248901,3.804838821,0.881751324
0.2,4,0.9,100,3,2.028707401,0.976737545,6.659768665,0.699586677,3.805122035,0.88173372
0.1,4,0.8,300,10,2.670919645,0.959494393,6.633333922,0.70674271,3.811345416,0.881346548
0.4,4,0.9,200,10,1.182190512,0.992118136,6.175519088,0.74313343,3.819059913,0.880865732
0.2,6,0.8,100,5,1.845559845,0.980626095,6.193592131,0.739357219,3.822831368,0.880630317
0.4,4,0.9,100,5,1.378495114,0.989279029,6.635145544,0.705182643,3.827963747,0.88030958
0.1,8,0.6,200,10,2.235797574,0.971624366,6.362316699,0.733744012,3.82820774,0.880294322
0.2,6,0.6,100,10,2.660196015,0.959837235,6.464325009,0.726969156,3.828500076,0.880276039
0.1,7,0.6,100,5,3.034125588,0.947908033,6.672136548,0.704673695,3.830960882,0.880122082
0.2,5,0.8,100,10,3.011171241,0.9486312,6.637795818,0.708417723,3.834807553,0.879881222
0.2,8,0.7,100,10,2.335196835,0.969079488,6.521174274,0.712720247,3.840273483,0.879538556
0.2,4,0.9,100,5,2.711895935,0.958044566,6.867473671,0.678745626,3.840797634,0.879505671
0.2,4,0.6,100,1,1.525929918,0.98681381,6.286227679,0.73804056,3.844493015,0.879273695
0.1,4,0.7,300,10,2.509847494,0.964285278,6.566789406,0.712983306,3.848578171,0.879016991
0.3,4,0.6,100,10,2.486175577,0.965015253,6.345900335,0.734767372,3.851990842,0.878802336
0.4,5,0.7,200,1,0.104141696,0.999929922,6.745977379,0.694057703,3.852203451,0.878788957
0.1,5,0.6,100,1,2.246284339,0.97147967,6.301280286,0.739236069,3.854701871,0.878631678
0.3,5,0.7,100,10,2.117363365,0.974474352,6.239616987,0.740953945,3.858866999,0.878369252
0.4,5,0.9,100,1,0.220026525,0.999713652,6.464642433,0.727277292,3.861228125,0.878220362
0.4,5,0.7,300,1,0.08312367,0.999944052,6.749985608,0.693790063,3.867453707,0.877827347
0.2,4,0.9,200,10,2.214085218,0.972167963,6.716998707,0.698108066,3.868097432,0.877786673
0.4,5,0.7,400,1,0.079094051,0.999944886,6.750944579,0.693717255,3.870305789,0.877647086
0.1,4,0.8,100,1,2.818890825,0.954989105,6.655517494,0.702099842,3.871491967,0.877572077
0.4,5,0.9,200,1,0.088488215,0.999941336,6.46609525,0.727166887,3.871734555,0.877556734
0.2,6,0.9,100,10,2.874864227,0.953202398,6.755490307,0.699666159,3.872462911,0.877510661
0.3,6,0.8,100,10,1.938430075,0.978556977,6.317321198,0.730828317,3.877777437,0.877174224
0.4,4,0.6,100,10,2.02892566,0.97665451,6.242928609,0.739632903,3.877946783,0.877163496
0.2,5,0.9,100,10,3.091953749,0.945829088,6.734977348,0.695774721,3.878054551,0.877156669
0.4,5,0.9,300,1,0.07877994,0.999944885,6.468660635,0.726962577,3.882531254,0.876872892
0.4,5,0.9,400,1,0.077360242,0.999944979,6.468897782,0.726942691,3.88579507,0.876665794
0.4,8,0.8,100,10,1.022070525,0.994102076,6.581627557,0.705508288,3.896327209,0.875996313
0.3,6,0.7,400,1,0.077702494,0.999944972,6.11799127,0.756666635,3.897490864,0.875922233
0.3,6,0.7,300,1,0.080330881,0.99994473,6.117324007,0.756710348,3.900266691,0.875745432
0.4,4,0.9,200,5,0.592334167,0.997984074,6.337793074,0.731473301,3.900875399,0.875706644
0.3,6,0.7,100,1,0.276817755,0.99955953,6.114925954,0.756523561,3.902165425,0.875624422
0.4,4,0.8,100,5,1.408363863,0.988784158,6.528214371,0.715479501,3.902389648,0.875610129
0.3,6,0.7,200,1,0.096614451,0.999937586,6.113316771,0.756922033,3.903468018,0.875541372
0.2,4,0.9,100,1,1.32468062,0.990089052,6.351620263,0.730250493,3.910542176,0.875089857
0.2,4,0.9,400,1,0.194334142,0.999759555,6.099595182,0.749009323,3.911652306,0.875018928
0.1,7,0.8,100,5,3.202702389,0.942090779,6.90943137,0.682268784,3.914292027,0.874850187
0.1,7,0.7,100,3,2.43736671,0.966382264,6.638086037,0.709673307,3.914926782,0.874809595
0.4,4,0.9,300,10,0.711370051,0.99712792,5.97271166,0.760464636,3.917106859,0.874670128
0.1,6,0.6,200,5,1.718547373,0.983256893,6.010112566,0.760321792,3.920396891,0.874459507
0.1,6,0.6,100,1,1.784542204,0.981934817,6.228695054,0.746527045,3.921954693,0.874359718
0.2,4,0.6,100,5,2.546584405,0.963129629,6.479309257,0.717548679,3.925372629,0.874140635
0.2,4,0.9,200,1,0.550363051,0.998186031,6.132793244,0.747677608,3.926501715,0.874068221
0.2,4,0.6,100,3,2.090968795,0.975196259,6.448758866,0.724575907,3.926501816,0.874068214
0.3,4,0.8,100,5,1.859037746,0.980460726,6.459881836,0.720669929,3.927007867,0.874035752
0.4,4,0.6,100,3,1.114206321,0.992959315,5.880103341,0.768710476,3.928148154,0.873962588
0.2,4,0.9,300,1,0.301570089,0.999419329,6.110002278,0.748413226,3.929271766,0.873890474
0.1,8,0.8,200,10,2.430059998,0.966466725,6.773502255,0.694594815,3.935926699,0.873462934
0.1,5,0.8,100,3,2.987097763,0.949369453,6.54374729,0.716383167,3.93630322,0.873438723
0.1,5,0.6,100,3,2.997573744,0.949066821,6.522876159,0.71958469,3.938478592,0.873298798
0.4,4,0.8,400,5,0.224320924,0.999707299,6.282344576,0.735264919,3.938968465,0.873267277
0.4,4,0.8,300,5,0.343156662,0.999317234,6.276980586,0.735921535,3.941230532,0.873121676
0.1,4,0.9,100,1,2.763398653,0.956852585,6.680124845,0.699092378,3.941606441,0.873097472
0.4,4,0.8,200,5,0.613519153,0.997834898,6.290329832,0.735562176,3.945470906,0.872848512
0.2,4,0.7,400,1,0.234584295,0.999671131,6.165919438,0.744048304,3.945884902,0.872821826
0.1,3,0.9,200,5,3.338754607,0.936959468,6.92043726,0.676932012,3.94595323,0.872817422
0.3,4,0.6,300,3,0.434626523,0.998915899,6.116942779,0.749952987,3.951887959,0.872434568
0.3,4,0.6,400,3,0.295848522,0.999498519,6.122385814,0.749491616,3.951931878,0.872431733
0.2,4,0.7,300,1,0.351334016,0.999263959,6.186802448,0.742524037,3.952719817,0.872380858
0.2,4,0.7,200,1,0.608105598,0.997857316,6.21722642,0.740957198,3.957701732,0.872058959
0.3,4,0.6,200,3,0.722741343,0.997018483,6.164687145,0.747432243,3.959589346,0.871936888
0.1,6,0.9,200,10,2.937649794,0.950913124,6.852042997,0.68689706,3.96340917,0.871689683
0.4,4,0.9,100,10,2.244073227,0.97136444,6.566277902,0.708417307,3.970235756,0.871247299
0.3,4,0.7,200,3,0.650214309,0.997572114,5.928285865,0.770815802,3.970289154,0.871243835
0.4,4,0.9,300,5,0.324750801,0.999379151,6.323954808,0.733321271,3.971218568,0.871183547
0.4,4,0.7,400,3,0.17300569,0.999827164,6.144719368,0.742817557,3.974015196,0.871002051
0.4,4,0.9,400,10,0.478663825,0.998672038,5.919848499,0.765289934,3.977018409,0.870807007
0.4,4,0.6,300,3,0.277973542,0.999552323,5.781116117,0.775376325,3.977472315,0.870777515
0.4,4,0.7,400,5,0.241136148,0.999664967,6.007268922,0.758985018,3.978162771,0.870732647
0.4,4,0.7,300,5,0.364873223,0.999225926,6.001210041,0.759216889,3.97838005,0.870718526
0.4,4,0.9,400,5,0.209348315,0.999740588,6.325104384,0.733082322,3.980267937,0.8705958
0.2,8,0.8,100,10,2.432666489,0.966354725,7.016014976,0.676626699,3.984300488,0.870333459
0.1,6,0.8,200,10,2.771263186,0.956513711,6.753015428,0.6976133,3.987334316,0.870135916
0.4,4,0.7,200,5,0.606656158,0.997877322,6.066607161,0.754353729,3.987903596,0.870098831
0.1,3,0.9,100,1,3.662782279,0.924265781,6.828116748,0.685773225,3.994860606,0.869645203
0.4,4,0.6,400,3,0.18490342,0.999804271,5.784795538,0.775238879,3.996394796,0.869545061
0.4,4,0.7,300,3,0.245887006,0.999642714,6.147080017,0.742549191,3.997482915,0.869474012
0.1,3,0.8,200,5,3.262761433,0.939733672,6.774524431,0.691355075,3.997696972,0.869460033
0.1,5,0.7,200,10,2.938220115,0.95102097,6.592213853,0.712711175,3.999102643,0.869368216
0.4,4,0.7,200,3,0.429531507,0.998909931,6.149856699,0.742186091,4.004090805,0.869042133
0.4,4,0.6,200,3,0.482212567,0.998669284,5.762423821,0.776589576,4.004788523,0.86899649
0.4,4,0.7,100,3,1.050547727,0.993715509,6.288926396,0.733316897,4.013589853,0.868420044
0.1,6,0.9,100,3,2.779485002,0.956143512,6.549141176,0.714603783,4.013741903,0.868410074
0.2,4,0.7,100,1,1.422563091,0.98855163,6.406114303,0.725554877,4.01550852,0.868294212
0.1,4,0.7,100,1,2.77091673,0.956566463,6.380953506,0.73022728,4.016297862,0.868242427
0.4,4,0.6,100,5,1.447033192,0.988128054,6.539486455,0.713991781,4.017903357,0.868137067
0.3,4,0.7,300,3,0.373960145,0.999179621,5.880397539,0.774199182,4.019135549,0.868056177
0.1,3,0.6,200,5,3.282857184,0.938818826,6.73774231,0.699518021,4.021489739,0.867901561
0.3,4,0.7,100,10,2.56737583,0.962553111,6.736630749,0.697851867,4.022106395,0.867861045
0.1,3,0.6,300,10,3.202979963,0.941777527,6.893789066,0.68477695,4.022730884,0.867820009
0.1,4,0.9,300,10,2.839062989,0.954193425,6.836778139,0.684933548,4.024897146,0.867677612
0.3,4,0.7,100,3,1.468537443,0.987763114,6.110199717,0.755498535,4.037158796,0.866870156
0.3,4,0.7,400,3,0.250502853,0.999629476,5.873414529,0.774589767,4.040238946,0.866666936
0.1,5,0.9,100,3,3.085908763,0.946026893,6.596846526,0.709541904,4.04675996,0.866236185
0.3,5,0.6,100,3,1.045638726,0.993776801,5.95776437,0.761011977,4.047970476,0.866156147
0.3,4,0.9,100,10,2.80318693,0.955112987,6.782610062,0.685574949,4.049371618,0.866063475
0.1,3,0.8,100,1,3.644364674,0.924892908,7.057239123,0.665474138,4.054414463,0.865729674
0.1,7,0.9,100,5,3.228713614,0.941245963,6.690649786,0.704322111,4.05702791,0.865556519
0.3,8,0.9,400,1,0.077028886,0.999944983,6.185857574,0.736917931,4.075924876,0.864301171
0.3,8,0.9,300,1,0.077038962,0.999944983,6.185858674,0.73691785,4.0759559,0.864299106
0.3,8,0.9,200,1,0.077377011,0.999944978,6.185908025,0.736915754,4.076066046,0.864291771
0.3,8,0.9,100,1,0.103342147,0.999930393,6.188551821,0.736921872,4.082029758,0.86389437
0.3,4,0.8,100,10,2.695400884,0.95866319,6.633334707,0.706086528,4.088114081,0.863488333
0.3,4,0.8,100,1,0.865955027,0.995714365,6.444703558,0.723760864,4.09767759,0.86284889
0.3,4,0.6,100,5,1.825373271,0.981072892,6.258055788,0.739323379,4.104995551,0.862358582
0.1,4,0.9,200,5,2.665665371,0.959725381,6.696683709,0.695412728,4.105524784,0.862323089
0.1,5,0.6,200,10,2.858219056,0.953604963,6.607530954,0.709415239,4.108958086,0.862092724
0.4,4,0.7,100,5,1.344466825,0.989766343,6.318691394,0.735115536,4.114647194,0.861710577
0.1,6,0.7,200,10,2.633664991,0.960717671,6.706791226,0.701612491,4.128821061,0.860756196
0.4,4,0.9,400,3,0.128777103,0.99989922,6.411526477,0.721817775,4.135030635,0.860337047
0.4,4,0.8,100,3,0.996803516,0.99434943,6.307648079,0.73148455,4.140293097,0.859981336
0.1,3,0.9,300,10,3.45124276,0.932467396,7.125992677,0.658216434,4.140613816,0.859959642
0.3,4,0.8,200,1,0.315094863,0.999413986,6.350768201,0.731438309,4.144285788,0.859711152
0.3,4,0.8,300,1,0.181139119,0.999806562,6.358884729,0.731015291,4.144732919,0.859680878
0.3,4,0.8,400,1,0.125195075,0.999904774,6.372711443,0.730026297,4.147540425,0.859490719
0.4,4,0.9,300,3,0.191822998,0.999783115,6.404321542,0.722266353,4.149141991,0.859382183
0.3,4,0.6,100,3,1.571101256,0.986009461,6.452557018,0.726721939,4.150080996,0.859318528
0.4,4,0.8,200,3,0.403743573,0.999022188,6.160733145,0.744384264,4.150544588,0.859287096
0.3,5,0.6,200,3,0.404652219,0.999051886,5.850347165,0.766915073,4.156026321,0.858915165
0.4,3,0.9,200,1,0.491247744,0.998527044,6.150641897,0.745803962,4.167449353,0.858138542
0.4,4,0.8,300,3,0.229852861,0.999677968,6.1557981,0.744833376,4.169571468,0.85799403
0.4,4,0.9,100,3,0.994638972,0.994374547,6.487947929,0.713529427,4.169629833,0.857990055
0.1,6,0.6,100,3,2.598175741,0.961756391,6.219786066,0.745402184,4.171669209,0.857851106
0.3,5,0.6,300,3,0.213530252,0.999741766,5.838793602,0.767056572,4.177081751,0.857482004
0.2,6,0.7,100,10,2.708974626,0.958413093,6.70800598,0.704625945,4.179344407,0.857327563
0.4,3,0.9,100,1,1.095098308,0.993057239,6.253457849,0.737517114,4.179884804,0.857290665
0.4,8,0.8,200,3,0.083399913,0.999944056,6.487615376,0.7151872,4.180303988,0.85726204
0.4,8,0.8,100,3,0.202775924,0.999763684,6.495286675,0.715129543,4.181791274,0.857160454
0.4,8,0.8,300,3,0.077693941,0.999944973,6.486921304,0.715212545,4.182478338,0.857113513
0.4,4,0.8,400,3,0.156995818,0.999850005,6.153232251,0.745401428,4.182503026,0.857111826
0.4,8,0.8,400,3,0.077102612,0.999944983,6.486841531,0.715214952,4.183075893,0.857072682
0.4,4,0.9,200,3,0.360147152,0.999241736,6.415854061,0.721141914,4.183629567,0.857034843
0.3,5,0.6,400,3,0.143972199,0.999880252,5.834013943,0.767158741,4.194141193,0.856315523
0.3,4,0.7,100,1,0.895574556,0.99542592,6.326128721,0.73489795,4.20554301,0.855533246
0.3,4,0.6,400,1,0.140163341,0.999886956,6.164735468,0.746219138,4.21441596,0.854923004
0.1,8,0.9,100,5,2.977693212,0.949939619,6.837521705,0.692548161,4.214900238,0.854889661
0.3,4,0.6,200,1,0.367581888,0.999227392,6.157224238,0.747433945,4.217929128,0.854681029
0.3,4,0.6,100,1,0.97126465,0.994658523,6.229584124,0.743047252,4.218774149,0.854622797
0.3,4,0.6,300,1,0.203840963,0.999761762,6.169453576,0.746015718,4.221636761,0.854425441
0.1,4,0.6,100,1,2.853003793,0.953817347,6.496270761,0.716306798,4.222298196,0.854379821
0.1,3,0.7,200,5,3.168195253,0.94317743,6.713308775,0.699951055,4.224369938,0.854236884
0.4,5,0.7,100,3,0.594364663,0.997987883,6.774104043,0.69221787,4.228876355,0.853925728
0.1,6,0.7,100,3,2.676233085,0.959413617,6.557843055,0.716034087,4.23501081,0.853501626
0.2,5,0.7,100,10,2.908959164,0.951846758,6.498026432,0.720129647,4.236830609,0.853375697
0.3,4,0.7,200,1,0.334876744,0.999344078,6.270904198,0.739184735,4.241834873,0.853029127
0.4,3,0.9,300,1,0.294755132,0.999462539,6.157105484,0.744890761,4.253503359,0.852219437
0.2,5,0.6,100,10,2.895333801,0.95237602,6.522962825,0.718000718,4.263898049,0.851496263
0.1,6,0.6,200,10,2.552256782,0.963094916,6.400663995,0.7308972,4.265487074,0.851385557
0.1,8,0.7,100,5,2.888754624,0.952769813,6.859536225,0.686190673,4.26666922,0.851303171
0.3,4,0.7,400,1,0.130831024,0.999898732,6.261064814,0.739768445,4.272459461,0.850899308
0.4,8,0.8,100,1,0.087985986,0.999942811,6.2774238,0.730006959,4.278071396,0.850507359
0.4,8,0.8,200,1,0.077142344,0.999944982,6.277127672,0.729986428,4.278077731,0.850506917
0.4,8,0.8,300,1,0.077030311,0.999944983,6.277117359,0.729987132,4.278082497,0.850506583
0.4,8,0.8,400,1,0.077028772,0.999944983,6.277117438,0.72998712,4.278089097,0.850506122
0.3,4,0.7,300,1,0.187859919,0.999795035,6.25599063,0.740095742,4.27960834,0.850399926
0.4,3,0.9,400,1,0.203763649,0.999743609,6.162193106,0.744456644,4.2821606,0.850221437
0.4,5,0.7,200,3,0.202235823,0.999768379,6.747765195,0.693410089,4.292822992,0.849474624
0.4,3,0.9,100,3,1.643924616,0.984593163,6.510194205,0.712417863,4.304967743,0.848621722
0.4,5,0.7,300,3,0.112908568,0.999921794,6.74897521,0.693571808,4.327964867,0.847000078
0.1,6,0.8,100,3,2.802389062,0.955614224,6.467884542,0.720388604,4.331511656,0.846749206
0.4,5,0.7,400,3,0.090641757,0.999940468,6.748900408,0.693594944,4.337249762,0.846342904
0.3,4,0.9,400,1,0.112514537,0.99991834,6.358638476,0.723642839,4.347588031,0.845609517
0.1,8,0.8,100,5,2.966022376,0.950111488,6.734925686,0.699532529,4.352382118,0.845268836
0.2,6,0.8,100,10,2.848920507,0.95392751,6.654778504,0.700150376,4.353457039,0.845192398
0.3,4,0.9,300,1,0.156239931,0.999851869,6.361527295,0.723360567,4.355377032,0.845055819
0.4,3,0.9,200,3,0.858553501,0.99567481,6.21740528,0.739231706,4.359733638,0.844745688
0.3,4,0.9,100,1,0.820171405,0.996113644,6.369032254,0.722547553,4.362837467,0.844524549
0.1,3,0.7,100,1,3.681341685,0.923464382,6.943231931,0.676874853,4.365932056,0.844303911
0.3,4,0.9,200,1,0.281931832,0.999520037,6.377318885,0.72242864,4.367627189,0.844182985
0.1,6,0.9,100,5,3.456245492,0.932382935,6.828182176,0.690875555,4.388617611,0.842681702
0.4,8,0.9,400,1,0.077028774,0.999944983,6.185754381,0.747488433,4.40703375,0.841358609
0.4,8,0.9,300,1,0.077028911,0.999944983,6.185754416,0.747488431,4.407035088,0.841358512
0.4,8,0.9,200,1,0.077070692,0.999944983,6.185757816,0.747488276,4.407044362,0.841357845
0.4,8,0.9,100,1,0.082308865,0.999944294,6.186523384,0.747457868,4.408477538,0.841254647
0.1,5,0.6,100,5,3.547620201,0.928685671,6.653450441,0.707131925,4.419052533,0.840492141
0.4,3,0.8,100,3,1.587748821,0.985679906,6.622043713,0.710995769,4.420004074,0.840423441
0.1,4,0.6,200,10,3.265049687,0.939510834,6.864161327,0.683141979,4.421585766,0.840309212
0.1,7,0.7,100,5,3.097937884,0.945725458,6.824265637,0.69414625,4.422296682,0.840257857
0.4,3,0.9,300,3,0.531778271,0.998305862,6.16690842,0.742609426,4.432532875,0.839517497
0.1,5,0.8,100,5,3.685542369,0.923192333,6.89097321,0.682356989,4.464651934,0.837183291
0.1,4,0.8,200,10,3.521144914,0.929909493,6.94952142,0.677995769,4.482398179,0.835886381
0.1,4,0.8,100,3,3.578464088,0.927601734,7.105424345,0.660246665,4.491926171,0.835187944
0.1,3,0.6,100,1,3.757432199,0.92001523,6.99287451,0.673422372,4.50207488,0.834442376
0.4,3,0.9,400,3,0.371024961,0.999150771,6.171910389,0.742485523,4.502979027,0.834375872
0.1,5,0.9,100,5,3.706005207,0.92233185,6.864716647,0.68663467,4.513620486,0.833592139
0.3,8,0.8,300,1,0.077060939,0.999944983,6.045664673,0.751195375,4.517484135,0.833307128
0.3,8,0.8,400,1,0.077029891,0.999944983,6.045657664,0.751195921,4.517491507,0.833306584
0.3,8,0.8,200,1,0.077790424,0.999944962,6.045709886,0.751190327,4.517598781,0.833298667
0.1,3,0.7,200,10,3.978279681,0.910761054,7.0795566,0.665971402,4.525334497,0.832727276
0.3,8,0.8,100,1,0.109337409,0.999924665,6.048425518,0.751025403,4.526277161,0.83265758
0.4,4,0.7,200,1,0.228776711,0.999699519,6.235220179,0.73417804,4.542829537,0.831431416
0.4,3,0.8,100,1,1.153580361,0.992400826,6.144596952,0.752816353,4.551818215,0.830763679
0.2,4,0.6,100,10,3.248323295,0.940263019,6.825551227,0.692689123,4.553747285,0.830620203
0.4,4,0.6,100,1,0.72561378,0.996908384,6.271614643,0.732933436,4.557354964,0.830351716
0.4,4,0.7,400,1,0.101824277,0.999933583,6.252047484,0.733764792,4.558111579,0.830295382
0.2,3,0.7,100,10,3.888568184,0.914428998,7.166973794,0.661040573,4.558794624,0.830244516
0.4,4,0.7,300,1,0.133292224,0.999897467,6.244296758,0.734048026,4.56044591,0.830121517
0.4,4,0.7,100,1,0.631924652,0.997686162,6.268941995,0.731037395,4.563110849,0.829922918
0.1,6,0.8,100,5,3.404355596,0.934370007,6.834071661,0.692525302,4.563197412,0.829916465
0.2,3,0.8,100,10,4.051688494,0.907376237,7.293471458,0.646730865,4.573016904,0.829183676
0.4,3,0.8,200,3,0.835422613,0.99594654,6.429800883,0.726441458,4.578622161,0.828764672
0.1,4,0.7,200,10,3.326531129,0.937309911,6.936344788,0.680525344,4.585161361,0.828275206
0.1,5,0.7,100,3,3.007287733,0.948733934,6.598294743,0.714355637,4.631674761,0.824773467
0.4,4,0.6,200,1,0.282855103,0.999524322,6.180590564,0.73944722,4.633827477,0.824610545
0.4,4,0.6,400,1,0.11867853,0.99991678,6.195847935,0.738273176,4.652154744,0.823220435
0.4,4,0.6,300,1,0.173509595,0.999826169,6.179081224,0.739241099,4.656119661,0.822918977
0.2,4,0.8,100,10,3.517555409,0.930040361,7.023170935,0.670611151,4.656932323,0.822857157
0.1,3,0.8,200,10,4.069560771,0.906530253,7.366332773,0.640875291,4.673884946,0.821565104
0.2,4,0.7,100,10,3.322011361,0.937324265,7.013121136,0.674088887,4.694518878,0.819986143
0.1,4,0.6,100,3,3.511243671,0.930072428,6.896879553,0.679821578,4.695581854,0.819904613
0.1,4,0.7,100,3,3.480036159,0.931352956,6.911452478,0.678064941,4.706919156,0.819033896
0.4,3,0.7,100,3,1.697742971,0.983560454,6.287772999,0.734598479,4.719698372,0.818049922
0.1,4,0.9,200,10,3.632118664,0.925303748,7.103294479,0.660918593,4.720202797,0.818011027
0.4,3,0.8,300,3,0.532225853,0.998316016,6.380546097,0.730273164,4.721165202,0.817936808
0.2,3,0.9,100,10,4.172584676,0.901793463,7.306497046,0.643720923,4.721187328,0.817935102
0.4,3,0.7,200,3,0.896640052,0.995351523,6.035326381,0.755378264,4.730949183,0.817181423
0.4,3,0.7,300,3,0.574529573,0.99806035,5.924130332,0.763048512,4.731026554,0.817175443
0.4,3,0.7,400,3,0.407116042,0.999019524,5.906705005,0.764087677,4.743506673,0.816209614
0.2,3,0.6,100,10,3.935426641,0.91228074,7.216590517,0.653176975,4.748527449,0.815820342
0.4,3,0.8,400,3,0.372556016,0.9991611,6.367864108,0.731186506,4.761351603,0.814824185
0.4,3,0.8,200,1,0.531829586,0.998333118,6.030446672,0.761885005,4.766823354,0.814398332
0.1,7,0.9,100,10,4.087399254,0.905642402,7.467266385,0.639752444,4.817395957,0.810439238
0.4,4,0.8,400,1,0.09688161,0.999936695,6.314019485,0.729154744,4.81944614,0.810277858
0.4,4,0.8,100,1,0.562919286,0.998137706,6.322265931,0.728150669,4.820103355,0.810226111
0.4,4,0.8,300,1,0.121918622,0.999911,6.314084808,0.729129348,4.823209893,0.809981415
0.4,3,0.8,300,1,0.329809852,0.999346228,6.046695181,0.760489795,4.823308252,0.809973664
0.4,4,0.8,200,1,0.206153997,0.999756263,6.308958425,0.729407387,4.824463691,0.809882611
0.1,7,0.6,100,10,4.08756491,0.905593828,7.208513932,0.661532182,4.833046357,0.809205576
0.1,6,0.7,100,5,3.334091267,0.937008028,6.995176761,0.674929322,4.853231867,0.807608519
0.4,3,0.8,400,1,0.232898728,0.999676313,6.058121107,0.759565684,4.864817028,0.806688906
0.1,3,0.7,100,3,4.238121589,0.89864779,7.275438373,0.647945013,4.867092604,0.806508017
0.2,4,0.9,100,10,3.662025014,0.924049391,7.290749717,0.646007654,4.871746406,0.806137815
0.1,3,0.9,100,3,4.328409845,0.894178941,7.268608128,0.645975248,4.879252491,0.805539973
0.1,4,0.9,100,3,3.620324222,0.925799725,6.904399742,0.679287718,4.880362025,0.805451523
0.1,3,0.6,200,10,3.926720858,0.912923314,7.187743783,0.657759746,4.880434998,0.805445705
0.4,3,0.7,200,1,0.608558273,0.997797289,5.837376985,0.774155079,4.884236941,0.805142465
0.1,3,0.8,100,3,4.295640195,0.895864054,7.174848464,0.654551761,4.887770436,0.804860424
0.4,3,0.7,100,1,1.231277824,0.991338465,6.039808752,0.757813826,4.897390716,0.804091507
0.4,3,0.6,100,1,1.402861822,0.988850069,6.256673547,0.740537282,4.900279173,0.803860347
0.1,5,0.7,100,5,3.620455607,0.92581684,6.641397722,0.709103601,4.900945193,0.803807027
0.1,8,0.9,100,10,3.946620214,0.912132935,7.321561528,0.650166823,4.907529084,0.803279544
0.01,7,0.9,400,1,4.22413224,0.899224989,7.131755066,0.664958792,4.915094612,0.802672542
0.4,3,0.6,200,1,0.710461799,0.997107194,5.975195095,0.763072318,4.947111833,0.800093363
0.4,3,0.7,300,1,0.384874454,0.999072606,5.815925064,0.775017882,4.948198203,0.800005556
0.1,4,0.6,100,5,3.996274166,0.90971547,6.980811559,0.67257399,4.948656422,0.799968514
0.01,8,0.7,400,1,4.042630061,0.907741529,7.011952185,0.675854371,4.948857686,0.799952243
0.01,8,0.9,400,1,4.056107689,0.907046284,7.051427569,0.673346398,4.969122638,0.798310547
0.4,3,0.6,300,1,0.459497937,0.998779841,5.88191083,0.769656364,4.974162715,0.797901201
0.1,3,0.9,200,10,4.205795549,0.900212086,7.351849868,0.637471791,4.978628016,0.79753819
0.01,8,0.8,400,1,4.006238277,0.90941295,7.058075476,0.670191501,4.983031191,0.797179911
0.1,7,0.8,100,10,4.058427599,0.906861214,7.225983039,0.661008737,4.985793609,0.796954976
0.4,3,0.7,400,1,0.272376253,0.999533228,5.837174519,0.773276103,5.003275788,0.795528566
0.01,7,0.8,400,1,4.218042049,0.899519049,7.154356659,0.664785919,5.012477863,0.794775743
0.01,8,0.6,400,1,3.992773739,0.909935841,6.9806932,0.680059024,5.017312117,0.794379697
0.1,3,0.6,100,3,4.270982491,0.897003212,7.20805623,0.656539756,5.031607458,0.79320632
0.1,4,0.8,100,5,4.086207685,0.905716513,7.171054578,0.655868161,5.063482593,0.790577953
0.4,3,0.6,400,1,0.325956631,0.999365337,5.870333433,0.770462602,5.081086884,0.78911922
0.01,7,0.6,400,1,4.236591408,0.898653282,7.146024881,0.663934098,5.08337562,0.788929198
0.4,4,0.9,100,1,0.511629501,0.9984516,6.211766162,0.73346317,5.098446877,0.787675772
0.1,6,0.6,100,5,3.282685958,0.939038247,6.614429603,0.709613951,5.098686264,0.787655833
0.4,4,0.9,400,1,0.090090652,0.99994065,6.255664592,0.730009121,5.105985475,0.787047419
0.1,5,0.9,100,10,4.397834537,0.890561022,7.231444683,0.656116176,5.111942322,0.786550252
0.4,4,0.9,300,1,0.110286537,0.999923444,6.251380314,0.730359957,5.11728677,0.786103702
0.4,4,0.9,200,1,0.181288112,0.999803437,6.247115187,0.730736578,5.121524222,0.785749315
0.1,5,0.8,100,10,4.366363871,0.892175062,7.189859661,0.656526032,5.12630026,0.785349533
0.1,8,0.7,100,10,3.930029179,0.912597138,7.13170827,0.666269688,5.15185309,0.783204283
0.1,7,0.7,100,10,4.073306052,0.906308659,7.15498211,0.667475638,5.18749327,0.780194351
0.01,6,0.6,400,1,4.521950226,0.88455355,7.229994125,0.655506658,5.19686554,0.779399385
0.01,6,0.9,400,1,4.479455939,0.886731394,7.268730605,0.651512712,5.225849886,0.776931823
0.01,7,0.7,400,1,4.244527939,0.898267431,7.082574498,0.669923599,5.234254451,0.776213739
0.1,6,0.9,100,10,4.291973596,0.896001375,7.387086847,0.643330188,5.240224438,0.775702964
0.1,8,0.8,100,10,3.891723527,0.914422853,7.339671919,0.649524416,5.275839342,0.772643758
0.1,6,0.8,100,10,4.224862749,0.899242842,7.385966473,0.644380304,5.322730876,0.768584324
0.1,5,0.7,100,10,4.403377594,0.890220451,7.146934645,0.666179704,5.343480138,0.766776582
0.1,4,0.7,100,5,4.035321665,0.908077076,7.096746803,0.664825079,5.370942939,0.764373119
0.1,8,0.6,100,10,3.92269915,0.913097799,6.964953675,0.685152755,5.402258036,0.76161748
0.1,3,0.9,100,5,4.753014721,0.872512295,7.422832779,0.631997909,5.493352257,0.753510369
0.1,6,0.7,100,10,4.182294477,0.901086133,7.327614872,0.64942789,5.501966304,0.752736729
0.1,3,0.6,100,5,4.684649056,0.875997523,7.419271454,0.638911818,5.512250346,0.751811517
0.01,6,0.8,400,1,4.505955036,0.885345443,7.314185722,0.648475986,5.515004974,0.751563402
0.01,5,0.9,400,1,4.844476591,0.867514801,7.39770299,0.639668404,5.545366461,0.74882046
0.01,5,0.6,400,1,4.880751447,0.865508012,7.387975974,0.63909367,5.564512617,0.747083001
0.01,5,0.7,400,1,4.884126132,0.86531833,7.486796289,0.629898873,5.574440772,0.746179691
0.01,6,0.7,400,1,4.498407361,0.885698524,7.235944441,0.656049964,5.597485602,0.744076759
0.01,5,0.8,400,1,4.867415043,0.866239139,7.367479726,0.642047125,5.61126473,0.742815214
0.1,4,0.9,100,5,4.198713878,0.900528408,7.277818487,0.645994385,5.627230037,0.741349635
0.1,3,0.8,100,5,4.688625045,0.876062255,7.364158569,0.637502002,5.647167055,0.739513615
0.01,7,0.9,300,1,5.171687817,0.848954345,7.563411219,0.624575392,5.666383872,0.737737774
0.01,7,0.8,300,1,5.131546305,0.851342295,7.565332091,0.625872955,5.700301119,0.734588734
0.1,3,0.7,100,5,4.593300543,0.880990032,7.293114323,0.646437683,5.718362603,0.732904151
0.01,8,0.7,300,1,5.001385658,0.858815839,7.454497864,0.635049515,5.737167861,0.731144534
0.01,8,0.8,300,1,4.965252774,0.860806432,7.511475491,0.627878625,5.757906373,0.729197322
0.1,5,0.6,100,10,4.418738098,0.88968592,7.176403866,0.659433271,5.799634143,0.725258065
0.01,8,0.9,300,1,5.031943686,0.856978783,7.482185631,0.633685375,5.811448999,0.724137531
0.01,8,0.6,300,1,4.947295062,0.861780375,7.452584172,0.636118907,5.817713516,0.723542472
0.1,6,0.6,100,10,4.220048687,0.899383026,7.106908089,0.671781285,5.818341769,0.72348276
0.1,3,0.7,100,10,5.265388505,0.843552791,7.540017307,0.626607446,5.828827727,0.72248517
0.01,7,0.6,300,1,5.148073246,0.850418522,7.565628434,0.623175682,5.85718603,0.719778281
0.01,4,0.7,400,1,5.357577531,0.837997258,7.644056649,0.613659628,5.866827818,0.718854949
0.01,4,0.8,400,1,5.343658773,0.838859819,7.556766727,0.621904029,5.870936561,0.71846102
0.01,8,0.6,400,3,5.130198188,0.851386184,7.53855042,0.631059843,5.891040686,0.716529545
0.01,6,0.6,300,1,5.393753925,0.835809203,7.628136197,0.617706131,5.932389004,0.712536308
0.1,4,0.6,100,10,4.794828301,0.870251776,7.468248188,0.628982845,5.936359331,0.712151401
0.01,4,0.6,400,1,5.374263176,0.836915287,7.565182559,0.619594779,5.963615067,0.709502122
0.01,6,0.9,300,1,5.379919615,0.83661823,7.700734253,0.610208908,5.970125488,0.708867509
0.1,4,0.9,100,10,4.790805091,0.870349959,7.646000197,0.616254857,5.984992163,0.70741576
0.01,7,0.7,300,1,5.149459571,0.850297838,7.507323377,0.630089273,5.994904317,0.70644582
0.01,7,0.7,400,3,5.25025245,0.844379564,7.604377623,0.623071875,6.019187862,0.704062805
0.1,4,0.8,100,10,4.767047535,0.871726787,7.490415932,0.630840355,6.057490104,0.700284513
0.1,3,0.8,100,10,5.228550098,0.845739329,7.708243614,0.610752556,6.060882354,0.699948733
0.01,8,0.7,400,3,5.125818736,0.851562351,7.606675132,0.624338611,6.094494933,0.696611442
0.01,8,0.8,400,3,5.103220155,0.853087749,7.568934452,0.627633816,6.104561812,0.69560834
0.01,4,0.9,400,1,5.348778853,0.838537626,7.559073,0.621715523,6.12974136,0.693092107
0.01,7,0.9,400,3,5.254773038,0.84410421,7.683148205,0.617041248,6.176889193,0.688352693
0.1,4,0.7,100,10,4.782533089,0.870784276,7.583131197,0.622876041,6.199626011,0.686054154
0.1,3,0.6,100,10,5.329785601,0.839534528,7.720843813,0.609957246,6.211505496,0.68484986
0.01,7,0.6,400,3,5.210317156,0.846794464,7.516660971,0.633113123,6.223664736,0.683614817
0.01,8,0.9,400,3,5.090230204,0.853755718,7.56985498,0.627544599,6.225647146,0.68341323
0.1,3,0.9,100,10,5.228204492,0.845818033,7.706073152,0.607127133,6.24068146,0.681882333
0.01,6,0.6,400,3,5.39919944,0.835461185,7.690278696,0.61480434,6.261428331,0.679763681
0.01,5,0.9,300,1,5.711139324,0.815906699,7.826280972,0.598302313,6.273303104,0.678547875
0.01,6,0.8,300,1,5.39314558,0.835753246,7.707336714,0.610967663,6.290631755,0.676769538
0.01,3,0.7,400,1,6.005356498,0.796445928,7.943290516,0.581362816,6.298672163,0.675942732
0.01,5,0.9,400,3,5.694930132,0.817018748,7.830392056,0.599303315,6.303655774,0.67542973
0.01,3,0.8,400,1,6.003664578,0.796631015,7.921166505,0.582195193,6.309778238,0.674798943
0.01,5,0.6,300,1,5.735248588,0.814331178,7.82277269,0.597403248,6.339462374,0.671731951
0.01,7,0.8,400,3,5.241216057,0.844877672,7.697783599,0.614522533,6.341658329,0.671504491
0.01,5,0.8,300,1,5.742173441,0.813885349,7.8016637,0.600681546,6.344680436,0.671191328
0.01,6,0.7,400,3,5.408165318,0.834924987,7.750820457,0.609252641,6.36117703,0.669479256
0.01,6,0.9,400,3,5.412546225,0.834662264,7.700064979,0.613334639,6.368831989,0.668683289
0.01,3,0.9,400,1,6.022051958,0.795285205,7.980973748,0.578081995,6.375299898,0.668010005
0.01,6,0.7,300,1,5.359780771,0.837825353,7.623324708,0.618946657,6.379272327,0.667596153
0.01,5,0.7,300,1,5.723661952,0.815085258,7.873472816,0.592725732,6.381392203,0.667375196
0.01,6,0.8,400,3,5.426291467,0.833815101,7.701004785,0.613111829,6.394140272,0.666044903
0.01,3,0.6,400,1,6.016269102,0.79569124,7.950690756,0.580870832,6.397175965,0.66572773
0.01,5,0.6,400,3,5.666708288,0.818778913,7.768003784,0.604846411,6.438156926,0.661431247
0.01,5,0.8,400,3,5.695240281,0.816897166,7.709187068,0.611652477,6.445220017,0.660687974
0.01,5,0.7,400,3,5.683805866,0.817670629,7.815851668,0.600638563,6.50103577,0.654785628
0.01,8,0.8,400,5,5.774407376,0.81182234,7.930173741,0.593322997,6.548714659,0.649703424
0.01,4,0.7,300,1,6.170266852,0.78520393,8.029878807,0.574171998,6.592371214,0.6450174
0.01,4,0.7,400,3,6.0838192,0.791110389,7.943275812,0.586929642,6.65986675,0.637711259
0.01,7,0.8,400,5,5.850250714,0.806773425,7.992896498,0.58722176,6.686979192,0.634755487
0.01,4,0.6,300,1,6.191895349,0.783632918,8.002390541,0.575402169,6.688609319,0.634577389
0.01,8,0.6,400,5,5.779719489,0.811445146,7.873635469,0.599743289,6.689434383,0.634487231
0.01,4,0.8,400,3,6.076391119,0.79159858,7.992144578,0.581805182,6.698670548,0.6334772
0.01,8,0.9,400,5,5.767521615,0.812202837,7.8942039,0.598599638,6.711667819,0.63205351
0.01,8,0.6,300,3,6.068637605,0.792146993,8.035642156,0.582381313,6.715542586,0.631628543
0.01,4,0.8,300,1,6.17326977,0.784952218,7.974975692,0.580422651,6.720113822,0.631126875
0.01,8,0.7,400,5,5.785453154,0.811040816,7.930269163,0.593781549,6.748651693,0.627987283
0.01,4,0.6,400,3,6.064787371,0.792481768,7.879668441,0.591641103,6.776336375,0.624928842
0.01,4,0.9,400,3,6.099964944,0.789975823,7.919115153,0.588023044,6.789680303,0.623450211
0.01,7,0.6,400,5,5.873889492,0.805247281,7.880765935,0.598692713,6.831506619,0.618796619
0.01,7,0.7,300,3,6.189748276,0.78379995,8.088272695,0.574945971,6.845497971,0.617233563
0.01,7,0.9,200,1,6.573453893,0.7562125,8.308220825,0.54867161,6.851888654,0.616518559
0.01,7,0.8,200,1,6.551493143,0.757790997,8.335519779,0.546701548,6.853944279,0.616288429
0.01,7,0.7,400,5,5.859517731,0.806265678,7.95012363,0.592121311,6.86653161,0.614877755
0.01,8,0.8,200,1,6.409314693,0.76823897,8.300357463,0.548013529,6.881526013,0.61319394
0.01,6,0.6,400,5,5.961815611,0.799375163,7.916962552,0.593204936,6.899529695,0.611167343
0.01,7,0.9,400,5,5.85479961,0.806469912,7.986101051,0.588046152,6.901447678,0.610951131
0.01,4,0.9,300,1,6.164069193,0.7856198,7.946047469,0.583147071,6.907888878,0.610224585
0.01,8,0.7,200,1,6.399638098,0.768982055,8.180820545,0.563653637,6.909665588,0.610024058
0.01,8,0.7,300,3,6.071261682,0.791796222,8.077205647,0.576877692,6.930273482,0.607694404
0.01,8,0.8,300,3,6.087779137,0.790994949,8.086373796,0.575950982,6.93699167,0.606933435
0.01,6,0.8,400,5,6.003604262,0.79658035,8.144874605,0.571401641,6.946844065,0.605816122
0.01,6,0.7,400,5,5.994317301,0.797172748,7.980571181,0.587210591,6.95663626,0.604704064
0.01,5,0.7,400,5,6.220104135,0.781625701,8.148057045,0.569745842,6.974863681,0.602629882
0.01,6,0.9,400,5,5.992043102,0.797327539,8.074918082,0.578504695,6.979370322,0.602116214
0.01,7,0.6,200,1,6.528243461,0.759534464,8.39256083,0.539168605,6.983703865,0.601621962
0.01,8,0.9,200,1,6.434216854,0.766321676,8.283106915,0.553797346,6.99267195,0.600598155
0.01,6,0.6,300,3,6.279423762,0.77758592,8.150550705,0.568465165,7.012452338,0.598335359
0.01,7,0.9,300,3,6.168752787,0.785233258,8.147289392,0.570387959,7.012513339,0.598328371
0.01,3,0.7,300,1,6.854924785,0.734905545,8.398656698,0.533788659,7.021505357,0.597297598
0.01,7,0.6,300,3,6.144497852,0.786964219,8.005665228,0.585483595,7.026867966,0.596682242
0.01,3,0.7,400,3,6.632140417,0.75182222,8.245882628,0.552199943,7.027122987,0.596652967
0.01,5,0.9,400,5,6.185213582,0.784103743,8.098809123,0.573818499,7.044910376,0.59460844
0.01,5,0.6,400,5,6.174876899,0.78476647,8.011967204,0.583157775,7.04601622,0.594481161
0.01,8,0.6,200,1,6.320791714,0.774582929,8.233238864,0.557267922,7.067610031,0.591991779
0.01,6,0.6,200,1,6.731556303,0.744434116,8.342787127,0.544926996,7.070425837,0.591666605
0.01,8,0.9,300,3,6.059752108,0.792773931,8.065955548,0.578539108,7.073430382,0.591319492
0.01,3,0.8,300,1,6.863982597,0.734290895,8.37872998,0.534908954,7.075962882,0.5910268
0.01,6,0.9,300,3,6.300499796,0.776044914,8.151949616,0.567923319,7.097787802,0.588500056
0.01,6,0.9,200,1,6.713474265,0.745689694,8.448948875,0.533581294,7.104983948,0.587665229
0.01,3,0.9,300,1,6.892418444,0.731989529,8.445334606,0.528839308,7.107184597,0.587409762
0.01,3,0.9,400,3,6.676876214,0.748512076,8.322918033,0.544824475,7.109989577,0.587084025
0.01,7,0.8,300,3,6.179585303,0.784430965,8.18081109,0.56629956,7.119545524,0.585973347
0.01,6,0.7,300,3,6.292990444,0.776539399,8.207698522,0.563525582,7.120897793,0.585816053
0.01,3,0.6,400,3,6.627159469,0.752141989,8.195412287,0.558822644,7.126907045,0.585116707
0.01,3,0.8,400,3,6.66074655,0.74964802,8.293456708,0.547790226,7.127868574,0.585004752
0.01,5,0.9,300,3,6.544041021,0.758390977,8.281383873,0.554236334,7.139591582,0.583638567
0.01,6,0.8,300,3,6.299292668,0.77609267,8.156602741,0.567144561,7.145651585,0.582931461
0.01,7,0.7,200,1,6.512627649,0.760764131,8.280713181,0.551936623,7.156448596,0.581670136
0.01,3,0.6,300,1,6.860242788,0.7344924,8.425060831,0.530910484,7.161543462,0.581074284
0.01,5,0.6,300,3,6.53348465,0.759157895,8.234473481,0.557460291,7.17652356,0.579319882
0.01,4,0.8,400,5,6.54296268,0.758382903,8.161803679,0.56521718,7.186876625,0.578105235
0.01,5,0.8,400,5,6.215539298,0.781882727,8.069215871,0.575969522,7.205963239,0.575861358
0.01,4,0.9,400,5,6.56418011,0.756839853,8.174303477,0.564198203,7.21642084,0.574629408
0.01,5,0.7,300,3,6.520896988,0.76008284,8.275844129,0.553692333,7.249072175,0.570771446
0.01,4,0.6,400,5,6.556048293,0.757472704,8.128971791,0.567604487,7.266398405,0.56871717
0.01,5,0.8,300,3,6.574050703,0.756038851,8.206439995,0.562291561,7.297508886,0.565016261
0.01,4,0.7,400,5,6.605755749,0.753756836,8.212193945,0.560322785,7.319299133,0.562414673
0.01,8,0.8,300,5,6.70999146,0.745967098,8.474485372,0.536385896,7.344639541,0.559379468
0.01,6,0.7,200,1,6.708739453,0.746131001,8.394609329,0.54012567,7.345651735,0.559258013
0.01,5,0.9,200,1,7.00019049,0.723599478,8.571471598,0.520218027,7.347632824,0.559020248
0.01,6,0.8,200,1,6.699096274,0.746857956,8.413838001,0.537731856,7.370216498,0.556305293
0.01,5,0.8,200,1,6.993640593,0.724113267,8.538546573,0.52429432,7.405935539,0.551994225
0.01,4,0.7,300,3,6.926362909,0.72934063,8.451100307,0.534139145,7.413185275,0.551116682
0.01,7,0.8,300,5,6.783622297,0.740358854,8.510099613,0.533265906,7.420561024,0.550223004
0.01,5,0.6,200,1,7.030906242,0.721199671,8.552894325,0.521517625,7.442140981,0.54760318
0.01,5,0.7,200,1,7.025286971,0.721639844,8.672074575,0.51011965,7.472590376,0.543893659
0.01,8,0.6,300,5,6.742949118,0.743411324,8.427734311,0.543037317,7.485798354,0.542279877
0.01,4,0.8,300,3,6.906052986,0.730953207,8.45697324,0.533109231,7.497516665,0.54084572
0.01,3,0.7,400,5,7.068102657,0.718047355,8.491546953,0.527795204,7.498008453,0.540785483
0.01,3,0.9,400,5,7.090231534,0.716490933,8.543339786,0.522463085,7.511160924,0.539173028
0.01,8,0.9,300,5,6.727197615,0.744570796,8.450136118,0.540655079,7.51841968,0.538281914
0.01,7,0.6,300,5,6.803000087,0.738864352,8.430390445,0.541485691,7.527024537,0.537224434
0.01,3,0.8,400,5,7.085782898,0.716728227,8.508446885,0.525565424,7.533831235,0.536387078
0.01,8,0.7,300,5,6.71594158,0.745466174,8.45590235,0.539041179,7.535926718,0.536129141
0.01,8,0.9,400,10,6.812115174,0.737966471,8.539247356,0.533039747,7.542824635,0.535279555
0.01,4,0.9,300,3,6.939026994,0.728330899,8.372691437,0.540862032,7.557753298,0.533438197
0.01,4,0.6,300,3,6.888594186,0.73239135,8.364723312,0.541217912,7.558458189,0.533351163
0.01,3,0.6,400,5,7.038822524,0.720417505,8.449776759,0.531976836,7.563668427,0.532707596
0.01,7,0.7,300,5,6.795733361,0.739456925,8.482145887,0.536598792,7.572400513,0.531628016
0.01,7,0.7,400,10,6.897984493,0.731413215,8.550655599,0.530683974,7.601149194,0.528064909
0.01,6,0.6,300,5,6.848323525,0.735339589,8.434839935,0.539266541,7.613314278,0.526553105
0.01,8,0.7,400,10,6.841651726,0.735783286,8.502743659,0.53689646,7.648405534,0.522178628
0.01,6,0.8,400,10,6.968215927,0.725877245,8.636685201,0.520378502,7.653429007,0.521550755
0.01,7,0.9,300,5,6.794741196,0.739454508,8.52423025,0.531976824,7.658430172,0.520925262
0.01,4,0.6,200,1,7.395912547,0.69154722,8.759961447,0.494047849,7.663787443,0.520254777
0.01,7,0.8,400,10,6.893737644,0.731624633,8.545887895,0.530514872,7.667878468,0.519742452
0.01,4,0.7,200,1,7.378035567,0.693020771,8.770419129,0.495567285,7.677649511,0.518517705
0.01,5,0.7,300,5,7.077716577,0.717380917,8.649033685,0.516806125,7.678359599,0.518428638
0.01,7,0.9,400,10,6.877733977,0.73305762,8.547239866,0.530243004,7.681213865,0.518070544
0.01,6,0.7,300,5,6.867301582,0.733912348,8.505378895,0.532277603,7.689284842,0.517057244
0.01,6,0.8,300,5,6.904350113,0.731027097,8.663234654,0.516539419,7.708352307,0.514659125
0.01,6,0.9,300,5,6.901154731,0.731259845,8.611037078,0.522377575,7.718975895,0.513320418
0.01,8,0.6,400,10,6.847034781,0.735326954,8.513717719,0.534630406,7.719876705,0.513206819
0.01,6,0.9,400,10,6.95434651,0.726889783,8.555452969,0.530301705,7.725160941,0.512540174
0.01,3,0.7,300,3,7.485575137,0.684020698,8.756851272,0.496575201,7.75085144,0.509292627
0.01,5,0.9,300,5,7.057206013,0.719024064,8.573483624,0.524437499,7.756681837,0.508554103
0.01,5,0.6,400,10,7.060998178,0.71866992,8.560989668,0.52779464,7.769966174,0.506869331
0.01,6,0.6,400,10,6.942579512,0.727879964,8.550174679,0.530194218,7.776631714,0.506022894
0.01,5,0.6,300,5,7.036105821,0.72064346,8.521097639,0.529885709,7.777549029,0.50590635
0.01,8,0.8,400,10,6.839462184,0.736017773,8.595305818,0.526323482,7.778377002,0.505801145
0.01,5,0.9,400,10,7.067184382,0.718031545,8.562431032,0.525818321,7.789522268,0.504383903
0.01,3,0.9,300,3,7.528447013,0.680389576,8.813614569,0.491231244,7.789740555,0.504356125
0.01,4,0.8,200,1,7.401391645,0.6911156,8.712481383,0.501567154,7.790615998,0.504244713
0.01,8,0.6,200,3,7.438812998,0.687748586,8.907372105,0.488176292,7.805766046,0.502314694
0.01,6,0.7,400,10,6.996155659,0.723715902,8.596330487,0.525248685,7.818054695,0.500746445
0.01,3,0.8,300,3,7.501887361,0.682624967,8.779599585,0.494839733,7.820455964,0.500439712
0.01,3,0.6,300,3,7.443860677,0.687506807,8.69945547,0.503901375,7.820611001,0.500419905
0.01,5,0.8,400,10,7.066603354,0.718089876,8.527503976,0.531455435,7.826834157,0.499624519
0.01,7,0.7,200,3,7.499662834,0.682802729,8.904457023,0.487437745,7.861284682,0.495209928
0.01,7,0.6,400,10,6.886528283,0.732158251,8.522246986,0.533892401,7.865101892,0.494719586
0.01,5,0.7,400,10,7.092274263,0.716016942,8.609169217,0.523357634,7.867713138,0.49438402
0.01,4,0.8,400,10,7.347190683,0.695481373,8.622371069,0.519324723,7.875084011,0.493436203
0.01,5,0.8,300,5,7.070878419,0.717910837,8.542489509,0.526237287,7.884392097,0.492238013
0.01,4,0.6,300,5,7.374163677,0.693296994,8.630084081,0.514890423,7.915012766,0.488286356
0.01,4,0.9,400,10,7.314885309,0.698012482,8.655381691,0.515245018,7.917973343,0.487903476
0.01,4,0.8,300,5,7.381045201,0.692626087,8.695007434,0.508883809,7.923121768,0.487237309
0.01,8,0.7,200,3,7.418840136,0.689409044,8.917215513,0.486124965,7.953787792,0.483260386
0.01,8,0.8,200,3,7.391607566,0.691969799,8.914253962,0.487410219,7.954391208,0.483181977
0.01,4,0.9,300,5,7.413123318,0.68998621,8.703503592,0.507021127,7.978026214,0.480106156
0.01,3,0.7,200,1,7.942373404,0.644252754,9.126479927,0.454461591,7.991542521,0.478343064
0.01,4,0.9,200,1,7.391127769,0.691981109,8.683706189,0.505376908,8.007657557,0.476237088
0.01,6,0.6,200,3,7.520274673,0.681146647,8.920627348,0.485132304,8.013759553,0.475438548
0.01,4,0.6,400,10,7.32657314,0.697102585,8.624218174,0.51691694,8.014978401,0.475278971
0.01,3,0.8,200,1,7.967994011,0.641980495,9.128592684,0.453066523,8.034317205,0.472743787
0.01,7,0.9,200,3,7.491312877,0.683414966,8.929321644,0.485067301,8.044547872,0.471400147
0.01,8,0.9,200,3,7.414669779,0.689789322,8.898357328,0.488941997,8.04807524,0.470936485
0.01,4,0.7,300,5,7.395494528,0.691432131,8.726219975,0.504870314,8.060023687,0.469364387
0.01,3,0.9,200,1,7.974524264,0.641354185,9.162729357,0.44987932,8.072559939,0.467712443
0.01,7,0.8,200,3,7.490800406,0.683479182,9.024184501,0.473622572,8.074354241,0.467475792
0.01,6,0.7,200,3,7.584027296,0.675630049,9.027154938,0.47359543,8.087063518,0.465798054
0.01,4,0.7,400,10,7.333482722,0.696555028,8.66775392,0.516115733,8.094513112,0.464813415
0.01,3,0.6,200,1,7.935943398,0.644800341,9.106902292,0.45643506,8.097102863,0.464470906
0.01,6,0.9,200,3,7.561029586,0.677615967,8.929439456,0.483510824,8.097742622,0.464386277
0.01,3,0.9,400,10,7.732894806,0.662601253,8.890096069,0.487095345,8.102683787,0.463732425
0.01,3,0.8,300,5,7.870368849,0.650656358,9.012507217,0.469557877,8.112876294,0.462382416
0.01,7,0.6,200,3,7.445815707,0.68733551,8.853334282,0.493756067,8.120066309,0.461429069
0.01,5,0.6,200,3,7.730013444,0.662956949,9.00556397,0.474214734,8.139510418,0.458846684
0.01,3,0.9,300,5,7.908318622,0.647370721,9.073374349,0.463418985,8.14919125,0.457558663
0.01,3,0.7,300,5,7.909116848,0.647068931,9.012641062,0.469558522,8.18190248,0.453195154
0.01,5,0.9,200,3,7.782831016,0.65846357,9.046138145,0.470446177,8.190680027,0.4520213
0.01,6,0.8,200,3,7.603946125,0.673842309,9.008394901,0.475139313,8.211880187,0.449180932
0.01,5,0.7,200,3,7.735650761,0.662575189,9.063817074,0.466638396,8.216765753,0.44852533
0.01,3,0.8,400,10,7.731260014,0.662647135,8.91635238,0.483997809,8.218099571,0.448346275
0.01,5,0.8,200,3,7.825013582,0.654652711,9.031979891,0.472476259,8.23739144,0.445753237
0.01,3,0.6,300,5,7.850705835,0.652357057,9.009883715,0.470400371,8.238956348,0.445542629
0.01,3,0.6,400,10,7.764202849,0.659845132,8.926008656,0.482272767,8.26245004,0.442376009
0.01,8,0.9,300,10,7.728272008,0.66297142,9.1575498,0.463394671,8.26336566,0.442252414
0.01,7,0.8,200,5,8.012857741,0.637862335,9.331831323,0.440752753,8.266193318,0.441870635
0.01,7,0.7,300,10,7.800237301,0.656789187,9.13980753,0.464287416,8.282643222,0.439647046
0.01,3,0.7,400,10,7.77798492,0.658547459,8.937059439,0.481400183,8.28769053,0.438963898
0.01,7,0.8,300,10,7.808479798,0.655926189,9.135025549,0.463980113,8.322619061,0.434224951
0.01,8,0.8,200,5,8.009988442,0.638144325,9.350597583,0.437938018,8.325471595,0.433837052
0.01,6,0.8,300,10,7.838707595,0.653318958,9.187649239,0.458477165,8.327053755,0.433621846
0.01,4,0.7,200,3,8.051892885,0.634410297,9.191675779,0.451867977,8.337236645,0.432235787
0.01,8,0.7,300,10,7.75960682,0.660339881,9.114321965,0.468037503,8.342068369,0.431577517
0.01,8,0.6,300,10,7.767590978,0.659576797,9.135342864,0.464803617,8.362749264,0.428755662
0.01,7,0.9,300,10,7.795704483,0.657232906,9.152639741,0.461946038,8.377761025,0.426702968
0.01,4,0.6,200,3,8.03760425,0.635836246,9.156111962,0.452848497,8.407678036,0.422601167
0.01,8,0.6,200,5,8.002364465,0.638813503,9.266734532,0.448960228,8.408065722,0.422547916
0.01,6,0.6,300,10,7.827925658,0.654264156,9.169434162,0.460276355,8.431238946,0.419360533
0.01,5,0.6,300,10,7.909880086,0.647108018,9.120938565,0.465435575,8.431630961,0.419306537
0.01,6,0.9,300,10,7.821114688,0.654788773,9.132547378,0.465282547,8.436612959,0.418620105
0.01,4,0.8,200,3,8.050091207,0.634671587,9.216198419,0.447350022,8.442040691,0.417871798
0.01,8,0.8,300,10,7.75962596,0.660380918,9.173591687,0.461084992,8.448632138,0.416962406
0.01,8,0.9,200,5,7.993816913,0.639456964,9.303442284,0.445856743,8.450480579,0.416707257
0.01,4,0.9,200,3,8.086623878,0.631279119,9.170354084,0.452110416,8.455317878,0.416039279
0.01,7,0.6,200,5,8.028488572,0.636489695,9.271982232,0.447235729,8.482322672,0.412303187
0.01,7,0.6,300,10,7.769689158,0.659364112,9.113117054,0.467473385,8.487663137,0.411562927
0.01,5,0.9,300,10,7.915326613,0.646411556,9.15668047,0.45977427,8.494929566,0.410554954
0.01,6,0.6,200,5,8.101905127,0.629805157,9.319954254,0.440193548,8.494994859,0.410545893
0.01,5,0.8,300,10,7.918437655,0.646155586,9.10544772,0.467240917,8.507083731,0.408867044
0.01,7,0.9,200,5,8.042249739,0.63521186,9.363025059,0.436912174,8.514051684,0.407898281
0.01,6,0.7,300,10,7.862292238,0.651242889,9.143823638,0.46361195,8.524232868,0.406481353
0.01,3,0.7,200,3,8.467840424,0.595705423,9.481652252,0.414373015,8.524269343,0.406476274
0.01,8,0.7,200,5,7.9845866,0.640351744,9.315969766,0.44214103,8.526905506,0.406109118
0.01,4,0.8,300,10,8.15763167,0.624628417,9.184006647,0.457007188,8.529438587,0.405756212
0.01,6,0.9,200,5,8.142092967,0.626065182,9.454501893,0.425416889,8.532887831,0.405275499
0.01,7,0.8,100,1,8.766082242,0.566654018,9.876428614,0.36939286,8.548231091,0.40313479
0.01,7,0.9,100,1,8.785589942,0.56464265,9.871113668,0.370213964,8.549928699,0.402897701
0.01,7,0.7,200,5,8.026479468,0.63670361,9.295168944,0.445547658,8.560246136,0.401455752
0.01,6,0.8,200,5,8.142720773,0.626103415,9.490881696,0.421458683,8.562735695,0.401107554
0.01,5,0.7,300,10,7.953973673,0.642979206,9.203614523,0.456576211,8.564760113,0.400824338
0.01,4,0.6,300,10,8.13248297,0.626975173,9.203578617,0.452749115,8.580104568,0.398675472
0.01,3,0.9,200,3,8.516882032,0.591001494,9.536411601,0.408795903,8.585887281,0.397864653
0.01,3,0.8,200,3,8.504316185,0.592186065,9.511387811,0.411964948,8.594829915,0.396609691
0.01,6,0.7,200,5,8.097466175,0.630211038,9.359828198,0.436308176,8.599843748,0.395905505
0.01,8,0.8,100,1,8.689275588,0.5741633,9.852403434,0.371655091,8.612556388,0.39411819
0.01,4,0.9,300,10,8.133782241,0.626738074,9.253365897,0.448108994,8.619712866,0.393110875
0.01,7,0.6,100,1,8.816995433,0.561665148,9.929315239,0.364203042,8.643631244,0.389738154
0.01,5,0.9,200,5,8.277055236,0.613638639,9.385583247,0.432795364,8.644211376,0.389656233
0.01,5,0.7,200,5,8.241898146,0.616955086,9.452721193,0.424492095,8.657634318,0.387759248
0.01,8,0.7,100,1,8.719180838,0.57142338,9.863019796,0.37203649,8.661183681,0.387257146
0.01,3,0.6,200,3,8.453231541,0.597034352,9.425212128,0.422242574,8.672761245,0.385617922
0.01,5,0.6,200,5,8.205742647,0.620119256,9.368533876,0.435199394,8.679649687,0.384641574
0.01,4,0.7,300,10,8.153899394,0.624954672,9.230279137,0.452267563,8.688930506,0.383324912
0.01,3,0.9,300,10,8.519438576,0.59058547,9.493424322,0.417299079,8.714353017,0.379711034
0.01,4,0.6,200,5,8.480381306,0.594619393,9.470303413,0.417931373,8.753654111,0.374103502
0.01,8,0.6,100,1,8.688667127,0.574301118,9.861075646,0.372224234,8.760515971,0.373121856
0.01,4,0.8,200,5,8.478727701,0.594649507,9.477723697,0.419366169,8.764605496,0.372536449
0.01,5,0.8,200,5,8.236479,0.617432137,9.358179457,0.434317689,8.789967857,0.36889978
0.01,3,0.8,300,10,8.535279164,0.589064777,9.502710037,0.41610579,8.798267312,0.367707453
0.01,7,0.7,100,1,8.835684417,0.559853269,9.8798106,0.370372094,8.800184761,0.367431826
0.01,6,0.9,100,1,8.913169341,0.552096922,9.970061163,0.358015474,8.806746863,0.36648809
0.01,6,0.6,100,1,8.921793419,0.551170211,9.91317698,0.365479465,8.807265002,0.366413543
0.01,4,0.9,200,5,8.523558613,0.590305971,9.502281656,0.416098586,8.818705944,0.364766373
0.01,8,0.9,100,1,8.771412308,0.566257282,9.890713733,0.368072839,8.819869086,0.364598793
0.01,5,0.8,100,1,9.072329735,0.536041215,10.01688786,0.351987285,8.82977526,0.36317067
0.01,5,0.9,100,1,9.068710736,0.536372681,10.02042755,0.350203406,8.838037422,0.36197833
0.01,3,0.7,300,10,8.565695475,0.586084958,9.516603623,0.414719866,8.865244034,0.35804417
0.01,3,0.6,300,10,8.528582036,0.589759328,9.486104737,0.416747228,8.865852885,0.35795599
0.01,4,0.7,200,5,8.500125344,0.592590759,9.533545557,0.41202388,8.878358488,0.356143461
0.01,3,0.7,200,5,8.840169679,0.559238773,9.746731234,0.384419663,8.883612176,0.355381243
0.01,3,0.9,200,5,8.877485271,0.555647976,9.809339822,0.376890494,8.896498389,0.35350977
0.01,3,0.8,200,5,8.841156324,0.559273854,9.81059134,0.376733783,8.903803839,0.35244759
0.01,6,0.7,100,1,8.934095849,0.550074604,9.928879577,0.361129529,8.935550886,0.347821583
0.01,6,0.8,100,1,8.893423464,0.554115986,9.966320391,0.358698717,8.946172593,0.34627017
0.01,5,0.6,100,1,9.074842497,0.535694591,10.01368411,0.351105595,8.99563267,0.339021728
0.01,5,0.7,100,1,9.099363139,0.53330777,10.11770057,0.339278227,8.996890567,0.33883686
0.01,3,0.6,200,5,8.838163753,0.559451574,9.772627081,0.38144384,9.008772178,0.337089397
0.01,7,0.7,200,10,8.97134685,0.546163429,10.01165687,0.358581294,9.024714757,0.334741051
0.01,8,0.9,200,10,8.920833725,0.55120671,10.02537371,0.35889943,9.027610774,0.334314021
0.01,8,0.6,200,10,8.938342224,0.549396267,10.01663703,0.357726897,9.100887157,0.323463525
0.01,7,0.8,200,10,8.951615439,0.548154644,10.0003303,0.358812642,9.100949298,0.323454286
0.01,4,0.7,100,1,9.315218508,0.510822271,10.19923694,0.325689193,9.125719835,0.319766493
0.01,4,0.8,100,1,9.315298079,0.510928589,10.17273631,0.328939363,9.135403148,0.318322134
0.01,8,0.7,200,10,8.958880175,0.547347756,10.01160689,0.360590396,9.13606495,0.318223364
0.01,6,0.9,200,10,8.986921105,0.544506399,10.03354374,0.356066791,9.143034922,0.317182702
0.01,6,0.8,200,10,8.989565358,0.54425128,10.06351046,0.352028838,9.147267432,0.316550374
0.01,7,0.9,200,10,8.954186752,0.547950295,9.999204271,0.360185365,9.15928254,0.314753747
0.01,4,0.6,100,1,9.320124531,0.510385084,10.17542506,0.326384195,9.159305191,0.314750358
0.01,5,0.6,200,10,9.033996721,0.539829705,10.02503706,0.35566961,9.165501401,0.31382291
0.01,6,0.6,200,10,8.981764077,0.545067534,10.02088658,0.358317479,9.207836011,0.307469493
0.01,3,0.7,100,1,9.643772264,0.475789349,10.41468836,0.297527405,9.212476802,0.30677124
0.01,5,0.9,200,10,9.041442208,0.539011047,10.00246418,0.358770401,9.237073344,0.303064573
0.01,8,0.6,100,3,9.508924336,0.490198227,10.46458014,0.298574745,9.245367045,0.301812495
0.01,6,0.7,200,10,9.003468064,0.542838387,9.99511762,0.361284627,9.24967953,0.301161006
0.01,8,0.8,200,10,8.948865267,0.548482166,10.03029481,0.356416688,9.263109548,0.299130183
0.01,5,0.8,200,10,9.027258495,0.540410815,9.956858397,0.364738213,9.279192758,0.296694279
0.01,4,0.8,200,10,9.174894311,0.52534163,9.995401631,0.359109714,9.285284503,0.295770542
0.01,3,0.9,100,1,9.67835068,0.47193986,10.50268305,0.285882427,9.294872825,0.294315365
0.01,5,0.7,200,10,9.046420257,0.538534984,10.00260836,0.360324937,9.30025123,0.293498451
0.01,7,0.6,200,10,8.965865117,0.546656521,10.00573253,0.359355763,9.30383298,0.292954165
0.01,3,0.8,100,1,9.664734639,0.473503745,10.43721793,0.293683918,9.327378138,0.289371003
0.01,7,0.7,100,3,9.524756428,0.488698905,10.41148491,0.30394234,9.331726389,0.288708285
0.01,7,0.9,100,3,9.482811575,0.493115626,10.42482795,0.302730635,9.333022876,0.288510627
0.01,4,0.6,200,10,9.166066306,0.526286684,10.03727747,0.351156672,9.335227196,0.288174501
0.01,3,0.6,100,1,9.670059372,0.47289942,10.42766794,0.295896814,9.336044676,0.288049827
0.01,4,0.9,200,10,9.194600296,0.523216721,10.08666465,0.346947272,9.345250449,0.286645103
0.01,5,0.7,100,3,9.69134357,0.470688328,10.54383801,0.283830437,9.361135004,0.284217997
0.01,6,0.6,100,3,9.537247049,0.487384329,10.44347067,0.297892537,9.362851694,0.283955446
0.01,4,0.7,200,10,9.186109644,0.524218357,10.06775582,0.349977982,9.371095491,0.282693966
0.01,8,0.7,100,3,9.52930403,0.488125601,10.44381942,0.298625863,9.379987964,0.28133198
0.01,3,0.9,200,10,9.476183769,0.493657549,10.29676776,0.318228559,9.386332161,0.280359503
0.01,7,0.6,100,3,9.526888469,0.488403755,10.39340524,0.306663334,9.407179104,0.277159325
0.01,5,0.6,100,3,9.649695125,0.475079049,10.47461589,0.294378814,9.411077871,0.276560044
0.01,7,0.8,100,3,9.537253511,0.487318565,10.5315938,0.288300964,9.41639752,0.275741959
0.01,8,0.8,100,3,9.493402388,0.49206472,10.5175141,0.290973096,9.434762292,0.272914167
0.01,4,0.9,100,1,9.314343818,0.511046332,10.16505075,0.331418739,9.446362546,0.271125131
0.01,5,0.9,100,3,9.730930767,0.466309369,10.56554308,0.282872796,9.453092908,0.270086141
0.01,3,0.8,200,10,9.495357923,0.491556211,10.32461743,0.314560798,9.462838264,0.268580404
0.01,6,0.9,100,3,9.550680989,0.485818149,10.45060852,0.29806526,9.470386494,0.267413074
0.01,6,0.7,100,3,9.563952222,0.48443619,10.48500869,0.294710382,9.474817926,0.266727322
0.01,5,0.8,100,3,9.70493547,0.469070236,10.45078097,0.297621118,9.496589635,0.263353549
0.01,3,0.7,200,10,9.469465371,0.494325456,10.26034985,0.322777373,9.506458115,0.261821766
0.01,3,0.6,200,10,9.468507772,0.494498417,10.28736802,0.318739214,9.521802033,0.259436927
0.01,8,0.9,100,3,9.516432023,0.489436968,10.45808615,0.297903112,9.531126283,0.25798582
0.01,7,0.8,100,5,9.919316726,0.445385091,10.79841732,0.254274332,9.546265729,0.255626685
0.01,6,0.8,100,3,9.609793345,0.479376445,10.50316372,0.292681076,9.567400853,0.252327
0.01,4,0.7,100,3,9.817674491,0.456618874,10.56653262,0.281784627,9.581203113,0.250168206
0.01,3,0.7,100,3,10.04651564,0.43109918,10.74908974,0.254978901,9.588568504,0.249014922
0.01,4,0.8,100,3,9.792311886,0.459548931,10.57149191,0.28054298,9.608638813,0.245867783
0.01,8,0.8,100,5,9.894630249,0.448123524,10.7955943,0.25471899,9.628335929,0.242772765
0.01,4,0.6,100,3,9.833902695,0.454994892,10.57280215,0.279040102,9.629385567,0.242607657
0.01,3,0.9,100,3,10.08423677,0.426753003,10.80699797,0.248056702,9.64771896,0.239720912
0.01,8,0.6,100,5,9.978850299,0.438656763,10.79973785,0.254138562,9.650620287,0.239263571
0.01,6,0.6,100,5,9.954546176,0.441301465,10.74914907,0.260100443,9.653397759,0.238825624
0.01,4,0.9,100,3,9.865163762,0.451493474,10.60628608,0.275258769,9.672875006,0.235750948
0.01,3,0.6,100,3,10.06536163,0.428814768,10.77608,0.252843482,9.678739551,0.234823957
0.01,3,0.8,100,3,10.08372562,0.42688832,10.81970719,0.245321567,9.681363444,0.234409025
0.01,7,0.9,100,5,9.941485851,0.442969713,10.83277449,0.248661777,9.717647309,0.228659699
0.01,7,0.6,100,5,9.949243887,0.44190803,10.78929579,0.255687501,9.725898206,0.22734931
0.01,6,0.7,100,5,9.972617861,0.439481251,10.81220925,0.251128791,9.733089956,0.226206225
0.01,6,0.8,100,5,9.986648447,0.437855208,10.89004194,0.24140812,9.734111081,0.226043855
0.01,6,0.9,100,5,9.982490263,0.438321153,10.88580037,0.241908162,9.742066457,0.224778279
0.01,5,0.7,100,5,10.04613273,0.431154063,10.87170739,0.243095366,9.759286225,0.222035342
0.01,7,0.7,100,5,9.965581792,0.44024363,10.75556417,0.260473682,9.794567674,0.21640023
0.01,3,0.7,100,5,10.35248423,0.395887275,11.01099676,0.221121958,9.795455335,0.216258192
0.01,8,0.9,100,5,9.928160997,0.444269887,10.81469185,0.253083947,9.829894579,0.210737484
0.01,5,0.9,100,5,10.06201124,0.429388491,10.81007692,0.251185472,9.836149234,0.209732766
0.01,4,0.8,100,5,10.13618105,0.420932093,10.81551855,0.248114096,9.845870564,0.208169909
0.01,3,0.8,100,5,10.39110085,0.391352706,11.09061257,0.209679976,9.847267951,0.20794513
0.01,4,0.6,100,5,10.17202685,0.416876983,10.85634451,0.242024725,9.847478827,0.207911207
0.01,5,0.6,100,5,10.05446319,0.430038586,10.8408652,0.248397409,9.851851173,0.207207665
0.01,3,0.9,100,5,10.38263962,0.39232798,11.08515942,0.211008226,9.879446297,0.202760208
0.01,8,0.7,100,5,9.911379856,0.446203324,10.82112095,0.250551797,9.881800086,0.202380277
0.01,3,0.6,100,5,10.37176032,0.393472679,11.05484186,0.215227726,9.89499503,0.200248767
0.01,4,0.7,100,5,10.16880298,0.417099199,10.91254483,0.235719408,9.930058382,0.194570817
0.01,5,0.8,100,5,10.06918936,0.428455035,10.77663861,0.25443347,9.947172975,0.191792088
0.01,4,0.9,100,5,10.20743968,0.412662885,10.88092909,0.239683522,9.957107211,0.190176969
0.01,8,0.9,100,10,10.60348748,0.366273522,11.39331164,0.172271118,10.05089469,0.174849432
0.01,6,0.8,100,10,10.65558084,0.3599953,11.4284676,0.166688057,10.13968666,0.160205887
0.01,7,0.7,100,10,10.62757934,0.363394334,11.34144777,0.178378283,10.1435496,0.159565887
0.01,6,0.6,100,10,10.66121142,0.359258696,11.39328123,0.172919204,10.17120944,0.15497618
0.01,7,0.9,100,10,10.60658306,0.365906177,11.35787012,0.176367515,10.17533482,0.154290568
0.01,8,0.6,100,10,10.64679914,0.36110032,11.40342462,0.169606807,10.17622638,0.154142359
0.01,5,0.6,100,10,10.63928006,0.361940253,11.35134907,0.177229135,10.18121722,0.153312469
0.01,8,0.7,100,10,10.6541041,0.360133543,11.38171891,0.174503003,10.18568407,0.152569364
0.01,6,0.7,100,10,10.63870392,0.361968542,11.34237535,0.179340057,10.19879368,0.150386568
0.01,7,0.8,100,10,10.62974293,0.363150904,11.35961522,0.175568229,10.20326863,0.149640832
0.01,6,0.9,100,10,10.6300985,0.363035426,11.34764692,0.178615474,10.20443216,0.149446878
0.01,4,0.8,100,10,10.71599724,0.352613317,11.32845579,0.181066086,10.21125014,0.148309923
0.01,5,0.8,100,10,10.65134868,0.360537272,11.32392846,0.181336682,10.21241655,0.148115338
0.01,5,0.7,100,10,10.69307788,0.355579084,11.37989139,0.173399951,10.22393121,0.146193228
0.01,3,0.9,100,10,10.86105742,0.335098443,11.50143797,0.154328889,10.23054174,0.145088773
0.01,5,0.9,100,10,10.68990012,0.35591194,11.39343422,0.171292408,10.244559,0.142744474
0.01,4,0.6,100,10,10.71391033,0.353059855,11.36928663,0.17233987,10.25402638,0.141159299
0.01,7,0.6,100,10,10.66160802,0.359223446,11.35742799,0.176252119,10.25728565,0.140613242
0.01,8,0.8,100,10,10.66388447,0.359072827,11.42376037,0.166920188,10.27457087,0.137714384
0.01,4,0.7,100,10,10.70471416,0.354130919,11.36533973,0.176130357,10.28131167,0.13658258
0.01,3,0.8,100,10,10.86901204,0.334110619,11.50122409,0.154418819,10.28505424,0.135953869
0.01,4,0.9,100,10,10.73632998,0.350223302,11.38086125,0.17172957,10.31196893,0.131425753
0.01,3,0.6,100,10,10.89185618,0.331239188,11.51129341,0.152500786,10.34155422,0.126434681
0.01,3,0.7,100,10,10.85118518,0.336230904,11.48678326,0.156463968,10.34720163,0.125480331
