learning_rate,max_depth,subsample,n_estimators,reg_lambda,colsample_bytree,LOO-train-RMSE,LOO-train-R2,LOO-val-RMSE,LOO-val-R2,test-RMSE,test-R2
0.3,6,0.9,400,10,0.8,0.158914047,0.999857083,3.465975597,,2.564876146,0.950866444
0.2,7,0.9,400,1,1,0.112391585,0.999926657,4.239928593,,2.59705984,0.949625666
0.2,7,0.9,300,1,1,0.112967271,0.999925905,4.241957158,,2.597971696,0.949590286
0.2,7,0.9,200,1,1,0.112407252,0.999926643,4.239214448,,2.598166954,0.949582709
0.3,8,0.8,400,5,0.6,0.164407581,0.999846665,3.606104905,,2.600979224,0.949473506
0.3,6,0.9,300,10,0.8,0.228995368,0.999703802,3.46699081,,2.602261745,0.949423665
0.2,7,0.9,100,1,1,0.116297511,0.999922317,4.238451338,,2.604866719,0.949322356
0.2,6,0.9,200,1,1,0.112514378,0.999926526,3.979406886,,2.605709369,0.949289563
0.2,6,0.9,300,1,1,0.112973742,0.999925897,3.982125513,,2.606688776,0.949251435
0.2,6,0.9,400,1,1,0.112392982,0.999926654,3.980031472,,2.60778537,0.949208728
0.3,8,0.8,300,5,0.6,0.22122543,0.999722849,3.596741449,,2.612942136,0.949007655
0.3,7,0.8,400,5,0.6,0.17656574,0.999823176,3.6024848,,2.614113588,0.948961922
0.4,8,0.8,400,5,0.6,0.126179774,0.999909211,3.591936311,,2.615059743,0.94892497
0.2,6,0.9,100,1,1,0.136666764,0.999893722,3.98185262,,2.622134374,0.948648245
0.3,7,0.8,300,5,0.6,0.239648726,0.999674645,3.58665022,,2.626518388,0.948476389
0.4,8,0.8,300,5,0.6,0.150443514,0.999871735,3.578088732,,2.627369802,0.94844298
0.3,8,0.8,200,5,0.6,0.456807602,0.998818724,3.554999779,,2.642946748,0.947829833
0.2,7,0.8,400,1,1,0.113036241,0.999925804,4.096839046,,2.643612163,0.94780356
0.2,7,0.8,200,1,1,0.11253061,0.99992648,4.088383115,,2.643658214,0.947801741
0.2,7,0.8,300,1,1,0.112794178,0.999926125,4.086107961,,2.644139177,0.947782747
0.2,7,0.8,100,1,1,0.122998899,0.999913736,4.092441156,,2.651008901,0.947511064
0.4,5,0.8,400,5,0.6,0.192010576,0.999790652,3.478542556,,2.651074302,0.947508474
0.4,5,0.6,400,10,0.8,0.395823614,0.999112629,3.431473509,,2.65505068,0.94735089
0.4,5,0.8,300,5,0.6,0.252594772,0.999637798,3.456254646,,2.665880997,0.946920488
0.3,6,0.9,200,10,0.8,0.470043422,0.998752297,3.484303418,,2.67246177,0.94665811
0.4,8,0.8,200,5,0.6,0.302226143,0.999483148,3.526438986,,2.674399998,0.946580708
0.4,5,0.6,300,10,0.8,0.560455663,0.998225542,3.399298945,,2.676950381,0.946478775
0.3,7,0.8,200,5,0.6,0.47783813,0.998708286,3.533257041,,2.681793845,0.946284926
0.2,8,0.8,400,10,1,0.120020111,0.999917857,3.610877412,,2.689478131,0.945976659
0.2,6,0.6,400,3,0.8,0.198672419,0.999776059,3.542899441,,2.694305139,0.945782566
0.2,8,0.8,300,10,1,0.16172754,0.999852073,3.614049475,,2.700336895,0.94553954
0.1,7,0.9,400,1,1,0.112406171,0.99992665,4.023780912,,2.708166535,0.945223266
0.1,7,0.9,300,1,1,0.112717688,0.999926273,4.024945021,,2.708363534,0.945215296
0.1,6,0.8,400,3,1,0.128423002,0.99990622,3.623126879,,2.70843489,0.94521241
0.2,6,0.6,300,3,0.8,0.2955614,0.999505253,3.51938633,,2.708851928,0.945195536
0.1,7,0.9,200,1,1,0.114445987,0.999924646,4.022855136,,2.711623943,0.945083314
0.4,7,0.9,300,5,1,0.112701117,0.999926271,3.834711616,,2.71795061,0.944826756
0.4,7,0.9,200,5,1,0.112445443,0.999926632,3.832585121,,2.718163817,0.944818099
0.4,7,0.9,400,5,1,0.112398482,0.999926661,3.834609245,,2.71821595,0.944815983
0.1,6,0.8,300,3,1,0.185612184,0.999805318,3.627919562,,2.725836082,0.944506148
0.4,5,0.8,200,5,0.6,0.460226603,0.998800771,3.408857005,,2.728124864,0.944412917
0.4,5,0.6,200,10,0.8,0.85959735,0.995830895,3.361383902,,2.728501742,0.944397557
0.2,6,0.9,400,10,0.8,0.291287586,0.99952043,3.462681454,,2.732363918,0.944240036
0.1,7,0.8,400,5,1,0.147813847,0.999876375,3.715894509,,2.735164859,0.944125659
0.2,8,0.9,400,10,0.8,0.207960299,0.999755355,3.426340473,,2.740040703,0.943926272
0.4,7,0.9,100,5,1,0.131993651,0.999900944,3.831948978,,2.741985993,0.943846625
0.2,7,0.9,400,10,0.8,0.234441744,0.999689403,3.439813073,,2.749005527,0.94355875
0.4,8,0.9,400,3,0.8,0.112425772,0.999926629,3.963395873,,2.756077768,0.943267968
0.4,8,0.9,200,3,0.8,0.112755273,0.999926367,3.954609031,,2.756197441,0.943263041
0.4,8,0.9,300,3,0.8,0.112652792,0.999926338,3.963017079,,2.756753134,0.943240161
0.2,7,0.8,400,10,0.8,0.30877857,0.999461581,3.402879768,,2.764894935,0.942904397
0.4,8,0.6,400,10,1,0.119123145,0.999918819,3.451308635,,2.77270006,0.942581587
0.4,7,0.9,100,3,0.8,0.184837223,0.999806366,3.770778818,,2.773186665,0.942561432
0.4,8,0.6,300,10,1,0.149226768,0.999873876,3.426088475,,2.773471008,0.942549652
0.1,7,0.8,400,1,1,0.112705722,0.999926254,3.882287746,,2.773980925,0.942528525
0.1,7,0.8,300,1,1,0.112821675,0.999926224,3.877152138,,2.774807604,0.942494266
0.3,7,0.6,400,5,1,0.114629936,0.999924096,3.664614895,,2.776073696,0.942441776
0.1,7,0.8,200,1,1,0.121407529,0.999915818,3.878057873,,2.776340107,0.942430728
0.3,7,0.6,200,5,1,0.17661226,0.999823533,3.623173641,,2.777382789,0.942387479
0.3,7,0.6,300,5,1,0.120209277,0.999917564,3.640495646,,2.777833003,0.942368799
0.4,7,0.9,200,3,0.8,0.113351036,0.999925725,3.777851984,,2.778798872,0.942328715
0.4,7,0.8,400,5,0.6,0.131831307,0.99990112,3.458478473,,2.779141892,0.942314476
0.4,7,0.9,400,3,0.8,0.112430904,0.999926625,3.7885275,,2.779345942,0.942306005
0.4,7,0.9,300,3,0.8,0.112670178,0.999926325,3.787942257,,2.780145601,0.942272801
0.4,5,0.6,400,5,0.8,0.189989884,0.999794883,3.593228691,,2.780616001,0.942253265
0.4,8,0.8,400,10,0.6,0.266192734,0.999598459,3.475590299,,2.780706837,0.942249492
0.2,8,0.8,200,10,1,0.357668847,0.999277196,3.598011092,,2.782401874,0.942179064
0.3,8,0.6,400,10,1,0.141475483,0.999886623,3.368402359,,2.783766373,0.942122339
0.1,7,0.8,300,5,1,0.243010361,0.999666357,3.722951927,,2.783991912,0.94211296
0.3,6,0.6,400,5,1,0.116787625,0.999921527,3.608085912,,2.784066201,0.942109871
0.4,6,0.9,400,3,0.8,0.112462605,0.999926592,3.74999719,,2.784836137,0.942077848
0.2,7,0.8,400,10,1,0.126702775,0.999908793,3.546094629,,2.785310038,0.942058132
0.4,6,0.9,200,3,0.8,0.116896892,0.999921498,3.739355892,,2.785647675,0.942044084
0.2,8,0.6,400,10,1,0.245290385,0.999659645,3.48000253,,2.785776651,0.942038717
0.4,6,0.9,300,3,0.8,0.112849517,0.999926122,3.749526786,,2.785816429,0.942037062
0.4,7,0.8,300,5,0.6,0.161270893,0.999852635,3.445977881,,2.788081498,0.941942768
0.3,7,0.6,100,5,1,0.544393051,0.998321056,3.584025521,,2.788315424,0.941933025
0.3,6,0.6,300,5,1,0.130940059,0.999902584,3.580330801,,2.790600325,0.941837819
0.3,8,0.8,400,3,1,0.112780773,0.999926147,4.07564941,,2.792022678,0.941778514
0.3,8,0.8,200,3,1,0.112490661,0.999926548,4.068904683,,2.792130058,0.941774036
0.3,8,0.8,300,3,1,0.112591564,0.999926398,4.067497401,,2.792202755,0.941771004
0.4,8,0.9,100,3,0.8,0.165445797,0.999844498,3.937677583,,2.794270519,0.941684729
0.1,6,0.8,200,3,1,0.416830403,0.99901806,3.6445788,,2.794274593,0.941684559
0.4,8,0.8,300,10,0.6,0.370321909,0.999224133,3.463519116,,2.79805466,0.941526675
0.2,5,0.9,400,5,0.8,0.199369072,0.999775174,3.544949983,,2.79848129,0.941508842
0.2,7,0.8,300,10,1,0.184302153,0.999808001,3.550649321,,2.799184477,0.941479444
0.4,5,0.6,300,5,0.8,0.271218593,0.999582572,3.561838231,,2.800023628,0.941444352
0.4,6,0.8,400,10,0.6,0.313430436,0.999443458,3.360755299,,2.80133374,0.941389543
0.3,8,0.6,300,10,1,0.22219405,0.99972066,3.348747741,,2.801852798,0.941367822
0.3,8,0.8,100,3,1,0.125945719,0.999909776,4.060677634,,2.803875718,0.941283127
0.2,5,0.9,300,5,0.8,0.285020107,0.999540976,3.518891148,,2.804518071,0.94125622
0.4,6,0.7,100,3,0.8,0.485228192,0.998660028,3.671265562,,2.807225012,0.941142766
0.4,8,0.6,200,10,1,0.281809795,0.99954993,3.421225855,,2.807250973,0.941141677
0.4,5,0.9,400,10,0.8,0.162471722,0.999850694,3.464401696,,2.809599476,0.941043156
0.2,8,0.9,300,10,0.8,0.329506718,0.999386535,3.431449631,,2.810920168,0.940987716
0.1,6,0.8,400,5,1,0.201963306,0.999769467,3.538339609,,2.81515648,0.940809708
0.4,5,0.9,200,5,0.8,0.211056614,0.999747696,3.534741206,,2.81650367,0.940753044
0.3,6,0.8,400,5,0.6,0.206920236,0.99975682,3.570094967,,2.816901664,0.940736298
0.2,6,0.9,300,10,0.8,0.435918458,0.998927079,3.486140635,,2.817829014,0.940697272
0.2,7,0.6,400,10,1,0.262002135,0.999611869,3.448534054,,2.818685275,0.940661225
0.4,7,0.8,200,5,0.6,0.317982133,0.99942761,3.403824376,,2.818947728,0.940650174
0.3,6,0.8,400,10,0.6,0.4396122,0.998908111,3.333703509,,2.821256648,0.940552911
0.4,6,0.9,100,3,0.8,0.244042302,0.999662045,3.736780915,,2.823591838,0.94045446
0.4,5,0.9,300,10,0.8,0.222439405,0.999720573,3.459121146,,2.825761626,0.94036291
0.2,8,0.6,300,10,1,0.418198167,0.999010565,3.452064316,,2.826282099,0.940340939
0.4,6,0.7,200,3,0.8,0.15742654,0.999859579,3.770990856,,2.82684273,0.940317268
0.4,6,0.7,400,3,0.8,0.114966957,0.999923502,3.806537312,,2.827800421,0.940276822
0.4,6,0.8,300,10,0.6,0.424375848,0.998981171,3.345269192,,2.829431486,0.940207906
0.4,6,0.7,300,3,0.8,0.118140749,0.999919849,3.790663876,,2.829734959,0.940195079
0.2,7,0.9,300,10,0.8,0.362369808,0.999258443,3.448726281,,2.830756365,0.940151897
0.3,6,0.8,300,5,0.6,0.280800661,0.999552297,3.560238244,,2.831911641,0.940103038
0.4,7,0.8,400,10,0.6,0.28239834,0.99954757,3.536741251,,2.832678544,0.940070592
0.4,6,0.9,400,10,0.8,0.125150336,0.999910674,3.478526898,,2.83295181,0.940059029
0.4,6,0.7,300,3,0.6,0.167698341,0.999840315,3.815553571,,2.834180866,0.940007008
0.4,6,0.7,400,3,0.6,0.137229557,0.99989271,3.829450968,,2.834237325,0.940004617
0.3,7,0.8,400,10,0.8,0.175255663,0.999826356,3.503630679,,2.839463127,0.939783173
0.1,8,0.8,400,1,1,0.112689383,0.999926268,4.139373802,,2.840350599,0.939745526
0.4,7,0.7,200,3,0.8,0.135597833,0.999895609,3.736113837,,2.840721431,0.939729791
0.1,8,0.8,300,1,1,0.112546448,0.999926481,4.134656274,,2.840819909,0.939725612
0.2,8,0.8,400,10,0.8,0.284899627,0.999541601,3.435315943,,2.84270685,0.939645514
0.2,7,0.6,400,5,0.8,0.2915133,0.999518422,3.592483675,,2.842746509,0.93964383
0.4,5,0.6,200,5,0.8,0.504732128,0.998558778,3.504112663,,2.84308302,0.93962954
0.4,8,0.8,200,10,0.6,0.679145273,0.997392468,3.419686575,,2.845319207,0.939534536
0.3,6,0.6,200,5,1,0.222393921,0.999719932,3.547880823,,2.845732908,0.939516951
0.1,8,0.8,200,1,1,0.11498866,0.999924017,4.136630377,,2.846504916,0.939484131
0.3,7,0.8,300,1,1,0.113484913,0.999925208,4.111735519,,2.848348602,0.939405713
0.4,7,0.8,300,10,0.6,0.389193042,0.999142312,3.511115436,,2.848395765,0.939403706
0.3,7,0.8,200,1,1,0.112540512,0.999926454,4.113878809,,2.848692632,0.939391074
0.3,7,0.8,100,1,1,0.115840598,0.999922275,4.115115056,,2.849216419,0.939368784
0.4,6,0.9,300,10,0.8,0.155026989,0.999863773,3.471695661,,2.849367667,0.939362347
0.3,7,0.8,400,1,1,0.113531918,0.999925145,4.129159462,,2.84943122,0.939359642
0.2,6,0.6,400,10,0.8,0.651080472,0.997605116,3.29742633,,2.850166306,0.93932835
0.4,5,0.9,200,10,0.8,0.435984755,0.998926411,3.449865609,,2.851088647,0.939289076
0.3,6,0.8,200,5,0.6,0.528650179,0.998417005,3.520239301,,2.851219525,0.939283502
0.3,5,0.9,400,10,0.8,0.232085347,0.999695698,3.458429048,,2.851269251,0.939281384
0.4,7,0.7,300,3,0.8,0.114810653,0.999923885,3.745300311,,2.851491907,0.939271901
0.4,7,0.7,400,3,0.8,0.114201928,0.999924341,3.757587223,,2.851512722,0.939271014
0.2,7,0.8,300,10,0.8,0.466058357,0.998773135,3.417183289,,2.852528229,0.939227752
0.4,5,0.9,300,5,0.8,0.1298903,0.99990381,3.570576928,,2.853628963,0.939180841
0.2,6,0.6,200,3,0.8,0.572373351,0.99814929,3.506081406,,2.854403992,0.9391478
0.3,7,0.8,300,10,0.8,0.262270333,0.999611254,3.502207341,,2.855092702,0.939118432
0.1,6,0.8,300,5,1,0.346086181,0.999323479,3.558454806,,2.855671918,0.939093727
0.2,7,0.8,200,10,1,0.401713137,0.999088182,3.542444135,,2.855799072,0.939088303
0.3,8,0.6,200,10,1,0.44374543,0.998887338,3.372630365,,2.856220588,0.939070321
0.4,5,0.9,400,5,0.8,0.117563461,0.999920499,3.580712009,,2.856746964,0.939047861
0.4,8,0.6,100,10,1,0.787369313,0.996489799,3.429741669,,2.858586885,0.938969322
0.3,6,0.8,300,10,0.6,0.57830273,0.998111124,3.32803726,,2.861575985,0.938841621
0.1,8,0.8,400,5,1,0.128873265,0.99990588,3.810906477,,2.861984999,0.938824137
0.3,6,0.9,400,10,0.6,0.32156936,0.999415908,3.509551585,,2.862274804,0.938811747
0.2,8,0.9,400,1,1,0.112389854,0.999926658,4.465756793,,2.862415135,0.938805747
0.2,8,0.9,300,1,1,0.112965424,0.999925906,4.46783233,,2.863588172,0.938755581
0.2,8,0.9,200,1,1,0.112402805,0.999926647,4.465052896,,2.863911778,0.938741738
0.2,6,0.8,400,10,0.8,0.363211615,0.999255164,3.337998086,,2.866430794,0.938633928
0.2,8,0.9,100,1,1,0.113251753,0.999925742,4.464244863,,2.867979368,0.938567605
0.4,8,0.9,100,3,1,0.112967242,0.999926051,3.963860036,,2.868599352,0.938541042
0.2,7,0.6,300,5,0.8,0.443346768,0.998887739,3.547457323,,2.869831375,0.938488239
0.4,8,0.9,200,3,1,0.112400759,0.999926652,3.965208162,,2.870609344,0.938454885
0.2,7,0.6,300,10,1,0.441029586,0.998900155,3.412595449,,2.870956678,0.93843999
0.4,8,0.9,300,3,1,0.112852879,0.999926058,3.96745462,,2.871546516,0.938414693
0.2,6,0.8,400,3,1,0.112748741,0.99992623,3.605276717,,2.872025878,0.93839413
0.4,6,0.9,200,10,0.8,0.309690474,0.999457578,3.465389311,,2.872160633,0.938388348
0.4,8,0.9,400,3,1,0.112384086,0.999926669,3.967292011,,2.872422559,0.938377111
0.2,6,0.8,200,3,1,0.129594546,0.999904607,3.595929513,,2.873907508,0.93831338
0.1,7,0.9,100,1,1,0.301477893,0.999481114,4.000188457,,2.874090063,0.938305543
0.1,7,0.8,200,5,1,0.537755972,0.998366554,3.737646093,,2.874847115,0.938273037
0.4,6,0.8,200,10,0.6,0.734938092,0.996947178,3.350159582,,2.875794635,0.938232341
0.2,8,0.6,400,5,1,0.12004991,0.999917668,3.518114292,,2.876440032,0.938204614
0.2,6,0.8,300,3,1,0.113587302,0.999925431,3.599612575,,2.876495048,0.93820225
0.3,6,0.9,300,5,1,0.1128571,0.999926159,3.768127316,,2.877687201,0.938151016
0.3,6,0.9,400,5,1,0.112434651,0.999926636,3.767236556,,2.878088428,0.938133768
0.3,8,0.8,400,10,0.6,0.381878624,0.999176136,3.331306968,,2.880284621,0.938039315
0.4,7,0.7,100,3,0.8,0.417812773,0.999007843,3.689975506,,2.881035621,0.938007
0.4,6,0.7,200,3,0.6,0.327365929,0.99939331,3.751103839,,2.881319333,0.937994789
0.2,8,0.8,300,10,0.8,0.43663361,0.998923311,3.452114472,,2.881781446,0.937974899
0.2,8,0.8,400,10,0.6,0.608022933,0.997913578,3.265560694,,2.883855127,0.937885602
0.3,6,0.9,200,5,1,0.116591824,0.999922123,3.768005055,,2.884505688,0.937857575
0.2,8,0.6,300,5,1,0.153748307,0.999866209,3.494702449,,2.886339455,0.937778538
0.2,7,0.6,400,3,0.8,0.166147033,0.999843504,3.621027577,,2.886527133,0.937770446
0.2,5,0.9,400,10,0.8,0.406048894,0.999068865,3.411212636,,2.889449729,0.937644368
0.2,8,0.9,400,10,0.6,0.449582478,0.998859317,3.433331545,,2.89027945,0.937608551
0.3,5,0.9,300,10,0.8,0.331145774,0.999381085,3.435614815,,2.890950782,0.937579564
0.1,8,0.8,300,5,1,0.194707987,0.999785939,3.815250506,,2.891996219,0.937534411
0.3,4,0.8,400,10,0.8,0.467775537,0.998764478,3.376282032,,2.892180796,0.937526437
0.3,8,0.8,400,10,0.8,0.162746427,0.999850166,3.509467949,,2.892201705,0.937525533
0.2,7,0.6,300,3,0.8,0.246218041,0.999656961,3.594800704,,2.892779662,0.937500562
0.2,7,0.8,400,10,0.6,0.628117135,0.997773091,3.240615697,,2.893371035,0.937475006
0.3,7,0.9,400,10,0.8,0.135572306,0.999895679,3.543765874,,2.893805334,0.937456234
0.1,7,0.8,100,1,1,0.396591816,0.999105208,3.889207372,,2.894614433,0.937421255
0.2,5,0.9,200,5,0.8,0.554617594,0.998263375,3.545991195,,2.895861887,0.937367306
0.2,6,0.8,400,10,0.6,0.674130214,0.997434297,3.262632581,,2.896533626,0.937338246
0.3,8,0.8,300,10,0.6,0.515088552,0.998501822,3.338846076,,2.897598887,0.937292147
0.2,8,0.6,200,5,1,0.308291136,0.999463059,3.473790276,,2.900314899,0.937174536
0.3,4,0.8,400,5,0.8,0.266442942,0.999598453,3.578072626,,2.902889787,0.937062934
0.3,6,0.9,300,10,0.6,0.440429487,0.998904547,3.517314191,,2.905113707,0.936966464
0.1,8,0.6,400,5,1,0.269822904,0.99958819,3.454545038,,2.907332845,0.936870128
0.4,3,0.9,400,3,1,0.205475965,0.999760943,3.571337786,,2.908644506,0.936813152
0.3,8,0.6,200,5,1,0.158959329,0.999857166,3.590726075,,2.909014658,0.936797069
0.3,7,0.9,300,10,0.8,0.189632565,0.999796761,3.542921345,,2.911250543,0.936699875
0.3,8,0.6,100,5,1,0.508151449,0.998536637,3.553998604,,2.911695311,0.936680532
0.1,7,0.6,400,3,1,0.167191746,0.999842008,3.647312923,,2.911708266,0.936679969
0.2,6,0.6,300,10,0.8,0.865160927,0.995772813,3.307981164,,2.912580521,0.936642026
0.4,7,0.8,200,10,0.6,0.700713952,0.997223639,3.465824883,,2.913268859,0.936612075
0.1,5,0.8,400,3,1,0.190524884,0.999794857,3.537117571,,2.915660275,0.936507966
0.3,7,0.8,400,10,0.6,0.402228819,0.999085609,3.337238537,,2.91574561,0.936504249
0.4,8,0.7,200,3,0.8,0.127759257,0.999907303,3.763061316,,2.916054438,0.936490798
0.3,8,0.6,400,5,1,0.114182479,0.99992456,3.648703495,,2.917779929,0.936415616
0.1,6,0.8,400,1,1,0.113050899,0.999925897,3.667283136,,2.918837024,0.936369535
0.3,8,0.8,300,10,0.8,0.244512942,0.999661944,3.501321762,,2.919680733,0.936332745
0.1,6,0.8,200,1,1,0.151838844,0.999869499,3.6700064,,2.919739914,0.936330164
0.1,6,0.8,300,1,1,0.115386078,0.999923358,3.661978853,,2.920477299,0.936298
0.4,5,0.8,400,10,0.8,0.199468165,0.999775044,3.394426424,,2.922125497,0.936226078
0.4,8,0.7,400,5,1,0.113853034,0.999924738,3.757233479,,2.922659739,0.936202756
0.3,8,0.6,300,5,1,0.117434156,0.999921064,3.625497951,,2.922823074,0.936195626
0.4,8,0.7,400,3,0.8,0.114088292,0.999924474,3.778184712,,2.92318209,0.93617995
0.3,7,0.6,400,5,0.8,0.176247512,0.999823421,3.628297944,,2.923268242,0.936176188
0.3,4,0.9,300,5,0.6,0.499294653,0.998588506,3.703962518,,2.923475174,0.936167152
0.4,8,0.7,300,3,0.8,0.114060925,0.999924821,3.76760388,,2.923953626,0.936146257
0.3,5,0.9,100,1,0.8,0.284133703,0.999539014,3.696366447,,2.925156532,0.936093707
0.4,8,0.7,300,5,1,0.112754642,0.999926209,3.748034821,,2.92533212,0.936086035
0.4,8,0.7,200,5,1,0.113896079,0.999925274,3.749530353,,2.925586296,0.936074928
0.4,6,0.6,400,10,0.8,0.325068565,0.999399571,3.502838199,,2.926082887,0.936053225
0.4,3,0.9,300,3,1,0.290628695,0.999521331,3.549312491,,2.926357815,0.936041207
0.3,5,0.8,400,10,0.6,0.525977505,0.998437708,3.326441637,,2.926627801,0.936029405
0.3,7,0.6,300,5,0.8,0.266298816,0.999596848,3.616737557,,2.927084115,0.936009455
0.4,8,0.7,100,3,0.8,0.382397723,0.99916984,3.727506199,,2.928139819,0.935963288
0.4,6,0.8,200,1,1,0.112835821,0.999926058,4.235931196,,2.928658502,0.9359406
0.4,6,0.8,400,1,1,0.114333377,0.999924084,4.254250853,,2.928845946,0.9359324
0.4,7,0.6,400,5,1,0.114151639,0.999924399,3.603713629,,2.929135654,0.935919724
0.4,6,0.8,300,1,1,0.114469526,0.999923898,4.229498535,,2.929227774,0.935915694
0.3,4,0.9,400,5,0.6,0.376871616,0.999196385,3.699434496,,2.929573471,0.935900567
0.4,5,0.9,200,3,0.8,0.145737914,0.999879412,3.661596832,,2.930134923,0.935875995
0.2,6,0.9,400,5,0.8,0.137321199,0.999892976,3.638432137,,2.93031185,0.935868251
0.2,6,0.9,400,10,1,0.134874122,0.99989683,3.55981733,,2.930664814,0.9358528
0.2,8,0.8,400,1,0.8,0.112781915,0.999926152,4.01705494,,2.930686512,0.935851851
0.2,8,0.8,200,1,0.8,0.11517628,0.99992372,4.002787118,,2.930877564,0.935843487
0.4,6,0.8,100,1,1,0.117402313,0.999920063,4.242442713,,2.931215452,0.935828693
0.1,7,0.6,400,5,1,0.303386014,0.999479225,3.445895818,,2.931920061,0.935797838
0.2,8,0.8,300,1,0.8,0.113197634,0.999925629,4.005267639,,2.932188191,0.935786095
0.1,8,0.8,400,10,0.8,0.716536569,0.997100861,3.494050368,,2.933287435,0.93573794
0.4,6,0.6,300,10,0.8,0.48122092,0.998687693,3.469504898,,2.933573692,0.935725397
0.3,8,0.9,400,10,0.8,0.128008037,0.999906853,3.587182993,,2.933959519,0.935708489
0.1,8,0.8,400,3,1,0.113632314,0.999925545,3.838930983,,2.934193368,0.93569824
0.4,6,0.7,100,3,0.6,0.768718718,0.996656911,3.707667899,,2.93455738,0.935682284
0.4,7,0.6,300,5,1,0.11431306,0.999924575,3.588778122,,2.93617308,0.935611441
0.3,4,0.8,300,5,0.8,0.372015658,0.999217782,3.570814054,,2.936299949,0.935605877
0.3,7,0.9,300,10,1,0.114444361,0.999924658,3.596473083,,2.937604544,0.935548643
0.3,7,0.9,400,10,1,0.112575417,0.999926552,3.597715194,,2.938232017,0.935521107
0.2,6,0.9,300,10,1,0.196498198,0.999781622,3.553228949,,2.939431753,0.93546844
0.3,5,0.6,300,5,1,0.174068839,0.999828388,3.49514169,,2.939859729,0.935449647
0.4,5,0.9,400,3,0.8,0.113444579,0.99992543,3.699800174,,2.940056215,0.935441019
0.1,7,0.8,400,10,0.8,0.749910905,0.99682425,3.474635609,,2.940827257,0.935407152
0.4,5,0.9,100,3,0.8,0.384906149,0.999158957,3.608563175,,2.940924189,0.935402894
0.4,5,0.9,300,3,0.8,0.116275751,0.999922048,3.693551073,,2.94106727,0.935396609
0.1,7,0.8,400,3,1,0.116054987,0.999922636,3.788664293,,2.941123462,0.93539414
0.3,5,0.9,200,1,0.8,0.123395304,0.999912717,3.706117547,,2.94223696,0.935345212
0.4,7,0.6,200,5,1,0.130508887,0.99990334,3.588738713,,2.942937228,0.935314432
0.1,8,0.8,300,3,1,0.123168493,0.99991371,3.836554939,,2.943487398,0.935290244
0.2,7,0.6,200,3,0.8,0.507664045,0.998543947,3.590604854,,2.944019172,0.935266861
0.4,7,0.9,100,3,1,0.114051926,0.999924896,3.745475701,,2.944374987,0.935251213
0.4,5,0.9,100,5,0.8,0.593303572,0.998004554,3.547080372,,2.944854498,0.935230121
0.3,5,0.9,400,1,0.8,0.112686181,0.999926302,3.730488167,,2.94594161,0.935182292
0.1,7,0.8,200,3,1,0.289608911,0.999525038,3.794511054,,2.946080268,0.93517619
0.3,6,0.6,100,5,1,0.633481852,0.997725518,3.498125278,,2.946457991,0.935159567
0.3,8,0.9,300,10,0.8,0.173775215,0.999829309,3.584017705,,2.947142352,0.935129443
0.1,7,0.8,300,3,1,0.139028905,0.999890388,3.787306261,,2.947162793,0.935128543
0.4,6,0.8,400,3,0.6,0.119986111,0.999917554,3.879784393,,2.947628218,0.935108052
0.3,5,0.9,200,10,0.8,0.631440909,0.997749189,3.455721554,,2.947768814,0.935101861
0.3,7,0.9,200,10,0.8,0.400156425,0.999095981,3.553361022,,2.948689215,0.935061328
0.3,5,0.9,300,1,0.8,0.113633356,0.999925126,3.724039621,,2.948714232,0.935060226
0.2,6,0.9,300,5,0.8,0.188291323,0.999799587,3.61504326,,2.948763531,0.935058055
0.4,7,0.9,200,3,1,0.112405682,0.999926649,3.746593143,,2.948831202,0.935055074
0.3,4,0.8,200,5,0.8,0.652754118,0.99759331,3.572492227,,2.949615712,0.935020513
0.3,5,0.6,400,5,1,0.131297966,0.99990196,3.540904361,,2.949857906,0.935009842
0.4,7,0.9,300,3,1,0.112853518,0.999926057,3.748756816,,2.950186595,0.934995358
0.4,5,0.8,300,10,0.8,0.282364585,0.999549654,3.377612824,,2.950398549,0.934986017
0.4,7,0.9,400,3,1,0.11238473,0.999926669,3.748478799,,2.95203695,0.934913791
0.3,7,0.9,200,10,1,0.147093802,0.999877698,3.592564695,,2.952273184,0.934903373
0.2,8,0.9,300,10,0.6,0.600102532,0.997968237,3.441420393,,2.95288139,0.934876549
0.3,7,0.8,200,10,0.8,0.522304007,0.99845785,3.509331025,,2.954198294,0.93481845
0.2,6,0.6,400,5,0.8,0.336284547,0.999358928,3.549339816,,2.954486332,0.934805738
0.4,7,0.6,100,5,1,0.361355251,0.999259324,3.530307895,,2.954614807,0.934800068
0.3,7,0.8,300,10,0.6,0.53712781,0.998370479,3.329867759,,2.954728676,0.934795043
0.3,8,0.6,300,5,0.8,0.248326647,0.99965038,3.609942146,,2.955620898,0.934755658
0.4,6,0.8,300,3,0.6,0.133829331,0.999898004,3.875437859,,2.955758552,0.93474958
0.3,8,0.6,400,5,0.8,0.164104432,0.999847132,3.62297185,,2.956925964,0.934698027
0.2,7,0.8,400,5,0.6,0.311295946,0.999451709,3.485801387,,2.957149253,0.934688164
0.1,5,0.8,300,3,1,0.310532876,0.999454933,3.549498851,,2.957248408,0.934683784
0.1,7,0.6,400,5,0.8,0.677476598,0.997407821,3.412960162,,2.958080175,0.934647037
0.4,8,0.6,400,10,0.8,0.280861173,0.999551808,3.562542879,,2.959006474,0.934606101
0.2,7,0.8,300,10,0.6,0.789963694,0.996478267,3.262255235,,2.959490832,0.934584691
0.3,5,0.8,400,5,0.6,0.276136227,0.999567098,3.393679067,,2.959499183,0.934584322
0.2,8,0.8,300,10,0.6,0.768620881,0.996666421,3.288702418,,2.959965804,0.934563692
0.3,8,0.9,300,10,1,0.113143005,0.999926027,3.71445781,,2.960074754,0.934558875
0.3,8,0.9,400,10,1,0.112463343,0.999926636,3.714192887,,2.96017878,0.934554275
0.2,8,0.6,400,3,0.8,0.152438965,0.999868197,3.624615611,,2.960359115,0.934546301
0.3,7,0.6,200,5,0.8,0.528171787,0.998421282,3.590516581,,2.960707286,0.934530904
0.4,6,0.8,200,3,0.6,0.227278595,0.99970646,3.845736057,,2.96120974,0.934508681
0.3,6,0.6,400,10,1,0.173832293,0.99982908,3.389263401,,2.961525306,0.934494722
0.1,8,0.6,400,10,1,0.74336981,0.996876547,3.434834444,,2.961879743,0.934479041
0.3,6,0.6,400,5,0.8,0.206273783,0.99975807,3.54065155,,2.962575984,0.934448234
0.1,7,0.6,300,3,1,0.277663564,0.999564447,3.611830943,,2.964049491,0.93438301
0.2,8,0.8,100,1,0.8,0.257182287,0.999625714,3.969868729,,2.964947663,0.934343238
0.3,8,0.8,200,10,0.8,0.496739216,0.998604593,3.51137568,,2.965535731,0.93431719
0.4,8,0.6,300,10,0.8,0.431179107,0.998946287,3.545454837,,2.965888227,0.934301575
0.1,6,0.8,200,5,1,0.692674782,0.997290042,3.621754647,,2.966682373,0.934266387
0.3,5,0.6,200,5,1,0.325293042,0.999400194,3.452950968,,2.967013994,0.934251691
0.2,8,0.6,300,3,0.8,0.224782419,0.99971409,3.600074581,,2.969666633,0.934134074
0.3,4,0.8,400,5,0.6,0.447136863,0.998867603,3.458872214,,2.970389027,0.934102026
0.4,7,0.6,300,10,0.8,0.447617971,0.998865535,3.54098966,,2.970483443,0.934097836
0.1,8,0.8,100,1,1,0.28032664,0.999552993,4.136416494,,2.970864694,0.934080919
0.4,8,0.6,100,5,1,0.323886642,0.999404964,3.609213635,,2.971042055,0.934073048
0.4,7,0.8,400,5,0.8,0.113315933,0.999925682,3.659043568,,2.97179836,0.934039479
0.2,4,0.9,400,10,0.8,0.66142989,0.997529381,3.364688734,,2.973074725,0.933982808
0.3,8,0.9,200,10,1,0.129865006,0.9999043,3.710811073,,2.973652538,0.933957144
0.2,8,0.9,200,10,0.8,0.64511544,0.99765036,3.479667841,,2.973706275,0.933954757
0.4,8,0.7,100,5,1,0.202889899,0.999767026,3.727252122,,2.973934735,0.933944609
0.4,7,0.8,200,5,0.8,0.155329986,0.999863333,3.633004248,,2.974536889,0.933917857
0.4,7,0.8,300,5,0.8,0.116037441,0.99992269,3.647273266,,2.97467863,0.933911559
0.1,8,0.8,200,3,1,0.222229988,0.999720714,3.847837732,,2.975291167,0.933884339
0.2,6,0.9,400,10,0.6,0.522718218,0.99845737,3.39413085,,2.975517391,0.933874284
0.1,6,0.9,400,10,0.8,0.736039762,0.996940981,3.459346323,,2.976979994,0.933809261
0.1,8,0.6,400,1,0.8,0.14935247,0.999873515,3.580348315,,2.978998065,0.93371949
0.3,6,0.6,300,5,0.8,0.308624343,0.999459379,3.528861915,,2.979080243,0.933715833
0.4,8,0.9,200,10,0.8,0.239379768,0.999675347,3.464264476,,2.980118915,0.933669604
0.1,8,0.6,300,5,1,0.469343421,0.998753761,3.431227094,,2.980636933,0.933646542
0.2,6,0.8,300,10,0.8,0.532168138,0.998400906,3.358976846,,2.980657428,0.93364563
0.4,8,0.9,400,10,0.8,0.115215364,0.999923616,3.46261714,,2.980745366,0.933641715
0.1,5,0.9,400,1,1,0.115815688,0.9999228,3.843632296,,2.981343151,0.933615096
0.1,7,0.9,400,5,0.8,0.294043355,0.999511406,3.552658124,,2.981870102,0.933591627
0.4,8,0.8,100,5,0.6,0.740924054,0.996887858,3.435633381,,2.98251552,0.933562876
0.2,8,0.9,300,3,1,0.112637877,0.999926353,4.055281379,,2.982590404,0.93355954
0.2,5,0.9,300,10,0.8,0.580636711,0.99809686,3.439381955,,2.982770204,0.933551529
0.2,8,0.9,400,3,1,0.112399349,0.99992666,4.054038812,,2.982890006,0.933546191
0.2,8,0.9,200,3,1,0.112553767,0.999926559,4.053655122,,2.98331663,0.933527181
0.3,4,0.8,300,10,0.8,0.633421705,0.997734692,3.374883646,,2.983574989,0.933515667
0.2,6,0.8,400,5,0.6,0.358517098,0.99927243,3.418224879,,2.98410935,0.93349185
0.1,5,0.9,300,1,1,0.131768836,0.999901288,3.846917205,,2.985039155,0.933450398
0.4,6,0.6,400,5,0.6,0.31025302,0.999454253,3.531754244,,2.985197056,0.933443357
0.3,6,0.8,200,10,0.6,0.916764772,0.995255128,3.339576562,,2.985274421,0.933439907
0.2,7,0.9,400,10,0.6,0.470124477,0.998753114,3.469893692,,2.985615361,0.933424703
0.4,8,0.9,300,10,0.8,0.128500606,0.999905967,3.460629056,,2.985923014,0.933410982
0.3,8,0.6,200,5,0.8,0.50274593,0.998571232,3.597247485,,2.986555857,0.933382753
0.3,5,0.8,300,5,0.6,0.368172066,0.999231232,3.392151517,,2.987420093,0.933344192
0.4,5,0.8,200,10,0.8,0.529099697,0.998419619,3.365597805,,2.987491425,0.933341009
0.4,7,0.8,200,5,1,0.112802876,0.99992629,3.878865787,,2.987820453,0.933326325
0.4,7,0.8,400,5,1,0.112711624,0.999926244,3.886799902,,2.98798562,0.933318953
0.1,8,0.8,200,5,1,0.463448089,0.998786886,3.804880073,,2.988036181,0.933316697
0.4,7,0.8,300,5,1,0.112555413,0.999926456,3.880074875,,2.988305922,0.933304657
0.2,5,0.9,200,3,0.8,0.364031424,0.999251165,3.711911243,,2.98929331,0.933260575
0.2,5,0.9,400,3,0.8,0.140285909,0.999888263,3.76669368,,2.990021461,0.933228057
0.3,7,0.7,300,1,1,0.113405287,0.999925301,4.269916257,,2.990230521,0.93321872
0.3,7,0.7,200,1,1,0.112734502,0.999926195,4.274390612,,2.990365604,0.933212686
0.2,6,0.6,400,10,1,0.307456979,0.999465166,3.377114495,,2.990825116,0.933192159
0.2,6,0.9,200,5,0.8,0.390971017,0.999137102,3.603365665,,2.991284861,0.933171618
0.4,6,0.6,400,10,1,0.131470435,0.999901874,3.470823291,,2.991822263,0.933147604
0.1,8,0.6,300,1,0.8,0.217883452,0.999731599,3.566259101,,2.99379777,0.933059289
0.2,7,0.8,300,5,0.6,0.425418212,0.998977204,3.47665101,,2.994345848,0.933034777
0.4,7,0.6,400,10,0.8,0.293436879,0.999511109,3.57345689,,2.994770459,0.933015783
0.2,6,0.8,300,10,0.6,0.842574388,0.995993205,3.301954933,,2.995064979,0.933002608
0.3,7,0.7,400,1,1,0.116169884,0.999921609,4.287589066,,2.995127912,0.932999792
0.3,7,0.7,100,1,1,0.11519422,0.999923642,4.270305185,,2.996827785,0.932923719
0.2,6,0.9,200,10,1,0.410891539,0.999046459,3.553145552,,2.997342009,0.932900698
0.2,7,0.6,200,5,0.8,0.781406867,0.996550554,3.571194408,,2.99788587,0.932876346
0.2,4,0.9,400,5,0.8,0.381956573,0.999175921,3.451695944,,2.998329331,0.932856486
0.3,8,0.7,400,10,0.8,0.246465762,0.999656565,3.540213281,,2.998513208,0.93284825
0.2,8,0.9,300,5,1,0.112628368,0.999926448,3.879462993,,2.998662465,0.932841565
0.2,8,0.9,400,5,1,0.112417273,0.999926658,3.87861687,,2.999110158,0.93282151
0.2,6,0.9,400,5,0.6,0.268882343,0.999591335,3.591382635,,2.999421221,0.932807574
0.3,7,0.8,400,3,0.6,0.123928926,0.999912333,3.649336454,,2.999615691,0.932798861
0.2,5,0.9,300,3,0.8,0.186264689,0.999803647,3.743193323,,3.001007498,0.932736485
0.2,8,0.9,200,5,1,0.117174187,0.999921405,3.877002627,,3.001107919,0.932731983
0.1,8,0.6,400,3,1,0.14634034,0.999878862,3.688740407,,3.002023728,0.932690922
0.4,6,0.6,300,5,0.6,0.415326845,0.999023351,3.490244448,,3.002161708,0.932684734
0.3,6,0.8,400,10,0.8,0.208764282,0.999753767,3.571455427,,3.003455396,0.932626707
0.4,6,0.9,200,5,0.8,0.145441993,0.999880182,3.78458801,,3.003479504,0.932625626
0.3,8,0.9,200,10,0.8,0.37089882,0.999222864,3.582965336,,3.005469248,0.932536328
0.1,7,0.6,400,3,0.8,0.430125277,0.998954283,3.509002481,,3.005712178,0.932525421
0.4,6,0.9,100,3,1,0.122166159,0.999914691,3.733484843,,3.005944815,0.932514976
0.3,8,0.8,200,10,0.6,0.851930173,0.995902985,3.351887321,,3.005968722,0.932513902
0.3,5,0.8,200,3,0.8,0.244232034,0.999661639,3.757269822,,3.006266567,0.932500528
0.3,7,0.6,400,5,0.6,0.391109994,0.99913392,3.476597053,,3.006477352,0.932491062
0.4,6,0.9,200,3,1,0.112441545,0.999926617,3.735155054,,3.006483036,0.932490807
0.4,7,0.6,300,10,0.6,0.729271516,0.996993111,3.348811349,,3.006748989,0.932478863
0.4,6,0.9,100,5,0.8,0.418841946,0.999007369,3.775931299,,3.006859924,0.93247388
0.3,7,0.8,200,3,0.6,0.274180544,0.999574524,3.610159914,,3.006983103,0.932468348
0.4,6,0.8,100,3,0.6,0.579378974,0.998098428,3.820529332,,3.007031879,0.932466157
0.4,7,0.9,400,10,0.6,0.190908893,0.999793751,3.530330567,,3.007404144,0.932449435
0.3,8,0.9,400,10,0.6,0.259855056,0.999618848,3.478423496,,3.00758157,0.932441464
0.4,4,0.9,400,10,0.8,0.290869631,0.999521197,3.519515952,,3.007712636,0.932435576
0.4,3,0.9,200,3,1,0.484552172,0.998670056,3.504243768,,3.007816002,0.932430932
0.1,8,0.6,400,5,0.8,0.648368116,0.997625134,3.426212718,,3.007910153,0.932426701
0.3,5,0.6,100,5,1,0.807305365,0.996305559,3.495350442,,3.007940121,0.932425355
0.3,7,0.8,300,3,0.6,0.143216932,0.999883635,3.643187219,,3.008569415,0.932397077
0.2,8,0.8,400,5,0.6,0.288029242,0.999530843,3.465940707,,3.008639547,0.932393925
0.2,7,0.6,200,10,1,0.813093672,0.996263444,3.425475216,,3.008639807,0.932393914
0.3,7,0.9,400,10,0.6,0.2804835,0.999555929,3.450069011,,3.009105639,0.932372977
0.3,4,0.9,200,5,0.6,0.826378678,0.996135756,3.724727355,,3.009224569,0.932367631
0.4,6,0.9,300,3,1,0.112860237,0.999926052,3.737801714,,3.009731417,0.932344846
0.4,5,0.9,400,5,0.6,0.158114183,0.999858392,3.847750574,,3.009818252,0.932340942
0.2,6,0.8,300,5,0.6,0.480666954,0.998693766,3.406577823,,3.010701916,0.932301208
0.4,6,0.6,300,10,1,0.185058892,0.999806133,3.43175781,,3.011421925,0.932268824
0.1,8,0.9,400,1,1,0.112397887,0.999926654,4.308729351,,3.011525748,0.932264154
0.3,8,0.7,300,10,0.8,0.384096774,0.999166435,3.537642802,,3.01195202,0.932244977
0.1,8,0.9,300,1,1,0.11267179,0.999926306,4.310014334,,3.012182112,0.932234624
0.2,4,0.9,300,5,0.8,0.535322233,0.998380827,3.466191825,,3.01220309,0.93223368
0.4,6,0.9,400,3,1,0.112388166,0.999926667,3.737708852,,3.012517357,0.932219539
0.1,8,0.9,200,1,1,0.112878112,0.999926345,4.307977457,,3.012702212,0.932211221
0.3,6,0.9,100,5,1,0.278298212,0.999561,3.787861636,,3.012979585,0.932198738
0.2,6,0.9,200,10,0.8,0.785943953,0.996513706,3.557684233,,3.013342533,0.932182402
0.4,5,0.8,100,5,0.6,0.940947483,0.994986886,3.402051025,,3.013502979,0.93217518
0.2,7,0.8,400,1,0.8,0.112795441,0.999926137,3.972237207,,3.013742721,0.932164388
0.4,7,0.8,100,5,1,0.161361483,0.999852592,3.874132715,,3.013907214,0.932156982
0.3,5,0.8,300,10,0.6,0.673291393,0.997439488,3.313674653,,3.014235751,0.932142191
0.2,7,0.8,200,1,0.8,0.118431612,0.999919663,3.960565031,,3.01504155,0.932105905
0.3,6,0.9,200,10,0.6,0.771474802,0.996640643,3.550135951,,3.01540097,0.932089717
0.3,8,0.6,100,5,0.8,1.081743384,0.993384367,3.595232574,,3.015647465,0.932078614
0.2,7,0.8,300,1,0.8,0.113325476,0.999925502,3.960930615,,3.0159076,0.932066895
0.3,5,0.8,400,10,0.8,0.28727621,0.999533651,3.393916943,,3.015923565,0.932066176
0.3,7,0.8,200,3,1,0.112607669,0.999926449,3.995858553,,3.016132714,0.932056753
0.3,7,0.8,400,3,1,0.112781952,0.999926146,4.003344071,,3.016188346,0.932054247
0.2,8,0.8,300,5,0.6,0.398124961,0.999104592,3.452012564,,3.016375,0.932045837
0.3,7,0.8,300,3,1,0.112596037,0.999926395,3.994914387,,3.016758083,0.932028576
0.3,4,0.8,300,5,0.6,0.572458874,0.998143638,3.454033868,,3.017065423,0.932014725
0.1,7,0.9,400,10,0.8,0.638519133,0.997698956,3.440078849,,3.017282507,0.932004942
0.1,7,0.6,300,5,1,0.509401048,0.998532461,3.431914131,,3.017748392,0.931983942
0.2,6,0.9,300,5,0.6,0.369814753,0.999227509,3.587712099,,3.018139145,0.931966327
0.4,5,0.6,300,10,1,0.254306455,0.999633172,3.395389218,,3.01842451,0.931953461
0.3,6,0.8,300,1,1,0.11348732,0.999925206,3.995146421,,3.018437767,0.931952864
0.3,6,0.8,200,1,1,0.112564078,0.999926428,3.997225829,,3.018934718,0.931930455
0.3,8,0.8,400,3,0.6,0.120172256,0.999917249,3.672457508,,3.019256189,0.931915958
0.3,6,0.8,400,1,1,0.113533959,0.999925144,4.012644095,,3.019926168,0.931885739
0.2,7,0.9,200,10,0.8,0.686549567,0.997339799,3.514187044,,3.020313441,0.931868268
0.3,8,0.6,400,10,0.8,0.394524001,0.999118581,3.413014376,,3.020349404,0.931866645
0.4,4,0.9,300,10,0.8,0.405229476,0.999071398,3.529874336,,3.020469692,0.931861218
0.1,8,0.8,400,10,1,0.340434273,0.999345051,3.521127399,,3.020783912,0.93184704
0.3,8,0.6,300,10,0.8,0.574211428,0.998135528,3.368280881,,3.020786409,0.931846928
0.2,5,0.8,400,5,0.6,0.453382123,0.99883723,3.427109022,,3.021204907,0.931828043
0.3,5,0.6,400,5,0.8,0.269776387,0.999586429,3.520864465,,3.021220751,0.931827328
0.3,5,0.8,400,3,0.8,0.122408293,0.999914166,3.806529735,,3.021819571,0.931800301
0.3,7,0.8,200,10,0.6,0.872188647,0.995705416,3.36503425,,3.021936852,0.931795007
0.3,6,0.6,300,10,1,0.278880382,0.999559469,3.348119238,,3.022200752,0.931783094
0.2,6,0.6,300,5,0.8,0.496741694,0.998603673,3.512560498,,3.022370479,0.931775431
0.4,8,0.6,400,5,1,0.114086138,0.999924462,3.664545616,,3.022554615,0.931767118
0.4,6,0.9,300,5,0.8,0.115373687,0.999923294,3.804760594,,3.023645481,0.931717858
0.1,7,0.8,400,10,1,0.383876661,0.999167491,3.522465504,,3.024104541,0.931697122
0.4,6,0.9,400,5,0.8,0.112943162,0.999926084,3.807882952,,3.024165996,0.931694346
0.2,8,0.6,200,10,1,0.791723675,0.996458053,3.491900894,,3.024374983,0.931684905
0.3,6,0.8,300,10,0.8,0.308921303,0.999460857,3.565666165,,3.024484851,0.931679942
0.3,6,0.8,100,1,1,0.119322037,0.999918023,3.996952537,,3.024772706,0.931666936
0.1,7,0.7,400,3,1,0.126761247,0.999908721,3.809779399,,3.024893075,0.931661498
0.3,7,0.6,300,5,0.6,0.516946768,0.998487732,3.455297524,,3.025109308,0.931651727
0.4,8,0.6,300,5,1,0.113787132,0.999925159,3.654280209,,3.025294006,0.931643381
0.2,6,0.9,300,10,0.6,0.685600379,0.997346444,3.431629306,,3.025499494,0.931634095
0.2,7,0.9,400,5,0.8,0.120902701,0.999916533,3.67369963,,3.026045813,0.931609402
0.4,5,0.9,300,5,0.6,0.202171983,0.999768566,3.830682082,,3.026081521,0.931607788
0.4,8,0.6,200,5,1,0.123639685,0.999913038,3.649110415,,3.026389042,0.931593887
0.1,7,0.9,400,3,1,0.113584616,0.999925643,3.812088254,,3.02737395,0.931549356
0.4,7,0.9,300,10,0.6,0.264807153,0.999603546,3.524501539,,3.027458093,0.931545551
0.3,8,0.6,400,5,0.6,0.377322743,0.999193975,3.474829083,,3.028564658,0.9314955
0.1,6,0.9,400,5,1,0.166486223,0.999843334,3.609456532,,3.028751593,0.931487043
0.4,5,0.8,200,3,0.8,0.168037437,0.999839811,3.676753041,,3.029112331,0.931470722
0.1,7,0.9,400,5,1,0.128216388,0.99990662,3.792534184,,3.029323884,0.931461149
0.4,7,0.6,400,10,0.6,0.587671969,0.998045641,3.37558056,,3.029998633,0.931430613
0.3,5,0.9,400,5,0.6,0.223962266,0.999715917,3.548352064,,3.030315747,0.93141626
0.4,7,0.9,200,10,0.8,0.262142622,0.999610997,3.440902031,,3.030379867,0.931413357
0.4,7,0.9,400,10,0.8,0.117375708,0.999921002,3.452097129,,3.030574879,0.93140453
0.4,8,0.7,400,10,1,0.113674846,0.99992525,3.626336531,,3.031243711,0.931374249
0.3,5,0.8,300,3,0.8,0.140602514,0.99988752,3.786480768,,3.031305061,0.931371471
0.3,8,0.8,300,3,0.6,0.13472679,0.999896712,3.662607048,,3.032026596,0.931338796
0.1,8,0.9,400,10,0.8,0.593567619,0.998011905,3.441458346,,3.032086499,0.931336083
0.2,6,0.8,400,5,1,0.11401514,0.999924985,3.426012115,,3.032493801,0.931317634
0.3,5,0.9,300,5,0.6,0.300054616,0.999490269,3.521282223,,3.032611165,0.931312318
0.2,8,0.8,200,10,0.8,0.777595041,0.996586388,3.503318306,,3.03342325,0.931275526
0.1,8,0.6,300,3,1,0.236154865,0.999685009,3.652474777,,3.034632924,0.931220703
0.2,7,0.9,300,5,0.8,0.149928972,0.999872821,3.662486128,,3.034668396,0.931219095
0.2,4,0.9,300,10,0.8,0.875895726,0.99566797,3.392756906,,3.03492609,0.931207413
0.4,6,0.6,200,10,0.8,0.786377518,0.996506955,3.446757362,,3.035022751,0.931203031
0.3,8,0.7,400,5,0.6,0.234203899,0.999689378,3.573609993,,3.035117834,0.931198721
0.3,8,0.6,300,5,0.6,0.501619808,0.998576677,3.442202408,,3.035664376,0.93117394
0.2,7,0.9,300,5,1,0.11317467,0.999925976,3.800546814,,3.0359504,0.93116097
0.2,7,0.9,400,5,1,0.1124523,0.999926637,3.799604811,,3.036122217,0.931153178
0.2,7,0.9,300,10,0.6,0.624350178,0.997801178,3.489585159,,3.036592306,0.931131857
0.4,7,0.9,300,10,0.8,0.13563104,0.999895579,3.44841327,,3.036899889,0.931117904
0.1,7,0.9,300,3,1,0.121806571,0.999915585,3.81719528,,3.036962946,0.931115044
0.4,5,0.6,400,10,1,0.167252398,0.999841693,3.445207961,,3.037515326,0.931089983
0.2,8,0.6,200,3,0.8,0.476472639,0.99871711,3.581176938,,3.037702272,0.931081501
0.2,7,0.9,200,5,1,0.125615051,0.999910425,3.797903481,,3.037764856,0.931078661
0.3,8,0.9,300,10,0.6,0.367260292,0.99923877,3.474860056,,3.037967736,0.931069454
0.3,5,0.8,400,3,0.6,0.180441493,0.999814952,3.702468676,,3.038249385,0.931056673
0.3,7,0.8,100,3,0.8,0.406674823,0.999064035,3.889680989,,3.038282046,0.931055191
0.2,4,0.8,400,5,0.6,0.679069634,0.997394881,3.234763739,,3.03853172,0.931043859
0.3,4,0.9,400,10,0.8,0.403132344,0.999081893,3.449194794,,3.039276185,0.931010065
0.3,7,0.9,300,10,0.6,0.391464426,0.999135124,3.452393471,,3.039486169,0.931000532
0.1,6,0.8,400,10,0.8,0.831743103,0.996093301,3.420816482,,3.040607355,0.930949618
0.4,8,0.7,300,10,1,0.11826675,0.999920057,3.618063933,,3.04061307,0.930949359
0.4,7,0.6,200,10,0.8,0.755107534,0.996779789,3.521174102,,3.041142,0.930925333
0.2,6,0.8,300,5,1,0.122834447,0.999914026,3.417724657,,3.041765508,0.930897006
0.3,7,0.8,200,3,0.8,0.136974984,0.999893574,3.90255147,,3.042472971,0.930864858
0.4,5,0.8,400,10,0.6,0.386998592,0.999153225,3.305455883,,3.04248323,0.930864392
0.1,7,0.7,300,3,1,0.181742647,0.99981306,3.796791405,,3.042766224,0.93085153
0.1,6,0.9,400,1,1,0.112523451,0.999926526,3.878290831,,3.043402474,0.930822609
0.2,6,0.6,300,10,1,0.496131417,0.998607777,3.332065539,,3.043431564,0.930821286
0.1,6,0.9,300,1,1,0.113835977,0.999925097,3.880299525,,3.044430562,0.930775864
0.2,6,0.8,200,5,1,0.199004896,0.999776238,3.417234713,,3.044583801,0.930768895
0.4,6,0.7,200,5,0.8,0.257406011,0.999624462,3.512890377,,3.044602076,0.930768064
0.2,8,0.9,100,3,1,0.165031718,0.999845488,4.055820845,,3.044735433,0.930761999
0.2,5,0.6,400,5,1,0.194834752,0.999785236,3.489554746,,3.044923582,0.930753441
0.2,7,0.7,400,1,0.8,0.113980572,0.999924606,3.869272871,,3.045418352,0.930730936
0.4,5,0.9,200,5,0.6,0.381750968,0.999175007,3.793031691,,3.045593367,0.930722974
0.3,8,0.8,100,5,0.6,0.962181356,0.99476408,3.596698524,,3.045873213,0.930710242
0.1,7,0.9,300,5,1,0.184150923,0.999808259,3.802024468,,3.046027353,0.930703229
0.3,7,0.8,200,1,0.6,0.130303614,0.999903377,3.80358915,,3.046067482,0.930701403
0.4,5,0.6,100,10,0.8,1.501324156,0.987278312,3.48588995,,3.046153867,0.930697472
0.3,5,0.8,200,5,0.6,0.641914585,0.997669705,3.377409875,,3.046858015,0.930665429
0.4,3,0.9,300,1,0.8,0.314328581,0.999440388,3.766433852,,3.046920254,0.930662596
0.2,7,0.8,200,10,0.8,0.810285991,0.996293412,3.473773622,,3.046957186,0.930660915
0.1,6,0.9,200,1,1,0.127956271,0.999906973,3.879485116,,3.047545724,0.930634126
0.2,7,0.9,200,5,0.8,0.311465582,0.999452183,3.65257905,,3.048251936,0.930601974
0.3,8,0.7,300,5,0.6,0.330557775,0.999381422,3.572623694,,3.04830059,0.930599759
0.2,7,0.7,300,1,0.8,0.11449376,0.999924204,3.869153556,,3.048574759,0.930587274
0.4,8,0.7,200,10,1,0.177500261,0.99982164,3.600871377,,3.048585719,0.930586775
0.1,8,0.9,400,1,0.8,0.112730111,0.999926373,3.771980384,,3.050157663,0.930515173
0.3,7,0.6,400,3,0.8,0.123118526,0.999913215,3.754834148,,3.050240743,0.930511388
0.3,5,0.8,300,10,0.8,0.412046788,0.999041023,3.394786124,,3.050248932,0.930511015
0.3,5,0.6,300,5,0.8,0.39336539,0.999123488,3.48235595,,3.050454418,0.930501652
0.1,6,0.8,100,1,1,0.605657865,0.997914828,3.726464352,,3.05073944,0.930488664
0.3,7,0.8,400,3,0.8,0.112979459,0.999925986,3.930485872,,3.05074563,0.930488382
0.1,5,0.9,200,1,1,0.24301693,0.99966521,3.857318917,,3.050796505,0.930486064
0.3,7,0.6,300,3,0.8,0.14799357,0.999875609,3.731311691,,3.051612621,0.930448868
0.3,7,0.8,100,3,1,0.142985318,0.999884328,3.976094037,,3.051682448,0.930445685
0.1,6,0.9,300,5,1,0.270793356,0.999585462,3.621289805,,3.052940968,0.930388304
0.3,4,0.9,200,1,1,0.138468541,0.999890979,3.881640231,,3.05295049,0.93038787
0.3,8,0.8,200,1,0.6,0.125082089,0.99991074,3.836150219,,3.052990778,0.930386033
0.4,7,0.8,100,5,0.8,0.463504241,0.998784347,3.629397198,,3.053001085,0.930385563
0.1,8,0.9,300,1,0.8,0.115123528,0.999923706,3.769386617,,3.053019204,0.930384736
0.3,7,0.8,300,3,0.8,0.114207438,0.999924723,3.918663214,,3.053401782,0.930367288
0.3,4,0.9,300,1,1,0.117707207,0.999920016,3.881067831,,3.05346075,0.930364598
0.3,4,0.9,300,10,0.8,0.56571304,0.998192619,3.467887658,,3.053571311,0.930359556
0.1,6,0.7,400,5,0.8,0.570760099,0.998160507,3.364006352,,3.053775969,0.93035022
0.4,6,0.8,400,5,0.8,0.11492735,0.999923852,3.614201758,,3.05426873,0.930327741
0.3,4,0.8,400,10,0.6,0.746982842,0.996849559,3.30535228,,3.054842832,0.930301546
0.3,6,0.7,400,5,0.6,0.288064389,0.999529312,3.570310589,,3.055238173,0.930283505
0.4,5,0.8,400,3,0.8,0.115304905,0.999923197,3.702022687,,3.055528665,0.930270247
0.3,6,0.9,300,10,1,0.121266311,0.999916141,3.656359861,,3.055553525,0.930269113
0.4,6,0.8,200,5,0.8,0.185974943,0.999804016,3.594554619,,3.055560432,0.930268797
0.2,7,0.7,200,1,0.8,0.134518088,0.99989707,3.857919785,,3.0558358,0.930256228
0.3,8,0.8,200,3,0.6,0.25628229,0.999628037,3.623597772,,3.05651179,0.930225368
0.2,7,0.6,400,5,1,0.124341139,0.999911936,3.551373585,,3.056746419,0.930214656
0.3,7,0.6,200,3,0.8,0.295583525,0.999504836,3.701926907,,3.057280315,0.930190276
0.3,6,0.9,400,10,1,0.113756479,0.999925393,3.660405433,,3.05735102,0.930187047
0.4,6,0.8,300,5,0.8,0.122056011,0.999914974,3.601588433,,3.057485527,0.930180904
0.3,5,0.8,300,3,0.6,0.235035554,0.999686036,3.681205674,,3.05767503,0.930172249
0.3,8,0.6,100,10,1,1.118945979,0.99292499,3.465546244,,3.057823675,0.93016546
0.3,4,0.9,400,1,1,0.113652193,0.999925072,3.882781256,,3.058056504,0.930154825
0.3,4,0.9,100,1,1,0.341945745,0.999336072,3.905161028,,3.058187784,0.930148828
0.3,6,0.7,300,5,0.6,0.393040734,0.999123802,3.552862506,,3.058313729,0.930143074
0.2,7,0.8,100,1,0.8,0.298860316,0.999494276,3.950930898,,3.05845282,0.93013672
0.2,5,0.8,400,10,0.6,0.761118252,0.99673035,3.213982334,,3.058491738,0.930134942
0.4,4,0.9,200,10,0.8,0.704135969,0.997195295,3.585459239,,3.058724457,0.93012431
0.4,3,0.9,400,1,0.8,0.232912537,0.999692594,3.800027969,,3.058991196,0.930112122
0.3,8,0.7,300,1,1,0.113405098,0.9999253,4.258573353,,3.059981197,0.930066878
0.2,8,0.8,200,5,0.6,0.71725603,0.99709653,3.4384068,,3.06008186,0.930062277
0.3,8,0.7,200,1,1,0.112727177,0.999926202,4.263134649,,3.060517134,0.930042379
0.3,5,0.9,200,5,0.6,0.554892714,0.998260599,3.52482339,,3.060859519,0.930026726
0.3,7,0.8,400,1,0.6,0.113174483,0.999925679,3.825577623,,3.061229453,0.930009811
0.3,8,0.7,100,1,1,0.113434722,0.99992555,4.257326687,,3.061625693,0.929991691
0.3,8,0.7,400,1,1,0.116167622,0.999921611,4.276349444,,3.062066884,0.929971513
0.4,5,0.8,300,3,0.8,0.121197935,0.999915773,3.687979363,,3.062242508,0.929963479
0.4,6,0.7,300,5,0.8,0.141814984,0.999885807,3.548526254,,3.062295956,0.929961035
0.3,7,0.8,300,1,0.6,0.114511857,0.999924091,3.823936392,,3.062324222,0.929959742
0.4,4,0.8,400,10,0.6,0.569657967,0.998165119,3.543183027,,3.062665712,0.92994412
0.4,5,0.6,100,5,0.8,1.055734325,0.993701466,3.367216435,,3.062913473,0.929932785
0.2,7,0.9,400,10,1,0.118274986,0.999920067,3.594507262,,3.063470127,0.929907314
0.4,6,0.7,400,5,0.8,0.12170607,0.999915292,3.556984918,,3.064336056,0.929867684
0.1,8,0.7,400,3,1,0.119158931,0.999918961,3.878379521,,3.06478449,0.929847156
0.3,8,0.9,400,5,0.6,0.128414137,0.999906188,3.594441219,,3.06531683,0.929822783
0.2,5,0.6,300,5,1,0.306417204,0.999468771,3.441744348,,3.065808206,0.929800282
0.1,7,0.9,300,5,0.8,0.454837152,0.998831673,3.55725045,,3.066112146,0.929786363
0.3,4,0.8,200,5,0.6,0.892434415,0.995494646,3.525436483,,3.066121311,0.929785943
0.3,6,0.6,400,3,0.8,0.134308593,0.999897274,3.725596427,,3.067046853,0.929743547
0.2,8,0.6,400,5,0.8,0.270006673,0.999587134,3.604865169,,3.067336986,0.929730254
0.3,7,0.6,400,10,0.8,0.408664658,0.99905452,3.414084313,,3.067474932,0.929723933
0.4,8,0.8,200,3,0.6,0.175656842,0.999825224,3.697812345,,3.0678453,0.929706962
0.1,8,0.9,200,1,0.8,0.162983282,0.999849768,3.752964687,,3.067872367,0.929705722
0.3,6,0.7,400,3,1,0.11417342,0.999924312,3.850754508,,3.068894072,0.929658893
0.2,4,0.9,400,3,0.8,0.267305546,0.99959579,3.687910912,,3.069071378,0.929650765
0.2,7,0.9,300,10,1,0.149603439,0.999873377,3.594827867,,3.069187305,0.92964545
0.4,8,0.8,400,3,0.6,0.114342482,0.999924509,3.745780341,,3.069697218,0.929622071
0.2,7,0.6,300,5,1,0.16851512,0.999839284,3.513254046,,3.069730215,0.929620558
0.4,8,0.9,400,10,0.6,0.177288223,0.999822126,3.567632118,,3.071185811,0.929553798
0.4,6,0.9,200,5,1,0.113061234,0.999926055,3.581322012,,3.07122008,0.929552225
0.1,7,0.6,300,3,0.8,0.627657554,0.997774672,3.473194678,,3.071428504,0.929542663
0.4,5,0.8,100,3,0.8,0.445336821,0.998873768,3.693405183,,3.07157382,0.929535996
0.4,8,0.8,300,3,0.6,0.118735264,0.999919128,3.74048594,,3.071842161,0.929523684
0.3,8,0.8,300,1,0.6,0.114101107,0.999924563,3.850646107,,3.071882708,0.929521823
0.4,5,0.8,300,10,0.6,0.50774707,0.998543417,3.305594077,,3.071897684,0.929521136
0.3,8,0.8,400,1,0.6,0.113086082,0.999925784,3.851425558,,3.071909571,0.929520591
0.4,6,0.6,200,10,1,0.350297995,0.999304468,3.405905049,,3.072081183,0.929512716
0.4,6,0.9,300,5,1,0.112727371,0.99992625,3.583711664,,3.072827557,0.929478461
0.2,8,0.6,400,10,0.8,0.600049681,0.997964361,3.341338827,,3.074349349,0.929408594
0.4,6,0.9,400,5,1,0.11240793,0.999926655,3.584288765,,3.074975585,0.929379832
0.3,6,0.7,200,3,1,0.118824451,0.999919086,3.836398322,,3.07524891,0.929367277
0.1,8,0.6,200,1,0.8,0.474610206,0.998727771,3.583582096,,3.07534508,0.92936286
0.4,8,0.8,200,5,0.8,0.142040925,0.999885567,3.619194787,,3.07559911,0.92935119
0.3,6,0.7,300,3,1,0.113162141,0.999925745,3.838545427,,3.07614138,0.929326275
0.2,7,0.7,100,1,0.8,0.429575725,0.998953694,3.820355436,,3.076286272,0.929319617
0.3,5,0.9,400,10,0.6,0.407949366,0.999059915,3.393542376,,3.076330631,0.929317578
0.3,8,0.9,300,5,0.6,0.158134383,0.999858407,3.584285299,,3.076963984,0.929288471
0.2,7,0.7,200,1,1,0.112867412,0.99992613,3.949710012,,3.077031605,0.929285363
0.3,7,0.6,400,10,1,0.149299215,0.999873869,3.310483624,,3.077067034,0.929283735
0.1,7,0.6,400,10,1,0.762197881,0.99671685,3.422729128,,3.077453874,0.929265953
0.2,7,0.7,300,1,1,0.113078977,0.999925742,3.945980377,,3.0776362,0.929257572
0.3,7,0.8,100,5,0.6,0.98707305,0.994489398,3.605801408,,3.07820776,0.929231293
0.1,7,0.9,200,1,0.8,0.190693974,0.999794491,3.697693834,,3.078786946,0.92920466
0.3,4,0.8,200,10,0.8,0.979332612,0.994586028,3.431748555,,3.078948233,0.929197242
0.3,6,0.9,200,10,1,0.192244178,0.999791017,3.660455106,,3.079154297,0.929187764
0.2,5,0.6,400,10,0.8,0.751629734,0.996810037,3.225063196,,3.079171802,0.929186959
0.4,6,0.8,400,10,0.8,0.149709077,0.999872906,3.480426362,,3.079179496,0.929186605
0.2,5,0.8,400,5,0.8,0.23947895,0.999675158,3.551899125,,3.079652499,0.929164848
0.3,5,0.6,200,3,0.8,0.451711013,0.998843166,3.692338546,,3.079659987,0.929164504
0.4,5,0.7,300,5,0.6,0.362059888,0.999253858,3.508101859,,3.08004654,0.92914672
0.4,4,0.8,200,5,0.6,0.703385144,0.997196617,3.549970965,,3.080807547,0.929111704
0.4,5,0.8,200,5,0.8,0.260016824,0.999617172,3.528499933,,3.080974087,0.929104039
0.4,6,0.6,300,10,0.6,0.752780098,0.996796748,3.326260494,,3.081574951,0.929076384
0.4,6,0.7,400,5,0.6,0.201092456,0.99977031,3.527367485,,3.081870906,0.92906276
0.2,7,0.7,400,1,1,0.114959075,0.999923243,3.960090601,,3.082309216,0.929042581
0.1,7,0.9,400,1,0.8,0.113649344,0.999925369,3.718268945,,3.082319297,0.929042117
0.3,6,0.6,200,5,0.8,0.582084841,0.998085874,3.50754528,,3.082413908,0.929037761
0.1,7,0.6,300,5,0.8,0.919877871,0.995221482,3.448895193,,3.082490342,0.929034241
0.4,8,0.8,400,5,0.8,0.112998204,0.999925986,3.630554725,,3.08254307,0.929031813
0.1,8,0.7,300,3,1,0.152934598,0.999867794,3.870213564,,3.082927855,0.929014095
0.4,8,0.6,200,10,0.8,0.73968706,0.996910062,3.512487278,,3.083040814,0.929008893
0.1,7,0.9,300,1,0.8,0.119660216,0.999918075,3.714155107,,3.083747113,0.928976362
0.3,8,0.8,100,1,0.6,0.305389517,0.999471457,3.808697394,,3.083874751,0.928970483
0.4,8,0.8,300,5,0.8,0.114375739,0.999924579,3.622291749,,3.084677971,0.928933477
0.2,7,0.6,200,5,1,0.339062969,0.99934949,3.501388265,,3.0847565,0.928929859
0.1,6,0.8,400,10,1,0.480951262,0.998694113,3.39081786,,3.085070476,0.928915391
0.2,7,0.7,100,1,1,0.14388905,0.999882854,3.94521647,,3.085104759,0.928913811
0.2,6,0.8,100,3,1,0.421615026,0.998990395,3.584483713,,3.085132091,0.928912551
0.3,5,0.9,200,5,1,0.149802993,0.999873005,3.454831693,,3.085518041,0.928894764
0.3,8,0.9,100,10,1,0.426619259,0.998970289,3.732780561,,3.085667034,0.928887897
0.4,7,0.6,100,10,1,0.810720073,0.996278942,3.475579565,,3.085989859,0.928873017
0.2,6,0.8,200,5,0.6,0.809680669,0.996300365,3.411835575,,3.086083149,0.928868716
0.2,6,0.9,200,3,0.8,0.229524563,0.999702068,3.738250386,,3.08611216,0.928867379
0.1,6,0.8,400,5,0.8,0.456140575,0.9988257,3.423408078,,3.086885376,0.92883173
0.4,6,0.7,200,5,1,0.122698714,0.99991427,3.664866381,,3.087087673,0.928822402
0.2,6,0.6,100,3,0.8,1.211421922,0.991709071,3.518507879,,3.08711054,0.928821348
0.3,6,0.6,300,3,0.8,0.174383243,0.999827504,3.709784906,,3.087854814,0.928787022
0.3,7,0.6,100,5,0.8,1.111052347,0.993017725,3.627077051,,3.088013068,0.928779723
0.4,6,0.7,400,5,1,0.113911705,0.999924678,3.684475177,,3.088739896,0.928746192
0.2,8,0.9,400,5,0.8,0.116698312,0.99992187,3.691438578,,3.089379703,0.92871667
0.4,5,0.7,200,5,0.6,0.622953844,0.997796083,3.45925275,,3.090020526,0.928687095
0.3,5,0.6,300,3,0.8,0.237966677,0.999678718,3.729330654,,3.090143699,0.928681409
0.2,5,0.9,300,3,0.6,0.335858912,0.999361037,3.664338393,,3.090169339,0.928680226
0.3,7,0.7,400,5,0.6,0.249319236,0.999647637,3.604999312,,3.090576261,0.928661441
0.3,7,0.8,100,1,0.6,0.335035492,0.999364195,3.730223981,,3.091026536,0.928640653
0.1,8,0.9,100,1,1,0.210653985,0.999748273,4.308128336,,3.091420585,0.928622458
0.3,5,0.9,300,5,1,0.117257704,0.999921258,3.460968232,,3.091644836,0.928612102
0.4,4,0.8,300,10,0.6,0.707536884,0.997170569,3.537410934,,3.091932488,0.928598817
0.2,5,0.9,400,3,0.6,0.248972021,0.999648849,3.680338426,,3.092457004,0.92857459
0.2,5,0.7,400,10,0.8,0.595601644,0.997996944,3.384628603,,3.092554159,0.928570102
0.3,5,0.8,200,3,0.6,0.430287885,0.998949401,3.648745165,,3.092565104,0.928569597
0.2,4,0.8,300,5,0.6,0.831710193,0.996092492,3.251398921,,3.092645422,0.928565886
0.2,6,0.9,400,3,0.8,0.116211279,0.999922353,3.786198341,,3.092976458,0.928550593
0.4,6,0.7,300,5,0.6,0.275218302,0.999569811,3.508832878,,3.09303107,0.92854807
0.4,6,0.8,300,10,0.8,0.207008054,0.999757662,3.47772402,,3.093092945,0.928545211
0.3,5,0.9,400,5,1,0.113294848,0.999925784,3.463425978,,3.093534303,0.928524817
0.1,8,0.6,400,3,0.8,0.395807797,0.999114291,3.458498337,,3.093646425,0.928519636
0.4,6,0.7,300,5,1,0.11339552,0.999925568,3.672674838,,3.09374407,0.928515124
0.1,6,0.9,400,3,1,0.119031175,0.999919242,3.689597785,,3.0939934,0.928503601
0.4,8,0.9,300,10,0.6,0.247011454,0.999655123,3.554400983,,3.095179703,0.928448764
0.2,7,0.6,400,10,0.8,0.614196206,0.997868457,3.307406468,,3.095287487,0.928443781
0.4,6,0.9,400,5,0.6,0.12589644,0.999909654,3.750778353,,3.095755113,0.928422158
0.2,6,0.9,300,3,0.8,0.129457364,0.999904669,3.776795226,,3.095858536,0.928417376
0.4,6,0.9,400,10,0.6,0.223849379,0.999716405,3.536792767,,3.096036449,0.928409148
0.1,7,0.9,200,3,1,0.210888929,0.999748145,3.82317217,,3.096306553,0.928396656
0.4,6,0.9,100,5,1,0.170270189,0.999835677,3.583151074,,3.096455054,0.928389788
0.4,8,0.7,100,3,0.6,0.684469945,0.997341978,3.593491159,,3.096533482,0.92838616
0.4,4,0.8,300,5,0.6,0.425443485,0.998973693,3.554712463,,3.096705726,0.928378193
0.3,4,0.6,200,5,0.8,0.906571241,0.9953557,3.315137814,,3.096799432,0.928373858
0.2,7,0.8,200,5,0.6,0.74501647,0.99686696,3.47460405,,3.096939023,0.928367401
0.3,7,0.9,400,5,0.6,0.136258688,0.999894507,3.636079295,,3.097267515,0.928352204
0.4,4,0.8,400,5,0.6,0.326550863,0.999395446,3.534049443,,3.097619512,0.928335918
0.3,5,0.6,400,3,0.8,0.17185596,0.999832154,3.75666183,,3.097853697,0.928325082
0.1,5,0.8,400,5,1,0.310205547,0.999456203,3.483047679,,3.098455579,0.928297227
0.4,6,0.7,300,10,0.8,0.318131292,0.999427121,3.436490736,,3.098891607,0.928277045
0.2,5,0.8,300,5,0.6,0.588208066,0.998045515,3.419106698,,3.099317811,0.928257315
0.4,6,0.9,300,5,0.6,0.148520696,0.999874988,3.739208832,,3.100778682,0.928189667
0.4,6,0.7,400,10,0.8,0.209685927,0.999750687,3.470647478,,3.101241242,0.928168241
0.2,4,0.9,300,3,0.8,0.373443677,0.999211658,3.685533641,,3.102240399,0.928121948
0.3,4,0.6,400,5,0.8,0.436803831,0.998918362,3.393860196,,3.102335574,0.928117537
0.4,8,0.6,400,5,0.8,0.12928113,0.999904845,3.542254591,,3.102345296,0.928117087
0.2,7,0.9,400,5,0.6,0.223434142,0.999717776,3.623940944,,3.10249064,0.928110351
0.3,8,0.7,200,5,0.6,0.629632497,0.997757186,3.529061812,,3.102536399,0.928108231
0.3,6,0.8,400,10,1,0.116773536,0.999921808,3.416669557,,3.102571011,0.928106627
0.2,8,0.9,400,5,0.6,0.203935998,0.999765093,3.586207086,,3.102940609,0.928089497
0.4,6,0.7,200,5,0.6,0.523295275,0.998446885,3.482300545,,3.103201145,0.928077421
0.1,6,0.6,400,5,1,0.379976394,0.999182596,3.412408926,,3.103455243,0.928065642
0.1,6,0.9,400,5,0.8,0.372663894,0.999215367,3.499851657,,3.103474044,0.92806477
0.1,7,0.7,400,5,0.8,0.492508323,0.998630731,3.416888202,,3.103653203,0.928056464
0.4,8,0.6,200,5,0.8,0.348902865,0.999310641,3.503144347,,3.103852907,0.928047206
0.2,5,0.8,400,10,0.8,0.478194218,0.998708996,3.362867122,,3.10512724,0.927988111
0.4,8,0.9,100,10,0.8,0.681540116,0.997371869,3.535418483,,3.10528195,0.927980935
0.2,8,0.9,300,5,0.8,0.135918275,0.999895191,3.684327982,,3.105422042,0.927974437
0.1,6,0.9,300,3,1,0.146119937,0.999879351,3.691421666,,3.105538231,0.927969047
0.3,8,0.7,400,10,0.6,0.531009034,0.998407766,3.429923553,,3.106314594,0.927933028
0.4,5,0.9,100,10,0.8,1.006025822,0.994281452,3.585249356,,3.106516429,0.927923662
0.1,7,0.6,200,3,1,0.57653225,0.998122201,3.607778029,,3.106596648,0.92791994
0.2,4,0.8,400,10,1,0.444916067,0.998881918,3.119844272,,3.106711058,0.927914631
0.1,6,0.6,400,5,0.8,0.740407402,0.996904453,3.358443128,,3.106725999,0.927913937
0.3,6,0.9,100,1,0.8,0.161865415,0.999850394,3.837127241,,3.107376435,0.92788375
0.1,6,0.6,400,3,1,0.217077964,0.999733705,3.575689292,,3.107765653,0.927865683
0.1,4,0.9,400,5,0.8,0.860898761,0.995816415,3.380562721,,3.108539019,0.927829777
0.2,7,0.9,300,5,0.6,0.31184111,0.999450543,3.622967001,,3.108593707,0.927827238
0.1,8,0.8,300,10,0.8,0.981194611,0.994563887,3.572675922,,3.109312921,0.927793838
0.1,8,0.6,300,5,0.8,0.889838101,0.995527926,3.461084916,,3.109439121,0.927787976
0.3,6,0.7,400,10,0.6,0.577560249,0.998115329,3.398676753,,3.109692256,0.927776218
0.1,5,0.6,400,3,0.8,0.635405275,0.997717963,3.426690013,,3.110120419,0.927756328
0.3,4,0.6,300,5,0.8,0.599074435,0.997969703,3.345484202,,3.110306213,0.927747697
0.1,7,0.7,200,3,1,0.408248753,0.999055233,3.789321856,,3.110453947,0.927740833
0.3,7,0.9,200,10,0.6,0.713700467,0.997126192,3.480393064,,3.110532889,0.927737165
0.2,8,0.6,300,5,0.8,0.41831693,0.999010377,3.561860481,,3.11054837,0.927736446
0.4,5,0.7,400,5,0.6,0.27285567,0.999575748,3.52604195,,3.110912206,0.92771954
0.3,8,0.7,200,10,0.8,0.688884458,0.997319383,3.506750987,,3.111131153,0.927709365
0.4,7,0.9,200,10,0.6,0.524605799,0.998446061,3.52971091,,3.111306739,0.927701205
0.3,6,0.6,200,3,0.8,0.34707533,0.999316457,3.682645214,,3.11185465,0.927675738
0.4,8,0.6,300,5,0.8,0.169498153,0.99983702,3.51922885,,3.112129305,0.927662971
0.4,6,0.7,100,5,0.8,0.729109139,0.996993232,3.468348061,,3.112190338,0.927660134
0.3,8,0.6,400,3,0.8,0.119699231,0.99991792,3.792500467,,3.112720209,0.927635499
0.4,6,0.6,100,10,1,0.876437837,0.995648776,3.467391061,,3.113032198,0.927620992
0.3,7,0.9,100,10,1,0.500409615,0.998582526,3.621183895,,3.113466209,0.927600809
0.3,7,0.9,400,1,1,0.112374913,0.999926673,4.072097951,,3.113491784,0.927599619
0.3,7,0.9,300,5,0.6,0.174070243,0.99982834,3.621686727,,3.113875931,0.927581753
0.3,7,0.6,300,10,0.8,0.588397329,0.998042429,3.379455926,,3.114075569,0.927572467
0.3,7,0.9,300,1,1,0.113220058,0.999925568,4.072535104,,3.114267978,0.927563516
0.4,6,0.6,400,10,0.6,0.610595442,0.997890098,3.348759511,,3.114435691,0.927555714
0.2,4,0.7,400,3,0.6,0.600897022,0.997953113,3.603863405,,3.114435716,0.927555713
0.3,7,0.9,200,1,1,0.112420377,0.999926617,4.07075347,,3.114792984,0.927539091
0.3,6,0.8,300,10,1,0.136834343,0.999893899,3.404074509,,3.115119922,0.927523879
0.4,7,0.8,100,5,0.6,0.764452995,0.996685686,3.361000726,,3.115280702,0.927516397
0.4,5,0.8,400,5,0.8,0.125090474,0.999910648,3.555546763,,3.115763953,0.927493908
0.3,7,0.6,300,10,1,0.237966188,0.999679302,3.281399087,,3.117233551,0.927425495
0.2,8,0.9,300,5,0.6,0.287300644,0.999534071,3.574622306,,3.117807484,0.927398768
0.3,7,0.9,100,1,1,0.112944706,0.999925972,4.068712151,,3.117842898,0.927397119
0.4,6,0.9,200,5,0.6,0.286124676,0.999536517,3.696038853,,3.118200535,0.927380462
0.3,6,0.8,200,10,1,0.250611519,0.999645022,3.377426571,,3.119238251,0.927332119
0.2,6,0.9,200,5,0.6,0.675399263,0.99742649,3.594985092,,3.120608832,0.927268245
0.3,8,0.6,300,3,0.8,0.13874227,0.999890864,3.775115411,,3.121986176,0.927204027
0.3,5,0.7,300,3,0.6,0.31638032,0.999428831,3.588662506,,3.12205917,0.927200623
0.2,5,0.8,300,5,0.8,0.345807524,0.999323786,3.553847948,,3.122325659,0.927188195
0.3,6,0.7,400,1,1,0.116161758,0.999921622,4.018740223,,3.122384432,0.927185454
0.3,6,0.7,200,5,0.6,0.688700786,0.997316759,3.473387645,,3.122558752,0.927177323
0.3,8,0.6,200,3,0.8,0.273025635,0.999577265,3.748981471,,3.122660758,0.927172565
0.1,5,0.9,400,3,1,0.163022392,0.999849862,3.566215128,,3.122692458,0.927171087
0.3,6,0.7,300,1,1,0.113413305,0.999925292,4.000707864,,3.123063255,0.92715379
0.4,6,0.8,200,10,0.8,0.413189761,0.999035866,3.459481843,,3.123115746,0.927151341
0.4,6,0.9,300,10,0.6,0.306403323,0.999468886,3.532016939,,3.123835614,0.927117755
0.4,5,0.8,300,5,0.8,0.147087901,0.999877279,3.545588012,,3.124036178,0.927108396
0.4,4,0.8,400,1,1,0.115016344,0.999923193,3.920221972,,3.124067994,0.927106911
0.4,8,0.6,300,5,0.6,0.365832814,0.999241856,3.748586902,,3.124373355,0.92709266
0.3,8,0.7,300,10,0.6,0.68048806,0.997385621,3.417196243,,3.124528359,0.927085426
0.4,4,0.8,200,1,1,0.12606604,0.999908864,3.892013356,,3.124622742,0.927081021
0.4,8,0.7,100,10,1,0.581048547,0.998088081,3.588133638,,3.124919122,0.927067187
0.3,6,0.7,200,1,1,0.112866485,0.999926042,4.005807204,,3.125055698,0.927060812
0.3,5,0.7,400,3,0.6,0.241274086,0.999667827,3.598624388,,3.125089268,0.927059245
0.3,7,0.7,300,5,0.6,0.348729817,0.999311065,3.597279674,,3.125245074,0.927051971
0.4,3,0.9,200,1,0.8,0.543299033,0.998327507,3.744655532,,3.12526216,0.927051174
0.3,6,0.8,200,10,0.8,0.585497063,0.998063521,3.568852405,,3.125298092,0.927049496
0.2,6,0.6,400,5,1,0.14034607,0.999888303,3.518639567,,3.1255604,0.92703725
0.4,7,0.8,400,10,0.8,0.132137426,0.999900919,3.475461237,,3.12606215,0.927013823
0.4,4,0.8,300,1,1,0.116899169,0.999920806,3.893096856,,3.126152633,0.927009598
0.1,6,0.6,400,1,0.8,0.21425261,0.999740089,3.644945139,,3.126496293,0.926993549
0.4,4,0.8,100,1,1,0.237479752,0.999679414,3.852561523,,3.127187743,0.926961253
0.1,6,0.6,300,1,0.8,0.319797872,0.999421732,3.616106201,,3.127258971,0.926957926
0.2,8,0.6,100,3,0.8,1.08843226,0.993296817,3.604088269,,3.127634944,0.926940362
0.1,7,0.8,300,10,0.8,1.015696063,0.994174578,3.560209776,,3.128194064,0.926914239
0.3,7,0.9,300,5,1,0.112646351,0.999926362,4.00329399,,3.129305937,0.926862275
0.2,8,0.9,400,10,1,0.114468433,0.999924687,3.70026221,,3.129365328,0.926859499
0.3,7,0.9,400,5,1,0.112408116,0.999926656,4.002132728,,3.129739788,0.926841993
0.3,7,0.9,200,5,1,0.113035922,0.999926139,4.001232915,,3.129818785,0.9268383
0.1,8,0.7,400,3,0.8,0.253989346,0.999635649,3.548789992,,3.129856306,0.926836546
0.4,7,0.7,400,5,0.6,0.173095991,0.999829999,3.574421182,,3.129991,0.926830249
0.3,8,0.9,200,5,0.6,0.327947139,0.999392492,3.555930832,,3.130591964,0.926802149
0.4,8,0.7,200,3,0.6,0.263952089,0.999604471,3.667260032,,3.130673675,0.926798328
0.4,5,0.6,200,10,1,0.455375302,0.998822372,3.371930854,,3.13069557,0.926797304
0.2,6,0.6,200,10,0.8,1.300104575,0.990461237,3.429102911,,3.130748488,0.926794829
0.4,8,0.6,400,5,0.6,0.263630858,0.999605765,3.753126649,,3.130764046,0.926794101
0.1,5,0.9,400,10,0.8,0.908036288,0.995342635,3.41560684,,3.131378374,0.926765369
0.4,7,0.6,400,5,0.8,0.133594367,0.9998986,3.585121474,,3.13156028,0.92675686
0.2,7,0.9,200,1,0.8,0.113995396,0.999925021,3.89165692,,3.131729959,0.926748923
0.3,6,0.7,100,3,1,0.277488668,0.999562872,3.768663191,,3.132054187,0.926733755
0.3,5,0.8,200,10,0.8,0.722406714,0.997054429,3.416589112,,3.132502596,0.926712775
0.4,5,0.6,100,10,1,1.001437362,0.994320974,3.446337957,,3.133143027,0.926682805
0.3,7,0.9,400,1,0.8,0.112440302,0.999926592,3.892924591,,3.13321276,0.926679541
0.2,8,0.8,200,10,0.6,1.158823808,0.992424041,3.445284078,,3.133594349,0.926661681
0.3,7,0.9,300,1,0.8,0.112644869,0.999926326,3.892058768,,3.133639226,0.92665958
0.3,7,0.9,200,1,0.8,0.112469581,0.999926583,3.881288341,,3.133686541,0.926657366
0.2,7,0.9,400,1,0.8,0.112439484,0.999926611,3.898132397,,3.133794174,0.926652327
0.4,7,0.7,200,5,0.6,0.479200209,0.998698948,3.515305155,,3.134336319,0.926626947
0.2,6,0.6,200,5,0.8,0.838578763,0.996027292,3.527094909,,3.13434547,0.926626518
0.3,4,0.9,200,10,0.8,0.931590485,0.995100164,3.538742919,,3.13438172,0.926624821
0.3,8,0.9,200,10,0.6,0.684444574,0.997356704,3.487100447,,3.134745761,0.926607776
0.4,7,0.6,400,10,1,0.121654265,0.999915462,3.532391537,,3.135104546,0.926590975
0.2,7,0.9,200,10,1,0.308259266,0.999462805,3.580832597,,3.135358351,0.926579089
0.4,6,0.8,100,5,0.8,0.538608281,0.998355113,3.605335413,,3.135361914,0.926578922
0.2,7,0.9,300,1,0.8,0.112601407,0.999926412,3.897683231,,3.13540325,0.926576986
0.1,8,0.9,400,5,0.8,0.256365855,0.999628654,3.573695995,,3.13548911,0.926572965
0.3,4,0.9,400,10,0.6,0.623522293,0.997804446,3.451562379,,3.136174569,0.926540857
0.4,3,0.9,400,5,0.8,0.42855053,0.998961934,3.783631091,,3.136420733,0.926529324
0.4,7,0.6,300,5,0.8,0.179031286,0.999818373,3.57926449,,3.136458629,0.926527549
0.2,8,0.9,100,5,1,0.335635589,0.999362598,3.864033429,,3.137119308,0.926496593
0.4,7,0.7,100,3,0.6,0.712472497,0.997124928,3.73510186,,3.137472271,0.926480052
0.1,7,0.8,300,10,1,0.634686387,0.997724371,3.5631217,,3.137640789,0.926472154
0.4,6,0.7,100,5,1,0.307268337,0.999463604,3.631800191,,3.137747259,0.926467164
0.1,5,0.8,200,3,1,0.615137757,0.997861293,3.617764303,,3.137985444,0.926455999
0.1,7,0.6,400,1,0.8,0.168513452,0.999839166,3.615232091,,3.138134901,0.926448994
0.2,6,0.8,200,10,0.8,0.888404971,0.995544563,3.419087716,,3.138197044,0.926446081
0.2,8,0.9,300,10,1,0.131030248,0.999902556,3.698263251,,3.13820451,0.926445731
0.3,5,0.6,400,10,0.8,0.529731335,0.998413267,3.451927629,,3.138766098,0.926419403
0.3,7,0.9,100,1,0.8,0.129861151,0.999903843,3.888160546,,3.139113057,0.926403135
0.4,7,0.6,300,10,1,0.158705698,0.999857279,3.512509335,,3.139942107,0.926364255
0.3,6,0.9,200,1,0.8,0.11295126,0.999926029,3.8460706,,3.140400432,0.926342757
0.3,8,0.9,400,1,0.8,0.112440761,0.999926594,3.786389581,,3.140606724,0.92633308
0.3,8,0.9,300,1,0.8,0.112644775,0.999926329,3.785425943,,3.140871205,0.926320672
0.4,5,0.9,400,10,0.6,0.293201785,0.999513633,3.596458528,,3.141146552,0.926307753
0.2,6,0.6,300,5,1,0.208697085,0.999753342,3.493316411,,3.141914042,0.926271738
0.4,7,0.9,200,5,0.8,0.125269111,0.999910565,3.720037011,,3.142115462,0.926262284
0.3,6,0.9,400,1,0.8,0.112447734,0.999926587,3.859083102,,3.142373916,0.926250153
0.3,8,0.9,200,1,0.8,0.11243364,0.999926611,3.774971851,,3.142476241,0.92624535
0.2,8,0.9,200,10,0.6,0.991565798,0.994453147,3.536698242,,3.142658977,0.926236772
0.3,7,0.7,400,10,0.6,0.545159107,0.998321104,3.439615818,,3.142718239,0.92623399
0.3,6,0.9,300,1,0.8,0.112665478,0.999926308,3.857810815,,3.142974684,0.926221951
0.3,6,0.6,200,10,1,0.518860359,0.998477411,3.373388772,,3.143048743,0.926218474
0.2,5,0.9,100,3,0.8,0.949729966,0.994898355,3.745555276,,3.143048936,0.926218465
0.1,6,0.6,400,3,0.8,0.498416446,0.998595547,3.416511422,,3.143069299,0.926217509
0.4,7,0.7,300,5,0.6,0.237536246,0.999680033,3.568161605,,3.143296659,0.926206834
0.2,6,0.6,200,10,1,0.863296433,0.995787729,3.384178726,,3.143333814,0.92620509
0.3,5,0.6,200,5,0.8,0.687889726,0.997326799,3.46150231,,3.143476345,0.926198397
0.4,7,0.8,300,10,0.8,0.175678423,0.999825559,3.473149961,,3.143655852,0.926189968
0.4,5,0.6,100,5,1,0.572418225,0.998141696,3.579805949,,3.143729182,0.926186525
0.3,5,0.7,400,10,0.6,0.652059607,0.997596996,3.376403991,,3.143754778,0.926185323
0.4,8,0.8,100,10,0.6,1.247411144,0.991205913,3.508455291,,3.143810573,0.926182703
0.2,4,0.8,400,5,0.8,0.428738675,0.998961968,3.391833264,,3.144642279,0.92614364
0.4,8,0.9,400,5,0.6,0.115504463,0.999923278,3.788165313,,3.145054134,0.926124293
0.2,8,0.9,200,5,0.8,0.276029988,0.999569124,3.676216253,,3.145302781,0.926112611
0.1,5,0.9,300,3,1,0.255248057,0.999631376,3.572460282,,3.146034409,0.926078233
0.2,8,0.6,400,3,0.6,0.353347444,0.999292382,3.634657554,,3.146038205,0.926078055
0.4,5,0.8,200,10,0.6,0.824586751,0.996160483,3.323389175,,3.146048346,0.926077578
0.3,5,0.7,400,10,0.8,0.383105767,0.999171042,3.452942398,,3.146613551,0.926051015
0.4,8,0.7,300,3,0.6,0.136273309,0.99989432,3.715259677,,3.146710481,0.926046459
0.3,6,0.7,100,1,1,0.125517723,0.999910487,4.001667802,,3.147268207,0.926020241
0.3,5,0.7,200,3,0.6,0.568665833,0.998160196,3.524579716,,3.14727404,0.926019967
0.3,5,0.9,300,10,0.6,0.547970644,0.998303941,3.404343658,,3.147916914,0.925989741
0.3,4,0.8,300,10,0.6,0.897340866,0.99545206,3.291855036,,3.148019785,0.925984904
0.1,8,0.8,400,5,0.8,0.327008226,0.999396238,3.51612158,,3.148393176,0.925967345
0.1,6,0.9,200,5,1,0.577850404,0.998113945,3.682836777,,3.148607315,0.925957274
0.2,7,0.6,400,3,0.6,0.37227638,0.999213844,3.555610764,,3.149290651,0.925925132
0.1,7,0.9,200,5,1,0.411183061,0.99904355,3.798469575,,3.150015775,0.925891016
0.4,8,0.9,300,5,0.6,0.12447557,0.999911602,3.782103533,,3.150413942,0.92587228
0.2,7,0.8,200,3,1,0.116293827,0.999922413,3.78559487,,3.150585066,0.925864227
0.3,7,0.9,200,5,0.6,0.358401466,0.999273647,3.587452632,,3.150851481,0.925851688
0.3,6,0.7,400,10,0.8,0.297701948,0.999499308,3.485846856,,3.150990092,0.925845164
0.2,7,0.8,200,10,0.6,1.17341765,0.992232142,3.408488678,,3.151592853,0.925816791
0.2,7,0.8,400,3,1,0.112653021,0.999926325,3.79194691,,3.151616727,0.925815667
0.3,5,0.9,100,5,1,0.453284021,0.998836944,3.483645436,,3.151637098,0.925814708
0.4,5,0.6,400,5,1,0.118509137,0.999919308,3.655714829,,3.15172136,0.925810741
0.1,4,0.8,400,3,0.8,0.69012021,0.997311637,3.504236673,,3.151935343,0.925800667
0.3,6,0.7,300,10,0.6,0.728145276,0.997004912,3.37939777,,3.152311394,0.925782961
0.2,6,0.8,400,10,1,0.151704399,0.999869685,3.418775712,,3.152316832,0.925782705
0.3,7,0.6,200,5,0.6,0.86595477,0.995762891,3.417384095,,3.152321767,0.925782472
0.1,8,0.6,300,10,1,1.108224235,0.993062558,3.503402118,,3.152384637,0.925779512
0.2,5,0.9,400,10,0.6,0.63612047,0.997716226,3.396853727,,3.152388447,0.925779333
0.4,6,0.9,100,1,1,0.113092635,0.999925768,4.131114395,,3.152800221,0.925759941
0.4,6,0.9,200,1,1,0.11245213,0.999926574,4.128797336,,3.152930019,0.925753829
0.2,7,0.8,300,3,1,0.112586072,0.999926453,3.786520702,,3.153027962,0.925749216
0.4,6,0.9,300,1,1,0.113512273,0.999925178,4.130170912,,3.153377917,0.925732733
0.4,6,0.9,400,1,1,0.112361726,0.999926687,4.133282054,,3.153881723,0.925709
0.2,5,0.9,200,10,0.8,0.962360397,0.994773858,3.547895531,,3.154152804,0.925696228
0.1,6,0.9,300,10,0.8,0.987861054,0.994490952,3.53199689,,3.154178586,0.925695014
0.2,8,0.6,100,5,1,0.914123211,0.995275997,3.557011345,,3.154279231,0.925690272
0.1,8,0.8,300,10,1,0.589370885,0.998037333,3.561387379,,3.154375077,0.925685756
0.4,8,0.8,100,5,0.8,0.428260567,0.998961792,3.630184385,,3.15448624,0.925680518
0.4,8,0.7,400,3,0.6,0.120922611,0.999916189,3.727972981,,3.15480571,0.925665464
0.2,4,0.7,300,3,0.6,0.73908509,0.996902833,3.614947136,,3.155175149,0.925648053
0.4,3,0.9,300,5,0.8,0.579272056,0.998104931,3.776739698,,3.155638646,0.925626207
0.3,8,0.9,100,1,0.8,0.119850501,0.999917779,3.773512302,,3.156104697,0.925604237
0.3,7,0.7,200,5,0.6,0.647468618,0.997628388,3.543407335,,3.156444877,0.925588198
0.4,5,0.6,300,3,0.6,0.316862907,0.999429639,3.778214225,,3.156513607,0.925584958
0.4,7,0.9,300,5,0.8,0.113153304,0.999925875,3.734387218,,3.157503866,0.92553826
0.4,7,0.9,400,5,0.8,0.112493875,0.999926582,3.736081229,,3.157690686,0.925529448
0.1,8,0.6,300,3,0.8,0.587531578,0.998050107,3.439838851,,3.157841675,0.925522326
0.3,4,0.7,400,10,0.6,0.85549695,0.995864412,3.385661227,,3.158113102,0.925509522
0.3,3,0.8,400,3,0.8,0.495335119,0.998612876,3.612674809,,3.158836387,0.925475398
0.2,8,0.8,100,10,1,1.099461626,0.993173474,3.754202266,,3.158881263,0.925473281
0.2,8,0.6,300,3,0.6,0.476506291,0.998715075,3.608397513,,3.158966829,0.925469243
0.2,6,0.8,200,10,0.6,1.225641208,0.991524451,3.451089591,,3.15936025,0.925450678
0.4,8,0.7,400,5,0.6,0.163772695,0.999847747,3.578622327,,3.159645974,0.925437193
0.3,6,0.9,100,1,1,0.114199484,0.999924544,3.78098032,,3.160051518,0.925418051
0.1,8,0.6,200,3,1,0.515774615,0.998497217,3.638725281,,3.160232004,0.925409532
0.4,7,0.7,300,1,0.6,0.115401274,0.999922838,3.722552921,,3.160522718,0.925395808
0.3,6,0.9,200,1,1,0.112428085,0.999926611,3.784639583,,3.161298248,0.92535919
0.2,5,0.8,400,10,1,0.22663966,0.999709614,3.308979376,,3.161404239,0.925354185
0.4,7,0.7,400,5,1,0.113856751,0.999924734,3.698481138,,3.161524944,0.925348485
0.3,6,0.9,300,1,1,0.113221566,0.999925566,3.78645071,,3.161934179,0.925329158
0.2,7,0.9,100,1,0.8,0.223615742,0.999716243,3.893083719,,3.1619474,0.925328533
0.4,8,0.9,200,5,0.6,0.217381373,0.999732768,3.757261947,,3.162126179,0.925320089
0.4,5,0.6,300,5,1,0.133847453,0.999898251,3.625196567,,3.162441672,0.925305186
0.4,6,0.6,100,10,0.8,1.430671759,0.988443441,3.53339943,,3.162590791,0.925298142
0.4,7,0.7,200,1,0.6,0.127326536,0.999907378,3.711548749,,3.162778026,0.925289296
0.4,4,0.6,400,5,0.8,0.313189689,0.999441743,3.625248254,,3.162873585,0.925284782
0.3,6,0.9,400,1,1,0.112377003,0.999926672,3.78603115,,3.163017392,0.925277987
0.3,7,0.9,200,3,0.8,0.120470185,0.999917053,3.781810426,,3.163029008,0.925277439
0.1,8,0.7,400,5,0.8,0.456325016,0.998824383,3.433817544,,3.163287797,0.925265211
0.2,7,0.6,300,3,0.6,0.496610233,0.998602364,3.522632025,,3.163681008,0.92524663
0.2,7,0.6,200,1,0.6,0.446270089,0.998869448,3.737094137,,3.164521559,0.925206903
0.1,7,0.6,300,1,0.8,0.248756539,0.999649898,3.588998759,,3.165041102,0.925182342
0.4,7,0.7,300,5,1,0.112809545,0.999926162,3.689545352,,3.165692465,0.925151544
0.2,5,0.6,300,10,0.8,0.967440864,0.994716634,3.238157706,,3.166433112,0.925116517
0.3,6,0.7,200,5,1,0.154107876,0.999865625,3.662785519,,3.166435347,0.925116411
0.1,6,0.6,300,5,1,0.599409463,0.997968212,3.392828497,,3.166618533,0.925107746
0.2,8,0.6,300,10,0.8,0.812670632,0.996269043,3.373394659,,3.167978716,0.925043394
0.4,7,0.7,200,5,1,0.115492133,0.999923463,3.690348032,,3.168012571,0.925041792
0.4,7,0.6,200,10,1,0.301528706,0.999484911,3.475967667,,3.168816768,0.925003731
0.3,6,0.7,400,5,1,0.114034084,0.999924681,3.688978681,,3.169171115,0.924986958
0.4,7,0.7,400,1,0.6,0.11501373,0.999923212,3.729093801,,3.169369127,0.924977584
0.1,8,0.7,200,3,1,0.341287301,0.999340689,3.856064681,,3.169628843,0.924965288
0.4,7,0.7,200,3,0.6,0.283412337,0.999545055,3.802414129,,3.169996776,0.924947867
0.4,6,0.6,400,5,0.8,0.14871427,0.999874159,3.552500547,,3.17001504,0.924947002
0.3,7,0.9,400,3,0.8,0.112453038,0.999926611,3.796538858,,3.170677656,0.924915622
0.4,8,0.6,100,10,0.8,1.386170551,0.989146608,3.604480598,,3.170975496,0.924901516
0.3,4,0.6,300,3,0.8,0.414559676,0.999024362,3.599807906,,3.171243845,0.924888804
0.1,8,0.7,300,3,0.8,0.398113543,0.999105449,3.529937389,,3.171410942,0.924880889
0.1,5,0.8,300,5,1,0.493587883,0.998623544,3.523936223,,3.171432505,0.924879867
0.4,8,0.9,200,5,1,0.112411934,0.999926659,3.918704729,,3.172190561,0.924843952
0.3,7,0.9,300,3,0.8,0.112841201,0.999926179,3.79564303,,3.172231435,0.924842015
0.4,5,0.6,400,3,0.6,0.241708796,0.999667834,3.81598365,,3.172409952,0.924833555
0.3,8,0.8,200,10,1,0.168375156,0.999839824,3.63230612,,3.172478924,0.924830287
0.4,5,0.9,300,10,0.6,0.392149227,0.999130711,3.600267304,,3.172524574,0.924828124
0.2,7,0.6,300,1,0.6,0.205812164,0.999759963,3.749714954,,3.172662172,0.924821603
0.2,4,0.9,200,5,0.8,0.900875095,0.9954167,3.518715684,,3.172783476,0.924815854
0.1,6,0.9,200,3,1,0.306223059,0.999469006,3.690656677,,3.173098466,0.924800925
0.4,8,0.9,300,5,1,0.112698235,0.999926274,3.920900344,,3.173144229,0.924798756
0.2,4,0.9,200,3,0.8,0.671909,0.997447836,3.734557568,,3.173531612,0.924780393
0.2,6,0.8,300,10,1,0.240726782,0.999672036,3.422037335,,3.17370665,0.924772095
0.3,8,0.8,400,3,0.8,0.112838261,0.999926118,3.987460789,,3.173796652,0.924767829
0.1,5,0.8,400,5,0.8,0.607738865,0.997916678,3.346109216,,3.173801032,0.924767621
0.3,5,0.7,200,3,0.8,0.312969422,0.999445162,3.747784984,,3.17389607,0.924763115
0.1,8,0.6,200,5,1,0.900927835,0.995412021,3.496310536,,3.173988603,0.924758728
0.4,8,0.9,400,5,1,0.112397667,0.999926663,3.920709438,,3.174109121,0.924753014
0.4,4,0.6,400,10,0.6,0.833438169,0.996077929,3.272399996,,3.174401181,0.924739166
0.4,5,0.6,200,5,1,0.216934446,0.999733085,3.590142884,,3.174416569,0.924738437
0.3,4,0.6,400,3,0.8,0.294401004,0.999507796,3.650775645,,3.174986314,0.924711418
0.3,6,0.9,100,10,0.8,1.09992137,0.993167369,3.622534631,,3.175301019,0.924696492
0.4,7,0.6,200,5,0.8,0.367486118,0.999236038,3.55603243,,3.17534799,0.924694264
0.3,8,0.8,300,3,0.8,0.113354511,0.999925661,3.977248048,,3.175385872,0.924692468
0.4,7,0.6,200,10,0.6,1.08704527,0.993328148,3.34397783,,3.175468106,0.924688567
0.1,8,0.9,300,10,0.8,0.839123881,0.996026711,3.509740068,,3.175649675,0.924679954
0.3,8,0.8,200,3,0.8,0.127218286,0.999907859,3.97299802,,3.175879468,0.924669054
0.3,8,0.6,200,10,0.8,0.923136434,0.995189335,3.383402676,,3.176079501,0.924659564
0.3,8,0.8,400,10,1,0.112817064,0.999926327,3.642781222,,3.176999615,0.924615905
0.1,5,0.6,300,3,0.8,0.859364712,0.995826451,3.407419422,,3.177342674,0.924599624
0.1,6,0.9,300,5,0.8,0.555977522,0.998254557,3.526564869,,3.177446079,0.924594716
0.1,6,0.6,300,3,1,0.361994813,0.999259306,3.556064667,,3.177570836,0.924588795
0.3,6,0.6,400,5,0.6,0.425726409,0.998973324,3.381028668,,3.177826618,0.924576654
0.4,6,0.6,200,5,0.6,0.73217025,0.996971969,3.442575312,,3.178181924,0.924559787
0.2,5,0.9,200,3,0.6,0.602864213,0.997945042,3.65707891,,3.178306399,0.924553877
0.1,7,0.9,400,3,0.8,0.161379758,0.999852727,3.63486879,,3.178939469,0.924523819
0.4,5,0.9,100,3,1,0.167590458,0.999840787,3.532382535,,3.179108913,0.924515773
0.4,4,0.8,200,10,0.6,1.029596139,0.994013815,3.56921305,,3.179922556,0.92447713
0.1,7,0.6,200,5,1,0.942959795,0.994975117,3.512012723,,3.180357545,0.924456466
0.2,8,0.9,200,5,0.6,0.571165691,0.998159891,3.57080333,,3.180483388,0.924450488
0.2,4,0.9,400,3,0.6,0.43665143,0.998921716,3.638208819,,3.180837505,0.924433664
0.3,6,0.7,300,5,1,0.116771419,0.999921762,3.67541971,,3.181292581,0.92441204
0.3,8,0.8,300,10,1,0.11639992,0.999922426,3.638785981,,3.18149522,0.92440241
0.4,6,0.8,400,5,0.6,0.148241233,0.999875208,3.478840624,,3.181659793,0.924394589
0.1,7,0.7,400,1,1,0.11403351,0.999924552,3.887821136,,3.181965561,0.924380056
0.3,7,0.7,300,10,0.6,0.697099524,0.997256362,3.429986524,,3.182355161,0.924361537
0.4,7,0.8,200,10,1,0.133124299,0.999899506,3.65849283,,3.182454281,0.924356825
0.4,4,0.6,300,5,0.8,0.441952125,0.998889941,3.589974773,,3.182549112,0.924352317
0.1,6,0.6,300,5,0.8,0.987079228,0.994498759,3.389412391,,3.183032769,0.924329323
0.3,6,0.7,300,10,0.8,0.447962097,0.998866825,3.488462388,,3.183649999,0.924299973
0.1,7,0.9,300,10,0.8,0.883282013,0.995597457,3.518440165,,3.183994754,0.924283577
0.3,6,0.8,400,5,0.8,0.122058528,0.99991476,3.659446259,,3.184002527,0.924283207
0.1,7,0.7,300,1,1,0.114514723,0.99992442,3.877835226,,3.184069042,0.924280044
0.4,8,0.7,300,5,0.6,0.223917699,0.999715639,3.567903426,,3.184402665,0.924264175
0.3,5,0.8,400,3,1,0.113025755,0.999925872,3.683904756,,3.184881947,0.924241376
0.4,8,0.9,100,5,1,0.120052312,0.999917697,3.914196725,,3.184922991,0.924239423
0.3,4,0.6,200,3,0.8,0.687069915,0.997326913,3.594713162,,3.185093479,0.924231312
0.4,5,0.9,400,3,0.6,0.124642051,0.999911338,3.72738816,,3.185792904,0.924198032
0.3,5,0.8,200,3,1,0.127391389,0.999907651,3.672170601,,3.185844686,0.924195568
0.1,6,0.8,300,5,0.8,0.660529351,0.997538,3.451004402,,3.186995269,0.924140803
0.3,5,0.8,200,10,0.6,1.016356124,0.994169087,3.366359893,,3.187004053,0.924140385
0.4,7,0.8,400,10,1,0.112603998,0.999926453,3.669495809,,3.187112695,0.924135213
0.3,5,0.8,300,3,1,0.114155023,0.999924701,3.673649508,,3.187175653,0.924132216
0.3,5,0.6,300,5,0.6,0.651023826,0.997603131,3.395122319,,3.187841499,0.924100513
0.4,7,0.7,100,1,0.6,0.321547302,0.999413322,3.624327777,,3.18792937,0.924096329
0.4,7,0.7,400,10,1,0.114139978,0.999924744,3.478450825,,3.187936365,0.924095996
0.1,5,0.6,400,5,0.8,0.878559611,0.995641704,3.29595487,,3.188721861,0.924058586
0.4,7,0.8,300,10,1,0.113465387,0.999925673,3.663181744,,3.188998945,0.924045388
0.3,6,0.8,200,3,1,0.113812803,0.99992521,3.986997485,,3.189801604,0.924007148
0.2,5,0.6,400,5,0.8,0.432576783,0.998941086,3.455788533,,3.189883874,0.924003228
0.1,6,0.7,300,5,0.8,0.792784889,0.996451953,3.385824808,,3.190734073,0.923962712
0.3,5,0.8,400,1,1,0.113555206,0.999925121,3.762771055,,3.191028553,0.923948676
0.2,7,0.6,300,10,0.8,0.82661307,0.996140493,3.329960958,,3.191200823,0.923940464
0.4,7,0.7,200,10,1,0.194354311,0.999786146,3.455990008,,3.191211623,0.923939949
0.3,5,0.7,300,10,0.8,0.55209685,0.998279365,3.434242809,,3.191373344,0.92393224
0.4,7,0.7,100,10,1,0.614647065,0.997861912,3.41871288,,3.192068958,0.923899076
0.3,8,0.6,200,5,0.6,0.852542314,0.995891945,3.402718898,,3.192139231,0.923895725
0.2,8,0.6,300,1,0.6,0.188275524,0.999798862,3.820013737,,3.192146174,0.923895394
0.4,3,0.8,400,3,0.6,0.557217141,0.998241106,3.59558489,,3.192306151,0.923887766
0.1,8,0.9,400,3,0.8,0.140792181,0.999887707,3.657854735,,3.192562291,0.923875551
0.1,7,0.7,200,1,1,0.14150334,0.999886693,3.876315554,,3.19258149,0.923874636
0.3,4,0.8,400,3,0.8,0.189271421,0.999796615,3.723854732,,3.193351534,0.923837909
0.3,5,0.8,200,1,1,0.113571003,0.999925219,3.748138901,,3.193401839,0.923835509
0.4,8,0.8,100,3,0.6,0.48474638,0.998670141,3.627550948,,3.193567978,0.923827584
0.3,6,0.8,400,3,1,0.112789674,0.99992614,3.996302613,,3.19398548,0.923807666
0.2,4,0.7,200,3,0.6,1.0759846,0.993450968,3.649044082,,3.194032408,0.923805427
0.4,6,0.7,200,10,0.8,0.583289772,0.998074947,3.406018098,,3.194061649,0.923804032
0.3,6,0.8,300,3,1,0.112641197,0.999926354,3.987924741,,3.194871965,0.923765366
0.3,5,0.8,300,1,1,0.113590414,0.99992508,3.745494576,,3.195067396,0.923756039
0.4,8,0.9,200,10,0.6,0.504095158,0.998565865,3.549438531,,3.195124776,0.923753301
0.1,6,0.7,400,3,1,0.153165647,0.999867311,3.60360258,,3.195215365,0.923748977
0.4,5,0.9,300,3,0.6,0.141972457,0.999885529,3.712181467,,3.195372715,0.923741467
0.4,7,0.7,300,10,1,0.121395431,0.999915892,3.467342199,,3.195685377,0.923726543
0.2,7,0.6,400,1,0.6,0.158167952,0.999857987,3.784280892,,3.195860035,0.923718205
0.2,7,0.9,100,5,1,0.418101431,0.999009852,3.801863028,,3.196095691,0.923706955
0.4,7,0.8,200,3,0.6,0.187192298,0.999801265,3.673186217,,3.196385114,0.923693137
0.3,5,0.8,100,1,1,0.151744061,0.999869225,3.756115775,,3.196755606,0.923675447
0.3,5,0.6,400,5,0.6,0.516943158,0.998487233,3.439901114,,3.196775524,0.923674495
0.2,5,0.7,400,5,0.8,0.3147962,0.999439442,3.451651923,,3.196909707,0.923668088
0.4,7,0.7,100,5,1,0.237058918,0.999680894,3.679662794,,3.197216951,0.923653415
0.4,5,0.9,200,3,1,0.113915356,0.999925041,3.519331,,3.197533281,0.923638307
0.2,7,0.7,400,5,0.8,0.186499126,0.999803016,3.529051919,,3.197668232,0.923631861
0.2,4,0.9,300,3,0.6,0.566606446,0.998184756,3.673120475,,3.197673956,0.923631588
0.3,8,0.9,200,3,0.8,0.11597477,0.999922701,3.790078986,,3.198396464,0.923597073
0.4,6,0.9,100,10,0.8,0.83225569,0.996082681,3.544930101,,3.198557771,0.923589367
0.3,7,0.7,400,10,0.8,0.262061914,0.999611859,3.496199272,,3.198629137,0.923585957
0.4,4,0.6,300,10,0.6,0.978166379,0.994596356,3.237448218,,3.198629975,0.923585917
0.2,7,0.6,100,3,0.8,1.130019169,0.992779428,3.606037586,,3.198783104,0.9235786
0.2,8,0.6,400,1,0.6,0.147261787,0.999876735,3.847900996,,3.199358835,0.923551089
0.4,8,0.6,300,10,0.6,0.713832549,0.997120319,3.396663691,,3.199386624,0.92354976
0.2,5,0.7,400,3,1,0.121195019,0.999915849,3.697373457,,3.199974072,0.923521683
0.3,6,0.7,300,3,0.6,0.233869663,0.999689733,3.719315072,,3.199985803,0.923521123
0.2,8,0.6,200,1,0.6,0.418604648,0.999003091,3.78787883,,3.200635826,0.923490049
0.4,7,0.8,200,10,0.8,0.359589118,0.999269083,3.473209174,,3.20079069,0.923482645
0.3,3,0.9,300,3,0.6,0.811926841,0.996268989,3.682249984,,3.201044082,0.923470529
0.4,6,0.8,300,5,0.6,0.189850448,0.999795703,3.457019075,,3.201190838,0.923463512
0.1,6,0.8,300,10,1,0.741313946,0.996897655,3.479301332,,3.201263912,0.923460018
0.2,7,0.9,200,5,0.6,0.600397375,0.997966248,3.607318445,,3.201437277,0.923451727
0.3,8,0.6,400,10,0.6,0.718345815,0.997086289,3.386435911,,3.201437509,0.923451716
0.2,7,0.8,100,10,1,1.146551245,0.992574593,3.699542286,,3.201705413,0.923438904
0.1,6,0.6,300,3,0.8,0.704349457,0.997198254,3.41016252,,3.201764601,0.923436073
0.3,6,0.8,300,5,0.8,0.143719861,0.999882874,3.653280057,,3.202024699,0.923423633
0.3,8,0.9,400,3,0.8,0.11243395,0.999926632,3.801903295,,3.202058725,0.923422006
0.1,8,0.7,400,5,1,0.166858784,0.999842744,3.716467971,,3.202239881,0.923413341
0.3,7,0.9,100,5,1,0.194609348,0.999784762,3.994439167,,3.202842264,0.923384524
0.4,4,0.9,200,5,0.8,0.409129223,0.999052842,3.706615232,,3.203193794,0.923367705
0.3,8,0.9,300,3,0.8,0.112654983,0.999926382,3.801654941,,3.203365321,0.923359498
0.3,4,0.9,300,10,0.6,0.789160093,0.996482487,3.464894282,,3.203431103,0.92335635
0.2,5,0.6,200,5,1,0.551593293,0.998279002,3.407728718,,3.203450391,0.923355427
0.3,6,0.8,200,1,0.6,0.149227555,0.999873392,3.598413188,,3.203554297,0.923350455
0.2,8,0.6,200,5,0.8,0.757671263,0.99675802,3.56571985,,3.203662299,0.923345287
0.4,5,0.8,200,3,1,0.115995256,0.999922432,3.526985754,,3.203720193,0.923342516
0.4,5,0.8,100,3,1,0.201826633,0.999768726,3.518053008,,3.203805944,0.923338413
0.3,4,0.8,100,5,0.8,1.269405834,0.990895514,3.621639122,,3.203810928,0.923338174
0.2,8,0.9,200,10,1,0.257251285,0.999625527,3.690728764,,3.203816689,0.923337899
0.4,7,0.7,400,3,0.6,0.124590286,0.999911126,3.85235495,,3.203916494,0.923333122
0.4,7,0.6,400,5,0.6,0.27564984,0.999568822,3.718709785,,3.204032866,0.923327553
0.2,6,0.9,400,3,0.6,0.171416379,0.999833625,3.740741666,,3.204139613,0.923322444
0.4,5,0.9,200,3,0.6,0.25010223,0.99964557,3.695783905,,3.204169625,0.923321007
0.3,6,0.7,400,3,0.6,0.175665242,0.999824804,3.745909223,,3.204249238,0.923317197
0.3,6,0.7,100,5,1,0.488400828,0.998645748,3.688589546,,3.20426968,0.923316218
0.4,7,0.8,400,3,0.6,0.115267425,0.999923378,3.71544596,,3.204278181,0.923315812
0.3,6,0.8,200,5,0.8,0.272884488,0.999579073,3.650197435,,3.204316047,0.923313999
0.3,5,0.8,100,3,1,0.32609154,0.999396573,3.658310428,,3.204385636,0.923310668
0.4,5,0.9,300,3,1,0.112980793,0.999925917,3.521135352,,3.204760813,0.923292709
0.3,6,0.8,400,1,0.6,0.114000611,0.999924755,3.629025166,,3.204777346,0.923291918
0.2,5,0.7,300,3,1,0.147448626,0.999876715,3.678513252,,3.204977811,0.923282321
0.3,4,0.6,100,5,1,1.100049035,0.993157624,3.366677417,,3.205265465,0.923268549
0.3,6,0.8,100,3,1,0.194860193,0.999785118,3.966628083,,3.205475649,0.923258486
0.4,7,0.7,300,3,0.6,0.144469176,0.999881263,3.840038489,,3.205701005,0.923247695
0.3,5,0.8,100,3,0.8,0.658903622,0.997539136,3.779188039,,3.206802292,0.923194951
0.3,4,0.7,300,3,0.6,0.515553022,0.998489341,3.696371818,,3.20681514,0.923194335
0.4,7,0.9,100,10,0.8,0.731041291,0.996976083,3.529084971,,3.20691426,0.923189587
0.1,8,0.8,300,5,0.8,0.499274733,0.998592534,3.524169662,,3.207266401,0.923172718
0.4,8,0.7,200,5,0.6,0.462260811,0.998789499,3.545303666,,3.207368886,0.923167808
0.4,7,0.8,300,3,0.6,0.121678572,0.999915185,3.709603039,,3.207388398,0.923166873
0.1,6,0.6,400,10,1,0.818134336,0.996218634,3.379375264,,3.207410884,0.923165796
0.1,7,0.8,400,5,0.8,0.36770413,0.999236758,3.471416416,,3.20748957,0.923162026
0.2,7,0.9,200,10,0.6,1.014277648,0.994196797,3.581395917,,3.207548877,0.923159184
0.2,8,0.7,400,10,0.6,0.765384477,0.996693882,3.308607695,,3.208306168,0.923122896
0.4,7,0.6,300,5,0.6,0.376552068,0.999196725,3.68859296,,3.208393927,0.92311869
0.1,6,0.7,400,3,0.8,0.362966691,0.999255014,3.525100774,,3.208407891,0.923118021
0.1,7,0.6,300,10,1,1.123798014,0.992865946,3.486579788,,3.208471439,0.923114976
0.3,7,0.7,400,10,1,0.119697774,0.999918154,3.450854611,,3.208587003,0.923109437
0.3,3,0.8,400,10,0.8,0.917670654,0.995248433,3.405502577,,3.208960678,0.923091526
0.4,5,0.9,400,3,1,0.112409316,0.999926648,3.52114281,,3.209003818,0.923089459
0.1,6,0.6,200,1,0.8,0.622368559,0.997813013,3.614797475,,3.209324123,0.923074104
0.4,6,0.6,300,5,0.8,0.207085164,0.999756056,3.52329788,,3.209665273,0.923057749
0.1,8,0.9,400,5,1,0.117618959,0.999921017,3.851021182,,3.209696202,0.923056266
0.3,6,0.9,100,10,1,0.638279767,0.997695266,3.696214497,,3.2101034,0.923036742
0.4,6,0.9,200,10,0.6,0.581883721,0.998086837,3.553988969,,3.210388785,0.923023057
0.3,6,0.8,100,5,0.6,1.046402299,0.993804756,3.586745742,,3.211304274,0.922979149
0.4,5,0.8,400,3,1,0.112999878,0.999925865,3.537895332,,3.212139455,0.922939081
0.4,6,0.7,100,1,0.6,0.395903535,0.999108246,3.773001137,,3.212150898,0.922938532
0.4,7,0.8,100,10,0.6,1.267247443,0.990927702,3.562336221,,3.212247338,0.922933904
0.2,5,0.9,100,5,0.8,1.238091594,0.991340767,3.688764717,,3.212319193,0.922930457
0.2,6,0.9,300,3,0.6,0.231939984,0.999695428,3.726664864,,3.212348079,0.922929071
0.3,6,0.8,300,1,0.6,0.1172157,0.999920781,3.627154883,,3.212592442,0.922917345
0.1,8,0.9,300,5,0.8,0.408583243,0.999057025,3.57971712,,3.212668275,0.922913705
0.2,3,0.9,400,1,0.8,0.510524026,0.998525367,3.619533231,,3.213017094,0.922896965
0.3,4,0.8,300,3,0.8,0.254019643,0.999633892,3.736503747,,3.213200131,0.92288818
0.4,4,0.6,400,3,0.8,0.216768932,0.999732506,3.784984466,,3.213375672,0.922879754
0.4,6,0.8,200,5,0.6,0.364413519,0.999247675,3.384720231,,3.213383552,0.922879376
0.1,5,0.8,400,10,1,0.647736675,0.997629326,3.337983594,,3.214533447,0.922824172
0.4,5,0.8,300,3,1,0.11311657,0.999925746,3.527047871,,3.214543217,0.922823703
0.2,5,0.8,300,10,0.6,0.933457046,0.995082813,3.254946624,,3.214593124,0.922821306
0.3,8,0.7,200,10,0.6,1.027483209,0.994041213,3.436203695,,3.214936409,0.922804822
0.2,3,0.9,400,3,0.8,0.698649771,0.997245115,3.711911218,,3.21512793,0.922795624
0.4,3,0.8,300,3,0.6,0.682752088,0.997358175,3.577267941,,3.215186921,0.922792791
0.1,7,0.7,300,5,0.8,0.703272351,0.997207822,3.425983131,,3.215356389,0.922784652
0.4,3,0.9,100,3,1,0.955674723,0.994836171,3.491576085,,3.2158093,0.922762897
0.2,4,0.8,300,10,1,0.633365399,0.997734472,3.136258606,,3.216009184,0.922753295
0.3,6,0.8,400,5,1,0.112689137,0.999926304,3.760755296,,3.216159752,0.922746062
0.2,5,0.8,300,10,1,0.355439268,0.999285913,3.305550195,,3.216221652,0.922743088
0.4,4,0.9,400,5,0.8,0.16819804,0.999839811,3.734194261,,3.216245902,0.922741923
0.1,7,0.9,300,3,0.8,0.246616675,0.999656608,3.63157682,,3.216321072,0.922738312
0.3,5,0.7,400,3,0.8,0.136064761,0.99989458,3.790085058,,3.21632859,0.922737951
0.3,5,0.6,300,10,0.8,0.718258828,0.997085611,3.411799298,,3.216683093,0.922720918
0.2,7,0.7,300,5,0.8,0.284767026,0.999541639,3.52249762,,3.216730408,0.922718645
0.2,5,0.8,200,5,0.8,0.633884121,0.997730337,3.567969046,,3.216840534,0.922713353
0.2,8,0.8,200,1,0.6,0.192180342,0.999790558,3.849160828,,3.21744922,0.922684102
0.2,5,0.9,300,10,0.6,0.812336706,0.996275301,3.422542353,,3.21853201,0.922632054
0.4,6,0.8,100,10,0.6,1.301492134,0.990429022,3.501625054,,3.218538397,0.922631747
0.3,3,0.9,400,3,0.6,0.664380087,0.997502708,3.70285519,,3.218812108,0.922618587
0.3,3,0.8,300,3,0.8,0.657716087,0.997555342,3.61211175,,3.219403082,0.92259017
0.3,6,0.8,200,5,1,0.124524991,0.999911775,3.750126778,,3.219735944,0.922574162
0.4,6,0.8,100,1,0.8,0.140017982,0.999888379,4.022672345,,3.219920802,0.922565271
0.4,5,0.8,200,1,0.6,0.151569391,0.999869507,3.553540492,,3.220206747,0.922551518
0.3,4,0.7,400,3,0.6,0.406476023,0.999061413,3.704541533,,3.220256873,0.922549106
0.2,8,0.7,400,5,0.8,0.170477582,0.999835608,3.575901355,,3.220349805,0.922544636
0.3,6,0.8,300,5,1,0.113224563,0.999925852,3.75457395,,3.220358505,0.922544218
0.4,5,0.8,300,1,0.6,0.120263318,0.99991685,3.580115154,,3.220880223,0.922519119
0.4,4,0.8,200,5,0.8,0.463165703,0.998786061,3.480014122,,3.221114569,0.922507844
0.1,6,0.9,100,1,1,0.499761719,0.998570336,3.858824964,,3.221500441,0.922489276
0.3,5,0.6,400,10,1,0.23725083,0.999681011,3.251258902,,3.221645073,0.922482316
0.1,8,0.9,300,3,0.8,0.208499813,0.999754639,3.657532763,,3.222569562,0.922437821
0.1,6,0.9,400,3,0.8,0.220578127,0.999724799,3.577879955,,3.222609663,0.922435891
0.3,7,0.7,300,10,1,0.15356363,0.999866538,3.433039348,,3.223239995,0.922405545
0.4,7,0.9,100,5,0.8,0.333234211,0.999371341,3.699757479,,3.223461026,0.922394903
0.2,8,0.8,400,1,0.6,0.11458162,0.999924265,3.896175387,,3.224303654,0.922354325
0.2,5,0.6,200,10,0.8,1.40606946,0.988846358,3.376397236,,3.224403327,0.922349524
0.1,8,0.9,300,5,1,0.146364649,0.999878892,3.853389938,,3.224953834,0.922323007
0.1,5,0.9,400,5,0.8,0.525382213,0.998440808,3.387449805,,3.225698045,0.922287152
0.3,3,0.9,400,3,1,0.294294238,0.999510279,3.577174282,,3.225708829,0.922286633
0.1,7,0.9,400,5,0.6,0.577108863,0.998121194,3.554872862,,3.225833945,0.922280604
0.1,5,0.9,400,5,1,0.279484648,0.999558469,3.505462783,,3.225886584,0.922278068
0.4,6,0.7,400,10,0.6,0.435467695,0.998926738,3.44652367,,3.225927557,0.922276093
0.4,4,0.6,300,3,0.8,0.299071767,0.999490773,3.745137259,,3.226735406,0.922237161
0.4,6,0.8,300,1,0.8,0.116437286,0.999921268,4.020113024,,3.226745812,0.922236659
0.2,5,0.8,300,10,0.8,0.668194694,0.997479274,3.378032372,,3.226792618,0.922234403
0.2,7,0.7,400,10,0.6,0.780237652,0.996564357,3.306282191,,3.226831044,0.922232551
0.2,5,0.7,300,5,0.8,0.459709787,0.998806649,3.446796219,,3.226982495,0.922225251
0.4,6,0.8,200,1,0.8,0.112814958,0.999926158,4.017998373,,3.227169663,0.922216228
0.2,6,0.6,200,5,1,0.40955085,0.999050785,3.484052447,,3.22733782,0.922208122
0.4,6,0.8,400,1,0.8,0.113441285,0.999925271,4.041748393,,3.227467066,0.922201891
0.3,6,0.6,300,5,0.6,0.552578942,0.998271572,3.361655642,,3.227620837,0.922194478
0.2,8,0.8,300,1,0.6,0.119661548,0.999917969,3.890424076,,3.227955872,0.922178324
0.3,5,0.7,300,3,0.8,0.170058363,0.999836036,3.773400856,,3.228576914,0.922148376
0.2,4,0.8,300,5,0.8,0.591999276,0.998021159,3.402038148,,3.228582184,0.922148122
0.3,7,0.6,100,3,0.8,0.800957565,0.996367302,3.650231653,,3.229086723,0.922123788
0.4,3,0.8,200,3,0.6,0.98876214,0.994458575,3.564053493,,3.22914332,0.922121058
0.2,6,0.8,200,10,1,0.488959702,0.998647966,3.416825035,,3.229438053,0.922106841
0.3,6,0.7,200,10,0.8,0.762791977,0.996712286,3.478296251,,3.230228798,0.922068691
0.2,7,0.6,100,5,0.8,1.493057498,0.987411062,3.690678397,,3.230507062,0.922055264
0.2,6,0.9,200,10,0.6,1.075645855,0.993470912,3.535481315,,3.231914128,0.921987351
0.2,5,0.6,400,10,1,0.409564519,0.999052537,3.260919825,,3.232306233,0.92196842
0.3,7,0.6,200,10,1,0.463742631,0.998784007,3.303240678,,3.232361556,0.921965749
0.3,7,0.6,400,10,0.6,0.723964557,0.997040779,3.430270987,,3.23269044,0.921949869
0.3,6,0.7,200,3,0.6,0.459983857,0.998800001,3.642553807,,3.232867195,0.921941333
0.3,6,0.7,200,10,0.6,1.069674138,0.99354047,3.421551142,,3.232932787,0.921938166
0.4,5,0.8,400,1,0.6,0.115277004,0.999923223,3.582303651,,3.233129077,0.921928686
0.3,6,0.6,400,3,1,0.114682548,0.999923717,3.821173567,,3.233388853,0.92191614
0.2,6,0.7,400,10,0.6,0.817888705,0.996224992,3.282404976,,3.233554572,0.921908136
0.2,4,0.9,400,10,0.6,0.898121975,0.995446129,3.354570028,,3.23410721,0.921881441
0.1,5,0.8,400,10,0.8,0.993950153,0.994424983,3.388947134,,3.2341782,0.921878011
0.1,7,0.7,400,3,0.8,0.290467735,0.999523051,3.562292369,,3.234730905,0.921851307
0.4,8,0.7,300,10,0.8,0.267041005,0.999595368,3.478145394,,3.235333859,0.921822171
0.4,6,0.6,200,5,0.8,0.413676647,0.999028743,3.48249384,,3.235340274,0.921821861
0.3,7,0.7,400,5,0.8,0.127712397,0.99990698,3.662766819,,3.235405322,0.921818717
0.1,6,0.7,400,10,0.8,0.998265186,0.994376402,3.382241124,,3.235632769,0.921807725
0.3,8,0.7,400,5,0.8,0.123211197,0.999913396,3.6661303,,3.235882881,0.921795636
0.2,6,0.7,400,10,0.8,0.487335542,0.998659129,3.434687167,,3.236218519,0.921779412
0.4,7,0.6,100,10,0.8,1.399708355,0.988936637,3.587147866,,3.236294403,0.921775743
0.1,8,0.7,400,10,0.8,0.918411876,0.995239195,3.431383193,,3.237330153,0.921725665
0.2,5,0.8,200,5,0.6,0.933326482,0.995084341,3.438448379,,3.237501617,0.921717373
0.4,6,0.8,400,3,1,0.112955896,0.999925914,3.983958096,,3.237621444,0.921711578
0.4,6,0.8,200,3,1,0.112656455,0.999926358,3.976240394,,3.238517771,0.921668225
0.4,5,0.8,400,3,0.6,0.138794604,0.999890445,3.686677169,,3.238807176,0.921654224
0.2,8,0.7,300,5,0.8,0.259144846,0.999620733,3.568546277,,3.239087937,0.92164064
0.3,8,0.7,300,5,0.8,0.15408673,0.999865509,3.65344962,,3.240205023,0.921586582
0.4,7,0.8,100,3,0.8,0.26058006,0.999613238,3.813275811,,3.240285809,0.921582672
0.4,6,0.6,400,5,1,0.114578854,0.99992399,3.820809442,,3.240491376,0.921572722
0.2,3,0.9,300,3,0.8,0.892979821,0.995498545,3.687697583,,3.241035891,0.921546363
0.4,5,0.8,100,5,0.8,0.695024285,0.997263173,3.570319806,,3.241068128,0.921544802
0.2,6,0.6,400,3,0.6,0.414960676,0.999023226,3.577536844,,3.241166895,0.921540021
0.3,7,0.6,200,10,0.8,0.935433425,0.995060855,3.409616011,,3.241240066,0.921536478
0.4,6,0.8,300,3,1,0.112823309,0.999926094,3.973118605,,3.241332548,0.921532
0.1,7,0.6,200,3,0.8,1.032244751,0.993986046,3.535659018,,3.241609341,0.921518598
0.4,8,0.6,200,5,0.6,0.692648423,0.997288316,3.683411729,,3.241674524,0.921515442
0.3,6,0.6,300,3,1,0.115805817,0.999922771,3.801856054,,3.243374054,0.921433125
0.4,7,0.7,200,3,1,0.112723823,0.999926289,4.114360131,,3.244331939,0.921386711
0.2,5,0.7,200,3,1,0.267065474,0.999595871,3.666508912,,3.244392387,0.921383782
0.3,7,0.9,400,3,1,0.112396529,0.99992666,3.956534447,,3.245751105,0.921317921
0.4,7,0.8,100,10,1,0.417025951,0.999016257,3.637234554,,3.245851854,0.921313036
0.3,7,0.9,200,3,1,0.112421855,0.999926646,3.955681093,,3.245933436,0.92130908
0.3,7,0.9,300,3,1,0.112758339,0.99992619,3.957871811,,3.245933952,0.921309055
0.1,7,0.6,200,5,0.8,1.412330547,0.988744969,3.588006633,,3.246019059,0.921304929
0.4,4,0.6,200,3,0.8,0.520565737,0.998459703,3.692794369,,3.246432198,0.921284896
0.3,7,0.8,400,10,1,0.113339634,0.999925806,3.530357425,,3.24652211,0.921280536
0.4,7,0.8,300,1,1,0.114469081,0.999923899,4.422231716,,3.246602045,0.921276659
0.4,7,0.7,300,3,1,0.112926954,0.999925948,4.108388137,,3.246846337,0.921264811
0.1,8,0.7,400,10,1,0.507906275,0.998542545,3.589921857,,3.246934255,0.921260547
0.4,5,0.6,400,5,0.6,0.389886938,0.999135815,3.478402172,,3.247475224,0.921234308
0.3,7,0.7,300,10,0.8,0.403452447,0.999080445,3.49789405,,3.247576736,0.921229384
0.1,4,0.9,300,5,0.8,1.09984359,0.993174243,3.446455873,,3.24837257,0.921190773
0.4,7,0.8,200,1,1,0.11283397,0.999926061,4.428703663,,3.248616372,0.921178942
0.3,7,0.7,300,5,0.8,0.163924349,0.999847521,3.652586303,,3.24869086,0.921175328
0.4,7,0.8,100,1,1,0.116841869,0.999920726,4.437149062,,3.24886507,0.921166874
0.4,4,0.8,400,5,0.8,0.192662979,0.999789605,3.483334196,,3.249154073,0.921152848
0.4,4,0.9,300,5,0.8,0.223565236,0.999717339,3.72206471,,3.249216672,0.921149809
0.4,7,0.8,400,1,1,0.114332028,0.999924085,4.44699229,,3.249645295,0.921129005
0.4,8,0.7,400,10,0.8,0.173683085,0.99982864,3.49998066,,3.250060017,0.921108873
0.3,5,0.9,400,10,1,0.128709915,0.999906069,3.442591172,,3.250077788,0.92110801
0.4,7,0.7,100,3,1,0.135432655,0.999896062,4.099015881,,3.2501441,0.92110479
0.4,6,0.8,100,3,1,0.136857771,0.99989358,3.960117263,,3.250242101,0.921100033
0.3,5,0.9,300,10,1,0.167853845,0.999840727,3.43008657,,3.250255366,0.921099389
0.2,5,0.9,200,1,0.8,0.18246536,0.999811282,3.775522138,,3.251136571,0.9210566
0.2,5,0.7,400,10,0.6,0.912131789,0.995305434,3.270465304,,3.251176731,0.92105465
0.3,6,0.6,300,10,0.8,0.625028623,0.997793141,3.336739418,,3.251628093,0.921032728
0.3,6,0.6,400,10,0.8,0.44380369,0.998886218,3.386001223,,3.251766624,0.921025999
0.3,7,0.8,300,10,1,0.120204462,0.999917554,3.525369395,,3.251773524,0.921025664
0.4,6,0.6,300,5,1,0.117211438,0.999921187,3.801155723,,3.251964582,0.921016384
0.4,5,0.6,200,3,0.6,0.581667111,0.998083893,3.672183209,,3.252038434,0.921012796
0.4,8,0.6,400,10,0.6,0.571680653,0.998151982,3.430069678,,3.252148325,0.921007458
0.2,5,0.9,400,5,0.6,0.366178648,0.999242293,3.448263702,,3.252210843,0.921004421
0.1,7,0.6,200,1,0.8,0.522048185,0.998460421,3.586256593,,3.252347027,0.920997805
0.4,6,0.7,300,10,0.6,0.571920307,0.998149531,3.426556349,,3.252714988,0.920979928
0.4,8,0.9,200,5,0.8,0.119586193,0.999918161,3.788537718,,3.252791867,0.920976192
0.2,7,0.6,400,1,1,0.115486667,0.99992254,3.820087453,,3.252935729,0.920969202
0.1,8,0.9,400,3,1,0.11265384,0.99992652,4.08596776,,3.253291083,0.920951934
0.3,7,0.9,100,3,0.8,0.311558886,0.999450502,3.762572256,,3.253342274,0.920949447
0.4,5,0.8,200,1,1,0.112808832,0.999926114,3.989663466,,3.253774299,0.92092845
0.4,6,0.6,400,3,1,0.114612256,0.99992372,3.946563482,,3.254174657,0.920908991
0.4,7,0.7,400,3,1,0.114599983,0.999923729,4.124945574,,3.254230256,0.920906288
0.2,7,0.6,300,1,1,0.114391192,0.99992402,3.804434293,,3.254247879,0.920905431
0.4,5,0.8,400,1,1,0.114337919,0.99992408,4.007940079,,3.254326598,0.920901605
0.1,6,0.8,300,10,0.8,1.099919486,0.993169142,3.510037753,,3.254336003,0.920901148
0.2,8,0.8,100,1,1,0.116249032,0.999922333,4.123337325,,3.255200428,0.920859121
0.2,8,0.8,400,1,1,0.113034978,0.999925804,4.126998011,,3.255536125,0.920842797
0.4,5,0.8,100,1,1,0.126618274,0.999908052,3.995451501,,3.255626631,0.920838396
0.1,5,0.9,200,3,1,0.505070899,0.998555426,3.637917792,,3.255698397,0.920834906
0.2,8,0.8,200,1,1,0.112511789,0.999926498,4.118402473,,3.255855172,0.920827281
0.3,8,0.8,100,3,0.8,0.365721759,0.999242695,3.967192107,,3.255921835,0.920824039
0.2,8,0.8,300,1,1,0.112791867,0.999926126,4.116298127,,3.255946399,0.920822845
0.1,8,0.7,300,5,1,0.297548905,0.999499619,3.7070796,,3.256226701,0.920809211
0.2,7,0.6,200,1,1,0.114380703,0.999924547,3.802239646,,3.256605598,0.920790781
0.4,6,0.6,200,5,1,0.15114554,0.999870732,3.781609556,,3.257330024,0.920755537
0.1,7,0.7,400,10,0.8,0.939467545,0.995019181,3.402314175,,3.257489858,0.92074776
0.4,5,0.8,300,1,1,0.11448441,0.999923882,3.983043714,,3.257514663,0.920746553
0.4,7,0.8,100,3,0.6,0.509526448,0.998531406,3.614476819,,3.257781224,0.920733582
0.2,6,0.7,400,5,0.8,0.227267695,0.999707625,3.608798694,,3.257870351,0.920729245
0.1,8,0.7,300,5,0.8,0.663733538,0.99751291,3.449529524,,3.258161644,0.920715069
0.3,6,0.6,200,3,1,0.137544077,0.999892856,3.788764582,,3.258296124,0.920708524
0.2,5,0.9,400,1,0.8,0.115205382,0.999923259,3.808909971,,3.258989393,0.920674778
0.1,7,0.7,400,10,1,0.541068513,0.998346595,3.523215271,,3.259110296,0.920668892
0.3,8,0.7,200,5,0.8,0.31112068,0.999452591,3.624149045,,3.259157776,0.920666581
0.3,7,0.7,200,10,0.6,1.040303832,0.993890802,3.468369006,,3.259260664,0.920661572
0.2,5,0.6,300,5,0.8,0.610129983,0.997896376,3.415607074,,3.259270566,0.92066109
0.1,6,0.7,400,10,1,0.612210919,0.99788312,3.408549634,,3.259271002,0.920661069
0.4,8,0.9,400,5,0.8,0.112452951,0.999926623,3.800795593,,3.259505143,0.920649669
0.2,5,0.9,300,1,0.8,0.122071183,0.999914529,3.8045004,,3.26029574,0.920611171
0.3,3,0.9,300,3,1,0.416913546,0.999017985,3.553895225,,3.260547637,0.920598903
0.2,5,0.9,400,3,1,0.113676098,0.999925313,3.574093475,,3.260588399,0.920596918
0.2,5,0.9,300,3,1,0.119326271,0.999918519,3.576456993,,3.260915809,0.920580971
0.1,8,0.9,300,3,1,0.115426992,0.99992365,4.089122287,,3.261219116,0.920566196
0.4,8,0.9,300,5,0.8,0.11278429,0.99992626,3.799991318,,3.261305801,0.920561973
0.3,6,0.8,200,3,0.8,0.165927442,0.999844011,3.808886673,,3.261460414,0.920554441
0.1,7,0.8,400,3,0.8,0.206539056,0.99975902,3.524874944,,3.261553169,0.920549922
0.2,5,0.9,200,3,1,0.165984941,0.999844249,3.580186344,,3.262273338,0.920514832
0.1,6,0.6,400,3,0.6,0.815959593,0.996239196,3.453756632,,3.262574737,0.920500145
0.2,5,0.8,400,3,0.6,0.303230502,0.999478316,3.553919915,,3.262586633,0.920499565
0.3,6,0.8,100,1,0.6,0.396618817,0.999108324,3.574918001,,3.26266212,0.920495886
0.1,6,0.9,300,3,0.8,0.342138829,0.99933858,3.562172984,,3.262815862,0.920488393
0.4,5,0.8,300,3,0.6,0.168971062,0.999837845,3.681101846,,3.263093817,0.920474845
0.1,8,0.8,400,3,0.8,0.179276749,0.999818497,3.608770852,,3.263356508,0.920462041
0.4,5,0.8,200,5,1,0.13203678,0.999900704,3.568666758,,3.263744589,0.920443122
0.4,3,0.9,300,5,1,0.377132782,0.999195485,3.518926458,,3.263758491,0.920442445
0.2,6,0.9,200,3,0.6,0.457724747,0.998815509,3.725392675,,3.26379431,0.920440698
0.4,4,0.8,300,5,0.8,0.258787642,0.999620436,3.471156234,,3.263877995,0.920436618
0.2,3,0.8,400,5,0.8,0.910906849,0.995319212,3.364273108,,3.264091691,0.920426199
0.1,8,0.8,100,3,1,0.88796544,0.995546054,3.94266341,,3.264187308,0.920421537
0.2,5,0.7,400,1,0.8,0.124763403,0.999910702,3.876613255,,3.264479427,0.920407294
0.3,7,0.8,100,3,0.6,0.689751142,0.997307783,3.592827511,,3.264690998,0.920396976
0.4,6,0.6,300,3,1,0.113935391,0.999924726,3.931409625,,3.26523369,0.920370509
0.4,5,0.8,400,5,1,0.113029987,0.99992589,3.583217721,,3.265624631,0.92035144
0.4,5,0.8,300,5,1,0.114549462,0.999924222,3.574303457,,3.265858764,0.920340019
0.4,3,0.9,400,5,1,0.266863636,0.999596839,3.511197933,,3.266319149,0.920317558
0.2,6,0.6,300,3,0.6,0.541955216,0.998335854,3.544730826,,3.266494246,0.920309015
0.4,4,0.9,200,3,1,0.162874645,0.999849584,3.554095117,,3.266613966,0.920303173
0.3,5,0.6,300,10,1,0.372705974,0.99921277,3.209654074,,3.266908952,0.920288779
0.2,6,0.7,300,5,0.8,0.344879087,0.999327553,3.600163212,,3.267344161,0.92026754
0.3,7,0.8,200,10,1,0.194400089,0.999786332,3.520268234,,3.267534229,0.920258263
0.4,7,0.8,200,3,0.8,0.117220416,0.99992119,3.842896205,,3.268062453,0.920232479
0.4,4,0.9,100,3,1,0.408377434,0.999054498,3.601884055,,3.268151471,0.920228133
0.2,5,0.9,300,5,0.6,0.488363577,0.998651981,3.467975657,,3.26881065,0.92019595
0.1,6,0.7,300,3,1,0.251092964,0.999642991,3.59523333,,3.269030501,0.920185215
0.2,5,0.8,400,1,0.6,0.151805717,0.999869031,3.586091842,,3.270174097,0.920129363
0.3,5,0.7,300,10,0.6,0.800626219,0.99637785,3.372062059,,3.270285456,0.920123923
0.4,8,0.8,200,10,1,0.12456142,0.99991165,3.655233997,,3.270958144,0.920091059
0.4,7,0.9,300,1,0.8,0.112715306,0.999926232,4.152718927,,3.271085162,0.920084853
0.2,5,0.7,300,10,0.8,0.802602267,0.996364132,3.378337833,,3.27140684,0.920069134
0.4,7,0.9,400,1,0.8,0.112435792,0.999926597,4.153324781,,3.271478287,0.920065643
0.3,7,0.7,100,5,0.8,0.854043626,0.99587372,3.633269414,,3.271546476,0.920062311
0.2,8,0.8,200,3,0.6,0.46703147,0.998767095,3.557901126,,3.271736778,0.920053011
0.4,4,0.6,100,3,0.8,1.045195803,0.993820483,3.500451949,,3.271737968,0.920052953
0.2,7,0.8,400,5,1,0.112734475,0.99992633,3.726218474,,3.271883068,0.920045861
0.3,7,0.7,200,10,1,0.309253418,0.999459515,3.408491712,,3.27198939,0.920040665
0.4,7,0.9,200,1,0.8,0.11245882,0.99992657,4.138227348,,3.272312593,0.920024867
0.1,7,0.9,300,5,0.6,0.749925953,0.996828412,3.574967569,,3.272455134,0.9200179
0.2,5,0.7,300,1,0.8,0.1447245,0.999880807,3.857793247,,3.272572858,0.920012145
0.4,4,0.6,200,10,0.8,1.046357498,0.993821579,3.237831974,,3.272584444,0.920011579
0.3,8,0.9,100,3,0.8,0.265404011,0.999601196,3.767839585,,3.272625041,0.920009594
0.2,7,0.8,200,5,1,0.150962868,0.999871084,3.725957423,,3.272890932,0.919996596
0.4,4,0.6,200,5,0.8,0.7051716,0.997183212,3.556029572,,3.273142189,0.919984312
0.4,6,0.7,200,10,0.6,0.890520876,0.995519385,3.419022508,,3.273386562,0.919972363
0.2,6,0.6,100,5,1,1.041914127,0.993862581,3.508228461,,3.273427624,0.919970356
0.4,8,0.8,400,10,1,0.112556099,0.999926489,3.662066347,,3.273445202,0.919969496
0.1,4,0.8,400,5,1,0.620990789,0.997821894,3.277598658,,3.273825813,0.919950884
0.4,8,0.8,300,10,1,0.112849417,0.999926295,3.65694913,,3.274369223,0.919924308
0.4,6,0.9,100,5,0.6,0.709341751,0.997155067,3.636958017,,3.274573719,0.919914306
0.1,6,0.7,300,3,0.8,0.53992814,0.99835318,3.513880838,,3.274821357,0.919902192
0.4,6,0.7,400,10,1,0.116721518,0.999921735,3.463454906,,3.275135925,0.919886804
0.2,7,0.8,300,5,1,0.114909072,0.999924156,3.721167587,,3.275464612,0.919870723
0.4,3,0.9,200,5,0.8,0.910920015,0.995313545,3.766881666,,3.275936006,0.919847657
0.4,5,0.6,300,5,0.6,0.503903628,0.998559584,3.462846349,,3.276001689,0.919844443
0.4,5,0.8,100,1,0.6,0.370871205,0.999216609,3.53535138,,3.276063355,0.919841426
0.3,7,0.7,200,5,0.8,0.33006057,0.999383675,3.623780385,,3.276102349,0.919839517
0.1,7,0.9,200,3,0.8,0.530047362,0.998413552,3.631012774,,3.276197537,0.919834859
0.4,8,0.8,300,1,1,0.114466491,0.999923899,4.508966515,,3.276635985,0.919813401
0.4,7,0.8,400,3,0.8,0.112979607,0.999925903,3.861346927,,3.276718643,0.919809355
0.4,6,0.6,200,3,1,0.118229869,0.99991987,3.921723596,,3.276861853,0.919802346
0.4,6,0.6,100,5,1,0.431285138,0.998945203,3.676061492,,3.277055769,0.919792854
0.4,7,0.9,100,1,0.8,0.115062156,0.99992372,4.145303611,,3.277602218,0.919766102
0.4,4,0.9,300,3,1,0.122152536,0.99991454,3.570612358,,3.277726281,0.919760028
0.4,5,0.9,200,10,0.6,0.694561501,0.997274693,3.611143339,,3.278415947,0.919726258
0.1,5,0.6,400,5,1,0.525154076,0.998440985,3.314921688,,3.278735167,0.919710625
0.4,7,0.8,300,3,0.8,0.113357526,0.99992547,3.849047945,,3.278964932,0.919699371
0.1,6,0.6,300,3,0.6,1.00165412,0.994333814,3.471418489,,3.279079351,0.919693767
0.4,8,0.8,200,1,1,0.112829595,0.999926062,4.515482929,,3.279440511,0.919676076
0.3,8,0.9,300,5,1,0.112631191,0.999926371,4.080299348,,3.279570133,0.919669726
0.3,4,0.8,200,3,0.8,0.455527421,0.998825262,3.751235666,,3.279854831,0.919655779
0.3,8,0.9,200,5,1,0.112541334,0.999926593,4.078127931,,3.279871236,0.919654975
0.2,8,0.8,200,3,1,0.113807845,0.999925333,3.953874703,,3.280037218,0.919646843
0.3,8,0.9,400,5,1,0.112403728,0.999926659,4.079103298,,3.280067909,0.919645339
0.4,8,0.8,100,1,1,0.11679928,0.999920775,4.524951634,,3.280164148,0.919640624
0.2,4,0.9,200,10,0.8,1.289841267,0.990609862,3.527092552,,3.280256691,0.91963609
0.2,8,0.8,400,3,1,0.11264612,0.99992633,3.959349021,,3.281056433,0.919596899
0.3,6,0.6,100,5,0.8,1.180225424,0.992129346,3.57053529,,3.281139786,0.919592813
0.4,8,0.8,400,1,1,0.114330265,0.999924085,4.53378653,,3.281154452,0.919592095
0.3,5,0.9,100,10,0.8,1.292377582,0.990567519,3.600757246,,3.28118435,0.919590629
0.4,6,0.7,300,10,1,0.133840632,0.999898314,3.451626213,,3.281264181,0.919586716
0.4,4,0.9,400,3,1,0.11505809,0.999923523,3.571294676,,3.281561436,0.919572146
0.3,7,0.9,100,3,1,0.12538333,0.999910351,3.958403705,,3.281964515,0.919552387
0.3,8,0.6,100,3,0.8,0.762325323,0.996707026,3.678776111,,3.282041294,0.919548623
0.2,8,0.8,300,3,1,0.112511217,0.999926526,3.954339071,,3.282211923,0.919540257
0.3,7,0.6,400,3,1,0.114432187,0.999923972,4.001146336,,3.282479293,0.919527148
0.4,5,0.8,200,3,0.6,0.298209153,0.999495996,3.647167117,,3.282525903,0.919524863
0.1,8,0.7,200,3,0.8,0.752233479,0.996806558,3.547818629,,3.282815389,0.919510668
0.3,3,0.8,200,3,0.8,0.990584138,0.994452092,3.678122224,,3.282843753,0.919509277
0.3,6,0.6,400,10,0.6,0.751620054,0.996809668,3.376475794,,3.282907511,0.919506151
0.3,5,0.6,100,3,0.8,1.00601424,0.994277754,3.787035648,,3.283210824,0.919491276
0.2,5,0.8,300,1,0.6,0.189776839,0.999795704,3.571011546,,3.283485066,0.919477826
0.2,4,0.7,400,10,0.8,0.824692613,0.996160837,3.342943124,,3.283752838,0.919464692
0.2,5,0.7,200,1,0.8,0.260104918,0.999616076,3.840083261,,3.284412677,0.919432323
0.4,3,0.7,400,3,0.6,0.656458746,0.997554871,3.745153617,,3.284911372,0.919407855
0.2,5,0.8,300,3,0.6,0.400656063,0.999090322,3.537443442,,3.285046978,0.919401201
0.1,7,0.8,300,5,0.8,0.550757844,0.99828764,3.47997537,,3.285532208,0.919377389
0.3,5,0.7,100,3,0.8,0.824767314,0.996150439,3.726673948,,3.285791693,0.919364654
0.1,5,0.6,300,5,0.8,1.130439021,0.992783235,3.346589055,,3.28597344,0.919355733
0.2,5,0.7,400,5,0.6,0.571778565,0.99815207,3.43760614,,3.286593344,0.919325303
0.3,5,0.9,200,10,1,0.307550667,0.999464475,3.427756339,,3.287124238,0.919299237
0.3,7,0.6,200,3,1,0.121413445,0.999915814,3.981136313,,3.287255196,0.919292807
0.2,4,0.8,200,5,0.6,1.195958012,0.991927151,3.31962055,,3.287502366,0.91928067
0.2,4,0.8,400,10,0.6,0.992022079,0.994446585,3.313960904,,3.287706959,0.919270623
0.1,5,0.9,300,1,0.8,0.242157705,0.99966833,3.702421105,,3.287826285,0.919264763
0.2,7,0.8,100,3,1,0.291813332,0.999517454,3.767953514,,3.287934646,0.919259441
0.3,7,0.6,300,3,1,0.113837025,0.999924947,3.985815409,,3.288317565,0.919240633
0.3,3,0.9,400,5,0.8,0.585817261,0.998062432,3.687168048,,3.288880525,0.919212979
0.3,8,0.7,100,5,0.8,0.826477033,0.996132897,3.601104912,,3.289180913,0.919198221
0.4,8,0.6,100,5,0.8,0.865204295,0.995761423,3.396627785,,3.289355093,0.919189663
0.4,6,0.7,200,1,0.6,0.147150622,0.999876465,3.84454136,,3.289420492,0.919186449
0.1,5,0.8,400,1,1,0.119868516,0.999917676,3.705772908,,3.289470312,0.919184001
0.1,5,0.9,400,1,0.8,0.167877083,0.999840352,3.716043332,,3.28955441,0.919179869
0.1,5,0.8,200,1,1,0.290991386,0.999519183,3.729318599,,3.289593972,0.919177925
0.3,6,0.8,400,3,0.8,0.114033514,0.999924847,3.852980991,,3.291242412,0.919096904
0.2,8,0.7,400,10,1,0.154098636,0.999865596,3.444842989,,3.291326855,0.919092752
0.1,7,0.9,200,5,0.8,0.836997062,0.996043905,3.620486006,,3.29150948,0.919083773
0.1,8,0.9,200,3,1,0.163051737,0.999849597,4.085279691,,3.291887716,0.919065176
0.1,7,0.7,300,3,0.8,0.446974355,0.998871831,3.547397595,,3.292181258,0.919050741
0.1,6,0.6,200,5,1,1.03496585,0.99394774,3.481195221,,3.292190255,0.919050299
0.2,8,0.7,200,1,1,0.112671942,0.9999263,3.892167618,,3.292833101,0.919018682
0.2,6,0.9,100,3,0.8,0.713375557,0.997118747,3.76820668,,3.292839112,0.919018387
0.1,5,0.6,400,10,1,0.951637631,0.994886237,3.278944121,,3.29288292,0.919016232
0.2,7,0.6,100,5,1,0.956748906,0.994825956,3.536176043,,3.292889693,0.919015899
0.3,6,0.8,300,3,0.8,0.118407956,0.999919692,3.835264854,,3.293016026,0.919009685
0.3,6,0.9,300,3,1,0.112776707,0.999926174,3.895771657,,3.293040835,0.919008464
0.3,6,0.9,400,3,1,0.112402579,0.999926655,3.894576803,,3.293098483,0.919005629
0.4,6,0.7,300,1,0.6,0.117813979,0.999919796,3.863889333,,3.293560536,0.918982899
0.2,8,0.7,300,1,1,0.113072616,0.999925748,3.888281466,,3.293657148,0.918978145
0.1,6,0.9,400,10,0.6,1.061243997,0.993647148,3.520235293,,3.293877939,0.918967282
0.1,5,0.9,300,5,1,0.427282003,0.998968175,3.546481439,,3.294016308,0.918960474
0.3,7,0.7,200,10,0.8,0.710017065,0.997151396,3.494622356,,3.294052001,0.918958718
0.3,4,0.7,400,10,0.8,0.581634018,0.998088226,3.308037396,,3.294073304,0.91895767
0.1,5,0.7,400,10,0.8,1.130788516,0.99278495,3.358142372,,3.294145138,0.918954135
0.3,5,0.7,400,5,0.8,0.189666069,0.999795984,3.534496897,,3.294487958,0.918937266
0.3,6,0.9,200,3,1,0.112806775,0.999926263,3.89317476,,3.294707623,0.918926455
0.2,3,0.9,400,5,0.8,0.86540029,0.995772651,3.600158992,,3.295460238,0.918889411
0.3,8,0.9,400,1,1,0.112374154,0.999926673,4.334944531,,3.295952191,0.918865193
0.4,6,0.6,100,3,1,0.240324219,0.999672832,3.849556243,,3.296232977,0.918851368
0.4,3,0.9,200,5,1,0.607171919,0.997916636,3.554272424,,3.296405272,0.918842885
0.2,8,0.7,400,1,1,0.114960714,0.999923241,3.90255874,,3.296526853,0.918836898
0.4,6,0.7,200,10,1,0.237431022,0.999680603,3.427612694,,3.296769984,0.918824926
0.2,8,0.7,100,1,1,0.123919725,0.999912782,3.885167421,,3.297193405,0.918804073
0.1,5,0.8,300,1,1,0.144497501,0.999881676,3.701729215,,3.297340237,0.918796841
0.3,6,0.6,100,10,1,1.190093824,0.991995011,3.481748744,,3.297532789,0.918787357
0.3,5,0.9,200,10,0.6,0.896136685,0.995465282,3.441959823,,3.297985512,0.918765056
0.2,8,0.8,400,3,0.6,0.168556285,0.999838822,3.588597191,,3.298097182,0.918759554
0.3,8,0.9,300,1,1,0.113218071,0.999925568,4.335398992,,3.298634526,0.91873308
0.3,8,0.9,200,1,1,0.112419734,0.999926618,4.333560707,,3.300070304,0.918662319
0.2,5,0.6,300,10,1,0.614270569,0.997867871,3.253464433,,3.300603407,0.918636038
0.2,3,0.9,300,1,0.8,0.675846245,0.997417404,3.590403723,,3.301205673,0.918606342
0.1,8,0.6,200,5,0.8,1.389495828,0.989105832,3.591376662,,3.301756647,0.918579171
0.1,8,0.6,400,3,0.6,0.7418175,0.996891871,3.445701777,,3.301878109,0.91857318
0.4,3,0.9,100,1,0.8,1.001676626,0.994328622,3.666223882,,3.301947686,0.918569748
0.1,4,0.8,400,10,0.8,1.289648579,0.990614854,3.425943861,,3.302482473,0.918543369
0.4,4,0.9,100,10,0.8,1.322301004,0.990118775,3.733990289,,3.302693398,0.918532964
0.2,4,0.9,300,5,0.6,0.743463546,0.996877509,3.532515997,,3.302751354,0.918530104
0.1,6,0.6,200,3,1,0.688256226,0.997324437,3.580204618,,3.303002575,0.91851771
0.3,4,0.6,300,5,1,0.32530992,0.999400508,3.275213411,,3.303086538,0.918513567
0.2,8,0.7,400,10,0.8,0.417611325,0.999015681,3.433229896,,3.303482953,0.918494007
0.4,5,0.7,200,5,0.8,0.33963641,0.999347131,3.578515327,,3.303574116,0.918489509
0.4,6,0.7,400,1,0.6,0.115630896,0.999922474,3.87525527,,3.303691338,0.918483724
0.3,6,0.9,200,5,0.8,0.203976829,0.999764854,3.725614954,,3.304000872,0.918468448
0.4,4,0.8,400,1,0.6,0.142627859,0.999884095,3.520089091,,3.30433787,0.918451816
0.1,8,0.8,300,3,0.8,0.281792697,0.999551913,3.596614665,,3.304790398,0.918429478
0.3,6,0.8,100,5,1,0.352679051,0.99929501,3.72734068,,3.304794485,0.918429276
0.2,8,0.7,300,10,1,0.262529468,0.999610123,3.429285351,,3.304805286,0.918428743
0.3,4,0.7,300,10,0.6,1.001659256,0.994326853,3.412275331,,3.304956779,0.918421264
0.2,8,0.8,300,3,0.6,0.226328352,0.99971003,3.573704217,,3.305176159,0.918410434
0.2,6,0.8,200,1,0.8,0.13388179,0.999898059,3.968296204,,3.305375596,0.918400587
0.3,8,0.9,100,1,1,0.112894517,0.999926004,4.331422768,,3.305450444,0.918396892
0.3,7,0.9,200,1,0.6,0.118302753,0.99991971,3.880607512,,3.305487982,0.918395038
0.2,6,0.8,100,5,1,0.685302109,0.997343865,3.454577502,,3.306407116,0.918349649
0.2,5,0.7,400,10,1,0.299818366,0.999492027,3.276829697,,3.306683685,0.918335989
0.2,4,0.9,400,5,0.6,0.586162183,0.99806027,3.51415472,,3.307596106,0.918290915
0.2,6,0.8,400,1,0.8,0.113068279,0.999925825,3.981845976,,3.308165377,0.918262787
0.3,4,0.6,400,5,1,0.216357196,0.999734837,3.329816917,,3.308270962,0.918257569
0.1,8,0.8,200,5,0.8,0.891612828,0.995513412,3.588576633,,3.309024418,0.918220332
0.1,8,0.7,400,5,0.6,0.827306305,0.996136982,3.35276945,,3.309603596,0.918191701
0.3,4,0.6,200,5,1,0.544319235,0.998321497,3.238447391,,3.310539724,0.918145416
0.2,7,0.9,300,3,1,0.112658139,0.99992634,3.846701956,,3.310700034,0.918137488
0.2,5,0.8,200,1,0.6,0.354313065,0.999288265,3.542756999,,3.310710458,0.918136972
0.2,7,0.9,400,3,1,0.112405389,0.999926656,3.845496626,,3.310815131,0.918131796
0.3,7,0.9,100,1,0.6,0.263847901,0.999603587,3.862842011,,3.310922543,0.918126484
0.2,8,0.6,200,3,0.6,0.836707561,0.996041084,3.611887337,,3.311086119,0.918118394
0.2,7,0.6,100,1,1,0.202473421,0.999767618,3.800564937,,3.311720808,0.918087
0.2,7,0.9,200,3,1,0.113307109,0.999925894,3.845256243,,3.312669964,0.918040039
0.2,6,0.8,300,1,0.8,0.114709434,0.999923925,3.970725451,,3.312732074,0.918036966
0.3,4,0.6,100,3,0.8,1.272641114,0.990852331,3.636879664,,3.312888925,0.918029204
0.1,5,0.6,200,3,0.8,1.282185823,0.990723253,3.535162014,,3.312961135,0.918025631
0.1,5,0.8,300,5,0.8,0.835354497,0.996063005,3.398115788,,3.313712288,0.917988454
0.4,6,0.6,200,10,0.6,1.104800984,0.993108678,3.329234633,,3.313862206,0.917981033
0.4,7,0.6,200,5,0.6,0.698321303,0.997244022,3.650618701,,3.314327792,0.917957985
0.2,4,0.8,400,3,0.6,0.498345801,0.998594763,3.470855084,,3.314653955,0.917941837
0.3,5,0.9,400,5,0.8,0.13167464,0.999901493,3.677589467,,3.314825827,0.917933327
0.3,5,0.6,200,10,0.8,1.062530453,0.993628671,3.469735037,,3.314839045,0.917932672
0.4,4,0.8,300,1,0.6,0.169636445,0.999836441,3.499688602,,3.315228181,0.917913403
0.3,6,0.9,400,5,0.8,0.115281966,0.999923451,3.733348883,,3.315609878,0.9178945
0.4,8,0.8,100,10,1,0.375270884,0.999203559,3.642923778,,3.316516705,0.917849582
0.1,8,0.9,200,5,1,0.343152672,0.999334355,3.840748145,,3.316761625,0.917837448
0.4,7,0.9,200,1,0.6,0.113319644,0.999925712,3.860062185,,3.317107949,0.917820289
0.1,8,0.6,400,10,0.8,1.165933881,0.992323986,3.414092514,,3.317626751,0.917794581
0.1,7,0.8,300,3,0.8,0.323523386,0.999408977,3.516665032,,3.318031301,0.917774531
0.3,7,0.6,300,10,0.6,0.873058102,0.995697101,3.405447108,,3.318178291,0.917767246
0.2,7,0.8,200,3,0.6,0.493419566,0.998623223,3.601782696,,3.318229085,0.917764728
0.4,6,0.7,100,10,1,0.690374353,0.997300941,3.38376652,,3.318986232,0.917727195
0.1,8,0.8,400,3,0.6,0.438512087,0.998913597,3.482597506,,3.31914739,0.917719205
0.1,5,0.6,300,1,0.6,0.726921369,0.997011988,3.632836937,,3.319195727,0.917716809
0.4,4,0.8,200,1,0.6,0.285380172,0.999535555,3.439236685,,3.31933233,0.917710036
0.4,8,0.7,200,10,0.8,0.520377273,0.998467375,3.444845536,,3.319360787,0.917708625
0.4,5,0.7,300,5,0.8,0.185597331,0.999805033,3.619838942,,3.319871619,0.917683295
0.4,7,0.9,400,1,0.6,0.112519558,0.999926502,3.87834973,,3.319982728,0.917677785
0.4,5,0.7,400,5,0.8,0.14336941,0.999883226,3.640921294,,3.319996953,0.917677079
0.3,5,0.8,400,10,1,0.141940395,0.999885837,3.397118328,,3.320107386,0.917671602
0.1,8,0.6,300,3,0.6,0.922586551,0.995193163,3.48448083,,3.320582662,0.91764803
0.4,7,0.9,300,1,0.6,0.11285288,0.999926072,3.871301764,,3.320684823,0.917642963
0.1,4,0.8,400,5,0.8,0.91722675,0.995254385,3.368761235,,3.320970466,0.917628793
0.2,3,0.9,400,3,0.6,0.925171155,0.995163174,3.634616802,,3.321107571,0.917621992
0.1,5,0.7,400,5,0.8,0.722630848,0.997053016,3.398713094,,3.321305498,0.917612173
0.3,6,0.9,300,5,0.8,0.124808327,0.999911157,3.730645287,,3.321908978,0.91758223
0.3,7,0.9,400,1,0.6,0.112526575,0.999926518,3.896954685,,3.32221174,0.917567206
0.3,5,0.6,100,5,0.8,1.296579523,0.99051111,3.508018018,,3.322838779,0.917536086
0.4,6,0.8,200,10,1,0.159654303,0.999855858,3.57978074,,3.323239745,0.917516183
0.4,5,0.7,400,10,1,0.132982846,0.999899567,3.516548205,,3.323367778,0.917509828
0.3,7,0.9,300,1,0.6,0.112841797,0.999926136,3.890357365,,3.323415671,0.91750745
0.2,7,0.8,400,5,0.8,0.138125454,0.999891832,3.603945203,,3.324345577,0.91746128
0.4,5,0.9,100,3,0.6,0.611092305,0.997877276,3.709542314,,3.324832752,0.917437087
0.2,4,0.8,200,5,0.8,0.95177759,0.994885354,3.416737723,,3.324876961,0.917434891
0.4,7,0.9,100,1,0.6,0.17405556,0.999827419,3.856736452,,3.324960326,0.917430751
0.2,6,0.7,300,10,0.6,0.991803082,0.99444846,3.323092706,,3.325004357,0.917428564
0.2,6,0.6,400,10,0.6,0.998790967,0.99436975,3.298917298,,3.325292917,0.917414231
0.4,6,0.8,400,10,1,0.113135537,0.999925951,3.610615394,,3.325489774,0.917404453
0.2,7,0.7,400,10,0.8,0.438069847,0.998916366,3.406056669,,3.325686461,0.917394682
0.1,7,0.9,400,10,0.6,0.999286618,0.994368096,3.517453834,,3.325794442,0.917389318
0.2,7,0.8,400,3,0.6,0.182083113,0.999812023,3.629224917,,3.325844287,0.917386842
0.1,6,0.6,400,5,0.6,1.082372618,0.993386591,3.398677544,,3.325970646,0.917380564
0.4,8,0.9,100,5,0.8,0.296415858,0.999502951,3.768617151,,3.32627591,0.917365398
0.2,6,0.7,400,10,1,0.208637513,0.99975392,3.388022377,,3.326488908,0.917354814
0.3,5,0.9,300,5,0.8,0.164573461,0.999846832,3.663521603,,3.32653298,0.917352624
0.4,4,0.8,200,3,0.6,0.504685762,0.998553043,3.54348129,,3.326674276,0.917345603
0.2,5,0.6,400,3,0.8,0.276939969,0.999565206,3.472596679,,3.326918848,0.91733345
0.2,7,0.8,300,3,0.6,0.246599044,0.999655713,3.619139313,,3.327351621,0.917311941
0.3,8,0.8,100,10,0.8,1.146818763,0.992568647,3.65356172,,3.327659095,0.917296658
0.4,6,0.8,300,10,1,0.116959766,0.999921632,3.600273806,,3.327900589,0.917284654
0.2,4,0.9,300,10,0.6,1.08894937,0.993305103,3.392403006,,3.327962828,0.91728156
0.3,8,0.9,100,5,1,0.154009965,0.999865572,4.073932625,,3.328383114,0.917260666
0.2,7,0.6,400,3,1,0.11476194,0.999923879,3.782378242,,3.3287472,0.917242564
0.2,8,0.6,200,10,0.8,1.255010855,0.991109654,3.488864471,,3.328858156,0.917237046
0.1,7,0.8,400,1,0.8,0.116728039,0.999921733,3.660960477,,3.329090865,0.917225475
0.1,8,0.6,200,3,0.8,0.993397453,0.994429284,3.503632717,,3.329268524,0.91721664
0.2,8,0.6,400,3,1,0.1142382,0.999924398,3.801030346,,3.329471428,0.917206549
0.4,4,0.8,100,5,0.8,0.995860603,0.994399046,3.461889136,,3.329614596,0.917199429
0.4,4,0.8,400,3,0.6,0.227637477,0.999705191,3.501358961,,3.329892617,0.9171856
0.2,6,0.7,200,5,0.8,0.634774295,0.997722467,3.589368985,,3.330055345,0.917177506
0.3,5,0.8,300,10,1,0.201544314,0.99977021,3.378470518,,3.33044775,0.917157986
0.3,3,0.8,300,10,0.8,1.106607934,0.993089807,3.464292477,,3.330546908,0.917153053
0.2,4,0.8,400,10,0.8,0.726520449,0.997021579,3.253048294,,3.330571795,0.917151815
0.2,4,0.9,200,3,0.6,0.896471645,0.99545979,3.711549022,,3.330930532,0.917133966
0.1,8,0.9,200,3,0.8,0.465220967,0.998778589,3.663487121,,3.331053483,0.917127849
0.3,8,0.7,100,10,0.8,1.412357278,0.988729749,3.699770114,,3.331094953,0.917125785
0.2,7,0.7,300,10,0.6,0.952607469,0.994878864,3.325577383,,3.331153832,0.917122856
0.2,8,0.7,300,10,0.6,0.937328367,0.995041303,3.337820296,,3.331898733,0.917085786
0.1,7,0.7,100,1,1,0.511961801,0.998511285,3.831224042,,3.33192362,0.917084547
0.3,5,0.9,200,5,0.8,0.30920306,0.999459396,3.651595088,,3.332014613,0.917080019
0.1,8,0.9,100,1,0.8,0.612977166,0.997878855,3.73254994,,3.332421,0.917059791
0.4,5,0.8,100,10,0.8,1.109182084,0.993049308,3.420476757,,3.33291928,0.917034986
0.4,7,0.6,300,3,0.6,0.208535787,0.999753196,3.596691291,,3.333276821,0.917017185
0.3,8,0.6,300,10,0.6,0.868573311,0.99574182,3.36425617,,3.333562819,0.917002944
0.2,5,0.8,200,10,1,0.652793257,0.99759111,3.331217706,,3.333806231,0.916990823
0.1,6,0.6,200,5,0.8,1.472985316,0.987759508,3.575567349,,3.333945296,0.916983897
0.3,5,0.7,200,10,0.8,0.880035456,0.995625716,3.444579855,,3.334564462,0.91695306
0.2,8,0.6,300,3,1,0.116734839,0.99992176,3.780148864,,3.335179707,0.916922412
0.1,7,0.8,300,1,0.8,0.131222977,0.999902159,3.656802742,,3.335183678,0.916922214
0.2,5,0.8,200,3,0.6,0.692041555,0.997291906,3.500987804,,3.335252023,0.916918809
0.1,5,0.8,200,5,1,0.910282872,0.995320508,3.640768351,,3.33597761,0.916882656
0.4,5,0.7,300,10,1,0.180952694,0.999814772,3.490022508,,3.336432937,0.916859965
0.1,8,0.9,400,10,0.6,0.9693291,0.994700782,3.523157522,,3.336569153,0.916853177
0.2,5,0.6,300,3,0.8,0.401320588,0.999088716,3.410759938,,3.337363665,0.916813574
0.3,3,0.9,400,5,0.6,0.812169807,0.996273178,3.538781353,,3.337498005,0.916806876
0.3,6,0.6,100,3,1,0.383063838,0.999169176,3.678813855,,3.33841785,0.916761013
0.1,8,0.6,100,1,0.8,1.14478801,0.99259515,3.651800633,,3.338497569,0.916757037
0.3,8,0.9,200,1,0.6,0.116113564,0.999922489,3.903039583,,3.338904524,0.916736742
0.2,7,0.7,200,5,0.8,0.554124035,0.998265933,3.514247682,,3.339492129,0.916707433
0.1,6,0.7,200,3,1,0.540779889,0.998345212,3.64351112,,3.339997155,0.916682238
0.1,5,0.9,300,10,0.8,1.160097072,0.992400748,3.500204869,,3.340243929,0.916669926
0.4,8,0.6,300,3,0.6,0.195561721,0.999783201,3.59549988,,3.340334885,0.916665388
0.1,7,0.8,100,3,1,1.001169542,0.994336709,3.865654065,,3.340471247,0.916658584
0.3,6,0.9,100,3,1,0.157188417,0.999859714,3.891193212,,3.340583392,0.916652988
0.2,4,0.7,400,1,0.8,0.207115986,0.999757168,3.759757504,,3.341496736,0.916607406
0.3,5,0.7,300,5,0.8,0.269618739,0.999588758,3.51174863,,3.341695483,0.916597486
0.1,7,0.8,200,1,0.8,0.256673855,0.999627655,3.648311852,,3.342113289,0.916576629
0.1,5,0.8,400,3,0.8,0.404598734,0.999075938,3.448684146,,3.342460543,0.916559292
0.2,7,0.6,300,3,1,0.120271778,0.999917357,3.759489375,,3.342631542,0.916550754
0.4,4,0.8,300,3,0.6,0.29246119,0.999512844,3.503245788,,3.342659138,0.916549377
0.4,6,0.8,100,1,0.6,0.265659471,0.999598894,3.857577578,,3.342969251,0.916533892
0.2,6,0.8,100,1,0.8,0.405938838,0.999065782,3.964029268,,3.34307966,0.916528378
0.2,5,0.7,300,5,0.6,0.723056995,0.997045112,3.42955228,,3.343246374,0.916520053
0.4,7,0.8,100,1,0.6,0.217469229,0.999731223,3.720403124,,3.343518014,0.916506487
0.4,8,0.8,200,5,1,0.112544753,0.999926527,3.930975954,,3.343728405,0.916495979
0.3,4,0.8,400,1,0.6,0.182767394,0.999810409,3.699134843,,3.343742474,0.916495276
0.4,8,0.8,400,5,1,0.112710657,0.999926245,3.937711628,,3.343774134,0.916493695
0.4,7,0.6,400,3,0.6,0.159296112,0.99985591,3.613236774,,3.343861774,0.916489317
0.4,8,0.8,300,5,1,0.112549727,0.999926462,3.930926534,,3.343937964,0.916485512
0.4,5,0.9,300,10,1,0.128014232,0.999906963,3.477013739,,3.343972831,0.91648377
0.4,8,0.6,400,3,0.6,0.151061677,0.999870311,3.615250554,,3.344029157,0.916480957
0.4,5,0.7,200,10,1,0.333712287,0.999369329,3.453969462,,3.344147164,0.916475062
0.3,8,0.9,100,1,0.6,0.234871512,0.999687702,3.87817903,,3.344185308,0.916473156
0.4,5,0.9,200,10,1,0.201649082,0.99977009,3.468325216,,3.344201629,0.916472341
0.1,5,0.7,400,3,0.6,0.777487412,0.996587051,3.36280439,,3.344236465,0.916470601
0.3,5,0.8,400,5,0.8,0.150684817,0.999871283,3.590576281,,3.344467385,0.916459065
0.2,8,0.6,200,3,1,0.153927888,0.999865993,3.768188994,,3.344498918,0.91645749
0.3,5,0.7,200,10,0.6,1.145013565,0.992597664,3.455034105,,3.344716339,0.916446627
0.2,4,0.9,400,5,1,0.222593903,0.999720033,3.413637308,,3.345235352,0.916420695
0.2,6,0.7,300,10,0.8,0.685093344,0.997350827,3.434999524,,3.345528247,0.916406058
0.1,6,0.9,200,3,0.8,0.683828896,0.997358767,3.585289559,,3.345594811,0.916402732
0.1,5,0.6,300,5,1,0.766141872,0.99668217,3.316426289,,3.345865841,0.916389187
0.4,8,0.7,400,10,0.6,0.388766145,0.999145291,3.414544675,,3.346050138,0.916379976
0.1,5,0.8,400,5,0.6,0.894869687,0.995483105,3.344824788,,3.346063255,0.91637932
0.1,4,0.8,300,3,0.8,0.908727051,0.995338971,3.547490394,,3.346178267,0.916373572
0.3,4,0.7,200,3,0.6,0.800779973,0.996361713,3.680377874,,3.346257946,0.916369589
0.4,4,0.9,400,10,0.6,0.463666332,0.998785891,3.582920473,,3.346389027,0.916363037
0.2,8,0.8,100,1,0.6,0.53695167,0.998367327,3.844044155,,3.346756661,0.916344659
0.1,5,0.6,400,1,0.6,0.576802963,0.998116439,3.632554943,,3.347035818,0.916330703
0.4,3,0.6,200,3,0.8,0.985021017,0.994512835,3.81040431,,3.347089723,0.916328008
0.4,5,0.9,400,10,1,0.115849578,0.99992302,3.480266935,,3.3471526,0.916324864
0.1,6,0.6,300,10,1,1.171389751,0.992251221,3.459350962,,3.347318173,0.916316586
0.4,8,0.8,100,5,1,0.139270445,0.999890018,3.924968102,,3.348266308,0.916269172
0.4,8,0.9,100,5,0.6,0.59153667,0.998024018,3.735247088,,3.348391756,0.916262898
0.1,5,0.9,300,5,0.8,0.736357429,0.996938929,3.422795601,,3.348398045,0.916262583
0.1,6,0.6,300,1,0.6,0.581696465,0.998082833,3.658794717,,3.348632447,0.916250859
0.4,4,0.8,100,5,0.6,1.213449921,0.991662474,3.536441122,,3.348757329,0.916244612
0.2,7,0.6,200,3,0.6,0.855531536,0.995860742,3.526214133,,3.349420772,0.916211422
0.1,6,0.8,400,5,0.6,0.770969248,0.996646412,3.393027601,,3.349505877,0.916207164
0.3,4,0.7,300,10,0.8,0.770230967,0.996649287,3.290612012,,3.349596905,0.91620261
0.2,7,0.6,100,1,0.6,0.95797449,0.994798402,3.708109315,,3.349916863,0.9161866
0.4,3,0.8,300,5,0.6,0.835940468,0.996048306,3.525315001,,3.350165134,0.916174176
0.3,6,0.6,300,10,0.6,0.900569244,0.995420523,3.356821389,,3.350261996,0.916169329
0.3,4,0.6,100,5,0.8,1.541541828,0.986582366,3.458374488,,3.350855125,0.916139644
0.2,8,0.7,200,1,0.8,0.124265517,0.999911952,3.840379158,,3.350859585,0.91613942
0.3,8,0.9,400,1,0.6,0.112501158,0.999926534,3.921187863,,3.351416313,0.916111552
0.3,6,0.9,200,1,0.6,0.130222359,0.999903266,4.001602535,,3.351436456,0.916110544
0.2,8,0.7,400,1,0.8,0.113842254,0.999924759,3.859403338,,3.352050595,0.916079796
0.2,5,0.6,200,5,0.8,0.967015466,0.99472207,3.448848583,,3.352073295,0.916078659
0.2,7,0.7,400,5,1,0.114732181,0.999924125,3.722242356,,3.352104795,0.916077082
0.3,8,0.9,300,1,0.6,0.112761746,0.999926217,3.914647934,,3.352278819,0.916068368
0.2,8,0.7,300,1,0.8,0.113623118,0.999925218,3.853440363,,3.35249685,0.91605745
0.1,6,0.9,200,5,0.8,0.969948047,0.994687636,3.621752133,,3.352683057,0.916048125
0.1,6,0.8,200,5,0.8,1.087917198,0.993323633,3.54404871,,3.352721329,0.916046208
0.4,3,0.6,300,3,0.8,0.692193741,0.997285939,3.882929656,,3.35275599,0.916044472
0.4,3,0.8,200,5,0.6,1.147261535,0.992559664,3.509161438,,3.352979196,0.916033294
0.4,7,0.9,400,5,0.6,0.117539569,0.999920874,3.729804448,,3.35304726,0.916029885
0.2,8,0.7,200,10,1,0.556895726,0.99824761,3.433023732,,3.353274359,0.91601851
0.2,3,0.8,400,3,0.6,0.956602314,0.994825143,3.552553948,,3.353353079,0.916014567
0.2,7,0.9,100,5,0.8,0.869262312,0.995732602,3.718854634,,3.353914914,0.915986422
0.4,8,0.7,300,10,0.6,0.525072835,0.998441475,3.400323302,,3.354244197,0.915969924
0.2,7,0.8,300,5,0.8,0.191861516,0.999792049,3.602867946,,3.354453246,0.91595945
0.2,7,0.7,200,5,1,0.22151912,0.999722664,3.685573063,,3.354803179,0.915941915
0.4,5,0.7,100,3,0.8,0.64009302,0.997671231,3.760961094,,3.355020621,0.915931018
0.2,5,0.6,400,5,0.6,0.713306376,0.997126667,3.424605308,,3.355278647,0.915918086
0.3,4,0.8,300,1,0.6,0.230579568,0.999698116,3.695509058,,3.355536341,0.915905171
0.1,7,0.9,100,1,0.8,0.70699528,0.997177107,3.653237075,,3.355577583,0.915903103
0.4,5,0.8,100,5,1,0.344105238,0.999326649,3.532464823,,3.355668042,0.915898569
0.3,8,0.8,100,3,0.6,0.658794019,0.997544134,3.606223472,,3.356112128,0.915876308
0.4,7,0.8,200,1,0.6,0.115379644,0.999923303,3.753623671,,3.356290928,0.915867344
0.3,8,0.8,100,10,1,0.609530413,0.997899618,3.671607085,,3.356373609,0.915863199
0.2,8,0.6,100,1,0.6,0.934650379,0.995038182,3.745542787,,3.356857488,0.915838938
0.3,7,0.7,100,10,1,0.914121776,0.995278624,3.495265093,,3.356972826,0.915833154
0.1,6,0.9,400,10,1,0.408565773,0.999056826,3.633055545,,3.357090814,0.915827238
0.1,8,0.8,200,10,0.8,1.55866958,0.986291527,3.760961475,,3.357246655,0.915819423
0.3,6,0.8,100,3,0.8,0.494191031,0.998613006,3.807681527,,3.35745833,0.915808807
0.4,8,0.7,100,5,0.8,0.629957943,0.997751734,3.58315705,,3.357596964,0.915801854
0.4,3,0.7,300,3,0.6,0.791331514,0.996444497,3.722300326,,3.357880607,0.915787628
0.3,6,0.9,400,1,0.6,0.11271639,0.9999263,4.024614497,,3.358794412,0.915741787
0.4,4,0.7,100,5,0.8,1.152544451,0.992493314,3.478136531,,3.358887371,0.915737123
0.3,6,0.9,300,1,0.6,0.113662869,0.999925265,4.017406598,,3.359016068,0.915730666
0.1,7,0.6,400,3,0.6,0.766613023,0.996679613,3.469713456,,3.359266497,0.9157181
0.3,3,0.9,300,5,0.8,0.769169558,0.996661862,3.670139447,,3.359525784,0.915705089
0.3,6,0.6,200,5,0.6,0.896939363,0.995456189,3.307584099,,3.360082185,0.915677165
0.2,3,0.9,400,3,1,0.494056298,0.998621811,3.526151606,,3.360247451,0.91566887
0.2,7,0.6,200,3,1,0.176842814,0.999823032,3.743375467,,3.360403279,0.915661048
0.3,7,0.9,100,10,0.8,0.994328092,0.994418376,3.668401526,,3.36053909,0.915654231
0.4,7,0.9,300,5,0.6,0.129905393,0.999904135,3.719068922,,3.360636685,0.915649332
0.4,7,0.6,200,3,0.6,0.432875794,0.998937636,3.522500052,,3.360663318,0.915647995
0.4,7,0.9,200,5,0.6,0.235618347,0.999685895,3.688172318,,3.360670626,0.915647628
0.3,7,0.7,400,3,0.6,0.150676475,0.999871164,3.69063076,,3.360735575,0.915644367
0.1,5,0.9,100,1,1,0.839220623,0.996008264,3.950920223,,3.360764541,0.915642913
0.2,8,0.6,100,5,0.8,1.467592133,0.987835206,3.687415767,,3.360789661,0.915641652
0.2,7,0.7,300,5,1,0.126070072,0.999909604,3.711063927,,3.360926882,0.915634763
0.2,8,0.8,100,3,1,0.226804302,0.999709047,3.937655977,,3.361042903,0.915628938
0.1,7,0.6,400,10,0.8,1.180241068,0.992135036,3.419433432,,3.361459663,0.915608014
0.3,6,0.9,100,1,0.6,0.330680401,0.999377343,3.980665017,,3.361960932,0.915582842
0.3,7,0.7,400,5,1,0.113603259,0.999925111,3.780719684,,3.362092659,0.915576227
0.2,4,0.8,300,3,0.6,0.626641657,0.997778879,3.494655607,,3.362344471,0.91556358
0.2,4,0.8,200,3,0.6,0.959794938,0.994796566,3.550515531,,3.362782182,0.915541595
0.3,5,0.8,300,5,0.8,0.198784328,0.999776496,3.571552873,,3.362798756,0.915540762
0.4,6,0.8,200,1,0.6,0.121413524,0.999915704,3.867771247,,3.364072385,0.915476774
0.2,4,0.7,300,1,0.8,0.280792737,0.999553526,3.752347027,,3.364141482,0.915473302
0.4,3,0.7,400,3,0.8,0.434962793,0.998928298,3.694757128,,3.364235025,0.915468601
0.4,7,0.8,300,1,0.6,0.114936718,0.999923311,3.760933143,,3.36429425,0.915465625
0.3,3,0.8,400,5,0.8,0.646450719,0.997640024,3.450261164,,3.365249399,0.915417618
0.1,6,0.8,400,3,0.8,0.275268917,0.999571888,3.5155801,,3.365745169,0.915392695
0.3,5,0.6,200,5,0.6,0.988226411,0.994489287,3.394503165,,3.365824347,0.915388714
0.3,3,0.9,200,3,0.6,1.128973592,0.992792466,3.673695162,,3.365860553,0.915386894
0.1,7,0.7,200,5,0.8,1.152759492,0.992501764,3.520487418,,3.366218598,0.915368891
0.3,3,0.9,200,3,1,0.663786854,0.997512376,3.577404976,,3.366612338,0.915349092
0.3,5,0.9,100,5,0.6,1.088159519,0.993312658,3.643983876,,3.36666416,0.915346486
0.3,6,0.9,400,5,0.6,0.160980585,0.999853158,3.652490694,,3.366972913,0.915330958
0.3,5,0.9,100,1,1,0.132247481,0.999900535,3.929273062,,3.367098296,0.915324652
0.2,7,0.6,200,10,0.8,1.266473972,0.99094806,3.464935956,,3.367163605,0.915321367
0.1,8,0.8,200,3,0.8,0.580555668,0.998098687,3.589411689,,3.367306251,0.915314192
0.1,7,0.6,300,3,0.6,0.947910574,0.994924921,3.496017098,,3.36752497,0.915303191
0.2,5,0.9,100,1,0.8,0.540067785,0.998347587,3.759074962,,3.368111216,0.915273699
0.1,5,0.6,400,3,1,0.330701804,0.999382181,3.396892677,,3.368571243,0.915250553
0.3,7,0.7,300,3,0.6,0.196317362,0.99978166,3.68951204,,3.368662687,0.915245951
0.4,7,0.8,400,1,0.6,0.113418479,0.99992531,3.759156861,,3.368767316,0.915240686
0.3,7,0.7,300,5,1,0.113588529,0.9999255,3.772100461,,3.368915154,0.915233247
0.2,7,0.7,400,10,1,0.168813787,0.999838858,3.455547023,,3.368959254,0.915231028
0.2,8,0.8,400,5,1,0.112589262,0.999926445,3.701750559,,3.369006696,0.91522864
0.2,6,0.6,100,5,0.8,1.558322381,0.986280382,3.703072492,,3.369141912,0.915221836
0.2,5,0.7,200,5,0.8,0.778562305,0.996574603,3.453856149,,3.369143013,0.91522178
0.4,3,0.6,400,3,0.8,0.518343696,0.998477191,3.917287379,,3.369329835,0.915212378
0.2,4,0.7,400,10,0.6,1.102364316,0.993144059,3.351008893,,3.369652417,0.915196142
0.2,4,0.9,300,5,1,0.331438615,0.999379404,3.402471518,,3.369676777,0.915194916
0.3,4,0.8,200,10,0.6,1.23803771,0.991348378,3.42145056,,3.369700561,0.915193718
0.4,8,0.6,200,10,0.6,1.078010045,0.993438656,3.374783947,,3.370057714,0.91517574
0.3,7,0.6,100,3,1,0.301373139,0.999485323,3.913592548,,3.370082478,0.915174494
0.2,4,0.8,200,1,0.6,0.643288042,0.997656865,3.502742485,,3.37121179,0.915117634
0.4,8,0.8,300,10,0.8,0.164138822,0.999847686,3.469976989,,3.371252306,0.915115594
0.4,8,0.8,400,10,0.8,0.126705958,0.99990872,3.468019764,,3.371458972,0.915105186
0.3,8,0.9,100,10,0.8,0.948294955,0.994923256,3.713815125,,3.371696886,0.915093204
0.4,7,0.7,300,10,0.8,0.279721238,0.999557096,3.515874089,,3.372021343,0.915076863
0.2,8,0.8,300,5,1,0.113237549,0.999925908,3.698369997,,3.372751182,0.915040097
0.1,6,0.6,300,5,0.6,1.301408346,0.990438843,3.463812771,,3.372838777,0.915035684
0.1,8,0.8,300,3,0.6,0.58075011,0.998096202,3.48445939,,3.372946165,0.915030274
0.1,6,0.9,300,1,0.8,0.141654128,0.999886074,3.757025024,,3.373033213,0.915025888
0.1,6,0.6,200,3,0.8,1.112467065,0.993015911,3.509359625,,3.373104367,0.915022303
0.3,3,0.9,300,5,0.6,0.976341742,0.994610829,3.533413086,,3.373871224,0.91498366
0.2,4,0.8,300,1,0.6,0.384422363,0.999161496,3.509569732,,3.374169622,0.914968621
0.4,6,0.8,300,1,0.6,0.115420148,0.999922781,3.878266016,,3.374184994,0.914967846
0.4,4,0.7,400,5,0.8,0.241774958,0.999668224,3.58535154,,3.374212846,0.914966442
0.1,5,0.7,400,3,1,0.246074087,0.999657876,3.483740305,,3.374406193,0.914956697
0.3,5,0.9,200,1,1,0.112764174,0.999926211,3.925756367,,3.374464687,0.914953749
0.4,3,0.6,200,5,0.8,1.17078175,0.992255764,3.731564882,,3.374658847,0.914943961
0.3,5,0.9,300,1,1,0.113249544,0.999925535,3.927684782,,3.37486711,0.914933463
0.2,5,0.7,300,10,1,0.470953794,0.998746348,3.239585751,,3.375040043,0.914924745
0.4,6,0.6,400,3,0.8,0.119939715,0.999917367,3.861392674,,3.375326381,0.914910309
0.4,3,0.8,400,5,0.6,0.699594973,0.99723455,3.510634895,,3.375335436,0.914909852
0.1,6,0.9,400,1,0.8,0.119409473,0.999918275,3.765180461,,3.37548627,0.914902247
0.1,8,0.7,400,10,0.6,1.311031874,0.990305331,3.523676639,,3.375531212,0.914899981
0.2,3,0.8,400,3,0.8,0.745082341,0.996866297,3.653692659,,3.37563822,0.914894585
0.3,4,0.8,200,1,0.8,0.261938842,0.999610528,3.874022369,,3.375640867,0.914894452
0.2,4,0.9,300,1,0.6,0.342951237,0.999333139,3.821229191,,3.375717928,0.914890566
0.1,5,0.8,400,3,0.6,0.669763387,0.99746727,3.433454339,,3.375859131,0.914883446
0.3,6,0.6,200,10,0.8,0.96773451,0.994713878,3.374499491,,3.375934324,0.914879654
0.3,5,0.8,100,3,0.6,0.904359131,0.995365412,3.712309784,,3.376592168,0.914846477
0.2,7,0.8,100,5,1,0.540009239,0.998348553,3.74501671,,3.376753626,0.914838334
0.4,6,0.8,400,1,0.6,0.113553575,0.999925159,3.877891037,,3.376964347,0.914827705
0.2,7,0.9,200,3,0.8,0.173545889,0.999829392,3.757834769,,3.376986294,0.914826597
0.4,4,0.7,300,5,0.8,0.337773536,0.999353617,3.547940587,,3.377403913,0.91480553
0.2,5,0.7,200,5,0.6,1.076237637,0.993458271,3.473584658,,3.37773147,0.914789004
0.3,5,0.9,400,1,1,0.11238537,0.999926665,3.927305646,,3.377851952,0.914782925
0.3,7,0.7,200,5,1,0.129211494,0.999905324,3.774326138,,3.377918508,0.914779567
0.3,4,0.6,400,10,0.8,0.708899845,0.997161822,3.455495813,,3.378042424,0.914773314
0.1,5,0.8,300,10,1,0.925840543,0.995160512,3.460511386,,3.37829997,0.914760318
0.2,8,0.8,200,5,1,0.132281659,0.999900686,3.700021989,,3.378417026,0.914754411
0.2,7,0.8,200,5,0.8,0.406667481,0.999065147,3.616927099,,3.378822716,0.914733937
0.4,8,0.7,200,10,0.6,0.85109011,0.995908374,3.388759955,,3.378863926,0.914731857
0.1,6,0.6,400,1,0.6,0.44705774,0.998866151,3.659988326,,3.378986782,0.914725656
0.4,4,0.6,300,10,0.8,0.746583507,0.996851668,3.279625344,,3.379618965,0.914693745
0.3,8,0.8,300,1,1,0.113485978,0.999925208,4.262993189,,3.379914471,0.914678826
0.4,5,0.8,100,3,0.6,0.697488018,0.9972438,3.653288438,,3.380212005,0.914663804
0.4,8,0.9,100,1,0.6,0.156577871,0.999860632,3.859339333,,3.380391045,0.914654764
0.1,6,0.8,400,3,0.6,0.539435691,0.998356371,3.406980796,,3.380589038,0.914644766
0.2,7,0.9,400,3,0.8,0.113176171,0.999925907,3.787396088,,3.380995419,0.914624243
0.3,8,0.8,200,1,1,0.112539103,0.999926455,4.264837168,,3.381230294,0.914612381
0.1,7,0.6,300,1,0.6,0.51127923,0.998519072,3.613751576,,3.381639278,0.914591723
0.2,7,0.9,300,3,0.8,0.117427608,0.999920895,3.782686417,,3.381658288,0.914590763
0.2,8,0.9,200,1,0.8,0.112868189,0.999926243,3.856833164,,3.381659045,0.914590725
0.1,5,0.9,200,1,0.8,0.476303488,0.998718141,3.684888586,,3.381761023,0.914585573
0.2,8,0.8,100,5,0.6,1.355366106,0.989634388,3.669571064,,3.381930184,0.914577028
0.2,6,0.9,400,5,1,0.112974626,0.999926212,3.673446516,,3.382165334,0.914565149
0.2,8,0.9,400,1,0.8,0.112433418,0.999926615,3.864910358,,3.382479763,0.914549263
0.2,7,0.9,100,3,1,0.218384883,0.99972843,3.850547456,,3.382529768,0.914546736
0.1,5,0.6,400,3,0.6,0.941387194,0.994994802,3.421185462,,3.382586478,0.914543871
0.3,8,0.8,100,1,1,0.115479704,0.999922609,4.266363901,,3.382651357,0.914540593
0.2,7,0.7,300,10,1,0.28857866,0.999529053,3.429980063,,3.382739464,0.914536141
0.3,4,0.8,400,1,0.8,0.130290709,0.999902889,3.902313897,,3.38277541,0.914534324
0.1,7,0.7,200,3,0.8,0.804069641,0.996351733,3.561323682,,3.382830475,0.914531542
0.2,4,0.7,400,10,1,0.52023749,0.998471677,3.11440979,,3.382909841,0.914527531
0.2,5,0.6,400,3,1,0.135353688,0.999895874,3.653968346,,3.382985652,0.9145237
0.2,6,0.9,300,5,1,0.116693972,0.999922108,3.676184663,,3.383035335,0.91452119
0.3,8,0.8,400,1,1,0.113532441,0.999925146,4.280319544,,3.383136185,0.914516093
0.2,6,0.9,100,5,0.8,1.003407831,0.994314304,3.713070073,,3.383158198,0.914514981
0.4,8,0.8,200,10,0.8,0.340166816,0.999344979,3.465593275,,3.383520758,0.914496658
0.2,8,0.9,300,1,0.8,0.112579122,0.999926433,3.864480778,,3.383709299,0.914487128
0.1,4,0.9,400,3,0.8,0.646410715,0.997641613,3.466762855,,3.383738884,0.914485633
0.2,6,0.9,200,5,1,0.156382295,0.999861659,3.679649034,,3.383774783,0.914483819
0.2,8,0.7,100,1,0.8,0.372523622,0.999214956,3.760647649,,3.383834132,0.914480819
0.4,5,0.6,400,10,0.6,0.678040412,0.997402249,3.323909607,,3.38400323,0.914472271
0.3,5,0.8,200,10,1,0.373127082,0.999212867,3.368939129,,3.384267658,0.914458904
0.3,8,0.8,400,1,0.8,0.113045506,0.999925795,3.898358733,,3.384309861,0.914456771
0.2,5,0.8,200,10,0.6,1.320818529,0.99015728,3.410083994,,3.38453828,0.914445223
0.4,7,0.7,400,10,0.8,0.183720755,0.99980856,3.545717598,,3.384816971,0.914431133
0.3,4,0.8,300,1,0.8,0.153822325,0.999865491,3.88179603,,3.385211838,0.914411167
0.1,7,0.8,200,10,0.8,1.587184855,0.985784434,3.74412676,,3.385414071,0.914400941
0.1,4,0.8,400,5,0.6,1.159135964,0.99242007,3.322464477,,3.38543489,0.914399888
0.1,7,0.8,200,10,1,1.152375453,0.9925017,3.694387237,,3.385556376,0.914393745
0.2,4,0.8,400,1,0.6,0.299850523,0.999489512,3.554178175,,3.386032924,0.914369643
0.1,8,0.7,200,5,1,0.666933772,0.997485727,3.727140671,,3.386073842,0.914367573
0.2,3,0.9,300,5,0.8,1.074800299,0.993480662,3.624766985,,3.386306539,0.914355803
0.3,3,0.9,400,10,0.8,0.858783864,0.995836559,3.394745743,,3.386366187,0.914352786
0.3,8,0.8,200,1,0.8,0.112557862,0.999926477,3.883138717,,3.386632457,0.914339317
0.3,8,0.8,300,1,0.8,0.114565489,0.999923787,3.882056026,,3.386647476,0.914338557
0.2,4,0.7,200,1,0.8,0.504817328,0.998554447,3.732197056,,3.387281379,0.914306486
0.2,3,0.9,300,3,0.6,1.096307772,0.993206848,3.637898519,,3.387568428,0.914291962
0.2,6,0.7,200,1,0.8,0.165152701,0.999845556,3.659189362,,3.387669144,0.914286865
0.2,4,0.9,400,1,0.6,0.264027395,0.99960449,3.845832679,,3.387828625,0.914278795
0.1,6,0.7,200,5,0.8,1.24826186,0.991208761,3.495780845,,3.38792379,0.914273979
0.3,6,0.9,300,5,0.6,0.214834524,0.999738365,3.633532845,,3.388203914,0.914259802
0.4,6,0.7,100,10,0.8,1.191810091,0.99196651,3.470886351,,3.388204475,0.914259774
0.2,8,0.7,300,10,0.8,0.608580969,0.997909346,3.443870228,,3.38842191,0.914248769
0.2,7,0.6,400,5,0.6,0.585543865,0.998062123,3.463461254,,3.388637901,0.914237836
0.4,8,0.9,200,1,0.6,0.112886029,0.999926223,3.868391439,,3.389305513,0.91420404
0.4,8,0.7,200,5,0.8,0.207081935,0.999757298,3.635672498,,3.389531813,0.914192583
0.3,4,0.8,200,1,0.6,0.403748112,0.999073314,3.676114113,,3.389701309,0.914184001
0.4,7,0.7,100,5,0.6,0.982870608,0.994524018,3.51439385,,3.38983667,0.914177147
0.2,7,0.7,400,3,1,0.11369976,0.999924972,3.729551412,,3.390389638,0.914149145
0.3,5,0.8,400,1,0.6,0.120643248,0.999916413,3.820695434,,3.390725193,0.91413215
0.2,6,0.9,100,10,1,1.099855891,0.993168367,3.802091761,,3.391000167,0.914118223
0.2,5,0.6,300,3,1,0.185165643,0.999806078,3.624772273,,3.391866384,0.914074341
0.4,5,0.7,100,5,0.8,0.86296638,0.995788332,3.515393417,,3.392035044,0.914065795
0.2,6,0.8,400,1,0.6,0.122167843,0.999914595,3.756933059,,3.392198538,0.914057511
0.3,7,0.7,200,3,0.6,0.407417212,0.999059531,3.656946589,,3.39307764,0.914012961
0.1,4,0.9,400,1,0.8,0.387777098,0.999149577,3.608148446,,3.393125647,0.914010528
0.2,5,0.9,200,5,0.6,0.820212349,0.996201062,3.508667978,,3.393506152,0.913991241
0.2,6,0.8,300,1,0.6,0.138609406,0.999890849,3.741851397,,3.393525644,0.913990253
0.2,4,0.8,200,10,1,0.995557874,0.994405173,3.2460719,,3.39355964,0.913988529
0.2,8,0.7,200,5,0.8,0.519729377,0.9984748,3.554094329,,3.39369772,0.91398153
0.1,6,0.9,200,1,0.8,0.281285345,0.999552096,3.730784682,,3.393863519,0.913973125
0.1,5,0.9,400,10,0.6,1.198705206,0.991895178,3.531129371,,3.3941973,0.913956203
0.1,7,0.6,400,1,0.6,0.383461363,0.999166017,3.640089442,,3.394374916,0.913947197
0.4,8,0.9,400,1,0.6,0.112515698,0.999926508,3.884573157,,3.394641561,0.913933677
0.1,5,0.6,400,5,0.6,1.17907379,0.992153235,3.439329511,,3.394707064,0.913930356
0.1,5,0.9,400,3,0.8,0.347937212,0.999315139,3.435084677,,3.394754276,0.913927961
0.4,5,0.6,300,10,0.6,0.820644453,0.996196541,3.283724552,,3.39485909,0.913922646
0.3,8,0.6,400,3,1,0.114403601,0.999924001,3.910784871,,3.395496265,0.913890332
0.4,8,0.9,300,1,0.6,0.112847396,0.999926079,3.878180578,,3.395547031,0.913887757
0.4,6,0.6,300,3,0.8,0.133546428,0.999898521,3.831555731,,3.395673189,0.913881358
0.2,7,0.7,300,3,1,0.113689311,0.999925332,3.721521816,,3.3957335,0.913878299
0.1,5,0.9,400,5,0.6,0.801537304,0.996375829,3.560279605,,3.396104459,0.913859482
0.1,8,0.7,300,10,1,0.82680693,0.996136941,3.611432365,,3.396301566,0.913849482
0.2,5,0.7,300,10,0.6,1.083791324,0.993370689,3.308025005,,3.396629296,0.913832855
0.1,5,0.6,300,10,1,1.29529239,0.990529169,3.35221715,,3.39678444,0.913824983
0.1,7,0.7,400,10,0.6,1.324285768,0.990108302,3.515246842,,3.396915463,0.913818335
0.4,3,0.7,200,3,0.6,1.082609358,0.993351171,3.698018735,,3.397045919,0.913811716
0.1,6,0.8,100,3,1,1.219959075,0.991591012,3.827518117,,3.397499134,0.913788717
0.2,6,0.8,200,1,0.6,0.252124879,0.999639996,3.703598467,,3.397524289,0.91378744
0.4,8,0.6,200,3,0.6,0.415804605,0.99902082,3.512304874,,3.398068802,0.913759804
0.4,8,0.7,300,5,0.8,0.124104639,0.999912345,3.659767549,,3.398113152,0.913757552
0.4,5,0.7,300,10,0.8,0.404778163,0.999072672,3.478789728,,3.398272207,0.913749479
0.2,5,0.7,100,1,0.8,0.727083305,0.997006488,3.876336941,,3.399054457,0.913709766
0.2,7,0.7,300,10,0.8,0.631984865,0.99774501,3.39960909,,3.399095192,0.913707698
0.4,8,0.7,400,5,0.8,0.115483836,0.999923238,3.66918319,,3.399127075,0.913706079
0.2,8,0.9,100,1,0.8,0.18040879,0.999815605,3.851593844,,3.39937545,0.913693468
0.3,5,0.8,300,1,0.6,0.133321897,0.999898614,3.81792938,,3.399723772,0.91367578
0.2,7,0.7,200,3,1,0.130592257,0.999903296,3.720749653,,3.399888804,0.913667399
0.1,7,0.7,400,5,0.6,0.851826956,0.99590471,3.358159788,,3.400004021,0.913661547
0.4,7,0.6,100,10,0.6,1.735533456,0.983004885,3.497061547,,3.40018172,0.913652522
0.4,4,0.6,200,10,0.6,1.326903802,0.990061705,3.343727845,,3.400330027,0.913644989
0.2,5,0.9,200,1,1,0.116275234,0.999922169,3.79793923,,3.400579727,0.913632306
0.2,6,0.7,400,5,1,0.119747409,0.999918007,3.542152318,,3.400598627,0.913631346
0.3,5,0.6,200,10,1,0.637890971,0.997698026,3.227429482,,3.400632316,0.913629635
0.2,6,0.7,400,1,0.8,0.115079061,0.999923354,3.699539692,,3.400687883,0.913626812
0.4,4,0.7,200,5,0.8,0.56980943,0.998163751,3.515837129,,3.400868887,0.913617617
0.4,6,0.6,200,3,0.8,0.238835533,0.999676925,3.798838781,,3.400984336,0.913611752
0.3,8,0.6,300,3,1,0.113564009,0.999925207,3.896471785,,3.401000998,0.913610906
0.1,7,0.8,200,3,0.8,0.645388917,0.997648788,3.528811607,,3.401018933,0.913609995
0.3,8,0.8,100,1,0.8,0.138309444,0.999891411,3.899021263,,3.401360622,0.913592635
0.4,4,0.9,300,10,0.6,0.60154629,0.997955633,3.575610374,,3.401684313,0.913576189
0.3,5,0.8,200,1,0.6,0.213000747,0.999742519,3.779471196,,3.40197001,0.913561671
0.2,5,0.9,300,1,1,0.113392281,0.999925388,3.799151645,,3.402356775,0.913542016
0.4,5,0.7,400,10,0.8,0.272945034,0.999577545,3.49837091,,3.402441172,0.913537726
0.4,3,0.8,400,10,0.8,0.734465059,0.996955018,3.434112904,,3.403112986,0.913503579
0.2,4,0.9,400,1,1,0.11993702,0.99991736,3.563953413,,3.403433454,0.913487288
0.4,7,0.7,100,5,0.8,0.664166661,0.997502824,3.5498954,,3.403439432,0.913486984
0.4,5,0.7,400,10,0.6,0.500772929,0.998582062,3.501406352,,3.403659751,0.913475783
0.1,6,0.7,300,10,0.8,1.303732977,0.990408412,3.444005979,,3.40387842,0.913464665
0.3,6,0.6,400,1,1,0.11561724,0.999922359,4.034454487,,3.40439505,0.913438395
0.2,5,0.9,400,1,1,0.112458439,0.99992658,3.798430041,,3.404617984,0.913427058
0.2,6,0.6,200,3,0.6,0.895517615,0.995466773,3.559318638,,3.404713101,0.91342222
0.2,4,0.9,300,1,1,0.136373987,0.999894244,3.554282928,,3.405356757,0.913389482
0.1,6,0.7,300,10,1,0.925223073,0.995166262,3.441741629,,3.405667145,0.913373693
0.3,4,0.9,100,5,0.6,1.418644747,0.988619901,3.79620395,,3.405755397,0.913369203
0.3,4,0.7,200,10,0.8,1.113735588,0.992994222,3.328499963,,3.405841712,0.913364812
0.2,6,0.7,300,1,0.8,0.11889247,0.999918787,3.687162423,,3.405844243,0.913364683
0.3,7,0.9,200,5,0.8,0.163833435,0.999848,3.692490886,,3.406270784,0.913342982
0.1,8,0.9,400,3,0.6,0.332707852,0.99937533,3.579985131,,3.40653678,0.913329447
0.2,4,0.9,200,1,1,0.221522835,0.999721781,3.523160425,,3.407204302,0.913295477
0.1,5,0.6,400,1,0.8,0.324608208,0.999403643,3.554201243,,3.407234254,0.913293953
0.1,6,0.9,400,5,0.6,0.647650094,0.997633642,3.569964062,,3.40762035,0.913274301
0.2,6,0.7,300,10,1,0.347804629,0.999315893,3.362578341,,3.407659885,0.913272289
0.3,8,0.6,200,3,1,0.116999465,0.999921516,3.89326687,,3.408040778,0.9132529
0.2,3,0.8,300,5,0.8,1.105868121,0.993100481,3.398983444,,3.408564989,0.913226212
0.2,3,0.7,300,1,0.6,0.935196251,0.995050223,3.550877121,,3.408794789,0.913214511
0.4,4,0.9,300,5,0.6,0.355923317,0.999283513,3.743499266,,3.408938942,0.913207171
0.2,5,0.8,200,3,1,0.200442448,0.999772349,3.679347172,,3.409417969,0.913182777
0.1,8,0.6,400,1,0.6,0.353944512,0.999290137,3.639003448,,3.409692637,0.913168788
0.1,5,0.8,300,10,0.8,1.262796191,0.991001026,3.467463853,,3.41059021,0.913123067
0.3,6,0.6,100,1,1,0.152017429,0.999869133,3.973369341,,3.410824017,0.913111155
0.3,6,0.6,300,1,1,0.115596604,0.999922382,4.010461863,,3.411229893,0.913090475
0.2,7,0.8,100,5,0.6,1.382134606,0.989222235,3.677010307,,3.411502306,0.913076593
0.2,5,0.9,100,3,1,0.54426225,0.998323174,3.66003812,,3.411936338,0.913054474
0.2,5,0.6,200,10,1,0.974783474,0.994632532,3.318630255,,3.412021529,0.913050132
0.2,5,0.9,400,10,1,0.20314889,0.999766714,3.409527986,,3.4121229,0.913044965
0.4,5,0.6,200,5,0.6,0.820159745,0.996198789,3.367502831,,3.412177563,0.913042179
0.4,7,0.7,400,10,0.6,0.40083724,0.999090367,3.434742404,,3.412181493,0.913041979
0.1,4,0.8,400,3,0.6,0.935413887,0.995060003,3.449240871,,3.412256633,0.913038149
0.2,6,0.8,400,5,0.8,0.166915996,0.999842415,3.498676594,,3.41243486,0.913029065
0.2,7,0.6,300,5,0.6,0.732552027,0.996968064,3.456914769,,3.412596408,0.91302083
0.4,4,0.8,400,3,1,0.116824655,0.999921307,3.672133222,,3.412923335,0.913004164
0.4,6,0.8,100,10,0.8,0.971808747,0.994667051,3.484692173,,3.412987571,0.913000889
0.3,6,0.6,200,1,1,0.113478273,0.999925362,4.010733162,,3.413601586,0.912969583
0.4,4,0.6,300,5,0.6,0.69355876,0.997273494,3.511994877,,3.414257107,0.912936155
0.2,5,0.8,200,1,0.8,0.214398856,0.999739204,3.782916658,,3.414726136,0.912912232
0.2,8,0.6,400,10,0.6,0.959367022,0.994804803,3.369919916,,3.414872,0.912904792
0.4,8,0.8,200,1,0.6,0.114282947,0.999924661,3.718845044,,3.41528968,0.912883485
0.1,7,0.8,200,5,0.8,0.951851148,0.994886675,3.550926368,,3.415368312,0.912879474
0.1,7,0.8,400,3,0.6,0.468443061,0.998759697,3.434056135,,3.415384206,0.912878663
0.1,4,0.8,300,5,1,0.862736528,0.995796942,3.366210407,,3.415769917,0.912858984
0.2,8,0.7,300,5,1,0.119728852,0.999918088,3.740853492,,3.415794254,0.912857742
0.2,4,0.6,400,10,0.8,0.948207175,0.99492525,3.228322362,,3.41613896,0.912840153
0.2,8,0.7,400,5,1,0.11380339,0.999925118,3.748241593,,3.416248261,0.912834576
0.4,8,0.7,100,5,0.6,0.965485303,0.994710459,3.564984281,,3.416282189,0.912832844
0.2,5,0.9,300,10,1,0.307489272,0.999465622,3.409196169,,3.416446428,0.912824463
0.2,6,0.7,300,5,1,0.149390651,0.999873755,3.52352128,,3.417211275,0.912785426
0.4,7,0.8,100,10,0.8,0.895168236,0.995469657,3.493982656,,3.417505368,0.912770414
0.1,8,0.7,200,5,0.8,1.114693148,0.992989126,3.55563285,,3.417694107,0.912760779
0.2,3,0.8,400,5,0.6,1.132320643,0.992757194,3.368990535,,3.417940237,0.912748213
0.1,5,0.7,400,5,0.6,1.021549577,0.994109789,3.324975677,,3.417955797,0.912747419
0.1,6,0.8,300,3,0.8,0.420658284,0.999000639,3.535936156,,3.418195589,0.912735175
0.3,8,0.6,100,10,0.8,1.691567196,0.98385211,3.579103179,,3.418425088,0.912723457
0.4,7,0.7,300,10,0.6,0.537242743,0.998367618,3.421124618,,3.418484106,0.912720443
0.1,8,0.6,300,1,0.6,0.479507975,0.998697745,3.625590886,,3.418504903,0.912719382
0.4,6,0.9,100,1,0.6,0.211797447,0.999744793,3.8043804,,3.418586705,0.912715204
0.4,4,0.8,400,3,0.8,0.146856434,0.999877343,3.757152211,,3.418643391,0.91271231
0.1,8,0.6,400,5,0.6,1.022694215,0.994096739,3.368988447,,3.419514033,0.912667844
0.4,4,0.8,200,3,1,0.175206795,0.999826296,3.648507012,,3.419662798,0.912660245
0.1,6,0.7,200,3,0.8,0.921546856,0.99520521,3.544117821,,3.419713551,0.912657653
0.3,5,0.8,200,5,0.8,0.381372473,0.99917713,3.535852593,,3.419905746,0.912647835
0.1,7,0.8,100,5,1,1.49067746,0.987460458,4.029509669,,3.419913375,0.912647445
0.1,7,0.9,400,10,1,0.290036623,0.999524516,3.660025008,,3.420745647,0.912604924
0.2,5,0.9,200,10,0.6,1.198344454,0.991895813,3.520852875,,3.421196438,0.912581888
0.2,7,0.6,400,10,0.6,0.969396234,0.994696703,3.311220198,,3.421211144,0.912581136
0.4,7,0.9,200,10,1,0.117713686,0.999920663,3.706284009,,3.421350785,0.912574
0.3,4,0.8,200,3,0.6,0.684282228,0.997346292,3.697745705,,3.421437138,0.912569587
0.2,5,0.8,400,3,1,0.115395706,0.999923208,3.694407665,,3.421658786,0.912558259
0.4,8,0.8,300,1,0.6,0.114903059,0.999923348,3.72733689,,3.421714641,0.912555404
0.1,8,0.9,400,5,0.6,0.544904994,0.998325384,3.605519284,,3.421906273,0.912545609
0.3,6,0.6,100,3,0.8,0.866831037,0.995751939,3.696523913,,3.421926667,0.912544566
0.1,7,0.7,300,10,1,0.85804584,0.995841703,3.534350543,,3.422274764,0.912526773
0.1,5,0.6,300,3,0.6,1.138889945,0.992674755,3.475068478,,3.422618439,0.912509203
0.4,4,0.6,400,10,0.8,0.563720288,0.998203001,3.342470863,,3.422815881,0.912499109
0.4,4,0.9,400,5,0.6,0.273925502,0.999575525,3.742655487,,3.422926194,0.912493468
0.1,8,0.8,400,1,0.8,0.114224752,0.999924765,3.737769903,,3.422984006,0.912490512
0.2,3,0.8,400,1,1,0.345923393,0.999321217,3.666137627,,3.423223287,0.912478277
0.3,6,0.9,200,5,0.6,0.426324362,0.998970914,3.609041832,,3.423749452,0.91245137
0.3,4,0.9,200,10,0.6,1.152332874,0.992501296,3.515505893,,3.423946143,0.912441311
0.1,6,0.8,400,10,0.6,1.175033457,0.992211097,3.472443456,,3.424036963,0.912436666
0.2,4,0.7,400,5,0.8,0.526184086,0.99843521,3.410625854,,3.424142612,0.912431262
0.1,8,0.8,400,10,0.6,1.105515626,0.993105927,3.494962354,,3.424538665,0.912411004
0.4,3,0.9,400,10,0.6,0.881709089,0.995611347,3.61382979,,3.424609973,0.912407356
0.2,4,0.7,300,10,0.8,1.031681461,0.993992614,3.391285175,,3.424798623,0.912397706
0.3,6,0.9,100,10,0.6,1.400941941,0.988927667,3.739312225,,3.425559259,0.912358789
0.4,6,0.9,200,1,0.6,0.11577982,0.999922845,3.78925262,,3.426025019,0.912334955
0.3,5,0.7,200,5,0.8,0.498151698,0.998595761,3.480469625,,3.426063325,0.912332994
0.2,7,0.6,100,10,1,1.721794414,0.983260913,3.73355811,,3.426495379,0.912310882
0.2,8,0.8,400,5,0.8,0.129341182,0.999904876,3.603745315,,3.426606647,0.912305187
0.1,5,0.6,200,5,0.8,1.614499965,0.985295059,3.536062977,,3.426621825,0.91230441
0.4,8,0.7,100,10,0.8,1.12584819,0.992828744,3.4708693,,3.426816428,0.912294449
0.3,4,0.8,300,3,0.6,0.414354213,0.999024627,3.686046835,,3.427232681,0.912273141
0.4,8,0.8,400,1,0.6,0.113402845,0.999925326,3.727667915,,3.427360698,0.912266587
0.2,5,0.7,100,1,1,0.355765739,0.999282225,3.845966943,,3.42741056,0.912264034
0.1,5,0.7,400,3,0.8,0.495065853,0.998615323,3.552323422,,3.427509641,0.912258961
0.3,4,0.9,400,5,0.8,0.229380219,0.999702111,3.715744228,,3.427585254,0.91225509
0.4,6,0.9,300,1,0.8,0.11272008,0.999926227,3.9679785,,3.427802625,0.91224396
0.4,6,0.9,200,1,0.8,0.112526973,0.999926493,3.953665494,,3.427820844,0.912243028
0.4,8,0.9,300,1,0.8,0.112711766,0.999926234,3.876535255,,3.427871445,0.912240437
0.2,4,0.8,300,10,0.6,1.163486447,0.992363122,3.386162248,,3.42789482,0.91223924
0.4,6,0.9,400,1,0.8,0.112436898,0.999926594,3.96859574,,3.42793099,0.912237388
0.2,4,0.9,200,1,0.6,0.584614853,0.99806652,3.818240024,,3.42816804,0.912225249
0.1,6,0.7,400,10,0.6,1.357725862,0.989601832,3.493793212,,3.428190054,0.912224122
0.1,8,0.8,300,1,0.8,0.122151763,0.999914902,3.729317729,,3.428316553,0.912217644
0.4,5,0.7,200,3,0.8,0.224551114,0.999713814,3.817283813,,3.428352561,0.9122158
0.2,5,0.6,100,5,1,1.223545559,0.991541002,3.576051652,,3.42859739,0.912203262
0.3,4,0.9,300,5,0.8,0.314642135,0.999439991,3.69512857,,3.428663998,0.91219985
0.4,8,0.9,400,1,0.8,0.112432699,0.999926598,3.883990198,,3.42876462,0.912194697
0.2,6,0.7,400,5,0.6,0.46676878,0.998768208,3.469733946,,3.42926433,0.912169102
0.4,6,0.8,100,10,1,0.505465467,0.998554537,3.47353658,,3.42959968,0.912151923
0.2,5,0.6,300,5,0.6,0.864910072,0.995775175,3.424113906,,3.429624454,0.912150654
0.4,7,0.9,300,10,1,0.112721005,0.999926343,3.71105369,,3.429811392,0.912141076
0.1,5,0.7,300,3,0.6,0.957281866,0.994827516,3.388543141,,3.430031742,0.912129787
0.4,3,0.8,400,10,0.6,0.983961943,0.994532706,3.446334472,,3.430186762,0.912121844
0.2,6,0.7,200,10,0.8,1.074419372,0.993485753,3.456853469,,3.430300729,0.912116005
0.4,7,0.9,400,10,1,0.112444225,0.999926641,3.711083126,,3.430614783,0.912099912
0.3,8,0.6,100,3,1,0.26176517,0.999612063,3.854652348,,3.430697762,0.91209566
0.4,4,0.6,400,5,0.6,0.562719407,0.998202636,3.545410215,,3.430812962,0.912089756
0.2,3,0.8,400,1,0.8,0.519016443,0.998477689,3.649996087,,3.430830646,0.91208885
0.2,6,0.9,200,1,0.6,0.210744152,0.999748026,4.015780202,,3.430848696,0.912087925
0.1,6,0.6,200,3,0.6,1.4702453,0.987802129,3.630428105,,3.431305226,0.912064527
0.2,7,0.7,300,3,0.8,0.159828393,0.999855555,3.740790922,,3.431372146,0.912061097
0.2,7,0.9,100,10,1,0.95222815,0.994876149,3.719286784,,3.431462027,0.91205649
0.4,4,0.8,300,3,1,0.12635586,0.99990887,3.654735217,,3.431716513,0.912043445
0.2,5,0.8,300,3,1,0.12618581,0.999909235,3.687154958,,3.432117169,0.912022906
0.4,8,0.9,200,1,0.8,0.112452837,0.999926574,3.871712738,,3.432468886,0.912004874
0.4,4,0.8,300,3,0.8,0.182433466,0.999811202,3.746966856,,3.432525277,0.912001982
0.3,4,0.8,400,3,0.6,0.319791492,0.999418841,3.691796324,,3.432747637,0.911990581
0.2,7,0.7,400,3,0.8,0.126028771,0.999909539,3.751528783,,3.432879998,0.911983794
0.4,8,0.8,100,1,0.6,0.198787561,0.999775562,3.713482636,,3.432967952,0.911979284
0.4,6,0.9,400,1,0.6,0.112538718,0.999926481,3.8069806,,3.433077145,0.911973684
0.4,6,0.9,300,1,0.6,0.112932345,0.999925985,3.800568037,,3.433168994,0.911968974
0.1,5,0.7,300,5,0.8,0.960947135,0.994790279,3.450250435,,3.433219588,0.911966379
0.4,4,0.8,400,10,0.8,0.344862825,0.999327557,3.372669017,,3.43418406,0.911916911
0.2,5,0.9,100,1,1,0.248965324,0.999646768,3.823397839,,3.434521567,0.911899597
0.1,6,0.9,300,10,0.6,1.295643279,0.990531519,3.61424694,,3.434540405,0.91189863
0.2,6,0.9,400,1,0.6,0.11635992,0.999922091,4.068450181,,3.434554369,0.911897914
0.2,5,0.7,200,10,0.8,1.199190828,0.991884483,3.416324303,,3.435039101,0.911873044
0.3,7,0.9,300,5,0.8,0.116433559,0.999922128,3.702146739,,3.435059301,0.911872007
0.2,3,0.9,400,5,0.6,1.092929671,0.993253262,3.482085252,,3.435198394,0.91186487
0.1,4,0.9,300,1,0.8,0.541729238,0.998341034,3.604666001,,3.436559242,0.911795027
0.2,3,0.8,400,10,0.8,1.216156912,0.99165809,3.368232672,,3.43670965,0.911787306
0.3,7,0.9,400,5,0.8,0.113017043,0.999926081,3.705720907,,3.436764513,0.91178449
0.3,6,0.7,100,10,1,0.992249176,0.994436123,3.535380734,,3.436829738,0.911781141
0.4,4,0.8,200,3,0.8,0.321855826,0.99941337,3.750320922,,3.437407529,0.911751476
0.4,4,0.7,400,10,0.8,0.435195474,0.998927994,3.481414362,,3.437485646,0.911747465
0.2,7,0.7,200,10,0.6,1.399176899,0.988956632,3.441550118,,3.437946383,0.911723806
0.4,7,0.6,100,5,0.8,0.888884277,0.995531932,3.465402894,,3.438231368,0.91170917
0.1,8,0.8,200,1,0.8,0.215793223,0.999737016,3.714322544,,3.438689451,0.911685643
0.1,8,0.7,300,10,0.8,1.230428622,0.991455801,3.486934354,,3.438975528,0.911670948
0.1,5,0.7,300,3,1,0.410199462,0.999049331,3.473282398,,3.438979661,0.911670735
0.2,5,0.7,100,3,1,0.782195378,0.99653669,3.698123759,,3.439323019,0.911653096
0.3,8,0.7,400,10,1,0.116965902,0.99992155,3.459437597,,3.439405229,0.911648873
0.1,7,0.6,400,5,0.6,1.03990476,0.993895895,3.345100168,,3.43941484,0.911648379
0.1,8,0.6,300,10,0.8,1.51227668,0.987087057,3.516474215,,3.439496679,0.911644174
0.1,5,0.8,400,10,0.6,1.293799502,0.990555878,3.422656951,,3.439763299,0.911630476
0.2,6,0.7,200,5,1,0.291790652,0.999518698,3.493509487,,3.439884709,0.911624237
0.4,8,0.9,100,1,0.8,0.113262507,0.999925777,3.86916395,,3.439994996,0.91161857
0.4,7,0.7,200,10,0.8,0.536754253,0.998370633,3.465074078,,3.439995128,0.911618564
0.1,8,0.8,200,10,1,1.112007472,0.993015984,3.678689757,,3.440034624,0.911616534
0.2,8,0.6,400,5,0.6,0.568905474,0.998170263,3.50649343,,3.440170573,0.911609548
0.1,5,0.7,300,10,0.8,1.432467859,0.988424593,3.439468807,,3.440596585,0.911587655
0.3,4,0.9,200,3,0.6,0.636912887,0.997703639,3.842635279,,3.440620094,0.911586447
0.2,6,0.9,300,1,0.6,0.125415221,0.999910191,4.056301825,,3.440670568,0.911583853
0.2,6,0.6,300,10,0.6,1.184101778,0.992086319,3.353550713,,3.440946336,0.911569679
0.2,8,0.9,400,3,0.8,0.112635344,0.999926461,3.826794261,,3.441417359,0.911545468
0.4,6,0.9,100,1,0.8,0.12348741,0.9999127,3.953685048,,3.441556635,0.911538308
0.1,7,0.7,300,10,0.8,1.249337167,0.991192372,3.474150177,,3.441598411,0.91153616
0.2,5,0.8,200,10,0.8,1.050025293,0.993777587,3.469506406,,3.441606258,0.911535757
0.1,6,0.8,200,10,1,1.259416204,0.991047355,3.629976276,,3.441779341,0.911526859
0.1,6,0.7,400,5,1,0.262901694,0.999609096,3.514156531,,3.441810009,0.911525282
0.4,4,0.6,200,5,0.6,1.004959532,0.994293942,3.543167729,,3.441895032,0.911520911
0.3,6,0.7,300,10,1,0.185977995,0.999804455,3.422373147,,3.44191444,0.911519913
0.1,6,0.6,400,10,0.8,1.227005766,0.991499648,3.408216799,,3.442163496,0.911507108
0.2,8,0.8,300,5,0.8,0.17401135,0.99982875,3.600766802,,3.442262031,0.911502041
0.4,5,0.8,100,10,0.6,1.388463554,0.989114038,3.462930895,,3.442387972,0.911495565
0.1,8,0.9,300,10,0.6,1.206310279,0.991792834,3.627403134,,3.442599896,0.911484668
0.1,6,0.8,300,3,0.6,0.697556295,0.997253856,3.444162828,,3.442821877,0.911473252
0.1,6,0.6,200,1,0.6,0.95971374,0.994796454,3.730540097,,3.442854804,0.911471559
0.3,3,0.8,300,5,0.8,0.830377417,0.996106159,3.437245782,,3.443047397,0.911461654
0.1,4,0.9,400,3,1,0.428358943,0.99896461,3.456316959,,3.443209422,0.911453321
0.4,3,0.7,300,3,0.8,0.584945663,0.998063133,3.628202617,,3.443329247,0.911447158
0.2,8,0.9,200,3,0.8,0.151535133,0.999869923,3.808020712,,3.443923178,0.911416607
0.2,8,0.9,300,3,0.8,0.114521502,0.999924422,3.823795168,,3.444266307,0.911398954
0.4,4,0.6,200,3,0.6,0.775551518,0.996593275,3.640000676,,3.444348762,0.911394712
0.3,6,0.8,100,10,1,0.77147464,0.99663648,3.392528402,,3.444478379,0.911388043
0.3,7,0.7,100,5,1,0.386843622,0.999153503,3.733691142,,3.44456575,0.911383548
0.2,3,0.9,200,1,0.8,1.003101577,0.994314806,3.548031962,,3.445220633,0.911349849
0.3,4,0.9,200,5,0.8,0.581104344,0.998089771,3.682224392,,3.445277007,0.911346948
0.1,4,0.6,400,5,1,0.807646783,0.996318806,3.290551393,,3.445303236,0.911345598
0.2,4,0.9,200,5,1,0.588387876,0.998044625,3.461318772,,3.445665176,0.91132697
0.1,7,0.8,400,10,0.6,1.124608471,0.992865518,3.507652428,,3.445726062,0.911323836
0.4,4,0.9,200,5,0.6,0.625583899,0.997786363,3.746654362,,3.445752381,0.911322482
0.4,5,0.6,100,3,0.6,1.042006587,0.993853015,3.609754946,,3.446312693,0.91129364
0.4,4,0.6,100,10,0.8,1.726194324,0.983180602,3.457640898,,3.446581543,0.911279799
0.1,7,0.8,400,5,0.6,0.702756583,0.997213927,3.363468182,,3.446663252,0.911275592
0.4,3,0.9,300,10,0.6,1.047498831,0.993803501,3.634760437,,3.446687203,0.911274359
0.1,7,0.9,300,10,0.6,1.233956723,0.991412757,3.616507618,,3.446734373,0.911271931
0.1,5,0.6,300,5,0.6,1.406058791,0.988840886,3.504904441,,3.44712347,0.911251897
0.3,7,0.6,100,10,1,1.138161126,0.992677889,3.389123426,,3.447162145,0.911249905
0.2,8,0.7,200,5,1,0.190132785,0.999795652,3.728771606,,3.447254567,0.911245146
0.3,3,0.9,300,10,0.8,1.060590648,0.993651376,3.411372079,,3.447884533,0.911212705
0.3,6,0.7,400,10,1,0.130579618,0.999903117,3.440068218,,3.448098981,0.91120166
0.1,8,0.7,300,5,0.6,1.025900863,0.994059276,3.43333942,,3.448694818,0.911170968
0.4,4,0.9,200,10,0.6,0.928886,0.995124248,3.583816041,,3.448747499,0.911168254
0.1,8,0.6,300,5,0.6,1.239450108,0.991330203,3.437783688,,3.448804411,0.911165322
0.1,6,0.9,300,10,1,0.629055672,0.997764454,3.684802831,,3.449433772,0.911132897
0.1,8,0.9,300,3,0.6,0.4585176,0.998814188,3.581043125,,3.449490689,0.911129964
0.2,3,0.7,400,1,0.6,0.794704793,0.996426673,3.561159572,,3.44952912,0.911127984
0.3,6,0.7,200,5,0.8,0.383328052,0.999169052,3.56987598,,3.449544886,0.911127172
0.1,5,0.6,300,1,0.8,0.469217213,0.998755396,3.520347969,,3.450022811,0.911102544
0.3,7,0.6,100,10,0.8,1.700127668,0.983691307,3.614726132,,3.450476582,0.911079157
0.1,6,0.9,200,10,0.8,1.516797099,0.987016556,3.729117047,,3.450545695,0.911075595
0.4,5,0.9,100,5,0.6,0.854173544,0.99587214,3.817741988,,3.450556789,0.911075023
0.4,6,0.9,200,10,1,0.132437053,0.99990051,3.578320328,,3.45067806,0.911068773
0.3,8,0.9,200,5,0.8,0.146920386,0.999877721,3.665025122,,3.450829096,0.911060987
0.1,5,0.8,300,5,0.6,1.092715582,0.993265728,3.386712391,,3.451626613,0.911019874
0.1,6,0.8,200,10,0.8,1.669475727,0.984274297,3.723968103,,3.452154861,0.910992636
0.2,5,0.8,400,1,0.8,0.117957983,0.999919914,3.823348004,,3.452468747,0.910976449
0.4,6,0.9,300,10,1,0.114043431,0.999925035,3.58103366,,3.45272701,0.91096313
0.4,6,0.9,400,10,1,0.112589892,0.999926521,3.581969001,,3.453250815,0.910936113
0.4,3,0.6,400,5,0.8,0.677080344,0.997405994,3.809222524,,3.453810849,0.910907222
0.2,7,0.8,400,1,0.6,0.115976834,0.999922556,3.900638225,,3.453929414,0.910901105
0.4,4,0.6,100,5,0.8,1.272470258,0.99084725,3.455220266,,3.454376982,0.910878013
0.2,6,0.8,300,5,0.8,0.240768769,0.999672496,3.503007737,,3.454523022,0.910870477
0.3,5,0.8,200,5,1,0.178420749,0.99981979,3.528652879,,3.454544331,0.910869377
0.2,3,0.8,300,3,0.8,0.938552786,0.99502625,3.668135508,,3.455025678,0.910844537
0.3,4,0.9,300,3,0.6,0.358304776,0.999272255,3.8385958,,3.455222494,0.910834379
0.1,6,0.8,100,5,1,1.659691044,0.984457032,3.946194289,,3.455499955,0.910820058
0.1,5,0.6,300,3,1,0.523041305,0.998454927,3.355573847,,3.456129064,0.910787583
0.2,7,0.7,200,10,1,0.591330361,0.998023021,3.4237521,,3.456249979,0.910781341
0.4,6,0.6,400,3,0.6,0.179405334,0.99981718,3.728055987,,3.456353763,0.910775982
0.4,6,0.6,300,3,0.6,0.237126323,0.999680417,3.718125444,,3.45643556,0.910771759
0.2,3,0.9,300,3,1,0.66617431,0.997495287,3.50194924,,3.45653828,0.910766456
0.1,8,0.9,200,10,0.8,1.383566745,0.9891976,3.717714643,,3.457385545,0.910722705
0.1,5,0.8,300,3,0.8,0.583653268,0.998077376,3.466660707,,3.457491337,0.910717241
0.3,6,0.8,100,10,0.6,1.566498012,0.986151956,3.56606362,,3.457569398,0.910713209
0.3,6,0.8,100,5,0.8,0.764722649,0.996688812,3.703062826,,3.457635015,0.91070982
0.3,5,0.6,400,10,0.6,0.819150402,0.99621113,3.327915884,,3.45826453,0.910677304
0.2,5,0.6,200,3,0.8,0.704326013,0.997198189,3.37415032,,3.458291844,0.910675893
0.3,4,0.9,400,3,0.6,0.276873768,0.99956527,3.828959647,,3.458716723,0.910653944
0.3,5,0.7,400,10,1,0.174827185,0.999827033,3.445278728,,3.45884759,0.910647182
0.3,8,0.7,300,10,1,0.143197498,0.99988371,3.448042698,,3.459212828,0.910628311
0.3,7,0.8,100,10,0.8,1.179314719,0.992143871,3.627297871,,3.459496573,0.910613649
0.2,5,0.6,300,3,0.6,0.64700037,0.997632121,3.518425054,,3.459796588,0.910598144
0.3,4,0.6,300,10,0.8,0.909839835,0.99532602,3.416310247,,3.459800659,0.910597934
0.1,5,0.8,300,3,0.6,0.83995595,0.996018113,3.472152166,,3.459802728,0.910597827
0.1,5,0.9,200,5,1,0.8055778,0.996334539,3.682876459,,3.46000343,0.910587454
0.2,5,0.8,300,1,0.8,0.129160727,0.99990481,3.806996105,,3.461005994,0.910535631
0.1,4,0.8,400,1,0.8,0.427880108,0.998965065,3.612434424,,3.461672104,0.910501191
0.4,3,0.8,300,10,0.6,1.127125702,0.992821639,3.395080696,,3.46181306,0.910493902
0.1,5,0.9,300,5,0.6,0.989972468,0.994472959,3.60353476,,3.462127139,0.91047766
0.3,4,0.8,100,1,0.6,0.828504382,0.996106186,3.728402972,,3.462181418,0.910474853
0.3,5,0.7,400,5,0.6,0.369330063,0.99922598,3.46243346,,3.462252581,0.910471173
0.1,5,0.9,400,10,1,0.590892227,0.998026249,3.460668116,,3.462667918,0.910449691
0.2,7,0.8,300,1,0.6,0.123798189,0.999912414,3.892486445,,3.462774201,0.910444194
0.2,8,0.7,200,10,0.6,1.388853066,0.989118948,3.468232126,,3.462814675,0.9104421
0.1,7,0.9,200,10,0.8,1.421736876,0.988593816,3.729300328,,3.463255179,0.910419314
0.2,8,0.9,100,5,0.8,0.804091601,0.99635069,3.776782864,,3.463284548,0.910417794
0.1,5,0.9,300,3,0.8,0.505412523,0.998556583,3.443161728,,3.463610439,0.910400934
0.3,8,0.9,400,5,0.8,0.112628842,0.999926476,3.682667569,,3.463746515,0.910393894
0.3,8,0.9,300,5,0.8,0.114335003,0.999924655,3.678541376,,3.464526395,0.910353539
0.1,6,0.8,300,5,0.6,0.960830926,0.994792622,3.432888006,,3.464691058,0.910345017
0.4,3,0.7,100,3,0.6,1.621936269,0.985113147,3.695360242,,3.465694852,0.91029306
0.3,6,0.6,400,3,0.6,0.258537323,0.999620343,3.642429935,,3.466174348,0.910268235
0.3,5,0.8,400,5,1,0.114556133,0.999924273,3.552477697,,3.466327375,0.910260312
0.1,7,0.6,300,5,0.6,1.256581734,0.991088639,3.399405456,,3.466911001,0.910230091
0.2,6,0.7,200,10,0.6,1.434898426,0.988385918,3.437431042,,3.467406691,0.910204419
0.3,7,0.8,100,10,1,0.665623933,0.997495675,3.555986743,,3.467777805,0.910185196
0.3,4,0.6,200,10,0.8,1.260577739,0.991031125,3.407694477,,3.467908263,0.910178438
0.1,8,0.8,100,5,1,1.416616728,0.988673602,4.055739728,,3.468046354,0.910171285
0.3,6,0.7,400,5,0.8,0.142400787,0.99988463,3.605555242,,3.46832608,0.910156793
0.4,5,0.6,200,3,0.8,0.326088629,0.99939716,3.720886046,,3.468753016,0.910134673
0.2,7,0.7,100,3,1,0.415824485,0.999020897,3.718232959,,3.469080944,0.910117681
0.3,7,0.6,300,3,0.6,0.312970804,0.999444989,3.608159581,,3.469210857,0.910110949
0.3,5,0.8,100,10,0.8,1.402168603,0.988901355,3.583980257,,3.469380266,0.91010217
0.3,5,0.8,100,1,0.8,0.316714879,0.999429339,3.672490922,,3.469621767,0.910089654
0.2,6,0.6,400,5,0.6,0.623579722,0.997803233,3.442471284,,3.469693698,0.910085926
0.4,5,0.9,400,1,0.6,0.113168832,0.999925738,3.812937,,3.469746145,0.910083208
0.4,4,0.9,100,5,0.8,0.927352185,0.995135379,3.782074594,,3.469947,0.910072797
0.2,7,0.9,400,3,0.6,0.141967533,0.999885773,3.737371296,,3.470169337,0.910061273
0.1,8,0.8,400,1,0.6,0.1827791,0.999810514,3.78262159,,3.470266863,0.910056217
0.3,6,0.7,200,10,1,0.368096689,0.999234402,3.406836434,,3.470390171,0.910049825
0.3,5,0.8,200,1,0.8,0.132204654,0.999900556,3.697594459,,3.470800012,0.910028579
0.3,8,0.6,200,10,0.6,1.28115389,0.990738455,3.414897067,,3.470996458,0.910018394
0.4,8,0.6,400,3,0.8,0.116004314,0.999922243,4.073744976,,3.471099654,0.910013043
0.2,5,0.6,400,3,0.6,0.511465142,0.99851957,3.546209154,,3.47139564,0.909997696
0.1,8,0.6,200,3,0.6,1.402139002,0.988906493,3.620905491,,3.471746484,0.909979502
0.3,7,0.8,200,5,1,0.115274497,0.999923691,3.741496395,,3.471828818,0.909975233
0.3,5,0.8,300,5,1,0.122649853,0.99991415,3.53951242,,3.471920459,0.90997048
0.2,8,0.8,200,5,0.8,0.372096619,0.999216953,3.617327029,,3.47195681,0.909968595
0.4,5,0.9,300,1,0.6,0.114820596,0.999923776,3.803624755,,3.472465409,0.909942216
0.4,6,0.6,100,5,0.8,0.944846318,0.994949482,3.441621262,,3.472544039,0.909938137
0.1,8,0.9,300,5,0.6,0.714805121,0.997118965,3.628537737,,3.473056825,0.909911537
0.2,5,0.8,100,1,0.8,0.607655115,0.99790972,3.877600845,,3.47334053,0.909896818
0.3,7,0.6,100,5,0.6,1.444325774,0.988212944,3.485737799,,3.47349597,0.909888753
0.1,8,0.9,200,5,0.8,0.779468889,0.99656953,3.636966295,,3.473672899,0.909879573
0.2,4,0.8,300,10,0.8,0.932908515,0.995089668,3.312609859,,3.473701361,0.909878096
0.4,8,0.6,200,3,0.8,0.186026985,0.999803964,4.026695821,,3.474090711,0.909857892
0.2,7,0.7,200,3,0.8,0.32613586,0.999399129,3.705378464,,3.474278804,0.909848131
0.2,5,0.8,400,5,1,0.128791654,0.99990568,3.484820983,,3.47443262,0.909840148
0.3,8,0.9,100,5,0.6,0.787981685,0.996494463,3.631659216,,3.474467688,0.909838328
0.2,5,0.7,200,1,1,0.131488367,0.999901668,3.860438968,,3.474695647,0.909826497
0.4,4,0.8,300,10,0.8,0.478106843,0.998708097,3.383071102,,3.474890153,0.909816401
0.2,7,0.8,200,1,0.6,0.207580399,0.999755507,3.843343422,,3.475391922,0.909790355
0.3,5,0.7,100,3,0.6,1.078692763,0.993406904,3.575165674,,3.476250777,0.909745763
0.3,8,0.7,200,3,0.6,0.385156133,0.999159658,3.712074476,,3.476405238,0.909737742
0.1,7,0.8,300,3,0.6,0.616826468,0.997851629,3.445109264,,3.477574759,0.909677001
0.2,8,0.6,300,5,0.6,0.715665435,0.997106129,3.478172607,,3.477703449,0.909670316
0.3,7,0.9,100,5,0.6,0.828029943,0.996128076,3.645110073,,3.477738779,0.90966848
0.2,5,0.8,100,1,0.6,0.798731597,0.996394998,3.643602347,,3.478128518,0.909648233
0.1,7,0.8,400,1,0.6,0.201578106,0.999769438,3.811871632,,3.478376495,0.909635349
0.2,5,0.7,400,3,0.8,0.199852783,0.999773769,3.716861228,,3.478463451,0.909630831
0.3,7,0.8,400,5,1,0.112630694,0.999926357,3.747176195,,3.478509845,0.90962842
0.3,3,0.8,200,10,0.8,1.48544236,0.987552282,3.539795405,,3.478641997,0.909621553
0.2,5,0.8,300,5,1,0.172343587,0.999832065,3.468083653,,3.478740607,0.909616429
0.3,5,0.9,100,10,1,0.856908619,0.995845877,3.560641261,,3.478794102,0.90961365
0.1,7,0.9,200,5,0.6,1.200285188,0.991876724,3.70193529,,3.478845488,0.909610979
0.1,6,0.8,400,1,0.6,0.254821622,0.999631713,3.70533071,,3.478856155,0.909610425
0.1,5,0.8,200,5,0.8,1.283709265,0.990704973,3.511099867,,3.478894181,0.909608449
0.4,8,0.7,200,3,1,0.112630515,0.999926381,4.208479095,,3.478907544,0.909607755
0.2,5,0.7,400,1,1,0.11550099,0.999922562,3.875131018,,3.478922822,0.909606961
0.2,4,0.7,300,10,0.6,1.279182158,0.990766847,3.422035538,,3.478974845,0.909604257
0.4,7,0.6,100,3,0.6,0.880561683,0.995600238,3.48569959,,3.479010311,0.909602414
0.3,7,0.6,200,10,0.6,1.283200797,0.990709564,3.43456095,,3.479030401,0.90960137
0.4,5,0.7,300,10,0.6,0.637062011,0.997706605,3.49505602,,3.479081838,0.909598697
0.2,8,0.9,100,10,0.8,1.452276219,0.988095093,3.763814388,,3.479234784,0.909590748
0.4,8,0.6,300,3,0.8,0.120182825,0.999917451,4.056723284,,3.479450647,0.909579529
0.3,7,0.8,300,5,1,0.112550071,0.999926508,3.742739759,,3.479482411,0.909577879
0.4,5,0.9,200,1,0.6,0.133556566,0.99989825,3.768583859,,3.479560298,0.90957383
0.4,4,0.6,300,10,1,0.424696345,0.998977868,3.242379854,,3.479569042,0.909573376
0.3,6,0.7,300,5,0.8,0.194399422,0.999785849,3.600549562,,3.480342866,0.909533151
0.1,8,0.8,300,1,0.6,0.246295557,0.999656737,3.753950749,,3.481153878,0.909490984
0.3,5,0.8,100,1,0.6,0.532949692,0.998386404,3.745084611,,3.4812034,0.909488409
0.3,6,0.7,100,10,0.8,1.490371299,0.987451294,3.678289515,,3.481897212,0.909452327
0.4,4,0.7,400,3,0.8,0.174572813,0.999826871,3.972514942,,3.482302732,0.909431235
0.4,8,0.7,300,3,1,0.112920877,0.999925955,4.202294218,,3.482675252,0.909411856
0.1,6,0.9,300,5,0.6,0.826335561,0.996149089,3.599603479,,3.4829337,0.909398411
0.4,3,0.9,400,10,0.8,0.64969139,0.997617875,3.453803312,,3.482985667,0.909395707
0.2,5,0.7,300,1,1,0.11565154,0.999922682,3.859087939,,3.483036569,0.909393059
0.4,5,0.7,400,3,0.8,0.121250416,0.999915566,3.881243418,,3.483494362,0.909369239
0.3,8,0.7,400,3,0.6,0.142304538,0.999884992,3.759874903,,3.483570576,0.909365274
0.4,7,0.7,200,10,0.6,0.861760564,0.995803363,3.391971702,,3.483680741,0.909359541
0.3,5,0.8,400,1,0.8,0.113655865,0.999925058,3.731980311,,3.483810258,0.909352801
0.3,6,0.6,300,3,0.6,0.350390377,0.999303396,3.630089125,,3.484447771,0.909319623
0.4,8,0.9,200,3,0.6,0.134988775,0.999896391,3.869794314,,3.485200863,0.909280421
0.4,4,0.7,300,10,0.8,0.601727687,0.997952781,3.430822975,,3.48550618,0.909264525
0.1,5,0.7,400,1,0.6,0.449395273,0.998856697,3.638563574,,3.485816326,0.909248377
0.2,6,0.6,300,5,0.6,0.772453195,0.996629205,3.405256862,,3.48634545,0.909220824
0.3,5,0.9,200,3,0.8,0.198784375,0.999776216,3.758899488,,3.486454679,0.909215136
0.3,3,0.8,400,5,0.6,0.873823364,0.99568447,3.424263654,,3.487106505,0.909181186
0.2,7,0.9,300,3,0.6,0.185327721,0.999805697,3.719393311,,3.487201523,0.909176237
0.4,5,0.6,400,3,0.8,0.13653197,0.999893877,3.803071043,,3.487220646,0.909175241
0.1,5,0.6,200,5,1,1.204212485,0.991809789,3.464420631,,3.487347269,0.909168645
0.4,4,0.7,300,3,0.8,0.229386018,0.999701363,3.943508895,,3.487641664,0.909153309
0.3,5,0.6,100,10,1,1.318735374,0.990176022,3.333500029,,3.48770563,0.909149976
0.1,5,0.9,300,10,0.6,1.433967548,0.988401713,3.601257736,,3.487752854,0.909147516
0.3,5,0.8,300,1,0.8,0.116841726,0.999921084,3.712478895,,3.488550502,0.909105955
0.4,5,0.9,100,10,1,0.588423026,0.998038751,3.514922141,,3.488634928,0.909101556
0.4,8,0.7,100,3,1,0.123729976,0.999913104,4.199734841,,3.488765045,0.909094775
0.1,7,0.9,400,3,0.6,0.364024333,0.99925175,3.563942281,,3.488863224,0.909089659
0.2,4,0.6,400,5,0.8,0.635110361,0.997722546,3.361862875,,3.489249334,0.909069536
0.2,6,0.7,100,1,0.8,0.53379199,0.998381304,3.627455722,,3.489358198,0.909063861
0.1,7,0.7,400,1,0.8,0.128910423,0.999905269,3.579292789,,3.489659027,0.909048181
0.3,8,0.7,200,10,1,0.284074119,0.999543785,3.432548676,,3.489795392,0.909041073
0.2,6,0.8,200,5,0.8,0.484012922,0.998676487,3.52882702,,3.489822189,0.909039676
0.3,5,0.6,100,10,0.8,1.840946381,0.980869022,3.67034675,,3.490018088,0.909029463
0.4,8,0.7,400,3,1,0.114598814,0.99992373,4.218624994,,3.490093178,0.909025549
0.4,6,0.8,100,3,0.8,0.312156287,0.999444975,3.700250618,,3.490392445,0.909009946
0.2,7,0.6,100,3,1,0.583913107,0.998071813,3.6996796,,3.490420009,0.909008509
0.3,5,0.6,400,3,0.6,0.33841831,0.999349772,3.574141456,,3.490865355,0.908985288
0.1,7,0.6,300,10,0.8,1.523566309,0.986893935,3.518369607,,3.491858709,0.908933483
0.4,5,0.7,300,3,0.8,0.1361252,0.999894513,3.861994968,,3.492273796,0.908911831
0.2,6,0.7,300,5,0.6,0.612665981,0.997878487,3.451017629,,3.492478262,0.908901165
0.4,7,0.7,200,5,0.8,0.223713971,0.999716719,3.55436533,,3.49286058,0.908881219
0.2,3,0.8,400,3,1,0.514884074,0.9985031,3.551503729,,3.492989899,0.908874471
0.2,4,0.8,400,3,0.8,0.297601571,0.999499237,3.653060795,,3.493756391,0.908834474
0.4,5,0.6,300,3,0.8,0.171141754,0.999834069,3.768387328,,3.494127976,0.908815081
0.4,5,0.7,200,10,0.8,0.688742643,0.997313404,3.430187367,,3.494341961,0.908803912
0.4,4,0.6,100,3,0.6,1.283223334,0.990697485,3.551132485,,3.494608937,0.908789977
0.1,4,0.8,300,5,0.8,1.160492838,0.992403845,3.429296096,,3.494820591,0.908778928
0.2,8,0.7,200,10,0.8,0.995201029,0.994411171,3.471787875,,3.495024508,0.908768282
0.3,4,0.9,100,10,0.8,1.657950275,0.984481064,3.758336658,,3.495288765,0.908754486
0.3,7,0.8,100,1,0.8,0.152619437,0.999867758,3.968646356,,3.495487514,0.908744109
0.3,6,0.8,400,3,0.6,0.13616191,0.999894558,3.560300436,,3.495537492,0.908741499
0.3,5,0.7,300,10,1,0.275170399,0.999571553,3.432493571,,3.495824568,0.908726509
0.1,7,0.8,300,1,0.6,0.27232299,0.99958003,3.785270153,,3.496468774,0.908692866
0.4,3,0.9,100,5,1,1.154606953,0.992471975,3.62943494,,3.496510883,0.908690667
0.1,7,0.7,300,1,0.8,0.168832951,0.999838692,3.568919432,,3.497078383,0.908661025
0.4,8,0.6,100,5,0.6,1.192691458,0.991958212,3.63039538,,3.497519423,0.908637985
0.4,3,0.8,400,3,0.8,0.361421663,0.999261195,3.362847468,,3.497730793,0.908626942
0.4,4,0.6,400,10,1,0.285783573,0.999537623,3.284399885,,3.49786973,0.908619682
0.3,8,0.7,100,5,0.6,1.170888858,0.992237443,3.54936456,,3.49795931,0.908615002
0.4,4,0.6,300,3,0.6,0.486043033,0.998656622,3.686391265,,3.49816205,0.908604408
0.4,8,0.9,400,3,0.6,0.112605218,0.999926486,3.892865774,,3.498335011,0.90859537
0.1,7,0.7,100,3,1,1.208537485,0.991749183,3.980388967,,3.498560771,0.908583573
0.4,8,0.9,300,3,0.6,0.11361192,0.999925407,3.888033805,,3.498575124,0.908582822
0.2,5,0.6,400,10,0.6,1.065986442,0.993586832,3.237415421,,3.498743259,0.908574036
0.1,6,0.6,400,10,0.6,1.567748253,0.986134296,3.420983547,,3.498804819,0.908570818
0.4,8,0.6,100,3,0.8,0.57623241,0.998116184,3.865788217,,3.499032347,0.908558927
0.4,3,0.9,300,10,0.8,0.832222276,0.996091404,3.422908006,,3.499678851,0.908525133
0.4,4,0.9,200,5,1,0.227030578,0.999708219,3.558145208,,3.49969865,0.908524098
0.3,7,0.6,400,3,0.6,0.226648929,0.99970853,3.634799292,,3.499910681,0.908513013
0.2,3,0.7,200,1,0.6,1.249573817,0.991169892,3.556111514,,3.499933782,0.908511806
0.4,5,0.7,200,10,0.6,0.949782375,0.994904569,3.450383408,,3.499981396,0.908509316
0.3,4,0.8,100,10,0.8,1.713962886,0.98342065,3.678470965,,3.500222906,0.90849669
0.2,8,0.6,300,10,0.6,1.144982027,0.992600487,3.43937065,,3.500479355,0.908483281
0.4,5,0.9,200,5,1,0.120971553,0.999916477,3.410724471,,3.500665951,0.908473524
0.4,5,0.9,300,5,1,0.113649432,0.999925285,3.414765686,,3.500707956,0.908471327
0.3,7,0.8,400,1,0.8,0.113047945,0.999925793,3.960509436,,3.500888211,0.908461901
0.3,7,0.7,100,10,0.8,1.433811701,0.988384965,3.684120631,,3.501462517,0.908431866
0.2,8,0.6,100,10,1,1.703867366,0.983609639,3.779922567,,3.501497289,0.908430047
0.3,7,0.8,200,1,0.8,0.1127566,0.999926279,3.945360419,,3.501942197,0.908406776
0.4,5,0.9,400,5,1,0.112541826,0.999926516,3.415884133,,3.502319513,0.908387037
0.4,4,0.7,400,10,0.6,0.689017314,0.99731666,3.420001694,,3.502345637,0.908385671
0.2,5,0.6,200,3,1,0.354422648,0.999289164,3.609638401,,3.502697778,0.908367247
0.1,7,0.6,200,1,0.6,0.889851672,0.995522734,3.628954304,,3.502715872,0.9083663
0.1,7,0.9,300,10,1,0.496409556,0.998607277,3.678101378,,3.503009634,0.90835093
0.3,7,0.8,300,1,0.8,0.114572142,0.999923782,3.944284959,,3.503191667,0.908341404
0.2,7,0.9,100,3,0.8,0.574174005,0.998134448,3.742477941,,3.503218633,0.908339993
0.1,5,0.9,200,5,0.8,1.168139573,0.992300144,3.53456734,,3.503723115,0.908313592
0.4,8,0.6,100,10,0.6,1.727133895,0.983165052,3.468887407,,3.504095635,0.908294095
0.3,5,0.9,300,3,0.8,0.126387131,0.999908918,3.785768052,,3.504530797,0.908271316
0.1,5,0.8,400,1,0.8,0.196233585,0.99978216,3.635008087,,3.504609799,0.90826718
0.4,3,0.6,100,3,0.8,1.5301918,0.986768117,3.768502102,,3.50461778,0.908266763
0.2,4,0.7,300,10,1,0.727485745,0.997011355,3.12707525,,3.504856923,0.908254243
0.4,4,0.7,200,3,0.8,0.405226511,0.999068028,3.91845206,,3.505199521,0.908236306
0.2,3,0.8,300,1,1,0.497384526,0.99859805,3.645328667,,3.50538485,0.908226602
0.1,4,0.9,400,3,0.6,0.883695368,0.995592621,3.586141931,,3.50559344,0.90821568
0.4,4,0.9,100,5,1,0.581166716,0.998089114,3.562372036,,3.505952685,0.908196867
0.3,3,0.6,400,3,0.6,0.889415009,0.995522948,3.66301142,,3.505982251,0.908195319
0.2,4,0.7,300,1,0.6,0.459302431,0.998801746,3.597287049,,3.506424398,0.908172162
0.3,5,0.9,100,5,0.8,0.829977875,0.996102402,3.718679393,,3.506731382,0.908156082
0.3,5,0.9,400,3,0.8,0.116563697,0.999921821,3.790699317,,3.506945255,0.908144879
0.1,6,0.7,400,1,0.8,0.156620034,0.999861111,3.563243506,,3.507049422,0.908139422
0.3,5,0.6,300,3,0.6,0.442281072,0.998889858,3.553734099,,3.507212421,0.908130883
0.4,8,0.8,100,3,0.8,0.231205498,0.999695827,3.867844557,,3.50741175,0.90812044
0.4,6,0.7,100,5,0.6,1.02992909,0.993985873,3.475224917,,3.507505195,0.908115544
0.4,7,0.7,300,5,0.8,0.129034473,0.999905247,3.572448589,,3.507627866,0.908109117
0.4,7,0.7,400,5,0.8,0.116801618,0.999921565,3.577065045,,3.507693604,0.908105673
0.4,7,0.9,100,10,1,0.304944964,0.999472795,3.697391458,,3.507698456,0.908105419
0.4,3,0.6,300,5,0.8,0.869734986,0.995723103,3.736402681,,3.507707143,0.908104963
0.2,3,0.8,300,1,0.8,0.68434183,0.997354641,3.618563428,,3.508056944,0.908086634
0.2,5,0.9,200,10,1,0.572929006,0.998145158,3.469659592,,3.508462363,0.908065389
0.3,8,0.7,300,3,0.6,0.182489845,0.999811351,3.750157097,,3.508518794,0.908062431
0.3,7,0.8,100,10,0.6,1.517600993,0.986998829,3.585817632,,3.508837897,0.908045707
0.1,5,0.7,300,3,0.8,0.698128912,0.997247615,3.534916288,,3.508944245,0.908040133
0.1,4,0.8,300,10,0.8,1.584046233,0.985844398,3.574766336,,3.508996676,0.908037385
0.2,6,0.7,100,5,0.8,1.326962674,0.990056028,3.724242916,,3.509165263,0.908028548
0.4,4,0.8,200,10,0.8,0.790053074,0.996473468,3.38102813,,3.509172307,0.908028178
0.3,3,0.6,300,1,0.8,0.598543905,0.997968091,3.714580891,,3.509461722,0.908013007
0.3,6,0.8,200,3,0.6,0.320991364,0.999416336,3.512574875,,3.509475166,0.908012303
0.2,6,0.9,100,1,0.6,0.587621384,0.998045846,4.01147842,,3.509818673,0.907994294
0.4,5,0.7,100,10,1,0.843559136,0.995969894,3.43165551,,3.510358211,0.907966005
0.3,6,0.8,100,10,0.8,1.257783695,0.991068492,3.671022223,,3.510595453,0.907953565
0.3,4,0.7,400,5,0.8,0.332869106,0.999373219,3.513224255,,3.510748153,0.907945557
0.2,3,0.6,300,1,0.6,1.018926438,0.994119312,3.498874434,,3.510852902,0.907940064
0.2,8,0.8,100,10,0.8,1.653601803,0.98456947,3.726381057,,3.510959012,0.907934499
0.2,5,0.7,300,3,0.8,0.286245423,0.999536709,3.702139084,,3.511002268,0.907932231
0.1,8,0.9,400,10,1,0.241228322,0.999671079,3.728684314,,3.511043359,0.907930076
0.1,7,0.6,200,10,1,1.775814924,0.98220455,3.734342569,,3.511114128,0.907926364
0.3,4,0.7,200,10,0.6,1.361555572,0.989530448,3.561541732,,3.511145961,0.907924694
0.3,3,0.9,200,5,0.8,1.129680663,0.99279857,3.656174781,,3.511358379,0.907913553
0.1,3,0.8,400,1,0.8,0.987555901,0.994498049,3.43716696,,3.511889555,0.907885691
0.3,6,0.8,300,3,0.6,0.167240534,0.999841456,3.544436878,,3.512568983,0.907850046
0.3,6,0.7,100,5,0.8,0.939645676,0.995006802,3.579340153,,3.512768557,0.907839574
0.3,6,0.8,400,1,0.8,0.113062803,0.999925777,3.80780019,,3.513262571,0.90781365
0.2,7,0.7,200,10,0.8,1.017312798,0.994159666,3.433621031,,3.513278065,0.907812837
0.4,5,0.9,100,1,0.6,0.296537196,0.999499527,3.736755594,,3.51328901,0.907812263
0.1,5,0.8,200,3,0.8,0.988778475,0.994482031,3.550576857,,3.513516826,0.907800307
0.4,4,0.8,100,1,0.6,0.622176504,0.997793846,3.45151935,,3.513949902,0.907777576
0.2,7,0.6,300,1,0.8,0.121346597,0.999915777,3.598340903,,3.514281497,0.90776017
0.4,6,0.8,100,5,0.6,0.824038679,0.996151547,3.343264654,,3.514294822,0.907759471
0.1,6,0.7,400,1,1,0.115300189,0.999923202,3.688310287,,3.514614915,0.907742667
0.3,5,0.7,200,5,0.6,0.783715229,0.996523628,3.431588076,,3.515247916,0.907709432
0.3,6,0.8,100,1,0.8,0.192681238,0.999788742,3.799608416,,3.515367261,0.907703165
0.1,4,0.8,300,1,0.8,0.591470379,0.998022998,3.623603459,,3.51542799,0.907699976
0.3,6,0.8,300,1,0.8,0.114651405,0.999923686,3.791651894,,3.515605881,0.907690635
0.1,4,0.6,400,1,0.8,0.581896005,0.998082895,3.448873799,,3.516023607,0.907668697
0.4,5,0.6,100,3,0.8,0.803968007,0.996342825,3.672952227,,3.51611833,0.907663722
0.2,4,0.7,400,1,0.6,0.362099577,0.99925577,3.599715189,,3.516185926,0.907660172
0.2,8,0.6,100,3,1,0.518133392,0.998483871,3.766533167,,3.516189596,0.907659979
0.3,6,0.8,200,1,0.8,0.114452716,0.999924312,3.790899317,,3.516196635,0.907659609
0.2,5,0.8,200,5,1,0.329220406,0.999386759,3.472812092,,3.516518377,0.907642709
0.2,7,0.6,400,1,0.8,0.117051088,0.999920873,3.613920022,,3.516677143,0.90763437
0.1,7,0.7,200,1,0.8,0.358011353,0.999276147,3.557663344,,3.51678994,0.907628444
0.1,6,0.7,300,5,1,0.446317088,0.998873547,3.519362397,,3.517218487,0.907605931
0.1,6,0.8,300,1,0.6,0.342337608,0.99933619,3.683321162,,3.517245908,0.90760449
0.3,7,0.7,100,1,0.8,0.222369827,0.999718312,3.908634798,,3.517318549,0.907600674
0.3,4,0.6,400,10,1,0.404519906,0.99907502,3.223383274,,3.518197627,0.907554481
0.3,6,0.6,200,10,0.6,1.298805731,0.990481723,3.420147605,,3.518199752,0.90755437
0.4,7,0.7,100,10,0.8,1.1391166,0.992662219,3.478205243,,3.518362984,0.907545791
0.1,8,0.6,200,10,1,1.764524476,0.982431127,3.747874325,,3.518543236,0.907536318
0.3,5,0.9,100,3,0.8,0.575281725,0.998125163,3.772333896,,3.519129106,0.907505523
0.2,6,0.8,100,10,1,1.25046028,0.991170537,3.665125088,,3.51939316,0.907491642
0.2,6,0.7,200,10,1,0.658897189,0.997545925,3.358067367,,3.519393433,0.907491628
0.1,6,0.8,200,3,0.8,0.785216531,0.996519313,3.601914882,,3.519930213,0.907463407
0.3,3,0.6,200,3,0.6,1.359794554,0.989553174,3.636923837,,3.520032214,0.907458044
0.1,8,0.6,400,10,0.6,1.537057172,0.986672168,3.445374232,,3.520561302,0.907430222
0.1,5,0.9,400,3,0.6,0.57886446,0.998108328,3.600718468,,3.521063771,0.907403796
0.2,3,0.8,300,3,0.6,1.101735874,0.993133206,3.549874716,,3.521295938,0.907391585
0.4,6,0.8,200,3,0.8,0.126584819,0.999908605,3.733297087,,3.521376061,0.90738737
0.2,7,0.9,200,3,0.6,0.382705296,0.999172348,3.702483372,,3.521872382,0.907361262
0.3,4,0.9,200,1,0.6,0.360716693,0.999262892,3.808996997,,3.522421587,0.907332367
0.1,5,0.7,300,1,0.6,0.574147666,0.998135354,3.623466146,,3.523235701,0.907289527
0.3,8,0.6,100,5,0.6,1.428665557,0.988466212,3.443941744,,3.523378648,0.907282004
0.2,5,0.8,400,3,0.8,0.160398919,0.999854128,3.597326902,,3.523637804,0.907268364
0.1,4,0.8,400,10,0.6,1.541680153,0.98659304,3.475639897,,3.524087756,0.90724468
0.1,5,0.7,400,5,1,0.402192931,0.999085792,3.360773006,,3.5244308,0.907226621
0.1,8,0.8,200,3,0.6,0.970991525,0.994682543,3.575507762,,3.5257183,0.907158827
0.4,5,0.8,400,10,1,0.119792504,0.999917959,3.485745731,,3.525771221,0.90715604
0.1,5,0.7,400,1,0.8,0.24413197,0.999662617,3.614479678,,3.525940024,0.907147149
0.3,5,0.7,300,5,0.6,0.485535853,0.998662987,3.447132664,,3.526219805,0.907132413
0.1,5,0.7,400,10,1,0.765053109,0.996693167,3.275756891,,3.527787679,0.907049811
0.3,7,0.8,100,5,1,0.257428026,0.999624757,3.7245445,,3.527991092,0.907039091
0.1,8,0.7,300,10,0.6,1.609037597,0.985397386,3.634488081,,3.528141458,0.907031167
0.4,5,0.8,300,10,1,0.142168714,0.999885531,3.468108678,,3.528762078,0.906998457
0.2,5,0.8,200,1,1,0.121021224,0.999916141,3.853911616,,3.528854578,0.906993581
0.4,4,0.9,300,5,1,0.141290898,0.999886819,3.600185595,,3.52891737,0.906990271
0.2,3,0.8,200,1,0.8,1.024416861,0.994072566,3.643861553,,3.529185924,0.906976114
0.2,6,0.8,100,5,0.6,1.455225209,0.988055531,3.652448721,,3.529287255,0.906970772
0.2,3,0.9,200,3,0.8,1.262785758,0.990999077,3.711164589,,3.529673828,0.906950391
0.1,4,0.9,200,5,0.8,1.573556009,0.986034222,3.641213793,,3.530257386,0.906919621
0.1,6,0.7,300,1,1,0.122922575,0.999913829,3.677138747,,3.530551018,0.906904137
0.2,8,0.9,100,10,1,0.879615381,0.99562731,3.796536059,,3.53055144,0.906904114
0.3,6,0.9,100,5,0.8,0.625059128,0.99778975,3.768379501,,3.530853209,0.906888199
0.2,4,0.9,200,5,0.6,1.10424733,0.993114659,3.581159538,,3.530964536,0.906882327
0.4,3,0.7,200,3,0.8,0.871263456,0.995702454,3.56146739,,3.531230343,0.906868307
0.2,3,0.9,300,5,0.6,1.268831206,0.990905575,3.518202963,,3.531598106,0.906848908
0.3,3,0.8,400,10,0.6,1.148214823,0.992558184,3.373744792,,3.531679829,0.906844597
0.2,8,0.8,200,3,0.8,0.198788088,0.999776591,3.72327867,,3.531709647,0.906843024
0.1,6,0.7,400,5,0.6,0.910260948,0.995324772,3.350730807,,3.531825089,0.906836933
0.1,8,0.8,200,1,0.6,0.517659491,0.998486823,3.706046839,,3.531829797,0.906836685
0.2,5,0.9,400,5,1,0.1198821,0.999918019,3.535509117,,3.531866081,0.906834771
0.2,4,0.7,300,5,0.8,0.709342714,0.997157938,3.397978937,,3.531916381,0.906832117
0.2,4,0.6,400,5,0.6,0.908633373,0.995338851,3.418464711,,3.532274875,0.906813203
0.4,3,0.7,400,5,0.8,0.57164603,0.99815235,3.587087377,,3.532340223,0.906809755
0.2,5,0.9,300,5,1,0.144327552,0.999882212,3.539705455,,3.532885747,0.906780969
0.4,4,0.7,200,10,0.8,0.904265602,0.995375695,3.391103295,,3.533102928,0.906769507
0.4,5,0.7,100,1,0.6,0.521727984,0.998447527,3.617879206,,3.534049146,0.906719563
0.1,5,0.6,200,1,0.6,1.114358436,0.9929895,3.725109556,,3.534118788,0.906715887
0.2,5,0.7,200,3,0.8,0.532023933,0.998397483,3.667850517,,3.534142467,0.906714637
0.3,7,0.9,100,10,0.6,1.345962658,0.989781621,3.701299336,,3.534306569,0.906705974
0.1,4,0.9,400,10,0.6,1.469509541,0.987820217,3.544399977,,3.534501535,0.90669568
0.2,5,0.9,200,5,1,0.262463094,0.999610321,3.551216504,,3.535053318,0.906666546
0.1,7,0.7,300,5,0.6,1.050765892,0.99376774,3.435702426,,3.535545671,0.906640546
0.4,5,0.8,200,10,1,0.242277773,0.999668114,3.423125906,,3.5356615,0.906634429
0.2,6,0.9,100,5,1,0.57505817,0.998127067,3.739067335,,3.535955077,0.906618923
0.4,4,0.6,400,3,0.6,0.380441156,0.999176189,3.682613806,,3.536101187,0.906611206
0.1,7,0.6,400,10,0.6,1.543922243,0.986552946,3.434781205,,3.536638204,0.906582838
0.1,8,0.7,400,1,1,0.113890989,0.99992469,3.968214799,,3.536996052,0.906563933
0.1,7,0.9,300,3,0.6,0.49556011,0.998614587,3.570510803,,3.537020269,0.906562653
0.2,8,0.8,400,3,0.8,0.113983725,0.99992502,3.745023922,,3.537079864,0.906559505
0.4,5,0.6,200,10,0.6,1.159699439,0.992409867,3.323422829,,3.537114285,0.906557686
0.4,6,0.8,400,3,0.8,0.113112744,0.999925761,3.753248239,,3.537253681,0.906550321
0.1,5,0.8,300,1,0.8,0.285684544,0.999538979,3.615025027,,3.537284811,0.906548676
0.1,4,0.9,300,3,0.8,0.860352628,0.995823288,3.510208428,,3.537329664,0.906546306
0.1,6,0.6,100,1,0.8,1.36039725,0.989557126,3.735792849,,3.53742423,0.906541309
0.3,4,0.9,300,1,0.6,0.201717248,0.999769481,3.840753732,,3.537558981,0.906534189
0.4,8,0.6,100,3,0.6,0.863763332,0.995757116,3.488866994,,3.537709207,0.90652625
0.3,4,0.9,400,1,0.6,0.162814268,0.99984983,3.867005016,,3.538177588,0.906501497
0.4,8,0.8,200,3,0.8,0.114872769,0.999924076,3.880696842,,3.53827978,0.906496096
0.2,8,0.8,300,3,0.8,0.120759518,0.999916715,3.73448454,,3.538457452,0.906486706
0.1,6,0.9,400,3,0.6,0.438273207,0.99891571,3.592825547,,3.538476448,0.906485702
0.1,8,0.7,300,1,1,0.113210098,0.999925819,3.959279412,,3.53866385,0.906475796
0.1,8,0.8,400,5,0.6,0.675898606,0.997422791,3.389756886,,3.538677524,0.906475073
0.1,7,0.8,300,5,0.6,0.883955092,0.995593031,3.385996071,,3.538890503,0.906463815
0.4,3,0.8,300,3,0.8,0.488084685,0.998651796,3.358564929,,3.53972361,0.90641977
0.1,7,0.6,200,3,0.6,1.423248196,0.988569281,3.614189269,,3.539894896,0.906410714
0.3,4,0.8,100,1,0.8,0.619452853,0.997822571,3.936323971,,3.540255407,0.90639165
0.1,8,0.9,100,3,1,0.761567997,0.996722958,4.091727586,,3.540532013,0.906377022
0.4,8,0.8,400,3,0.8,0.112969067,0.999925912,3.896527778,,3.540738437,0.906366104
0.3,6,0.7,100,1,0.8,0.292899351,0.999512313,3.859679349,,3.540738468,0.906366103
0.3,5,0.7,400,3,1,0.115138367,0.99992325,3.842314745,,3.540976844,0.906353495
0.4,8,0.9,200,10,1,0.114535375,0.999924541,3.662553117,,3.541070139,0.90634856
0.2,6,0.7,400,1,1,0.114973513,0.999923227,3.768027166,,3.541103868,0.906346776
0.4,6,0.8,300,3,0.8,0.114130699,0.999924617,3.740365095,,3.541139889,0.906344871
0.2,8,0.8,100,5,1,0.463527748,0.998783674,3.713811866,,3.541233074,0.906339942
0.3,6,0.9,200,3,0.8,0.137004086,0.999893383,3.738299249,,3.541482739,0.906326735
0.4,4,0.8,100,3,1,0.44122021,0.998897484,3.681604642,,3.5415789,0.906321648
0.2,5,0.8,400,1,1,0.113204891,0.999925598,3.865615116,,3.541743272,0.906312952
0.4,6,0.7,100,10,0.6,1.47155674,0.987768433,3.516334591,,3.541831477,0.906308285
0.4,8,0.8,300,3,0.8,0.113250127,0.999925571,3.884677051,,3.542238136,0.906286769
0.1,6,0.7,200,1,1,0.201369407,0.999770809,3.678021195,,3.542325583,0.906282142
0.3,5,0.6,400,1,1,0.115865308,0.999922034,3.771918351,,3.54233644,0.906281568
0.2,8,0.7,400,3,0.8,0.120576294,0.999916865,3.745773696,,3.542995416,0.906246696
0.2,5,0.8,300,1,1,0.113770696,0.999924962,3.854127013,,3.543193148,0.906236231
0.4,6,0.6,100,3,0.8,0.670995421,0.997449697,3.725288225,,3.543401233,0.906225218
0.2,5,0.7,200,10,1,0.800621149,0.996377331,3.289707778,,3.543607375,0.906214306
0.2,8,0.7,400,5,0.6,0.402739856,0.999083356,3.517029273,,3.543880987,0.906199823
0.4,4,0.9,400,5,1,0.121216379,0.999916021,3.617341996,,3.543885578,0.90619958
0.2,6,0.7,200,1,1,0.11441979,0.999924357,3.754059453,,3.543948216,0.906196264
0.1,4,0.8,300,3,0.6,1.12180871,0.99289808,3.470248907,,3.544802237,0.906151049
0.3,7,0.7,200,1,0.8,0.114576841,0.999924326,3.914119935,,3.544815722,0.906150335
0.2,8,0.9,100,3,0.8,0.511584774,0.998520041,3.792837809,,3.545047116,0.906138082
0.3,5,0.6,300,10,0.6,0.969390293,0.994694304,3.335820285,,3.545145605,0.906132867
0.1,5,0.6,400,10,0.8,1.329707277,0.990021602,3.34786412,,3.545242766,0.906127721
0.3,3,0.6,300,3,0.6,1.04770332,0.993787797,3.677049973,,3.545394503,0.906119686
0.2,6,0.7,300,1,1,0.113191415,0.999925606,3.752625127,,3.545719169,0.906102491
0.4,3,0.8,300,10,0.8,0.914359558,0.995280965,3.416814316,,3.545899826,0.906092922
0.2,6,0.7,100,1,1,0.203174446,0.999765908,3.750685748,,3.546123553,0.906081072
0.2,3,0.8,200,3,0.8,1.304383148,0.990394688,3.692544093,,3.546294296,0.906072027
0.1,6,0.7,300,1,0.8,0.224554767,0.999715231,3.546977013,,3.54634075,0.906069567
0.2,5,0.7,400,5,1,0.150920715,0.999870898,3.44647248,,3.546544069,0.906058796
0.2,5,0.8,300,3,0.8,0.217465035,0.999732488,3.595840878,,3.54676752,0.906046958
0.1,7,0.8,200,3,0.6,1.012815108,0.99421289,3.529008937,,3.546768314,0.906046916
0.2,6,0.9,100,10,0.8,1.60793663,0.985409124,3.837534095,,3.54678171,0.906046206
0.1,7,0.7,300,10,0.6,1.620497003,0.985189391,3.624314457,,3.546791502,0.906045687
0.4,4,0.7,300,10,0.6,0.824007232,0.996162713,3.411850584,,3.547303512,0.906018559
0.1,5,0.6,200,1,0.8,0.802325274,0.996364895,3.522481701,,3.547381927,0.906014404
0.2,4,0.6,300,10,0.8,1.173181385,0.992231407,3.261959338,,3.547432502,0.906011724
0.1,5,0.8,200,10,0.8,1.831419662,0.981076573,3.74546988,,3.547713308,0.905996844
0.4,8,0.9,300,10,1,0.112598232,0.999926457,3.666404936,,3.547724878,0.905996231
0.4,8,0.9,100,10,1,0.247189874,0.999653848,3.64020762,,3.547778342,0.905993397
0.3,6,0.9,300,3,0.8,0.114429062,0.999924375,3.76137458,,3.547815457,0.905991431
0.3,6,0.9,400,3,0.8,0.112743784,0.999926286,3.76489714,,3.547839223,0.905990171
0.4,3,0.8,100,3,0.6,1.494367357,0.987366159,3.697190192,,3.547896621,0.905987129
0.3,5,0.7,200,3,1,0.14972738,0.999873162,3.815964524,,3.547907565,0.905986549
0.2,5,0.7,200,10,0.6,1.522165867,0.986931764,3.465282971,,3.548049536,0.905979025
0.1,8,0.7,200,1,1,0.123644292,0.999913093,3.965115101,,3.548061741,0.905978378
0.4,8,0.9,400,10,1,0.112427327,0.999926653,3.665761391,,3.548679817,0.905945618
0.2,5,0.6,100,3,1,0.91278483,0.995288259,3.646308833,,3.548900765,0.905933906
0.3,7,0.7,300,1,0.8,0.114138989,0.99992436,3.91746941,,3.54897944,0.905929735
0.2,6,0.6,400,3,1,0.117458668,0.999920673,3.724068159,,3.549449056,0.905904838
0.3,5,0.7,300,3,1,0.118259251,0.999919777,3.822508836,,3.549627517,0.905895376
0.2,7,0.6,200,1,0.8,0.187826718,0.999800173,3.587624222,,3.549834307,0.905884411
0.3,8,0.8,100,10,0.6,1.499930933,0.987297696,3.575781362,,3.550160588,0.905867109
0.2,5,0.8,200,3,0.8,0.422389723,0.998992046,3.609461112,,3.550305438,0.905859427
0.2,3,0.9,200,3,1,0.989294266,0.994476079,3.497319286,,3.550841224,0.905831011
0.4,5,0.9,100,5,1,0.276733949,0.999566509,3.407147652,,3.550859973,0.905830017
0.2,4,0.8,300,3,0.8,0.415208017,0.999025671,3.655356901,,3.551274486,0.905808029
0.1,4,0.9,400,1,1,0.224467303,0.999715053,3.681256122,,3.551619431,0.90578973
0.3,4,0.8,100,5,0.6,1.469535285,0.987781081,3.700692619,,3.551701965,0.905785352
0.2,8,0.7,300,3,0.8,0.145580294,0.999879993,3.735139288,,3.551967315,0.905771273
0.1,5,0.8,400,1,0.6,0.367986513,0.999232872,3.51994395,,3.552046501,0.905767072
0.3,3,0.9,400,10,0.6,1.086037421,0.993342934,3.404099613,,3.552167954,0.905760628
0.3,4,0.6,300,10,1,0.580568467,0.99809568,3.17217179,,3.553029574,0.905714904
0.1,5,0.7,400,10,0.6,1.442826105,0.98825892,3.525092213,,3.55305172,0.905713729
0.2,8,0.9,400,3,0.6,0.132656584,0.999900016,3.699222731,,3.553195441,0.905706101
0.1,6,0.7,400,3,0.6,0.658829909,0.997548022,3.465248584,,3.554059199,0.905660251
0.3,7,0.7,400,1,0.8,0.114350757,0.999924058,3.910609901,,3.554268669,0.90564913
0.1,5,0.7,300,5,0.6,1.227387472,0.991496318,3.381114308,,3.554378299,0.90564331
0.1,5,0.9,300,3,0.6,0.735897587,0.996943879,3.630240809,,3.55460826,0.9056311
0.1,6,0.6,200,5,0.6,1.855333879,0.980585577,3.743108172,,3.556397958,0.905536049
0.2,3,0.8,300,3,1,0.697213698,0.997254433,3.537433465,,3.557023774,0.905502801
0.3,4,0.7,300,5,0.8,0.470721676,0.998747763,3.515466867,,3.557098175,0.905498848
0.1,8,0.9,300,10,1,0.439153857,0.998909986,3.743645058,,3.55740879,0.905482343
0.2,7,0.7,100,5,0.8,1.223901545,0.991537106,3.668995436,,3.557482023,0.905478451
0.1,7,0.6,100,1,0.8,1.212425635,0.991696598,3.673166638,,3.557757086,0.905463834
0.2,7,0.6,300,10,0.6,1.154955132,0.992471684,3.367783802,,3.558781944,0.905409361
0.2,3,0.8,200,5,0.8,1.491580259,0.987450136,3.528947733,,3.558936183,0.905401162
0.1,8,0.8,300,10,0.6,1.35502336,0.98964409,3.587986917,,3.5589706,0.905399332
0.1,4,0.9,300,3,1,0.619316609,0.997836565,3.52267508,,3.559085688,0.905393214
0.3,4,0.7,400,5,1,0.17626181,0.999824238,3.425061436,,3.559455137,0.905373572
0.2,5,0.6,100,5,0.8,1.710617975,0.983484366,3.703553326,,3.559763883,0.905357155
0.1,8,0.7,100,3,1,1.134991206,0.992726193,3.971860914,,3.559785398,0.905356011
0.2,7,0.9,100,10,0.8,1.50222854,0.987264296,3.777665269,,3.55991371,0.905349188
0.3,5,0.6,300,1,1,0.116807198,0.99992083,3.742820353,,3.560066421,0.905341068
0.2,4,0.8,200,3,0.8,0.727578897,0.997010514,3.673931024,,3.560179114,0.905335075
0.1,4,0.9,200,1,0.8,0.89594921,0.995465683,3.622827877,,3.560297228,0.905328793
0.4,5,0.7,100,5,0.6,1.13764193,0.992667902,3.518406427,,3.560341818,0.905326422
0.4,3,0.8,200,10,0.6,1.443001089,0.988240955,3.498700833,,3.5606295,0.905311122
0.1,6,0.6,300,10,0.8,1.56577448,0.986157365,3.528841812,,3.560781876,0.905303017
0.2,5,0.8,100,1,1,0.285308391,0.999537025,3.855684803,,3.560799978,0.905302054
0.4,6,0.6,100,10,0.6,1.753361487,0.982650338,3.50309348,,3.560999632,0.905291435
0.2,4,0.8,100,1,0.6,1.164537918,0.992331284,3.663551151,,3.561197554,0.905280906
0.1,8,0.6,200,1,0.6,0.863736133,0.995780679,3.650100906,,3.561211107,0.905280185
0.1,4,0.6,400,3,0.6,1.162041728,0.992374806,3.424551316,,3.561216963,0.905279874
0.4,7,0.9,100,5,0.6,0.618866144,0.997835929,3.685211621,,3.561725553,0.905252817
0.2,7,0.8,100,10,0.8,1.686622733,0.98394905,3.719187107,,3.56184824,0.90524629
0.1,5,0.8,200,1,0.8,0.565077862,0.998197459,3.628808658,,3.562274978,0.905223584
0.2,8,0.8,100,3,0.6,1.005437483,0.99428758,3.694453877,,3.562416279,0.905216065
0.2,6,0.6,300,3,1,0.133559634,0.99989871,3.706558642,,3.563426437,0.905162304
0.3,4,0.8,100,3,0.8,0.992062168,0.994435746,3.813192221,,3.563510297,0.90515784
0.2,7,0.8,100,3,0.6,1.042821922,0.993854902,3.688545582,,3.563764112,0.905144329
0.2,3,0.9,400,1,0.6,0.693694898,0.997282599,3.753361623,,3.564205764,0.905120817
0.1,7,0.8,200,1,0.6,0.544035319,0.998328468,3.742030136,,3.564831217,0.905087515
0.1,5,0.7,300,1,0.8,0.354616612,0.999289439,3.604877889,,3.565210684,0.905067307
0.4,6,0.6,200,3,0.6,0.477784346,0.998704863,3.667349888,,3.565598459,0.905046655
0.3,4,0.8,200,1,1,0.149066286,0.999873795,3.689613279,,3.565627505,0.905045108
0.4,4,0.6,100,5,1,0.844978112,0.99594301,3.47753745,,3.565742402,0.905038989
0.1,4,0.7,400,3,0.6,1.047993159,0.993801765,3.407268945,,3.566134388,0.905018109
0.1,7,0.7,400,5,1,0.197403623,0.999779815,3.630703756,,3.566300818,0.905009243
0.4,8,0.7,100,10,0.6,1.434042272,0.988383391,3.476952055,,3.5666283,0.904991797
0.3,5,0.6,200,3,0.6,0.753550844,0.996789265,3.530170923,,3.566653222,0.904990469
0.2,4,0.9,200,10,0.6,1.486505363,0.987532529,3.512112071,,3.56677392,0.904984039
0.3,4,0.7,200,1,0.8,0.318718847,0.999423518,4.017854024,,3.56677732,0.904983858
0.2,7,0.7,100,3,0.8,0.868761166,0.99573763,3.70931348,,3.567265685,0.904957837
0.3,5,0.8,100,5,1,0.535724252,0.998372285,3.536309464,,3.56731901,0.904954995
0.3,8,0.9,100,5,0.8,0.46484575,0.998778684,3.693556298,,3.567384379,0.904951512
0.3,4,0.7,200,5,1,0.461379955,0.998793757,3.341287432,,3.568180292,0.904909095
0.2,6,0.9,400,1,0.8,0.112518123,0.999926521,3.897825468,,3.568236413,0.904906104
0.4,4,0.8,100,10,0.6,1.625431308,0.985085846,3.734437579,,3.568278206,0.904903876
0.2,8,0.9,300,3,0.6,0.167556009,0.999841127,3.687454731,,3.568415975,0.904896533
0.1,4,0.6,300,5,1,1.062787676,0.99362519,3.314550428,,3.568684539,0.904882217
0.1,6,0.7,300,10,0.6,1.6507418,0.984629932,3.618395982,,3.569104376,0.904859835
0.2,7,0.7,400,5,0.6,0.423161574,0.998987801,3.516295405,,3.569280888,0.904850425
0.2,6,0.9,300,1,0.8,0.113056516,0.99992588,3.897435515,,3.569806744,0.904822386
0.4,8,0.9,100,3,0.6,0.366768292,0.999238894,3.821001944,,3.569822467,0.904821548
0.3,5,0.6,200,1,1,0.121080789,0.999915772,3.743299809,,3.569904824,0.904817156
0.2,6,0.8,100,1,0.6,0.658610332,0.997547998,3.72720157,,3.570256302,0.904798413
0.4,3,0.7,300,5,0.8,0.741980221,0.996888184,3.542516844,,3.570466029,0.904787227
0.3,4,0.7,300,1,0.8,0.177242178,0.999821461,4.061233111,,3.570848253,0.904766841
0.2,6,0.9,200,1,0.8,0.121802653,0.999915184,3.891488591,,3.570912889,0.904763393
0.4,4,0.6,300,5,1,0.22795579,0.999705109,3.530979111,,3.570990442,0.904759257
0.2,6,0.9,100,5,0.6,1.306959353,0.990365048,3.803818589,,3.571509192,0.904731584
0.1,4,0.6,300,1,0.8,0.776631413,0.996592145,3.419650321,,3.571789305,0.904716639
0.2,5,0.6,100,3,0.8,1.367118909,0.989449498,3.478288586,,3.571909946,0.904710203
0.3,7,0.6,200,3,0.6,0.619918172,0.997828469,3.563177925,,3.572283705,0.90469026
0.1,4,0.8,400,3,1,0.438334854,0.998914448,3.336866676,,3.572371724,0.904685563
0.1,6,0.8,200,3,0.6,1.103477271,0.993131031,3.569911369,,3.572395536,0.904684292
0.3,3,0.8,300,5,0.6,1.017578859,0.994142284,3.431587882,,3.572537466,0.904676718
0.4,3,0.7,200,5,0.8,1.03942075,0.9938965,3.485249297,,3.573067386,0.904648437
0.4,4,0.7,100,3,0.8,0.93348846,0.995068466,3.866231755,,3.573588706,0.904620611
0.1,4,0.6,300,3,0.6,1.373513052,0.989346702,3.46506569,,3.573765908,0.904611152
0.3,5,0.7,100,3,1,0.439327279,0.998903959,3.766222801,,3.57405777,0.904595571
0.4,4,0.6,200,5,1,0.397043994,0.999101931,3.476204527,,3.574081201,0.90459432
0.1,4,0.8,300,5,0.6,1.369938776,0.989416446,3.383419934,,3.574145852,0.904590868
0.3,3,0.9,200,5,0.6,1.3084131,0.990325993,3.581838775,,3.574779727,0.904557024
0.1,7,0.8,300,10,0.6,1.372371465,0.989377223,3.599452018,,3.575037296,0.90454327
0.3,5,0.7,100,10,0.8,1.611434455,0.985335267,3.629342526,,3.575189046,0.904535166
0.2,3,0.7,400,1,0.8,0.585406603,0.998061747,3.785798105,,3.575225322,0.904533228
0.3,6,0.7,100,5,0.6,1.227407548,0.9914798,3.545331369,,3.575499063,0.904518609
0.2,8,0.7,200,3,0.8,0.295356639,0.999507413,3.704049448,,3.575758263,0.904504765
0.3,3,0.8,200,5,0.8,1.179976915,0.992136715,3.498250316,,3.576079535,0.904487604
0.4,3,0.8,400,5,0.8,0.480022655,0.99869786,3.602047447,,3.576215097,0.904480363
0.1,4,0.9,300,3,0.6,1.065802035,0.993589789,3.606930936,,3.576485936,0.904465894
0.4,3,0.9,400,5,0.6,0.637113692,0.997704433,3.54651234,,3.576497702,0.904465265
0.3,7,0.9,100,5,0.8,0.516420562,0.998492443,3.743647459,,3.576521913,0.904463972
0.1,3,0.8,400,1,1,0.791423284,0.996462999,3.592670769,,3.576589485,0.904460362
0.4,4,0.6,400,5,1,0.16110911,0.999852922,3.568600794,,3.57669845,0.90445454
0.1,5,0.8,100,1,1,0.921840405,0.995165206,3.862474882,,3.576724595,0.904453144
0.2,5,0.6,200,5,0.6,1.244842558,0.991255172,3.480764361,,3.576757392,0.904451391
0.3,4,0.7,300,5,1,0.263296333,0.999607131,3.397671402,,3.577281891,0.904423367
0.1,5,0.6,200,3,1,0.891806086,0.995510173,3.416469884,,3.577416178,0.904416191
0.1,3,0.9,400,5,0.8,1.435671715,0.988373191,3.551196719,,3.577476308,0.904412978
0.2,6,0.6,400,1,0.8,0.121165661,0.999915634,3.625601146,,3.57776757,0.904397412
0.4,7,0.9,100,10,0.6,1.057388975,0.993686892,3.689863518,,3.57792348,0.90438908
0.3,4,0.9,200,3,1,0.232147706,0.999694997,3.478435443,,3.579073255,0.90432762
0.1,7,0.9,100,3,1,0.868693942,0.995737511,3.873177914,,3.579353342,0.904312646
0.2,8,0.9,100,5,0.6,1.189975973,0.992013457,3.729004348,,3.579682739,0.904295033
0.1,5,0.6,200,3,0.6,1.613578272,0.985310367,3.645652571,,3.580165046,0.904269242
0.2,5,0.9,100,3,0.6,1.177166231,0.992173138,3.770944883,,3.580240627,0.9042652
0.3,8,0.7,200,3,1,0.113075213,0.999926052,4.109930944,,3.581277593,0.904209736
0.1,6,0.8,300,10,0.6,1.422467781,0.988586845,3.572500214,,3.581301775,0.904208442
0.3,8,0.7,300,3,1,0.1127978,0.999926128,4.104185554,,3.581350049,0.90420586
0.3,7,0.7,100,5,0.6,1.186659705,0.992028178,3.574816075,,3.581453398,0.904200331
0.2,7,0.7,100,5,1,0.747472097,0.996843855,3.69180089,,3.581671511,0.904188662
0.2,4,0.6,400,3,0.6,0.703880689,0.997200074,3.451610788,,3.581898299,0.904176528
0.1,4,0.8,400,1,0.6,0.628307018,0.997766562,3.432026278,,3.582139416,0.904163627
0.3,8,0.7,400,3,1,0.114138441,0.999924349,4.114074502,,3.582292568,0.904155432
0.2,7,0.6,200,5,0.6,1.124241946,0.992865063,3.496906838,,3.583042541,0.904115296
0.2,8,0.7,400,3,1,0.113640584,0.999925028,3.86953082,,3.583681156,0.904081114
0.4,4,0.6,200,10,1,0.663415858,0.997505962,3.268147487,,3.583697612,0.904080233
0.1,4,0.8,200,3,0.8,1.347144186,0.989760149,3.66326327,,3.584587565,0.904032587
0.2,4,0.7,200,1,0.6,0.743261667,0.996866588,3.62455154,,3.584664347,0.904028475
0.4,3,0.7,400,1,0.8,0.282079181,0.999548644,3.559502092,,3.584688174,0.9040272
0.3,6,0.6,100,10,0.8,1.740683237,0.982895492,3.575562637,,3.584777375,0.904022423
0.2,4,0.6,300,3,0.6,0.855048798,0.995868525,3.447218828,,3.584959429,0.904012674
0.2,3,0.8,300,1,0.6,0.849512772,0.995920345,3.540498571,,3.585060681,0.904007252
0.1,4,0.6,400,3,0.8,0.889370798,0.99553121,3.371414378,,3.585072242,0.904006633
0.2,8,0.7,300,3,1,0.11300426,0.999926034,3.860691483,,3.585473397,0.90398515
0.2,4,0.9,100,1,1,0.617529362,0.997842632,3.549029798,,3.585989415,0.903957511
0.1,5,0.9,300,10,1,0.85051521,0.995914351,3.5666481,,3.586717802,0.903918491
0.3,4,0.8,100,1,1,0.363399583,0.999249117,3.677735127,,3.588029265,0.903848214
0.2,8,0.7,200,3,1,0.120755714,0.999916938,3.858385925,,3.588102288,0.903844301
0.2,5,0.8,100,5,0.8,1.332838457,0.989969831,3.71341553,,3.588124661,0.903843101
0.3,5,0.7,400,5,1,0.119114738,0.99991856,3.569159523,,3.588328497,0.903832176
0.1,5,0.8,300,1,0.6,0.47322533,0.998733225,3.517591188,,3.588411895,0.903827706
0.2,4,0.6,200,5,0.8,1.209487513,0.991745205,3.421583115,,3.589005847,0.903795866
0.3,6,0.9,100,3,0.8,0.401375001,0.999085267,3.726965236,,3.589160485,0.903787576
0.3,4,0.7,400,1,0.8,0.144620597,0.999880579,4.082842583,,3.589394485,0.90377503
0.2,3,0.8,300,10,0.8,1.437536477,0.988345949,3.451311053,,3.589543071,0.903767063
0.1,5,0.7,200,3,0.6,1.396825531,0.988991888,3.564126223,,3.589821353,0.903752142
0.1,3,0.9,400,3,1,1.015308219,0.994182895,3.448758483,,3.589860703,0.903750032
0.2,7,0.9,100,5,0.6,1.22698537,0.991508113,3.7706007,,3.590391239,0.903721581
0.2,4,0.6,300,5,0.6,1.066806171,0.993574486,3.413465301,,3.591274318,0.903674214
0.4,3,0.7,300,1,0.8,0.377288944,0.999191944,3.537752567,,3.592322743,0.903617964
0.2,6,0.8,400,3,0.6,0.21792428,0.999730725,3.556050679,,3.592600175,0.903603076
0.1,6,0.7,200,10,0.8,1.930205436,0.978983635,3.713550146,,3.59334686,0.903563002
0.2,4,0.6,400,3,0.8,0.464621341,0.998779197,3.503835431,,3.593509308,0.903554282
0.3,4,0.6,200,3,1,0.376539508,0.99919509,3.3412931,,3.593763351,0.903540645
0.3,8,0.7,100,3,1,0.165778399,0.99984455,4.096730668,,3.593954064,0.903530407
0.4,3,0.9,300,5,0.6,0.785283129,0.996509562,3.534461278,,3.594784712,0.903485809
0.1,5,0.9,200,3,0.8,0.895760654,0.995470805,3.52920097,,3.594790796,0.903485483
0.3,3,0.6,200,1,0.8,0.893970362,0.995475396,3.725356461,,3.59481555,0.903484153
0.1,6,0.9,300,3,0.6,0.580150246,0.998101565,3.604487068,,3.595048366,0.903471651
0.2,5,0.7,300,5,1,0.229184573,0.999702798,3.414007445,,3.595133595,0.903467075
0.3,5,0.8,100,5,0.8,0.924372061,0.995162522,3.578443401,,3.59528629,0.903458874
0.1,6,0.8,200,1,0.8,0.360054392,0.99926731,3.680567294,,3.595298395,0.903458224
0.2,5,0.9,100,10,0.8,1.803108831,0.981659758,3.886987375,,3.595543622,0.903445054
0.1,4,0.6,400,1,1,0.342345577,0.999337463,3.526151667,,3.595557524,0.903444307
0.2,6,0.7,100,5,1,0.867408897,0.995749235,3.548075748,,3.596333015,0.903402653
0.4,6,0.6,100,5,0.6,1.239609114,0.991322023,3.363245392,,3.596655381,0.903385334
0.3,3,0.9,400,3,0.8,0.456789392,0.998820596,3.821411941,,3.597070698,0.90336302
0.2,6,0.6,300,1,0.8,0.134393832,0.999897279,3.614019554,,3.597098238,0.903361541
0.3,8,0.7,200,5,1,0.121595358,0.999915789,3.861389859,,3.597276131,0.903351982
0.3,4,0.9,300,3,1,0.141605726,0.999886222,3.486133749,,3.597329255,0.903349127
0.1,6,0.7,200,1,0.8,0.465837601,0.998773818,3.528779652,,3.597529702,0.903338356
0.3,4,0.9,400,3,1,0.121158511,0.999915935,3.491872135,,3.597570826,0.903336146
0.4,4,0.8,200,5,1,0.252397109,0.999638724,3.490412028,,3.597798119,0.903323931
0.2,8,0.7,300,5,0.6,0.541259829,0.998345006,3.515547524,,3.59786767,0.903320193
0.3,8,0.7,400,5,1,0.113554238,0.999925153,3.876010284,,3.597898466,0.903318538
0.3,3,0.7,400,10,0.8,1.008431594,0.994260915,3.420625496,,3.597906493,0.903318107
0.1,4,0.9,300,1,1,0.358733757,0.999272056,3.666117809,,3.597998863,0.903313143
0.1,4,0.9,400,5,1,0.610543039,0.997895846,3.415235111,,3.598026908,0.903311635
0.3,5,0.8,100,5,0.6,1.174057887,0.992203798,3.485653356,,3.598149005,0.903305073
0.1,6,0.9,100,3,1,1.078431848,0.993429173,3.827132766,,3.59923482,0.903246705
0.1,6,0.8,200,1,0.6,0.635187173,0.997719398,3.667092832,,3.599434308,0.90323598
0.4,8,0.8,100,10,0.8,0.867357911,0.995745136,3.51819558,,3.599635706,0.903225151
0.1,5,0.6,300,10,0.8,1.667928387,0.984297251,3.498325544,,3.599768221,0.903218025
0.2,4,0.6,300,5,0.8,0.84055629,0.996013216,3.342230459,,3.599813734,0.903215578
0.2,3,0.9,300,1,0.6,0.844194179,0.995975368,3.696136256,,3.599970743,0.903207135
0.3,4,0.8,200,5,1,0.372457071,0.999214254,3.405722677,,3.600212817,0.903194118
0.1,5,0.7,200,5,0.8,1.42479067,0.988546058,3.606232068,,3.600285098,0.90319023
0.1,4,0.7,400,10,0.8,1.390872368,0.989086836,3.321158916,,3.600966687,0.903153572
0.2,3,0.8,200,1,1,0.780196924,0.996558033,3.590345035,,3.601289377,0.903136214
0.3,5,0.6,200,10,0.6,1.362714135,0.989523631,3.415270087,,3.601425198,0.903128907
0.3,8,0.9,100,10,0.6,1.320127035,0.990168635,3.71941892,,3.601449406,0.903127605
0.3,8,0.7,300,5,1,0.113009832,0.999926064,3.86947958,,3.602032069,0.903096257
0.1,5,0.7,200,3,1,0.769531488,0.996656743,3.563768402,,3.602103915,0.903092392
0.3,4,0.8,400,1,1,0.115685293,0.999922441,3.715283174,,3.602238169,0.903085168
0.4,4,0.8,100,3,0.8,0.740720384,0.996894604,3.755945002,,3.602259985,0.903083994
0.1,3,0.9,400,3,0.8,1.233815794,0.991410921,3.603504247,,3.602643531,0.903063355
0.1,5,0.8,300,10,0.6,1.543274193,0.986564866,3.531829834,,3.603105847,0.903038474
0.2,4,0.9,200,1,0.8,0.412489319,0.99903498,3.993288517,,3.603834629,0.902999246
0.3,3,0.9,300,10,0.6,1.268427341,0.990917339,3.457422806,,3.604434282,0.902966963
0.2,6,0.6,200,10,0.6,1.688428654,0.983923251,3.579903587,,3.604742648,0.90295036
0.3,5,0.7,300,5,1,0.138677764,0.999890862,3.549367052,,3.604864519,0.902943797
0.4,3,0.8,200,3,0.8,0.776067543,0.99658798,3.346784331,,3.604999478,0.90293653
0.2,6,0.8,100,1,1,0.155551064,0.999862857,3.863961065,,3.605442563,0.902912669
0.3,4,0.6,300,3,1,0.213158982,0.999742166,3.335692417,,3.605471575,0.902911106
0.1,7,0.6,100,3,1,1.441754093,0.988268325,3.867311966,,3.605945322,0.90288559
0.4,6,0.9,100,10,1,0.409790151,0.999048547,3.56330432,,3.605954118,0.902885116
0.2,8,0.7,100,10,1,1.423732745,0.988554393,3.63393859,,3.607023811,0.90282749
0.2,4,0.7,400,5,0.6,0.79091262,0.996462969,3.373300294,,3.607141905,0.902821127
0.3,7,0.7,100,10,0.6,1.744233764,0.982825052,3.679377667,,3.607172281,0.902819491
0.3,6,0.7,100,3,0.6,0.94969038,0.994892012,3.667454224,,3.60767045,0.902792647
0.4,7,0.8,400,3,1,0.112952823,0.999925916,3.999136068,,3.608406633,0.90275297
0.4,7,0.8,100,3,1,0.118996563,0.999918938,3.98921256,,3.608788523,0.902732385
0.4,7,0.8,200,3,1,0.11249527,0.999926528,3.992223267,,3.609536316,0.90269207
0.3,4,0.8,300,1,1,0.120776171,0.999916012,3.69624419,,3.609680696,0.902684286
0.1,5,0.8,200,3,0.6,1.261400374,0.991023754,3.622230842,,3.609880158,0.902673531
0.4,7,0.8,300,3,1,0.112815683,0.999926101,3.988603176,,3.610114146,0.902660913
0.4,4,0.8,100,3,0.6,0.971778539,0.99464666,3.595967952,,3.610224425,0.902654966
0.3,4,0.7,200,5,0.8,0.758687556,0.99674817,3.472976662,,3.610454249,0.902642572
0.2,3,0.8,400,1,0.6,0.717742963,0.997089827,3.56007498,,3.610820237,0.902622833
0.1,8,0.6,200,5,0.6,1.806746836,0.981589867,3.686386926,,3.611313134,0.902596246
0.2,3,0.7,300,1,0.8,0.764976059,0.996692444,3.70565012,,3.611556988,0.902583091
0.2,6,0.7,200,5,0.6,0.959988081,0.994795803,3.46983892,,3.611942465,0.902562294
0.1,7,0.7,400,1,0.6,0.2686544,0.99959051,3.762200607,,3.612531172,0.902530529
0.2,4,0.9,300,1,0.8,0.216335807,0.999734766,4.011148019,,3.612540535,0.902530024
0.2,6,0.8,400,1,1,0.113039625,0.9999258,3.882927626,,3.612612049,0.902526165
0.4,8,0.9,100,10,0.6,1.037100853,0.993928729,3.701449835,,3.612844013,0.902513647
0.4,3,0.6,100,5,0.8,1.760493874,0.982488606,3.81109546,,3.613125959,0.902498431
0.3,4,0.6,400,3,1,0.154799463,0.99986391,3.363918398,,3.613288768,0.902489644
0.2,6,0.9,200,3,1,0.11882518,0.999919427,3.815554948,,3.613679663,0.902468545
0.2,3,0.8,300,5,0.6,1.288321934,0.990625408,3.383075193,,3.613886654,0.902457371
0.2,6,0.8,200,1,1,0.112972955,0.999925979,3.873591525,,3.61398113,0.902452271
0.1,7,0.6,100,3,0.8,1.95818262,0.978363604,3.942092014,,3.613982355,0.902452205
0.1,8,0.9,200,3,0.6,0.833027097,0.996086776,3.613976422,,3.614851404,0.902405285
0.2,6,0.8,300,1,1,0.112812261,0.999926103,3.872013265,,3.614911535,0.902402038
0.4,7,0.7,100,10,0.6,1.440864602,0.988270485,3.500279457,,3.615252043,0.902383651
0.2,6,0.6,100,10,1,1.761749907,0.982475391,3.703856784,,3.615397513,0.902375795
0.1,6,0.6,300,10,0.6,1.907489688,0.979474525,3.638691311,,3.615438011,0.902373608
0.1,4,0.6,300,1,1,0.51948851,0.998474262,3.477017768,,3.615588425,0.902365484
0.2,6,0.9,400,3,1,0.112441514,0.999926626,3.81083651,,3.615767304,0.902355823
0.2,6,0.9,300,3,1,0.113062329,0.999925966,3.813089458,,3.615801896,0.902353955
0.2,6,0.7,400,3,0.8,0.143572656,0.999883016,3.621256413,,3.616122066,0.902336662
0.2,5,0.6,300,10,0.6,1.256234449,0.991093481,3.335104274,,3.61627913,0.902328178
0.2,5,0.8,100,3,1,0.636422046,0.997704661,3.734262538,,3.616383658,0.902322531
0.1,6,0.8,400,1,0.8,0.129970268,0.99990396,3.710021141,,3.61676407,0.90230198
0.2,4,0.6,200,10,0.8,1.63152232,0.984977115,3.433437958,,3.616827514,0.902298553
0.2,3,0.6,400,1,0.6,0.86156238,0.995794374,3.539641102,,3.617114752,0.902283034
0.4,3,0.9,200,10,0.6,1.394880817,0.989008965,3.72147174,,3.617421579,0.902266455
0.4,5,0.7,300,3,0.6,0.235709106,0.999682483,3.697017809,,3.617537829,0.902260174
0.2,7,0.8,100,5,0.8,1.02055286,0.994119259,3.723789944,,3.617776477,0.902247277
0.2,5,0.6,200,3,0.6,0.992136358,0.994441531,3.509946013,,3.617957138,0.902237514
0.4,8,0.8,200,3,1,0.112486217,0.999926536,4.177358667,,3.618009212,0.9022347
0.4,8,0.8,400,3,1,0.112950768,0.999925918,4.184246416,,3.618021764,0.902234022
0.4,7,0.6,100,5,0.6,1.204554955,0.991801811,3.625431377,,3.618047071,0.902232654
0.2,4,0.6,400,5,1,0.362631902,0.999255618,3.31489816,,3.618310114,0.902218437
0.4,8,0.8,300,3,1,0.112812733,0.999926102,4.173834115,,3.618418246,0.902212593
0.2,6,0.6,200,1,0.8,0.241224948,0.999670685,3.598066914,,3.618573434,0.902204205
0.1,8,0.6,300,10,0.6,1.877446358,0.980116636,3.64519398,,3.618652407,0.902199936
0.2,6,0.6,200,5,0.6,1.156728364,0.992446862,3.439384392,,3.618961127,0.902183248
0.4,8,0.8,100,3,1,0.115295534,0.999923375,4.176567545,,3.619335977,0.902162984
0.1,5,0.7,300,5,1,0.624516895,0.997796243,3.384639535,,3.620294841,0.902111137
0.1,7,0.6,300,10,0.6,1.883822195,0.979980715,3.639164898,,3.620530362,0.9020984
0.3,3,0.6,400,3,0.8,0.667702545,0.99747789,3.721390593,,3.620919846,0.902077335
0.2,3,0.9,200,3,0.6,1.444580667,0.988213575,3.729976308,,3.621318207,0.902055788
0.4,3,0.8,200,1,1,0.355736812,0.999280921,3.84936687,,3.621357121,0.902053683
0.1,7,0.9,200,3,0.6,0.873957815,0.995693108,3.612640064,,3.621504894,0.902045689
0.1,4,0.8,200,1,0.8,0.957438387,0.994824548,3.633520205,,3.621722594,0.902033912
0.3,8,0.7,100,10,1,0.877777219,0.995646656,3.519332927,,3.621734281,0.90203328
0.3,4,0.9,100,1,0.6,0.782544332,0.996532632,3.772442051,,3.621778748,0.902030874
0.3,5,0.7,200,5,1,0.234534848,0.999688559,3.520802428,,3.622349859,0.901999975
0.2,6,0.7,300,3,0.8,0.195858387,0.999783143,3.608053265,,3.622512381,0.901991181
0.2,4,0.9,400,1,0.8,0.159323751,0.999855939,4.012982317,,3.622529881,0.901990234
0.1,6,0.8,300,1,0.8,0.167479856,0.999841535,3.703629872,,3.623050518,0.901962059
0.4,6,0.6,400,1,1,0.11532936,0.99992274,4.108349409,,3.623165369,0.901955844
0.3,7,0.7,100,3,0.6,0.890829625,0.995508418,3.609263579,,3.623485243,0.901938531
0.2,6,0.8,300,3,0.6,0.295906346,0.999503958,3.54214898,,3.623542825,0.901935414
0.2,8,0.9,200,3,0.6,0.353194976,0.999295025,3.656181925,,3.623753356,0.901924019
0.3,8,0.8,400,5,1,0.112625865,0.999926361,3.857569667,,3.623816667,0.901920592
0.3,8,0.8,300,5,1,0.112500061,0.999926546,3.852788314,,3.62430432,0.901894193
0.1,5,0.7,200,10,0.8,2.053577933,0.976213683,3.751183419,,3.62460669,0.901877823
0.1,4,0.7,400,5,1,0.702071266,0.997216161,3.271520791,,3.624676372,0.90187405
0.4,3,0.8,200,10,0.8,1.253878986,0.991122785,3.444261431,,3.624722861,0.901871533
0.1,7,0.7,200,10,0.8,1.884648337,0.979964937,3.71992466,,3.624910704,0.901861362
0.4,5,0.7,200,3,0.6,0.432787772,0.998932244,3.647742282,,3.624930176,0.901860308
0.2,4,0.9,100,3,0.8,1.378069226,0.989270482,3.862933593,,3.625120228,0.901850017
0.4,5,0.9,100,10,0.6,1.247646927,0.991204041,3.732494955,,3.625124015,0.901849812
0.1,6,0.6,200,10,1,1.810517626,0.98150279,3.733771442,,3.625233926,0.90184386
0.3,8,0.8,200,5,1,0.113558523,0.999925628,3.852741968,,3.625436264,0.901832903
0.2,5,0.6,100,10,0.8,2.398157117,0.967553388,3.914781412,,3.625477843,0.901830651
0.3,4,0.6,100,3,1,0.846482398,0.995942755,3.351629206,,3.625606531,0.901823682
0.1,5,0.7,200,1,0.8,0.65866312,0.997548219,3.581175619,,3.625863186,0.901809781
0.4,5,0.7,400,3,0.6,0.181700142,0.999811429,3.721720137,,3.626056722,0.901799299
0.3,6,0.7,200,1,0.8,0.121244602,0.999915844,3.92560794,,3.626213979,0.901790781
0.4,3,0.8,300,5,0.8,0.640383945,0.997682443,3.587576991,,3.626418386,0.901779709
0.2,6,0.8,200,3,0.8,0.293032185,0.999514301,3.675968464,,3.62748244,0.901722061
0.3,5,0.7,200,10,1,0.501308543,0.998578539,3.409986117,,3.627702366,0.901710144
0.1,4,0.8,300,1,0.6,0.766882392,0.99667682,3.44233208,,3.627743467,0.901707917
0.1,5,0.7,200,1,0.6,0.931750906,0.99509912,3.687023507,,3.627811203,0.901704247
0.1,5,0.7,300,10,1,1.075913313,0.993463243,3.348305518,,3.628129324,0.901687007
0.3,3,0.6,400,1,0.8,0.438779714,0.998906267,3.785039379,,3.628851784,0.901647849
0.1,8,0.7,200,10,0.8,1.870453883,0.98026383,3.749416495,,3.629208067,0.901628536
0.3,4,0.9,100,5,0.8,1.208437562,0.991750151,3.783741767,,3.629573318,0.901608734
0.1,8,0.7,200,5,0.6,1.539229844,0.986634755,3.61546888,,3.630260053,0.901571498
0.1,5,0.6,200,5,0.6,1.953182038,0.978482843,3.792197177,,3.630636258,0.901551097
0.3,6,0.7,400,1,0.8,0.114433261,0.999923958,3.937775141,,3.631335571,0.901513168
0.2,3,0.9,400,10,0.6,1.38128191,0.989235863,3.491526246,,3.631573533,0.90150026
0.1,4,0.8,400,1,1,0.236385487,0.999683972,3.543739945,,3.631603391,0.90149864
0.2,8,0.7,100,5,1,0.688429409,0.997322231,3.772578528,,3.6316445,0.90149641
0.3,6,0.7,300,1,0.8,0.114630756,0.999923781,3.943281913,,3.6328686,0.901429995
0.2,7,0.7,300,5,0.6,0.563655715,0.998204889,3.510554343,,3.634063448,0.901365145
0.3,8,0.7,100,1,0.6,0.438429196,0.998909795,3.839720484,,3.634341153,0.901350069
0.2,8,0.6,200,5,0.6,1.113147158,0.993002774,3.520652197,,3.634483678,0.901342332
0.3,8,0.7,100,10,0.6,1.729920078,0.983103384,3.661025707,,3.634734319,0.901328724
0.1,4,0.8,300,1,1,0.374800504,0.999204937,3.562357294,,3.634918354,0.901318732
0.2,5,0.7,100,5,0.8,1.494544759,0.987386471,3.639975584,,3.635151783,0.901306057
0.3,4,0.6,100,10,1,1.574950995,0.985999246,3.469547991,,3.635489954,0.901287694
0.1,4,0.8,200,3,0.6,1.551779237,0.98641906,3.600864766,,3.635548333,0.901284523
0.1,4,0.9,400,10,0.8,1.244834294,0.991255875,3.347832184,,3.635560071,0.901283886
0.1,7,0.7,300,1,0.6,0.367186884,0.999236456,3.732221299,,3.6357811,0.901271882
0.2,6,0.6,300,1,0.6,0.252359169,0.999638227,3.759467432,,3.636340933,0.901241476
0.3,4,0.9,400,10,1,0.233611192,0.999691344,3.081402968,,3.636479587,0.901233945
0.2,4,0.9,400,10,1,0.423049483,0.998989615,3.180011474,,3.636661951,0.901224038
0.3,7,0.8,400,5,0.8,0.115644421,0.999923157,3.667494357,,3.636951927,0.901208286
0.3,4,0.8,400,5,1,0.152146201,0.99986889,3.468295543,,3.637912139,0.901156114
0.2,6,0.7,200,3,0.8,0.391238479,0.99913435,3.587172125,,3.638014126,0.901150571
0.4,5,0.6,300,1,0.6,0.159623575,0.999854804,3.679086925,,3.638311356,0.901134419
0.2,8,0.7,100,5,0.8,1.181372012,0.992116904,3.689680066,,3.638563119,0.901120736
0.2,8,0.7,200,5,0.6,0.893072676,0.995496913,3.508734841,,3.638600739,0.901118691
0.2,8,0.8,100,3,0.8,0.633753682,0.997730837,3.737343955,,3.638651697,0.901115921
0.1,6,0.7,200,5,1,0.852597635,0.99589209,3.582907118,,3.639407362,0.901074845
0.1,7,0.6,200,5,0.6,1.819985319,0.981318132,3.687081543,,3.640061645,0.901039273
0.2,5,0.8,100,10,1,1.456815682,0.988015598,3.653547122,,3.640852094,0.900996289
0.2,6,0.6,400,1,0.6,0.190909689,0.999792752,3.796565021,,3.641290452,0.900972447
0.4,3,0.6,300,10,0.6,1.299377695,0.990460284,3.430831082,,3.641447023,0.900963931
0.4,6,0.6,300,1,1,0.116752676,0.999920788,4.078955458,,3.641764403,0.900946667
0.3,8,0.7,100,5,1,0.337319412,0.999356086,3.844145613,,3.641769677,0.90094638
0.1,5,0.8,200,10,1,1.445636939,0.988207149,3.652544253,,3.641816072,0.900943856
0.2,6,0.8,400,3,0.8,0.123617924,0.999912761,3.700575297,,3.64196565,0.900935719
0.1,3,0.8,400,3,1,1.022935138,0.994097049,3.431447444,,3.642907035,0.9008845
0.4,3,0.8,400,1,1,0.157587096,0.999858871,3.858301624,,3.642964202,0.900881389
0.1,3,0.9,400,1,1,0.79603845,0.996422236,3.496864191,,3.642986705,0.900880164
0.3,4,0.9,100,5,1,0.822902315,0.996174463,3.465872299,,3.643028368,0.900877897
0.4,5,0.6,400,1,0.6,0.138645002,0.999890166,3.709239249,,3.64313693,0.900871989
0.2,6,0.8,100,10,0.8,1.768780931,0.982345496,3.715653106,,3.643257291,0.900865439
0.1,8,0.8,300,5,0.6,0.853827426,0.995887898,3.429002588,,3.643470007,0.900853863
0.2,6,0.6,400,1,1,0.115561569,0.999922446,3.663438438,,3.643681692,0.900842342
0.1,5,0.9,200,10,0.8,1.678597333,0.984099246,3.736559307,,3.644015167,0.900824191
0.3,6,0.6,200,3,0.6,0.65907116,0.997541645,3.607555622,,3.644019828,0.900823937
0.3,7,0.8,300,5,0.8,0.12643378,0.99990916,3.658435988,,3.644054639,0.900822042
0.3,6,0.7,100,10,0.6,1.766786912,0.982380834,3.653331661,,3.645756758,0.90072937
0.3,3,0.9,300,3,0.8,0.612559996,0.99788034,3.812589993,,3.645913836,0.900720815
0.3,3,0.6,300,3,0.8,0.865509067,0.99576564,3.661092538,,3.646845582,0.900670065
0.2,6,0.6,300,1,1,0.114982782,0.999923344,3.646979238,,3.647096534,0.900656394
0.4,6,0.6,200,1,1,0.11310605,0.999925708,4.08396148,,3.647353804,0.900642378
0.2,6,0.6,100,10,0.8,2.281102633,0.970639016,3.97489223,,3.647461187,0.900636528
0.1,8,0.7,100,3,0.8,1.648797447,0.984660476,3.826082975,,3.647463628,0.900636395
0.4,4,0.7,300,3,0.6,0.38984635,0.999129756,3.779409676,,3.647776213,0.900619363
0.3,4,0.8,300,5,1,0.212862125,0.999743531,3.448795064,,3.648296258,0.900591025
0.4,6,0.9,200,3,0.6,0.174909272,0.999826503,3.698725324,,3.649064675,0.900549145
0.2,6,0.6,200,3,1,0.231932558,0.999695718,3.686051968,,3.649936823,0.9005016
0.2,6,0.8,300,3,0.8,0.148569634,0.999874948,3.687562454,,3.650327145,0.900480319
0.2,4,0.6,300,3,0.8,0.636583087,0.997709286,3.484318019,,3.650693596,0.900460336
0.2,6,0.8,200,3,0.6,0.55305269,0.998270269,3.530475052,,3.650900958,0.900449028
0.1,8,0.7,100,1,1,0.391810638,0.999129698,3.93653978,,3.651022945,0.900442376
0.3,4,0.9,200,5,1,0.332753382,0.999373828,3.380389921,,3.651438162,0.90041973
0.2,8,0.6,400,1,0.8,0.11609743,0.999921955,3.702633895,,3.652007844,0.900388655
0.3,4,0.9,300,5,1,0.186233715,0.999803873,3.380907668,,3.652081264,0.90038465
0.2,4,0.7,200,10,0.8,1.455645723,0.988047522,3.495756941,,3.652105495,0.900383328
0.1,5,0.9,200,5,0.6,1.44069976,0.988295421,3.764483224,,3.652271615,0.900374265
0.1,5,0.6,200,10,1,1.92339726,0.979127068,3.687769948,,3.652300446,0.900372692
0.2,4,0.9,100,5,0.8,1.672154321,0.984216101,3.76373529,,3.652608199,0.900355902
0.1,5,0.8,200,5,0.6,1.552698139,0.986404216,3.5754976,,3.65289795,0.900340092
0.2,6,0.9,100,3,1,0.329746423,0.999378892,3.84496877,,3.652905576,0.900339676
0.3,7,0.8,200,5,0.8,0.221214415,0.999723164,3.650950472,,3.652951222,0.900337186
0.1,6,0.7,100,1,1,0.744976662,0.99685555,3.761621597,,3.653003577,0.900334329
0.4,6,0.6,100,1,1,0.124720166,0.999911013,4.052107277,,3.65392395,0.900284101
0.2,6,0.6,200,1,1,0.120274996,0.9999171,3.642380879,,3.654300234,0.900263562
0.1,6,0.8,200,5,0.6,1.415197871,0.988704189,3.57852476,,3.654549591,0.900249951
0.3,3,0.7,300,10,0.8,1.199100351,0.991885937,3.445931444,,3.65455813,0.900249484
0.1,7,0.8,100,1,0.8,0.829091001,0.996120956,3.688087019,,3.655130069,0.90021826
0.4,4,0.6,100,1,0.8,0.690157245,0.997294934,3.726054854,,3.655424304,0.900202195
0.3,5,0.8,100,10,0.6,1.677212665,0.984123611,3.57750031,,3.655678804,0.900188298
0.1,8,0.6,100,3,1,1.376691259,0.98930155,3.892464297,,3.655864953,0.900178133
0.2,4,0.7,400,3,1,0.196774723,0.99978086,3.563180929,,3.656000843,0.900170712
0.1,6,0.7,300,5,0.6,1.11174961,0.993024645,3.415337836,,3.656059776,0.900167493
0.2,6,0.9,100,1,0.8,0.333403748,0.999365884,3.879980619,,3.656137507,0.900163248
0.1,8,0.7,400,3,0.6,0.563563994,0.99820646,3.475626287,,3.656145396,0.900162817
0.1,8,0.7,200,10,1,1.430151703,0.988452215,3.747169353,,3.656254159,0.900156877
0.1,4,0.6,400,5,0.6,1.387324699,0.989136313,3.429010274,,3.656276038,0.900155682
0.2,5,0.7,200,5,1,0.441082987,0.998899478,3.378989119,,3.65675399,0.900129577
0.1,5,0.8,200,1,0.6,0.799007845,0.996394329,3.583503705,,3.657129259,0.900109078
0.2,8,0.6,200,1,0.8,0.166205714,0.999843513,3.664618159,,3.657403775,0.900094081
0.3,4,0.9,300,10,1,0.339463433,0.999348453,3.072942507,,3.657523089,0.900087563
0.4,5,0.7,100,10,0.8,1.31157695,0.99026652,3.464768551,,3.657643405,0.900080989
0.3,3,0.6,400,5,0.8,0.835855163,0.996055692,3.631757209,,3.657811575,0.900071801
0.3,5,0.9,400,1,0.6,0.115946003,0.999922583,3.96599524,,3.658210694,0.900049993
0.1,6,0.7,300,3,0.6,0.833984543,0.996072523,3.480849491,,3.658623644,0.900027426
0.3,4,0.6,200,10,1,0.862070816,0.995800001,3.209959002,,3.658661625,0.90002535
0.2,8,0.6,300,1,0.8,0.117576603,0.999920611,3.688395053,,3.659005707,0.900006545
0.4,3,0.8,200,5,0.8,0.958210371,0.994813932,3.588911994,,3.659329961,0.899988822
0.1,5,0.7,200,3,0.8,1.111388748,0.993026888,3.600446793,,3.659470446,0.899981143
0.2,8,0.7,100,3,1,0.344361657,0.999328718,3.863208222,,3.659740689,0.89996637
0.4,3,0.8,300,1,1,0.207243996,0.999756418,3.820159787,,3.659763073,0.899965146
0.3,5,0.6,100,1,1,0.242875673,0.999665112,3.725866576,,3.659865382,0.899959553
0.3,4,0.7,100,5,1,1.010156462,0.994226881,3.314361424,,3.660148434,0.899944078
0.2,3,0.9,400,10,1,0.938507272,0.995029078,3.341351189,,3.660809825,0.899907915
0.3,3,0.8,200,5,0.6,1.334333607,0.989930742,3.440197194,,3.661865528,0.899850177
0.4,5,0.7,100,10,0.6,1.54947375,0.98644711,3.531197466,,3.662101952,0.899837245
0.2,4,0.6,300,5,1,0.533781435,0.998388098,3.274123886,,3.662108959,0.899836861
0.3,3,0.6,200,3,0.8,1.178349728,0.99215605,3.652185947,,3.662230506,0.899830212
0.3,5,0.9,300,1,0.6,0.122092761,0.999914775,3.95179278,,3.662604558,0.899809749
0.3,8,0.8,400,5,0.8,0.114271995,0.999924724,3.730161408,,3.662865574,0.899795468
0.4,6,0.9,400,3,0.6,0.114300838,0.99992463,3.742560637,,3.663282646,0.899772648
0.2,7,0.8,100,1,0.6,0.577218111,0.998111421,3.797100728,,3.663332501,0.89976992
0.4,3,0.9,200,1,1,0.346648843,0.999318072,3.646148288,,3.663498756,0.899760822
0.2,6,0.6,200,1,0.6,0.512406935,0.998507792,3.687831013,,3.663954858,0.899735861
0.1,7,0.7,400,3,0.6,0.595141711,0.997999313,3.509871127,,3.664192925,0.899722831
0.3,3,0.8,300,10,0.6,1.298515195,0.990481462,3.427945295,,3.664238093,0.899720359
0.3,4,0.8,400,10,1,0.264267147,0.999605414,3.309569939,,3.664433128,0.899709683
0.4,4,0.7,400,3,0.6,0.304574972,0.999468805,3.813709883,,3.664475554,0.899707361
0.2,4,0.7,200,10,1,1.095395744,0.993227001,3.250334753,,3.66465164,0.899697722
0.1,4,0.8,300,3,1,0.641854121,0.997673683,3.385194711,,3.664952564,0.899681249
0.3,8,0.8,200,5,0.8,0.201867859,0.999769556,3.719044583,,3.664993095,0.89967903
0.1,7,0.6,100,5,0.8,2.537266788,0.963684255,4.258436887,,3.665744607,0.899637884
0.3,8,0.8,300,5,0.8,0.121646015,0.999915542,3.723975108,,3.666029527,0.899622282
0.2,6,0.7,100,3,0.8,0.972290876,0.994656789,3.610672844,,3.666441431,0.899599725
0.3,4,0.9,400,5,1,0.13918534,0.999890221,3.40273573,,3.667183805,0.899559063
0.2,6,0.9,100,3,0.6,1.002233886,0.994329352,3.845185349,,3.667347849,0.899550076
0.3,4,0.7,100,1,0.8,0.778191556,0.996567742,3.960961044,,3.667720937,0.899529637
0.4,6,0.9,300,3,0.6,0.118759792,0.999919192,3.735336511,,3.667803777,0.899525099
0.1,6,0.7,200,10,1,1.508376922,0.987157474,3.653170993,,3.668349184,0.899495215
0.2,4,0.7,200,10,0.6,1.725397731,0.983209693,3.621692386,,3.668912925,0.899464322
0.2,5,0.8,100,3,0.6,1.28293382,0.990693065,3.655152643,,3.669448332,0.899434978
0.1,7,0.7,300,5,1,0.34553969,0.999324786,3.610148345,,3.670267168,0.89939009
0.4,4,0.6,100,10,1,1.241955592,0.991276295,3.532613596,,3.67038265,0.899383759
0.2,7,0.7,100,10,1,1.449106347,0.988143053,3.68522483,,3.671065505,0.899346317
0.2,7,0.8,100,10,0.6,2.022913356,0.976914703,3.787622562,,3.671293066,0.899333838
0.1,8,0.9,200,5,0.6,1.163802523,0.992362979,3.727215364,,3.672325267,0.899277225
0.3,5,0.9,200,1,0.6,0.179134551,0.99981795,3.898778712,,3.672353753,0.899275662
0.4,3,0.9,400,1,1,0.152147988,0.99986841,3.690671466,,3.67296289,0.899242245
0.1,3,0.8,400,3,0.8,1.260431946,0.991038002,3.468598838,,3.673449337,0.899215555
0.1,8,0.6,200,10,0.8,2.214079348,0.972345051,3.845601688,,3.673473914,0.899214206
0.4,3,0.9,300,1,1,0.200377428,0.999772425,3.664172789,,3.673635039,0.899205365
0.1,4,0.6,200,1,0.8,1.1530297,0.992499845,3.489101715,,3.674171393,0.89917593
0.2,4,0.6,300,1,0.6,0.553977608,0.998264638,3.647942837,,3.674300724,0.899168832
0.2,8,0.8,100,10,0.6,2.011328363,0.977176922,3.832261421,,3.674785866,0.899142204
0.4,3,0.6,400,10,0.6,1.145803242,0.992581695,3.42300362,,3.674984654,0.899131291
0.4,4,0.7,200,10,0.6,1.13699116,0.992702068,3.394067558,,3.67539791,0.899108605
0.4,3,0.6,200,5,1,0.868369167,0.995725639,3.687073278,,3.675527886,0.899101469
0.3,3,0.6,300,5,0.8,1.0427588,0.993862613,3.573886778,,3.675839353,0.899084367
0.4,4,0.8,100,5,1,0.622050557,0.997811156,3.438476396,,3.676153352,0.899067126
0.4,4,0.8,300,5,1,0.152992594,0.999867214,3.530873579,,3.676178663,0.899065736
0.1,6,0.9,200,5,0.6,1.276880622,0.990806303,3.753062824,,3.676911425,0.899025494
0.3,5,0.6,200,1,0.8,0.214748832,0.999738258,3.593187067,,3.67740066,0.898998622
0.4,7,0.6,400,3,1,0.114558497,0.999923787,4.034360429,,3.678115303,0.898959362
0.3,4,0.9,200,10,1,0.58374929,0.998074525,3.113141436,,3.678633908,0.898930867
0.2,5,0.7,400,3,0.6,0.387722368,0.999147518,3.559777591,,3.678784195,0.898922609
0.1,3,0.9,400,1,0.8,0.955409361,0.994849345,3.584577486,,3.678917118,0.898915304
0.1,5,0.7,400,1,1,0.12953181,0.99990451,3.574367122,,3.679163693,0.898901754
0.2,4,0.6,400,10,0.6,1.224281284,0.991539228,3.320394638,,3.679190375,0.898900287
0.2,4,0.8,200,1,0.8,0.431756906,0.998944078,3.922767213,,3.679391224,0.898889249
0.2,5,0.7,100,5,0.6,1.761719127,0.982486065,3.7772251,,3.679416887,0.898887838
0.1,7,0.7,100,1,0.8,1.004170248,0.994306132,3.616402383,,3.68005957,0.898852513
0.3,3,0.8,100,3,0.8,1.580553379,0.985888885,3.763259202,,3.680556567,0.898825191
0.2,4,0.7,400,3,0.8,0.365368229,0.999245498,3.575585589,,3.68067129,0.898818883
0.1,4,0.8,200,1,0.6,1.128968519,0.992803962,3.503090488,,3.680871139,0.898807895
0.4,4,0.8,400,5,1,0.125591915,0.999909925,3.559079961,,3.681142041,0.898793
0.1,5,0.7,300,10,0.6,1.735258599,0.983016654,3.669100731,,3.681355889,0.898781241
0.1,4,0.7,400,5,0.6,1.262791001,0.991001682,3.373766607,,3.681558593,0.898770094
0.3,5,0.7,100,5,1,0.677928352,0.997395737,3.470256216,,3.681795989,0.898757038
0.4,7,0.8,400,1,0.8,0.113436378,0.999925274,4.079779057,,3.681915413,0.89875047
0.4,5,0.6,200,1,0.6,0.291617361,0.999515512,3.641801537,,3.681930734,0.898749628
0.4,7,0.8,100,1,0.8,0.124169715,0.999911843,4.084151213,,3.68251928,0.898717256
0.2,4,0.6,200,5,0.6,1.460062062,0.987973558,3.495744661,,3.682690522,0.898707836
0.2,4,0.8,200,10,0.6,1.560497446,0.986264402,3.549555949,,3.683447448,0.898666193
0.3,4,0.9,100,3,1,0.603253135,0.997943827,3.468958688,,3.683533558,0.898661455
0.2,4,0.7,100,1,0.8,1.097753804,0.993185891,3.707627973,,3.683733625,0.898650447
0.2,7,0.7,200,5,0.6,0.913151792,0.995292113,3.493166417,,3.685053064,0.898577831
0.4,6,0.7,400,3,1,0.114603786,0.999923726,3.921718875,,3.685393186,0.898559108
0.2,4,0.9,100,1,0.6,1.079866433,0.99341063,3.880262037,,3.685615183,0.898546887
0.2,5,0.7,100,10,1,1.659214282,0.984463088,3.561102796,,3.685652231,0.898544847
0.4,4,0.9,100,5,0.6,1.154324441,0.992466144,3.729898304,,3.685755953,0.898539137
0.4,7,0.8,300,1,0.8,0.116427571,0.999921279,4.074045966,,3.685758404,0.898539002
0.1,4,0.9,400,10,1,1.002659122,0.994322055,3.427396955,,3.685786176,0.898537473
0.1,8,0.9,200,10,0.6,1.802281593,0.981682396,3.820122692,,3.686007305,0.898525298
0.4,7,0.8,200,1,0.8,0.112523866,0.999926486,4.074835494,,3.687089803,0.898465688
0.4,4,0.7,200,3,0.6,0.639313631,0.997666929,3.767625555,,3.687252232,0.898456742
0.4,3,0.9,200,10,0.8,1.180619991,0.992133039,3.492482789,,3.687540789,0.898440848
0.4,6,0.9,100,10,0.6,1.123261547,0.992871762,3.742834962,,3.687625169,0.8984362
0.2,6,0.8,100,10,0.6,2.079131099,0.975614698,3.860831497,,3.687731126,0.898430363
0.4,7,0.6,300,3,1,0.113637266,0.999925034,4.0181503,,3.688274705,0.898400418
0.3,4,0.9,100,3,0.6,1.169173455,0.992268815,3.810834688,,3.688891748,0.89836642
0.2,4,0.6,200,3,0.8,0.979610468,0.994579683,3.498072913,,3.688903597,0.898365767
0.4,5,0.7,400,5,1,0.1150085,0.999923481,3.60670514,,3.689255713,0.898346364
0.1,7,0.7,200,5,0.6,1.557283326,0.986319316,3.622935001,,3.689541639,0.898330606
0.4,6,0.7,300,3,1,0.112964558,0.999925908,3.904894751,,3.690607673,0.898271846
0.3,4,0.8,200,3,1,0.255582551,0.999629544,3.635668365,,3.690719529,0.89826568
0.1,4,0.9,400,5,0.6,1.107808221,0.993076445,3.530387783,,3.691032819,0.898248408
0.1,6,0.6,400,1,1,0.120546658,0.999916614,3.734143927,,3.691118775,0.898243668
0.4,6,0.8,200,5,1,0.114750087,0.999924174,3.916287477,,3.691384386,0.898229023
0.2,4,0.7,300,3,1,0.304650059,0.999473344,3.549965451,,3.691413633,0.898227411
0.3,3,0.8,400,3,0.6,0.714266818,0.997116317,3.586551149,,3.69172247,0.898210381
0.3,7,0.7,400,3,1,0.114141914,0.999924347,3.970162112,,3.691810878,0.898205505
0.3,8,0.6,400,3,0.6,0.21316999,0.999742186,3.635176255,,3.692335173,0.89817659
0.4,5,0.7,300,1,0.6,0.132710099,0.999898866,3.68162863,,3.692778495,0.898152138
0.1,7,0.7,100,3,0.8,1.705166908,0.983594337,3.885350519,,3.692861444,0.898147562
0.3,7,0.7,100,3,1,0.198558129,0.999776821,3.951930535,,3.692898083,0.898145541
0.3,4,0.8,100,10,0.6,1.951223327,0.97850393,3.762749786,,3.693001456,0.898139839
0.2,3,0.8,400,10,0.6,1.407886317,0.988817888,3.48258032,,3.693170141,0.898130533
0.4,6,0.9,100,3,0.6,0.477028953,0.998707982,3.631369779,,3.693181961,0.898129881
0.2,4,0.6,400,3,1,0.239407466,0.999675213,3.172700207,,3.693250723,0.898126088
0.1,7,0.7,200,10,1,1.454283989,0.988062248,3.682471268,,3.693324068,0.898122042
0.1,4,0.9,200,1,1,0.645511291,0.9976469,3.727128107,,3.693397394,0.898117996
0.2,5,0.8,100,5,0.6,1.604757846,0.985467645,3.658092415,,3.693770083,0.898097434
0.4,6,0.7,200,3,1,0.113605875,0.999925351,3.909770048,,3.693997561,0.898084882
0.3,7,0.7,200,3,1,0.113876121,0.999925214,3.965356846,,3.694024122,0.898083417
0.1,5,0.9,100,1,0.8,1.144671407,0.992606868,3.762197282,,3.694136517,0.898077215
0.4,3,0.7,400,10,0.8,0.831882079,0.996092973,3.560536285,,3.694282821,0.898069142
0.2,5,0.7,100,5,1,1.089081697,0.993301234,3.463725174,,3.694312561,0.8980675
0.3,7,0.7,300,3,1,0.112821019,0.999926107,3.960152346,,3.694385927,0.898063452
0.4,6,0.8,400,5,1,0.11272387,0.999926237,3.92500241,,3.69445578,0.898059597
0.3,5,0.7,100,10,1,1.156280614,0.992452687,3.507485775,,3.694739073,0.898043963
0.1,5,0.7,300,1,1,0.177244623,0.999822448,3.560763627,,3.694927027,0.898033589
0.4,3,0.6,100,5,1,1.429775932,0.988438889,3.732367255,,3.695211624,0.898017881
0.3,3,0.8,300,3,0.6,0.849378883,0.995916831,3.569724975,,3.695247827,0.898015883
0.2,4,0.8,400,3,1,0.170314051,0.99983583,3.407247968,,3.695779801,0.897986517
0.2,4,0.7,200,5,0.8,1.06602844,0.993579179,3.479868761,,3.695802099,0.897985286
0.3,5,0.6,100,1,0.8,0.578067092,0.998103659,3.501289618,,3.695815366,0.897984554
0.4,6,0.7,100,3,1,0.173396585,0.999829248,3.890813032,,3.695910854,0.897979282
0.4,6,0.8,300,5,1,0.112635153,0.999926383,3.917999195,,3.696130286,0.897967167
0.1,6,0.9,200,10,1,1.092296843,0.993262874,3.823830184,,3.696649659,0.89793849
0.4,4,0.7,100,10,0.8,1.550262355,0.986421638,3.61356313,,3.696758538,0.897932478
0.1,5,0.8,100,3,1,1.509263861,0.987137745,3.906268709,,3.697469659,0.897893206
0.1,4,0.7,400,10,0.6,1.669606831,0.984278056,3.518370644,,3.697599976,0.897886009
0.4,7,0.6,200,3,1,0.114074889,0.999924919,4.014417932,,3.697695423,0.897880737
0.1,4,0.6,200,1,1,0.854361015,0.995875032,3.518491619,,3.69830415,0.897847112
0.2,8,0.7,100,3,0.8,0.823913897,0.996164167,3.725257377,,3.698316396,0.897846435
0.3,5,0.6,100,5,0.6,1.590622026,0.985722457,3.4895191,,3.698505398,0.897835994
0.4,4,0.9,400,3,0.6,0.194288007,0.999786441,3.678576068,,3.698883032,0.89781513
0.1,4,0.7,400,3,1,0.516210803,0.998494495,3.358232663,,3.699066033,0.897805019
0.4,5,0.7,200,1,0.6,0.201846695,0.999766651,3.646821965,,3.699317739,0.89779111
0.1,8,0.8,100,1,0.8,0.732269621,0.996974589,3.699288487,,3.700176838,0.897743632
0.3,6,0.9,400,3,0.6,0.121455016,0.999915689,3.813857278,,3.700468613,0.897727505
0.3,4,0.7,100,3,0.6,1.345295743,0.989758262,3.747616176,,3.700519559,0.897724689
0.2,8,0.6,100,1,0.8,0.558484539,0.998224869,3.591679603,,3.70085123,0.897706355
0.3,4,0.8,300,10,1,0.388639648,0.999146649,3.298501908,,3.70117649,0.897688373
0.3,5,0.6,400,1,0.8,0.122321871,0.99991384,3.660716995,,3.701391882,0.897676465
0.1,6,0.9,100,1,0.8,0.885414244,0.99557292,3.780348463,,3.701924478,0.897647016
0.1,8,0.6,100,3,0.8,1.918305028,0.979234569,3.895529797,,3.702768461,0.89760034
0.3,3,0.7,300,3,0.6,0.947444081,0.994917313,3.665978182,,3.703615365,0.897553493
0.1,5,0.9,200,3,0.6,1.148221393,0.992564052,3.744472105,,3.703894221,0.897538065
0.2,5,0.6,300,1,0.6,0.343318718,0.999330495,3.832045475,,3.704344427,0.897513156
0.1,4,0.8,200,1,1,0.680132489,0.997387065,3.61476816,,3.704892586,0.897482822
0.4,5,0.7,300,5,1,0.119400956,0.999918348,3.590847728,,3.704933943,0.897480533
0.3,8,0.6,300,3,0.6,0.296667217,0.999500948,3.599259441,,3.70577376,0.897434051
0.2,3,0.8,200,3,1,1.027581787,0.994039647,3.497303112,,3.705920254,0.897425941
0.2,8,0.6,200,10,0.6,1.658912238,0.984481099,3.629232747,,3.706657298,0.897385137
0.2,3,0.8,200,3,0.6,1.443222138,0.988224925,3.696365022,,3.706878384,0.897372895
0.3,8,0.7,200,1,0.6,0.15559564,0.999862249,3.926835498,,3.707216221,0.897354188
0.2,4,0.7,300,5,0.6,0.942865391,0.994973124,3.428000552,,3.707373517,0.897345477
0.3,3,0.7,400,5,0.8,0.738433923,0.996920626,3.596116087,,3.707407232,0.89734361
0.2,7,0.6,100,1,0.8,0.612058612,0.997872355,3.560135651,,3.707765765,0.897323754
0.3,6,0.9,300,3,0.6,0.138694606,0.999890799,3.800005828,,3.707828927,0.897320256
0.4,3,0.6,400,10,0.8,0.941635096,0.994995707,3.555347516,,3.708061972,0.897307348
0.2,3,0.7,200,1,0.8,1.078419497,0.993429672,3.696663317,,3.708068237,0.897307001
0.4,3,0.8,200,5,1,0.656439947,0.997565783,3.415026204,,3.708385612,0.897289421
0.2,5,0.6,400,1,1,0.117263786,0.99992036,3.758937956,,3.70858881,0.897278165
0.2,6,0.9,100,10,0.6,1.908150903,0.979451668,3.907742009,,3.708656314,0.897274426
0.2,4,0.6,300,3,1,0.365594112,0.99924359,3.160175977,,3.708793438,0.897266829
0.4,5,0.7,400,1,0.6,0.121828185,0.999914395,3.696116306,,3.709091804,0.897250299
0.2,4,0.9,100,3,0.6,1.535830169,0.98667958,3.92023284,,3.709601877,0.897222037
0.4,4,0.7,400,5,0.6,0.435567909,0.998920671,3.699314297,,3.70968903,0.897217208
0.1,4,0.8,300,10,0.6,1.815997891,0.981399501,3.634474551,,3.710026897,0.897198484
0.4,4,0.7,300,5,0.6,0.549138993,0.998284863,3.657827586,,3.710271932,0.897184905
0.3,4,0.8,400,3,1,0.125441599,0.99991014,3.715208686,,3.71189176,0.897095111
0.4,5,0.7,100,3,1,0.274182448,0.999572531,4.008445018,,3.712225755,0.897076592
0.2,3,0.9,400,10,0.8,1.182942024,0.992103966,3.418842489,,3.712265943,0.897074363
0.2,4,0.8,200,3,1,0.45433359,0.998831929,3.368715511,,3.712285706,0.897073267
0.2,6,0.7,100,10,0.8,2.003465416,0.977353831,3.834759412,,3.71239529,0.89706719
0.4,5,0.7,200,5,1,0.156728029,0.999861056,3.574461497,,3.712474556,0.897062795
0.4,3,0.9,400,3,0.8,0.334700019,0.999366324,3.787350723,,3.712588488,0.897056477
0.1,6,0.6,300,1,1,0.14662234,0.999878113,3.716720155,,3.713182155,0.897023551
0.2,5,0.6,300,1,1,0.122029392,0.999914464,3.734704266,,3.713384361,0.897012336
0.1,4,0.6,400,10,1,1.203776005,0.991822584,3.263373932,,3.713530622,0.897004223
0.3,5,0.6,300,1,0.8,0.132881557,0.999899295,3.630759956,,3.713668568,0.896996571
0.3,4,0.9,400,3,0.8,0.165220452,0.999845392,3.675798048,,3.714131225,0.896970904
0.2,4,0.8,200,10,0.8,1.33750357,0.989907748,3.430446732,,3.714253762,0.896964106
0.3,4,0.6,300,5,0.6,0.832368033,0.996085077,3.462660641,,3.714654972,0.896941845
0.2,4,0.9,300,10,1,0.596956553,0.997987972,3.214827362,,3.714861789,0.896930369
0.3,4,0.6,100,1,0.8,0.890570025,0.995508743,3.644091986,,3.714919859,0.896927146
0.2,6,0.7,400,3,0.6,0.291863283,0.999517282,3.723652551,,3.715234956,0.896909661
0.4,6,0.8,100,5,1,0.218687147,0.999728734,3.900508865,,3.715372566,0.896902024
0.3,5,0.8,100,10,1,0.968206389,0.994704132,3.433809985,,3.715501491,0.896894868
0.1,4,0.7,300,3,0.6,1.236118138,0.991374862,3.467342534,,3.715676667,0.896885146
0.3,3,0.9,100,3,1,1.249618152,0.991180572,3.686297145,,3.715693747,0.896884198
0.1,4,0.7,300,5,1,0.958585132,0.994810973,3.322429577,,3.715965172,0.896869133
0.4,3,0.9,200,5,0.6,1.106195514,0.993077151,3.558274472,,3.716359759,0.896847229
0.2,6,0.6,100,1,0.8,0.703944521,0.997197873,3.547958055,,3.716548075,0.896836775
0.1,3,0.8,300,1,0.8,1.199312906,0.991885628,3.455979498,,3.71684743,0.896820155
0.2,4,0.8,400,5,1,0.24172025,0.999669504,3.196820984,,3.716965995,0.896813572
0.1,4,0.8,200,5,1,1.311471672,0.990295587,3.5272029,,3.717183037,0.896801522
0.1,4,0.7,400,5,0.8,1.003941144,0.994312002,3.351760643,,3.717291262,0.896795512
0.3,8,0.8,100,5,1,0.211432714,0.999747486,3.852229145,,3.717338991,0.896792862
0.2,4,0.9,300,3,1,0.225559641,0.999712117,3.431580881,,3.71770485,0.896772546
0.1,4,0.9,300,10,0.6,1.713611563,0.983438139,3.685546647,,3.717819087,0.896766202
0.3,4,0.6,300,3,0.6,0.644063579,0.99765121,3.691821483,,3.717853916,0.896764268
0.2,4,0.9,400,3,1,0.156535246,0.999861409,3.43861276,,3.718132119,0.896748817
0.1,6,0.9,200,10,0.6,1.870756193,0.980263606,3.818863013,,3.718227291,0.896743531
0.2,5,0.7,300,3,0.6,0.505352924,0.998552957,3.536005718,,3.718904596,0.89670591
0.1,6,0.9,200,3,0.6,0.974540839,0.994644589,3.660749457,,3.719008475,0.896700139
0.1,4,0.8,400,10,1,1.002002732,0.994335486,3.321708841,,3.719255249,0.89668643
0.2,8,0.7,100,10,0.8,1.932198482,0.978934182,3.817589205,,3.719397648,0.896678518
0.1,4,0.6,300,3,0.8,1.13060664,0.992779603,3.375801223,,3.719415233,0.896677541
0.2,5,0.6,200,1,1,0.160971385,0.999853133,3.730077093,,3.720698352,0.896606241
0.3,4,0.9,300,3,0.8,0.220939294,0.999723852,3.659880788,,3.720745708,0.896603609
0.1,7,0.9,200,10,0.6,1.821073268,0.98129909,3.817232518,,3.721757469,0.896547369
0.1,6,0.9,100,5,1,1.492569482,0.987429572,3.923118685,,3.721805227,0.896544714
0.3,4,0.9,200,1,0.8,0.241605316,0.999668191,3.850230043,,3.722513258,0.896505348
0.4,5,0.7,400,3,1,0.114779327,0.99992351,4.069394458,,3.722550671,0.896503268
0.1,7,0.8,200,5,0.6,1.337865607,0.989906223,3.545292825,,3.722560871,0.896502701
0.2,4,0.8,300,3,1,0.250275724,0.999645421,3.382022855,,3.722843711,0.896486973
0.3,3,0.7,400,3,0.6,0.811172453,0.996277475,3.690945061,,3.723031151,0.896476549
0.3,8,0.7,400,1,0.6,0.114763899,0.999923704,3.955068933,,3.723429592,0.89645439
0.1,7,0.7,100,5,0.8,2.241112493,0.971667117,4.073953673,,3.72415618,0.896413974
0.1,5,0.9,200,10,0.6,1.998501632,0.977476696,3.843044725,,3.724170422,0.896413182
0.3,3,0.9,100,3,0.6,1.708504166,0.983498341,3.832508331,,3.724193302,0.896411909
0.3,8,0.7,300,1,0.6,0.116219363,0.999922111,3.953152924,,3.724264775,0.896407933
0.1,4,0.7,400,1,0.6,0.716947725,0.997097415,3.570313953,,3.724600131,0.896389276
0.2,8,0.9,100,10,0.6,1.8210687,0.981291803,3.926085633,,3.7247583,0.896380476
0.2,3,0.6,200,1,0.6,1.335110261,0.989926948,3.585273551,,3.725067967,0.896363246
0.3,8,0.7,100,3,0.6,0.859773662,0.995809234,3.655619664,,3.725688919,0.896328691
0.4,3,0.8,400,5,1,0.294024852,0.999511525,3.468621444,,3.72585407,0.8963195
0.1,5,0.6,200,10,0.8,2.339444139,0.969131448,3.852936276,,3.726125825,0.896304375
0.2,8,0.8,100,5,0.8,0.960344121,0.994790727,3.715926771,,3.726167838,0.896302037
0.2,4,0.9,200,3,1,0.410645446,0.999045618,3.430818787,,3.726371494,0.896290701
0.3,3,0.7,200,3,0.6,1.257502768,0.991053584,3.694986297,,3.726476596,0.896284851
0.4,4,0.9,300,3,0.6,0.245704495,0.999658444,3.668604759,,3.726671101,0.896274023
0.2,5,0.7,100,3,0.8,1.175819969,0.992176767,3.721667706,,3.726743489,0.896269994
0.1,4,0.7,300,10,0.8,1.704686289,0.983608751,3.474872218,,3.726780766,0.896267919
0.2,7,0.6,200,10,0.6,1.666048588,0.984344204,3.601119055,,3.726796774,0.896267028
0.2,3,0.9,200,1,0.6,1.16587105,0.99232551,3.699088171,,3.726803387,0.896266659
0.2,3,0.9,200,5,0.8,1.463043886,0.98792239,3.708294172,,3.726811722,0.896266195
0.3,4,0.6,400,10,0.6,0.968418103,0.994706179,3.314913615,,3.727143674,0.896247715
0.4,4,0.7,100,5,1,0.757129367,0.996749634,3.272567979,,3.72723039,0.896242887
0.4,6,0.6,100,3,0.6,0.929694225,0.995092308,3.644193457,,3.727475476,0.896229242
0.3,4,0.8,300,3,1,0.152105585,0.99986893,3.690862547,,3.72760468,0.896222048
0.2,4,0.8,400,1,1,0.123753115,0.999912192,3.78336713,,3.727899418,0.896205636
0.2,4,0.6,200,1,0.6,0.864923167,0.995774134,3.679483481,,3.728075615,0.896195824
0.3,8,0.8,100,5,0.8,0.613109696,0.99787061,3.723460664,,3.728157732,0.896191251
0.3,4,0.9,200,3,0.8,0.411696067,0.999041004,3.654480183,,3.73002069,0.896087479
0.1,5,0.6,400,10,0.6,1.638826869,0.984849778,3.435487229,,3.730053538,0.896085649
0.2,6,0.7,100,10,1,1.510760343,0.98711416,3.628208201,,3.730077091,0.896084336
0.1,7,0.8,100,3,0.8,1.497748317,0.987345423,3.806923605,,3.730705235,0.896049335
0.4,5,0.7,400,1,1,0.117638692,0.999919609,3.99292199,,3.730839889,0.896041831
0.4,3,0.7,100,5,0.8,1.633647473,0.984914918,3.540046712,,3.731028269,0.896031332
0.4,4,0.7,200,5,1,0.313136583,0.999442693,3.327440001,,3.731090676,0.896027854
0.2,4,0.8,400,1,0.8,0.174127467,0.999828203,3.907177702,,3.731692914,0.895994287
0.2,4,0.8,300,1,0.8,0.233018251,0.999692443,3.901833312,,3.733284587,0.895905545
0.2,5,0.7,200,1,0.6,0.470182962,0.998744601,3.707942318,,3.733778721,0.895877988
0.2,5,0.7,400,1,0.6,0.196985301,0.999779282,3.794453353,,3.734013826,0.895864875
0.4,3,0.8,100,1,1,0.75445554,0.996778399,3.753805726,,3.734269972,0.895850587
0.3,3,0.8,200,3,0.6,1.163058008,0.992350201,3.588630262,,3.734306605,0.895848544
0.2,7,0.8,200,3,0.8,0.225721012,0.999711986,3.679176169,,3.734401221,0.895843266
0.3,6,0.9,200,3,0.6,0.25694764,0.999626268,3.761678071,,3.734976303,0.895811184
0.4,3,0.9,300,3,0.8,0.455311919,0.998827881,3.797832202,,3.735476506,0.895783275
0.2,4,0.6,200,3,1,0.614552916,0.997865436,3.200451685,,3.736399349,0.895731776
0.2,6,0.7,200,3,0.6,0.704714323,0.997192974,3.680746829,,3.736496627,0.895726347
0.4,3,0.6,300,10,0.8,1.142921536,0.99262736,3.514085584,,3.736587391,0.895721281
0.1,5,0.7,200,5,0.6,1.732421953,0.983070859,3.62483817,,3.737067859,0.895694462
0.1,4,0.9,300,5,1,0.843981812,0.995979401,3.512939193,,3.737244409,0.895684606
0.2,6,0.7,200,3,1,0.16441528,0.999847064,3.514750742,,3.73727505,0.895682896
0.3,3,0.6,200,5,0.8,1.364420013,0.989493027,3.580824341,,3.737477722,0.895671581
0.1,8,0.7,100,5,0.8,2.210849064,0.972426816,4.064788176,,3.737695695,0.895659412
0.3,3,0.7,400,10,0.6,1.23883643,0.991340822,3.424201974,,3.737743929,0.895656719
0.4,4,0.9,100,10,0.6,1.50951755,0.98713031,3.687668466,,3.73829508,0.895625944
0.4,3,0.6,200,3,0.6,1.18378931,0.99208215,3.665047054,,3.738312885,0.89562495
0.1,5,0.7,200,1,1,0.373964566,0.999208722,3.56118444,,3.738332233,0.89562387
0.2,7,0.6,100,3,0.6,1.490931643,0.987440928,3.633933752,,3.738547924,0.895611825
0.1,4,0.6,400,5,0.8,1.116963541,0.992960768,3.284086518,,3.73856973,0.895610607
0.3,3,0.9,400,10,1,0.611065805,0.997891749,3.285239886,,3.738713139,0.895602598
0.2,6,0.8,100,5,0.8,1.134329742,0.992736527,3.670143622,,3.738881866,0.895593175
0.4,5,0.7,100,1,1,0.136780726,0.999893592,3.960703259,,3.739047635,0.895583917
0.4,4,0.6,400,1,0.8,0.140836072,0.999886538,3.875878902,,3.739099525,0.895581019
0.2,8,0.6,100,3,0.6,1.468790958,0.987805102,3.674327823,,3.739339303,0.895567626
0.1,4,0.8,200,5,0.8,1.644005924,0.98475694,3.578764418,,3.739526136,0.89555719
0.1,7,0.6,200,10,0.8,2.221550913,0.972157923,3.845545294,,3.739708317,0.895547014
0.1,7,0.6,400,1,1,0.115649215,0.999922764,3.713551793,,3.740278302,0.895515171
0.3,3,0.7,300,5,0.8,0.924146022,0.995176753,3.508543266,,3.740390813,0.895508885
0.2,4,0.8,300,1,1,0.145932638,0.999879001,3.759063409,,3.740663002,0.895493677
0.2,5,0.9,100,5,1,0.795639783,0.996418565,3.741627088,,3.741331052,0.895456345
0.1,7,0.7,200,1,0.6,0.702649638,0.997210397,3.672434988,,3.741711902,0.89543506
0.1,3,0.9,300,3,1,1.262765352,0.991003264,3.522818808,,3.741838248,0.895427998
0.2,5,0.7,300,1,0.6,0.254703943,0.999631078,3.763927861,,3.741861669,0.895426689
0.3,4,0.6,200,3,0.6,0.972940934,0.994649725,3.693001162,,3.742188702,0.895408409
0.4,7,0.6,100,3,1,0.187593611,0.999800511,3.967500572,,3.742242995,0.895405375
0.4,4,0.9,300,10,1,0.23138116,0.999697087,3.337523688,,3.742716255,0.895378918
0.2,5,0.6,100,1,1,0.478420734,0.998704517,3.736736047,,3.743271155,0.895347893
0.1,4,0.7,400,1,0.8,0.490750695,0.998637077,3.634355835,,3.743303329,0.895346094
0.4,4,0.9,400,10,1,0.163595247,0.999848511,3.363272404,,3.743589734,0.895330079
0.1,3,0.9,300,3,0.8,1.479811542,0.987646562,3.696472241,,3.74364903,0.895326763
0.4,5,0.7,300,3,1,0.114089139,0.999924626,4.051077649,,3.743657886,0.895326268
0.3,4,0.7,300,3,0.8,0.318762632,0.999423088,3.850991459,,3.743710568,0.895323322
0.4,5,0.7,200,3,1,0.122792829,0.999913842,4.047513753,,3.743777694,0.895319568
0.2,4,0.8,200,1,1,0.243581076,0.999663479,3.735183404,,3.744246391,0.895293356
0.3,4,0.6,100,1,0.6,1.110584597,0.993021751,3.433398724,,3.74466213,0.895270103
0.3,3,0.7,200,1,0.6,0.975209226,0.994620093,3.608512885,,3.744758697,0.895264701
0.3,5,0.7,100,10,0.6,1.860840459,0.980459424,3.686331241,,3.744978001,0.895252433
0.1,3,0.8,300,1,1,1.014034847,0.994194463,3.624267715,,3.74535962,0.895231084
0.3,4,0.6,400,5,0.6,0.688262409,0.997322455,3.475259049,,3.746002823,0.895195097
0.3,4,0.7,100,10,0.8,1.89142753,0.979801823,3.543765013,,3.746211855,0.8951834
0.2,6,0.7,300,3,0.6,0.395362351,0.999114774,3.714704385,,3.746953496,0.895141895
0.3,3,0.9,400,5,1,0.389008022,0.99914425,3.42206952,,3.74727817,0.895123722
0.3,7,0.6,400,1,0.8,0.116599572,0.999921058,3.983834194,,3.747323906,0.895121162
0.4,3,0.6,200,10,0.8,1.467539704,0.987843972,3.547271713,,3.748170467,0.89507377
0.3,4,0.9,400,1,0.8,0.123675208,0.999912229,3.911112439,,3.748216554,0.895071189
0.1,8,0.6,100,5,0.8,2.514688259,0.96432498,4.243959086,,3.748571436,0.895051319
0.2,3,0.7,400,5,0.8,0.999337646,0.994365024,3.595967576,,3.748842224,0.895036156
0.1,4,0.6,400,3,1,0.605234864,0.997931994,3.344810418,,3.749054726,0.895024256
0.3,4,0.8,100,3,0.6,1.217998243,0.991598067,3.812154803,,3.74983045,0.89498081
0.4,3,0.8,300,5,1,0.416956956,0.999017746,3.468665469,,3.749868998,0.894978651
0.4,4,0.9,200,10,1,0.4083576,0.999057327,3.302229564,,3.750289627,0.894955089
0.2,7,0.8,400,3,0.8,0.115537501,0.999923171,3.712680826,,3.750403253,0.894948723
0.3,5,0.7,100,5,0.8,1.095698578,0.993202616,3.581310088,,3.750681992,0.894933108
0.3,6,0.9,100,5,0.6,0.920822889,0.995205787,3.71136087,,3.75217577,0.894849401
0.2,7,0.8,300,3,0.8,0.126494083,0.999908866,3.700222992,,3.75251091,0.894830617
0.3,4,0.9,300,1,0.8,0.140922102,0.999886967,3.901495644,,3.752668453,0.894821786
0.2,6,0.6,100,3,1,0.703015818,0.997204836,3.685707085,,3.752809908,0.894813856
0.2,5,0.6,200,1,0.6,0.628506047,0.997754002,3.762811307,,3.753423091,0.89477948
0.1,3,0.8,400,5,0.8,1.456172189,0.988040406,3.462493537,,3.753998345,0.894747225
0.1,4,0.7,400,10,1,1.066336378,0.993584245,3.254701292,,3.754152153,0.8947386
0.2,6,0.7,400,3,1,0.114268713,0.999924363,3.542901329,,3.754382664,0.894725673
0.1,4,0.9,200,3,1,1.02670675,0.994054186,3.624851675,,3.754444546,0.894722203
0.1,5,0.7,100,1,1,1.086853112,0.993325166,3.72847953,,3.754545085,0.894716564
0.4,4,0.7,400,5,1,0.137190505,0.999892805,3.364276041,,3.75481034,0.894701688
0.1,4,0.7,300,3,1,0.739969259,0.996905987,3.35144544,,3.755173607,0.894681312
0.3,7,0.6,200,1,0.8,0.126478864,0.999908863,3.947922976,,3.755285036,0.894675061
0.2,4,0.7,200,3,1,0.541652596,0.998335674,3.521954724,,3.755357662,0.894670988
0.1,4,0.8,200,10,0.8,2.190339636,0.97293774,3.902846636,,3.755913529,0.894639804
0.1,8,0.8,100,3,0.8,1.414437478,0.988714966,3.842165942,,3.756062746,0.894631432
0.4,4,0.7,300,5,1,0.180179312,0.999815712,3.34453053,,3.756069401,0.894631059
0.3,6,0.6,100,5,0.6,1.479834888,0.987631447,3.420777057,,3.756215775,0.894622846
0.2,5,0.6,200,10,0.6,1.753301828,0.98266466,3.599887249,,3.75709361,0.894573586
0.4,3,0.6,300,5,1,0.601815237,0.997942562,3.805248721,,3.757678169,0.894540778
0.3,4,0.7,400,3,0.8,0.229852074,0.999699803,3.880891537,,3.757896099,0.894528545
0.1,6,0.7,100,3,1,1.374772481,0.989326056,3.932743792,,3.75928504,0.894450565
0.3,4,0.6,100,10,0.8,2.07799468,0.975636772,3.762591746,,3.759594434,0.89443319
0.2,4,0.7,200,5,0.6,1.312095616,0.990277829,3.552372967,,3.759824078,0.894420293
0.4,3,0.7,400,5,0.6,0.817221155,0.996221236,3.549791271,,3.760190939,0.894399689
0.4,4,0.6,200,1,0.8,0.291038684,0.9995167,3.796351726,,3.760215238,0.894398324
0.2,3,0.8,200,1,0.6,1.175850921,0.992180391,3.514192286,,3.760623512,0.894375391
0.1,7,0.6,300,1,1,0.124001386,0.999912357,3.698368785,,3.760694209,0.894371419
0.1,7,0.9,200,10,1,0.969380893,0.994691462,3.801874328,,3.760785649,0.894366283
0.4,5,0.7,200,1,1,0.113675306,0.999925028,3.97785126,,3.760890261,0.894360406
0.3,5,0.9,100,10,0.6,1.534538504,0.986712448,3.619757403,,3.761313326,0.894336638
0.4,4,0.8,200,10,1,0.455581253,0.998826485,3.274189137,,3.761421813,0.894330542
0.3,7,0.6,300,1,0.8,0.115418307,0.999922849,3.964971257,,3.76200757,0.894297628
0.4,4,0.9,200,3,0.6,0.442097746,0.998893036,3.668085487,,3.762321828,0.894279968
0.4,7,0.9,400,1,1,0.112360109,0.999926688,4.322628805,,3.762606259,0.894263983
0.3,4,0.8,200,10,1,0.650123072,0.997614061,3.341226946,,3.762831667,0.894251314
0.2,6,0.7,300,3,1,0.118066981,0.99992004,3.530173677,,3.763268145,0.894226779
0.3,7,0.7,100,1,0.6,0.47858861,0.998700778,3.84289758,,3.763329356,0.894223338
0.2,5,0.9,100,5,0.6,1.478165047,0.987668574,3.710378905,,3.763400054,0.894219364
0.2,5,0.7,200,3,0.6,0.826416367,0.99613772,3.531719634,,3.764493885,0.894157865
0.4,3,0.9,100,5,0.8,1.514848809,0.987028526,3.863824959,,3.764894649,0.894135328
0.2,4,0.7,300,3,0.8,0.512830212,0.998513655,3.550159217,,3.765339996,0.894110281
0.1,6,0.6,100,3,0.8,2.050648721,0.97627493,3.976598513,,3.765430213,0.894105207
0.1,4,0.6,300,5,0.6,1.635384562,0.984902249,3.540140089,,3.765546627,0.894098659
0.3,7,0.7,200,1,0.6,0.168700397,0.999838072,3.91664308,,3.76616279,0.894063998
0.4,7,0.9,300,1,1,0.113510525,0.999925179,4.321534214,,3.766335328,0.894054292
0.1,7,0.9,100,5,1,1.305730807,0.990376513,4.02692695,,3.766510578,0.894044432
0.4,5,0.7,300,1,1,0.113779563,0.999924797,3.97047318,,3.766872045,0.894024094
0.2,4,0.6,300,10,0.6,1.43255637,0.98841481,3.412749217,,3.767356762,0.893996819
0.3,5,0.9,100,1,0.6,0.441158915,0.998896206,3.859910294,,3.768058751,0.893957311
0.1,4,0.6,300,10,1,1.563182291,0.986211743,3.424312844,,3.768204439,0.893949111
0.4,7,0.9,200,1,1,0.112447641,0.999926577,4.319408005,,3.769322883,0.893886147
0.4,4,0.6,300,1,0.8,0.168192299,0.999839046,3.819330779,,3.769470066,0.89387786
0.3,7,0.6,100,1,0.8,0.342665402,0.999332176,3.888350038,,3.769636778,0.893868473
0.2,6,0.7,100,10,0.6,2.34388187,0.969010818,3.925420015,,3.770091586,0.893842862
0.4,3,0.9,100,1,1,0.741252208,0.99689125,3.53102238,,3.770478731,0.893821059
0.2,8,0.7,200,3,0.6,0.626296839,0.997783206,3.721564661,,3.770987875,0.893792381
0.2,3,0.8,100,1,1,1.409238852,0.988786403,3.571468909,,3.772214307,0.893723286
0.1,5,0.6,400,1,1,0.155845457,0.999862322,3.611418216,,3.772487469,0.893707894
0.2,6,0.7,100,3,1,0.554099452,0.998262246,3.518518046,,3.772861916,0.893686792
0.3,3,0.9,400,1,0.8,0.318678381,0.999424607,3.68318233,,3.772879853,0.893685781
0.4,7,0.9,100,1,1,0.113009985,0.999925849,4.321553686,,3.773061649,0.893675536
0.1,6,0.6,100,3,1,1.563955469,0.986197127,3.84521422,,3.773141136,0.893671056
0.3,4,0.6,300,1,0.6,0.362301434,0.999253755,3.469236473,,3.773142955,0.893670953
0.1,8,0.7,300,3,0.6,0.729170438,0.996998096,3.48524049,,3.773269156,0.89366384
0.4,3,0.6,300,3,0.6,0.887984052,0.995537488,3.788348935,,3.773579098,0.89364637
0.2,8,0.7,400,3,0.6,0.229792489,0.999700904,3.756874549,,3.773619112,0.893644115
0.1,4,0.9,200,3,0.8,1.29436957,0.990546809,3.615564985,,3.773834366,0.893631981
0.2,4,0.6,200,5,1,0.825311144,0.996148632,3.298256565,,3.774135832,0.893614986
0.3,5,0.6,100,10,0.6,2.13791782,0.974220997,3.723533687,,3.774351401,0.893602833
0.2,5,0.6,400,1,0.6,0.26224788,0.999608374,3.840140174,,3.774639452,0.893586592
0.2,7,0.9,200,1,0.6,0.1657291,0.999844488,3.977334841,,3.775156236,0.893557452
0.3,4,0.7,200,3,0.8,0.550374981,0.998285675,3.796212682,,3.775377139,0.893544995
0.1,7,0.7,300,3,0.6,0.764124183,0.996703436,3.52406294,,3.775899533,0.893515533
0.1,3,0.8,400,3,0.6,1.426743054,0.988514631,3.460676588,,3.776499154,0.89348171
0.1,7,0.7,200,5,1,0.727514266,0.997008313,3.624793968,,3.776568509,0.893477798
0.1,6,0.6,100,5,0.8,2.599891611,0.961873841,4.275507669,,3.776885941,0.89345989
0.2,6,0.8,100,3,0.8,0.814883159,0.996247083,3.709603536,,3.776970285,0.893455132
0.3,3,0.8,400,10,1,0.652615776,0.997596168,3.365424704,,3.7775177,0.893424245
0.3,5,0.6,200,3,1,0.194293933,0.999786266,3.452766341,,3.777583923,0.893420509
0.3,8,0.7,100,1,0.8,0.1925582,0.999789364,3.901238715,,3.778011276,0.893396393
0.2,7,0.7,100,10,0.6,2.307766597,0.969953635,3.927915604,,3.77821949,0.893384642
0.2,7,0.9,100,10,0.6,1.845572219,0.980783671,3.936959361,,3.778527048,0.893367284
0.3,4,0.6,200,5,0.6,1.166607716,0.992317156,3.444071455,,3.778693653,0.89335788
0.3,8,0.6,200,3,0.6,0.600354732,0.997961824,3.567981684,,3.778959413,0.893342879
0.1,8,0.9,100,5,1,1.229848148,0.99146058,4.056641026,,3.779303088,0.893323479
0.1,6,0.8,100,5,0.8,2.151140639,0.973900643,4.061748304,,3.779556308,0.893309183
0.4,5,0.9,100,1,1,0.117964325,0.99991988,3.923081519,,3.780066387,0.893280384
0.3,3,0.6,100,1,0.8,1.444800567,0.988198165,3.69463879,,3.780078037,0.893279726
0.3,3,0.9,300,5,1,0.53768393,0.99836586,3.418664312,,3.780325536,0.89326575
0.2,5,0.8,100,5,1,0.924142675,0.995168365,3.56000136,,3.780500423,0.893255875
0.1,6,0.6,200,10,0.8,2.24997676,0.971440863,3.862436888,,3.78058,0.893251381
0.1,5,0.6,100,3,0.8,2.243108168,0.971622263,4.013193246,,3.781237666,0.893214238
0.2,4,0.8,100,5,0.6,1.922598466,0.979130745,3.642866156,,3.781396612,0.89320526
0.2,8,0.7,300,3,0.6,0.321201425,0.999416353,3.757836878,,3.781441154,0.893202744
0.3,5,0.6,400,3,1,0.117504045,0.999920352,3.50451314,,3.781933739,0.893174919
0.1,4,0.6,200,5,1,1.521383375,0.98694147,3.468817309,,3.782152946,0.893162535
0.1,6,0.6,200,1,1,0.279790487,0.999556754,3.709936997,,3.783036403,0.893112618
0.1,6,0.7,100,3,0.8,1.823969289,0.981230655,3.918972601,,3.783235,0.893101395
0.2,3,0.6,400,5,0.6,1.2797757,0.99075263,3.438132518,,3.78328814,0.893098392
0.1,6,0.7,100,5,0.8,2.326308571,0.969477352,4.086784151,,3.783717669,0.893074117
0.4,3,0.8,400,1,0.8,0.242918699,0.999665895,3.757494229,,3.784467239,0.893031747
0.2,4,0.8,300,5,1,0.362043182,0.999258822,3.196436688,,3.784543094,0.893027459
0.2,4,0.6,400,1,0.6,0.437150051,0.998917863,3.673575041,,3.785201476,0.892990237
0.3,5,0.6,300,3,1,0.127752022,0.999906898,3.475189106,,3.785305533,0.892984353
0.4,8,0.9,400,1,1,0.112360441,0.999926688,4.540159969,,3.785493699,0.892973714
0.2,4,0.8,100,1,1,0.650316843,0.997598984,3.821893557,,3.785589507,0.892968296
0.1,4,0.8,200,5,0.6,1.849666069,0.980707564,3.658101103,,3.785608159,0.892967241
0.2,3,0.6,400,1,0.8,0.655542145,0.997571935,3.642329696,,3.786078811,0.892940626
0.1,4,0.6,400,10,0.8,1.545294228,0.986530544,3.412323945,,3.786092725,0.892939839
0.2,8,0.9,200,1,0.6,0.151418932,0.999870038,3.945641819,,3.786404212,0.892922222
0.1,8,0.8,200,5,0.6,1.309497518,0.990329665,3.563319445,,3.786630282,0.892909435
0.1,3,0.9,300,1,0.8,1.166784816,0.992317673,3.576338307,,3.786633034,0.89290928
0.3,4,0.6,200,1,0.8,0.408867355,0.999049582,3.75132511,,3.787305988,0.892871212
0.1,8,0.7,200,10,0.6,2.291622919,0.970383387,3.969026653,,3.787464781,0.892862229
0.3,3,0.7,400,1,0.6,0.565666153,0.998187278,3.66286556,,3.787604553,0.892854321
0.2,3,0.9,300,10,0.6,1.590500102,0.985729451,3.579693988,,3.787849494,0.892840463
0.4,3,0.9,400,10,1,0.435339918,0.998929459,3.263928699,,3.788156222,0.892823107
0.3,7,0.7,300,1,0.6,0.118200287,0.999919642,3.946615954,,3.788422666,0.89280803
0.4,5,0.6,100,5,0.6,1.32958175,0.990015915,3.366997084,,3.788563846,0.89280004
0.3,3,0.8,400,5,1,0.418485108,0.999010913,3.454215669,,3.788746584,0.892789699
0.4,8,0.9,300,1,1,0.113510151,0.99992518,4.53710861,,3.789165422,0.892765994
0.3,4,0.8,100,3,1,0.655295385,0.997567015,3.608105492,,3.789262482,0.8927605
0.3,7,0.7,400,1,0.6,0.115314597,0.999923048,3.944655882,,3.789539863,0.892744799
0.3,4,0.7,400,5,0.6,0.554474004,0.99825822,3.515053023,,3.78982009,0.892728936
0.2,4,0.7,100,3,0.6,1.735462908,0.982973801,3.901555761,,3.78983667,0.892727997
0.4,4,0.7,200,5,0.6,0.834993951,0.996042999,3.647243582,,3.79036968,0.892697821
0.1,5,0.6,300,10,0.6,1.979856497,0.97788791,3.663243766,,3.790477243,0.892691731
0.4,5,0.9,200,1,1,0.112515,0.999926501,3.918343494,,3.790606132,0.892684433
0.4,4,0.6,100,10,0.6,2.054093975,0.976195658,3.615059635,,3.790864761,0.892669789
0.2,8,0.7,100,10,0.6,2.29536528,0.970274101,3.933245474,,3.790901051,0.892667734
0.2,4,0.6,200,3,0.6,1.21311368,0.991693818,3.446153578,,3.791351424,0.89264223
0.4,5,0.8,100,10,1,0.67351781,0.997432355,3.395534752,,3.791937826,0.892609017
0.4,8,0.9,200,1,1,0.112446853,0.999926577,4.53576299,,3.792153414,0.892596806
0.4,3,0.9,200,3,0.8,0.747979715,0.996835723,3.7139581,,3.793093306,0.892543559
0.1,6,0.7,100,1,0.8,1.184249475,0.992070199,3.677164644,,3.79417116,0.89248248
0.4,5,0.9,300,1,1,0.113521811,0.999925171,3.919271149,,3.794322022,0.89247393
0.4,4,0.8,400,10,1,0.18321761,0.999810087,3.299965697,,3.794362338,0.892471645
0.4,8,0.9,100,1,1,0.113007812,0.999925851,4.537928713,,3.795892558,0.892384898
0.1,5,0.6,100,1,0.8,1.586275185,0.985805279,3.66698021,,3.795932225,0.892382648
0.1,4,0.8,200,3,1,1.045732691,0.993829451,3.48506784,,3.796073112,0.89237466
0.4,5,0.6,400,3,1,0.115317521,0.999922861,3.934378398,,3.796172947,0.892368999
0.4,3,0.8,300,1,0.8,0.31921158,0.999422944,3.722023725,,3.796289198,0.892362407
0.2,7,0.9,400,1,0.6,0.113351811,0.99992574,4.008118764,,3.796344465,0.892359273
0.1,4,0.7,300,1,0.6,0.871062234,0.995715226,3.594825833,,3.796562122,0.892346929
0.1,6,0.6,200,10,0.6,2.657049619,0.960187076,4.093351003,,3.796790318,0.892333988
0.2,4,0.6,400,10,1,0.633033443,0.997738397,3.158404789,,3.797009323,0.892321567
0.3,3,0.7,300,1,0.6,0.68763194,0.997322155,3.609059769,,3.797334983,0.892303095
0.2,7,0.9,300,1,0.6,0.116499262,0.99992209,4.002711061,,3.798097108,0.892259861
0.3,8,0.7,200,1,0.8,0.113342217,0.999925696,3.929115156,,3.798535404,0.892234994
0.1,7,0.6,200,1,1,0.196922873,0.999780642,3.699355938,,3.798678562,0.892226871
0.4,8,0.8,100,1,0.8,0.119730035,0.999917856,4.021910421,,3.799412841,0.892185202
0.1,5,0.6,300,1,1,0.234723663,0.999688057,3.585509678,,3.799469011,0.892182014
0.2,6,0.6,100,3,0.6,1.538101327,0.986642364,3.655064365,,3.799681245,0.892169969
0.1,3,0.9,300,5,0.8,1.720676266,0.983302924,3.705766829,,3.800122048,0.892144948
0.1,7,0.6,100,5,1,1.997477164,0.977486275,3.948737212,,3.800220356,0.892139368
0.3,8,0.7,300,1,0.8,0.114095601,0.999924405,3.932636919,,3.800416633,0.892128226
0.4,7,0.6,200,3,0.8,0.201683928,0.99976933,3.865037006,,3.800509917,0.89212293
0.1,6,0.7,200,5,0.6,1.611565429,0.985352836,3.616675804,,3.800628606,0.892116192
0.4,5,0.9,400,1,1,0.112367671,0.999926684,3.922609351,,3.800939813,0.892098524
0.3,4,0.7,300,5,0.6,0.683507788,0.997354592,3.522371186,,3.801972939,0.892039859
0.2,4,0.8,100,3,0.6,1.613090419,0.985289778,3.785576942,,3.802155024,0.892029518
0.3,5,0.7,200,1,0.8,0.160944698,0.999853154,3.950743693,,3.802418158,0.892014573
0.2,6,0.6,100,1,1,0.28695255,0.999533098,3.610045341,,3.80320784,0.891969715
0.3,8,0.7,400,1,0.8,0.114354218,0.999924052,3.933698692,,3.804448593,0.891899217
0.3,4,0.6,300,10,0.6,1.121987039,0.992891467,3.344306413,,3.804602891,0.891890448
0.4,3,0.7,300,10,0.8,1.018049261,0.994151033,3.517917517,,3.805476754,0.89184078
0.1,3,0.8,300,3,1,1.273689153,0.990849413,3.508042277,,3.805569672,0.891835498
0.4,7,0.6,400,3,0.8,0.116718811,0.999921396,3.903118402,,3.805794557,0.891822714
0.3,7,0.6,100,10,0.6,2.043848922,0.976439013,3.696827156,,3.806095275,0.891805618
0.1,6,0.7,400,1,0.6,0.327522455,0.999391294,3.72065007,,3.80628984,0.891794556
0.3,6,0.8,100,3,0.6,0.759207073,0.996736922,3.506383977,,3.806294412,0.891794296
0.4,3,0.6,100,1,0.8,1.214131382,0.991647021,3.726584085,,3.806453542,0.891785248
0.2,4,0.9,100,5,1,1.282107073,0.990719431,3.77084357,,3.806566352,0.891778834
0.1,5,0.8,200,10,0.6,2.144649048,0.974055263,3.8893783,,3.806760011,0.891767822
0.1,7,0.7,200,10,0.6,2.299324554,0.970185726,3.957325952,,3.806866037,0.891761793
0.4,3,0.9,300,10,1,0.593541028,0.998010084,3.251892564,,3.807718849,0.891713293
0.1,7,0.6,200,10,0.6,2.637939801,0.960754852,4.072969902,,3.808044423,0.891694774
0.1,8,0.6,100,5,1,1.966336401,0.978178133,3.925713521,,3.808109061,0.891691097
0.1,6,0.7,200,10,0.6,2.322671141,0.969576629,3.938886523,,3.808266455,0.891682144
0.4,5,0.6,100,10,0.6,1.825616717,0.981194344,3.466465705,,3.808602778,0.891663011
0.1,7,0.8,200,10,0.6,1.978801203,0.977917438,3.882636878,,3.80876369,0.891653857
0.3,3,0.7,300,10,0.6,1.394725256,0.989021494,3.476623506,,3.808821297,0.891650579
0.3,5,0.7,400,1,0.8,0.116380561,0.999921593,3.984196802,,3.808885207,0.891646943
0.2,7,0.7,400,3,0.6,0.249952728,0.999645935,3.789763607,,3.809305239,0.891623044
0.1,8,0.8,100,5,0.8,1.950149315,0.978547857,4.006404023,,3.809372202,0.891619234
0.4,4,0.8,300,10,1,0.266593433,0.999597726,3.289475815,,3.809541527,0.891609599
0.3,6,0.7,100,1,0.6,0.539982589,0.998345197,3.683008575,,3.810158275,0.8915745
0.4,8,0.8,400,1,0.8,0.113436327,0.999925276,4.013698883,,3.810571386,0.891550987
0.2,3,0.6,300,1,0.8,0.845268018,0.995963715,3.60462204,,3.81061834,0.891548314
0.1,4,0.9,300,5,0.6,1.312479215,0.990283939,3.57857932,,3.810783775,0.891538897
0.3,5,0.7,100,1,1,0.178182191,0.999820239,3.809953944,,3.810851169,0.891535061
0.4,3,0.6,400,3,0.6,0.740082762,0.996897233,3.81969436,,3.810973257,0.891528111
0.1,8,0.9,200,10,1,0.908984905,0.9953319,3.844503955,,3.811011748,0.89152592
0.2,3,0.8,300,10,0.6,1.604050154,0.985487027,3.568895031,,3.811143951,0.891518394
0.2,3,0.7,400,3,0.6,1.059839288,0.993655482,3.52694824,,3.811227944,0.891513612
0.3,3,0.9,300,1,0.8,0.435921109,0.998924514,3.631378684,,3.811752971,0.89148372
0.1,6,0.7,300,1,0.6,0.438347828,0.998911291,3.689827088,,3.811786414,0.891481816
0.3,4,0.6,400,3,0.6,0.515238767,0.998494318,3.706274644,,3.811878372,0.89147658
0.3,5,0.7,300,1,0.8,0.121135505,0.999915634,3.974750009,,3.811996151,0.891469874
0.4,5,0.6,300,3,1,0.117600655,0.999920191,3.904757217,,3.812653046,0.891432466
0.1,8,0.8,200,10,0.6,1.967588898,0.978166195,3.870644331,,3.813263102,0.89139772
0.2,4,0.8,100,5,0.8,1.70501965,0.983588219,3.668813048,,3.813508294,0.891383753
0.1,5,0.7,200,5,1,1.057218194,0.993688118,3.508851514,,3.813791151,0.89136764
0.1,4,0.6,200,3,0.6,1.855738523,0.980571696,3.680795432,,3.813805606,0.891366817
0.4,3,0.6,400,5,1,0.434173583,0.998927417,3.833402211,,3.814134592,0.891348074
0.3,4,0.6,200,1,0.6,0.624330836,0.997786977,3.405090926,,3.814147714,0.891347326
0.4,8,0.8,300,1,0.8,0.116426475,0.99992128,4.007985491,,3.814587343,0.891322278
0.4,4,0.6,100,5,0.6,1.551121037,0.986414815,3.6042343,,3.81466952,0.891317595
0.1,4,0.9,300,10,0.8,1.516560595,0.987026631,3.477611521,,3.815623069,0.891263254
0.4,3,0.8,200,1,0.8,0.548426251,0.998295578,3.71480131,,3.815701783,0.891258768
0.3,3,0.9,200,10,0.8,1.442044676,0.988266409,3.548864764,,3.815703769,0.891258654
0.4,8,0.8,200,1,0.8,0.112507058,0.999926504,4.008919864,,3.815977135,0.891243073
0.1,6,0.7,200,3,0.6,1.262689972,0.9910033,3.612991588,,3.816771757,0.891197774
0.1,4,0.7,300,1,0.8,0.668289732,0.997475712,3.598808721,,3.818057631,0.891124451
0.1,4,0.6,400,10,0.6,1.82789978,0.981153129,3.580925029,,3.818225174,0.891114895
0.3,3,0.9,200,3,0.8,0.950542767,0.994895567,3.77886778,,3.818302617,0.891110478
0.2,8,0.9,100,1,0.6,0.451337407,0.998849234,3.91545686,,3.81882134,0.89108089
0.3,4,0.6,400,1,0.8,0.170854332,0.999834173,3.811047441,,3.819045689,0.891068092
0.2,8,0.9,300,1,0.6,0.114461703,0.999924456,3.970925689,,3.819447146,0.891045189
0.3,8,0.6,100,10,0.6,2.036713088,0.976601581,3.702993585,,3.819528464,0.89104055
0.1,7,0.9,100,3,0.8,1.342747345,0.98982705,3.858268815,,3.819622399,0.891035191
0.2,8,0.9,400,1,0.6,0.112775259,0.999926318,3.975702772,,3.820633685,0.890977484
0.1,5,0.9,100,3,1,1.354645265,0.98963631,3.898665758,,3.821168823,0.890946941
0.4,7,0.6,300,3,0.8,0.123274976,0.999913259,3.886943983,,3.821209458,0.890944622
0.3,3,0.8,300,10,1,0.857777386,0.995846995,3.375343441,,3.822888347,0.890848771
0.3,3,0.6,100,3,0.8,1.801211817,0.981678947,3.687971884,,3.823135699,0.890834646
0.3,5,0.9,400,3,0.6,0.150592013,0.999871369,3.80367162,,3.824435299,0.890760416
0.3,3,0.9,300,10,1,0.803448359,0.996356249,3.264495745,,3.824664327,0.890747332
0.3,4,0.7,200,5,0.6,0.994344261,0.994412463,3.489744866,,3.824676629,0.890746629
0.1,6,0.8,200,10,0.6,2.02280122,0.976922456,3.882026697,,3.824761665,0.890741771
0.2,8,0.6,100,10,0.8,2.233472866,0.971852357,3.987546979,,3.82533048,0.890709271
0.4,3,0.7,200,1,0.8,0.615337907,0.997853933,3.565997611,,3.825432824,0.890703423
0.4,7,0.6,100,3,0.8,0.603069577,0.997936615,3.732712566,,3.82603288,0.890669132
0.3,4,0.6,400,1,0.6,0.28681537,0.999531307,3.486510301,,3.827721666,0.890572595
0.4,5,0.6,200,3,1,0.14239025,0.999884546,3.893867793,,3.828899868,0.890505219
0.4,7,0.9,400,3,0.6,0.112826424,0.99992626,3.869775181,,3.829071622,0.890495396
0.2,7,0.7,300,3,0.6,0.347367465,0.999317098,3.78440726,,3.829901874,0.890447903
0.2,7,0.9,100,1,0.6,0.493715009,0.998622554,3.943405261,,3.830126194,0.89043507
0.3,5,0.7,400,1,1,0.116254617,0.999921499,3.842018979,,3.83186162,0.89033576
0.2,7,0.7,100,10,0.8,1.951975101,0.978500833,3.786397628,,3.831942357,0.890331138
0.1,8,0.6,200,10,0.6,2.632235263,0.96092512,4.088617021,,3.832799176,0.890282089
0.3,4,0.7,100,3,0.8,1.146282388,0.992570765,3.780413019,,3.833825887,0.8902233
0.4,7,0.9,300,3,0.6,0.11450409,0.999924414,3.86509153,,3.833936057,0.890216991
0.2,7,0.6,100,10,0.8,2.243926232,0.971589804,3.955801011,,3.834047506,0.890210608
0.2,3,0.8,200,5,0.6,1.662328186,0.984399122,3.655509361,,3.834322258,0.890194872
0.4,7,0.9,200,3,0.6,0.144596674,0.999881244,3.84378303,,3.835023354,0.890154713
0.3,5,0.9,300,3,0.6,0.191131373,0.999793058,3.789331262,,3.835142996,0.890147859
0.2,3,0.9,200,5,0.6,1.645708732,0.984708458,3.681259447,,3.835424572,0.890131728
0.2,3,0.9,300,10,1,1.168098854,0.992301067,3.417295847,,3.836407587,0.890075403
0.1,6,0.6,100,5,1,2.078420559,0.975626573,3.912168784,,3.836898762,0.890047254
0.3,5,0.9,200,3,0.6,0.356910066,0.999279521,3.761113149,,3.837121893,0.890034465
0.2,5,0.7,100,1,0.6,0.971956432,0.994655706,3.705766401,,3.837454665,0.890015391
0.1,4,0.7,200,1,0.8,1.046929109,0.993809039,3.586349929,,3.840646829,0.889832334
0.1,8,0.9,100,3,0.8,1.25250929,0.991148733,3.884821727,,3.840945604,0.889815193
0.1,4,0.7,300,5,0.6,1.481313829,0.987616248,3.464360916,,3.841430072,0.889787396
0.1,4,0.9,300,1,0.6,0.709499598,0.997154657,3.620664277,,3.843001926,0.889697183
0.2,3,0.7,400,5,1,0.730639263,0.996986762,3.366472671,,3.843022628,0.889695994
0.4,5,0.7,100,5,1,0.450238298,0.998848979,3.514169865,,3.843473735,0.889670097
0.1,4,0.7,300,10,0.6,1.974796963,0.978002915,3.714689438,,3.843931644,0.889643806
0.2,5,0.7,100,10,0.8,2.134955802,0.974287328,3.791980841,,3.844434992,0.889614903
0.3,5,0.9,300,3,1,0.113513345,0.999925352,3.566231883,,3.845098763,0.889576782
0.3,5,0.9,200,3,1,0.119379859,0.999918486,3.563267863,,3.84519073,0.8895715
0.2,6,0.7,100,5,0.6,1.62961009,0.985011658,3.678224865,,3.845313751,0.889564434
0.3,5,0.9,400,3,1,0.112510832,0.999926535,3.567114445,,3.845516599,0.889552782
0.1,4,0.6,200,5,0.8,1.897589853,0.979692697,3.656736969,,3.845831185,0.889534711
0.1,4,0.6,200,3,0.8,1.577806227,0.985950627,3.49536333,,3.845919984,0.889529609
0.2,4,0.6,100,5,0.8,2.017694215,0.977031551,3.853172689,,3.845999701,0.88952503
0.3,4,0.8,100,5,1,0.879018711,0.995631926,3.489760212,,3.846976493,0.889468907
0.2,5,0.6,100,10,1,1.865189567,0.980367654,3.700404529,,3.846996733,0.889467744
0.1,4,0.9,400,1,0.6,0.572446852,0.998146698,3.609508963,,3.847127,0.889460258
0.3,4,0.9,100,1,0.8,0.61620587,0.997843569,3.842992923,,3.847389168,0.889445191
0.2,4,0.6,100,5,1,1.529455349,0.986796653,3.524834852,,3.84743431,0.889442597
0.3,4,0.6,300,1,0.8,0.22438176,0.999714135,3.782296466,,3.847560311,0.889435356
0.4,4,0.8,100,1,0.8,0.431495679,0.998943213,3.712630328,,3.847742916,0.889424861
0.1,4,0.9,200,3,0.6,1.492822614,0.98742756,3.763149136,,3.848160372,0.889400866
0.3,5,0.7,300,1,1,0.113772288,0.999924835,3.841892126,,3.848484561,0.88938223
0.3,6,0.7,100,3,0.8,0.669523296,0.997458794,3.686330291,,3.848500653,0.889381305
0.4,3,0.6,200,10,0.6,1.658731647,0.984471636,3.548543209,,3.849039573,0.889350322
0.1,5,0.6,200,1,1,0.466212155,0.998770102,3.555258664,,3.849234277,0.889339128
0.3,3,0.8,300,5,1,0.573202057,0.998144064,3.440345468,,3.850147292,0.889286625
0.3,5,0.7,200,1,1,0.115536294,0.999922847,3.833257872,,3.851015234,0.889236703
0.1,4,0.6,300,10,0.6,2.180667791,0.97317447,3.80465998,,3.851025252,0.889236127
0.3,3,0.8,200,10,0.6,1.66325873,0.984382058,3.633534432,,3.851577096,0.88920438
0.1,6,0.8,100,1,0.8,1.008850979,0.9942546,3.738044573,,3.852071216,0.88917595
0.4,5,0.7,100,3,0.6,0.90597584,0.995342896,3.638791918,,3.852419052,0.889155935
0.3,4,0.7,400,1,1,0.120002953,0.99991668,3.687394443,,3.852541236,0.889148904
0.3,4,0.7,200,1,1,0.167138851,0.999841573,3.648833288,,3.8525632,0.88914764
0.4,3,0.8,400,1,0.6,0.373823277,0.999204656,3.79069387,,3.852565409,0.889147513
0.1,3,0.9,300,1,1,1.015238518,0.994181983,3.503456466,,3.853053363,0.88911943
0.2,3,0.9,400,1,1,0.356432482,0.999280432,3.616511445,,3.853145351,0.889114136
0.2,3,0.9,400,5,1,0.628107309,0.997773539,3.373018635,,3.853510211,0.889093135
0.3,3,0.9,200,5,1,0.825577294,0.996149688,3.444611395,,3.853656242,0.889084729
0.4,3,0.9,200,10,1,0.884778679,0.99557768,3.222149255,,3.85371466,0.889081366
0.1,3,0.9,400,1,0.6,1.131500065,0.992777544,3.5910024,,3.854448655,0.88903911
0.3,6,0.6,100,10,0.6,2.06238201,0.976007464,3.708768866,,3.854725845,0.88902315
0.2,3,0.7,400,10,1,1.019669738,0.994132973,3.341835309,,3.854928103,0.889011504
0.2,7,0.7,200,3,0.6,0.65474947,0.997576986,3.730273656,,3.855238115,0.888993652
0.1,4,0.6,300,5,0.8,1.383855928,0.989194372,3.350949434,,3.855845407,0.888958677
0.2,3,0.9,300,10,0.8,1.417567314,0.988661935,3.519116908,,3.856205653,0.888937927
0.4,4,0.8,100,10,0.8,1.413071586,0.988720232,3.489476569,,3.856341894,0.888930079
0.2,3,0.6,200,1,1,0.92899649,0.995118454,3.509044296,,3.856498531,0.888921056
0.4,3,0.7,400,10,0.6,1.099801027,0.993173689,3.525281625,,3.85651878,0.88891989
0.2,3,0.6,200,1,0.8,1.159529532,0.992403093,3.596613168,,3.857185488,0.88888148
0.1,7,0.8,100,5,0.8,2.012613877,0.977152324,4.006863155,,3.857904524,0.888840048
0.3,7,0.6,100,3,0.6,1.131927828,0.992742967,3.579463931,,3.858107562,0.888828347
0.2,3,0.6,400,3,0.6,1.117093072,0.992948224,3.636092739,,3.859138908,0.888768902
0.3,3,0.9,400,1,1,0.203705034,0.999765067,3.625980222,,3.859847005,0.88872808
0.1,4,0.6,300,3,1,0.837482288,0.996039202,3.323105309,,3.861183082,0.888651034
0.4,3,0.8,200,3,1,0.51445862,0.998503756,3.510467869,,3.86126061,0.888646562
0.2,4,0.6,100,10,0.8,2.637854499,0.960743693,4.102993724,,3.86263528,0.888567261
0.3,3,0.6,400,5,0.6,1.04427318,0.993830624,3.549937277,,3.862960039,0.888548522
0.2,4,0.9,200,10,1,0.952239582,0.994881284,3.336468167,,3.863437994,0.888520941
0.1,4,0.7,300,10,1,1.386571218,0.989154993,3.42162743,,3.863706434,0.888505449
0.2,4,0.8,100,10,1,1.859702731,0.980483188,3.728775252,,3.863799921,0.888500053
0.2,3,0.6,400,5,1,0.815357449,0.996246855,3.385264084,,3.863844149,0.888497501
0.1,4,0.6,400,1,0.6,0.825514806,0.996150225,3.48774786,,3.863911686,0.888493603
0.2,3,0.7,400,10,0.8,1.283415981,0.990709394,3.500796677,,3.863960777,0.888490769
0.4,3,0.8,100,1,0.8,0.99926095,0.994343097,3.596452689,,3.864521235,0.888458419
0.4,3,0.7,100,10,0.8,2.058568812,0.976091046,3.721914024,,3.864588466,0.888454538
0.2,3,0.7,300,5,0.8,1.201051833,0.991861063,3.612481218,,3.865584144,0.888397053
0.4,5,0.6,100,3,1,0.359494458,0.999266435,3.813732562,,3.865621734,0.888394882
0.4,3,0.8,100,3,1,1.001387354,0.994331393,3.447776724,,3.866052504,0.888370007
0.4,6,0.6,300,1,0.6,0.128942934,0.999904794,3.966070616,,3.866378439,0.888351184
0.2,7,0.8,100,3,0.8,0.697747926,0.997249255,3.690853536,,3.866455371,0.888346741
0.4,3,0.8,100,5,1,1.210905689,0.99172067,3.452576342,,3.866574553,0.888339858
0.2,4,0.7,100,1,0.6,1.302583216,0.990392218,3.706636936,,3.867169966,0.888305466
0.4,5,0.6,100,1,0.6,0.65826901,0.997530533,3.531158691,,3.867477634,0.888287693
0.3,5,0.7,100,1,0.8,0.460065148,0.998798649,3.935673152,,3.868097912,0.888251856
0.1,3,0.8,300,3,0.8,1.510376574,0.98713472,3.524954335,,3.868204341,0.888245707
0.4,6,0.6,400,1,0.6,0.12268609,0.999913276,3.982823669,,3.868355388,0.888236979
0.1,5,0.8,100,5,1,1.882378672,0.980003621,4.003218302,,3.869435254,0.888174572
0.2,3,0.6,300,5,0.6,1.453441717,0.988075553,3.468823452,,3.870366723,0.888120727
0.4,3,0.8,400,3,1,0.217339149,0.999732993,3.577345581,,3.87073776,0.888099275
0.4,3,0.8,300,1,0.6,0.46690941,0.998759097,3.772375782,,3.870819502,0.888094549
0.4,3,0.8,300,3,1,0.31096721,0.999453236,3.537116922,,3.871203805,0.888072328
0.2,5,0.9,400,1,0.6,0.134331415,0.999897471,3.972494136,,3.871274042,0.888068266
0.4,3,0.8,100,5,0.6,1.717317004,0.983330322,3.726287906,,3.871307747,0.888066317
0.2,4,0.6,200,1,1,0.357382646,0.999276128,3.582170898,,3.871995405,0.888026548
0.3,6,0.7,200,1,0.6,0.199360785,0.999774346,3.756414902,,3.872173526,0.888016246
0.1,5,0.6,100,5,0.8,2.754875688,0.957196202,4.259667281,,3.872800294,0.88797999
0.1,4,0.9,200,10,0.6,2.307799461,0.969964914,4.041824079,,3.873840747,0.887919792
0.3,3,0.9,300,1,1,0.293606749,0.999511712,3.567026752,,3.873983183,0.88791155
0.3,4,0.7,300,1,1,0.126743827,0.99990797,3.662866054,,3.874039097,0.887908315
0.1,6,0.9,400,1,0.6,0.195195038,0.999784233,3.820197736,,3.874531298,0.88787983
0.2,3,0.8,200,10,0.8,1.913736418,0.979347502,3.72110007,,3.874671074,0.88787174
0.4,3,0.7,300,5,0.6,0.955087096,0.994834974,3.557494461,,3.874699581,0.88787009
0.1,3,0.8,200,1,1,1.416958258,0.988669848,3.727410433,,3.875382154,0.887830581
0.2,5,0.8,100,10,0.6,2.175464519,0.973302676,3.897711655,,3.876025501,0.887793336
0.1,5,0.9,200,10,1,1.320943186,0.990152604,3.728669081,,3.876067353,0.887790912
0.3,7,0.9,200,3,0.6,0.203603477,0.999765311,3.837961469,,3.876297196,0.887777604
0.2,4,0.6,300,10,1,0.85154076,0.995907192,3.169950429,,3.876417823,0.88777062
0.1,5,0.7,100,1,0.8,1.432019036,0.988414614,3.764991753,,3.876520458,0.887764677
0.2,4,0.6,200,10,1,1.222457487,0.991564219,3.306067286,,3.876740124,0.887751957
0.1,3,0.8,400,5,0.6,1.621649985,0.985166472,3.496187002,,3.876847129,0.88774576
0.4,5,0.6,100,1,1,0.16512269,0.999844835,3.879573451,,3.877188387,0.887725997
0.1,3,0.9,400,5,1,1.215010465,0.991671004,3.525812016,,3.87740754,0.887713304
0.3,4,0.9,100,10,0.6,1.832904221,0.981041543,3.772152692,,3.877619554,0.887701024
0.3,3,0.6,400,5,1,0.576907497,0.998113355,3.534320861,,3.877998094,0.887679098
0.2,4,0.9,100,1,0.8,0.947542983,0.994923714,4.002656311,,3.879213819,0.887608663
0.1,4,0.8,300,10,1,1.298052119,0.990496328,3.457803144,,3.8794429,0.887595388
0.2,5,0.9,300,1,0.6,0.164954466,0.999845741,3.958972876,,3.880647795,0.887525555
0.1,7,0.9,100,5,0.8,1.832051418,0.981061151,4.012785442,,3.88084158,0.887514322
0.1,5,0.7,200,10,1,1.649790493,0.98463728,3.604613994,,3.881220399,0.887492361
0.1,8,0.7,200,3,0.6,1.164275062,0.992351063,3.579385863,,3.881582939,0.887471342
0.3,7,0.9,400,3,0.6,0.115268608,0.999923569,3.888240256,,3.882348205,0.887426966
0.4,6,0.6,200,1,0.6,0.210975714,0.999745435,3.924493791,,3.882669118,0.887408355
0.2,4,0.7,200,3,0.8,0.824778501,0.996149935,3.576783575,,3.882835515,0.887398704
0.3,5,0.6,100,3,1,0.537255589,0.998366144,3.417334178,,3.883485177,0.887361021
0.2,3,0.7,300,3,0.6,1.203641332,0.991814214,3.476676399,,3.884699784,0.887290552
0.3,7,0.9,300,3,0.6,0.12304445,0.999913588,3.878134269,,3.885531064,0.88724231
0.2,7,0.7,200,1,0.6,0.301730545,0.999481574,3.88857771,,3.885582347,0.887239333
0.2,3,0.8,400,10,1,0.948085475,0.994929993,3.274338354,,3.885804654,0.88722643
0.2,5,0.9,200,1,0.6,0.312446632,0.999445541,3.903251589,,3.886809479,0.887168098
0.4,3,0.9,400,3,0.6,0.512317915,0.998515738,3.543273368,,3.888427626,0.887074131
0.3,5,0.6,100,3,0.6,1.28280853,0.990706504,3.584893052,,3.888697556,0.887058452
0.3,7,0.8,100,5,0.8,0.657111604,0.997554528,3.677516076,,3.889045312,0.887038251
0.3,6,0.7,400,1,0.6,0.118101572,0.999919659,3.803288966,,3.889683902,0.887001151
0.3,3,0.9,200,1,1,0.503422532,0.998566705,3.486251173,,3.88972835,0.886998568
0.1,4,0.7,300,5,0.8,1.251123192,0.991169347,3.439647429,,3.890085585,0.886977811
0.3,6,0.7,300,1,0.6,0.12556387,0.999909909,3.795359007,,3.890122607,0.88697566
0.1,4,0.6,300,1,0.6,1.002567407,0.994324402,3.512791106,,3.890878404,0.886931738
0.2,4,0.7,100,3,1,1.169382055,0.992259612,3.607680798,,3.892556643,0.886834178
0.1,6,0.7,200,1,0.6,0.781205514,0.996552137,3.653909607,,3.893615065,0.886772628
0.1,4,0.9,300,10,1,1.282059758,0.990723863,3.569812813,,3.893859185,0.886758429
0.4,6,0.7,400,1,1,0.117615917,0.999919638,4.099677933,,3.89415556,0.88674119
0.1,6,0.9,300,1,0.6,0.267148827,0.999595886,3.808328163,,3.894944104,0.886695317
0.1,4,0.7,200,1,0.6,1.264881844,0.990973648,3.72643286,,3.895802987,0.886645341
0.2,7,0.9,100,3,0.6,0.899417466,0.995433153,3.759373242,,3.896155675,0.886624816
0.3,4,0.7,100,10,0.6,2.109881922,0.974882039,3.783556867,,3.89658323,0.886599932
0.3,3,0.9,400,1,0.6,0.475156807,0.998720284,3.651273726,,3.896899543,0.88658152
0.2,5,0.7,100,10,0.6,2.43244749,0.966627256,4.036075685,,3.897087958,0.886570552
0.1,8,0.8,100,1,0.6,1.177560664,0.99217661,3.935780715,,3.897199261,0.886564073
0.3,5,0.9,100,3,1,0.275580208,0.999568904,3.567912714,,3.897471456,0.886548227
0.1,3,0.7,400,1,0.6,1.217444587,0.991635003,3.437099149,,3.897841203,0.8865267
0.2,4,0.6,400,1,1,0.147210432,0.999876557,3.616666932,,3.898041683,0.886515027
0.2,3,0.8,400,5,1,0.653638006,0.997589391,3.37833277,,3.898233642,0.88650385
0.4,3,0.6,100,10,0.8,2.227437584,0.971999385,3.903160205,,3.898992467,0.886459659
0.3,3,0.7,200,5,0.8,1.246955776,0.991217129,3.510433081,,3.899583879,0.886425212
0.4,6,0.7,200,1,1,0.112921357,0.999925942,4.086011409,,3.899720067,0.886417279
0.4,6,0.7,300,1,1,0.113684036,0.999924917,4.077501218,,3.899964298,0.886403052
0.4,6,0.7,100,1,1,0.11570511,0.999922715,4.071038609,,3.900806751,0.886353969
0.2,3,0.6,300,1,1,0.63444077,0.997722302,3.56993948,,3.901007807,0.886342254
0.3,3,0.9,200,1,0.8,0.720676423,0.997059773,3.607212921,,3.901260092,0.886327552
0.2,4,0.9,100,10,0.8,2.207269578,0.97251311,3.942729253,,3.902388408,0.886261791
0.4,4,0.7,400,3,1,0.121521363,0.99991516,3.738907926,,3.902495057,0.886255574
0.1,7,0.7,200,3,0.6,1.19359381,0.991960593,3.627933163,,3.902584314,0.886250371
0.1,4,0.6,300,10,0.8,1.91214636,0.979371393,3.618344241,,3.902742747,0.886241135
0.3,3,0.6,200,5,1,1.060007741,0.993645069,3.460770129,,3.902985193,0.886227
0.2,3,0.9,100,1,0.8,1.615024245,0.985282268,3.704251244,,3.903100262,0.886220292
0.1,3,0.9,400,3,0.6,1.403591906,0.988887592,3.619255159,,3.903194526,0.886214796
0.4,5,0.6,400,1,1,0.115367089,0.999922693,3.950515658,,3.903568986,0.886192962
0.4,3,0.7,100,1,0.8,1.120179377,0.992896005,3.406699617,,3.904769344,0.88612296
0.4,3,0.7,300,10,0.6,1.240485128,0.991313276,3.550968714,,3.905119821,0.886102517
0.3,8,0.6,100,3,0.6,1.105683973,0.993074032,3.575853415,,3.905374395,0.886087666
0.1,6,0.9,100,3,0.8,1.532198026,0.986751656,3.813153167,,3.905780335,0.886063984
0.4,8,0.7,200,1,0.8,0.112760632,0.999926196,4.084418478,,3.906504555,0.886021727
0.2,8,0.7,200,1,0.6,0.27945389,0.999554971,3.914820814,,3.906694948,0.886010617
0.2,4,0.6,300,1,1,0.196327033,0.999781511,3.579734684,,3.906758122,0.88600693
0.2,7,0.7,400,1,0.6,0.125717739,0.99990959,3.975458317,,3.90797677,0.885935803
0.3,3,0.6,400,10,0.8,1.105376329,0.993108634,3.464778804,,3.908155262,0.885925383
0.3,6,0.6,100,3,0.6,1.17602071,0.99217236,3.660554532,,3.908255634,0.885919524
0.4,8,0.7,300,1,0.8,0.115216327,0.999922904,4.082029624,,3.908692116,0.885894041
0.2,3,0.6,300,3,0.8,1.122930905,0.992882963,3.542045402,,3.909001149,0.885875997
0.4,4,0.8,400,1,0.8,0.119370963,0.999917828,3.795720399,,3.909305898,0.885858202
0.1,8,0.6,100,1,0.6,1.596457962,0.985609302,3.883083514,,3.909478219,0.885848139
0.2,7,0.7,300,1,0.6,0.147355133,0.999876528,3.958670119,,3.909498482,0.885846956
0.4,8,0.7,100,1,0.8,0.134145095,0.999897516,4.065956881,,3.909596935,0.885841206
0.2,3,0.6,400,3,0.8,0.914751772,0.995277049,3.595606154,,3.909690071,0.885835767
0.1,3,0.8,200,1,0.8,1.616266538,0.985267021,3.607454902,,3.909952418,0.885820445
0.4,7,0.6,200,1,0.6,0.175531031,0.999824352,3.837762822,,3.910153996,0.885808672
0.3,3,0.9,200,10,0.6,1.6392315,0.984833895,3.62611775,,3.910162831,0.885808156
0.4,5,0.7,100,1,0.8,0.305768422,0.999463579,3.701400602,,3.910280315,0.885801294
0.2,4,0.6,200,1,0.8,0.618093856,0.997837195,3.493100859,,3.910379475,0.885795502
0.2,3,0.6,400,5,0.8,1.074596465,0.993486,3.47578488,,3.910527254,0.88578687
0.4,8,0.7,400,1,0.8,0.114961728,0.999923234,4.098202118,,3.910966403,0.885761216
0.2,4,0.6,100,3,1,1.246772327,0.9912278,3.32415971,,3.912596756,0.885665952
0.2,4,0.6,200,10,0.6,1.935228391,0.978873087,3.702269251,,3.912705854,0.885659575
0.2,6,0.6,100,1,0.6,1.02800475,0.994013601,3.676353509,,3.912851696,0.885651051
0.4,4,0.7,100,3,1,0.543325663,0.998321731,3.783563772,,3.913395946,0.885619239
0.3,3,0.7,200,10,0.8,1.569724767,0.98609356,3.467198933,,3.913516585,0.885612187
0.3,4,0.7,100,1,1,0.433844275,0.998928343,3.596611071,,3.91352489,0.885611701
0.4,7,0.6,300,1,0.6,0.121085877,0.999915772,3.856793703,,3.914621672,0.885547577
0.2,4,0.7,100,10,1,1.979486992,0.977895709,3.737517338,,3.915079761,0.885520789
0.4,4,0.8,100,10,1,0.992237484,0.994440174,3.33349514,,3.915223587,0.885512377
0.4,4,0.8,200,1,0.8,0.185642464,0.999804768,3.719399082,,3.915334673,0.88550588
0.4,3,0.9,300,3,0.6,0.645715925,0.997641955,3.540970864,,3.915534133,0.885494215
0.2,5,0.9,100,10,1,1.32450682,0.990095419,3.815769521,,3.915646951,0.885487616
0.1,7,0.8,100,1,0.6,1.218809306,0.99162152,3.948436395,,3.915833186,0.885476723
0.2,6,0.8,100,3,0.6,1.124976085,0.992846785,3.682822263,,3.916739377,0.885423712
0.2,4,0.8,200,5,1,0.632104859,0.9977425,3.223250102,,3.916838143,0.885417933
0.1,8,0.7,400,1,0.6,0.239170935,0.99967582,3.757012618,,3.917424892,0.885383601
0.1,4,0.7,200,3,0.6,1.691095631,0.983871362,3.732309639,,3.918108857,0.885343575
0.1,4,0.7,400,3,0.8,0.778076774,0.996581531,3.475207358,,3.919883826,0.885239669
0.4,5,0.6,100,1,0.8,0.400042251,0.999086339,3.7629621,,3.920438884,0.885207166
0.1,4,0.7,200,5,1,1.408210606,0.98880881,3.446776647,,3.92072191,0.885190591
0.2,3,0.9,300,1,1,0.507612633,0.998542776,3.60084461,,3.920825069,0.88518455
0.4,7,0.6,400,1,0.6,0.119883466,0.999916896,3.866342149,,3.920910067,0.885179572
0.2,8,0.9,100,3,0.6,0.856331998,0.995859813,3.745169486,,3.92126392,0.885158846
0.4,8,0.6,400,3,1,0.11454739,0.9999238,4.039446616,,3.921614685,0.8851383
0.1,4,0.6,200,5,0.6,2.196200791,0.972794029,3.871473083,,3.921763871,0.88512956
0.2,3,0.6,400,3,1,0.661572128,0.997527909,3.453147699,,3.922576608,0.885081944
0.1,5,0.6,200,10,0.6,2.719336515,0.9582972,4.1042648,,3.923052627,0.885054051
0.4,5,0.6,200,1,1,0.115168786,0.999923157,3.924516333,,3.923244722,0.885042794
0.4,4,0.8,300,1,0.8,0.131060227,0.999901612,3.763926323,,3.924334315,0.884978932
0.3,3,0.6,400,1,1,0.272562963,0.9995784,3.643718674,,3.926717275,0.884839202
0.1,5,0.7,200,10,0.6,2.404677812,0.967389249,4.058677443,,3.926920744,0.884827267
0.3,3,0.6,100,3,0.6,2.028615814,0.976765798,3.818516377,,3.927092617,0.884817185
0.3,6,0.9,100,3,0.6,0.65241153,0.997591541,3.742625944,,3.927384863,0.884800041
0.4,5,0.6,300,1,1,0.116967577,0.999920507,3.919207868,,3.92757204,0.88478906
0.1,4,0.7,200,10,0.8,2.353470725,0.968761691,3.853622125,,3.927588406,0.8847881
0.2,7,0.7,100,5,0.6,1.583613187,0.985848332,3.688691379,,3.927730394,0.884779769
0.01,7,0.9,400,1,1,1.638681464,0.984844198,4.39141382,,3.927933682,0.884767842
0.3,3,0.6,300,5,0.6,1.197329835,0.991887727,3.545611791,,3.928021079,0.884762714
0.2,4,0.9,100,3,1,0.986177743,0.994505243,3.580202944,,3.928788301,0.884717694
0.2,5,0.8,100,3,0.8,1.014510096,0.994183804,3.641147076,,3.930272794,0.884630558
0.4,3,0.7,200,5,0.6,1.257201537,0.99106008,3.600833706,,3.930807433,0.884599168
0.1,6,0.6,100,1,0.6,1.719420143,0.983315962,3.97434834,,3.931400174,0.884564362
0.4,8,0.6,300,3,1,0.113593521,0.999925076,4.025130114,,3.931542984,0.884555976
0.2,4,0.6,100,3,0.8,1.681133104,0.984052228,3.724364533,,3.932243494,0.884514833
0.2,3,0.6,400,1,1,0.45334058,0.99883494,3.61929393,,3.933589933,0.884435733
0.1,8,0.7,300,1,0.6,0.33014011,0.999383408,3.733433576,,3.933940637,0.884415126
0.3,3,0.7,400,5,0.6,0.989262718,0.994472259,3.594945114,,3.935152319,0.884343913
0.4,3,0.7,200,10,0.8,1.342903344,0.989822166,3.530213707,,3.936168668,0.884284163
0.4,4,0.7,300,3,1,0.137323907,0.999892723,3.721900298,,3.936543405,0.884262129
0.3,3,0.8,400,1,0.8,0.326262086,0.999396682,3.762118692,,3.937312711,0.884216888
0.1,3,0.7,400,3,0.8,1.319663206,0.990175273,3.476619677,,3.937486297,0.884206679
0.3,3,0.7,400,1,0.8,0.379280466,0.99918522,3.892741863,,3.937762209,0.88419045
0.1,4,0.6,200,10,1,2.211491263,0.972413845,3.804723483,,3.937799441,0.88418826
0.2,3,0.7,300,5,1,0.946585377,0.994942677,3.326400001,,3.938038071,0.884174223
0.3,3,0.9,300,1,0.6,0.597599774,0.997978465,3.627691325,,3.938749674,0.88413236
0.4,4,0.7,200,3,1,0.207741765,0.99975478,3.727589328,,3.938799298,0.88412944
0.1,6,0.9,100,5,0.8,1.977658889,0.977931918,4.014184361,,3.939205864,0.884105519
0.3,3,0.7,300,5,0.6,1.131436794,0.992766595,3.59818578,,3.939441339,0.884091663
0.1,6,0.8,100,3,0.8,1.669832916,0.984270647,3.868894715,,3.940032813,0.884056855
0.3,3,0.8,200,10,1,1.203586415,0.991827047,3.443019163,,3.941333502,0.883980291
0.4,8,0.6,200,3,1,0.113166116,0.999925894,4.025189327,,3.942762836,0.883896126
0.2,3,0.8,200,10,0.6,2.068177363,0.975874255,3.852656961,,3.94283218,0.883892042
0.2,5,0.6,100,1,0.6,1.174475674,0.992203333,3.849723128,,3.942983753,0.883883115
0.2,4,0.8,100,3,1,1.05088518,0.993758531,3.504461187,,3.943815627,0.883834114
0.3,6,0.7,200,3,0.8,0.220217969,0.999725298,3.758893257,,3.944365072,0.883801744
0.3,3,0.6,300,1,1,0.401702566,0.999084049,3.613678161,,3.944602915,0.88378773
0.4,7,0.9,100,3,0.6,0.396039704,0.999111537,3.798570614,,3.94478734,0.883776863
0.3,3,0.6,200,1,1,0.648055069,0.997621057,3.612253514,,3.944950958,0.883767222
0.2,3,0.7,400,10,0.6,1.485070661,0.98755855,3.472916982,,3.945711815,0.883722382
0.2,4,0.8,100,1,0.8,0.978517376,0.99458584,3.903732514,,3.945732901,0.883721139
0.1,4,0.8,200,10,0.6,2.447818374,0.966204796,4.018306755,,3.946782908,0.883659245
0.4,4,0.9,300,1,1,0.114651477,0.999923768,3.848221647,,3.946996838,0.883646632
0.1,3,0.9,300,1,0.6,1.314402491,0.990254835,3.598500813,,3.947132412,0.883638639
0.4,4,0.9,400,1,1,0.11263629,0.999926346,3.852063788,,3.947435975,0.88362074
0.2,3,0.6,300,5,0.8,1.288297305,0.990639759,3.449124729,,3.948697498,0.883546343
0.4,4,0.9,200,1,1,0.120085955,0.999917141,3.848373267,,3.94875216,0.883543119
0.4,3,0.6,300,5,0.6,1.062764382,0.993607198,3.532173211,,3.948949338,0.883531488
0.2,3,0.7,400,3,0.8,0.835519895,0.996060593,3.607776082,,3.949147939,0.883519773
0.1,5,0.7,100,3,0.8,2.036475934,0.976604877,4.032943691,,3.949291536,0.883511302
0.2,6,0.7,100,3,0.6,1.287823634,0.990631243,3.823507832,,3.950999054,0.88341055
0.3,3,0.6,300,5,1,0.765986143,0.996679479,3.485133754,,3.951212973,0.883397925
0.2,8,0.7,100,5,0.6,1.562239258,0.986225459,3.687833204,,3.951322104,0.883391484
0.2,3,0.7,200,3,0.6,1.547081625,0.98648644,3.587273482,,3.951375715,0.88338832
0.3,3,0.6,300,10,0.8,1.311206577,0.99030403,3.469755354,,3.951597418,0.883375234
0.3,8,0.7,400,3,0.8,0.114210543,0.999924532,3.872533061,,3.952203998,0.883339426
0.2,3,0.9,300,5,1,0.82894161,0.996121569,3.399395337,,3.952582772,0.883317064
0.1,4,0.7,200,3,1,1.155347556,0.992467253,3.443197787,,3.95318092,0.883281746
0.3,3,0.7,200,5,0.6,1.454119889,0.988055493,3.649283629,,3.95343468,0.883266761
0.3,8,0.7,300,3,0.8,0.117104165,0.99992136,3.859418417,,3.953702152,0.883250965
0.4,3,0.9,100,5,0.6,1.700732831,0.983649469,3.726597449,,3.955842703,0.883124514
0.3,4,0.9,100,3,0.8,0.952806204,0.994865912,3.733972193,,3.956293495,0.883097875
0.4,6,0.6,100,1,0.6,0.527125341,0.998415528,3.80690421,,3.956497638,0.883085811
0.4,5,0.6,400,1,0.8,0.118628046,0.999918392,3.927026786,,3.956671723,0.883075522
0.2,3,0.6,300,3,0.6,1.280121334,0.990741242,3.637554551,,3.95671782,0.883072798
0.3,4,0.7,400,10,1,0.320417539,0.999419556,3.164504884,,3.956925,0.883060552
0.1,6,0.9,200,1,0.6,0.521733229,0.998462907,3.812689045,,3.957771086,0.883010538
0.1,6,0.6,100,1,1,0.888173824,0.995544343,3.781049106,,3.959016017,0.882936928
0.1,5,0.8,100,1,0.8,1.274694825,0.990831564,3.764308169,,3.960275734,0.882862419
0.4,8,0.6,100,3,1,0.162978669,0.999849607,3.980475812,,3.961061864,0.88281591
0.3,3,0.6,400,10,0.6,1.299837416,0.990465235,3.414232196,,3.96114912,0.882810747
0.4,4,0.7,100,3,0.6,1.140477647,0.992623435,3.746165327,,3.961163938,0.882809871
0.1,7,0.6,100,1,0.6,1.628531143,0.985031837,3.846105811,,3.961243054,0.882805189
0.3,7,0.7,200,3,0.8,0.181036205,0.99981448,3.705498605,,3.962048024,0.882757554
0.3,3,0.8,300,1,0.8,0.440895949,0.998898857,3.754096725,,3.962741091,0.882716533
0.1,5,0.6,100,3,1,1.77174547,0.982292293,3.745639225,,3.962783233,0.882714038
0.2,4,0.6,100,1,0.6,1.466537056,0.98785782,3.750938058,,3.963058565,0.882697739
0.3,7,0.9,100,3,0.6,0.557593826,0.998241849,3.822499601,,3.963181412,0.882690467
0.1,8,0.7,100,5,1,1.717044157,0.983359027,4.051713744,,3.963222388,0.882688041
0.3,3,0.7,400,1,1,0.233266068,0.999691723,3.74969085,,3.963236797,0.882687188
0.2,3,0.6,200,3,0.8,1.467590569,0.987845742,3.587332855,,3.96351258,0.882670861
0.3,8,0.7,200,3,0.8,0.166313155,0.999843479,3.838551397,,3.964199829,0.882630169
0.4,5,0.6,200,1,0.8,0.154541979,0.999863524,3.859410596,,3.96518023,0.882572108
0.1,4,0.6,100,1,1,1.608205897,0.985404238,3.77105993,,3.965570961,0.882548964
0.3,3,0.7,400,3,0.8,0.579981622,0.998097054,3.921769243,,3.965700697,0.882541279
0.1,3,0.8,400,1,0.6,1.150695824,0.992528636,3.470294802,,3.966249412,0.882508772
0.1,3,0.9,400,5,0.6,1.614201102,0.985304582,3.581449958,,3.966349773,0.882502826
0.2,8,0.7,400,1,0.6,0.12147873,0.999915442,4.002753059,,3.966959542,0.882466696
0.4,4,0.9,200,3,0.8,0.285608602,0.999535463,3.708677762,,3.967584255,0.882429675
0.2,3,0.6,300,5,1,1.029838546,0.994013241,3.355629345,,3.967818965,0.882415765
0.2,8,0.7,300,1,0.6,0.137555358,0.999892372,3.989971944,,3.968517663,0.88237435
0.3,7,0.7,400,3,0.8,0.114861153,0.999923798,3.746815901,,3.968869688,0.882353481
0.4,3,0.7,100,3,0.8,1.425843895,0.988496318,3.385039579,,3.969009792,0.882345175
0.4,4,0.7,100,10,1,1.152236453,0.992497226,3.275761512,,3.969713558,0.882303447
0.1,8,0.7,400,1,0.8,0.120722964,0.999916621,3.608171177,,3.97012767,0.88227889
0.4,3,0.9,200,3,0.6,0.952275581,0.994871722,3.517923641,,3.971129461,0.882219473
0.2,5,0.9,100,10,0.6,2.021236509,0.976945958,3.89854699,,3.971577555,0.882192892
0.2,7,0.7,100,1,0.6,0.746939747,0.996837172,3.80008969,,3.972063414,0.882164066
0.2,4,0.6,100,1,1,0.856719396,0.99584392,3.689257642,,3.972560694,0.88213456
0.3,3,0.6,100,5,1,1.694172827,0.983790716,3.647269103,,3.972954452,0.882111193
0.3,7,0.7,300,3,0.8,0.120072251,0.9999175,3.732342142,,3.973020418,0.882107278
0.4,3,0.8,100,1,0.6,1.15283887,0.992467908,3.715792453,,3.973094422,0.882102886
0.1,5,0.8,100,3,0.8,1.91753752,0.979260403,3.969941465,,3.973576573,0.88207427
0.2,3,0.9,200,1,1,0.786036237,0.996510389,3.620437911,,3.974187341,0.882038015
0.4,3,0.6,400,5,0.6,0.908973017,0.995325309,3.530745868,,3.974461906,0.882021715
0.2,3,0.7,300,10,1,1.263095962,0.990999823,3.40702496,,3.974798026,0.882001759
0.3,3,0.8,100,10,0.8,2.31760141,0.969695205,3.957437976,,3.97482722,0.882000026
0.4,8,0.6,200,1,0.6,0.162083195,0.999850244,3.809329522,,3.974854958,0.881998379
0.4,3,0.6,200,5,0.6,1.362170264,0.989514235,3.510568103,,3.974947016,0.881992913
0.4,7,0.6,100,1,0.6,0.460210166,0.998783762,3.741206073,,3.97509573,0.881984083
0.4,4,0.9,300,3,0.8,0.160684367,0.99985336,3.740135806,,3.975835018,0.881940182
0.3,4,0.7,100,5,0.8,1.393781243,0.989031262,3.554100066,,3.976389148,0.881907271
0.3,8,0.9,200,3,1,0.11240296,0.99992666,4.003694854,,3.977209035,0.881858567
0.3,8,0.9,400,3,1,0.112393863,0.999926661,4.004598368,,3.977222909,0.881857742
0.3,8,0.9,300,3,1,0.112753762,0.999926193,4.005918196,,3.977270323,0.881854926
0.1,3,0.8,400,10,0.6,2.026687689,0.976837212,3.733778753,,3.97755763,0.881837856
0.1,4,0.9,200,5,1,1.29950014,0.990471924,3.677369014,,3.978558009,0.881778412
0.1,5,0.7,100,3,1,1.653612991,0.984569586,3.854776295,,3.978908309,0.881757593
0.2,5,0.6,200,1,0.8,0.359781729,0.999267875,3.539759692,,3.978978571,0.881753417
0.4,8,0.6,400,1,0.6,0.119271833,0.999917613,3.846821237,,3.979429242,0.881726629
0.1,7,0.6,100,1,1,0.680591807,0.997380967,3.789019666,,3.980019178,0.881691559
0.3,3,0.7,300,3,0.8,0.75569621,0.996770968,3.869364492,,3.98053782,0.881660723
0.1,8,0.9,400,1,0.6,0.143846012,0.999882704,3.855963923,,3.980819926,0.881643949
0.4,8,0.6,300,1,0.6,0.119056106,0.999918336,3.836921243,,3.981113569,0.881626487
0.2,5,0.8,100,10,0.8,1.942963001,0.978704351,3.831178277,,3.981926307,0.881578151
0.2,8,0.6,100,5,0.6,1.844117243,0.980805587,3.708001775,,3.98217051,0.881563625
0.1,3,0.8,300,3,0.6,1.654991563,0.984547963,3.536361703,,3.982292585,0.881556364
0.1,4,0.9,200,5,0.6,1.779908084,0.982132799,3.758448703,,3.982338603,0.881553627
0.1,8,0.7,300,1,0.8,0.14604688,0.999879189,3.595131346,,3.982435626,0.881547855
0.3,3,0.9,100,5,0.8,1.828841208,0.98112097,3.910473498,,3.982493265,0.881544426
0.4,5,0.6,300,1,0.8,0.121717593,0.999914392,3.896102117,,3.982768408,0.881528058
0.3,4,0.9,100,10,1,1.244381652,0.991261558,3.349553972,,3.983094745,0.881508643
0.4,4,0.9,400,3,0.8,0.132484147,0.999899844,3.756516448,,3.983160154,0.881504751
0.1,8,0.7,200,1,0.6,0.661590328,0.997528726,3.679711935,,3.983827194,0.88146506
0.2,6,0.6,100,5,0.6,1.899324258,0.979644065,3.634650173,,3.984731688,0.881411229
0.1,4,0.9,200,10,0.8,2.085081114,0.975482566,3.806744918,,3.986174477,0.881325336
0.1,8,0.9,300,1,0.6,0.189686469,0.99979647,3.846915119,,3.986920862,0.88128089
0.2,3,0.7,400,5,0.6,1.225251089,0.991528492,3.423805533,,3.986969706,0.881277981
0.1,3,0.8,300,5,0.8,1.744179441,0.982844045,3.57497867,,3.987488169,0.881247102
0.3,4,0.6,200,10,0.6,1.526187247,0.986859619,3.495509564,,3.987703452,0.881234279
0.3,8,0.9,100,3,1,0.116357822,0.999922248,4.001536988,,3.988724391,0.881173458
0.4,3,0.8,200,1,0.6,0.720053311,0.997053931,3.764726175,,3.989476754,0.881128627
0.1,3,0.6,400,1,0.8,1.096333174,0.993216902,3.408737905,,3.990198752,0.881085598
0.1,6,0.8,100,10,0.8,3.039543246,0.947894163,4.543759577,,3.990692233,0.881056183
0.1,3,0.7,400,3,0.6,1.487080709,0.987527528,3.413330411,,3.992111343,0.880971574
0.3,6,0.7,400,3,0.8,0.117971839,0.999920086,3.792073747,,3.993227578,0.880905001
0.4,4,0.7,400,10,1,0.224301399,0.999715457,3.341227895,,3.994575294,0.880824598
0.1,5,0.8,100,5,0.8,2.379913522,0.968053698,4.117338876,,3.995357224,0.880777937
0.1,5,0.9,400,1,0.6,0.306327733,0.999467886,3.678981025,,3.99582489,0.880750025
0.3,3,0.7,400,10,1,0.732708514,0.99697024,3.154647702,,3.996849555,0.880688858
0.3,3,0.8,200,5,1,0.865606262,0.995767821,3.40200065,,3.996940798,0.88068341
0.3,6,0.7,300,3,0.8,0.130496534,0.99990321,3.780961591,,3.998351736,0.880599157
0.1,8,0.8,100,10,0.8,2.942822495,0.951157215,4.502677387,,3.999101902,0.880554349
0.4,4,0.9,100,1,1,0.221575176,0.999720677,3.821579175,,4.000061518,0.880497018
0.4,3,0.9,100,3,0.8,1.295078404,0.990523622,3.706347203,,4.000740812,0.880456427
0.4,3,0.6,400,1,1,0.194429309,0.99978549,3.677756022,,4.001200685,0.880428943
0.1,5,0.6,100,5,1,2.239667169,0.971699807,3.900656103,,4.00132347,0.880421604
0.2,3,0.7,300,10,0.8,1.513241426,0.987086239,3.584947084,,4.00243763,0.880355002
0.1,3,0.7,400,3,1,1.095162344,0.993231737,3.481330443,,4.003534736,0.880289401
0.1,6,0.7,100,5,1,1.868408412,0.980298086,3.969777422,,4.003607261,0.880285064
0.1,3,0.6,300,1,0.8,1.316029054,0.99022849,3.382704759,,4.004164325,0.880251747
0.4,4,0.7,300,10,1,0.343226918,0.999333937,3.293998185,,4.005227785,0.880188131
0.1,6,0.6,100,3,0.6,2.428185836,0.966730848,4.178101057,,4.007244934,0.88006742
0.4,5,0.7,200,1,0.8,0.129182245,0.999904371,3.775882363,,4.008261405,0.880006568
0.2,3,0.8,300,5,1,0.861416151,0.995812331,3.406957905,,4.009190731,0.87995092
0.3,3,0.7,300,1,1,0.341442271,0.999338518,3.715360909,,4.009329733,0.879942595
0.1,3,0.9,200,3,1,1.719334172,0.98332637,3.747524601,,4.011413407,0.879817774
0.3,4,0.8,100,10,1,1.322478547,0.990131023,3.546152273,,4.011495314,0.879812866
0.1,8,0.6,100,3,0.6,2.342757016,0.969033615,4.147631533,,4.012102661,0.87977647
0.3,3,0.7,300,1,0.8,0.512700374,0.998512838,3.837011113,,4.01287327,0.879730283
0.3,8,0.7,100,3,0.8,0.542490659,0.998333781,3.750858079,,4.013083368,0.879717689
0.4,3,0.7,400,10,1,0.559217083,0.998232271,3.256087207,,4.013719918,0.879679528
0.2,3,0.7,400,3,1,0.581864512,0.998087912,3.445466147,,4.014474087,0.879634307
0.3,3,0.6,100,3,1,1.458402338,0.987986107,3.492149897,,4.014562264,0.87962902
0.1,4,0.7,200,5,0.6,1.99866094,0.977468282,3.759901515,,4.015263249,0.87958698
0.1,5,0.6,100,3,0.6,2.590896037,0.962134823,4.225120503,,4.015806706,0.879554383
0.1,5,0.7,100,5,0.8,2.505749095,0.964588189,4.255838541,,4.016256659,0.87952739
0.3,3,0.9,100,3,0.8,1.553833352,0.986359561,3.907901664,,4.016416464,0.879517803
0.2,4,0.7,100,10,0.6,2.669793289,0.959797403,4.127666007,,4.016502616,0.879512634
0.2,3,0.6,300,3,1,0.865215977,0.995774068,3.411309295,,4.017321296,0.879463512
0.2,3,0.6,200,5,0.6,1.860931817,0.980460351,3.664726444,,4.017565328,0.879448867
0.2,3,0.7,300,10,0.6,1.689716355,0.983890018,3.59228018,,4.017567675,0.879448726
0.1,4,0.6,200,10,0.6,2.902096297,0.952501942,4.250250634,,4.018196449,0.879410989
0.2,4,0.8,100,3,0.8,1.406809328,0.988824772,3.795483178,,4.018507249,0.879392334
0.1,5,0.9,100,5,0.8,2.178038568,0.97323784,4.013192223,,4.018660186,0.879383154
0.2,4,0.6,300,1,0.8,0.353284663,0.999293357,3.552259421,,4.019185058,0.879351644
0.1,5,0.9,300,1,0.6,0.406369825,0.999063995,3.692224449,,4.019367434,0.879340695
0.1,3,0.7,400,5,1,1.279940334,0.99075883,3.420561271,,4.01959217,0.879327202
0.2,3,0.8,100,1,0.8,1.643783148,0.984745548,3.757923894,,4.019963619,0.879304898
0.4,3,0.6,200,1,0.8,0.705583627,0.997172005,3.84237504,,4.020255243,0.879287386
0.2,3,0.9,200,10,0.6,2.045554113,0.97639673,3.846773413,,4.020453371,0.879275488
0.2,7,0.6,100,5,0.6,1.860180785,0.980473771,3.692206788,,4.022258572,0.879167052
0.1,7,0.8,100,10,0.8,2.967944445,0.950320253,4.536736833,,4.022656389,0.879143149
0.3,3,0.6,300,10,0.6,1.47516364,0.987717568,3.456736323,,4.023060644,0.879118857
0.3,3,0.8,400,1,1,0.207729185,0.999755638,3.724834085,,4.023367453,0.879100418
0.4,3,0.8,100,10,0.8,1.955911856,0.97840744,3.802786027,,4.024252049,0.87904725
0.2,3,0.8,300,10,1,1.19272727,0.991975114,3.38052715,,4.024281877,0.879045457
0.2,3,0.6,100,1,1,1.522173091,0.986920278,3.570456058,,4.024899645,0.879008318
0.2,5,0.6,300,1,0.8,0.186835981,0.999802467,3.575286651,,4.025437599,0.878975973
0.2,3,0.7,300,5,0.6,1.379233856,0.989265048,3.440338294,,4.025882269,0.878949234
0.4,3,0.6,400,1,0.8,0.326312278,0.999394218,3.908371336,,4.026304517,0.87892384
0.1,4,0.7,400,1,1,0.272581362,0.999580246,3.524253715,,4.026624786,0.878904578
0.4,5,0.7,300,1,0.8,0.116980266,0.999920694,3.796836097,,4.026806296,0.87889366
0.1,8,0.9,100,5,0.8,1.767612729,0.982370302,4.015944808,,4.026830263,0.878892219
0.1,3,0.7,300,1,0.6,1.392562513,0.989056899,3.463366446,,4.026868928,0.878889893
0.1,4,0.9,100,1,0.8,1.695652448,0.983771511,3.86432238,,4.027147896,0.878873112
0.3,4,0.7,300,10,1,0.478400668,0.998706365,3.124252426,,4.027789346,0.878834522
0.2,3,0.6,200,5,1,1.368841301,0.989425374,3.386046236,,4.027918565,0.878826748
0.3,3,0.9,200,10,1,1.139526689,0.992671189,3.374226113,,4.029464335,0.878733726
0.3,3,0.8,300,1,1,0.297786166,0.999497418,3.67279922,,4.029620828,0.878724307
0.2,8,0.7,100,3,0.6,1.194286448,0.991938277,3.816966375,,4.030712573,0.878658583
0.3,3,0.7,100,5,0.8,1.920415923,0.979171841,3.708315418,,4.03085226,0.878650173
0.1,7,0.7,100,10,0.8,3.2818181,0.939267495,4.578387406,,4.0313836,0.878618178
0.1,6,0.6,100,5,0.6,2.9772264,0.950010221,4.463572297,,4.032701145,0.878538825
0.1,6,0.8,100,1,0.6,1.347308711,0.989758725,3.930333099,,4.03328241,0.878503808
0.1,4,0.6,200,10,0.8,2.589892019,0.962173747,4.010081723,,4.033374389,0.878498267
0.2,3,0.7,300,3,1,0.77953604,0.996568694,3.394381324,,4.033592215,0.878485143
0.4,5,0.7,400,1,0.8,0.11540723,0.999922666,3.817068682,,4.033868904,0.878468471
0.2,4,0.7,100,10,0.8,2.434022539,0.966585547,3.969606483,,4.035841882,0.878349559
0.2,5,0.6,400,1,0.8,0.144617077,0.999881046,3.604557914,,4.036439499,0.878313529
0.1,8,0.7,200,1,0.8,0.307747458,0.999465174,3.566095959,,4.03707957,0.878274934
0.1,8,0.9,200,1,0.6,0.416525807,0.999020181,3.832017474,,4.037376431,0.878257031
0.2,3,0.7,200,5,0.8,1.579855763,0.985920207,3.676925454,,4.03851312,0.87818847
0.2,3,0.7,300,3,0.8,1.030458782,0.994008471,3.594346118,,4.039524456,0.878127454
0.2,3,0.6,400,10,0.6,1.576129829,0.985982295,3.434038168,,4.039871153,0.878106533
0.3,7,0.7,100,3,0.8,0.579840519,0.998099055,3.625561478,,4.040040046,0.878096341
0.4,3,0.6,300,1,0.8,0.446537176,0.998865856,3.892823117,,4.040317639,0.878079588
0.2,3,0.7,100,1,0.8,1.716861625,0.983357012,3.793592789,,4.040449329,0.878071641
0.3,5,0.7,100,5,0.6,1.336313339,0.989905319,3.508976532,,4.040924309,0.878042972
0.4,4,0.9,100,3,0.6,0.923109023,0.995176702,3.651347659,,4.041237035,0.878024095
0.3,3,0.8,200,1,1,0.504308585,0.99855918,3.630645258,,4.041349179,0.878017325
0.2,8,0.7,100,1,0.6,0.706807316,0.997164205,3.870585072,,4.04138797,0.878014983
0.1,4,0.7,200,5,0.8,1.743069594,0.982863428,3.649478919,,4.04206083,0.877974361
0.1,3,0.9,200,1,0.8,1.589387586,0.985743401,3.710185185,,4.04246204,0.877950135
0.4,3,0.8,400,10,1,0.486313056,0.998664903,3.26915779,,4.044136602,0.877848998
0.4,7,0.7,200,1,0.8,0.112936394,0.999926012,4.012669345,,4.04419596,0.877845412
0.2,3,0.9,100,3,1,1.730553761,0.983107955,3.747114948,,4.044740048,0.877812542
0.2,4,0.7,100,1,1,0.746969976,0.996839098,3.576546931,,4.044778636,0.87781021
0.1,4,0.6,200,3,1,1.238579908,0.991340824,3.397904545,,4.046139345,0.877727984
0.4,7,0.7,300,1,0.8,0.115221215,0.999922896,4.011569061,,4.046732304,0.877692144
0.4,7,0.7,400,1,0.8,0.114960693,0.999923234,4.027964402,,4.049211323,0.877542247
0.1,5,0.6,100,1,1,1.176104312,0.992187605,3.722246656,,4.050018827,0.877493401
0.3,3,0.9,200,1,0.6,0.885832925,0.99556142,3.588767989,,4.050165687,0.877484516
0.4,3,0.8,100,10,0.6,2.144821746,0.974031404,3.800138926,,4.052032486,0.87737155
0.4,4,0.9,100,10,1,0.931725883,0.995093589,3.41943115,,4.054165258,0.877242426
0.4,8,0.7,100,1,0.6,0.298264063,0.999495895,3.738461962,,4.054504265,0.877221896
0.1,3,0.6,400,5,0.6,1.790134507,0.98192088,3.581242783,,4.05517838,0.877181065
0.1,7,0.7,100,1,0.6,1.389993644,0.989093007,3.887676433,,4.055292955,0.877174125
0.1,3,0.7,400,5,0.6,1.697617259,0.983745451,3.480914227,,4.056314575,0.877112232
0.1,4,0.7,300,3,0.8,1.006692226,0.994278576,3.512740936,,4.056368289,0.877108977
0.2,3,0.6,200,5,0.8,1.678955396,0.984102004,3.561822416,,4.056481167,0.877102138
0.3,3,0.8,200,1,0.8,0.728170111,0.996999659,3.67890093,,4.057295576,0.877052785
0.3,3,0.6,200,10,0.8,1.693762364,0.983817817,3.55388778,,4.057694625,0.877028599
0.4,4,0.9,100,3,0.8,0.716088347,0.997088899,3.835630199,,4.058325404,0.876990364
0.1,3,0.6,200,1,0.8,1.729276177,0.983132664,3.508002948,,4.058769725,0.876963427
0.1,4,0.7,200,10,0.6,2.658383396,0.960142348,4.112509638,,4.058787302,0.876962362
0.3,3,0.7,100,1,0.6,1.498357072,0.987313971,3.738586298,,4.058952242,0.876952361
0.3,4,0.7,100,10,1,1.450758094,0.988117454,3.412900393,,4.06017153,0.876878425
0.3,3,0.9,100,1,1,0.991671336,0.994447006,3.42547272,,4.060960171,0.87683059
0.3,3,0.8,400,1,0.6,0.498583694,0.998593588,3.610172315,,4.061118665,0.876820976
0.01,8,0.8,400,1,1,1.667641722,0.984315377,4.339923442,,4.062210416,0.876754738
0.1,4,0.7,300,1,1,0.431376779,0.998947232,3.491882024,,4.062301316,0.876749222
0.1,8,0.7,100,10,0.8,3.271816732,0.939635267,4.57582947,,4.062371117,0.876744987
0.4,3,0.6,200,1,1,0.465910774,0.998767322,3.574426702,,4.062566721,0.876733117
0.1,3,0.8,400,10,0.8,1.862619799,0.980437379,3.65566913,,4.062692513,0.876725483
0.1,8,0.6,100,5,0.6,2.924034332,0.951781391,4.391740921,,4.065909057,0.876530206
0.3,8,0.9,200,3,0.6,0.187571921,0.999800923,3.802026695,,4.066383393,0.876501396
0.3,3,0.7,200,10,0.6,1.779349741,0.982135247,3.668090039,,4.066490046,0.876494918
0.2,3,0.9,200,10,1,1.569280664,0.986109812,3.616067553,,4.067053066,0.876460716
0.1,4,0.9,100,1,1,1.434020774,0.988397343,3.963412,,4.067357664,0.876442211
0.1,3,0.7,300,3,0.8,1.574429189,0.986017183,3.551012913,,4.067386911,0.876440434
0.01,8,0.9,400,1,1,1.459258677,0.987988107,4.430826339,,4.068078654,0.876398403
0.4,7,0.7,100,1,0.8,0.148220366,0.999875413,3.994353811,,4.068107346,0.876396659
0.2,5,0.6,100,3,0.6,1.656543905,0.984509931,3.671574962,,4.068230529,0.876389174
0.1,3,0.9,300,5,1,1.495391361,0.987387235,3.662753385,,4.069013657,0.876341579
0.2,4,0.7,100,5,0.6,2.045968038,0.976378485,3.918570834,,4.070298178,0.876263493
0.2,3,0.6,300,10,0.6,1.807028593,0.981575652,3.515902264,,4.070318385,0.876262264
0.1,4,0.8,100,1,0.8,1.742178911,0.982878049,3.932227173,,4.071087911,0.876215473
0.1,3,0.9,300,3,0.6,1.630890644,0.98499793,3.713671898,,4.071590777,0.876184891
0.1,3,0.9,200,1,1,1.401569757,0.988915053,3.57824019,,4.071897753,0.87616622
0.2,3,0.7,100,1,0.6,1.908069934,0.979430433,3.783886295,,4.072786037,0.876112186
0.1,3,0.9,400,10,0.6,1.987439565,0.977725479,3.772921703,,4.072860144,0.876107677
0.3,3,0.9,100,5,0.6,1.987132959,0.977710403,3.868408331,,4.073263987,0.876083107
0.3,3,0.6,200,1,0.6,1.084712328,0.993343001,3.544877242,,4.073392549,0.876075285
0.1,7,0.8,100,3,0.6,1.900604295,0.979630041,3.97201345,,4.074118644,0.876031101
0.1,4,0.9,200,1,0.6,1.072511053,0.993504756,3.735828001,,4.074711922,0.875994993
0.4,3,0.6,300,1,1,0.273009901,0.999576316,3.599635805,,4.075086177,0.875972213
0.3,8,0.9,300,3,0.6,0.119253617,0.99991857,3.843299269,,4.076924184,0.875860306
0.2,4,0.6,100,5,0.6,2.279446421,0.970696072,3.795040511,,4.078020095,0.875793557
0.2,8,0.6,400,1,1,0.115482657,0.999922542,3.821768683,,4.078262641,0.875778782
0.2,8,0.6,300,1,1,0.114339302,0.999924075,3.81335075,,4.079194451,0.875722011
0.1,5,0.7,100,10,0.8,3.416704568,0.934171644,4.602050765,,4.079609382,0.875696727
0.3,8,0.9,400,3,0.6,0.114000143,0.999925049,3.851170982,,4.079929111,0.875677242
0.3,8,0.6,400,1,0.8,0.116547026,0.999921116,3.804668884,,4.08043938,0.875646143
0.1,5,0.9,100,3,0.8,1.783745942,0.982050021,3.825846697,,4.080902449,0.875617916
0.3,3,0.7,300,10,1,0.941788026,0.994994531,3.159854796,,4.081162173,0.875602084
0.2,8,0.6,200,1,1,0.113243512,0.99992576,3.81277234,,4.081200311,0.875599759
0.1,8,0.6,100,10,0.8,3.675336,0.923817319,4.751227255,,4.081514808,0.875580585
0.2,5,0.6,100,1,0.8,0.885405692,0.995573337,3.504854914,,4.08165388,0.875572106
0.4,3,0.7,300,10,1,0.740058674,0.99690449,3.173139785,,4.082113544,0.875544079
0.1,3,0.8,400,10,1,1.609215335,0.985393483,3.5330581,,4.082628887,0.875512654
0.2,4,0.6,400,1,0.8,0.250922639,0.999643431,3.584325796,,4.083576414,0.875454863
0.4,4,0.7,200,10,1,0.572300224,0.998148251,3.206115299,,4.08375273,0.875444108
0.4,5,0.8,100,1,0.8,0.210313066,0.999746785,3.773614737,,4.084290381,0.875411309
0.2,5,0.6,100,5,0.6,2.007083875,0.977273643,3.773355813,,4.084400146,0.875404612
0.1,6,0.7,100,10,0.8,3.31670811,0.937966572,4.594484973,,4.085444306,0.875340899
0.2,3,0.6,200,3,1,1.188301794,0.992030576,3.367747315,,4.08549741,0.875337658
0.4,6,0.6,200,1,0.8,0.122357985,0.999914324,3.776945225,,4.085791159,0.875319731
0.4,6,0.6,400,1,0.8,0.117169433,0.999920272,3.825953893,,4.085904349,0.875312823
0.1,3,0.6,400,3,0.6,1.568041955,0.9861247,3.446542643,,4.086932614,0.875250057
0.2,4,0.7,400,1,1,0.130442791,0.999902759,3.62451168,,4.087230343,0.875231881
0.01,6,0.9,400,1,1,2.076468666,0.975665003,4.437054935,,4.087535671,0.875213239
0.1,4,0.9,200,10,1,1.78292776,0.982069768,3.799133749,,4.08797022,0.875186705
0.1,3,0.9,200,3,0.8,2.009397618,0.977224723,3.976384232,,4.089344893,0.875102748
0.2,6,0.6,100,10,0.6,2.634189886,0.960866194,4.144687254,,4.089678076,0.875082395
0.3,8,0.6,200,1,0.8,0.120547981,0.999916934,3.775919675,,4.090238214,0.875048175
0.1,7,0.7,100,5,1,1.763331685,0.982451554,3.973472406,,4.090462851,0.87503445
0.4,4,0.7,100,10,0.6,1.784439218,0.982025523,3.641066434,,4.091366213,0.874979247
0.1,8,0.7,100,1,0.8,0.911304533,0.995309548,3.616194387,,4.092123133,0.874932984
0.1,4,0.6,100,1,0.8,1.977442037,0.977944871,3.865135765,,4.092552528,0.874906736
0.3,8,0.6,300,1,0.8,0.115022084,0.999923299,3.78566076,,4.092566739,0.874905867
0.3,3,0.8,100,3,0.6,1.757430843,0.982550029,3.767124511,,4.094128573,0.87481037
0.3,3,0.8,100,5,0.6,2.014913748,0.977071237,3.799465341,,4.095224,0.87474337
0.4,3,0.7,200,10,0.6,1.575251723,0.985995795,3.656821036,,4.095500672,0.874726444
0.1,3,0.9,400,10,0.8,1.84473538,0.980809177,3.693352005,,4.097686758,0.874592672
0.4,3,0.8,100,3,0.8,1.287618498,0.990624773,3.412157162,,4.098101921,0.874567259
0.2,4,0.7,400,5,1,0.29023313,0.999523732,3.301161501,,4.098721248,0.874529344
0.4,5,0.8,400,1,0.8,0.113563454,0.999925117,3.792114574,,4.099379667,0.87448903
0.3,3,0.8,200,1,0.6,0.908352245,0.995327065,3.601892226,,4.099656185,0.874472097
0.1,8,0.8,100,3,0.6,1.853852358,0.980620694,4.034141345,,4.099738368,0.874467064
0.4,8,0.7,200,1,0.6,0.122727932,0.999913942,3.801521868,,4.099783213,0.874464318
0.2,4,0.6,100,1,0.8,1.213184041,0.99168564,3.512095244,,4.100350083,0.8744296
0.1,3,0.6,300,3,0.6,1.813515913,0.981443931,3.536479066,,4.100380265,0.874427752
0.4,5,0.8,200,1,0.8,0.11783977,0.999919964,3.764027243,,4.100564489,0.874416468
0.1,5,0.9,100,5,1,1.7249272,0.983212584,4.014449313,,4.10084629,0.874399206
0.4,8,0.6,100,1,0.6,0.43673958,0.998902754,3.708310982,,4.101003761,0.87438956
0.1,7,0.9,100,3,0.6,1.761596797,0.982501418,4.040323393,,4.101223565,0.874376095
0.3,3,0.6,200,5,0.6,1.531313288,0.986754952,3.588041887,,4.102495315,0.874298173
0.01,7,0.8,400,1,1,1.837867757,0.980948279,4.330078248,,4.103256059,0.87425155
0.3,4,0.7,200,10,1,0.764024587,0.996700103,3.155023339,,4.103551002,0.874233472
0.1,3,0.9,200,1,0.6,1.742372427,0.982877978,3.798309461,,4.104070572,0.874201622
0.3,3,0.7,100,10,0.8,2.416376174,0.967055527,3.857344164,,4.104258598,0.874190095
0.1,3,0.6,300,5,0.6,2.072889592,0.975755749,3.723572679,,4.105472106,0.874115687
0.1,7,0.9,400,1,0.6,0.156330501,0.99986152,3.859709101,,4.105517715,0.874112891
0.4,5,0.8,300,1,0.8,0.116899025,0.99992067,3.769171732,,4.105551283,0.874110832
0.01,6,0.8,400,1,0.8,2.514544425,0.964344202,4.382218717,,4.105980147,0.87408453
0.1,7,0.6,100,3,0.6,2.367971506,0.968362422,4.137980463,,4.1072052,0.874009383
0.1,7,0.6,100,5,0.6,2.939945602,0.951256509,4.396847935,,4.107253004,0.87400645
0.4,8,0.7,300,1,0.6,0.114989443,0.999923328,3.803601414,,4.107559623,0.873987638
0.3,3,0.7,200,3,0.8,1.06837209,0.993552839,3.848725456,,4.107864578,0.873968926
0.3,6,0.6,300,1,0.6,0.156043402,0.999861614,3.729352747,,4.108295473,0.873942485
0.2,3,0.8,100,5,0.8,2.364389181,0.96846637,3.949022028,,4.108999412,0.873899282
0.2,4,0.8,100,10,0.8,2.294984102,0.970293366,3.992922532,,4.109002448,0.873899096
0.2,4,0.8,100,10,0.6,2.46154789,0.96582272,4.064929502,,4.109035561,0.873897063
0.3,6,0.6,200,1,0.6,0.306318941,0.999463687,3.693982533,,4.109514981,0.873867636
0.1,8,0.8,100,10,1,2.44242262,0.966358562,4.224602834,,4.109642212,0.873859825
0.1,3,0.9,300,5,0.6,1.87157829,0.980247581,3.724505374,,4.109648258,0.873859454
0.4,6,0.6,300,1,0.8,0.116772186,0.999920939,3.798837658,,4.110215687,0.873824619
0.1,4,0.8,200,10,1,1.84013842,0.980903593,3.743590985,,4.110506082,0.873806789
0.1,4,0.8,100,1,1,1.449895349,0.988136717,3.827625172,,4.111211074,0.873763499
0.1,7,0.9,300,1,0.6,0.211039608,0.999747797,3.847651356,,4.112423174,0.873689051
0.1,7,0.7,100,3,0.6,2.100324774,0.975111998,4.078581238,,4.112579174,0.873679468
0.2,4,0.7,300,1,1,0.160332195,0.999854237,3.593341162,,4.112719396,0.873670854
0.1,5,0.6,100,1,0.6,1.920549485,0.979190675,4.074926662,,4.113022909,0.873652208
0.01,7,0.8,400,1,0.8,2.304232315,0.970059559,4.318401697,,4.114018688,0.873591022
0.1,7,0.8,100,10,1,2.468555296,0.965636264,4.251448909,,4.114028999,0.873590388
0.4,8,0.7,400,1,0.6,0.114932636,0.99992331,3.811632866,,4.115073138,0.873526214
0.1,6,0.8,100,10,1,2.544051159,0.96350123,4.262819423,,4.115981636,0.873470364
0.1,6,0.9,100,10,0.8,2.824851827,0.954992186,4.42296236,,4.116142071,0.8734605
0.2,3,0.6,100,1,0.8,1.804160931,0.981601349,3.766352582,,4.116468027,0.873440458
0.4,3,0.6,100,1,1,0.925413645,0.995140508,3.635465106,,4.117337235,0.873387005
0.1,4,0.7,200,10,1,1.974097162,0.97801935,3.715073698,,4.117398074,0.873383264
0.3,8,0.6,100,1,0.8,0.315689616,0.999430272,3.716970643,,4.11759884,0.873370916
0.1,5,0.8,100,10,0.8,3.190508624,0.942592011,4.553717216,,4.119574079,0.873249397
0.3,6,0.6,400,1,0.6,0.134406589,0.99989687,3.736446533,,4.119719308,0.87324046
0.2,5,0.9,100,1,0.6,0.731042023,0.996980744,3.909729038,,4.120057924,0.873219621
0.1,7,0.9,100,10,0.8,2.753553891,0.957233219,4.428317775,,4.120385827,0.87319944
0.4,3,0.8,300,10,1,0.657273497,0.997561634,3.262736365,,4.12083525,0.873171778
0.4,3,0.7,400,1,0.6,0.440222089,0.998891129,3.685109025,,4.121070725,0.873157283
0.3,3,0.8,300,1,0.6,0.611842594,0.997881012,3.599793467,,4.121954967,0.873102845
0.1,3,0.7,300,3,0.6,1.711020028,0.983489807,3.547690776,,4.122149088,0.873090892
0.2,4,0.7,200,1,1,0.283842409,0.999542428,3.595982445,,4.123709122,0.872994816
0.1,5,0.7,100,5,1,2.060860143,0.976038012,3.915373988,,4.124053497,0.872973603
0.2,6,0.7,200,1,0.6,0.347879949,0.99931274,3.883497116,,4.125173506,0.872904598
0.3,3,0.6,300,1,0.6,0.783123761,0.996519028,3.536219444,,4.126478279,0.872824185
0.1,3,0.8,300,5,0.6,1.888288151,0.979890285,3.663317969,,4.126885446,0.872799087
0.2,4,0.7,100,5,0.8,1.849775554,0.980678609,3.794763373,,4.127132312,0.872783868
0.2,3,0.9,200,10,0.8,1.887531295,0.979902188,3.754883168,,4.12805496,0.872726982
0.1,6,0.8,100,3,0.6,2.009604315,0.977228217,4.072714518,,4.128940171,0.872672392
0.2,8,0.6,100,10,0.6,2.599698369,0.961889337,4.208474495,,4.129179589,0.872657625
0.3,3,0.6,200,10,0.6,1.894129173,0.979758142,3.759943907,,4.129315767,0.872649226
0.4,3,0.6,200,3,1,0.683027848,0.997355083,3.531546221,,4.129856646,0.872615861
0.1,4,0.6,100,3,0.8,2.597935018,0.961932721,4.107055035,,4.129861617,0.872615555
0.3,3,0.6,100,1,1,1.155086007,0.992452989,3.618367767,,4.130264579,0.872590695
0.3,5,0.9,100,3,0.6,0.798454293,0.99639775,3.766236893,,4.130623234,0.872568567
0.4,3,0.7,300,1,0.6,0.541985155,0.998323575,3.632734744,,4.131932991,0.872487741
0.3,3,0.8,100,5,0.8,1.848582338,0.980717696,3.779546431,,4.132060213,0.872479888
0.2,3,0.6,200,3,0.6,1.628877553,0.985027869,3.734941978,,4.132354336,0.872461734
0.2,8,0.6,100,1,1,0.16589926,0.999844222,3.814826733,,4.132714636,0.872439493
0.4,3,0.6,100,10,1,1.824758927,0.981204647,3.717816517,,4.132975995,0.872423358
0.1,5,0.7,100,1,0.6,1.687243086,0.983931819,4.043953479,,4.134180999,0.872348955
0.1,4,0.6,200,1,0.6,1.408040504,0.988814931,3.625234931,,4.134226523,0.872346144
0.01,6,0.8,400,1,1,2.175510658,0.973308963,4.361043551,,4.134424285,0.872333931
0.1,3,0.7,400,1,1,0.843808041,0.995980353,3.413696421,,4.134713408,0.872316075
0.2,4,0.9,100,5,0.6,1.826414968,0.981172078,3.878558245,,4.135564683,0.872263493
0.4,4,0.9,200,1,0.6,0.254927719,0.999631525,3.81639085,,4.135977815,0.87223797
0.2,6,0.7,400,1,0.6,0.140997897,0.999886903,4.000082634,,4.138862969,0.872059661
0.3,3,0.8,100,1,0.6,1.388811071,0.989101404,3.642469339,,4.140055838,0.871985903
0.1,3,0.9,400,10,1,1.615419114,0.985281975,3.598389849,,4.140349629,0.871967734
0.2,7,0.6,100,10,0.6,2.607075261,0.961667262,4.173988265,,4.140565779,0.871954365
0.1,5,0.9,200,1,0.6,0.69943004,0.997236723,3.769442328,,4.141197815,0.871915271
0.1,3,0.8,200,3,0.8,2.036596749,0.976612275,3.820156375,,4.141367493,0.871904775
0.1,4,0.7,100,1,0.8,1.878301453,0.980086443,3.822840644,,4.142194979,0.87185358
0.3,3,0.8,100,1,1,0.988303342,0.994476378,3.57087283,,4.142658503,0.871824899
0.2,6,0.7,300,1,0.6,0.174166351,0.999827921,3.975410425,,4.142865815,0.87181207
0.1,5,0.7,100,3,0.6,2.328705902,0.969407685,4.166655476,,4.143284734,0.871786144
0.4,4,0.6,200,3,1,0.264260118,0.999603026,3.569103391,,4.143288512,0.871785911
0.4,3,0.8,200,10,1,0.957055203,0.994830939,3.26083446,,4.143682414,0.871761531
0.1,5,0.8,100,3,0.6,2.195163536,0.972829004,4.141791015,,4.143940196,0.871745575
0.4,4,0.7,100,5,0.6,1.37689826,0.989257996,3.676242145,,4.144409028,0.871716552
0.1,7,0.9,100,5,0.6,2.258430523,0.971238487,4.216212987,,4.144463246,0.871713196
0.1,3,0.7,400,10,0.6,2.130047286,0.97441579,3.754386544,,4.144562527,0.87170705
0.1,3,0.8,400,5,1,1.223504598,0.991556482,3.32864657,,4.145700628,0.871636581
0.3,3,0.6,100,5,0.8,2.068598215,0.975848701,3.811301661,,4.14585534,0.871627
0.2,5,0.7,100,3,0.6,1.429756902,0.988444192,3.704046822,,4.145951708,0.871621032
0.1,6,0.7,100,3,0.6,2.175093012,0.973312015,4.125547989,,4.146048927,0.871615011
0.1,8,0.7,100,5,0.6,2.61982954,0.961288856,4.242499966,,4.146428822,0.871591483
0.3,3,0.6,400,3,1,0.438082456,0.998909779,3.546349153,,4.147619645,0.871517717
0.4,3,0.8,100,5,0.8,1.540356494,0.986603005,3.651354949,,4.148531395,0.871461223
0.1,3,0.8,200,3,1,1.75227527,0.982682028,3.693858868,,4.148611845,0.871456238
0.4,3,0.6,100,5,0.6,1.983802399,0.977758818,3.614137437,,4.1486823,0.871451872
0.4,3,0.7,200,1,0.6,0.80701744,0.996300342,3.612610824,,4.148742991,0.871448111
0.2,3,0.6,200,10,0.6,2.316314003,0.969738137,3.836196269,,4.149397177,0.871407566
0.2,3,0.7,200,3,1,1.118867755,0.992932163,3.418719218,,4.150229773,0.871355956
0.1,3,0.7,300,3,1,1.351650322,0.989692363,3.514596917,,4.150318806,0.871350436
0.1,3,0.6,400,3,1,1.146730721,0.992581021,3.415523461,,4.151880426,0.871253606
0.01,8,0.8,400,1,0.8,2.19645026,0.97279606,4.329249418,,4.152229691,0.871231944
0.1,5,0.8,100,1,0.6,1.532339807,0.986750867,3.894873268,,4.154044349,0.871119368
0.4,3,0.9,100,10,0.6,2.101351294,0.975067906,3.97643401,,4.155272678,0.871043138
0.1,4,0.6,100,5,0.8,3.053252402,0.947432974,4.39185975,,4.155653952,0.871019471
0.2,4,0.7,300,5,1,0.443239369,0.998889501,3.25139658,,4.156187606,0.870986343
0.4,4,0.9,400,1,0.6,0.130376137,0.999903217,3.875157906,,4.158478605,0.870844072
0.1,7,0.6,100,10,0.8,3.680162364,0.923616362,4.751276106,,4.158489317,0.870843407
0.1,8,0.9,100,10,0.8,2.730734895,0.957940581,4.409447798,,4.158490862,0.870843311
0.2,3,0.9,200,5,1,1.185500848,0.992070193,3.452758452,,4.158886022,0.870818763
0.4,4,0.9,300,1,0.6,0.148625899,0.999874707,3.86373693,,4.16397873,0.870502195
0.01,8,0.7,400,1,0.8,2.399988175,0.967522579,4.31427692,,4.164480088,0.87047101
0.1,3,0.8,200,3,0.6,2.187017478,0.973024628,3.837273234,,4.164509662,0.87046917
0.4,3,0.7,100,5,0.6,1.847348901,0.980709279,3.751730898,,4.166169771,0.870365879
0.1,6,0.6,100,10,0.8,3.699510636,0.922811853,4.760624278,,4.166724478,0.870331356
0.1,5,0.6,100,10,0.8,3.771537238,0.919788481,4.748359373,,4.170470019,0.870098129
0.2,3,0.7,200,3,0.8,1.377683005,0.989289836,3.642106,,4.171556325,0.870030447
0.2,3,0.8,200,5,1,1.219373071,0.991613127,3.407358462,,4.17161527,0.870026774
0.4,6,0.6,100,1,0.8,0.269822334,0.999583716,3.686866248,,4.172124604,0.869995034
0.01,7,0.7,400,1,0.8,2.484407416,0.965196926,4.319442703,,4.172585268,0.869966324
0.3,3,0.7,200,1,0.8,0.796647787,0.996413445,3.74330356,,4.172914072,0.869945829
0.3,6,0.6,400,1,0.8,0.117116533,0.999920445,3.778069023,,4.175026272,0.869814137
0.1,7,0.9,200,1,0.6,0.4459313,0.998876508,3.830866656,,4.175950789,0.869756474
0.2,3,0.7,200,5,0.6,1.770083698,0.982325459,3.60881769,,4.177197904,0.86967867
0.3,3,0.6,200,3,1,0.88362326,0.995577289,3.454942279,,4.177253123,0.869675224
0.01,8,0.7,400,1,1,1.86983626,0.980284263,4.345809098,,4.177332653,0.869670262
0.1,3,0.6,400,5,0.8,1.592917504,0.985685898,3.449106901,,4.177480606,0.86966103
0.3,3,0.6,300,3,1,0.60821226,0.997902077,3.500767585,,4.178308415,0.869609369
0.3,4,0.6,100,3,0.6,1.559811002,0.986258168,3.848672046,,4.178823414,0.869577224
0.1,6,0.7,100,1,0.6,1.497678833,0.987340611,3.90228387,,4.179297759,0.869547613
0.1,3,0.6,400,1,0.6,1.286892669,0.990652064,3.592607668,,4.181193687,0.869429228
0.3,3,0.7,200,1,1,0.569682807,0.998160263,3.714393285,,4.183367547,0.869293421
0.1,7,0.7,100,5,0.6,2.640533493,0.960674916,4.253459912,,4.183765863,0.86926853
0.1,8,0.9,100,3,0.6,1.702545246,0.9836553,4.010828969,,4.183990688,0.869254479
0.2,4,0.9,100,10,0.6,2.346394865,0.968940505,3.976686415,,4.184042999,0.86925121
0.01,6,0.7,400,1,0.8,2.670793186,0.959780796,4.36762849,,4.184443782,0.86922616
0.1,3,0.8,300,1,0.6,1.331471454,0.9899972,3.519600302,,4.185803336,0.869141168
0.4,4,0.7,100,1,1,0.287501119,0.999529269,3.421412021,,4.185886848,0.869135946
0.2,3,0.9,100,3,0.8,2.049207409,0.976313676,4.030820663,,4.185937043,0.869132808
0.4,3,0.6,100,3,0.6,1.746570778,0.982757702,3.681793069,,4.18858426,0.868967232
0.1,3,0.7,300,5,1,1.567441282,0.986143093,3.54282813,,4.189553993,0.868906553
0.4,3,0.6,300,3,1,0.449515433,0.998852905,3.549408342,,4.18984858,0.868888116
0.2,3,0.7,400,1,1,0.390187529,0.999138108,3.494178804,,4.190197015,0.868866308
0.1,3,0.7,400,10,1,1.6628886,0.984404419,3.504095794,,4.190215176,0.868865172
0.1,5,0.6,100,5,0.6,3.088342317,0.946215194,4.49062162,,4.190534674,0.868845173
0.3,6,0.6,300,1,0.8,0.117717631,0.999920018,3.756389871,,4.192245295,0.868738074
0.1,3,0.6,200,5,0.6,2.660158033,0.960084707,4.048571185,,4.192803993,0.868703085
0.1,6,0.8,100,5,0.6,2.484326237,0.965196007,4.238446976,,4.193009648,0.868690205
0.2,7,0.7,100,3,0.6,1.227887217,0.991480117,3.81957614,,4.193541582,0.868656886
0.4,3,0.9,100,10,0.8,1.911052209,0.979383412,3.907920894,,4.193549527,0.868656388
0.2,3,0.8,100,3,0.8,2.05349372,0.976208001,4.014637397,,4.193751612,0.868643729
0.2,4,0.6,100,10,0.6,2.92464748,0.951766463,4.301142621,,4.19468257,0.868585404
0.4,4,0.6,400,3,1,0.129552657,0.99990401,3.627592398,,4.195728669,0.86851985
0.1,5,0.9,100,10,0.8,2.961422053,0.950537145,4.441090737,,4.196149844,0.868493452
0.4,3,0.7,200,10,1,1.047691346,0.993797759,3.18762975,,4.197787081,0.868390811
0.2,6,0.7,100,1,0.6,0.81331812,0.996254351,3.84408655,,4.199383056,0.868290717
0.1,4,0.7,200,3,0.8,1.449063495,0.988152534,3.600397143,,4.199571856,0.868278874
0.4,3,0.8,100,10,1,1.622587954,0.985149722,3.383513461,,4.199693819,0.868271223
0.2,3,0.7,100,3,1,1.822548162,0.981260669,3.552712013,,4.199839211,0.868262102
0.2,4,0.8,100,5,1,1.329723444,0.990009969,3.441471025,,4.200781497,0.868202982
0.1,3,0.9,200,5,0.8,2.312119072,0.969854965,4.010813319,,4.201512463,0.86815711
0.2,3,0.7,200,10,0.6,2.190531897,0.972929624,3.877778564,,4.201714882,0.868144406
0.4,3,0.6,400,10,1,0.661530499,0.997521728,3.430804288,,4.202799463,0.868076326
0.1,4,0.7,200,1,1,0.754081291,0.996787587,3.528290241,,4.203008202,0.868063221
0.1,3,0.7,400,5,0.8,1.525641238,0.98687397,3.533659265,,4.204397155,0.867976006
0.4,4,0.6,300,3,1,0.157870207,0.999858543,3.592541137,,4.205928962,0.867879786
0.2,3,0.8,100,3,1,1.768888725,0.982349562,3.635921995,,4.206076569,0.867870513
0.1,5,0.8,100,5,0.6,2.647208192,0.960481393,4.315962609,,4.206473115,0.867845597
0.1,3,0.7,400,10,0.8,1.92889839,0.979020649,3.691043899,,4.206725565,0.867829734
0.4,4,0.6,100,3,1,0.628746993,0.997760209,3.569985951,,4.207205717,0.867799561
0.4,3,0.9,100,10,1,1.536539917,0.986668146,3.447541946,,4.208587941,0.867712681
0.01,6,0.6,400,1,0.8,2.869063711,0.953591759,4.39338831,,4.208894667,0.867693398
0.3,3,0.7,100,3,0.6,1.86769629,0.980280489,3.796117422,,4.209867062,0.867632257
0.3,6,0.6,200,1,0.8,0.145776277,0.99987902,3.736519937,,4.210344399,0.867602238
0.1,6,0.7,100,10,1,2.837903685,0.954584791,4.331512321,,4.21040825,0.867598222
0.1,6,0.9,100,3,0.6,1.892051451,0.979814293,4.080168487,,4.210617568,0.867585057
0.1,8,0.7,100,3,0.6,2.065249189,0.975934159,4.039322159,,4.211006096,0.867560619
0.4,3,0.6,400,3,1,0.309019668,0.999456999,3.549393078,,4.211902566,0.867504224
0.01,7,0.7,400,1,1,2.009886566,0.977221537,4.349410838,,4.212498463,0.867466731
0.3,3,0.8,100,5,1,1.519657493,0.986968114,3.484152247,,4.212585722,0.86746124
0.3,3,0.7,400,3,1,0.361975524,0.999258861,3.650887258,,4.212649136,0.867457249
0.2,3,0.7,200,5,1,1.315190126,0.990238905,3.379245446,,4.213607987,0.867396906
0.3,3,0.7,200,10,1,1.293817078,0.990556046,3.165834043,,4.213810938,0.867384132
0.1,5,0.7,100,5,0.6,2.834797745,0.954684748,4.377234051,,4.213855117,0.867381351
0.4,4,0.7,100,1,0.8,0.5716718,0.998141951,3.81507697,,4.216304664,0.867227122
0.2,4,0.7,100,3,0.8,1.521568755,0.986917246,3.807160754,,4.216696852,0.86720242
0.3,3,0.9,100,1,0.8,1.234636086,0.991382036,3.520320291,,4.218070832,0.867115864
0.1,3,0.7,200,1,0.6,1.84468977,0.980806501,3.709353446,,4.218865225,0.867065807
0.01,7,0.9,400,1,0.8,2.161424783,0.973654847,4.324489138,,4.219072369,0.867052752
0.1,4,0.7,100,3,1,2.082147337,0.975551159,3.902129715,,4.219086076,0.867051889
0.01,6,0.9,400,1,0.8,2.404532403,0.967395842,4.406189279,,4.219264466,0.867040646
0.3,3,0.7,100,10,1,2.099559916,0.975139955,3.542747541,,4.219610439,0.86701884
0.3,8,0.9,100,3,0.6,0.525882025,0.998437665,3.776999031,,4.21978786,0.867007657
0.1,4,0.9,100,5,0.8,2.680959112,0.959467834,4.271392672,,4.219836157,0.867004613
0.2,4,0.9,100,10,1,1.769171424,0.982342751,3.790022872,,4.220292952,0.866975818
0.4,3,0.6,100,3,1,1.200839684,0.991838856,3.499786315,,4.220586171,0.866957332
0.1,6,0.7,100,5,0.6,2.698853636,0.958925443,4.290473007,,4.222028949,0.866866357
0.4,3,0.7,100,1,0.6,1.282645565,0.990689671,3.528085641,,4.222551101,0.866833425
0.4,4,0.7,400,1,1,0.119192931,0.999917517,3.492337742,,4.223029467,0.866803251
0.4,3,0.6,200,10,1,1.151116878,0.992507919,3.39876087,,4.224182194,0.866730526
0.4,3,0.9,100,3,0.6,1.483705707,0.987561345,3.538979647,,4.224942546,0.866682545
0.3,3,0.7,100,1,1,1.083012484,0.993358866,3.604843791,,4.225003415,0.866678703
0.3,4,0.6,100,10,0.6,2.352592978,0.968783419,3.878605932,,4.225913204,0.86662128
0.2,3,0.7,100,5,0.8,2.431132205,0.966661491,4.09756096,,4.226388428,0.86659128
0.4,3,0.7,100,10,0.6,2.285384342,0.970531452,3.907720241,,4.227055417,0.866549169
0.3,6,0.6,100,1,0.6,0.699333424,0.997216986,3.623351547,,4.227201579,0.86653994
0.1,3,0.6,400,3,0.8,1.384117346,0.989188672,3.44013313,,4.228564932,0.866453839
0.1,4,0.8,100,1,0.6,1.919907611,0.979203743,3.959069524,,4.230131492,0.866354871
0.3,7,0.6,400,1,1,0.115616852,0.999922358,4.130943191,,4.231045232,0.866297128
0.2,3,0.6,100,3,1,1.905489997,0.979518521,3.625536481,,4.232253267,0.866220768
0.2,5,0.6,100,10,0.6,2.71238665,0.958511622,4.176013407,,4.232585255,0.866199779
0.1,3,0.8,300,10,0.6,2.374346082,0.968209575,3.891993549,,4.234565608,0.866074544
0.3,3,0.6,100,10,0.8,2.59092771,0.962133326,4.009839193,,4.234896718,0.8660536
0.3,7,0.6,100,1,1,0.12723185,0.999907787,4.083717321,,4.235064657,0.866042976
0.3,7,0.6,300,1,1,0.115549877,0.999922442,4.10678403,,4.235125905,0.866039101
0.1,3,0.7,400,1,0.8,1.054896157,0.99371806,3.501731483,,4.235434589,0.866019573
0.4,4,0.9,100,1,0.6,0.57432731,0.99812521,3.839950411,,4.235489145,0.866016121
0.1,3,0.8,300,10,1,1.982096783,0.97784544,3.77145948,,4.235744005,0.865999996
0.4,3,0.7,100,10,1,1.714367049,0.983410062,3.541999311,,4.236015051,0.865982846
0.1,3,0.6,400,10,0.6,2.247715921,0.971508052,3.766927682,,4.236531318,0.865950177
0.1,4,0.8,100,3,0.6,2.528294974,0.963945323,4.198138136,,4.236563712,0.865948127
0.3,3,0.7,300,3,1,0.515835938,0.998495425,3.590521381,,4.236895973,0.8659271
0.3,7,0.6,200,1,1,0.112844187,0.999926069,4.108887807,,4.23702364,0.86591902
0.1,8,0.7,100,1,0.6,1.339929125,0.989863745,3.895032601,,4.238771609,0.865808368
0.3,4,0.7,400,1,0.6,0.230485706,0.999697249,3.706602369,,4.239918865,0.865735718
0.01,8,0.6,400,1,0.8,2.658674428,0.960145263,4.340365498,,4.240151315,0.865720996
0.2,4,0.6,100,3,0.6,1.946478758,0.978624334,3.751430181,,4.240651385,0.865689321
0.1,3,0.6,400,10,0.8,2.047130095,0.976367163,3.641128761,,4.241304828,0.865647926
0.3,4,0.7,300,1,0.6,0.29125016,0.999515559,3.697853168,,4.241495196,0.865635865
0.1,5,0.9,100,3,0.6,2.068888406,0.975862122,4.146130619,,4.243593932,0.865502863
0.4,3,0.6,100,10,0.6,2.461195007,0.965823009,3.928398315,,4.243823955,0.865488282
0.2,3,0.7,200,10,0.8,1.992819262,0.977605357,3.826827138,,4.244434471,0.865449577
0.1,3,0.9,300,10,0.6,2.310368057,0.969900106,3.9414339,,4.244519005,0.865444218
0.1,3,0.8,200,5,0.8,2.3349132,0.969258642,3.895882213,,4.244997778,0.865413861
0.2,4,0.7,100,5,1,1.451118104,0.988116969,3.571446549,,4.246748283,0.865302839
0.4,3,0.9,400,1,0.6,0.356489291,0.99927905,3.720898032,,4.247445238,0.865258624
0.1,3,0.7,300,5,0.6,1.963713207,0.978250444,3.68140791,,4.247824804,0.865234541
0.2,3,0.9,100,1,0.6,1.760127619,0.982504744,3.890764235,,4.248032662,0.865221352
0.3,3,0.9,100,5,1,1.485038301,0.987552478,3.64302081,,4.248074218,0.865218715
0.2,4,0.6,100,10,1,2.15268122,0.973862327,3.777635619,,4.249096153,0.86515386
0.01,7,0.6,400,1,0.8,2.724061337,0.958162809,4.355011886,,4.249578571,0.865123239
0.3,6,0.6,100,1,0.8,0.414020247,0.999025036,3.640629159,,4.249932987,0.865100741
0.3,5,0.6,400,1,0.6,0.171262579,0.999832773,3.583753441,,4.250480897,0.865065955
0.1,8,0.6,100,10,1,3.15615381,0.943828473,4.477597895,,4.250824397,0.865044145
0.4,4,0.7,200,1,1,0.135177221,0.999895828,3.461698069,,4.252389347,0.864944759
0.1,7,0.6,100,10,1,3.163726311,0.943559438,4.479003583,,4.252540738,0.864935142
0.4,4,0.7,300,1,1,0.118971166,0.99991816,3.474264048,,4.252727504,0.864923278
0.2,3,0.7,300,1,1,0.560411298,0.998223765,3.410739304,,4.253273765,0.864888575
0.1,3,0.8,200,1,0.6,1.7706219,0.982314493,3.740678971,,4.253834348,0.864852957
0.1,3,0.6,200,3,0.6,2.332205355,0.969320684,3.903969743,,4.25388683,0.864849622
0.4,3,0.9,300,1,0.6,0.452161376,0.998840286,3.694654275,,4.256360851,0.864692372
0.1,3,0.6,400,1,1,0.904294415,0.995384443,3.459033527,,4.257659553,0.864609789
0.1,3,0.7,300,1,1,1.0758863,0.993464343,3.41233472,,4.257869129,0.86459646
0.1,8,0.7,100,10,1,2.785974801,0.956230911,4.322769598,,4.257931015,0.864592524
0.4,7,0.6,400,1,0.8,0.117093641,0.999920365,4.050822009,,4.258402662,0.864562524
0.2,4,0.7,200,5,1,0.735958746,0.996940525,3.297543859,,4.259237014,0.864509447
0.1,7,0.8,100,5,0.6,2.404270279,0.967405671,4.19801497,,4.262628801,0.864293568
0.1,5,0.8,100,10,0.6,3.508271637,0.930593985,4.77878617,,4.26277764,0.864284091
0.2,3,0.6,100,1,0.6,2.031196967,0.976707147,3.830131153,,4.263202924,0.86425701
0.1,8,0.8,100,5,0.6,2.371422146,0.968289876,4.209083457,,4.263757839,0.86422167
0.3,3,0.6,400,1,0.6,0.637970328,0.997688616,3.572168315,,4.265400652,0.86411702
0.3,5,0.6,100,1,0.6,0.836545914,0.996035049,3.401574277,,4.265758189,0.864094239
0.4,3,0.6,300,1,0.6,0.621569516,0.997805569,3.77780549,,4.265804081,0.864091315
0.3,3,0.8,100,10,0.6,2.479057093,0.965330806,4.132975812,,4.266291794,0.864060236
0.3,5,0.6,200,1,0.6,0.410637249,0.999039493,3.53492592,,4.267952921,0.863954356
0.4,7,0.6,200,1,0.8,0.115865466,0.999922472,4.009586669,,4.268161237,0.863941075
0.1,8,0.9,100,5,0.6,2.21323147,0.972379017,4.232589785,,4.268458122,0.863922146
0.3,5,0.6,300,1,0.6,0.21336986,0.999740698,3.539558921,,4.268526128,0.86391781
0.1,7,0.7,100,10,1,2.799035679,0.955820699,4.287243094,,4.268836011,0.863898051
0.3,3,0.7,200,3,1,0.787876948,0.996492082,3.525950634,,4.271339074,0.863738396
0.2,3,0.7,100,3,0.8,2.135515568,0.974256355,3.968605579,,4.271358421,0.863737161
0.1,4,0.6,100,5,0.6,3.374994468,0.935771971,4.678549493,,4.271362264,0.863736916
0.1,3,0.6,300,10,0.6,2.631636703,0.960942583,4.001458023,,4.273135891,0.86362373
0.4,7,0.6,300,1,0.8,0.116195643,0.999921584,4.025192311,,4.276406421,0.863414893
0.1,3,0.6,300,5,0.8,1.898064998,0.979677492,3.635908258,,4.276788376,0.863390493
0.1,3,0.6,300,3,1,1.398471113,0.988966469,3.42595935,,4.27685746,0.86338608
0.4,8,0.6,400,1,0.8,0.117088987,0.99992037,3.925560519,,4.27685929,0.863385963
0.1,3,0.6,300,1,0.6,1.487422174,0.987515444,3.648911269,,4.276928553,0.863381538
0.2,3,0.6,400,10,0.8,1.37764057,0.989292677,3.437673224,,4.27712142,0.863369216
0.1,4,0.8,100,5,0.8,2.794107825,0.95597227,4.289048161,,4.277430112,0.863349494
0.4,3,0.6,300,10,1,0.857488481,0.995841406,3.397946907,,4.277980331,0.863314336
0.1,5,0.9,100,5,0.6,2.500051038,0.964744404,4.395298328,,4.280147046,0.863175843
0.4,8,0.6,200,1,0.8,0.11424412,0.999924542,3.886906135,,4.281726073,0.863074871
0.1,3,0.7,300,10,0.8,2.305921788,0.970017757,3.850319947,,4.282978454,0.862994759
0.2,3,0.7,200,10,1,1.699690261,0.983704627,3.571325679,,4.28359509,0.862955306
0.1,3,0.8,300,10,0.8,2.224098288,0.972109136,3.829726478,,4.28460682,0.862890562
0.4,5,0.9,200,1,0.8,0.114933382,0.999923568,3.660286528,,4.284958524,0.862868052
0.1,3,0.6,300,10,0.8,2.448462895,0.96619443,3.856355887,,4.285541719,0.862830721
0.4,3,0.7,300,5,1,0.487662556,0.998653432,3.337777917,,4.285887472,0.862808587
0.1,6,0.9,100,1,0.6,1.233965163,0.991408787,4.006496919,,4.286118612,0.862793789
0.3,4,0.6,100,5,0.6,1.826384361,0.981171649,3.70042048,,4.288053503,0.862669882
0.3,3,0.7,100,5,1,1.614591714,0.985283026,3.474022955,,4.289160262,0.862598983
0.1,4,0.7,100,5,0.6,3.130820627,0.944728048,4.520708345,,4.29110805,0.862474162
0.3,3,0.6,100,1,0.6,1.643142454,0.984740298,3.720974725,,4.291713985,0.86243532
0.1,6,0.8,100,10,0.6,3.399050574,0.93484847,4.727616242,,4.291861737,0.862425847
0.1,3,0.9,300,10,0.8,2.188564439,0.972991131,3.855565447,,4.291958013,0.862419675
0.2,3,0.9,100,5,0.8,2.363452954,0.968490532,4.196158352,,4.293919755,0.862293878
0.4,8,0.6,300,1,0.8,0.116120646,0.999921682,3.900365924,,4.293943601,0.862292348
0.4,5,0.9,400,1,0.8,0.112479366,0.999926552,3.684457646,,4.294041939,0.862286041
0.4,5,0.9,300,1,0.8,0.112883324,0.999926028,3.679992856,,4.294218236,0.862274732
0.1,6,0.6,100,10,1,3.190932309,0.942581915,4.490247602,,4.294456744,0.862259433
0.2,3,0.8,100,3,0.6,2.219959147,0.972187781,4.060702758,,4.295296376,0.862205567
0.1,4,0.6,100,3,0.6,2.895978828,0.952699689,4.367551427,,4.296532932,0.862126217
0.01,6,0.7,400,1,1,2.290284176,0.970423832,4.425253708,,4.296965076,0.862098481
0.1,4,0.7,100,10,0.8,3.676440332,0.923780155,4.684561355,,4.298206906,0.862018762
0.3,3,0.9,100,10,0.8,2.311027561,0.96986581,3.954275884,,4.299042931,0.861965081
0.4,3,0.7,400,5,1,0.341389901,0.999340183,3.412809273,,4.299951176,0.86190675
0.1,3,0.8,300,5,1,1.503168649,0.987258463,3.465508575,,4.302354777,0.861752324
0.1,6,0.7,100,10,0.6,3.687895396,0.923315153,4.858092788,,4.304355445,0.861623719
0.1,3,0.9,200,5,1,2.024699455,0.976884417,3.920365412,,4.304465254,0.861616658
0.1,4,0.9,100,3,0.8,2.26427692,0.971081966,4.157983373,,4.304665243,0.861603799
0.4,4,0.7,100,1,0.6,0.784434041,0.996494124,3.678080071,,4.306496951,0.861485994
0.01,5,0.8,400,1,0.8,2.831357014,0.954796639,4.445876276,,4.306721325,0.86147156
0.1,5,0.6,100,10,1,3.293696921,0.938824056,4.462860693,,4.307207293,0.861440296
0.2,3,0.6,100,5,0.8,2.585540895,0.962291736,4.004748831,,4.307416223,0.861426853
0.1,5,0.9,100,10,0.6,3.348191011,0.936780702,4.697499378,,4.307952058,0.861392374
0.1,7,0.9,100,10,1,2.218355641,0.972242681,4.313091923,,4.310909032,0.861202029
0.3,4,0.6,400,1,1,0.124439368,0.999910682,3.85791048,,4.311483797,0.861165015
0.1,3,0.7,200,3,0.8,2.081928012,0.975545964,3.815987567,,4.312141769,0.861122637
0.3,4,0.7,400,3,1,0.136247474,0.999894333,3.749937097,,4.313128457,0.861059075
0.1,3,0.9,300,10,1,1.969844111,0.978119054,3.791634214,,4.314000386,0.861002893
0.1,3,0.6,200,3,0.8,2.139102135,0.974189325,3.813157763,,4.314107303,0.860996004
0.2,3,0.7,100,5,1,2.131362789,0.97438683,3.761770876,,4.315839291,0.860884369
0.1,4,0.8,100,3,1,1.970690823,0.978092636,3.954744203,,4.316861294,0.860818475
0.3,3,0.7,400,5,1,0.483748372,0.998677995,3.450947625,,4.317197064,0.860796823
0.01,8,0.6,400,1,1,2.13816454,0.974222979,4.258216172,,4.317298394,0.860790288
0.3,4,0.7,300,3,1,0.177697703,0.999820982,3.727744489,,4.31844568,0.860716291
0.4,3,0.7,100,5,1,1.306082883,0.990360014,3.291127814,,4.319285819,0.860662091
0.4,7,0.6,100,1,0.8,0.227437014,0.999704206,3.941126005,,4.31951615,0.86064723
0.2,3,0.8,200,10,1,1.618689834,0.985224291,3.552583737,,4.319680695,0.860636613
0.1,3,0.7,300,5,0.8,1.815926834,0.981405867,3.678696628,,4.319957151,0.860618774
0.4,5,0.9,100,1,0.8,0.183704758,0.999808038,3.666581038,,4.321341511,0.860529429
0.1,4,0.8,100,5,0.6,2.980258273,0.949910134,4.476336866,,4.321372257,0.860527444
0.1,3,0.6,300,3,0.8,1.646399091,0.984707788,3.515193819,,4.32203051,0.86048495
0.3,4,0.7,200,1,0.6,0.50733114,0.99853081,3.715186729,,4.322294264,0.860467922
0.3,4,0.7,200,3,1,0.310670555,0.99945199,3.707656243,,4.322571602,0.860450015
0.1,6,0.9,100,5,0.6,2.342816137,0.969045358,4.286536587,,4.322674022,0.860443402
0.3,3,0.7,100,3,1,1.371479184,0.989375698,3.580468096,,4.323896049,0.860364485
0.3,4,0.7,100,5,0.6,1.603410958,0.985474631,3.683270833,,4.324588946,0.860319729
0.1,3,0.7,300,10,1,2.063406258,0.975989353,3.723570083,,4.326083216,0.860223185
0.2,3,0.6,100,3,0.8,2.272115507,0.970860583,3.887272958,,4.326382484,0.860203846
0.3,3,0.7,300,5,1,0.658258973,0.997551939,3.382644246,,4.326974168,0.860165606
0.3,3,0.7,100,1,0.8,1.338246116,0.989882535,3.588056693,,4.327430988,0.860136078
0.1,4,0.8,100,5,1,2.341922244,0.969065774,4.165357185,,4.32774968,0.860115477
0.1,4,0.6,100,5,1,2.613137877,0.961490532,4.078753733,,4.328896002,0.860041363
0.3,3,0.7,100,5,0.6,2.129114896,0.974402757,3.926613505,,4.330446284,0.8599411
0.4,8,0.6,100,1,0.8,0.203341407,0.999763533,3.813534418,,4.330610306,0.859930489
0.1,3,0.8,200,5,0.6,2.478154338,0.965372436,3.952109733,,4.331117523,0.859897677
0.1,6,0.6,100,10,0.6,4.06976241,0.906608335,5.003066627,,4.334137204,0.859702248
0.4,4,0.7,200,1,0.6,0.376567569,0.999189011,3.772904301,,4.335891148,0.859588673
0.2,3,0.6,200,10,0.8,2.128767074,0.974441146,3.825451799,,4.337368306,0.859492986
0.1,3,0.7,300,10,0.6,2.489114638,0.965059254,3.966432299,,4.337438534,0.859488436
0.1,8,0.9,100,1,0.6,1.053971625,0.993734484,3.990884338,,4.337473548,0.859486167
0.3,3,0.7,100,3,0.8,1.67858231,0.984088301,3.974421498,,4.339366661,0.859363485
0.3,4,0.6,300,1,1,0.14030903,0.999887413,3.81665733,,4.339991533,0.859322978
0.1,3,0.7,200,3,0.6,2.263488704,0.971102114,3.881486862,,4.340155197,0.859312368
0.2,3,0.6,300,10,0.8,1.632032429,0.98497585,3.544241167,,4.341055201,0.859254014
0.1,4,0.8,100,3,0.8,2.348287202,0.96889873,4.206541805,,4.344489049,0.859031261
0.4,8,0.6,400,1,1,0.115377957,0.999922673,4.126047448,,4.344714346,0.85901664
0.2,3,0.6,400,10,1,1.092206438,0.993267766,3.279093336,,4.345154323,0.858988085
0.1,4,0.8,100,10,0.8,3.532553603,0.929620822,4.690215413,,4.345281206,0.858979849
0.3,3,0.8,100,10,1,2.006830876,0.977285592,3.831222511,,4.347139902,0.85885918
0.4,3,0.9,200,1,0.6,0.709447815,0.997147135,3.660128766,,4.351380033,0.858583713
0.1,7,0.8,100,10,0.6,3.355542765,0.936507545,4.742288251,,4.351667526,0.858565026
0.1,6,0.9,100,10,1,2.317023724,0.969720296,4.332026927,,4.351679589,0.858564242
0.4,8,0.6,300,1,1,0.116748561,0.999920792,4.095874843,,4.353712842,0.858432044
0.2,3,0.8,100,1,0.6,1.820720608,0.981267433,3.895922788,,4.354330843,0.85839185
0.4,8,0.6,200,1,1,0.11300167,0.999925831,4.10243635,,4.356496152,0.858250978
0.01,7,0.6,400,1,1,2.245441889,0.971573105,4.314740136,,4.356663875,0.858240063
0.3,4,0.6,200,1,1,0.210026137,0.999749718,3.803986206,,4.357630006,0.858177183
0.1,5,0.8,100,10,1,2.702549725,0.958813268,4.369623117,,4.358187868,0.858140869
0.4,8,0.6,100,1,1,0.116482022,0.99992152,4.074960111,,4.361062191,0.857953689
0.1,8,0.8,100,10,0.6,3.346458728,0.936851541,4.752457722,,4.361754148,0.857908609
0.2,3,0.6,100,5,1,2.190756178,0.972927707,3.798506615,,4.362386367,0.857867415
0.1,4,0.6,100,3,1,2.167058388,0.973510555,3.872902488,,4.362487028,0.857860855
0.01,8,0.9,400,1,0.8,2.033212015,0.976688699,4.324227539,,4.362517118,0.857858894
0.2,3,0.6,300,10,1,1.334472286,0.989951417,3.277900404,,4.362699382,0.857847017
0.1,7,0.6,100,10,0.6,4.049650524,0.907529792,4.982998074,,4.362824603,0.857838857
0.1,7,0.7,100,10,0.6,3.670439506,0.924040449,4.830608889,,4.362874266,0.85783562
0.1,8,0.9,100,10,1,2.179661564,0.973201953,4.328544102,,4.365038798,0.857694522
0.1,3,0.6,400,5,1,1.331867603,0.989992813,3.445203652,,4.365103583,0.857690298
0.1,5,0.7,100,10,0.6,3.759484767,0.920307751,4.960375671,,4.365574213,0.85765961
0.4,3,0.6,100,1,0.6,1.384080571,0.989170971,3.578875737,,4.369380999,0.85741126
0.3,3,0.9,100,1,0.6,1.339903489,0.989861269,3.582179684,,4.370059075,0.857367
0.4,4,0.7,300,1,0.6,0.217608142,0.99972957,3.768938553,,4.371314474,0.857285039
0.1,8,0.7,100,10,0.6,3.664442482,0.924287274,4.82962669,,4.371709379,0.857259252
0.1,4,0.7,100,5,0.8,2.867308896,0.953630741,4.320715856,,4.373502599,0.857142127
0.1,3,0.9,200,3,0.6,2.162823189,0.973621056,3.96244111,,4.374808442,0.857056805
0.1,8,0.6,400,1,1,0.114682879,0.999923824,3.881609335,,4.374907482,0.857050333
0.01,5,0.9,400,1,0.8,2.704721742,0.95874424,4.482464497,,4.376577915,0.85694115
0.1,3,0.6,400,10,1,1.741039594,0.982901354,3.425327408,,4.377861012,0.856857255
0.1,5,0.9,100,1,0.6,1.451477096,0.98811219,4.042313631,,4.378816659,0.856794755
0.3,4,0.7,100,1,0.6,0.977259681,0.994578889,3.718910192,,4.379202644,0.856769507
0.3,4,0.7,100,3,1,0.774413804,0.996605148,3.712952054,,4.380285361,0.856698674
0.4,3,0.7,200,5,1,0.743207209,0.996875056,3.308586761,,4.382755765,0.856536989
0.1,8,0.6,300,1,1,0.117658852,0.999920642,3.862832257,,4.38383989,0.856466006
0.4,3,0.6,200,1,0.6,0.896954041,0.995441738,3.641195531,,4.383880896,0.856463321
0.1,3,0.9,200,5,0.6,2.452198469,0.96609142,4.020687424,,4.384420677,0.856427972
0.1,4,0.7,100,3,0.8,2.453662316,0.966040407,4.17122483,,4.386638271,0.856282701
0.01,5,0.7,400,1,0.8,2.988904304,0.949632036,4.509179471,,4.387479725,0.856227559
0.4,4,0.7,400,1,0.6,0.174785801,0.999825895,3.792505468,,4.389738792,0.856079467
0.01,5,0.6,400,1,0.8,3.156973451,0.943812558,4.541244475,,4.390212371,0.856048412
0.1,8,0.6,100,10,0.6,4.045319345,0.907730254,5.004898991,,4.39152177,0.855962531
0.1,3,0.7,200,5,1,2.10932572,0.974909789,3.78413886,,4.392569961,0.855893764
0.1,3,0.6,200,5,0.8,2.459687399,0.965880233,3.935631441,,4.394447723,0.855770531
0.3,3,0.7,200,5,1,0.961782847,0.994776466,3.303489603,,4.396600838,0.855629162
0.1,8,0.6,200,1,1,0.160331632,0.999854797,3.847053018,,4.398365383,0.855513254
0.1,7,0.9,100,10,0.6,3.176996188,0.943083464,4.638748326,,4.398830165,0.855482716
0.1,3,0.7,300,1,0.8,1.267455285,0.990933662,3.553484135,,4.401003424,0.855339882
0.1,4,0.6,100,10,0.8,3.979894516,0.910687514,4.868419925,,4.401395036,0.855314137
0.1,3,0.6,200,3,1,1.852357826,0.980646831,3.554408902,,4.403500069,0.855175707
0.1,6,0.9,100,10,0.6,3.228868941,0.941207115,4.636541028,,4.403654135,0.855165573
0.3,3,0.8,400,3,1,0.314935469,0.999438789,3.573904631,,4.406790446,0.854959196
0.4,4,0.7,200,1,0.8,0.226036398,0.999710064,3.869365075,,4.407774197,0.854894432
0.2,3,0.6,200,10,1,1.779839081,0.982131022,3.510809861,,4.407842679,0.854889923
0.2,3,0.7,100,5,0.6,2.639801003,0.96069638,4.080302352,,4.411218309,0.854667581
0.1,8,0.9,100,10,0.6,3.158091492,0.943758733,4.636486463,,4.412085597,0.854610427
0.3,7,0.6,300,1,0.6,0.135223009,0.999896007,3.726928372,,4.414326783,0.854462684
0.1,3,0.6,300,5,1,1.627262752,0.985063241,3.501129059,,4.415463277,0.854387736
0.2,3,0.7,200,1,1,0.851136308,0.995905465,3.361415342,,4.416774492,0.854301241
0.4,3,0.7,200,1,1,0.397872989,0.999099923,3.43607943,,4.417417815,0.854258795
0.1,4,0.8,100,10,0.6,3.807263538,0.918270469,4.937982344,,4.419227458,0.854139361
0.1,3,0.6,300,1,1,1.128679529,0.992810199,3.403689662,,4.420697438,0.854042309
0.1,8,0.6,100,1,1,0.564810843,0.998195988,3.825128128,,4.422938289,0.8538943
0.4,3,0.7,400,1,1,0.172239901,0.999831686,3.522373823,,4.423658372,0.853846722
0.2,3,0.9,100,10,1,2.596335403,0.961996116,4.239475722,,4.424442728,0.853794888
0.1,4,0.7,100,3,0.6,2.66110676,0.960057359,4.37198249,,4.425158592,0.853747573
0.3,7,0.6,400,1,0.6,0.123895811,0.99991199,3.720010055,,4.426616485,0.85365119
0.3,3,0.8,300,3,1,0.447464601,0.998867551,3.553569504,,4.426755134,0.853642022
0.1,5,0.7,100,10,1,2.960028721,0.950592469,4.341178555,,4.429040702,0.853490852
0.1,3,0.7,200,5,0.6,2.567051773,0.962835303,4.016919674,,4.429831284,0.853438543
0.1,4,0.9,100,3,0.6,2.463066734,0.965788387,4.298151414,,4.430493428,0.853394726
0.1,4,0.9,100,10,0.8,3.379420522,0.935600367,4.525511329,,4.432364017,0.853270904
0.1,3,0.8,200,10,0.8,2.904013567,0.952451661,4.159656721,,4.433276645,0.853210474
0.1,3,0.6,200,10,0.6,3.34033638,0.937078005,4.389706478,,4.434816569,0.85310848
0.1,4,0.7,100,5,1,2.442134435,0.966364359,4.051100637,,4.435189286,0.853083789
0.01,7,0.9,300,1,1,2.455879474,0.965988147,4.754426338,,4.436164109,0.853019199
0.2,3,0.7,100,3,0.6,2.330639212,0.969339436,4.014508134,,4.437583973,0.852925097
0.1,4,0.9,100,10,0.6,3.659821367,0.924473014,4.832502537,,4.438169595,0.852886276
0.4,3,0.7,100,1,1,0.82730967,0.996117969,3.328399747,,4.440180927,0.852752905
0.1,4,0.9,100,3,1,1.954107502,0.97846212,4.077086186,,4.442445261,0.852602685
0.1,3,0.8,200,10,0.6,3.06822011,0.946919467,4.26601609,,4.445968172,0.852368817
0.4,4,0.7,300,1,0.8,0.144092293,0.999881755,3.874497152,,4.446346542,0.852343688
0.4,3,0.6,400,1,0.6,0.498470069,0.998588528,3.741294622,,4.446575536,0.852328479
0.1,4,0.9,100,1,0.6,1.878090999,0.980105304,4.152795932,,4.446913975,0.852305998
0.4,4,0.6,200,1,1,0.15104704,0.999870455,3.917326375,,4.447419264,0.852272433
0.3,7,0.6,200,1,0.6,0.255140579,0.999628581,3.717952389,,4.449428251,0.852138939
0.3,3,0.6,100,10,0.6,2.804428404,0.955640915,4.171724967,,4.451022389,0.852032969
0.4,4,0.7,400,1,0.8,0.127279023,0.999906985,3.895421849,,4.453172587,0.851889975
0.1,7,0.9,100,1,0.6,1.106742302,0.993089847,4.018569304,,4.45483127,0.851779621
0.4,4,0.6,400,1,1,0.118417651,0.999918727,3.988872902,,4.457598574,0.851595417
0.1,4,0.7,100,1,1,1.524197754,0.986878194,3.618042265,,4.458632984,0.851526533
0.1,3,0.7,200,3,1,1.814221848,0.981434412,3.700096962,,4.459193188,0.851489221
0.4,3,0.9,100,1,0.6,1.122060223,0.992884989,3.601512526,,4.461538604,0.851332954
0.2,3,0.7,100,10,0.8,3.044962902,0.947713935,4.346783049,,4.464506791,0.851135077
0.3,3,0.9,100,10,0.6,2.459114393,0.965867186,3.972286835,,4.46480303,0.851115321
0.4,3,0.7,300,1,1,0.231096056,0.999697112,3.478355462,,4.46843806,0.850872792
0.3,4,0.6,100,1,1,0.535281149,0.998372786,3.774627159,,4.468996451,0.850835519
0.1,3,0.7,200,5,0.8,2.396750164,0.967606763,3.983302289,,4.469887995,0.850775998
0.4,4,0.6,300,1,1,0.125547797,0.999909168,3.94273801,,4.471182964,0.850689522
0.3,3,0.8,100,1,0.8,1.238369724,0.991338314,3.514387223,,4.471991347,0.850635527
0.01,7,0.8,400,3,0.8,3.597129828,0.927055142,4.843811946,,4.473862339,0.850510519
0.3,3,0.6,100,10,1,2.198443507,0.972742507,3.789646397,,4.474140409,0.850491935
0.1,5,0.6,100,10,0.6,4.129907045,0.903829869,5.030518617,,4.474422406,0.850473088
0.3,3,0.8,200,3,1,0.699098869,0.99723863,3.502298333,,4.476147431,0.850357772
0.2,3,0.9,100,1,1,1.408593168,0.988803408,3.655396637,,4.478880363,0.850174987
0.4,4,0.6,100,1,1,0.350002444,0.999300537,3.815447918,,4.481267392,0.850015245
0.3,3,0.7,100,10,0.6,2.624381602,0.961148084,4.074819719,,4.481906814,0.84997244
0.1,4,0.7,100,10,0.6,3.993684374,0.910070796,5.030714785,,4.483039198,0.849896619
0.1,4,0.9,100,5,0.6,2.897892421,0.952636734,4.416622075,,4.483956353,0.849835196
0.01,6,0.6,400,1,0.6,3.419419348,0.93407993,4.725063572,,4.484511368,0.849798019
0.01,8,0.7,400,3,0.8,3.78499791,0.919237493,4.929658199,,4.485262682,0.849747687
0.1,3,0.6,200,5,1,2.180192356,0.973194401,3.756158723,,4.485714631,0.849717406
0.4,7,0.6,400,1,1,0.115379621,0.999922671,4.574340417,,4.486288098,0.849678978
0.1,4,0.7,100,1,0.6,2.076750009,0.975673095,4.049474018,,4.490283264,0.849411129
0.01,5,0.9,400,1,1,2.504791715,0.964608861,4.439229775,,4.491646141,0.849319702
0.3,3,0.6,400,10,1,0.821853041,0.99618716,3.251535071,,4.491659366,0.849318815
0.1,3,0.6,200,1,0.6,1.932378256,0.978934029,3.888070995,,4.492697102,0.849249181
0.4,7,0.6,300,1,1,0.116745843,0.999920796,4.544949541,,4.494394011,0.849135281
0.01,8,0.8,400,3,0.8,3.554175992,0.928785581,4.864562305,,4.495853407,0.849037289
0.1,3,0.6,200,10,0.8,3.130765569,0.944733939,4.214817878,,4.496567435,0.848989334
0.4,7,0.6,200,1,1,0.113006648,0.999925825,4.55088578,,4.497445956,0.848930321
0.01,6,0.8,400,3,0.8,3.6941278,0.923067696,4.889061678,,4.502201222,0.848610692
0.1,3,0.6,300,10,1,2.176815358,0.97327763,3.66889768,,4.503317985,0.848535579
0.1,3,0.7,200,1,0.8,1.679980102,0.984077596,3.639080765,,4.503432681,0.848527863
0.1,3,0.8,200,5,1,2.053911065,0.976212705,3.795111125,,4.504306446,0.84846908
0.01,7,0.7,400,3,0.8,3.815124748,0.917947346,4.928335467,,4.504727063,0.848440778
0.4,7,0.6,100,1,1,0.117725153,0.999920026,4.525294854,,4.506488853,0.848322206
0.1,3,0.7,200,10,0.8,2.993714027,0.949461996,4.181126588,,4.508031692,0.848218332
0.01,8,0.8,300,1,1,2.507412845,0.964553501,4.68901075,,4.509264936,0.848135276
0.2,3,0.7,100,1,1,1.463762359,0.987905263,3.419013585,,4.510952741,0.848021569
0.2,3,0.9,100,3,0.6,2.226880983,0.972010053,4.145554894,,4.511855167,0.847960756
0.01,6,0.6,400,1,1,2.469850714,0.965608682,4.309396854,,4.512221799,0.847936046
0.3,3,0.6,100,5,0.6,2.276108874,0.970764571,3.813739897,,4.512273135,0.847932586
0.1,3,0.8,100,1,1,2.367346479,0.968393903,4.133963234,,4.512658025,0.847906642
0.01,7,0.7,400,1,0.6,3.114327213,0.94531998,4.715171666,,4.517488392,0.847580865
0.1,3,0.7,200,1,1,1.466179415,0.987867498,3.475153904,,4.517521211,0.847578651
0.01,7,0.6,400,1,0.6,3.32323532,0.937737476,4.682901069,,4.521269272,0.847325626
0.2,3,0.8,100,10,0.8,2.96673452,0.950372338,4.253792192,,4.522545265,0.847239439
0.1,3,0.9,200,10,0.6,2.990088684,0.949587797,4.300696541,,4.523709956,0.847160748
0.01,7,0.8,300,1,1,2.646837671,0.960499932,4.719586061,,4.525545984,0.847036658
0.2,3,0.6,100,10,0.6,3.412451451,0.93433745,4.478848893,,4.526559005,0.84696817
0.4,7,0.7,400,1,1,0.117614137,0.999919639,4.268968012,,4.529561199,0.846765109
0.3,7,0.6,100,1,0.6,0.630717446,0.997724374,3.633309044,,4.530826469,0.846679489
0.4,7,0.7,100,1,1,0.113662787,0.999925088,4.244406087,,4.531128982,0.846659014
0.1,3,0.9,200,10,0.8,2.858340005,0.95393091,4.155912646,,4.532929939,0.846537095
0.1,3,0.8,200,10,1,2.66329522,0.96000734,4.116580485,,4.533260533,0.84651471
0.2,3,0.7,100,10,1,2.735145466,0.957820892,4.227241883,,4.533803242,0.846477958
0.01,6,0.7,400,3,0.8,3.900709913,0.914226235,4.953509622,,4.536949367,0.846264818
0.1,4,0.9,100,5,1,2.281816626,0.970634646,4.236245646,,4.53747653,0.84622909
0.4,7,0.7,200,1,1,0.112901989,0.999925964,4.255213124,,4.53832387,0.846171654
0.4,7,0.7,300,1,1,0.113681146,0.99992492,4.246729295,,4.539550008,0.846088521
0.1,5,0.9,100,10,1,2.495412312,0.964879372,4.314370564,,4.540669592,0.846012594
0.1,3,0.7,200,10,0.6,3.200291819,0.94224502,4.314217978,,4.540791051,0.846004356
0.2,3,0.8,100,5,0.6,2.517662448,0.964234721,4.13342729,,4.542942791,0.845858374
0.1,3,0.6,200,1,1,1.508648465,0.98716113,3.46903971,,4.54340603,0.845826937
0.01,8,0.9,300,1,1,2.304767197,0.970051689,4.764779684,,4.544792414,0.845732833
0.3,8,0.6,400,1,1,0.115616999,0.999922359,4.068387629,,4.548395513,0.845488131
0.3,8,0.6,100,1,1,0.120704282,0.999916474,4.028527743,,4.550921206,0.845316485
0.3,8,0.6,300,1,1,0.115548014,0.999922445,4.044766055,,4.552129635,0.845234326
0.01,6,0.8,300,1,0.8,3.378940512,0.935632558,4.868020083,,4.55215801,0.845232397
0.3,8,0.6,200,1,1,0.112786275,0.99992613,4.047216628,,4.553999337,0.845107166
0.2,3,0.8,100,10,0.6,3.085420024,0.946315591,4.396926094,,4.554238534,0.845090894
0.2,3,0.6,100,10,0.8,3.216384653,0.941655018,4.4342178,,4.555364728,0.845014271
0.01,6,0.8,300,1,1,2.948938459,0.950970178,4.770276043,,4.55748912,0.844869682
0.1,3,0.9,200,10,1,2.610089897,0.961590381,4.161321427,,4.561451943,0.844599787
0.01,6,0.9,400,3,0.8,3.532399182,0.92965251,4.885857207,,4.561978908,0.84456388
0.01,7,0.9,400,3,0.8,3.413116537,0.93432135,4.832969108,,4.565187489,0.844345157
0.01,8,0.9,400,3,1,2.809934491,0.955480331,4.769406836,,4.565356398,0.844333639
0.1,3,0.9,100,1,1,2.37058323,0.968303912,4.029954221,,4.567696721,0.844174
0.2,3,0.7,100,10,0.6,3.24223682,0.940714412,4.432642604,,4.569427527,0.844055886
0.01,7,0.8,300,1,0.8,3.194484086,0.942468294,4.791588695,,4.56988331,0.844024774
0.01,6,0.7,400,1,0.6,3.244365312,0.940657662,4.754540717,,4.570777958,0.843963698
0.1,4,0.6,100,10,1,3.57891693,0.927785219,4.652531228,,4.572150231,0.843869991
0.01,8,0.6,400,1,0.6,3.290907496,0.938942863,4.681215542,,4.573606255,0.843770534
0.1,3,0.8,100,1,0.8,2.618415558,0.961330384,4.258175511,,4.582699657,0.843148675
0.01,8,0.9,400,3,0.8,3.355807644,0.936507796,4.85154674,,4.584562001,0.843021165
0.3,3,0.6,200,10,1,1.360179288,0.989562257,3.376173339,,4.5854464,0.842960594
0.1,4,0.6,100,10,0.6,4.294911941,0.895993462,5.132424827,,4.585582017,0.842951305
0.3,3,0.6,300,10,1,1.03048785,0.994007571,3.259640551,,4.585766829,0.842938646
0.3,8,0.6,200,1,0.6,0.237172684,0.999678803,3.723701033,,4.586269259,0.842904228
0.01,5,0.7,400,1,1,2.706146805,0.958704632,4.458192391,,4.588428957,0.842756238
0.01,8,0.7,400,1,0.6,3.068487912,0.946918078,4.712238152,,4.590052024,0.842644975
0.01,7,0.9,400,3,1,2.895062304,0.952740458,4.781994073,,4.592480983,0.842478393
0.3,8,0.6,300,1,0.6,0.129507561,0.999904359,3.737596324,,4.593161251,0.842431723
0.2,3,0.9,100,10,0.8,2.942967062,0.951153178,4.294603146,,4.593474042,0.842410262
0.01,5,0.6,400,1,0.6,3.640079524,0.925298598,4.863961926,,4.594687321,0.842327002
0.01,6,0.6,300,1,0.8,3.790425526,0.919011131,4.911391278,,4.594832486,0.842317039
0.01,6,0.7,300,1,0.8,3.56173283,0.928484979,4.87154204,,4.595247209,0.842288573
0.2,3,0.6,100,3,0.6,2.467771765,0.965644594,4.012674032,,4.598451652,0.84206854
0.3,3,0.8,100,3,1,1.287748403,0.990629518,3.583592195,,4.598798587,0.842044708
0.3,8,0.6,400,1,0.6,0.121257325,0.99991551,3.74226762,,4.598830387,0.842042524
0.1,3,0.6,100,1,0.8,2.744869358,0.957510676,4.071742672,,4.599188841,0.842017899
0.01,8,0.8,300,1,0.8,3.113681846,0.94534331,4.805216162,,4.600306975,0.841941074
0.01,6,0.9,300,1,1,2.818827401,0.955188685,4.82488506,,4.6007621,0.841909798
0.4,8,0.7,400,1,1,0.117613169,0.99991964,4.430345275,,4.601483426,0.841860222
0.01,8,0.6,400,3,0.8,4.04947471,0.907558974,4.985816008,,4.603137524,0.841746508
0.3,3,0.9,100,10,1,1.931328002,0.978958256,3.821315043,,4.604076303,0.841681952
0.01,8,0.7,300,1,1,2.751997701,0.957306044,4.675086592,,4.604131094,0.841678184
0.01,5,0.8,400,1,1,2.618083102,0.961344515,4.457344413,,4.604747564,0.841635784
0.4,8,0.7,100,1,1,0.113448498,0.999925277,4.406401558,,4.605745336,0.841567147
0.1,3,0.9,100,1,0.8,2.614256886,0.961456895,4.28059453,,4.606148364,0.841539418
0.01,7,0.6,400,3,0.8,4.067683947,0.906726425,4.979515096,,4.607926624,0.841417043
0.01,8,0.7,300,1,0.8,3.349986505,0.936734463,4.804380801,,4.609155897,0.841332421
0.01,7,0.7,300,1,0.8,3.41119312,0.93440066,4.816903313,,4.612141999,0.841126764
0.01,6,0.6,400,3,0.8,4.124672182,0.904092594,4.981082652,,4.613310095,0.84104628
0.4,8,0.7,200,1,1,0.112899663,0.999925966,4.416773834,,4.613603512,0.84102606
0.2,3,0.8,100,5,1,2.048635316,0.976333321,3.858910507,,4.613754997,0.84101562
0.01,6,0.8,400,1,0.6,3.117952722,0.945190789,4.808050207,,4.614953031,0.840933043
0.4,8,0.7,300,1,1,0.113680992,0.99992492,4.408223219,,4.615185968,0.840916985
0.1,4,0.9,100,10,1,2.9992092,0.949278129,4.541954394,,4.615442327,0.840899312
0.4,3,0.7,400,3,1,0.250231789,0.999645075,3.676439147,,4.618892379,0.840661367
0.2,3,0.9,100,5,0.6,2.515702212,0.964284812,4.108240247,,4.623092453,0.840371454
0.1,3,0.7,200,10,1,2.746342269,0.957469619,4.090145856,,4.628493537,0.839998253
0.01,7,0.8,400,1,0.6,2.959510566,0.950619221,4.756949306,,4.630234467,0.839877867
0.4,4,0.6,100,1,0.6,0.885633609,0.995550504,3.421596828,,4.631388347,0.83979805
0.4,4,0.6,300,1,0.6,0.264231354,0.999601735,3.542420741,,4.633009062,0.839685908
0.01,7,0.7,300,1,1,2.861316467,0.953847354,4.695370647,,4.638755644,0.839287968
0.01,8,0.8,400,3,1,3.034228902,0.948096941,4.698483472,,4.641913261,0.839069099
0.01,8,0.8,400,1,0.6,2.894878823,0.952752941,4.746895586,,4.647274935,0.838697116
0.2,3,0.9,100,5,1,2.036123452,0.976620936,3.900331621,,4.647699427,0.838667647
0.1,3,0.9,100,1,0.6,2.771674786,0.956684902,4.401940984,,4.648739614,0.838595424
0.2,3,0.9,100,10,0.6,3.057716599,0.947273449,4.325126238,,4.649448153,0.838546219
0.01,7,0.6,300,1,0.8,3.674313535,0.923895276,4.879820445,,4.650247128,0.838490725
0.01,8,0.7,400,3,1,3.27305088,0.939609377,4.740314133,,4.650782513,0.838453534
0.01,7,0.9,300,1,0.8,3.040394903,0.947884192,4.794801647,,4.655483816,0.838126766
0.4,4,0.6,400,1,0.6,0.211085842,0.999746119,3.627842403,,4.655775365,0.838106491
0.1,3,0.6,100,3,0.8,3.298324668,0.938659105,4.476613776,,4.656115385,0.838082843
0.3,8,0.6,100,1,0.6,0.606679127,0.997889152,3.681590704,,4.657471326,0.837988523
0.01,5,0.8,400,3,0.8,3.905785839,0.913999769,4.990675762,,4.659105294,0.837874827
0.1,4,0.6,100,1,0.6,2.26703568,0.971015838,4.129563824,,4.66271351,0.837623616
0.1,4,0.7,100,10,1,3.277261735,0.939436406,4.516433238,,4.662927668,0.8376087
0.01,5,0.7,400,1,0.6,3.502567418,0.930838027,4.894201717,,4.663756195,0.837550986
0.01,7,0.8,400,3,1,3.102150922,0.945747902,4.716763502,,4.664871957,0.837473248
0.01,7,0.9,400,1,0.6,2.862727446,0.953796156,4.789889387,,4.666871419,0.837333894
0.01,7,0.7,400,3,1,3.320447507,0.937848538,4.734112143,,4.666999799,0.837324944
0.01,8,0.6,300,1,0.8,3.62826834,0.925789096,4.864503183,,4.668224907,0.837239527
0.01,5,0.8,400,1,0.6,3.375939522,0.935745272,4.912931685,,4.673073268,0.836901269
0.01,5,0.6,400,3,0.8,4.279952704,0.896736448,5.058130245,,4.67768079,0.836579489
0.01,5,0.9,400,3,0.8,3.767027238,0.919998674,5.051101368,,4.681265991,0.836328886
0.4,4,0.6,200,1,0.6,0.463251981,0.998774486,3.531033847,,4.689959132,0.835720445
0.4,3,0.7,300,3,1,0.366875701,0.999236846,3.615988526,,4.6963037,0.83527567
0.01,5,0.9,400,1,0.6,3.289655008,0.938987585,4.94402247,,4.696520466,0.835260464
0.2,3,0.6,100,5,0.6,2.796078548,0.955902333,4.082536913,,4.697595355,0.835185047
0.01,6,0.9,300,1,0.8,3.25040612,0.940437241,4.881818593,,4.700382863,0.83498939
0.01,5,0.7,400,3,0.8,4.082400316,0.906052257,5.019322487,,4.700640169,0.834971324
0.01,6,0.7,300,1,1,3.104577027,0.945666817,4.77511038,,4.705021238,0.834663562
0.01,7,0.6,400,3,1,3.577574895,0.927850649,4.754119044,,4.705413841,0.834635968
0.01,6,0.9,400,1,0.6,3.050256806,0.947544559,4.84800802,,4.714474003,0.833998546
0.3,5,0.7,100,1,0.6,0.68997301,0.997294394,3.781180393,,4.71484305,0.833972556
0.01,8,0.6,400,3,1,3.54759271,0.929055309,4.742384637,,4.716409491,0.833862217
0.01,6,0.7,400,3,1,3.437063953,0.93340685,4.781318088,,4.718509963,0.833714204
0.1,4,0.8,100,10,1,3.131033715,0.944720523,4.519650305,,4.720837911,0.833550084
0.1,3,0.7,100,1,1,2.351028462,0.968827846,3.946023141,,4.721201146,0.833524469
0.01,8,0.6,300,1,1,3.043366983,0.947786928,4.627499645,,4.722802991,0.833411484
0.4,3,0.7,200,3,1,0.592909697,0.998009624,3.574443658,,4.72414839,0.833316557
0.2,3,0.8,100,10,1,2.654811223,0.960260327,4.105503964,,4.727653238,0.83306914
0.4,6,0.7,100,1,0.8,0.195852742,0.999782223,3.998474444,,4.728336168,0.833020909
0.01,8,0.9,400,1,0.6,2.771890451,0.956681956,4.762540058,,4.732477564,0.832728278
0.4,6,0.7,400,1,0.8,0.114971425,0.99992322,4.058362003,,4.743916995,0.831918636
0.01,5,0.8,300,1,0.8,3.670779707,0.924034596,4.95849009,,4.744917044,0.831847763
0.4,6,0.7,200,1,0.8,0.114596153,0.999924088,4.041695648,,4.746701846,0.831721238
0.01,5,0.6,400,1,1,2.8433013,0.95442225,4.426610825,,4.750694664,0.831438015
0.4,6,0.7,300,1,0.8,0.115267859,0.999922841,4.041708003,,4.751567008,0.831376105
0.1,3,0.6,100,5,0.6,3.905064305,0.914017023,4.803751111,,4.751882384,0.83135372
0.2,3,0.6,100,10,1,2.865110253,0.953703455,4.235352043,,4.754812307,0.831145687
0.01,4,0.6,400,1,0.8,3.705552416,0.922591853,4.830646048,,4.755143657,0.831122153
0.01,6,0.6,400,3,1,3.667153472,0.92419373,4.783094619,,4.756022304,0.831059737
0.1,3,0.6,100,5,0.8,3.696034118,0.922980011,4.701094135,,4.756694084,0.831012009
0.01,8,0.9,300,1,0.8,2.944705545,0.951113682,4.790797242,,4.758547298,0.830880307
0.01,7,0.6,300,1,1,3.124884609,0.944954003,4.67327641,,4.762995085,0.830564009
0.1,3,0.7,100,5,1,3.302725125,0.938500402,4.576554861,,4.774250694,0.829762262
0.01,7,0.8,400,5,0.8,4.39749347,0.890994092,5.172786676,,4.777096497,0.829559253
0.01,6,0.8,400,5,0.8,4.451560222,0.888297555,5.186918023,,4.779626673,0.829378658
0.01,6,0.9,400,3,1,3.076866718,0.946622399,4.792030781,,4.779677934,0.829374998
0.01,8,0.8,400,5,0.8,4.378596751,0.891928738,5.180241733,,4.780490395,0.829316987
0.01,6,0.8,400,3,1,3.249387235,0.940477342,4.753013228,,4.782606082,0.829165876
0.01,6,0.7,400,5,0.8,4.665558731,0.877300951,5.258262142,,4.785474986,0.828960861
0.01,5,0.6,300,1,0.8,4.045321684,0.907753504,5.030477905,,4.78960091,0.828665802
0.01,8,0.7,400,5,0.8,4.608449426,0.880284778,5.25388993,,4.792260365,0.82847548
0.01,7,0.7,400,5,0.8,4.621112366,0.879626635,5.257393075,,4.796812975,0.828149432
0.1,3,0.6,200,10,1,2.894443323,0.952764469,4.133027007,,4.802598074,0.827734668
0.1,3,0.9,100,3,1,2.882937757,0.953136787,4.361316086,,4.80861672,0.827302629
0.01,5,0.8,400,5,0.8,4.596288983,0.880918076,5.278049831,,4.810578213,0.82716171
0.1,3,0.6,100,3,0.6,3.518838718,0.930180791,4.588645127,,4.810955336,0.82713461
0.01,4,0.6,400,1,0.6,4.090381876,0.905678751,5.109738032,,4.813346273,0.826962747
0.4,3,0.7,100,3,1,1.106399046,0.993071497,3.499998187,,4.820240737,0.826466687
0.1,3,0.7,100,3,0.8,3.225992431,0.941307162,4.496307783,,4.821168206,0.826399901
0.1,3,0.7,100,3,1,2.894217659,0.952773791,4.33853653,,4.823241092,0.826250588
0.1,3,0.8,100,3,0.8,3.214297482,0.941744905,4.411011781,,4.824218115,0.82618019
0.1,3,0.8,100,3,1,2.893533409,0.952788815,4.26633513,,4.824699604,0.826145491
0.01,5,0.7,300,1,0.8,3.85104062,0.916394418,5.000751996,,4.828294895,0.825886288
0.01,4,0.8,400,1,0.8,3.466773559,0.932242188,4.778664553,,4.831718947,0.82563925
0.01,8,0.7,400,3,0.6,4.393690143,0.891180503,5.23995615,,4.835103956,0.825394857
0.1,3,0.8,100,5,0.8,3.570133389,0.928141576,4.587085808,,4.838416586,0.825155523
0.01,7,0.7,400,3,0.6,4.406158426,0.890562037,5.232378795,,4.840040342,0.825038149
0.01,6,0.8,400,3,0.6,4.26146309,0.897630555,5.208557673,,4.84242576,0.824865647
0.01,8,0.8,400,3,0.6,4.176676772,0.901662551,5.194964814,,4.844737049,0.824698424
0.3,5,0.7,300,1,0.6,0.163241168,0.999847995,3.890518195,,4.847685325,0.824484998
0.01,8,0.7,400,5,1,4.125951348,0.904042487,5.032170207,,4.849545016,0.824350309
0.01,6,0.9,400,5,0.8,4.263671726,0.897524446,5.176515173,,4.849965307,0.824319862
0.3,5,0.7,400,1,0.6,0.137038362,0.99989267,3.907818701,,4.851747374,0.824190734
0.01,7,0.7,400,5,1,4.146065611,0.903104599,5.039419032,,4.851778655,0.824188467
0.01,5,0.9,300,1,0.8,3.531076424,0.929704801,5.004470493,,4.856051638,0.823878655
0.01,7,0.6,400,3,0.6,4.645788258,0.878336791,5.259872913,,4.856917741,0.823815825
0.1,3,0.9,100,5,0.8,3.54809204,0.929019383,4.620603084,,4.858349266,0.823711953
0.01,7,0.8,400,3,0.6,4.197258343,0.900691566,5.195972178,,4.86028506,0.823571442
0.01,4,0.7,400,1,0.8,3.57979,0.927748323,4.844217737,,4.861084732,0.823513381
0.01,8,0.6,400,3,0.6,4.637333834,0.878779614,5.256818934,,4.862630532,0.82340112
0.01,6,0.6,400,3,0.6,4.682242278,0.87641888,5.27127584,,4.868731075,0.822957728
0.1,3,0.6,100,10,0.8,4.468692707,0.887415118,5.010867663,,4.87078303,0.822808465
0.1,3,0.7,100,1,0.8,2.665914405,0.959920797,4.247641747,,4.873694769,0.822596553
0.3,5,0.7,200,1,0.6,0.288087931,0.99952577,3.837940672,,4.875716064,0.822449371
0.01,4,0.9,400,1,0.8,3.388271324,0.935270553,4.841236889,,4.876684809,0.82237881
0.01,5,0.7,400,3,0.6,4.592006023,0.881135868,5.322971888,,4.877616773,0.822310915
0.01,6,0.6,300,1,1,3.315543253,0.938032598,4.690366653,,4.878674421,0.822233847
0.01,8,0.8,400,5,1,3.877841641,0.915236617,5.017115274,,4.88330598,0.821896163
0.01,4,0.7,400,1,0.6,3.983813484,0.910528242,5.132182779,,4.887000763,0.821626549
0.01,6,0.7,400,3,0.6,4.45589847,0.88807723,5.249816801,,4.888539514,0.821514204
0.01,5,0.6,400,3,0.6,4.788927559,0.870724177,5.307781024,,4.89451008,0.821077954
0.01,5,0.7,400,5,0.8,4.784684546,0.870956383,5.320938586,,4.897737118,0.820841943
0.1,3,0.7,100,1,0.6,2.887569626,0.952971143,4.318376239,,4.899542264,0.820709855
0.01,7,0.9,400,5,0.8,4.19787535,0.900662295,5.147773173,,4.89970726,0.82069778
0.01,7,0.6,400,5,0.8,4.899058196,0.864711608,5.338259828,,4.90164059,0.820556253
0.1,3,0.7,100,3,0.6,3.415492419,0.934216226,4.59922093,,4.902508449,0.820492705
0.01,5,0.9,400,5,0.8,4.437114574,0.889020403,5.301259499,,4.904643896,0.820336291
0.01,8,0.9,400,5,0.8,4.1721366,0.90187622,5.147975922,,4.905244574,0.82029228
0.01,5,0.7,400,3,1,3.688376158,0.92331374,4.865147587,,4.907828529,0.8201029
0.1,3,0.7,100,5,0.8,3.594309349,0.927154248,4.684073065,,4.908568147,0.820048674
0.01,8,0.6,400,5,0.8,4.892273695,0.86508575,5.341942435,,4.911555333,0.819829583
0.01,5,0.8,400,3,0.6,4.421667912,0.889789648,5.304206709,,4.912317634,0.819773652
0.01,5,0.6,400,3,1,3.88041524,0.91511992,4.88540963,,4.912738745,0.819742751
0.01,7,0.8,400,5,1,3.911571525,0.913755046,5.016619217,,4.920613272,0.819164426
0.1,3,0.6,100,1,1,2.414239343,0.967128811,3.937127913,,4.921175397,0.819123107
0.01,6,0.7,400,5,1,4.210415011,0.900073522,5.06451843,,4.92159951,0.819091929
0.1,3,0.9,100,5,1,3.27409068,0.939566927,4.553191742,,4.927135107,0.818684746
0.01,8,0.9,400,5,1,3.688687407,0.92329953,5.114987481,,4.930569751,0.818431872
0.01,6,0.6,400,5,0.8,4.928628421,0.863074748,5.326099018,,4.931791605,0.818341872
0.1,3,0.7,100,10,0.6,4.514895639,0.885077778,5.157272232,,4.934407238,0.818149132
0.01,4,0.7,400,1,1,3.299677359,0.938610072,4.717462028,,4.941352811,0.817636832
0.1,3,0.9,100,3,0.8,3.193868691,0.94247575,4.582882889,,4.943768876,0.817458456
0.01,5,0.9,400,3,0.6,4.303385719,0.895605931,5.292520848,,4.945192532,0.817353308
0.1,3,0.6,100,3,1,2.972025316,0.950188234,4.227491653,,4.946144684,0.817282968
0.01,4,0.6,400,1,1,3.403197827,0.934703178,4.660067974,,4.950108141,0.81699002
0.01,6,0.9,400,3,0.6,4.126627995,0.904003243,5.188461714,,4.950927873,0.816929402
0.01,5,0.9,400,3,1,3.3826683,0.935489497,4.905433463,,4.95121033,0.816908513
0.01,6,0.8,400,5,1,3.993740341,0.910092356,5.040613114,,4.956227783,0.816537243
0.01,7,0.9,400,5,1,3.739897006,0.921155223,5.094827173,,4.957714579,0.816427154
0.1,3,0.6,100,5,1,3.434808711,0.93348341,4.539469661,,4.959313086,0.816308757
0.01,5,0.6,400,5,0.8,5.024679132,0.857686949,5.365083072,,4.959671858,0.816282178
0.01,6,0.6,300,1,0.6,4.396787474,0.891026344,5.277309557,,4.960538254,0.816217986
0.01,4,0.9,400,1,1,3.157000151,0.943805987,4.876786595,,4.961282954,0.816162801
0.01,7,0.9,400,3,0.6,4.043325391,0.907840871,5.162165684,,4.964736791,0.815906753
0.01,4,0.6,400,3,0.8,4.643395179,0.878465571,5.259354216,,4.970187067,0.815502336
0.1,3,0.9,100,3,0.6,3.34051304,0.937088393,4.562551475,,4.975269288,0.815124831
0.1,3,0.7,100,5,0.6,3.789892536,0.919017227,4.726315173,,4.97628277,0.815049503
0.01,4,0.8,400,1,0.6,3.856034632,0.916173461,5.093100657,,4.984723757,0.814421529
0.01,8,0.9,400,3,0.6,4.012925577,0.909219433,5.155416674,,4.992169828,0.813866689
0.01,4,0.8,400,1,1,3.20213395,0.942182278,4.736207845,,4.993724327,0.813750752
0.1,3,0.6,100,10,0.6,4.71180534,0.874825876,5.213665321,,4.996640395,0.813533169
0.1,3,0.8,100,3,0.6,3.3689057,0.936005084,4.607820667,,4.999244449,0.81333876
0.01,4,0.9,400,1,0.6,3.768148443,0.919953044,5.136337756,,5.001433267,0.813175272
0.01,7,0.8,300,3,0.8,4.57784309,0.881875997,5.303894872,,5.001734768,0.813152747
0.01,5,0.7,300,1,1,3.509404906,0.930573204,4.878237305,,5.003087278,0.813051683
0.1,3,0.7,100,10,0.8,4.260576158,0.897648649,4.983019897,,5.005191278,0.812894412
0.01,5,0.9,300,1,1,3.287703037,0.939057065,4.887206382,,5.007899459,0.812691881
0.01,6,0.8,300,3,0.8,4.643251763,0.878475426,5.343749235,,5.009568738,0.812566989
0.1,3,0.8,100,1,0.6,2.824817377,0.955000003,4.347759816,,5.014317913,0.81221144
0.01,5,0.8,300,1,1,3.395488221,0.935004057,4.914670305,,5.016165061,0.812073062
0.01,5,0.8,400,3,1,3.531711915,0.929687869,4.898189504,,5.01645772,0.812051132
0.01,8,0.8,300,3,0.8,4.553458291,0.883130568,5.330727851,,5.01775285,0.811954072
0.01,7,0.6,300,1,0.6,4.317740196,0.894910787,5.236306407,,5.02292524,0.81156619
0.1,3,0.8,100,5,0.6,3.729419489,0.921586397,4.690801626,,5.026516533,0.811296641
0.01,7,0.7,300,1,0.6,4.091078337,0.905654201,5.246289058,,5.027883252,0.811194009
0.01,7,0.6,400,5,1,4.429941497,0.88938244,5.085859022,,5.028955763,0.811113451
0.01,8,0.6,400,5,1,4.416926261,0.890031607,5.092465565,,5.031308622,0.810936664
0.01,4,0.7,400,3,0.8,4.5004321,0.885829212,5.245196786,,5.032747163,0.810828535
0.1,3,0.9,100,5,0.6,3.702426077,0.922709241,4.66681059,,5.034736286,0.810678971
0.01,6,0.8,300,1,0.6,4.044084416,0.907808134,5.340094026,,5.043679092,0.810005822
0.01,4,0.8,400,3,0.8,4.359655457,0.892860574,5.252897448,,5.044290523,0.809959754
0.01,8,0.9,300,3,1,3.811645731,0.918103967,5.25374581,,5.047092741,0.809748552
0.01,4,0.6,400,3,0.6,5.064224911,0.855437528,5.462677528,,5.047115966,0.809746801
0.01,8,0.8,300,3,1,4.015248574,0.90912856,5.135573136,,5.051312729,0.809430272
0.4,4,0.9,200,1,0.8,0.176080764,0.999822936,3.791888416,,5.0522366,0.809360556
0.01,6,0.9,300,3,0.8,4.479589161,0.886889823,5.331407038,,5.053744889,0.809246713
0.01,7,0.9,300,3,1,3.87553318,0.915332854,5.255397744,,5.054831427,0.809164681
0.01,6,0.8,400,5,0.6,4.983835682,0.859990764,5.485313928,,5.058379221,0.808896707
0.01,6,0.6,400,5,1,4.476981729,0.887020485,5.108485984,,5.061043433,0.808695349
0.01,5,0.6,300,1,0.6,4.597105415,0.880869312,5.386221801,,5.063884518,0.808480505
0.01,6,0.7,300,1,0.6,4.196912704,0.900707381,5.285380336,,5.064025178,0.808469866
0.01,8,0.7,300,3,0.8,4.793739535,0.870471439,5.389241379,,5.067021617,0.808243138
0.4,4,0.9,300,1,0.8,0.122734266,0.99991346,3.807496577,,5.067802316,0.808184043
0.01,4,0.9,400,3,0.8,4.250469208,0.898153094,5.29433054,,5.069816265,0.808031557
0.01,7,0.9,300,3,0.8,4.400632505,0.890841449,5.284340884,,5.070740646,0.807961548
0.4,4,0.9,400,1,0.8,0.116400526,0.999921656,3.819497045,,5.071800482,0.807881263
0.01,7,0.8,300,1,0.6,3.903032413,0.914127374,5.2826939,,5.073802889,0.807729532
0.01,6,0.9,400,5,1,3.841419341,0.916817167,5.122337687,,5.074874427,0.807648312
0.01,8,0.6,300,1,0.6,4.291563608,0.896180888,5.226956812,,5.075201538,0.807623514
0.01,7,0.7,300,3,0.8,4.810430164,0.869567698,5.387809387,,5.08069275,0.807206998
0.01,8,0.8,400,5,0.6,4.943125525,0.862269175,5.476377755,,5.084812982,0.806894177
0.1,3,0.8,100,10,0.8,4.191374491,0.900956363,4.896923671,,5.087674492,0.806676773
0.01,5,0.8,400,5,0.6,5.089091288,0.854014225,5.556199156,,5.089482624,0.806539337
0.01,8,0.9,300,3,0.8,4.368406681,0.892434049,5.305336864,,5.091131545,0.806413959
0.01,4,0.7,400,3,0.6,4.912747495,0.863956133,5.485109253,,5.091943509,0.806352206
0.01,7,0.8,300,3,1,4.063014663,0.906953106,5.144533714,,5.092272279,0.806327199
0.01,6,0.7,300,3,0.8,4.866578881,0.866505258,5.417515972,,5.093779284,0.806212551
0.01,7,0.8,400,5,0.6,4.950591353,0.861853129,5.471432768,,5.094155453,0.806183928
0.01,8,0.7,300,3,1,4.264819666,0.897483091,5.170298744,,5.096808358,0.805982006
0.01,5,0.8,300,3,0.8,4.80917572,0.869633528,5.420470939,,5.106420172,0.805249539
0.01,7,0.7,300,3,1,4.295018114,0.896026514,5.159012422,,5.106877342,0.805214666
0.01,6,0.7,300,3,1,4.383337789,0.891705651,5.207683677,,5.110886742,0.804908694
0.01,8,0.7,300,1,0.6,4.055031579,0.907310068,5.249583704,,5.111340036,0.804874087
0.1,3,0.9,100,10,0.8,4.137032689,0.903505853,4.809067223,,5.112321365,0.804799155
0.4,4,0.9,100,1,0.8,0.438229377,0.99890153,3.798724639,,5.116383698,0.804488812
0.01,4,0.8,400,3,0.6,4.750098027,0.872809265,5.462990215,,5.119734192,0.804232665
0.01,7,0.7,400,5,0.6,5.181778993,0.848649976,5.530162993,,5.120127365,0.804202596
0.01,7,0.9,300,1,0.6,3.790470349,0.919008993,5.325556067,,5.122411518,0.804027862
0.01,5,0.7,400,5,0.6,5.295120922,0.841957281,5.586668521,,5.123124955,0.803973269
0.01,5,0.9,400,5,0.6,4.935606053,0.862684738,5.508654157,,5.124715011,0.803851569
0.01,4,0.7,400,5,0.8,5.086978252,0.854136986,5.433825388,,5.125512328,0.803790529
0.01,8,0.8,300,1,0.6,3.849885304,0.91645102,5.272099518,,5.125802571,0.803768307
0.01,5,0.6,400,5,0.6,5.528252165,0.827738614,5.660069724,,5.125847273,0.803764885
0.01,4,0.8,400,5,0.8,4.923744941,0.863348396,5.437357731,,5.126041384,0.803750022
0.01,6,0.7,400,5,0.6,5.206188265,0.847220763,5.538514391,,5.126419027,0.803721105
0.01,8,0.7,400,5,0.6,5.177368679,0.848907549,5.529489215,,5.127719671,0.803621495
0.01,5,0.7,300,1,0.6,4.430262155,0.88936009,5.393792722,,5.131439919,0.803336439
0.01,5,0.8,300,1,0.6,4.283813393,0.896554475,5.443356059,,5.134953592,0.803067023
0.01,5,0.9,300,3,0.8,4.668604602,0.877142265,5.472491774,,5.137392466,0.80287991
0.01,4,0.9,400,3,0.6,4.644228042,0.878416229,5.484636492,,5.138894228,0.802764648
0.01,5,0.7,400,5,1,4.384835912,0.891623237,5.160372002,,5.142412069,0.80249452
0.1,3,0.8,100,5,1,3.282844591,0.939241939,4.481624225,,5.143584279,0.802404467
0.1,3,0.8,100,10,0.6,4.415332489,0.890089321,5.060940174,,5.150920659,0.801840398
0.01,4,0.6,400,5,0.8,5.276621988,0.843062677,5.528168251,,5.153099208,0.801672742
0.01,8,0.9,300,1,0.6,3.721410621,0.921932762,5.298933461,,5.156071519,0.801443885
0.01,5,0.6,300,1,1,3.67047538,0.924057759,4.821079589,,5.158418383,0.801263092
0.01,6,0.9,300,3,1,4.003387073,0.909653992,5.241637676,,5.159731953,0.801161864
0.01,5,0.6,400,5,1,4.616949955,0.87984451,5.202117831,,5.160776561,0.801081345
0.01,5,0.8,400,5,1,4.197638908,0.900678689,5.157160169,,5.162876467,0.800919433
0.01,7,0.6,400,5,0.6,5.453736451,0.832349935,5.633903804,,5.170593413,0.800323857
0.01,5,0.7,300,3,0.8,5.009933336,0.858525607,5.468577004,,5.172896622,0.800145929
0.01,8,0.6,400,5,0.6,5.450210562,0.832567176,5.634141568,,5.177817958,0.799765478
0.01,6,0.9,300,1,0.6,3.955690315,0.911793509,5.371655829,,5.183469548,0.799328127
0.01,7,0.6,300,3,0.8,5.076188172,0.854759391,5.473963926,,5.18381278,0.799301551
0.01,7,0.6,300,3,1,4.569927532,0.88228727,5.194340777,,5.184093151,0.79927984
0.01,6,0.6,400,5,0.6,5.469936948,0.831352849,5.637373186,,5.184272764,0.799265931
0.01,6,0.8,300,3,1,4.177716223,0.901625177,5.173434191,,5.188605683,0.798930251
0.01,4,0.9,400,5,0.8,4.800430832,0.87010542,5.463553813,,5.190104298,0.798814085
0.01,6,0.6,300,3,0.8,5.111637105,0.85272284,5.465016639,,5.191932515,0.798672325
0.01,4,0.6,400,3,1,4.291305706,0.896193949,5.114239256,,5.192721093,0.798611163
0.01,4,0.6,300,1,0.8,4.541872066,0.883717425,5.273667828,,5.193588106,0.798543907
0.01,6,0.9,400,5,0.6,4.813918091,0.869371153,5.446142396,,5.194816004,0.798448636
0.1,3,0.6,100,1,0.6,3.010964826,0.948869718,4.531335973,,5.196092045,0.798349607
0.01,8,0.6,300,3,0.8,5.065195426,0.855386942,5.472666075,,5.197240857,0.798260431
0.1,3,0.9,100,10,1,3.911239133,0.91375935,4.864482659,,5.198647497,0.798151214
0.01,8,0.6,300,3,1,4.550744658,0.883273461,5.182579951,,5.198694447,0.798147568
0.01,5,0.6,300,3,0.8,5.231490275,0.845736663,5.505935758,,5.212498949,0.797074156
0.01,5,0.9,400,5,1,4.058980704,0.907130033,5.203821056,,5.218584441,0.796600055
0.01,4,0.8,300,1,0.8,4.259070694,0.897747674,5.256444447,,5.222263515,0.796313162
0.01,5,0.9,300,1,0.6,4.192393391,0.900921447,5.464596917,,5.2255888,0.796053684
0.01,6,0.6,300,3,1,4.634387911,0.878944149,5.204319285,,5.226272156,0.79600034
0.01,4,0.7,400,3,1,4.154519115,0.902708346,5.116755758,,5.227999665,0.795865456
0.01,4,0.6,400,5,0.6,5.717774592,0.815724655,5.752133846,,5.244288313,0.794591448
0.01,4,0.8,400,5,0.6,5.32562575,0.840129353,5.665439159,,5.252606096,0.793939349
0.01,8,0.9,400,5,0.6,4.761278114,0.872211237,5.431663342,,5.255530435,0.79370984
0.1,3,0.9,100,10,0.6,4.330964765,0.894244422,4.974110713,,5.256289313,0.793650261
0.1,3,0.7,100,10,1,4.051201715,0.907467733,4.854803827,,5.258713726,0.793459864
0.01,7,0.9,400,5,0.6,4.772727823,0.871595871,5.425539785,,5.261352023,0.793252569
0.01,4,0.9,400,3,1,3.946250836,0.912202714,5.205196841,,5.26564607,0.792914958
0.01,4,0.6,300,1,0.6,5.007020018,0.858682437,5.571429487,,5.26659146,0.792840592
0.01,4,0.7,400,5,0.6,5.506886297,0.829064209,5.687525678,,5.284298003,0.79144529
0.1,3,0.8,100,10,1,3.970245377,0.91113524,4.8231469,,5.294187894,0.790663913
0.01,5,0.7,300,3,1,4.59074409,0.881214155,5.297269317,,5.302285719,0.790023035
0.01,7,0.9,200,1,1,3.982199293,0.910615952,5.348334658,,5.303831996,0.789900548
0.1,3,0.6,100,10,1,4.250034113,0.898178196,4.988742029,,5.319482419,0.788658806
0.01,8,0.8,200,1,1,4.06108805,0.907044569,5.255077558,,5.31957064,0.788651796
0.01,4,0.9,400,5,0.6,5.192736463,0.848006289,5.636793552,,5.323576601,0.78833336
0.01,4,0.7,300,1,0.8,4.399937343,0.89086405,5.30647499,,5.32685641,0.788072468
0.01,4,0.8,400,3,1,4.035581228,0.908192146,5.104291799,,5.326971897,0.788063278
0.01,5,0.9,400,10,0.8,5.524570349,0.827967115,5.686506336,,5.329756472,0.787841649
0.01,4,0.8,400,5,1,4.608526673,0.880284256,5.353741261,,5.331053474,0.787738378
0.01,4,0.9,300,1,0.8,4.173230186,0.901827366,5.3104873,,5.331322899,0.787716923
0.01,7,0.8,200,1,1,4.147112283,0.903062301,5.271801555,,5.340784045,0.786962805
0.01,6,0.8,200,1,1,4.349501047,0.893368333,5.297346248,,5.343020277,0.786784366
0.01,8,0.9,200,1,1,3.872487069,0.915476908,5.330306449,,5.354255455,0.785886734
0.01,4,0.6,400,5,1,4.930720227,0.862956521,5.358677789,,5.358515749,0.785545865
0.01,4,0.7,400,5,1,4.747585618,0.872951545,5.355112961,,5.367846359,0.784798371
0.01,5,0.8,400,10,0.8,5.722961588,0.815391773,5.743497831,,5.371808018,0.784480601
0.01,4,0.7,300,1,0.6,4.872968546,0.866142622,5.569456286,,5.37584908,0.784156221
0.01,8,0.8,400,10,0.8,5.632100663,0.821207175,5.705885429,,5.380163087,0.783809661
0.01,6,0.8,400,10,0.8,5.655904975,0.819693363,5.702704655,,5.384591281,0.78345364
0.01,6,0.9,400,10,0.8,5.443322057,0.832989569,5.638243388,,5.384624724,0.78345095
0.01,7,0.8,400,10,0.8,5.636412201,0.820933448,5.709521291,,5.385162949,0.783407657
0.01,5,0.8,300,5,0.8,5.514866707,0.828577835,5.684392306,,5.386226382,0.783322106
0.01,5,0.6,300,3,1,4.809900812,0.869599505,5.323324838,,5.39092891,0.782943593
0.01,7,0.9,400,10,0.8,5.421283916,0.834339741,5.629074222,,5.391787897,0.782874416
0.01,8,0.7,300,5,1,5.138383169,0.851183451,5.471425813,,5.397196791,0.782438568
0.01,5,0.8,300,3,1,4.41275478,0.890243862,5.323796644,,5.399438433,0.782257809
0.01,6,0.8,300,5,0.8,5.407458322,0.835189898,5.606856819,,5.399622489,0.782242964
0.01,8,0.7,200,1,1,4.298474113,0.895864754,5.270637877,,5.400357372,0.782183687
0.01,8,0.9,400,10,0.8,5.416777373,0.834614786,5.631583439,,5.403897436,0.781898026
0.01,6,0.9,200,1,1,4.226379408,0.899317446,5.371292526,,5.408302289,0.78154232
0.01,7,0.8,300,5,0.8,5.374578381,0.837187188,5.604290781,,5.408753812,0.781505842
0.01,7,0.7,300,5,1,5.150247962,0.850495122,5.471877371,,5.41038638,0.781373922
0.01,5,0.9,300,3,1,4.270001744,0.897219814,5.358902563,,5.410912642,0.781331389
0.01,8,0.8,300,5,0.8,5.364897688,0.837773292,5.607300975,,5.411208577,0.78130747
0.01,7,0.9,300,5,1,4.738623024,0.87344015,5.493254285,,5.420365753,0.780566674
0.01,6,0.7,400,10,0.8,5.924749906,0.802145513,5.792808032,,5.420762189,0.780534575
0.01,4,0.6,300,1,1,4.237282208,0.898794506,5.120581649,,5.421335046,0.780488187
0.01,4,0.9,300,1,1,3.941928932,0.912399097,5.343589106,,5.421771086,0.780452875
0.01,8,0.9,300,5,1,4.702854969,0.875343753,5.511695158,,5.425676276,0.78013649
0.01,4,0.8,300,3,0.8,5.188970854,0.848235616,5.622720562,,5.426115697,0.780100876
0.01,6,0.8,300,3,0.6,5.23662247,0.845435047,5.669551594,,5.42638885,0.780078735
0.01,7,0.7,400,10,0.8,5.909861977,0.803137921,5.794646146,,5.426405655,0.780077373
0.01,3,0.6,400,1,0.6,4.829530152,0.868522642,5.361971773,,5.426572966,0.780063811
0.01,4,0.9,400,5,1,4.516207708,0.885023072,5.392657655,,5.426662833,0.780056527
0.01,7,0.7,200,1,1,4.368354917,0.892450206,5.276463229,,5.428543228,0.779904075
0.01,3,0.6,400,1,0.8,4.526633734,0.884496902,5.155811606,,5.428658812,0.779894702
0.01,7,0.9,400,10,1,5.029906299,0.857397259,5.550636371,,5.429048908,0.779863068
0.01,8,0.9,400,10,1,5.016605392,0.858151545,5.553961992,,5.431714784,0.779646823
0.01,8,0.7,400,10,0.8,5.906753497,0.803344647,5.795412445,,5.433071951,0.779536695
0.01,5,0.7,400,10,0.8,5.980308638,0.798417219,5.80857577,,5.433902899,0.779469253
0.01,6,0.8,200,1,0.8,4.97139619,0.860694951,5.577033974,,5.439239496,0.779035877
0.01,8,0.8,300,5,1,4.876519085,0.865967556,5.44185274,,5.44041301,0.778940521
0.01,5,0.7,300,3,0.6,5.571346408,0.825046045,5.77653927,,5.441000916,0.778892742
0.01,6,0.7,300,5,1,5.194677615,0.847904773,5.507431659,,5.445647216,0.778514955
0.01,8,0.8,400,10,1,5.229860049,0.845836095,5.534017771,,5.447172583,0.778390858
0.01,4,0.7,300,1,1,4.111024414,0.904727618,5.165261772,,5.447274701,0.778382549
0.01,6,0.9,300,5,0.8,5.217167456,0.846580503,5.608155411,,5.449102553,0.778233795
0.01,6,0.8,300,5,1,4.954255857,0.8616581,5.462141863,,5.449292765,0.778218313
0.01,8,0.8,300,3,0.6,5.176539055,0.848962307,5.660336527,,5.450561437,0.778115033
0.01,8,0.7,300,5,0.8,5.613520916,0.822389286,5.687598474,,5.453467536,0.777878363
0.01,6,0.7,300,5,0.8,5.646586741,0.820290601,5.687630756,,5.453639234,0.777864376
0.01,7,0.6,200,1,1,4.6291989,0.879223004,5.276665668,,5.454130237,0.777824376
0.01,7,0.8,300,3,0.6,5.190057752,0.848172369,5.661330398,,5.454598213,0.777786248
0.01,8,0.6,200,1,1,4.579681808,0.881793271,5.243023226,,5.457177064,0.77757608
0.01,5,0.9,300,5,0.8,5.345870525,0.83892006,5.695853251,,5.458120351,0.77749918
0.01,7,0.8,400,10,1,5.238877171,0.845303586,5.538839662,,5.45871218,0.777450925
0.01,7,0.7,300,5,0.8,5.619971724,0.821980862,5.692615939,,5.459844187,0.777358613
0.01,4,0.8,300,1,1,4.007982691,0.909443718,5.20732157,,5.462864892,0.777112188
0.01,7,0.8,300,5,1,4.898386179,0.864762604,5.442049624,,5.466332708,0.776829121
0.01,5,0.8,300,3,0.6,5.365822488,0.837713738,5.756494765,,5.468364775,0.776663166
0.01,4,0.8,300,1,0.6,4.723554347,0.87422532,5.573644878,,5.469155352,0.776598585
0.01,6,0.7,200,1,1,4.535951136,0.884038582,5.313210233,,5.469216701,0.776593573
0.01,6,0.7,200,1,0.8,5.153401487,0.850313551,5.576635196,,5.469272626,0.776589004
0.01,6,0.6,200,1,0.8,5.379061932,0.83692067,5.628908751,,5.469361876,0.776581712
0.01,8,0.7,300,3,0.6,5.421575438,0.83432627,5.716493234,,5.470132998,0.776518709
0.01,4,0.7,300,3,0.8,5.36498806,0.837765219,5.636641989,,5.471403219,0.776414907
0.01,7,0.7,300,3,0.6,5.429123989,0.83386446,5.706201992,,5.472077257,0.776359816
0.01,7,0.9,200,1,0.8,4.683953907,0.876339124,5.52231336,,5.472257852,0.776345054
0.01,7,0.8,200,1,0.8,4.837423856,0.868102256,5.523176698,,5.475476038,0.776081918
0.01,6,0.9,400,10,1,5.069596947,0.855137572,5.575495558,,5.475561701,0.776074911
0.01,4,0.6,300,3,0.8,5.542196418,0.826875751,5.656182269,,5.478689019,0.775819053
0.01,8,0.7,200,1,0.8,5.017932544,0.858082127,5.534151753,,5.478731268,0.775815595
0.01,6,0.8,400,10,1,5.26939275,0.843496256,5.567036934,,5.479964969,0.77571462
0.01,4,0.9,300,1,0.6,4.620302147,0.879668906,5.62489192,,5.483532037,0.775422537
0.01,5,0.6,300,3,0.6,5.784573256,0.811397789,5.802774754,,5.483768133,0.775403198
0.01,7,0.7,200,1,0.8,5.051710371,0.856162904,5.542895665,,5.48546334,0.775264317
0.01,4,0.9,300,3,0.8,5.092359348,0.853828249,5.676168675,,5.486699865,0.775162986
0.01,5,0.9,300,3,0.6,5.242607857,0.845081566,5.730859544,,5.4875767,0.775091117
0.01,7,0.6,300,3,0.6,5.675484492,0.818445436,5.775092691,,5.492186519,0.774713091
0.01,8,0.8,200,1,0.8,4.793847172,0.870469624,5.529261766,,5.494972193,0.774484499
0.01,8,0.6,300,3,0.6,5.66902621,0.818858723,5.768358157,,5.495897982,0.774408503
0.01,8,0.9,200,1,0.8,4.63294954,0.87901797,5.53520373,,5.497039873,0.77431475
0.01,8,0.9,300,5,0.8,5.167222767,0.849504549,5.593508453,,5.497169747,0.774304086
0.01,6,0.6,300,3,0.6,5.700106565,0.816865117,5.786466522,,5.497376999,0.774287068
0.01,5,0.7,300,5,0.8,5.735527978,0.814586033,5.741322509,,5.499477643,0.774114537
0.01,8,0.7,400,10,1,5.511726676,0.828771529,5.594225366,,5.504817937,0.77367563
0.01,6,0.7,300,3,0.6,5.463577434,0.831748911,5.715572539,,5.506292704,0.773554347
0.01,6,0.7,400,10,1,5.538268098,0.827118718,5.616541912,,5.506523894,0.773535331
0.01,7,0.7,400,10,1,5.517448352,0.828415766,5.596820157,,5.509038196,0.773328474
0.01,7,0.6,200,1,0.8,5.304818445,0.841392576,5.620508161,,5.509410795,0.773297812
0.01,7,0.9,300,5,0.8,5.180523131,0.848729061,5.591184847,,5.510718206,0.773190204
0.01,6,0.9,300,5,1,4.803730335,0.869936999,5.501804983,,5.514838908,0.772850878
0.01,6,0.9,300,3,0.6,5.099664693,0.853412188,5.657957807,,5.515471684,0.772798748
0.01,6,0.6,200,1,1,4.757479633,0.872435285,5.279836524,,5.516618471,0.772704258
0.01,7,0.9,300,3,0.6,5.040062406,0.856819336,5.641027782,,5.520512378,0.772383272
0.01,4,0.9,400,10,0.8,5.731516176,0.814839479,5.744074078,,5.52434442,0.772067163
0.01,3,0.6,400,3,0.6,5.568125631,0.825242684,5.630807593,,5.5313775,0.771486428
0.01,6,0.9,200,1,0.8,4.841155649,0.867897098,5.569123581,,5.532643521,0.771381812
0.01,3,0.7,400,1,0.8,4.491875237,0.886263946,5.183607437,,5.532830066,0.771366395
0.01,8,0.9,300,3,0.6,5.020055972,0.857952795,5.635443976,,5.540109684,0.770764367
0.01,4,0.8,400,10,0.8,5.897757266,0.803942493,5.796080136,,5.540136903,0.770762114
0.01,8,0.6,200,1,0.8,5.279809743,0.842883309,5.616655601,,5.543573232,0.770477652
0.01,5,0.9,400,10,0.6,6.01587741,0.796015475,5.983867433,,5.547092082,0.770186175
0.01,3,0.7,400,1,0.6,4.774412956,0.871506015,5.387021068,,5.554019243,0.769611837
0.01,5,0.8,400,10,1,5.366603696,0.837668658,5.61999854,,5.568453548,0.768412773
0.01,5,0.9,400,10,1,5.193058029,0.847995183,5.647952125,,5.568767845,0.768386629
0.01,3,0.6,400,3,0.8,5.217746256,0.846543826,5.412109134,,5.572358689,0.768087836
0.01,5,0.7,400,10,1,5.613412801,0.822395844,5.651293747,,5.572909653,0.768041973
0.01,7,0.6,300,5,0.8,5.905182725,0.8034545,5.795511115,,5.573888233,0.767960504
0.01,3,0.9,400,1,0.8,4.454968317,0.888124106,5.221923956,,5.581228554,0.767348951
0.01,5,0.8,300,5,1,5.113826412,0.852603821,5.574815644,,5.583696616,0.767143145
0.01,8,0.6,300,5,0.8,5.901636196,0.803690228,5.796623526,,5.590071145,0.766611168
0.01,3,0.7,400,3,0.8,5.133096963,0.851482933,5.421542666,,5.590417973,0.766582206
0.01,4,0.7,400,10,0.8,6.142944823,0.787307826,5.879419173,,5.590610207,0.766566153
0.01,6,0.6,300,5,0.8,5.923051482,0.80226388,5.788412703,,5.596338406,0.76608755
0.01,5,0.8,200,1,0.8,5.212358642,0.846866378,5.677499207,,5.600689295,0.765723697
0.01,5,0.6,300,5,0.8,5.992071832,0.797631072,5.820328112,,5.602894757,0.765539152
0.01,5,0.7,300,5,1,5.325448518,0.84015006,5.582336654,,5.60483718,0.765376558
0.01,3,0.8,400,1,0.8,4.458315713,0.887956651,5.151010781,,5.610770594,0.764879539
0.01,4,0.6,300,3,0.6,6.024720713,0.795414265,5.926340986,,5.61176463,0.764796221
0.01,3,0.9,400,1,1,4.323795177,0.894619426,5.189461567,,5.633714932,0.762952633
0.01,3,0.7,400,3,0.6,5.470751714,0.831303581,5.613584419,,5.634122443,0.762918338
0.01,4,0.7,300,3,0.6,5.841456734,0.807672146,5.885465502,,5.635826084,0.762774939
0.01,6,0.6,400,10,0.8,6.263383553,0.778889032,5.982258538,,5.637004096,0.762675758
0.01,8,0.6,300,5,1,5.446663584,0.832794866,5.543339518,,5.637571069,0.762628016
0.01,7,0.6,400,10,0.8,6.256402249,0.779381745,5.980919636,,5.637733874,0.762614305
0.01,4,0.8,300,5,0.8,5.778325352,0.811808175,5.80783731,,5.6384074,0.762557582
0.01,3,0.6,400,1,1,4.323016858,0.894656312,5.032113224,,5.638523507,0.762547803
0.01,7,0.6,300,5,1,5.454760196,0.832297154,5.532825928,,5.641119817,0.762329079
0.01,3,0.8,400,3,0.8,5.069433045,0.855143567,5.410635788,,5.645540568,0.761956424
0.01,8,0.6,400,10,0.8,6.255239134,0.779463891,5.979077991,,5.645948615,0.761922012
0.01,4,0.8,300,3,0.6,5.654909997,0.819755556,5.871250993,,5.645952744,0.761921664
0.01,5,0.6,400,10,0.8,6.301960969,0.776157284,5.988877208,,5.64879946,0.761681523
0.01,5,0.6,200,1,0.8,5.580630173,0.824467408,5.725335245,,5.652299075,0.761386139
0.01,3,0.9,400,1,0.6,4.687032442,0.876162938,5.399552553,,5.655587563,0.761108409
0.01,8,0.6,400,10,1,5.842977789,0.807573797,5.703792973,,5.655855514,0.761085772
0.01,4,0.9,400,10,0.6,6.153890854,0.78654889,6.029831643,,5.656038669,0.761070298
0.01,7,0.6,400,10,1,5.845824652,0.807386245,5.706073023,,5.658725385,0.760843253
0.01,6,0.6,300,5,1,5.485150434,0.830423026,5.548799204,,5.660266055,0.760713007
0.01,3,0.8,400,1,0.6,4.712813772,0.874797711,5.3550826,,5.660707648,0.760675669
0.01,3,0.7,400,1,1,4.30796165,0.895389164,5.064194648,,5.666632206,0.760174448
0.01,5,0.8,400,10,0.6,6.216550463,0.782180683,6.059558545,,5.667848274,0.760071503
0.01,5,0.9,200,1,0.8,5.091783417,0.853865944,5.707833566,,5.671329195,0.759776708
0.01,5,0.9,300,5,1,4.985757682,0.859893145,5.59157112,,5.674350274,0.759520709
0.01,5,0.7,200,1,0.8,5.38354198,0.836643291,5.680657503,,5.676672293,0.759323854
0.01,7,0.9,400,10,0.6,5.948622949,0.800551591,5.940024763,,5.677572453,0.759247519
0.01,4,0.9,300,3,0.6,5.536012361,0.827252833,5.907977416,,5.67842377,0.759175315
0.01,3,0.7,400,5,0.8,5.579861868,0.824506494,5.547803866,,5.678514339,0.759167633
0.01,8,0.8,400,10,0.6,6.157173369,0.786322697,6.017964054,,5.678897358,0.759135143
0.01,6,0.8,400,10,0.6,6.170909377,0.785368011,6.02558468,,5.679003538,0.759126136
0.01,4,0.7,300,5,0.8,5.982924013,0.798247347,5.826440931,,5.679980041,0.759043293
0.01,7,0.8,400,10,0.6,6.15917943,0.786183566,6.024343993,,5.68010511,0.759032681
0.01,6,0.6,400,10,1,5.858652193,0.806539884,5.714868804,,5.680366408,0.75901051
0.01,6,0.9,400,10,0.6,5.963907727,0.799524922,5.953162865,,5.680787171,0.758974807
0.01,4,0.9,400,10,1,5.484700215,0.830439849,5.680403584,,5.681886301,0.75888153
0.01,3,0.9,400,3,0.8,5.053035867,0.856077929,5.489397729,,5.683377893,0.758754918
0.01,8,0.9,400,10,0.6,5.945706481,0.800747058,5.939631336,,5.684413629,0.758666981
0.01,4,0.7,300,3,1,5.024385592,0.857712557,5.545692742,,5.687863821,0.758373935
0.01,3,0.8,400,3,0.6,5.362800474,0.837891176,5.57170115,,5.697331272,0.757568893
0.01,6,0.8,300,5,0.6,5.96408741,0.799517794,5.962663337,,5.69841934,0.757476285
0.01,4,0.9,300,5,0.8,5.655588017,0.819712788,5.812732731,,5.69855121,0.757465061
0.01,4,0.9,300,3,1,4.800607579,0.870088997,5.627566872,,5.70100441,0.757256195
0.01,3,0.8,400,5,0.8,5.467557652,0.831500107,5.518483884,,5.705169949,0.756901336
0.01,4,0.8,400,10,0.6,6.33778651,0.773602993,6.102157793,,5.708012302,0.756659049
0.01,4,0.6,300,3,1,5.190629276,0.848141939,5.554821884,,5.708812872,0.756590785
0.01,5,0.8,300,5,0.6,6.045636287,0.793996807,6.01158519,,5.709911554,0.756497086
0.01,4,0.8,300,3,1,4.881663128,0.86567787,5.53771629,,5.710844419,0.756417514
0.01,5,0.6,300,5,1,5.588899879,0.823945708,5.612784374,,5.713280827,0.756209631
0.01,5,0.7,400,10,0.6,6.479147325,0.76339105,6.145304859,,5.715547566,0.756016146
0.01,6,0.7,400,10,0.6,6.44533103,0.765855707,6.121597871,,5.717116757,0.755882157
0.01,3,0.6,400,5,0.6,6.097470476,0.790440105,5.871628313,,5.717681737,0.755833906
0.01,8,0.7,400,10,0.6,6.437754117,0.76640694,6.12240653,,5.720228947,0.755616307
0.01,7,0.7,400,10,0.6,6.438781276,0.766332234,6.120844838,,5.720669437,0.755578667
0.01,5,0.8,200,1,1,4.708045716,0.875070253,5.457409889,,5.727794797,0.754969412
0.01,4,0.6,400,10,0.8,6.435204148,0.766590726,6.052907562,,5.733361825,0.754492874
0.01,3,0.9,400,3,0.6,5.308155049,0.841175763,5.603284318,,5.734746415,0.754374282
0.01,8,0.8,300,5,0.6,5.936028741,0.801400475,5.953307992,,5.738085555,0.75408816
0.01,3,0.6,400,5,0.8,5.718019128,0.815708164,5.615942244,,5.739987444,0.753925118
0.01,3,0.7,400,5,0.6,5.929956579,0.801797016,5.833920534,,5.740294004,0.753898833
0.01,5,0.6,400,10,1,5.916694689,0.802687344,5.741576445,,5.741047468,0.753834222
0.01,5,0.7,200,1,1,4.858261091,0.866973632,5.46000847,,5.74337946,0.753634199
0.01,4,0.8,400,10,1,5.630122224,0.821333391,5.691570473,,5.744869843,0.75350632
0.01,5,0.9,300,5,0.6,5.887764553,0.804611716,5.953077766,,5.744996184,0.753495478
0.01,7,0.8,300,5,0.6,5.940679798,0.801089275,5.948299579,,5.747585876,0.753273193
0.01,3,0.8,400,1,1,4.289204373,0.89629676,5.058736436,,5.747923089,0.753244241
0.01,4,0.6,300,5,0.8,6.206024613,0.782925697,5.937025178,,5.75095451,0.752983897
0.01,4,0.7,400,10,0.6,6.587251854,0.755430702,6.214022076,,5.767456063,0.751564308
0.01,5,0.7,300,5,0.6,6.280364528,0.777690651,6.071630459,,5.771327985,0.751230626
0.01,5,0.6,200,1,1,5.038478685,0.856920321,5.419641241,,5.773490619,0.751044153
0.01,5,0.9,200,1,1,4.588667254,0.881321108,5.502857281,,5.775786559,0.75084611
0.01,4,0.7,400,10,1,5.825947139,0.808691888,5.755717876,,5.782883161,0.750233472
0.01,3,0.6,400,3,1,4.978143997,0.860311478,5.363254615,,5.783078668,0.750216584
0.01,3,0.9,400,5,0.8,5.42047594,0.834387551,5.580701551,,5.784511376,0.750092805
0.01,3,0.8,400,5,0.6,5.789094431,0.811101007,5.730704218,,5.793886879,0.749282052
0.01,5,0.6,300,5,0.6,6.532899445,0.759456151,6.182150325,,5.813114836,0.747615194
0.01,3,0.6,300,1,0.8,5.293688437,0.842044933,5.536950911,,5.816697472,0.747304008
0.01,6,0.7,300,5,0.6,6.215574326,0.782254681,6.03256168,,5.816973409,0.747280032
0.01,3,0.9,400,3,1,4.898012524,0.864776588,5.520401809,,5.819199093,0.747086604
0.01,7,0.7,300,5,0.6,6.199378275,0.783388387,6.026079541,,5.819742497,0.747039367
0.01,8,0.7,300,5,0.6,6.196757585,0.783571692,6.02468638,,5.820852583,0.746942856
0.01,8,0.9,200,3,1,5.376324688,0.83709651,5.751702965,,5.82761607,0.746354439
0.01,3,0.7,400,3,1,4.923179152,0.863382216,5.370334056,,5.828686221,0.746261275
0.01,6,0.9,300,5,0.6,5.792409369,0.810888841,5.931124044,,5.841082626,0.745180828
0.01,7,0.9,200,3,1,5.412098075,0.834920115,5.758741334,,5.845074349,0.744832428
0.01,4,0.8,300,5,1,5.473803514,0.831121933,5.731195478,,5.853007399,0.744139322
0.01,3,0.8,400,3,1,4.879003293,0.86582119,5.394830812,,5.856701878,0.743816216
0.01,4,0.6,400,10,1,6.106623133,0.789818859,5.870483143,,5.862441471,0.743313847
0.01,3,0.6,300,1,0.6,5.673583874,0.818558165,5.764400186,,5.863415366,0.743228557
0.01,4,0.8,300,5,0.6,6.245122702,0.780175721,6.095282452,,5.863879,0.743187948
0.01,6,0.6,400,10,0.6,6.77993828,0.740918468,6.306708048,,5.864899337,0.743098568
0.01,8,0.6,400,10,0.6,6.774564508,0.741329536,6.304289473,,5.868147498,0.742813929
0.01,7,0.6,400,10,0.6,6.775204042,0.741280397,6.305373246,,5.870950724,0.742568154
0.01,8,0.9,300,5,0.6,5.755353193,0.813300168,5.919846148,,5.878332635,0.741920377
0.01,5,0.6,400,10,0.6,6.801635607,0.739257579,6.317361587,,5.878930614,0.741867867
0.01,4,0.7,300,5,1,5.651003607,0.820009877,5.744570868,,5.880409025,0.741738023
0.01,6,0.6,300,5,0.6,6.487547924,0.762784583,6.15123636,,5.882245998,0.741576641
0.01,8,0.6,300,5,0.6,6.473851856,0.763785306,6.150941092,,5.882493522,0.741554892
0.01,4,0.6,300,5,0.6,6.695159998,0.747357723,6.243420822,,5.883907156,0.741430662
0.01,7,0.6,300,5,0.6,6.476370631,0.763601299,6.14973559,,5.884178165,0.741406842
0.01,7,0.9,300,5,0.6,5.762408908,0.812841685,5.919423058,,5.886350055,0.74121591
0.01,3,0.9,400,5,0.6,5.700002385,0.81686609,5.731896417,,5.889547469,0.740934695
0.01,4,0.7,300,5,0.6,6.459915288,0.764798779,6.159364182,,5.897784245,0.740209562
0.01,4,0.9,300,5,0.6,6.104589341,0.789953619,6.076368722,,5.901039681,0.739922686
0.01,3,0.9,300,1,0.8,5.160104447,0.84991343,5.618568379,,5.903424344,0.739712445
0.01,4,0.9,300,5,1,5.393690991,0.836022374,5.78574331,,5.904843275,0.739587306
0.01,3,0.7,300,1,0.8,5.242297766,0.845092763,5.562905768,,5.905840514,0.739499339
0.01,4,0.6,400,10,0.6,6.886858787,0.732681188,6.343570452,,5.913735006,0.738802437
0.01,7,0.8,200,3,1,5.580517169,0.824489155,5.700287881,,5.916524501,0.738555966
0.01,8,0.8,200,3,1,5.555063543,0.826087186,5.693152234,,5.917813085,0.738442072
0.01,3,0.8,300,1,0.8,5.174209771,0.849096117,5.527266135,,5.918142046,0.738412992
0.01,3,0.7,400,5,1,5.357471648,0.838213689,5.528886901,,5.919359438,0.738305361
0.01,6,0.8,200,1,0.6,5.611974211,0.822490277,6.067186186,,5.92921108,0.737433555
0.01,6,0.9,200,3,1,5.489866515,0.83014025,5.754557099,,5.929826812,0.737379019
0.01,3,0.8,400,5,1,5.28689252,0.84245016,5.515524021,,5.932898881,0.737106836
0.01,7,0.7,200,1,0.6,5.716821212,0.815798183,6.01671084,,5.938295831,0.736628329
0.01,3,0.6,400,5,1,5.476403207,0.830947149,5.535178343,,5.942106855,0.736290172
0.01,6,0.6,200,1,0.6,6.001136004,0.79701816,6.07852299,,5.945267503,0.736009559
0.01,6,0.9,200,3,0.8,6.026009939,0.795340773,5.975883964,,5.958614345,0.734822937
0.01,7,0.8,200,1,0.6,5.520759855,0.82821411,6.031005247,,5.966676298,0.734104887
0.01,6,0.8,200,3,1,5.64168363,0.820618333,5.722367146,,5.967142515,0.734063333
0.01,7,0.9,200,1,0.6,5.387127325,0.836429599,6.021752256,,5.969270618,0.733873613
0.01,3,0.7,300,1,0.6,5.59503902,0.823543139,5.792115932,,5.971828967,0.733645448
0.01,3,0.6,300,1,1,5.08812455,0.85407348,5.456156805,,5.977113858,0.733173808
0.01,4,0.6,300,5,1,5.859544223,0.806484101,5.753223228,,5.978165545,0.733079902
0.01,8,0.7,200,1,0.6,5.698793104,0.816959788,6.019748569,,5.981431633,0.732788166
0.01,3,0.9,300,1,1,5.057738906,0.855817443,5.608242128,,5.981971128,0.732739962
0.01,7,0.9,200,3,0.8,5.985868945,0.798059331,5.947486593,,5.982720835,0.732672967
0.01,6,0.7,200,1,0.6,5.785072178,0.81137058,6.038464636,,5.985946265,0.732384645
0.01,8,0.9,200,3,0.8,5.974670706,0.798814315,5.954392049,,5.996543455,0.731436263
0.01,3,0.8,300,3,0.8,5.817358669,0.809254738,5.763736773,,5.997878604,0.731316657
0.01,8,0.9,200,1,0.6,5.353741634,0.83845086,6.020638275,,5.998929719,0.731222476
0.01,3,0.9,400,5,1,5.277716421,0.842997804,5.599083792,,6.010769664,0.730160469
0.01,5,0.9,200,3,0.8,6.151347034,0.786737032,6.065168833,,6.012083848,0.730042462
0.01,5,0.8,200,1,0.6,5.800500221,0.810363791,6.148052473,,6.012170688,0.730034663
0.01,7,0.6,200,1,0.6,5.953612707,0.800222021,6.053659962,,6.015308528,0.729752792
0.01,8,0.7,200,3,1,5.797384029,0.810581649,5.737256465,,6.019466368,0.729379068
0.01,6,0.8,200,3,0.8,6.187690427,0.784209831,5.990886044,,6.020074007,0.729324429
0.01,6,0.9,200,1,0.6,5.503362492,0.829294535,6.059455273,,6.020777307,0.729261182
0.01,3,0.8,400,10,0.8,6.254631089,0.779498399,5.863560449,,6.023968164,0.728974136
0.01,8,0.8,200,1,0.6,5.492953221,0.829941997,6.024121882,,6.027254148,0.728678375
0.01,7,0.8,200,3,0.8,6.152531473,0.786656431,5.995554422,,6.030479196,0.728387941
0.01,3,0.7,300,3,0.8,5.92524405,0.802114096,5.79601389,,6.034188445,0.72805371
0.01,7,0.7,200,3,1,5.812981838,0.809560406,5.733926405,,6.034824971,0.727996333
0.01,5,0.9,300,10,0.8,6.457852783,0.764949755,6.110959814,,6.036441018,0.727850636
0.01,3,0.7,300,1,1,5.039562284,0.856848165,5.469656793,,6.040457833,0.727488324
0.01,6,0.7,200,3,1,5.863438995,0.806239109,5.774444184,,6.044643415,0.727110533
0.01,3,0.9,300,3,0.8,5.786421079,0.811278132,5.841146821,,6.045397089,0.727042478
0.01,3,0.6,300,3,0.8,6.055628297,0.793314866,5.816132104,,6.048252996,0.726784522
0.01,8,0.8,200,3,0.8,6.143137495,0.787308295,6.002144454,,6.050568259,0.726575309
0.01,3,0.9,400,10,0.8,6.131938904,0.788065461,5.834623951,,6.050887684,0.726546438
0.01,8,0.6,200,1,0.6,5.938081324,0.801263129,6.05996298,,6.051184421,0.726519617
0.01,3,0.9,300,1,0.6,5.429529229,0.833828645,5.785133849,,6.052024931,0.726443639
0.01,5,0.6,200,1,0.6,6.153061602,0.78660662,6.172545542,,6.054928307,0.726181106
0.01,5,0.7,200,1,0.6,5.968081704,0.799245262,6.140914263,,6.057890679,0.725913109
0.01,3,0.8,300,1,1,5.021695376,0.857863525,5.49224956,,6.058501511,0.725857833
0.01,4,0.6,200,1,0.8,5.992731203,0.797583322,5.941313768,,6.059129691,0.72580098
0.01,5,0.8,300,10,0.8,6.656015697,0.75030621,6.201302483,,6.064763153,0.725290872
0.01,3,0.8,300,1,0.6,5.502340774,0.829345243,5.780421821,,6.065180247,0.725253085
0.01,5,0.8,200,3,0.8,6.303532541,0.776053146,6.060635734,,6.07468687,0.724391128
0.01,3,0.6,300,3,0.6,6.467047704,0.764272501,6.084796402,,6.08040763,0.723871781
0.01,4,0.8,200,1,0.8,5.718505001,0.815687086,5.952523949,,6.080600249,0.723854286
0.01,3,0.7,400,10,0.8,6.47884078,0.763410414,5.954784803,,6.081484704,0.723773947
0.01,3,0.9,400,10,0.6,6.464840433,0.764432974,6.095195153,,6.087464279,0.723230485
0.01,6,0.8,300,10,0.8,6.610166068,0.753734344,6.158718562,,6.089714447,0.723025837
0.01,8,0.8,300,10,0.8,6.597798129,0.754655185,6.164487751,,6.092613523,0.722762061
0.01,7,0.8,300,10,0.8,6.600016199,0.754490408,6.166568469,,6.092956214,0.722730873
0.01,5,0.8,200,3,1,5.803398158,0.810185105,5.850274608,,6.097501182,0.722317067
0.01,5,0.9,200,1,0.6,5.700937807,0.816815644,6.167806169,,6.09782098,0.722287939
0.01,6,0.9,300,10,0.8,6.404563683,0.768813164,6.079521983,,6.106670492,0.721481291
0.01,3,0.8,400,10,0.6,6.614330261,0.753414181,6.133719435,,6.109532345,0.721220177
0.01,8,0.9,300,10,0.8,6.390830094,0.769804015,6.079348671,,6.114763759,0.720742551
0.01,7,0.9,300,10,0.8,6.392893239,0.769655517,6.074613094,,6.115457057,0.720679222
0.01,3,0.7,300,3,0.6,6.328697244,0.774250299,6.056912145,,6.116770327,0.720559243
0.01,5,0.9,200,3,1,5.682735266,0.817995905,5.894413502,,6.117811276,0.720464125
0.01,7,0.6,200,3,1,6.083148292,0.791444839,5.847528855,,6.120649122,0.72020473
0.01,3,0.8,300,3,0.6,6.182512862,0.784557172,6.010358486,,6.133271891,0.719049483
0.01,8,0.6,200,3,1,6.074138781,0.792063141,5.836373371,,6.136219273,0.718779393
0.01,8,0.8,300,10,1,6.234402844,0.780939171,5.962231498,,6.139075693,0.718517515
0.01,8,0.7,200,3,0.8,6.375545729,0.770910669,6.094504303,,6.139660748,0.718463861
0.01,3,0.6,400,10,0.8,6.737777983,0.744121717,6.127913871,,6.142929216,0.718164028
0.01,3,0.7,400,10,0.6,6.853491066,0.735265261,6.262331388,,6.143981627,0.718067451
0.01,7,0.7,200,3,0.8,6.382584704,0.77040414,6.090938942,,6.145221325,0.717953666
0.01,8,0.9,300,10,1,6.037344475,0.794566389,5.981879985,,6.145270648,0.717949139
0.01,6,0.6,200,3,1,6.119509273,0.788944152,5.853715554,,6.146595701,0.717827493
0.01,4,0.9,300,10,0.8,6.627664011,0.752427035,6.16146324,,6.148378375,0.717663794
0.01,4,0.9,200,1,0.8,5.629016906,0.821415367,5.98530171,,6.150730458,0.717447736
0.01,7,0.8,300,10,1,6.239580667,0.780575155,5.964640507,,6.150866962,0.717435194
0.01,7,0.9,300,10,1,6.045124875,0.794035635,5.977119812,,6.151912573,0.717339117
0.01,3,0.9,300,3,0.6,6.105481787,0.78989094,6.02105313,,6.153238486,0.717217261
0.01,5,0.7,200,3,1,6.004562615,0.79679666,5.858285195,,6.154580157,0.71709393
0.01,3,0.8,300,5,0.8,6.257464713,0.779305248,5.921235796,,6.154998583,0.717055461
0.01,4,0.6,200,1,1,5.572347413,0.824988438,5.711287065,,6.155806516,0.716981175
0.01,5,0.7,300,10,0.8,6.930624302,0.729280087,6.337570099,,6.16008216,0.716587886
0.01,6,0.7,200,3,0.8,6.413902453,0.768145227,6.097792985,,6.160830637,0.71651901
0.01,4,0.7,200,1,0.8,5.856730315,0.806666346,5.96163239,,6.161002948,0.716503152
0.01,4,0.8,300,10,0.8,6.787982225,0.740306662,6.253289187,,6.162789465,0.716338716
0.01,6,0.8,300,10,1,6.260030225,0.779134281,5.992217182,,6.166128661,0.71603124
0.01,7,0.7,300,10,0.8,6.887637276,0.732627518,6.317972178,,6.171168515,0.715566849
0.01,8,0.7,300,10,0.8,6.886416219,0.732722162,6.317111707,,6.174244754,0.715283207
0.01,6,0.7,300,10,0.8,6.89452966,0.732092361,6.313820762,,6.174939634,0.715219116
0.01,3,0.9,300,3,1,5.635270258,0.821008697,5.872717504,,6.187487623,0.714060544
0.01,6,0.9,300,10,1,6.06989846,0.792344126,5.994149131,,6.188313716,0.713984187
0.01,3,0.7,300,5,0.8,6.42063898,0.767643932,5.983792788,,6.191686764,0.713672306
0.01,3,0.7,400,10,1,6.232832581,0.781031272,5.814729985,,6.193508549,0.713503788
0.01,6,0.7,300,10,1,6.523139619,0.760179121,6.091590264,,6.19700483,0.713180239
0.01,7,0.7,300,10,1,6.510838613,0.761082681,6.073487875,,6.197290406,0.713153803
0.01,5,0.7,200,3,0.8,6.510568748,0.761101428,6.128506365,,6.198845015,0.713009872
0.01,5,0.8,300,10,1,6.32469011,0.77454875,6.04114335,,6.198882148,0.713006434
0.01,8,0.7,300,10,1,6.508293359,0.761269487,6.072161499,,6.199040672,0.712991755
0.01,3,0.9,300,5,0.8,6.173170719,0.785204292,5.952816993,,6.200342376,0.712871208
0.01,5,0.9,300,10,1,6.160401456,0.786106285,6.054997199,,6.213072303,0.711690989
0.01,3,0.8,400,10,1,6.065049088,0.792662783,5.757366404,,6.214573259,0.711551673
0.01,5,0.7,300,10,1,6.572280213,0.756551981,6.124388967,,6.217354542,0.711293429
0.01,3,0.6,300,3,1,5.788274046,0.811154467,5.720639047,,6.218971444,0.711143246
0.01,3,0.6,400,10,0.6,7.123512061,0.71399197,6.385692642,,6.22077904,0.710975305
0.01,4,0.8,200,1,1,5.326464637,0.840092426,5.782501849,,6.226305891,0.710461508
0.01,3,0.7,300,3,1,5.690738897,0.817466016,5.70158025,,6.22652294,0.710441322
0.01,6,0.6,200,3,0.8,6.664535056,0.749673706,6.211402062,,6.227340357,0.71036529
0.01,7,0.6,200,3,0.8,6.645427515,0.751108439,6.225885201,,6.233573243,0.709785215
0.01,3,0.9,400,10,1,5.957255698,0.79996662,5.75307504,,6.238204235,0.709353847
0.01,3,0.8,300,3,1,5.62682659,0.821544411,5.748820744,,6.240077596,0.709179256
0.01,4,0.7,200,1,1,5.453259402,0.832389877,5.759974525,,6.244998067,0.708720435
0.01,5,0.6,200,3,1,6.239845099,0.780561139,5.926795727,,6.253667616,0.707911142
0.01,8,0.6,200,3,0.8,6.640442981,0.751480913,6.226944947,,6.255057887,0.707781258
0.01,5,0.6,200,3,0.8,6.744984028,0.743592139,6.247702309,,6.266541439,0.706707314
0.01,4,0.7,300,10,0.8,7.057722769,0.71926269,6.400643613,,6.268748835,0.706500652
0.01,5,0.9,300,10,0.6,6.962109846,0.72681558,6.469473904,,6.273384602,0.706066404
0.01,4,0.6,200,1,0.6,6.475938281,0.763623025,6.340029438,,6.282237851,0.705236197
0.01,4,0.7,200,1,0.6,6.328531646,0.77426327,6.317553697,,6.283236725,0.705142455
0.01,3,0.6,300,5,0.8,6.59630987,0.754760102,6.041240152,,6.294641124,0.70407112
0.01,3,0.7,300,5,0.6,6.823719137,0.737560636,6.292023249,,6.297533441,0.703799106
0.01,4,0.9,300,10,0.6,7.071430135,0.718168912,6.509254205,,6.305588021,0.703040936
0.01,3,0.9,300,5,0.6,6.525212308,0.760014429,6.152820462,,6.306375551,0.702966754
0.01,3,0.8,300,5,0.6,6.638288303,0.751629253,6.178206334,,6.307167409,0.702892156
0.01,4,0.9,200,1,1,5.269124952,0.843517696,5.923896712,,6.314116463,0.702237106
0.01,3,0.6,300,5,0.6,7.025995898,0.721771928,6.364717794,,6.32303793,0.701395069
0.01,4,0.8,200,1,0.6,6.163478134,0.785886793,6.320999061,,6.338026437,0.699977729
0.01,3,0.6,400,10,1,6.483580589,0.763064988,5.973021391,,6.345818453,0.699239577
0.01,3,0.8,300,5,1,6.058169102,0.793137466,5.877959973,,6.360587359,0.697838001
0.01,4,0.9,200,3,0.8,6.498888632,0.761956408,6.250841969,,6.367938057,0.697139203
0.01,3,0.7,300,5,1,6.174323284,0.785125674,5.866386425,,6.373220886,0.696636489
0.01,5,0.8,300,10,0.6,7.157030567,0.711306533,6.589775384,,6.378393219,0.696143886
0.01,6,0.9,300,10,0.6,6.924850571,0.729732757,6.453036431,,6.379822977,0.696007648
0.01,4,0.8,300,10,1,6.531912156,0.759530827,6.101462311,,6.382178064,0.695783171
0.01,4,0.8,200,3,0.8,6.613396661,0.753499847,6.240328743,,6.383341583,0.695672239
0.01,7,0.9,300,10,0.6,6.914252129,0.730560415,6.444236095,,6.38350673,0.695656492
0.01,8,0.9,300,10,0.6,6.912127771,0.730725875,6.443626825,,6.38374117,0.695634137
0.01,6,0.8,300,10,0.6,7.125181996,0.713870728,6.568414275,,6.386085065,0.69541059
0.01,7,0.8,300,10,0.6,7.118286138,0.714425317,6.567231548,,6.390460641,0.694993054
0.01,8,0.8,300,10,0.6,7.116897642,0.714536625,6.562646168,,6.390599921,0.694979759
0.01,4,0.8,300,10,0.6,7.257866787,0.703115695,6.63180122,,6.391915802,0.694854133
0.01,4,0.9,200,1,0.6,6.065203537,0.792659577,6.343359334,,6.396000119,0.694464043
0.01,7,0.6,300,10,0.8,7.23295956,0.70515281,6.51733219,,6.396752035,0.694392201
0.01,3,0.6,300,5,1,6.33028926,0.774134748,5.913542608,,6.399389454,0.694140141
0.01,8,0.6,300,10,1,6.844899527,0.735942674,6.218531836,,6.399774356,0.694103347
0.01,6,0.6,300,10,0.8,7.236520379,0.704862454,6.519932561,,6.401299591,0.693957524
0.01,7,0.6,300,10,1,6.846422382,0.735825265,6.222359514,,6.401880928,0.693901934
0.01,8,0.6,300,10,0.8,7.232304313,0.705206484,6.516229401,,6.404624303,0.693639536
0.01,6,0.6,300,10,1,6.853648751,0.735267849,6.228581595,,6.412531551,0.692882594
0.01,5,0.6,300,10,0.8,7.260017591,0.702943322,6.528347555,,6.414128916,0.692729569
0.01,4,0.7,300,10,1,6.738780875,0.744058697,6.200091726,,6.419607907,0.6922044
0.01,4,0.9,300,10,1,6.408928539,0.768499337,6.090619846,,6.419948543,0.692171735
0.01,4,0.7,200,3,0.8,6.795423943,0.739744126,6.295043337,,6.430403077,0.691168355
0.01,8,0.7,200,5,1,6.640135897,0.751508903,6.138040371,,6.435022242,0.690724509
0.01,3,0.9,300,5,1,6.032976506,0.794854406,5.936909025,,6.438710934,0.69036984
0.01,7,0.9,200,5,1,6.230249424,0.781238283,6.088908769,,6.440634142,0.690184843
0.01,7,0.7,200,5,1,6.646009048,0.751069255,6.136839538,,6.44290949,0.689965901
0.01,6,0.8,200,3,0.6,6.747178241,0.743429269,6.425717844,,6.443076007,0.689949875
0.01,5,0.8,200,3,0.6,6.839977464,0.736322033,6.501778248,,6.445313184,0.689734526
0.01,8,0.9,200,3,0.6,6.5669678,0.756951117,6.34330785,,6.448642022,0.689413955
0.01,6,0.8,200,5,1,6.425795399,0.767290198,6.067838627,,6.449332406,0.689347449
0.01,8,0.8,200,3,0.6,6.716368501,0.745767725,6.409557242,,6.451082643,0.689178815
0.01,7,0.9,200,3,0.6,6.574852305,0.756366905,6.350863005,,6.453668054,0.688929628
0.01,7,0.8,200,3,0.6,6.722479878,0.745303431,6.412883772,,6.457630003,0.688547575
0.01,8,0.9,200,5,1,6.212701997,0.782468869,6.096546134,,6.458029306,0.688509057
0.01,5,0.9,200,3,0.6,6.706765128,0.746492601,6.417027859,,6.459476611,0.688369425
0.01,5,0.6,300,10,1,6.888353909,0.732579277,6.234418786,,6.462666953,0.68806152
0.01,5,0.7,300,10,0.6,7.439576807,0.688065516,6.721298471,,6.464066018,0.687926446
0.01,4,0.6,300,10,0.8,7.363676195,0.694398301,6.580054809,,6.466357826,0.687705118
0.01,6,0.9,200,3,0.6,6.609161383,0.753816486,6.371660279,,6.466843337,0.68765822
0.01,4,0.6,200,3,0.8,6.987519917,0.724824911,6.397930507,,6.468076195,0.687539117
0.01,8,0.8,200,5,1,6.386239554,0.770148334,6.055529794,,6.470691326,0.687286402
0.01,7,0.8,200,5,1,6.396505945,0.76940859,6.061343621,,6.476040513,0.68676916
0.01,6,0.7,200,5,1,6.669198049,0.749329807,6.155798811,,6.477141975,0.686662601
0.01,8,0.7,200,3,0.6,6.958004314,0.72714694,6.501652969,,6.479056213,0.686477368
0.01,7,0.7,200,3,0.6,6.961765756,0.726852021,6.501145045,,6.482052001,0.686187367
0.01,5,0.7,200,3,0.6,7.05197714,0.719725749,6.54123724,,6.484731513,0.68592787
0.01,5,0.8,200,5,1,6.520723957,0.760365719,6.140042281,,6.485180312,0.685884395
0.01,6,0.8,200,5,0.8,6.898235653,0.731812396,6.32573086,,6.485304286,0.685872385
0.01,6,0.9,200,5,1,6.261331478,0.779048439,6.106977111,,6.485521653,0.685851328
0.01,7,0.7,300,10,0.6,7.413096512,0.690283577,6.695045371,,6.485720735,0.685832041
0.01,8,0.7,300,10,0.6,7.412325486,0.690347955,6.696874718,,6.4860558,0.685799579
0.01,6,0.9,200,5,0.8,6.714433073,0.745911176,6.246639798,,6.48740963,0.6856684
0.01,6,0.7,300,10,0.6,7.416825983,0.689971219,6.697510007,,6.48962658,0.685453529
0.01,5,0.9,200,5,0.8,6.790755753,0.740101446,6.307778521,,6.49089954,0.685330119
0.01,4,0.7,300,10,0.6,7.528747904,0.680543952,6.785918759,,6.496648507,0.684772468
0.01,5,0.8,200,5,0.8,6.967741114,0.72638122,6.383040594,,6.502981576,0.684157588
0.01,7,0.8,200,5,0.8,6.882771695,0.733013465,6.325179721,,6.506286009,0.683836521
0.01,8,0.8,200,5,0.8,6.879469994,0.733270216,6.329628512,,6.509087716,0.683564173
0.01,6,0.7,200,3,0.6,6.979319742,0.725472332,6.503296021,,6.514531469,0.683034661
0.01,7,0.9,200,5,0.8,6.69765689,0.747179662,6.256547421,,6.518409548,0.682657172
0.01,8,0.9,200,5,0.8,6.69393274,0.747460607,6.261482444,,6.520667186,0.682437312
0.01,5,0.9,200,5,1,6.382033218,0.770449292,6.176830652,,6.52847201,0.681676652
0.01,4,0.8,200,3,1,6.2210442,0.781880209,6.085647487,,6.544966202,0.680066131
0.01,4,0.7,200,3,1,6.383817935,0.770320911,6.095689023,,6.551774573,0.679400166
0.01,5,0.7,200,5,1,6.748815123,0.743307456,6.213906077,,6.556737347,0.678914292
0.01,4,0.8,200,3,0.6,7.06490833,0.718693112,6.599484877,,6.575632854,0.677060987
0.01,4,0.6,200,3,1,6.560639569,0.757421179,6.096005254,,6.576815222,0.67694484
0.01,8,0.7,200,5,0.8,7.129004372,0.713571685,6.473568655,,6.580417949,0.676590809
0.01,3,0.9,300,10,0.8,6.974628261,0.725824539,6.27816094,,6.580515131,0.676581257
0.01,4,0.9,200,3,1,6.143772416,0.787263893,6.130294,,6.583811698,0.676257137
0.01,7,0.7,200,5,0.8,7.130878686,0.713421185,6.473212237,,6.587575785,0.675886851
0.01,4,0.6,300,10,1,7.035067957,0.721065752,6.342991094,,6.590956972,0.675554053
0.01,6,0.7,200,5,0.8,7.14380331,0.712380804,6.471863087,,6.597500411,0.674909519
0.01,6,0.6,200,3,0.6,7.220250793,0.706191265,6.609535374,,6.602126476,0.674453463
0.01,5,0.7,200,5,0.8,7.199880381,0.707846223,6.514565605,,6.602286267,0.674437704
0.01,3,0.9,300,10,0.6,7.332705794,0.696955579,6.562298696,,6.602925659,0.674374643
0.01,4,0.9,200,3,0.6,6.944794367,0.728173693,6.576410181,,6.604380641,0.674231122
0.01,8,0.6,200,3,0.6,7.205170022,0.707418345,6.614781323,,6.605275107,0.674142875
0.01,7,0.6,200,3,0.6,7.209123624,0.707096784,6.61676804,,6.61220894,0.673458384
0.01,5,0.6,200,3,0.6,7.273995234,0.701800076,6.627120017,,6.616688433,0.673015798
0.01,3,0.8,300,10,0.8,7.112907553,0.714848381,6.329237124,,6.631554715,0.67154482
0.01,3,0.6,200,1,0.8,6.656117376,0.7502935,6.257388914,,6.649192407,0.669795337
0.01,4,0.7,200,3,0.6,7.255543528,0.70330864,6.649215149,,6.649438602,0.669770884
0.01,8,0.6,200,5,1,6.933717369,0.729052635,6.270954647,,6.649549444,0.669759875
0.01,7,0.6,200,5,1,6.93669842,0.728819446,6.274042502,,6.653456389,0.669371695
0.01,6,0.6,300,10,0.6,7.750161681,0.661484597,6.898119243,,6.658281282,0.668891998
0.01,6,0.6,200,5,1,6.952792021,0.727559406,6.276575062,,6.659927596,0.668728239
0.01,8,0.6,300,10,0.6,7.74613198,0.66183712,6.894686357,,6.663609119,0.668361892
0.01,7,0.6,300,10,0.6,7.746597872,0.661796173,6.895271087,,6.66415487,0.668307567
0.01,5,0.6,300,10,0.6,7.764639015,0.660218895,6.911386247,,6.669728662,0.667752491
0.01,3,0.6,200,1,1,6.364954772,0.771665024,6.066495596,,6.673429694,0.66738366
0.01,4,0.6,300,10,0.6,7.831815268,0.654312872,6.937128348,,6.682612309,0.666467673
0.01,5,0.6,200,5,1,7.017765931,0.722444016,6.323336703,,6.686101108,0.666119327
0.01,3,0.8,300,10,0.6,7.497657338,0.68317252,6.691005946,,6.694225806,0.665307395
0.01,4,0.8,200,5,0.8,7.179024987,0.709537482,6.50895521,,6.697765199,0.664953382
0.01,3,0.7,200,1,0.8,6.576745921,0.756211185,6.271445226,,6.699877184,0.664742051
0.01,3,0.7,300,10,0.8,7.357523504,0.694901133,6.502897913,,6.702576897,0.664471812
0.01,3,0.8,200,1,0.8,6.481902195,0.76319796,6.265403497,,6.705126723,0.664216477
0.01,4,0.6,200,3,0.6,7.448068276,0.687353101,6.728869677,,6.706551423,0.664073768
0.01,7,0.6,200,5,0.8,7.415733451,0.690069714,6.637049442,,6.711848009,0.663542954
0.01,8,0.6,200,5,0.8,7.414320592,0.690187864,6.63658012,,6.722350721,0.662489153
0.01,4,0.9,200,5,0.8,7.045263126,0.72025612,6.411138196,,6.723715951,0.66235205
0.01,3,0.7,200,1,1,6.310539671,0.775554566,6.08466092,,6.724736825,0.662249511
0.01,4,0.7,200,5,0.8,7.388463586,0.692344309,6.609999253,,6.727335948,0.661988378
0.01,6,0.6,200,5,0.8,7.424641376,0.689325097,6.635205748,,6.727373546,0.6619846
0.01,3,0.8,300,10,1,6.919639405,0.730132563,6.213628387,,6.739002799,0.660814972
0.01,3,0.8,200,1,1,6.258583958,0.779240382,6.138265187,,6.75208925,0.659496368
0.01,5,0.6,200,5,0.8,7.466355743,0.68582577,6.665152772,,6.758648983,0.65883444
0.01,3,0.9,200,1,0.8,6.422541989,0.767511473,6.275351102,,6.768071592,0.657882501
0.01,3,0.7,300,10,0.6,7.752489937,0.661275005,6.848559035,,6.768856907,0.657803103
0.01,3,0.6,200,1,0.6,7.036388769,0.720945696,6.585338599,,6.783012903,0.656370304
0.01,5,0.8,200,5,0.6,7.464266558,0.685999626,6.798830878,,6.789919705,0.655670146
0.01,3,0.9,200,1,1,6.2505974,0.779797288,6.224176123,,6.79309339,0.655348184
0.01,3,0.7,300,10,1,7.110514988,0.715035279,6.309635201,,6.797918261,0.654858424
0.01,4,0.6,200,5,0.8,7.626808652,0.672176307,6.761534754,,6.808561446,0.653776834
0.01,6,0.8,200,5,0.6,7.4081597,0.690703458,6.757148866,,6.810521836,0.653577429
0.01,3,0.9,300,10,1,6.804350175,0.73904558,6.209309009,,6.813516914,0.653272668
0.01,7,0.8,200,5,0.6,7.395957788,0.691722419,6.743130593,,6.818870867,0.652727548
0.01,8,0.8,200,5,0.6,7.39373928,0.691907803,6.742278379,,6.820400058,0.652571773
0.01,3,0.6,300,10,0.8,7.633567303,0.671582743,6.686780969,,6.821510566,0.652458626
0.01,5,0.9,200,5,0.6,7.303362679,0.699388448,6.68614159,,6.829017193,0.651693312
0.01,3,0.7,200,1,0.6,6.927277868,0.729532224,6.594999075,,6.829866672,0.651606653
0.01,4,0.7,200,5,1,7.009579148,0.72309236,6.350145598,,6.832052862,0.651383581
0.01,3,0.8,200,1,0.6,6.789849596,0.740159764,6.545102027,,6.842621261,0.650304208
0.01,4,0.8,200,5,1,6.817009668,0.73809129,6.320077968,,6.84853074,0.649699934
0.01,4,0.8,200,5,0.6,7.610049407,0.673613448,6.865330105,,6.853340877,0.649207687
0.01,3,0.9,200,1,0.6,6.683321664,0.748244291,6.519376961,,6.860370796,0.648487657
0.01,6,0.9,200,5,0.6,7.241616587,0.704450306,6.663593187,,6.860692852,0.648454653
0.01,8,0.9,200,5,0.6,7.221974785,0.706051691,6.655474145,,6.865775148,0.647933621
0.01,4,0.9,200,5,0.6,7.460232391,0.686329889,6.777258822,,6.872115341,0.64728309
0.01,7,0.9,200,5,0.6,7.224611655,0.705836199,6.656032173,,6.872158634,0.647278646
0.01,5,0.7,200,5,0.6,7.700739119,0.665790048,6.89400507,,6.885168764,0.645941862
0.01,8,0.7,200,5,0.6,7.650495004,0.670137935,6.868170027,,6.896123406,0.644814318
0.01,7,0.7,200,5,0.6,7.65193828,0.670013301,6.866052699,,6.898566078,0.644562654
0.01,3,0.8,200,3,0.8,7.126642762,0.713752576,6.47124133,,6.902272179,0.644180649
0.01,4,0.6,200,5,1,7.217984022,0.706382114,6.429272591,,6.909428428,0.643442443
0.01,6,0.7,200,5,0.6,7.660136962,0.669305165,6.866660489,,6.910473573,0.643334566
0.01,3,0.6,300,10,1,7.376997388,0.693289319,6.484868362,,6.913967767,0.642973788
0.01,3,0.6,300,10,0.6,8.032101726,0.636404656,6.969775598,,6.914250869,0.64294455
0.01,4,0.9,200,5,1,6.731826844,0.744592579,6.343421845,,6.920971186,0.642250131
0.01,4,0.7,200,5,0.6,7.832771492,0.654230846,6.97770201,,6.953791045,0.638849123
0.01,3,0.9,200,3,0.8,7.034833296,0.721074077,6.454432806,,6.96136677,0.638061791
0.01,5,0.6,200,5,0.6,7.964094469,0.642544243,7.040143417,,6.98912366,0.635169742
0.01,3,0.6,200,3,0.8,7.425735412,0.689227312,6.578927289,,6.992252543,0.634843015
0.01,3,0.7,200,3,0.8,7.274740945,0.701735391,6.518202556,,6.994012138,0.634659209
0.01,3,0.6,200,3,1,7.098896342,0.715977535,6.320186342,,7.015285114,0.63243339
0.01,3,0.9,200,3,1,6.842067218,0.736153202,6.423198206,,7.023264061,0.631596799
0.01,3,0.9,200,3,0.6,7.356797757,0.694961932,6.683377137,,7.027508063,0.631151428
0.01,6,0.6,200,5,0.6,7.935608108,0.645096665,7.012413756,,7.031604456,0.630721293
0.01,8,0.6,200,5,0.6,7.929680816,0.645627546,7.009736351,,7.032877152,0.630587605
0.01,3,0.8,200,3,0.6,7.465377057,0.685895764,6.733017555,,7.03413422,0.630455534
0.01,7,0.6,200,5,0.6,7.931815326,0.64543677,7.008632081,,7.035098399,0.630354219
0.01,4,0.6,200,5,0.6,8.078327875,0.632211568,7.088315186,,7.04665417,0.62913887
0.01,3,0.7,200,3,0.6,7.645450614,0.670565831,6.816407612,,7.054593456,0.62830272
0.01,3,0.7,200,3,1,6.98121785,0.725316443,6.298480343,,7.064397916,0.627268834
0.01,3,0.8,200,3,1,6.868871751,0.734082316,6.345389826,,7.08321086,0.625280976
0.01,7,0.9,100,1,1,6.844631337,0.735992598,6.422034161,,7.093287595,0.624214051
0.01,3,0.6,200,3,0.6,7.807829967,0.656417584,6.882433763,,7.102371142,0.623250984
0.01,6,0.8,100,1,1,7.04549705,0.720264938,6.426964034,,7.107307951,0.62272705
0.01,7,0.8,100,1,1,6.964309873,0.726677342,6.422191827,,7.125881299,0.620752638
0.01,6,0.9,100,1,1,6.952811985,0.727578745,6.41246802,,7.130011345,0.6203129
0.01,5,0.9,200,10,0.8,7.847334305,0.652946882,6.925540721,,7.140731725,0.619170279
0.01,8,0.9,100,1,1,6.806859904,0.738900929,6.468763382,,7.149996071,0.618181465
0.01,8,0.8,100,1,1,6.936987117,0.728818882,6.456812596,,7.15017011,0.618162877
0.01,6,0.7,100,1,1,7.189059836,0.708745805,6.520549171,,7.152245667,0.617941165
0.01,5,0.9,200,10,1,7.520940288,0.681220087,6.744748542,,7.162636595,0.616830233
0.01,3,0.8,200,5,0.8,7.578105227,0.676344392,6.665049643,,7.163155378,0.616774725
0.01,5,0.8,200,10,1,7.677135204,0.66784598,6.795803856,,7.168686636,0.616182658
0.01,7,0.9,200,10,1,7.465100542,0.685935445,6.684498302,,7.182514918,0.614700474
0.01,8,0.8,200,10,1,7.632244069,0.671718322,6.741110947,,7.185933095,0.614333657
0.01,3,0.9,200,5,0.8,7.453629221,0.686881522,6.601458421,,7.186786238,0.614242076
0.01,6,0.8,200,10,1,7.643850015,0.670719384,6.754644664,,7.189852854,0.613912798
0.01,5,0.8,200,10,0.8,8.046136997,0.63514394,7.08100831,,7.190560036,0.613836845
0.01,3,0.9,200,5,0.6,7.773340673,0.659447433,6.859427342,,7.190659998,0.613826108
0.01,7,0.8,200,10,1,7.63503568,0.671478024,6.741438157,,7.192599676,0.613617739
0.01,4,0.9,200,10,0.8,7.971585169,0.641870854,6.971754925,,7.197666388,0.613073186
0.01,8,0.9,200,10,1,7.461873906,0.686207521,6.688315903,,7.198216735,0.613014013
0.01,5,0.8,100,1,1,7.224304062,0.705884855,6.567038226,,7.203182125,0.612479937
0.01,6,0.9,200,10,0.8,7.813573951,0.655925785,6.906826955,,7.205193338,0.612263506
0.01,7,0.7,100,1,1,7.124135387,0.713986941,6.509601399,,7.206334552,0.612140671
0.01,6,0.9,200,10,1,7.476748183,0.68495452,6.696310826,,7.207014545,0.612067471
0.01,3,0.7,200,5,0.8,7.764275588,0.660248634,6.773519437,,7.20823271,0.611936319
0.01,8,0.7,100,1,1,7.101829027,0.715776879,6.522664745,,7.209948199,0.611751586
0.01,8,0.9,200,10,0.8,7.807940088,0.656422791,6.909842217,,7.216040353,0.611095197
0.01,7,0.9,200,10,0.8,7.808470464,0.656375947,6.90632091,,7.224554045,0.610176973
0.01,5,0.7,200,10,1,7.913578914,0.647071074,6.914042611,,7.231325222,0.609445911
0.01,5,0.9,100,1,1,7.140135634,0.712700328,6.532998297,,7.23277243,0.609289572
0.01,4,0.8,200,10,0.8,8.146612703,0.625975572,7.131862153,,7.23954695,0.608557318
0.01,7,0.7,200,10,1,7.882735587,0.649817308,6.864844574,,7.241525221,0.608343358
0.01,8,0.7,200,10,1,7.881801426,0.649900267,6.86528298,,7.243280279,0.608153491
0.01,8,0.8,200,10,0.8,8.009879919,0.638424613,7.051572398,,7.244697384,0.608000151
0.01,7,0.8,200,10,0.8,8.01061385,0.638358416,7.054565455,,7.246110714,0.60784719
0.01,7,0.6,100,1,1,7.355044501,0.695144481,6.586514624,,7.246208479,0.607836608
0.01,6,0.8,200,10,0.8,8.014551324,0.638002698,7.050217725,,7.24941805,0.607489128
0.01,3,0.8,200,5,0.6,7.915717851,0.64686726,6.947297334,,7.250124106,0.607412667
0.01,6,0.7,200,10,1,7.887726019,0.649373413,6.869730177,,7.250532727,0.607368413
0.01,5,0.7,100,1,1,7.352807471,0.695322408,6.640747742,,7.264578353,0.605845739
0.01,6,0.6,100,1,1,7.408509471,0.690693849,6.608889873,,7.264650963,0.60583786
0.01,3,0.6,200,5,0.8,7.96022668,0.642887817,6.862352725,,7.266091395,0.605681536
0.01,8,0.6,100,1,1,7.338515233,0.696514054,6.59381009,,7.275083241,0.604704988
0.01,3,0.6,200,5,1,7.64580411,0.670539477,6.6650585,,7.279306216,0.60424594
0.01,3,0.7,200,5,1,7.476345562,0.684975094,6.565377696,,7.279696144,0.60420354
0.01,3,0.8,200,5,1,7.332677407,0.696964916,6.528229329,,7.287089487,0.603399181
0.01,3,0.7,200,5,0.6,8.129657367,0.627524528,7.091320944,,7.315004784,0.600354774
0.01,5,0.7,200,10,0.8,8.308614373,0.610953197,7.214407396,,7.319067807,0.599910695
0.01,7,0.7,200,10,0.8,8.283342925,0.61331555,7.192365734,,7.323788262,0.599394451
0.01,8,0.7,200,10,0.8,8.283027441,0.613345014,7.19339166,,7.325048334,0.599256589
0.01,6,0.7,200,10,0.8,8.286756511,0.612996941,7.188516875,,7.32590851,0.599162465
0.01,5,0.6,100,1,1,7.554707971,0.678358314,6.73515535,,7.363024762,0.59509054
0.01,4,0.9,200,10,0.6,8.370784351,0.605107522,7.308568644,,7.371452662,0.594163071
0.01,3,0.6,200,5,0.6,8.345370475,0.607493651,7.186891632,,7.373912914,0.593892127
0.01,4,0.8,200,10,1,7.827953771,0.654665333,6.873269483,,7.375532692,0.593713693
0.01,3,0.9,200,5,1,7.273250659,0.701852169,6.580430683,,7.380654895,0.593149177
0.01,4,0.7,200,10,0.8,8.399006378,0.602443901,7.266434572,,7.396100693,0.591444528
0.01,5,0.9,200,10,0.6,8.293535607,0.612362245,7.290695762,,7.397261253,0.591316301
0.01,4,0.7,200,10,1,8.032102068,0.636418928,7.002862414,,7.41077085,0.589822182
0.01,8,0.6,200,10,1,8.189270654,0.622060259,7.03184842,,7.424025868,0.58835357
0.01,6,0.6,200,10,1,8.192865648,0.621728614,7.033047317,,7.427452419,0.587973492
0.01,7,0.6,200,10,1,8.189958779,0.621996621,7.033305748,,7.427683674,0.587947835
0.01,7,0.9,100,1,0.8,7.586488118,0.675649892,7.039887996,,7.431445853,0.587530314
0.01,4,0.9,200,10,1,7.704451043,0.665471736,6.777975156,,7.434579474,0.587182388
0.01,7,0.9,200,10,0.6,8.259588989,0.615530451,7.266593161,,7.440428215,0.58653261
0.01,6,0.9,200,10,0.6,8.266901745,0.614848447,7.271479959,,7.443098789,0.586235747
0.01,8,0.9,200,10,0.6,8.258375231,0.615643614,7.264896589,,7.444771546,0.586049748
0.01,5,0.6,200,10,1,8.209670489,0.620173709,7.05317309,,7.455385804,0.584868541
0.01,8,0.9,100,1,0.8,7.573989261,0.6767191,7.04803767,,7.457207311,0.584665666
0.01,4,0.8,200,10,0.6,8.550202435,0.588003368,7.437138005,,7.459378937,0.58442373
0.01,5,0.8,200,10,0.6,8.481881411,0.594560022,7.414834551,,7.463521012,0.583962076
0.01,6,0.7,100,1,0.8,7.909062807,0.647478264,7.114704187,,7.469053826,0.583345018
0.01,5,0.9,100,1,0.8,7.769805605,0.659780749,7.067362017,,7.473674354,0.582829354
0.01,6,0.9,100,1,0.8,7.649596157,0.6702295,7.019734836,,7.478526183,0.582287533
0.01,8,0.8,200,10,0.6,8.451798492,0.597431672,7.38804843,,7.490276697,0.580973853
0.01,7,0.8,200,10,0.6,8.453084138,0.597309385,7.392184132,,7.490440022,0.580955579
0.01,6,0.8,200,10,0.6,8.458054029,0.596835202,7.396288404,,7.492386309,0.580737785
0.01,5,0.8,100,1,0.8,7.881785911,0.649903365,7.087754478,,7.505697817,0.57924668
0.01,5,0.7,100,1,0.8,8.013166927,0.638133385,7.171595272,,7.505731033,0.579242956
0.01,6,0.8,100,1,0.8,7.769105779,0.659845727,7.054428879,,7.512285571,0.578507765
0.01,7,0.7,100,1,0.8,7.873020921,0.650686747,7.113030548,,7.51356006,0.578364737
0.01,6,0.6,100,1,0.8,8.11386735,0.628986154,7.210812057,,7.522270615,0.577386557
0.01,8,0.7,100,1,0.8,7.864024168,0.651485199,7.113682804,,7.522313877,0.577381696
0.01,7,0.6,200,10,0.8,8.612311537,0.58200345,7.379461148,,7.52489846,0.577091232
0.01,8,0.6,200,10,0.8,8.612088891,0.582025194,7.378680787,,7.525610953,0.577011143
0.01,7,0.8,100,1,0.8,7.72218436,0.663943169,7.054738382,,7.530447279,0.576467301
0.01,6,0.6,200,10,0.8,8.614549187,0.581786544,7.384833552,,7.531136603,0.576389759
0.01,5,0.6,200,10,0.8,8.629868738,0.580297576,7.396448337,,7.532758623,0.576207269
0.01,8,0.8,100,1,0.8,7.712211335,0.664811681,7.05423154,,7.54201369,0.57516525
0.01,3,0.9,200,10,0.8,8.244293249,0.61694534,7.108013178,,7.561560231,0.572960318
0.01,4,0.6,200,10,0.8,8.698684063,0.573574276,7.428627073,,7.566210384,0.572434921
0.01,3,0.9,200,10,0.6,8.56818262,0.586262941,7.371642725,,7.567945684,0.572238776
0.01,5,0.7,200,10,0.6,8.746338131,0.568887298,7.532686276,,7.572002145,0.571780088
0.01,7,0.7,200,10,0.6,8.729078613,0.570588353,7.516930995,,7.578761499,0.571015223
0.01,8,0.7,200,10,0.6,8.728338357,0.57066118,7.518679664,,7.578761499,0.571015223
0.01,4,0.6,200,10,1,8.311983438,0.61064498,7.127241473,,7.585610893,0.570239472
0.01,6,0.7,200,10,0.6,8.731926125,0.570308016,7.517252682,,7.587118706,0.570068606
0.01,7,0.6,100,1,0.8,8.085426751,0.631585227,7.213815585,,7.59243199,0.56946623
0.01,3,0.8,200,10,0.8,8.403442096,0.602016623,7.211627985,,7.596034577,0.569057559
0.01,4,0.7,200,10,0.6,8.806682676,0.562918574,7.572084981,,7.601614729,0.568424174
0.01,8,0.6,100,1,0.8,8.07979192,0.63209802,7.211578636,,7.611939342,0.567251034
0.01,5,0.6,100,1,0.8,8.210671282,0.62007968,7.25109772,,7.627342745,0.565497854
0.01,3,0.8,200,10,0.6,8.735658382,0.569935804,7.485387944,,7.647606418,0.563186091
0.01,4,0.8,100,1,1,7.6841825,0.667244604,6.901326993,,7.653918658,0.562464712
0.01,4,0.7,100,1,1,7.781181837,0.658787794,6.950317841,,7.658238206,0.561970719
0.01,4,0.9,100,1,1,7.624106445,0.672432467,6.87866121,,7.661886293,0.5615533
0.01,3,0.7,200,10,0.8,8.634378223,0.579848846,7.340713501,,7.699024268,0.557292603
0.01,4,0.6,100,1,1,7.924269924,0.646122004,6.975010319,,7.702201757,0.556927106
0.01,3,0.8,200,10,1,8.192275455,0.621764868,7.06279666,,7.72551963,0.554240301
0.01,7,0.9,100,3,1,7.987546595,0.640459172,6.968492621,,7.737101035,0.552902813
0.01,5,0.9,100,3,1,8.092660435,0.630928187,7.091230389,,7.757570501,0.550533981
0.01,6,0.6,200,10,0.6,9.044208886,0.53902953,7.678310681,,7.757739,0.550514456
0.01,6,0.9,100,3,1,8.012043751,0.638248234,6.987426273,,7.759051387,0.550362363
0.01,3,0.7,200,10,1,8.375670391,0.604642763,7.14528203,,7.759620352,0.550296417
0.01,5,0.6,200,10,0.6,9.052826101,0.538150275,7.687826472,,7.760372803,0.550209197
0.01,4,0.9,100,1,0.8,8.108700504,0.629458372,7.279611488,,7.762055397,0.55001413
0.01,8,0.9,100,3,1,7.982494079,0.640913886,6.986933926,,7.762102899,0.550008622
0.01,8,0.6,200,10,0.6,9.041912227,0.539264298,7.677166898,,7.763872114,0.549803466
0.01,7,0.6,200,10,0.6,9.042237525,0.539230913,7.677099202,,7.764097746,0.549777299
0.01,3,0.7,200,10,0.6,8.984101388,0.545132409,7.6130875,,7.766904502,0.549451725
0.01,5,0.8,100,3,1,8.21798949,0.619409747,7.14278822,,7.778933215,0.548055103
0.01,4,0.6,200,10,0.6,9.096798256,0.533651338,7.698965502,,7.779028316,0.548044053
0.01,3,0.6,200,10,0.8,8.905742782,0.553032112,7.491203023,,7.791452983,0.546599171
0.01,7,0.8,100,3,1,8.125882776,0.627897159,7.02156109,,7.791458405,0.54659854
0.01,6,0.8,100,3,1,8.148848314,0.625790072,7.025276471,,7.79892212,0.545729466
0.01,4,0.8,100,1,0.8,8.19303198,0.621707229,7.308239778,,7.800379713,0.545559646
0.01,3,0.9,200,10,1,8.07516699,0.632496978,7.000480057,,7.804180916,0.545116632
0.01,7,0.9,100,1,0.6,8.078696105,0.632199677,7.497261496,,7.805373638,0.54497758
0.01,8,0.8,100,3,1,8.12003292,0.628432774,7.023631958,,7.808039593,0.544666698
0.01,6,0.7,100,3,1,8.302534203,0.611538801,7.160011863,,7.809820763,0.544458933
0.01,3,0.6,200,10,1,8.618951999,0.581350667,7.277817057,,7.816816373,0.54364247
0.01,8,0.9,100,1,0.6,8.070657558,0.632932348,7.495809406,,7.834227016,0.541607287
0.01,7,0.7,100,3,1,8.286867063,0.613004159,7.129945216,,7.837193116,0.541260119
0.01,5,0.7,100,3,1,8.361459864,0.606001901,7.229564498,,7.837902097,0.541177117
0.01,6,0.9,100,1,0.6,8.126487818,0.627834643,7.48982927,,7.844958796,0.540350561
0.01,4,0.7,100,1,0.8,8.291740706,0.612534607,7.363397681,,7.845771726,0.540255294
0.01,8,0.7,100,3,1,8.283355116,0.613332706,7.1330489,,7.854826828,0.539193464
0.01,7,0.8,100,1,0.6,8.200876127,0.620989527,7.533555437,,7.870198107,0.537388175
0.01,6,0.8,100,1,0.6,8.232753225,0.618034857,7.538633824,,7.873549838,0.53699406
0.01,5,0.9,100,1,0.6,8.221681944,0.619059875,7.507958993,,7.873877435,0.536955531
0.01,7,0.7,100,1,0.6,8.335312074,0.608463033,7.555742001,,7.875075592,0.536814598
0.01,4,0.6,100,1,0.8,8.449986134,0.597611439,7.402118225,,7.884661422,0.535686299
0.01,8,0.8,100,1,0.6,8.193683475,0.621655036,7.533507952,,7.894874248,0.53448269
0.01,8,0.7,100,1,0.6,8.331782321,0.608795123,7.559677743,,7.896859564,0.534248534
0.01,6,0.7,100,1,0.6,8.359182161,0.60621467,7.551112382,,7.903907976,0.533416742
0.01,5,0.8,100,1,0.6,8.329314059,0.609019134,7.549224277,,7.910954006,0.532584489
0.01,6,0.6,100,1,0.6,8.554780829,0.587573994,7.62251264,,7.912719995,0.53237578
0.01,6,0.6,100,3,1,8.526353594,0.590316422,7.288367658,,7.914463453,0.532169689
0.01,5,0.7,100,1,0.6,8.451808718,0.597437851,7.582975466,,7.91913763,0.531616937
0.01,3,0.6,200,10,0.6,9.24574205,0.518255412,7.730303695,,7.922531047,0.531215439
0.01,5,0.6,100,3,1,8.573251235,0.585793789,7.340183716,,7.929670666,0.53037014
0.01,5,0.9,100,3,0.8,8.616340509,0.581617753,7.431951565,,7.943998004,0.528671552
0.01,8,0.6,100,3,1,8.51473684,0.591431475,7.281140515,,7.945343524,0.528511875
0.01,6,0.9,100,3,0.8,8.563421804,0.586743998,7.375632383,,7.945412404,0.5285037
0.01,8,0.9,100,3,0.8,8.554923629,0.587564809,7.390715072,,7.945856969,0.528450936
0.01,7,0.9,100,3,0.8,8.556531433,0.587409567,7.387515623,,7.946406029,0.528385765
0.01,7,0.6,100,3,1,8.516873369,0.591226359,7.282169458,,7.947186656,0.528293101
0.01,7,0.6,100,1,0.6,8.536186509,0.589365805,7.604219732,,7.958916512,0.526899618
0.01,8,0.6,100,1,0.6,8.528220625,0.590130341,7.612377946,,7.961438633,0.526599726
0.01,5,0.6,100,1,0.6,8.633443311,0.579950421,7.678306801,,7.984387444,0.523866645
0.01,4,0.9,100,1,0.6,8.461682942,0.596495484,7.628572433,,8.012400844,0.520519735
0.01,5,0.8,100,3,0.8,8.751020761,0.568435159,7.526099831,,8.015926364,0.520097692
0.01,6,0.8,100,3,0.8,8.701998617,0.573259004,7.469732948,,8.037742255,0.517481963
0.01,4,0.9,100,3,1,8.369840438,0.605210269,7.264114154,,8.041846144,0.516989112
0.01,7,0.8,100,3,0.8,8.695063946,0.573940494,7.474313591,,8.045258954,0.516579063
0.01,8,0.8,100,3,0.8,8.693766733,0.574067677,7.477452119,,8.053670394,0.515567687
0.01,4,0.8,100,1,0.6,8.559410683,0.587119758,7.652585725,,8.074921158,0.513007826
0.01,4,0.8,100,3,1,8.472581268,0.595460297,7.326297591,,8.079113772,0.512501988
0.01,5,0.7,100,3,0.8,8.899157076,0.55370128,7.615339891,,8.087943104,0.511435873
0.01,7,0.7,100,3,0.8,8.858851901,0.557736439,7.584770888,,8.09194708,0.510952021
0.01,6,0.7,100,3,0.8,8.864920168,0.557130589,7.587800327,,8.095182957,0.510560813
0.01,8,0.7,100,3,0.8,8.857444786,0.557877458,7.584417089,,8.096833816,0.510361169
0.01,4,0.7,100,3,1,8.589743554,0.584195905,7.405360324,,8.100410382,0.509928503
0.01,4,0.7,100,1,0.6,8.664395636,0.576931228,7.696888129,,8.106266547,0.509219656
0.01,4,0.9,100,3,0.8,8.812341265,0.562365566,7.547757338,,8.11925566,0.507645588
0.01,3,0.6,100,1,1,8.515604338,0.591337916,7.331333835,,8.12389325,0.507082977
0.01,3,0.8,100,1,1,8.335749156,0.608418323,7.219204534,,8.137745174,0.505400614
0.01,4,0.6,100,1,0.6,8.816200176,0.561974973,7.754688427,,8.138808806,0.505271313
0.01,3,0.7,100,1,1,8.405726006,0.601812616,7.262269743,,8.139752971,0.505156522
0.01,3,0.9,100,1,1,8.296358056,0.61211786,7.144355619,,8.163512368,0.502263475
0.01,5,0.8,100,5,1,8.81041886,0.562564438,7.516476135,,8.182737372,0.499916384
0.01,7,0.7,100,5,1,8.93249749,0.550360711,7.546468765,,8.18808082,0.499263047
0.01,4,0.8,100,3,0.8,8.922318488,0.551374891,7.641217592,,8.188093158,0.499261538
0.01,4,0.6,100,3,1,8.776324073,0.565938214,7.481282194,,8.188131913,0.499256798
0.01,8,0.7,100,5,1,8.931427633,0.550468612,7.549145089,,8.188878532,0.499165475
0.01,3,0.9,100,1,0.8,8.5540842,0.587633465,7.41745784,,8.189307376,0.499113017
0.01,6,0.7,100,5,1,8.938537611,0.549752239,7.553017747,,8.194459859,0.498482531
0.01,5,0.7,100,5,1,8.970888998,0.546485481,7.60098859,,8.196453158,0.498238513
0.01,5,0.9,100,5,1,8.685765661,0.574852787,7.456739229,,8.200069489,0.497795655
0.01,5,0.6,100,3,0.8,9.118478169,0.531435757,7.731847796,,8.20391418,0.497324616
0.01,6,0.8,100,5,1,8.768620064,0.566706159,7.426437039,,8.206542409,0.497002488
0.01,6,0.6,100,3,0.8,9.088652617,0.534498423,7.69867671,,8.208995362,0.496701749
0.01,3,0.6,100,1,0.8,8.858523542,0.557760979,7.585468566,,8.211439324,0.496402023
0.01,7,0.8,100,5,1,8.75943413,0.567614477,7.409605968,,8.217027909,0.495716307
0.01,8,0.8,100,5,1,8.75737413,0.567817755,7.40933427,,8.218997874,0.495474482
0.01,7,0.6,100,3,0.8,9.085153782,0.534857503,7.706031565,,8.220564599,0.495282116
0.01,8,0.6,100,3,0.8,9.084709531,0.534902987,7.706751745,,8.22263471,0.495027887
0.01,4,0.7,100,3,0.8,9.048757895,0.53857022,7.737178978,,8.223388466,0.494935302
0.01,7,0.9,100,5,1,8.629017471,0.580391943,7.358497795,,8.223935123,0.494868151
0.01,3,0.8,100,1,0.8,8.6376884,0.579531388,7.484466596,,8.232860782,0.493771089
0.01,6,0.9,100,5,1,8.639754967,0.579346576,7.378980383,,8.237157129,0.493242597
0.01,8,0.9,100,5,1,8.62712492,0.580575852,7.360975754,,8.238515293,0.493075472
0.01,8,0.9,100,3,0.6,8.953592341,0.548231936,7.708656946,,8.25403719,0.491163515
0.01,7,0.9,100,3,0.6,8.955190017,0.548069838,7.709168173,,8.259001744,0.490551232
0.01,3,0.7,100,1,0.8,8.726645954,0.570825397,7.547845912,,8.263293703,0.490021603
0.01,6,0.9,100,3,0.6,8.963051928,0.547275475,7.710702535,,8.268647993,0.489360497
0.01,5,0.9,100,3,0.6,9.007313087,0.54279146,7.72913669,,8.273324959,0.488782671
0.01,4,0.6,100,3,0.8,9.239657943,0.51889828,7.815682999,,8.308957983,0.484369585
0.01,3,0.9,100,1,0.6,8.820208334,0.561574018,7.746134386,,8.313136187,0.48385088
0.01,5,0.8,100,3,0.6,9.124422595,0.530825777,7.830241701,,8.328156084,0.481984073
0.01,8,0.8,100,3,0.6,9.072576382,0.536143802,7.799617141,,8.328721137,0.481913777
0.01,6,0.8,100,3,0.6,9.079773103,0.535406981,7.810510322,,8.329933235,0.48176297
0.01,7,0.8,100,3,0.6,9.073650995,0.536033389,7.800092042,,8.331529739,0.481564301
0.01,5,0.9,100,5,0.8,9.118213951,0.531462394,7.754486134,,8.355652907,0.478557791
0.01,8,0.6,100,5,1,9.158891883,0.527283083,7.668938312,,8.35592413,0.478523938
0.01,7,0.6,100,5,1,9.159144845,0.527256743,7.670092058,,8.356108191,0.478500964
0.01,4,0.9,100,3,0.6,9.142619753,0.52894763,7.821409714,,8.356148496,0.478495933
0.01,5,0.7,100,3,0.6,9.28320276,0.514356389,7.92033967,,8.360445708,0.477959421
0.01,5,0.6,100,5,1,9.190653375,0.523998689,7.71833978,,8.360741372,0.477922497
0.01,8,0.7,100,3,0.6,9.245219299,0.518323516,7.894526752,,8.360940228,0.477897662
0.01,7,0.7,100,3,0.6,9.24631047,0.518209655,7.892776375,,8.362536224,0.477698317
0.01,6,0.6,100,5,1,9.163915868,0.526764199,7.671661322,,8.368929058,0.476899453
0.01,4,0.7,100,5,1,9.116627648,0.531632211,7.707515093,,8.370167785,0.476744589
0.01,6,0.7,100,3,0.6,9.251026674,0.517718306,7.901048916,,8.38083902,0.475409528
0.01,5,0.8,100,5,0.8,9.270758198,0.515656501,7.857881693,,8.390661819,0.47417911
0.01,3,0.8,100,1,0.6,8.929573239,0.550631241,7.800472756,,8.390944228,0.474143714
0.01,4,0.8,100,3,0.6,9.249674589,0.517854112,7.89275167,,8.391851299,0.474030016
0.01,6,0.9,100,5,0.8,9.082936085,0.535081405,7.711485054,,8.392195162,0.473986911
0.01,8,0.9,100,5,0.8,9.080077231,0.535374795,7.714009985,,8.392646456,0.473930337
0.01,7,0.9,100,5,0.8,9.0804809,0.535333408,7.711474634,,8.399058526,0.473126184
0.01,4,0.8,100,5,1,8.978664371,0.545697009,7.625967341,,8.406522704,0.472189311
0.01,4,0.9,100,5,1,8.87835838,0.55578673,7.542749322,,8.417425804,0.470819302
0.01,3,0.6,100,1,0.6,9.16373417,0.526760607,7.925142472,,8.424285351,0.469956468
0.01,3,0.7,100,1,0.6,9.028168942,0.540661242,7.865461305,,8.42663716,0.469660482
0.01,8,0.8,100,5,0.8,9.234422544,0.519447193,7.820858792,,8.42743092,0.469560565
0.01,7,0.8,100,5,0.8,9.234995282,0.519387284,7.818536268,,8.428313421,0.469449467
0.01,5,0.7,100,5,0.8,9.435828742,0.498256704,7.95471932,,8.428364363,0.469443053
0.01,6,0.8,100,5,0.8,9.23865761,0.519005913,7.816353077,,8.431866654,0.46900203
0.01,3,0.9,100,3,0.8,9.110467281,0.532251798,7.667871449,,8.433858192,0.468751166
0.01,4,0.9,100,5,0.8,9.247892406,0.5180388,7.816280597,,8.437990763,0.468230417
0.01,4,0.7,100,3,0.6,9.387812587,0.503347037,7.976655481,,8.442536485,0.467657312
0.01,7,0.7,100,5,0.8,9.413543921,0.500624999,7.941195752,,8.44520375,0.467320891
0.01,8,0.7,100,5,0.8,9.413306241,0.500650129,7.941348226,,8.44520375,0.467320891
0.01,6,0.7,100,5,0.8,9.415767501,0.500388568,7.939962466,,8.445460459,0.467288507
0.01,8,0.6,100,3,0.6,9.454892295,0.496230988,8.020045779,,8.455554945,0.466014293
0.01,6,0.6,100,3,0.6,9.461241329,0.495553535,8.029050457,,8.457116795,0.465817006
0.01,4,0.8,100,5,0.8,9.380653457,0.504104964,7.932893558,,8.458476107,0.465645274
0.01,7,0.6,100,3,0.6,9.457872497,0.495913352,8.025794186,,8.459073765,0.465569759
0.01,5,0.6,100,3,0.6,9.487594532,0.492738604,8.031844523,,8.469522168,0.464248718
0.01,4,0.7,100,5,0.8,9.53076231,0.488110247,8.034149744,,8.470788372,0.464088515
0.01,3,0.6,100,3,1,9.170091846,0.526108974,7.676718131,,8.486109365,0.462148171
0.01,3,0.8,100,3,0.8,9.21141857,0.521827776,7.744881988,,8.488556678,0.461837904
0.01,3,0.7,100,3,1,9.011127695,0.542394401,7.573181282,,8.494066878,0.461139
0.01,4,0.6,100,5,1,9.31470386,0.511060051,7.791721802,,8.499813953,0.460409568
0.01,4,0.6,100,3,0.6,9.570260913,0.483858456,8.093574125,,8.506718909,0.459532522
0.01,3,0.9,100,3,1,8.827277345,0.560875522,7.470539792,,8.526445819,0.457022949
0.01,3,0.8,100,3,1,8.908543737,0.552751493,7.507889436,,8.529000501,0.456697528
0.01,3,0.9,100,3,0.6,9.378288454,0.50434693,7.93122989,,8.530569573,0.456497608
0.01,3,0.6,100,3,0.8,9.489287805,0.492549891,7.895349649,,8.54888183,0.454161671
0.01,3,0.7,100,3,0.8,9.32284568,0.510191653,7.823690106,,8.550372098,0.45397135
0.01,4,0.9,100,5,0.6,9.560103563,0.484949832,8.066662295,,8.587756258,0.44918619
0.01,5,0.9,100,5,0.6,9.478620908,0.493696396,8.020684029,,8.588664115,0.449069725
0.01,5,0.6,100,5,0.8,9.665084153,0.473586337,8.054865258,,8.590722623,0.448805603
0.01,6,0.6,100,5,0.8,9.647913027,0.475454959,8.034887563,,8.592400757,0.448590238
0.01,7,0.6,100,5,0.8,9.645994195,0.475662941,8.037831029,,8.592913467,0.448524431
0.01,8,0.6,100,5,0.8,9.645600486,0.475705592,8.038731525,,8.592913467,0.448524431
0.01,5,0.8,100,5,0.6,9.609858424,0.479581795,8.111111655,,8.60744951,0.446657066
0.01,4,0.8,100,5,0.6,9.688672994,0.47100928,8.142835589,,8.611981669,0.446074199
0.01,4,0.6,100,5,0.8,9.733974406,0.46605393,8.113701896,,8.623561834,0.444583517
0.01,3,0.8,100,3,0.6,9.485728379,0.492929653,7.996675577,,8.62696102,0.444145568
0.01,8,0.9,100,5,0.6,9.439390877,0.497879853,8.007932008,,8.629723385,0.443789541
0.01,8,0.8,100,5,0.6,9.575525526,0.483294577,8.096382027,,8.630762152,0.44365563
0.01,7,0.8,100,5,0.6,9.576746563,0.483162542,8.096649455,,8.631976699,0.443499038
0.01,7,0.9,100,5,0.6,9.440694465,0.497740733,8.010051329,,8.634875896,0.443125154
0.01,6,0.9,100,5,0.6,9.446230973,0.497151848,8.008720398,,8.634924717,0.443118857
0.01,6,0.8,100,5,0.6,9.581004032,0.482702559,8.102855967,,8.638034868,0.442717627
0.01,3,0.7,100,3,0.6,9.610526705,0.479501365,8.071730543,,8.65279698,0.440811246
0.01,5,0.7,100,5,0.6,9.775100837,0.461531511,8.222933527,,8.655525715,0.4404585
0.01,3,0.6,100,3,0.6,9.77588002,0.461438925,8.166752829,,8.668036418,0.438839808
0.01,8,0.7,100,5,0.6,9.753485032,0.463911494,8.209950234,,8.678216957,0.437520877
0.01,7,0.7,100,5,0.6,9.754395136,0.463811282,8.211188701,,8.678442634,0.437491622
0.01,3,0.8,100,5,0.8,9.599088247,0.480741295,7.998862824,,8.678730531,0.437454301
0.01,4,0.7,100,5,0.6,9.840044355,0.45435176,8.263638169,,8.680155022,0.437269618
0.01,3,0.9,100,5,0.8,9.475968429,0.493970878,7.902106205,,8.681682797,0.43707151
0.01,6,0.7,100,5,0.6,9.757241691,0.463497673,8.213951566,,8.688416785,0.436197895
0.01,3,0.7,100,5,1,9.436974422,0.498129472,7.849807047,,8.689001872,0.436121959
0.01,5,0.9,100,10,1,9.563451934,0.484601809,8.023007457,,8.699603823,0.434745079
0.01,3,0.7,100,5,0.8,9.73175133,0.466290816,8.077191656,,8.720015421,0.432089489
0.01,3,0.9,100,5,0.6,9.741449083,0.465222741,8.162040084,,8.736925025,0.429884802
0.01,3,0.6,100,5,1,9.610604466,0.479496924,7.932161806,,8.736953283,0.429881114
0.01,5,0.8,100,10,1,9.698584463,0.469937194,8.094133456,,8.748422425,0.428383323
0.01,4,0.6,100,5,0.6,10.04151382,0.431782863,8.387781058,,8.748500616,0.428373105
0.01,8,0.9,100,10,1,9.537065246,0.487443413,7.946667804,,8.753234798,0.427754274
0.01,7,0.9,100,10,1,9.538191353,0.487322308,7.945485931,,8.755946066,0.42739972
0.01,3,0.8,100,5,1,9.312477758,0.511282216,7.750599891,,8.757194387,0.427236438
0.01,5,0.6,100,5,0.6,9.993028281,0.437261267,8.346463218,,8.758711648,0.427037949
0.01,8,0.6,100,5,0.6,9.974955452,0.439295074,8.325918055,,8.769158933,0.425670289
0.01,7,0.6,100,5,0.6,9.977258983,0.439036503,8.325406544,,8.770209348,0.425532688
0.01,6,0.9,100,10,1,9.542543555,0.48685371,7.967048135,,8.77054946,0.425488131
0.01,6,0.8,100,10,1,9.679669717,0.472002893,8.036041651,,8.771394026,0.42537748
0.01,6,0.6,100,5,0.6,9.978541999,0.438891391,8.331882078,,8.774461669,0.424975481
0.01,8,0.8,100,10,1,9.67532423,0.472476915,8.018875742,,8.777519069,0.424574685
0.01,7,0.8,100,10,1,9.676383344,0.472361405,8.021068452,,8.779055132,0.424373269
0.01,3,0.6,100,5,0.8,9.911829588,0.446360544,8.173041956,,8.788934806,0.423076955
0.01,5,0.7,100,10,1,9.872952593,0.45070581,8.192629508,,8.801876586,0.421376656
0.01,3,0.9,100,5,1,9.217575743,0.52118954,7.715229392,,8.819236668,0.419091949
0.01,6,0.7,100,10,1,9.860095967,0.452135593,8.143919468,,8.819924518,0.419001331
0.01,7,0.7,100,10,1,9.858706255,0.4522901,8.139779895,,8.820668631,0.418903292
0.01,3,0.8,100,5,0.6,9.865911749,0.451476965,8.215243781,,8.821358702,0.418812366
0.01,8,0.7,100,10,1,9.858488569,0.452314348,8.141596147,,8.825380279,0.418282329
0.01,3,0.7,100,5,0.6,10.00335731,0.436089182,8.315322534,,8.828962867,0.417809947
0.01,5,0.9,100,10,0.8,9.934321989,0.443849565,8.304509569,,8.83950863,0.416418321
0.01,4,0.8,100,10,1,9.775731112,0.461471262,8.145996941,,8.845727945,0.415596837
0.01,4,0.9,100,10,0.8,9.997105778,0.436800038,8.334693162,,8.849248991,0.415131501
0.01,4,0.9,100,10,1,9.659156451,0.474234413,8.052611444,,8.856677748,0.414149119
0.01,4,0.7,100,10,1,9.930828543,0.444245153,8.251013052,,8.887669517,0.410041863
0.01,3,0.6,100,5,0.6,10.18085797,0.415901487,8.427813174,,8.891394384,0.409547251
0.01,4,0.8,100,10,0.8,10.13509938,0.421148298,8.422715532,,8.910353708,0.407026494
0.01,7,0.9,100,10,0.8,9.918447823,0.445625698,8.285436424,,8.919214836,0.405846513
0.01,8,0.9,100,10,0.8,9.918321823,0.445639851,8.287182417,,8.919221796,0.405845585
0.01,6,0.9,100,10,0.8,9.92013246,0.445437084,8.280748674,,8.923302643,0.405301769
0.01,5,0.8,100,10,0.8,10.08556596,0.426790368,8.385093853,,8.930577737,0.404331669
0.01,7,0.8,100,10,0.8,10.06917443,0.428651476,8.366292634,,8.975717531,0.398294814
0.01,8,0.8,100,10,0.8,10.06904206,0.428666416,8.365059063,,8.975726408,0.398293624
0.01,4,0.9,100,10,0.6,10.26244956,0.406509371,8.554750517,,8.976627374,0.398172822
0.01,6,0.8,100,10,0.8,10.07060629,0.428489155,8.362294034,,8.978948681,0.397861523
0.01,4,0.7,100,10,0.8,10.29469622,0.402775885,8.513045809,,9.006789162,0.394121706
0.01,3,0.9,100,10,0.8,10.13353457,0.421322217,8.362084278,,9.007536532,0.394021152
0.01,5,0.7,100,10,0.8,10.2557103,0.407288947,8.470173098,,9.010445664,0.393629667
0.01,5,0.9,100,10,0.6,10.22060889,0.411338673,8.535824494,,9.015475386,0.392952514
0.01,7,0.7,100,10,0.8,10.24513762,0.408509835,8.460637039,,9.031177792,0.390836063
0.01,6,0.7,100,10,0.8,10.24654229,0.40834798,8.457226016,,9.031303699,0.390819077
0.01,8,0.7,100,10,0.8,10.24498791,0.408527102,8.46045268,,9.033308406,0.390548604
0.01,3,0.8,100,10,0.8,10.25882993,0.406926324,8.437002655,,9.03721579,0.39002125
0.01,8,0.6,100,10,1,10.09425789,0.42581269,8.273534683,,9.039675596,0.389689149
0.01,7,0.6,100,10,1,10.0944278,0.425793356,8.273015428,,9.039807426,0.389671348
0.01,5,0.6,100,10,1,10.10366402,0.424742543,8.290463512,,9.041168885,0.389487494
0.01,6,0.6,100,10,1,10.09496045,0.425732835,8.275048491,,9.041172758,0.389486971
0.01,3,0.9,100,10,0.6,10.37082075,0.393908815,8.601771044,,9.043220545,0.389210383
0.01,3,0.7,100,10,1,10.13639512,0.420996635,8.269700568,,9.061282852,0.386768048
0.01,4,0.8,100,10,0.6,10.39484596,0.39109959,8.642857452,,9.066779742,0.386023806
0.01,8,0.9,100,10,0.6,10.20276362,0.413392254,8.524994284,,9.067415505,0.385937699
0.01,7,0.9,100,10,0.6,10.20413096,0.413235188,8.52753305,,9.06888082,0.385739215
0.01,6,0.9,100,10,0.6,10.2076445,0.412831186,8.528430813,,9.07137927,0.385400715
0.01,3,0.8,100,10,1,9.99121726,0.437461458,8.163415587,,9.075415565,0.384853663
0.01,4,0.6,100,10,1,10.15339048,0.419064369,8.342129999,,9.077176723,0.384614892
0.01,5,0.8,100,10,0.6,10.35816655,0.395387742,8.625985672,,9.09721596,0.381894782
0.01,3,0.7,100,10,0.8,10.4076228,0.389602032,8.518106034,,9.104047577,0.380966092
0.01,3,0.9,100,10,1,9.879119279,0.450011088,8.119687054,,9.117668163,0.379112431
0.01,8,0.8,100,10,0.6,10.34120275,0.397365305,8.611914154,,9.124414353,0.378193298
0.01,7,0.8,100,10,0.6,10.34241594,0.397224247,8.61383585,,9.124857427,0.378132907
0.01,6,0.8,100,10,0.6,10.34456565,0.39697379,8.614627599,,9.127177875,0.377816586
0.01,3,0.8,100,10,0.6,10.49896492,0.378841353,8.672212288,,9.138559313,0.376263914
0.01,4,0.7,100,10,0.6,10.55400969,0.372311414,8.742898628,,9.142922804,0.375668127
0.01,5,0.7,100,10,0.6,10.52396541,0.375879195,8.717179711,,9.149062647,0.374829317
0.01,5,0.6,100,10,0.8,10.48028528,0.381053015,8.606269153,,9.153841982,0.374175987
0.01,4,0.6,100,10,0.8,10.50880917,0.377677696,8.623626823,,9.154425753,0.374096162
0.01,7,0.7,100,10,0.6,10.51417957,0.377039276,8.70723155,,9.159271929,0.373433304
0.01,8,0.7,100,10,0.6,10.51356579,0.377111949,8.707887792,,9.159271929,0.373433304
0.01,6,0.6,100,10,0.8,10.47431459,0.381758091,8.595883042,,9.161635781,0.37310985
0.01,7,0.6,100,10,0.8,10.47374398,0.38182534,8.592209773,,9.161874097,0.373077236
0.01,8,0.6,100,10,0.8,10.47365248,0.381836133,8.592128924,,9.161874097,0.373077236
0.01,6,0.7,100,10,0.6,10.51539674,0.376895272,8.707207865,,9.166179036,0.372487946
0.01,3,0.6,100,10,1,10.33124306,0.398526878,8.37543862,,9.201605886,0.367627964
0.01,3,0.7,100,10,0.6,10.64606071,0.361315956,8.758050378,,9.205077823,0.367150662
0.01,3,0.6,100,10,0.8,10.6071302,0.365978637,8.631832066,,9.212713378,0.366100338
0.01,5,0.6,100,10,0.6,10.73846957,0.350181296,8.844181232,,9.263012967,0.359159508
0.01,4,0.6,100,10,0.6,10.75783809,0.347833951,8.863798455,,9.265143616,0.358864666
0.01,6,0.6,100,10,0.6,10.73408309,0.350712717,8.833276322,,9.271411354,0.357996935
0.01,7,0.6,100,10,0.6,10.73331878,0.350805114,8.832663351,,9.272090561,0.357902868
0.01,8,0.6,100,10,0.6,10.73314951,0.350825725,8.832826301,,9.272090561,0.357902868
0.01,3,0.6,100,10,0.6,10.8329337,0.338698169,8.866352708,,9.321059519,0.351102706
