PI-content,CF-content,Sizing agent-content,GP-content,CF/S,TC_pred,TS_pred,High_Performance,Pareto_Optimal,Score,
0.76,0.12,0.02,0.12,5.999997,11.97505,73.462204,TRUE,TRUE,879.71356,1
0.76,0.13,0.05,0.11,2.59999948,13.790091,67.02309,TRUE,TRUE,924.25446,1
0.78,0.13,0.05,0.09,2.59999948,12.153295,67.68469,TRUE,TRUE,822.592,1
0.7,0.1,0,0.2,10000000,8.020228,55.713486,FALSE,FALSE,446.83487,2
0.7,0.1,0.005,0.2,19.99996,8.020228,55.713486,FALSE,FALSE,446.83487,2
0.7,0.1,0.01,0.2,9.99999,8.844334,61.00223,FALSE,FALSE,539.5241,2
0.7,0.1,0.015,0.2,6.666662222,8.844334,61.00223,FALSE,FALSE,539.5241,2
0.7,0.1,0.02,0.2,4.9999975,11.066168,63.805916,FALSE,FALSE,706.087,2
0.7,0.1,0.025,0.2,3.9999984,11.066168,63.805916,FALSE,FALSE,706.087,2
0.7,0.1,0.03,0.2,3.333332222,10.688123,60.81881,FALSE,FALSE,650.0389,2
0.7,0.1,0.035,0.2,2.857142041,10.688123,60.81881,FALSE,FALSE,650.0389,2
0.7,0.1,0.04,0.2,2.499999375,6.438262,50.977234,FALSE,FALSE,328.20477,2
0.7,0.1,0.045,0.2,2.222221728,6.438262,50.977234,FALSE,FALSE,328.20477,2
0.7,0.1,0.05,0.2,1.9999996,9.633074,50.545155,FALSE,FALSE,486.9052,2
0.7,0.1,0.055,0.2,1.818181488,9.633074,50.545155,FALSE,FALSE,486.9052,2
0.7,0.15,0,0.15,15000000,8.016479,47.049053,FALSE,FALSE,377.16772,2
0.7,0.15,0.005,0.15,29.99994,8.016479,47.049053,FALSE,FALSE,377.16772,2
0.7,0.15,0.01,0.15,14.999985,7.9985857,52.49552,FALSE,FALSE,419.88992,2
0.7,0.15,0.015,0.15,9.999993333,8.816973,53.207817,FALSE,FALSE,469.13187,2
0.7,0.15,0.02,0.15,7.49999625,11.951432,56.489723,FALSE,FALSE,675.1331,2
0.7,0.15,0.025,0.15,5.9999976,11.951432,56.489723,FALSE,FALSE,675.1331,2
0.7,0.15,0.03,0.15,4.999998333,11.00273,53.56549,FALSE,FALSE,589.36664,2
0.7,0.15,0.035,0.15,4.285713061,11.00273,53.56549,FALSE,FALSE,589.36664,2
0.7,0.15,0.04,0.15,3.749999063,9.915918,51.814484,FALSE,FALSE,513.7882,2
0.7,0.15,0.045,0.15,3.333332593,9.377375,52.126534,FALSE,FALSE,488.81003,2
0.7,0.15,0.05,0.15,2.9999994,13.741364,52.126534,FALSE,FALSE,716.2897,2
0.7,0.15,0.055,0.15,2.727272231,13.741364,52.126534,FALSE,FALSE,716.2897,2
0.7,0.2,0,0.1,20000000,7.8365827,52.948574,FALSE,FALSE,414.93588,2
0.7,0.2,0.005,0.1,39.99992,7.8365827,52.948574,FALSE,FALSE,414.93588,2
0.7,0.2,0.01,0.1,19.99998,7.8353915,57.834785,FALSE,FALSE,453.15817,2
0.7,0.2,0.015,0.1,13.33332444,7.8353915,57.834785,FALSE,FALSE,453.15817,2
0.7,0.2,0.02,0.1,9.999995,11.917803,63.10141,FALSE,FALSE,752.03015,2
0.7,0.2,0.025,0.1,7.9999968,11.917803,63.10141,FALSE,FALSE,752.03015,2
0.7,0.2,0.03,0.1,6.666664444,11.983888,60.34099,FALSE,FALSE,723.1196,2
0.7,0.2,0.035,0.1,5.714284082,11.983888,60.34099,FALSE,FALSE,723.1196,2
0.7,0.2,0.04,0.1,4.99999875,9.761915,57.144302,FALSE,FALSE,557.8378,2
0.7,0.2,0.045,0.1,4.444443457,9.761915,57.144302,FALSE,FALSE,557.8378,2
0.7,0.2,0.05,0.1,3.9999992,13.838931,56.727654,FALSE,TRUE,785.0501,2
0.7,0.2,0.055,0.1,3.636362975,13.838931,56.727654,FALSE,TRUE,785.0501,2
0.72,0.08,0,0.2,8000000,6.865866,54.67313,FALSE,FALSE,375.3784,2
0.72,0.08,0.005,0.2,15.999968,6.865866,54.67313,FALSE,FALSE,375.3784,2
0.72,0.08,0.01,0.2,7.999992,7.733739,60.432728,FALSE,FALSE,467.37094,2
0.72,0.08,0.015,0.2,5.333329778,7.733739,60.432728,FALSE,FALSE,467.37094,2
0.72,0.08,0.02,0.2,3.999998,9.623752,63.225315,FALSE,FALSE,608.4647,2
0.72,0.08,0.025,0.2,3.19999872,9.237244,63.288853,FALSE,FALSE,584.61456,2
0.72,0.08,0.03,0.2,2.666665778,9.261142,61.00561,FALSE,FALSE,564.9816,2
0.72,0.08,0.035,0.2,2.285713633,7.0386367,51.421825,FALSE,FALSE,361.93954,2
0.72,0.08,0.04,0.2,1.9999995,5.0422597,50.221577,FALSE,FALSE,253.23022,2
0.72,0.08,0.045,0.2,1.777777383,5.0422597,50.221577,FALSE,FALSE,253.23022,2
0.72,0.08,0.05,0.2,1.59999968,8.934881,50.205647,FALSE,FALSE,448.58148,2
0.72,0.08,0.055,0.2,1.45454519,8.934881,50.205647,FALSE,FALSE,448.58148,2
0.72,0.13,0,0.15,13000000,8.00505,55.842243,FALSE,FALSE,447.01993,2
0.72,0.13,0.005,0.15,25.999948,8.00505,55.842243,FALSE,FALSE,447.01993,2
0.72,0.13,0.01,0.15,12.999987,7.987157,60.15933,FALSE,FALSE,480.50198,2
0.72,0.13,0.015,0.15,8.666660889,8.829153,61.093437,FALSE,FALSE,539.4033,2
0.72,0.13,0.02,0.15,6.49999675,11.963613,64.70375,FALSE,FALSE,774.0906,2
0.72,0.13,0.025,0.15,5.19999792,11.963613,64.70375,FALSE,FALSE,774.0906,2
0.72,0.13,0.03,0.15,4.333331889,11.014911,61.430267,FALSE,FALSE,676.6489,2
0.72,0.13,0.035,0.15,3.714284653,11.014911,61.430267,FALSE,FALSE,676.6489,2
0.72,0.13,0.04,0.15,3.249999188,9.389555,60.12429,FALSE,FALSE,564.54034,2
0.72,0.13,0.045,0.15,2.888888247,9.389555,60.12429,FALSE,FALSE,564.54034,2
0.72,0.13,0.05,0.15,2.59999948,13.764973,60.11653,FALSE,FALSE,827.50244,2
0.72,0.13,0.055,0.15,2.363635934,10.813682,52.36779,FALSE,FALSE,566.28864,2
0.72,0.14,0,0.14,14000000,7.9353423,54.25366,FALSE,FALSE,430.52136,2
0.72,0.14,0.005,0.14,27.999944,7.9353423,54.25366,FALSE,FALSE,430.52136,2
0.72,0.14,0.01,0.14,13.999986,7.934151,58.73896,FALSE,FALSE,466.0438,2
0.72,0.14,0.015,0.14,9.333327111,8.752542,59.5188,FALSE,FALSE,520.94073,2
0.72,0.14,0.02,0.14,6.9999965,11.887001,62.85293,FALSE,FALSE,747.1328,2
0.72,0.14,0.025,0.14,5.59999776,11.887001,62.85293,FALSE,FALSE,747.1328,2
0.72,0.14,0.03,0.14,4.666665111,10.938299,59.67152,FALSE,FALSE,652.70496,2
0.72,0.14,0.035,0.14,3.999998857,10.938299,59.67152,FALSE,FALSE,652.70496,2
0.72,0.14,0.04,0.14,3.499999125,9.851487,58.000805,FALSE,FALSE,571.39417,2
0.72,0.14,0.045,0.14,3.11111042,9.312944,58.335518,FALSE,FALSE,543.27545,2
0.72,0.14,0.05,0.14,2.79999944,13.741364,58.32776,FALSE,FALSE,801.5029,2
0.72,0.14,0.055,0.14,2.545454083,13.741364,58.32776,FALSE,FALSE,801.5029,2
0.72,0.15,0,0.13,15000000,7.9353423,50.138042,FALSE,FALSE,397.86252,2
0.72,0.15,0.005,0.13,29.99994,7.9353423,50.138042,FALSE,FALSE,397.86252,2
0.72,0.15,0.01,0.13,14.999985,7.934151,55.4171,FALSE,FALSE,439.68765,2
0.72,0.15,0.015,0.13,9.999993333,8.752542,56.577667,FALSE,FALSE,495.1984,2
0.72,0.15,0.02,0.13,7.49999625,11.887001,59.919975,FALSE,FALSE,712.2688,2
0.72,0.15,0.025,0.13,5.9999976,11.887001,59.919975,FALSE,FALSE,712.2688,2
0.72,0.15,0.03,0.13,4.999998333,10.938299,56.96704,FALSE,FALSE,623.12256,2
0.72,0.15,0.035,0.13,4.285713061,10.938299,56.96704,FALSE,FALSE,623.12256,2
0.72,0.15,0.04,0.13,3.749999063,9.851487,55.196503,FALSE,FALSE,543.76764,2
0.72,0.15,0.045,0.13,3.333332593,9.312944,55.800453,FALSE,FALSE,519.6665,2
0.72,0.15,0.05,0.13,2.9999994,13.741364,55.800453,FALSE,FALSE,766.7743,2
0.72,0.15,0.055,0.13,2.727272231,13.741364,55.800453,FALSE,FALSE,766.7743,2
0.72,0.2,0,0.08,20000000,7.3112645,52.85696,FALSE,FALSE,386.45123,2
0.72,0.2,0.005,0.08,39.99992,7.3112645,52.85696,FALSE,FALSE,386.45123,2
0.72,0.2,0.01,0.08,19.99998,7.3100743,57.74317,FALSE,FALSE,422.10687,2
0.72,0.2,0.015,0.08,13.33332444,7.3100743,57.74317,FALSE,FALSE,422.10687,2
0.72,0.2,0.02,0.08,9.999995,10.300008,63.009796,FALSE,FALSE,649.0014,2
0.72,0.2,0.025,0.08,7.9999968,10.300008,63.009796,FALSE,FALSE,649.0014,2
0.72,0.2,0.03,0.08,6.666664444,10.377334,60.249374,FALSE,FALSE,625.22784,2
0.72,0.2,0.035,0.08,5.714284082,10.377334,60.249374,FALSE,FALSE,625.22784,2
0.72,0.2,0.04,0.08,4.99999875,8.155361,57.05271,FALSE,FALSE,465.28546,2
0.72,0.2,0.045,0.08,4.444443457,8.155361,57.05271,FALSE,FALSE,465.28546,2
0.72,0.2,0.05,0.08,3.9999992,12.202136,56.636063,FALSE,FALSE,691.08093,2
0.72,0.2,0.055,0.08,3.636362975,12.202136,56.636063,FALSE,FALSE,691.08093,2
0.74,0.06,0,0.2,6000000,6.7702756,52.25034,FALSE,FALSE,353.7492,2
0.74,0.06,0.005,0.2,11.999976,6.7702756,52.25034,FALSE,FALSE,353.7492,2
0.74,0.06,0.01,0.2,5.999994,7.521541,58.80259,FALSE,FALSE,442.2861,2
0.74,0.06,0.015,0.2,3.999997333,7.1938133,58.09572,FALSE,FALSE,417.92975,2
0.74,0.06,0.02,0.2,2.9999985,8.844914,61.71513,FALSE,FALSE,545.86505,2
0.74,0.06,0.025,0.2,2.39999904,6.826492,50.39754,FALSE,FALSE,344.0384,2
0.74,0.06,0.03,0.2,1.999999333,6.1525807,48.18487,FALSE,FALSE,296.4613,2
0.74,0.06,0.035,0.2,1.714285224,6.1525807,48.18487,FALSE,FALSE,296.4613,2
0.74,0.06,0.04,0.2,1.499999625,4.8942,48.159092,FALSE,FALSE,235.70023,2
0.74,0.06,0.045,0.2,1.333333037,4.8942,48.159092,FALSE,FALSE,235.70023,2
0.74,0.06,0.05,0.2,1.19999976,8.774034,48.14316,FALSE,FALSE,422.40973,2
0.74,0.06,0.055,0.2,1.090908893,8.774034,48.14316,FALSE,FALSE,422.40973,2
0.74,0.11,0,0.15,11000000,8.020228,55.713486,FALSE,FALSE,446.83487,2
0.74,0.11,0.005,0.15,21.999956,8.020228,55.713486,FALSE,FALSE,446.83487,2
0.74,0.11,0.01,0.15,10.999989,8.002336,59.94069,FALSE,FALSE,479.6655,2
0.74,0.11,0.015,0.15,7.333328444,8.844334,61.00223,FALSE,FALSE,539.5241,2
0.74,0.11,0.02,0.15,5.49999725,12.008679,64.711494,FALSE,FALSE,777.0996,2
0.74,0.11,0.025,0.15,4.39999824,11.066168,63.805916,FALSE,FALSE,706.087,2
0.74,0.11,0.03,0.15,3.666665444,11.037772,60.23121,FALSE,FALSE,664.81836,2
0.74,0.11,0.035,0.15,3.142856245,10.688123,60.81881,FALSE,FALSE,650.0389,2
0.74,0.11,0.04,0.15,2.749999313,9.389555,58.76963,FALSE,FALSE,551.8207,2
0.74,0.11,0.045,0.15,2.444443901,6.438262,50.977234,FALSE,FALSE,328.20477,2
0.74,0.11,0.05,0.15,2.19999956,10.330884,50.961304,FALSE,FALSE,526.47534,2
0.74,0.11,0.055,0.15,1.999999636,9.633074,50.545155,FALSE,FALSE,486.9052,2
0.74,0.12,0,0.14,12000000,7.939093,55.74339,FALSE,FALSE,442.55197,2
0.74,0.12,0.005,0.14,23.999952,7.939093,55.74339,FALSE,FALSE,442.55197,2
0.74,0.12,0.01,0.14,11.999988,7.937902,59.975826,FALSE,FALSE,476.08224,2
0.74,0.12,0.015,0.14,7.999994667,8.779902,61.03737,FALSE,FALSE,535.90216,2
0.74,0.12,0.02,0.14,5.999997,11.944248,64.74664,FALSE,FALSE,773.35,2
0.74,0.12,0.025,0.14,4.79999808,11.001737,63.841053,FALSE,FALSE,702.3624,2
0.74,0.12,0.03,0.14,3.999998667,10.973341,60.266342,FALSE,FALSE,661.3231,2
0.74,0.12,0.035,0.14,3.428570449,10.973341,60.266342,FALSE,FALSE,661.3231,2
0.74,0.12,0.04,0.14,2.99999925,9.325125,58.83288,FALSE,FALSE,548.6239,2
0.74,0.12,0.045,0.14,2.666666074,9.325125,58.83288,FALSE,FALSE,548.6239,2
0.74,0.12,0.05,0.14,2.39999952,10.314306,51.024544,FALSE,FALSE,526.2828,2
0.74,0.12,0.055,0.14,2.181817785,10.314306,51.024544,FALSE,FALSE,526.2828,2
0.74,0.13,0,0.13,13000000,7.9239135,60.760704,FALSE,FALSE,481.46255,2
0.74,0.13,0.005,0.13,25.999948,7.9239135,60.760704,FALSE,FALSE,481.46255,2
0.74,0.13,0.01,0.13,12.999987,7.9227223,64.910355,FALSE,FALSE,514.2667,2
0.74,0.13,0.015,0.13,8.666660889,8.764722,66.52387,FALSE,FALSE,583.06323,2
0.74,0.13,0.02,0.13,6.49999675,11.899181,70.1946,TRUE,FALSE,835.2583,2
0.74,0.13,0.025,0.13,5.19999792,11.899181,70.1946,TRUE,FALSE,835.2583,2
0.74,0.13,0.03,0.13,4.333331889,10.9504795,66.66361,FALSE,FALSE,729.99854,2
0.74,0.13,0.035,0.13,3.714284653,10.9504795,66.66361,FALSE,FALSE,729.99854,2
0.74,0.13,0.04,0.13,3.249999188,9.325125,65.499725,FALSE,FALSE,610.7931,2
0.74,0.13,0.045,0.13,2.888888247,9.325125,65.499725,FALSE,FALSE,610.7931,2
0.74,0.13,0.05,0.13,2.59999948,13.764973,65.49196,TRUE,FALSE,901.495,2
0.74,0.13,0.055,0.13,2.363635934,10.797104,57.13552,FALSE,FALSE,616.89813,2
0.74,0.14,0,0.12,14000000,7.8365827,61.08062,FALSE,FALSE,478.66333,2
0.74,0.14,0.005,0.12,27.999944,7.8365827,61.08062,FALSE,FALSE,478.66333,2
0.74,0.14,0.01,0.12,13.999986,7.8353915,65.00043,FALSE,FALSE,509.3038,2
0.74,0.14,0.015,0.12,9.333327111,8.6789,66.45969,FALSE,FALSE,576.79694,2
0.74,0.14,0.02,0.12,6.9999965,11.917803,70.61797,TRUE,FALSE,841.6111,2
0.74,0.14,0.025,0.12,5.59999776,11.917803,70.61797,TRUE,FALSE,841.6111,2
0.74,0.14,0.03,0.12,4.666665111,10.854412,66.87468,FALSE,FALSE,725.8853,2
0.74,0.14,0.035,0.12,3.999998857,10.854412,66.87468,FALSE,FALSE,725.8853,2
0.74,0.14,0.04,0.12,3.499999125,9.761915,64.25514,FALSE,FALSE,627.25323,2
0.74,0.14,0.045,0.12,3.11111042,9.2233715,65.04625,FALSE,FALSE,599.94574,2
0.74,0.14,0.05,0.12,2.79999944,13.766481,64.621826,FALSE,FALSE,889.6152,2
0.74,0.14,0.055,0.12,2.545454083,13.766481,64.621826,FALSE,FALSE,889.6152,2
0.74,0.15,0,0.11,15000000,7.8365827,52.948574,FALSE,FALSE,414.93588,2
0.74,0.15,0.005,0.11,29.99994,7.8365827,52.948574,FALSE,FALSE,414.93588,2
0.74,0.15,0.01,0.11,14.999985,7.8353915,57.834785,FALSE,FALSE,453.15817,2
0.74,0.15,0.015,0.11,9.999993333,8.6789,58.995346,FALSE,FALSE,512.0147,2
0.74,0.15,0.02,0.11,7.49999625,11.917803,63.10141,FALSE,FALSE,752.03015,2
0.74,0.15,0.025,0.11,5.9999976,11.917803,63.10141,FALSE,FALSE,752.03015,2
0.74,0.15,0.03,0.11,4.999998333,10.854412,59.844124,FALSE,FALSE,649.57275,2
0.74,0.15,0.035,0.11,4.285713061,10.854412,59.844124,FALSE,FALSE,649.57275,2
0.74,0.15,0.04,0.11,3.749999063,9.761915,57.144302,FALSE,FALSE,557.8378,2
0.74,0.15,0.045,0.11,3.333332593,9.2233715,57.748253,FALSE,FALSE,532.6336,2
0.74,0.15,0.05,0.11,2.9999994,13.766481,57.331604,FALSE,FALSE,789.25446,2
0.74,0.15,0.055,0.11,2.727272231,13.766481,57.331604,FALSE,FALSE,789.25446,2
0.74,0.2,0,0.06,20000000,6.293638,51.789898,FALSE,FALSE,325.94687,2
0.74,0.2,0.005,0.06,39.99992,6.293638,51.789898,FALSE,FALSE,325.94687,2
0.74,0.2,0.01,0.06,19.99998,6.28145,57.331818,FALSE,FALSE,360.12692,2
0.74,0.2,0.015,0.06,13.33332444,6.28145,57.331818,FALSE,FALSE,360.12692,2
0.74,0.2,0.02,0.06,9.999995,8.786399,62.47103,FALSE,FALSE,548.8954,2
0.74,0.2,0.025,0.06,7.9999968,8.786399,62.47103,FALSE,FALSE,548.8954,2
0.74,0.2,0.03,0.06,6.666664444,8.863726,59.78573,FALSE,FALSE,529.9243,2
0.74,0.2,0.035,0.06,5.714284082,8.863726,59.78573,FALSE,FALSE,529.9243,2
0.74,0.2,0.04,0.06,4.99999875,6.7623897,56.608604,FALSE,FALSE,382.80945,2
0.74,0.2,0.045,0.06,4.444443457,6.7623897,56.608604,FALSE,FALSE,382.80945,2
0.74,0.2,0.05,0.06,3.9999992,10.860982,56.191956,FALSE,FALSE,610.2998,2
0.74,0.2,0.055,0.06,3.636362975,10.860982,56.191956,FALSE,FALSE,610.2998,2
0.76,0.04,0,0.2,4000000,6.7702756,56.40109,FALSE,FALSE,381.85092,2
0.76,0.04,0.005,0.2,7.999984,7.482612,57.047276,FALSE,FALSE,426.86264,2
0.76,0.04,0.01,0.2,3.999996,7.1938133,62.308037,FALSE,FALSE,448.2324,2
0.76,0.04,0.015,0.2,2.666664889,7.4229746,62.40951,FALSE,FALSE,463.26422,2
0.76,0.04,0.02,0.2,1.999999,6.128684,54.928104,FALSE,FALSE,336.637,2
0.76,0.04,0.025,0.2,1.59999936,6.128684,54.928104,FALSE,FALSE,336.637,2
0.76,0.04,0.03,0.2,1.333332889,6.1525807,54.122807,FALSE,FALSE,332.99493,2
0.76,0.04,0.035,0.2,1.142856816,6.1525807,54.122807,FALSE,FALSE,332.99493,2
0.76,0.04,0.04,0.2,0.99999975,4.8942,54.097034,FALSE,FALSE,264.7617,2
0.76,0.04,0.045,0.2,0.888888691,4.8942,54.097034,FALSE,FALSE,264.7617,2
0.76,0.04,0.05,0.2,0.79999984,8.774034,54.081104,FALSE,FALSE,474.50943,2
0.76,0.04,0.055,0.2,0.727272595,8.774034,54.081104,FALSE,FALSE,474.50943,2
0.76,0.09,0,0.15,9000000,6.865866,54.67313,FALSE,FALSE,375.3784,2
0.76,0.09,0.005,0.15,17.999964,6.865866,54.67313,FALSE,FALSE,375.3784,2
0.76,0.09,0.01,0.15,8.999991,7.733739,60.432728,FALSE,FALSE,467.37094,2
0.76,0.09,0.015,0.15,5.999996,7.733739,60.432728,FALSE,FALSE,467.37094,2
0.76,0.09,0.02,0.15,4.49999775,9.623752,63.225315,FALSE,FALSE,608.4647,2
0.76,0.09,0.025,0.15,3.59999856,9.623752,63.225315,FALSE,FALSE,608.4647,2
0.76,0.09,0.03,0.15,2.999999,9.261142,61.00561,FALSE,FALSE,564.9816,2
0.76,0.09,0.035,0.15,2.571427837,9.261142,61.00561,FALSE,FALSE,564.9816,2
0.76,0.09,0.04,0.15,2.249999438,5.7400675,51.058758,FALSE,FALSE,293.08072,2
0.76,0.09,0.045,0.15,1.999999556,5.0422597,50.221577,FALSE,FALSE,253.23022,2
0.76,0.09,0.05,0.15,1.79999964,8.934881,50.205647,FALSE,FALSE,448.58148,2
0.76,0.09,0.055,0.15,1.636363339,8.934881,50.205647,FALSE,FALSE,448.58148,2
0.76,0.1,0,0.14,10000000,7.939093,55.74339,FALSE,FALSE,442.55197,2
0.76,0.1,0.005,0.14,19.99996,7.939093,55.74339,FALSE,FALSE,442.55197,2
0.76,0.1,0.01,0.14,9.99999,8.779902,61.03737,FALSE,FALSE,535.90216,2
0.76,0.1,0.015,0.14,6.666662222,8.779902,61.03737,FALSE,FALSE,535.90216,2
0.76,0.1,0.02,0.14,4.9999975,11.001737,63.841053,FALSE,FALSE,702.3624,2
0.76,0.1,0.025,0.14,3.9999984,11.001737,63.841053,FALSE,FALSE,702.3624,2
0.76,0.1,0.03,0.14,3.333332222,10.623691,60.882057,FALSE,FALSE,646.7921,2
0.76,0.1,0.035,0.14,2.857142041,10.623691,60.882057,FALSE,FALSE,646.7921,2
0.76,0.1,0.04,0.14,2.499999375,6.3572536,51.040474,FALSE,FALSE,324.47723,2
0.76,0.1,0.045,0.14,2.222221728,6.3572536,51.040474,FALSE,FALSE,324.47723,2
0.76,0.1,0.05,0.14,1.9999996,9.616496,50.608395,FALSE,FALSE,486.6754,2
0.76,0.1,0.055,0.14,1.818181488,9.616496,50.608395,FALSE,FALSE,486.6754,2
0.76,0.11,0,0.13,11000000,7.939093,60.58404,FALSE,FALSE,480.98236,2
0.76,0.11,0.005,0.13,21.999956,7.939093,60.58404,FALSE,FALSE,480.98236,2
0.76,0.11,0.01,0.13,10.999989,7.937902,64.64383,FALSE,FALSE,513.13635,2
0.76,0.11,0.015,0.13,7.333328444,8.779902,66.3848,FALSE,FALSE,582.8521,2
0.76,0.11,0.02,0.13,5.49999725,11.944248,70.154465,TRUE,FALSE,837.9423,2
0.76,0.11,0.025,0.13,4.39999824,11.001737,69.02348,FALSE,FALSE,759.3782,2
0.76,0.11,0.03,0.13,3.666665444,10.973341,65.19868,FALSE,FALSE,715.4473,2
0.76,0.11,0.035,0.13,3.142856245,10.623691,66.17538,FALSE,FALSE,703.02673,2
0.76,0.11,0.04,0.13,2.749999313,9.325125,63.800705,FALSE,FALSE,594.9495,2
0.76,0.11,0.045,0.13,2.444443901,6.3572536,55.20485,FALSE,FALSE,350.95123,2
0.76,0.11,0.05,0.13,2.19999956,10.314306,55.18892,FALSE,FALSE,569.2354,2
0.76,0.11,0.055,0.13,1.999999636,9.616496,55.248928,FALSE,FALSE,531.3011,2
0.76,0.12,0,0.12,12000000,7.8403344,64.225784,FALSE,FALSE,503.55164,2
0.76,0.12,0.005,0.12,23.999952,7.8403344,64.225784,FALSE,FALSE,503.55164,2
0.76,0.12,0.01,0.12,11.999988,7.839144,67.18782,FALSE,FALSE,526.695,2
0.76,0.12,0.015,0.12,7.999994667,8.706262,68.92879,FALSE,FALSE,600.11206,2
0.76,0.12,0.025,0.12,4.79999808,10.91785,72.33122,FALSE,FALSE,789.7014,2
0.76,0.12,0.03,0.12,3.999998667,10.889454,68.08126,FALSE,FALSE,741.36774,2
0.76,0.12,0.035,0.12,3.428570449,10.889454,68.08126,FALSE,FALSE,741.36774,2
0.76,0.12,0.04,0.12,2.99999925,9.235552,65.79522,FALSE,FALSE,607.65515,2
0.76,0.12,0.045,0.12,2.666666074,9.235552,65.79522,FALSE,FALSE,607.65515,2
0.76,0.12,0.05,0.12,2.39999952,10.339422,57.540634,FALSE,FALSE,594.9369,2
0.76,0.12,0.055,0.12,2.181817785,10.339422,57.540634,FALSE,FALSE,594.9369,2
0.76,0.13,0,0.11,13000000,7.825154,63.571224,FALSE,FALSE,497.45462,2
0.76,0.13,0.005,0.11,25.999948,7.825154,63.571224,FALSE,FALSE,497.45462,2
0.76,0.13,0.01,0.11,12.999987,7.8239627,67.32805,FALSE,FALSE,526.77216,2
0.76,0.13,0.015,0.11,8.666660889,8.69108,68.94157,FALSE,FALSE,599.1767,2
0.76,0.13,0.02,0.11,6.49999675,11.929983,73.376045,TRUE,FALSE,875.375,2
0.76,0.13,0.025,0.11,5.19999792,11.929983,73.376045,TRUE,FALSE,875.375,2
0.76,0.13,0.03,0.11,4.333331889,10.866592,69.54069,FALSE,FALSE,755.6703,2
0.76,0.13,0.035,0.11,3.714284653,10.866592,69.54069,FALSE,FALSE,755.6703,2
0.76,0.13,0.04,0.11,3.249999188,9.235552,67.44751,FALSE,FALSE,622.915,2
0.76,0.13,0.045,0.11,2.888888247,9.235552,67.44751,FALSE,FALSE,622.915,2
0.76,0.13,0.055,0.11,2.363635934,10.82222,58.82367,FALSE,FALSE,636.60266,2
0.76,0.14,0,0.1,14000000,7.8365827,61.08062,FALSE,FALSE,478.66333,2
0.76,0.14,0.005,0.1,27.999944,7.8365827,61.08062,FALSE,FALSE,478.66333,2
0.76,0.14,0.01,0.1,13.999986,7.8353915,65.00043,FALSE,FALSE,509.3038,2
0.76,0.14,0.015,0.1,9.333327111,8.6789,66.45969,FALSE,FALSE,576.79694,2
0.76,0.14,0.02,0.1,6.9999965,11.917803,70.61797,TRUE,FALSE,841.6111,2
0.76,0.14,0.025,0.1,5.59999776,11.917803,70.61797,TRUE,FALSE,841.6111,2
0.76,0.14,0.03,0.1,4.666665111,10.854412,66.87468,FALSE,FALSE,725.8853,2
0.76,0.14,0.035,0.1,3.999998857,10.854412,66.87468,FALSE,FALSE,725.8853,2
0.76,0.14,0.04,0.1,3.499999125,9.761915,64.25514,FALSE,FALSE,627.25323,2
0.76,0.14,0.045,0.1,3.11111042,9.2233715,65.04625,FALSE,FALSE,599.94574,2
0.76,0.14,0.05,0.1,2.79999944,13.766481,64.621826,FALSE,FALSE,889.6152,2
0.76,0.14,0.055,0.1,2.545454083,13.766481,64.621826,FALSE,FALSE,889.6152,2
0.76,0.15,0,0.09,15000000,7.3112645,52.85696,FALSE,FALSE,386.45123,2
0.76,0.15,0.005,0.09,29.99994,7.3112645,52.85696,FALSE,FALSE,386.45123,2
0.76,0.15,0.01,0.09,14.999985,7.3100743,57.74317,FALSE,FALSE,422.10687,2
0.76,0.15,0.015,0.09,9.999993333,7.775502,58.903732,FALSE,FALSE,458.0061,2
0.76,0.15,0.02,0.09,7.49999625,10.300008,63.009796,FALSE,FALSE,649.0014,2
0.76,0.15,0.025,0.09,5.9999976,10.300008,63.009796,FALSE,FALSE,649.0014,2
0.76,0.15,0.03,0.09,4.999998333,9.247858,59.752533,FALSE,FALSE,552.58295,2
0.76,0.15,0.035,0.09,4.285713061,9.247858,59.752533,FALSE,FALSE,552.58295,2
0.76,0.15,0.04,0.09,3.749999063,8.155361,57.05271,FALSE,FALSE,465.28546,2
0.76,0.15,0.045,0.09,3.333332593,7.616816,57.656662,FALSE,FALSE,439.1602,2
0.76,0.15,0.05,0.09,2.9999994,12.129685,57.240013,FALSE,FALSE,694.30334,2
0.76,0.15,0.055,0.09,2.727272231,12.129685,57.240013,FALSE,FALSE,694.30334,2
0.76,0.2,0,0.04,20000000,6.293638,51.789898,FALSE,FALSE,325.94687,2
0.76,0.2,0.005,0.04,39.99992,6.293638,51.789898,FALSE,FALSE,325.94687,2
0.76,0.2,0.01,0.04,19.99998,6.28145,57.331818,FALSE,FALSE,360.12692,2
0.76,0.2,0.015,0.04,13.33332444,6.28145,57.331818,FALSE,FALSE,360.12692,2
0.76,0.2,0.02,0.04,9.999995,8.786399,62.47103,FALSE,FALSE,548.8954,2
0.76,0.2,0.025,0.04,7.9999968,8.786399,62.47103,FALSE,FALSE,548.8954,2
0.76,0.2,0.03,0.04,6.666664444,8.863726,59.78573,FALSE,FALSE,529.9243,2
0.76,0.2,0.035,0.04,5.714284082,8.863726,59.78573,FALSE,FALSE,529.9243,2
0.76,0.2,0.04,0.04,4.99999875,6.7623897,56.608604,FALSE,FALSE,382.80945,2
0.76,0.2,0.045,0.04,4.444443457,6.7623897,56.608604,FALSE,FALSE,382.80945,2
0.76,0.2,0.05,0.04,3.9999992,10.860982,56.191956,FALSE,FALSE,610.2998,2
0.76,0.2,0.055,0.04,3.636362975,10.860982,56.191956,FALSE,FALSE,610.2998,2
0.78,0.02,0,0.2,2000000,6.7702756,56.40109,FALSE,FALSE,381.85092,2
0.78,0.02,0.005,0.2,3.999992,7.1548843,56.39429,FALSE,FALSE,403.49463,2
0.78,0.02,0.01,0.2,1.999998,5.880915,53.49262,FALSE,FALSE,314.58554,2
0.78,0.02,0.015,0.2,1.333332444,5.880915,53.49262,FALSE,FALSE,314.58554,2
0.78,0.02,0.02,0.2,0.9999995,6.128684,54.928104,FALSE,FALSE,336.637,2
0.78,0.02,0.025,0.2,0.79999968,6.128684,54.928104,FALSE,FALSE,336.637,2
0.78,0.02,0.03,0.2,0.666666444,6.1525807,54.122807,FALSE,FALSE,332.99493,2
0.78,0.02,0.035,0.2,0.571428408,6.1525807,54.122807,FALSE,FALSE,332.99493,2
0.78,0.02,0.04,0.2,0.499999875,4.8942,54.097034,FALSE,FALSE,264.7617,2
0.78,0.02,0.045,0.2,0.444444346,4.8942,54.097034,FALSE,FALSE,264.7617,2
0.78,0.02,0.05,0.2,0.39999992,8.774034,54.081104,FALSE,FALSE,474.50943,2
0.78,0.02,0.055,0.2,0.363636298,8.774034,54.081104,FALSE,FALSE,474.50943,2
0.78,0.07,0,0.15,7000000,6.7702756,52.320942,FALSE,FALSE,354.2272,2
0.78,0.07,0.005,0.15,13.999972,6.7702756,52.320942,FALSE,FALSE,354.2272,2
0.78,0.07,0.01,0.15,6.999993,7.5542455,58.87701,FALSE,FALSE,444.7714,2
0.78,0.07,0.015,0.15,4.666663556,7.2265177,58.147003,FALSE,FALSE,420.20035,2
0.78,0.07,0.02,0.15,3.49999825,9.458865,61.722538,FALSE,FALSE,583.82513,2
0.78,0.07,0.025,0.15,2.79999888,9.029493,61.77623,FALSE,FALSE,557.80804,2
0.78,0.07,0.03,0.15,2.333332556,6.9009585,49.71022,FALSE,FALSE,343.04816,2
0.78,0.07,0.035,0.15,1.999999429,6.2031503,48.26229,FALSE,FALSE,299.37823,2
0.78,0.07,0.04,0.15,1.749999563,4.9447694,48.236504,FALSE,FALSE,238.51839,2
0.78,0.07,0.045,0.15,1.55555521,4.9447694,48.236504,FALSE,FALSE,238.51839,2
0.78,0.07,0.05,0.15,1.39999972,8.824604,48.220573,FALSE,FALSE,425.52747,2
0.78,0.07,0.055,0.15,1.272727041,8.824604,48.220573,FALSE,FALSE,425.52747,2
0.78,0.08,0,0.14,8000000,6.7847323,54.703037,FALSE,FALSE,371.14548,2
0.78,0.08,0.005,0.14,15.999968,6.7847323,54.703037,FALSE,FALSE,371.14548,2
0.78,0.08,0.01,0.14,7.999992,7.6693077,60.46787,FALSE,FALSE,463.7467,2
0.78,0.08,0.015,0.14,5.333329778,7.6693077,60.46787,FALSE,FALSE,463.7467,2
0.78,0.08,0.02,0.14,3.999998,9.55932,63.26045,FALSE,FALSE,604.7269,2
0.78,0.08,0.025,0.14,3.19999872,9.172813,63.3521,FALSE,FALSE,581.117,2
0.78,0.08,0.03,0.14,2.666665778,9.196712,61.06886,FALSE,FALSE,561.6327,2
0.78,0.08,0.035,0.14,2.285713633,6.9576283,51.485073,FALSE,FALSE,358.214,2
0.78,0.08,0.04,0.14,1.9999995,4.9612513,50.284817,FALSE,FALSE,249.47562,2
0.78,0.08,0.045,0.14,1.777777383,4.9612513,50.284817,FALSE,FALSE,249.47562,2
0.78,0.08,0.05,0.14,1.59999968,8.9183035,50.268887,FALSE,FALSE,448.31317,2
0.78,0.08,0.055,0.14,1.45454519,8.9183035,50.268887,FALSE,FALSE,448.31317,2
0.78,0.09,0,0.13,9000000,6.7847323,59.543697,FALSE,FALSE,403.98804,2
0.78,0.09,0.005,0.13,17.999964,6.7847323,59.543697,FALSE,FALSE,403.98804,2
0.78,0.09,0.01,0.13,8.999991,7.6693077,65.815285,FALSE,FALSE,504.75766,2
0.78,0.09,0.015,0.13,5.999996,7.6693077,65.815285,FALSE,FALSE,504.75766,2
0.78,0.09,0.02,0.13,4.49999775,9.55932,68.44286,FALSE,FALSE,654.2673,2
0.78,0.09,0.025,0.13,3.59999856,9.55932,68.44286,FALSE,FALSE,654.2673,2
0.78,0.09,0.03,0.13,2.999999,9.196712,66.26479,FALSE,FALSE,609.4182,2
0.78,0.09,0.035,0.13,2.571427837,9.196712,66.26479,FALSE,FALSE,609.4182,2
0.78,0.09,0.04,0.13,2.249999438,5.659059,55.28638,FALSE,FALSE,312.8689,2
0.78,0.09,0.045,0.13,1.999999556,4.9612513,54.92535,FALSE,FALSE,272.49847,2
0.78,0.09,0.05,0.13,1.79999964,8.9183035,54.90942,FALSE,FALSE,489.69888,2
0.78,0.09,0.055,0.13,1.636363339,8.9183035,54.90942,FALSE,FALSE,489.69888,2
0.78,0.1,0,0.12,10000000,7.8403344,64.225784,FALSE,FALSE,503.55164,2
0.78,0.1,0.005,0.12,19.99996,7.8403344,64.225784,FALSE,FALSE,503.55164,2
0.78,0.1,0.01,0.12,9.99999,8.706262,68.92879,FALSE,FALSE,600.11206,2
0.78,0.1,0.015,0.12,6.666662222,8.706262,68.92879,FALSE,FALSE,600.11206,2
0.78,0.1,0.02,0.12,4.9999975,10.91785,72.33122,FALSE,FALSE,789.7014,2
0.78,0.1,0.025,0.12,3.9999984,10.91785,72.33122,FALSE,FALSE,789.7014,2
0.78,0.1,0.03,0.12,3.333332222,10.539804,69.05796,FALSE,FALSE,727.8574,2
0.78,0.1,0.035,0.12,2.857142041,10.539804,69.05796,FALSE,FALSE,727.8574,2
0.78,0.1,0.04,0.12,2.499999375,6.2676816,57.99276,FALSE,FALSE,363.48016,2
0.78,0.1,0.045,0.12,2.222221728,6.2676816,57.99276,FALSE,FALSE,363.48016,2
0.78,0.1,0.05,0.12,1.9999996,9.659079,57.600643,FALSE,FALSE,556.36914,2
0.78,0.1,0.055,0.12,1.818181488,9.659079,57.600643,FALSE,FALSE,556.36914,2
0.78,0.11,0,0.11,11000000,7.8403344,64.225784,FALSE,FALSE,503.55164,2
0.78,0.11,0.005,0.11,21.999956,7.8403344,64.225784,FALSE,FALSE,503.55164,2
0.78,0.11,0.01,0.11,10.999989,7.839144,67.18782,FALSE,FALSE,526.695,2
0.78,0.11,0.015,0.11,7.333328444,8.706262,68.92879,FALSE,FALSE,600.11206,2
0.78,0.11,0.02,0.11,5.49999725,11.97505,73.462204,TRUE,TRUE,879.71356,2
0.78,0.11,0.025,0.11,4.39999824,10.91785,72.33122,FALSE,FALSE,789.7014,2
0.78,0.11,0.03,0.11,3.666665444,10.889454,68.08126,FALSE,FALSE,741.36774,2
0.78,0.11,0.035,0.11,3.142856245,10.539804,69.05796,FALSE,FALSE,727.8574,2
0.78,0.11,0.04,0.11,2.749999313,9.235552,65.79522,FALSE,FALSE,607.65515,2
0.78,0.11,0.045,0.11,2.444443901,6.2676816,57.99276,FALSE,FALSE,363.48016,2
0.78,0.11,0.05,0.11,2.19999956,10.339422,57.540634,FALSE,FALSE,594.9369,2
0.78,0.11,0.055,0.11,1.999999636,9.659079,57.600643,FALSE,FALSE,556.36914,2
0.78,0.12,0,0.1,12000000,7.8403344,64.225784,FALSE,FALSE,503.55164,2
0.78,0.12,0.005,0.1,23.999952,7.8403344,64.225784,FALSE,FALSE,503.55164,2
0.78,0.12,0.01,0.1,11.999988,7.839144,67.18782,FALSE,FALSE,526.695,2
0.78,0.12,0.015,0.1,7.999994667,8.706262,68.92879,FALSE,FALSE,600.11206,2
0.78,0.12,0.02,0.1,5.999997,11.97505,73.462204,TRUE,TRUE,879.71356,2
0.78,0.12,0.025,0.1,4.79999808,10.91785,72.33122,FALSE,FALSE,789.7014,2
0.78,0.12,0.03,0.1,3.999998667,10.889454,68.08126,FALSE,FALSE,741.36774,2
0.78,0.12,0.035,0.1,3.428570449,10.889454,68.08126,FALSE,FALSE,741.36774,2
0.78,0.12,0.04,0.1,2.99999925,9.235552,65.79522,FALSE,FALSE,607.65515,2
0.78,0.12,0.045,0.1,2.666666074,9.235552,65.79522,FALSE,FALSE,607.65515,2
0.78,0.12,0.05,0.1,2.39999952,10.339422,57.540634,FALSE,FALSE,594.9369,2
0.78,0.12,0.055,0.1,2.181817785,10.339422,57.540634,FALSE,FALSE,594.9369,2
0.78,0.13,0,0.09,13000000,7.2998357,63.86717,FALSE,FALSE,466.21985,2
0.78,0.13,0.005,0.09,25.999948,7.2998357,63.86717,FALSE,FALSE,466.21985,2
0.78,0.13,0.01,0.09,12.999987,7.2986455,67.67757,FALSE,FALSE,493.95456,2
0.78,0.13,0.015,0.09,8.666660889,7.7876825,69.262794,FALSE,FALSE,539.39667,2
0.78,0.13,0.02,0.09,6.49999675,10.312188,73.645035,FALSE,TRUE,759.44147,2
0.78,0.13,0.025,0.09,5.19999792,10.312188,73.645035,FALSE,TRUE,759.44147,2
0.78,0.13,0.03,0.09,4.333331889,9.260038,70.257645,FALSE,FALSE,650.5885,2
0.78,0.13,0.035,0.09,3.714284653,9.260038,70.257645,FALSE,FALSE,650.5885,2
0.78,0.13,0.04,0.09,3.249999188,7.6289964,68.10135,FALSE,FALSE,519.5449,2
0.78,0.13,0.045,0.09,2.888888247,7.6289964,68.10135,FALSE,FALSE,519.5449,2
0.78,0.13,0.055,0.09,2.363635934,10.242299,59.570892,FALSE,FALSE,610.1429,2
0.78,0.14,0,0.08,14000000,7.3112645,61.376564,FALSE,FALSE,448.7403,2
0.78,0.14,0.005,0.08,27.999944,7.3112645,61.376564,FALSE,FALSE,448.7403,2
0.78,0.14,0.01,0.08,13.999986,7.3100743,65.34996,FALSE,FALSE,477.71307,2
0.78,0.14,0.015,0.08,9.333327111,7.775502,66.78092,FALSE,FALSE,519.2552,2
0.78,0.14,0.02,0.08,6.9999965,10.300008,70.88698,FALSE,FALSE,730.1364,2
0.78,0.14,0.025,0.08,5.59999776,10.300008,70.88698,FALSE,FALSE,730.1364,2
0.78,0.14,0.03,0.08,4.666665111,9.247858,67.59165,FALSE,FALSE,625.078,2
0.78,0.14,0.035,0.08,3.999998857,9.247858,67.59165,FALSE,FALSE,625.078,2
0.78,0.14,0.04,0.08,3.499999125,8.155361,64.92554,FALSE,FALSE,529.4912,2
0.78,0.14,0.045,0.08,3.11111042,7.616816,65.700096,FALSE,FALSE,500.42554,2
0.78,0.14,0.05,0.08,2.79999944,12.129685,65.28344,TRUE,FALSE,791.8676,2
0.78,0.14,0.055,0.08,2.545454083,12.129685,65.28344,TRUE,FALSE,791.8676,2
0.78,0.15,0,0.07,15000000,6.313998,53.088642,FALSE,FALSE,335.2016,2
0.78,0.15,0.005,0.07,29.99994,6.313998,53.088642,FALSE,FALSE,335.2016,2
0.78,0.15,0.01,0.07,14.999985,6.30181,57.97486,FALSE,FALSE,365.34656,2
0.78,0.15,0.015,0.07,9.999993333,6.5106535,59.13542,FALSE,FALSE,385.01025,2
0.78,0.15,0.02,0.07,7.49999625,8.80676,63.214607,FALSE,FALSE,556.7159,2
0.78,0.15,0.025,0.07,5.9999976,8.80676,63.214607,FALSE,FALSE,556.7159,2
0.78,0.15,0.03,0.07,4.999998333,7.754608,60.03248,FALSE,FALSE,465.52835,2
0.78,0.15,0.035,0.07,4.285713061,7.754608,60.03248,FALSE,FALSE,465.52835,2
0.78,0.15,0.04,0.07,3.749999063,6.7623897,57.332657,FALSE,FALSE,387.70578,2
0.78,0.15,0.045,0.07,3.333332593,6.217293,57.855965,FALSE,FALSE,359.70746,2
0.78,0.15,0.05,0.07,2.9999994,10.781979,57.439316,FALSE,FALSE,619.30945,2
0.78,0.15,0.055,0.07,2.727272231,10.781979,57.439316,FALSE,FALSE,619.30945,2
0.78,0.2,0,0.02,20000000,6.293638,51.789898,FALSE,FALSE,325.94687,2
0.78,0.2,0.005,0.02,39.99992,6.293638,51.789898,FALSE,FALSE,325.94687,2
0.78,0.2,0.01,0.02,19.99998,6.28145,57.331818,FALSE,FALSE,360.12692,2
0.78,0.2,0.015,0.02,13.33332444,6.28145,57.331818,FALSE,FALSE,360.12692,2
0.78,0.2,0.02,0.02,9.999995,8.786399,62.47103,FALSE,FALSE,548.8954,2
0.78,0.2,0.025,0.02,7.9999968,8.786399,62.47103,FALSE,FALSE,548.8954,2
0.78,0.2,0.03,0.02,6.666664444,8.863726,59.78573,FALSE,FALSE,529.9243,2
0.78,0.2,0.035,0.02,5.714284082,8.863726,59.78573,FALSE,FALSE,529.9243,2
0.78,0.2,0.04,0.02,4.99999875,6.7623897,56.608604,FALSE,FALSE,382.80945,2
0.78,0.2,0.045,0.02,4.444443457,6.7623897,56.608604,FALSE,FALSE,382.80945,2
0.78,0.2,0.05,0.02,3.9999992,10.860982,56.191956,FALSE,FALSE,610.2998,2
0.78,0.2,0.055,0.02,3.636362975,10.860982,56.191956,FALSE,FALSE,610.2998,2
0.8,0,0,0.2,0,4.7124887,46.90593,FALSE,FALSE,221.04366,2
0.8,0,0.005,0.2,0,4.7124887,46.90593,FALSE,FALSE,221.04366,2
0.8,0,0.01,0.2,0,4.7514176,53.309605,FALSE,FALSE,253.29619,2
0.8,0,0.015,0.2,0,4.7514176,53.309605,FALSE,FALSE,253.29619,2
0.8,0,0.02,0.2,0,5.1616335,54.613873,FALSE,FALSE,281.8968,2
0.8,0,0.025,0.2,0,5.1616335,54.613873,FALSE,FALSE,281.8968,2
0.8,0,0.03,0.2,0,5.190559,53.126488,FALSE,FALSE,275.75616,2
0.8,0,0.035,0.2,0,5.190559,53.126488,FALSE,FALSE,275.75616,2
0.8,0,0.04,0.2,0,3.875128,53.00456,FALSE,FALSE,205.39944,2
0.8,0,0.045,0.2,0,3.875128,53.00456,FALSE,FALSE,205.39944,2
0.8,0,0.05,0.2,0,5.475975,52.93346,FALSE,FALSE,289.8623,2
0.8,0,0.055,0.2,0,5.475975,52.93346,FALSE,FALSE,289.8623,2
0.8,0.05,0,0.15,5000000,5.203094,52.069363,FALSE,FALSE,270.92178,2
0.8,0.05,0.005,0.15,9.99998,6.2306304,52.746883,FALSE,FALSE,328.64633,2
0.8,0.05,0.01,0.15,4.999995,5.567853,57.047043,FALSE,FALSE,317.62955,2
0.8,0.05,0.015,0.15,3.333331111,5.3775945,57.027798,FALSE,FALSE,306.67236,2
0.8,0.05,0.02,0.15,2.49999875,5.1595817,50.03355,FALSE,FALSE,258.1522,2
0.8,0.05,0.025,0.15,1.9999992,5.1616335,48.61906,FALSE,FALSE,250.95377,2
0.8,0.05,0.03,0.15,1.666666111,5.190559,47.188553,FALSE,FALSE,244.93497,2
0.8,0.05,0.035,0.15,1.42857102,5.190559,47.188553,FALSE,FALSE,244.93497,2
0.8,0.05,0.04,0.15,1.249999688,3.875128,47.066624,FALSE,FALSE,182.38919,2
0.8,0.05,0.045,0.15,1.111110864,3.875128,47.066624,FALSE,FALSE,182.38919,2
0.8,0.05,0.05,0.15,0.9999998,5.475975,46.995525,FALSE,FALSE,257.3463,2
0.8,0.05,0.055,0.15,0.909090744,5.475975,46.995525,FALSE,FALSE,257.3463,2
0.8,0.06,0,0.14,6000000,4.991039,52.121414,FALSE,FALSE,260.14,2
0.8,0.06,0.005,0.14,11.999976,4.991039,52.121414,FALSE,FALSE,260.14,2
0.8,0.06,0.01,0.14,5.999994,6.074208,58.611954,FALSE,FALSE,356.02118,2
0.8,0.06,0.015,0.14,3.999997333,5.3725014,57.092056,FALSE,FALSE,306.72714,2
0.8,0.06,0.02,0.14,2.9999985,6.7666326,60.49755,FALSE,FALSE,409.3647,2
0.8,0.06,0.025,0.14,2.39999904,4.9476523,50.125725,FALSE,FALSE,248.00465,2
0.8,0.06,0.03,0.14,1.999999333,4.9543285,47.2724,FALSE,FALSE,234.203,2
0.8,0.06,0.035,0.14,1.714285224,4.9543285,47.2724,FALSE,FALSE,234.203,2
0.8,0.06,0.04,0.14,1.499999625,3.6665702,47.160988,FALSE,FALSE,172.91907,2
0.8,0.06,0.045,0.14,1.333333037,3.6665702,47.160988,FALSE,FALSE,172.91907,2
0.8,0.06,0.05,0.14,1.19999976,5.3318477,47.089897,FALSE,FALSE,251.07616,2
0.8,0.06,0.055,0.14,1.090908893,5.3318477,47.089897,FALSE,FALSE,251.07616,2
0.8,0.0625,0,0.1375,6250000,4.991039,52.121414,FALSE,FALSE,260.14,2
0.8,0.0625,0.005,0.1375,12.499975,4.991039,52.121414,FALSE,FALSE,260.14,2
0.8,0.0625,0.01,0.1375,6.24999375,6.074208,58.611954,FALSE,FALSE,356.02118,2
0.8,0.0625,0.015,0.1375,4.166663889,5.3725014,57.092056,FALSE,FALSE,306.72714,2
0.8,0.0625,0.02,0.1375,3.124998438,6.7666326,60.49755,FALSE,FALSE,409.3647,2
0.8,0.0625,0.025,0.1375,2.499999,4.9476523,50.125725,FALSE,FALSE,248.00465,2
0.8,0.0625,0.03,0.1375,2.083332639,4.976577,48.6698,FALSE,FALSE,242.209,2
0.8,0.0625,0.035,0.1375,1.785713776,4.9543285,47.2724,FALSE,FALSE,234.203,2
0.8,0.0625,0.04,0.1375,1.562499609,3.6665702,47.160988,FALSE,FALSE,172.91907,2
0.8,0.0625,0.045,0.1375,1.38888858,3.6665702,47.160988,FALSE,FALSE,172.91907,2
0.8,0.0625,0.05,0.1375,1.24999975,5.3318477,47.089897,FALSE,FALSE,251.07616,2
0.8,0.0625,0.055,0.1375,1.13636343,5.3318477,47.089897,FALSE,FALSE,251.07616,2
0.8,0.07,0,0.13,7000000,4.991039,57.032673,FALSE,FALSE,284.65228,2
0.8,0.07,0.005,0.13,13.999972,4.991039,57.032673,FALSE,FALSE,284.65228,2
0.8,0.07,0.01,0.13,6.999993,6.106912,64.033775,FALSE,FALSE,391.04865,2
0.8,0.07,0.015,0.13,4.666663556,5.4052057,62.071663,FALSE,FALSE,335.5101,2
0.8,0.07,0.02,0.13,3.49999825,7.924958,65.57597,FALSE,FALSE,519.6868,2
0.8,0.07,0.025,0.13,2.79999888,6.9512105,65.36295,FALSE,FALSE,454.35165,2
0.8,0.07,0.03,0.13,2.333332556,5.0271463,52.284603,FALSE,FALSE,262.84235,2
0.8,0.07,0.035,0.13,1.999999429,5.004898,51.379673,FALSE,FALSE,257.15002,2
0.8,0.07,0.04,0.13,1.749999563,3.7171397,50.86902,FALSE,FALSE,189.08725,2
0.8,0.07,0.045,0.13,1.55555521,3.7171397,50.86902,FALSE,FALSE,189.08725,2
0.8,0.07,0.05,0.13,1.39999972,5.382417,50.76745,FALSE,FALSE,273.2516,2
0.8,0.07,0.055,0.13,1.272727041,5.382417,50.76745,FALSE,FALSE,273.2516,2
0.8,0.075,0,0.125,7500000,5.09951,59.362713,FALSE,FALSE,302.72076,2
0.8,0.075,0.005,0.125,14.99997,5.09951,59.362713,FALSE,FALSE,302.72076,2
0.8,0.075,0.01,0.125,7.4999925,6.299285,65.51695,FALSE,FALSE,412.70996,2
0.8,0.075,0.015,0.125,4.999996667,5.597579,63.544384,FALSE,FALSE,355.6947,2
0.8,0.075,0.02,0.125,3.749998125,8.102727,67.00621,FALSE,FALSE,542.93304,2
0.8,0.075,0.025,0.125,2.9999988,7.1718435,66.77538,FALSE,FALSE,478.9026,2
0.8,0.075,0.03,0.125,2.499999167,5.2615647,53.838604,FALSE,FALSE,283.2753,2
0.8,0.075,0.035,0.125,2.142856531,5.2615647,53.838604,FALSE,FALSE,283.2753,2
0.8,0.075,0.04,0.125,1.874999531,3.8975239,52.679394,FALSE,FALSE,205.3192,2
0.8,0.075,0.045,0.125,1.666666296,3.8975239,52.679394,FALSE,FALSE,205.3192,2
0.8,0.075,0.05,0.125,1.4999997,5.5755897,52.567036,FALSE,FALSE,293.09222,2
0.8,0.075,0.055,0.125,1.363636116,5.5755897,52.567036,FALSE,FALSE,293.09222,2
0.8,0.08,0,0.12,8000000,5.105195,62.747746,FALSE,FALSE,320.33948,2
0.8,0.08,0.005,0.12,15.999968,5.105195,62.747746,FALSE,FALSE,320.33948,2
0.8,0.08,0.01,0.12,7.999992,6.3300877,67.94559,FALSE,FALSE,430.10153,2
0.8,0.08,0.015,0.12,5.333329778,6.3300877,67.94559,FALSE,FALSE,430.10153,2
0.8,0.08,0.02,0.12,3.999998,8.018844,70.313934,FALSE,FALSE,563.8364,2
0.8,0.08,0.025,0.12,3.19999872,7.087957,70.08311,FALSE,FALSE,496.74603,2
0.8,0.08,0.03,0.12,2.666665778,7.1168823,65.96901,FALSE,FALSE,469.49368,2
0.8,0.08,0.035,0.12,2.285713633,5.177678,57.73235,FALSE,FALSE,298.91953,2
0.8,0.08,0.04,0.12,1.9999995,3.825416,55.685085,FALSE,FALSE,213.01862,2
0.8,0.08,0.045,0.12,1.777777383,3.825416,55.685085,FALSE,FALSE,213.01862,2
0.8,0.08,0.05,0.12,1.59999968,5.6181717,55.13654,FALSE,FALSE,309.76654,2
0.8,0.08,0.055,0.12,1.45454519,5.6181717,55.13654,FALSE,FALSE,309.76654,2
0.8,0.0875,0,0.1125,8750000,5.105195,62.747746,FALSE,FALSE,320.33948,2
0.8,0.0875,0.005,0.1125,17.499965,5.105195,62.747746,FALSE,FALSE,320.33948,2
0.8,0.0875,0.01,0.1125,8.74999125,6.3300877,67.94559,FALSE,FALSE,430.10153,2
0.8,0.0875,0.015,0.1125,5.833329444,6.3300877,67.94559,FALSE,FALSE,430.10153,2
0.8,0.0875,0.02,0.1125,4.374997813,8.018844,70.313934,FALSE,FALSE,563.8364,2
0.8,0.0875,0.025,0.1125,3.4999986,8.018844,70.313934,FALSE,FALSE,563.8364,2
0.8,0.0875,0.03,0.1125,2.916665694,7.1168823,65.96901,FALSE,FALSE,469.49368,2
0.8,0.0875,0.035,0.1125,2.499999286,5.177678,57.73235,FALSE,FALSE,298.91953,2
0.8,0.0875,0.04,0.1125,2.187499453,3.8058996,55.99635,FALSE,FALSE,213.11649,2
0.8,0.0875,0.045,0.1125,1.944444012,3.825416,55.685085,FALSE,FALSE,213.01862,2
0.8,0.0875,0.05,0.1125,1.74999965,5.6181717,55.13654,FALSE,FALSE,309.76654,2
0.8,0.0875,0.055,0.1125,1.590908802,5.6181717,55.13654,FALSE,FALSE,309.76654,2
0.8,0.09,0,0.11,9000000,5.105195,62.747746,FALSE,FALSE,320.33948,2
0.8,0.09,0.005,0.11,17.999964,5.105195,62.747746,FALSE,FALSE,320.33948,2
0.8,0.09,0.01,0.11,8.999991,6.3300877,67.94559,FALSE,FALSE,430.10153,2
0.8,0.09,0.015,0.11,5.999996,6.3300877,67.94559,FALSE,FALSE,430.10153,2
0.8,0.09,0.02,0.11,4.49999775,8.018844,70.313934,FALSE,FALSE,563.8364,2
0.8,0.09,0.025,0.11,3.59999856,8.018844,70.313934,FALSE,FALSE,563.8364,2
0.8,0.09,0.03,0.11,2.999999,7.1168823,65.96901,FALSE,FALSE,469.49368,2
0.8,0.09,0.035,0.11,2.571427837,7.1168823,65.96901,FALSE,FALSE,469.49368,2
0.8,0.09,0.04,0.11,2.249999438,3.8058996,55.99635,FALSE,FALSE,213.11649,2
0.8,0.09,0.045,0.11,1.999999556,3.825416,55.685085,FALSE,FALSE,213.01862,2
0.8,0.09,0.05,0.11,1.79999964,5.6181717,55.13654,FALSE,FALSE,309.76654,2
0.8,0.09,0.055,0.11,1.636363339,5.6181717,55.13654,FALSE,FALSE,309.76654,2
0.8,0.1,0,0.1,10000000,6.1551113,64.044815,FALSE,FALSE,394.20297,2
0.8,0.1,0.005,0.1,19.99996,6.1551113,64.044815,FALSE,FALSE,394.20297,2
0.8,0.1,0.01,0.1,9.99999,7.336237,68.52977,FALSE,FALSE,502.75064,2
0.8,0.1,0.015,0.1,6.666662222,7.336237,68.52977,FALSE,FALSE,502.75064,2
0.8,0.1,0.02,0.1,4.9999975,9.461255,70.82686,FALSE,FALSE,670.11096,2
0.8,0.1,0.025,0.1,3.9999984,9.461255,70.82686,FALSE,FALSE,670.11096,2
0.8,0.1,0.03,0.1,3.333332222,8.5438595,65.5817,FALSE,FALSE,560.32086,2
0.8,0.1,0.035,0.1,2.857142041,8.5438595,65.5817,FALSE,FALSE,560.32086,2
0.8,0.1,0.04,0.1,2.499999375,4.468129,55.3963,FALSE,FALSE,247.51782,2
0.8,0.1,0.045,0.1,2.222221728,4.468129,55.3963,FALSE,FALSE,247.51782,2
0.8,0.1,0.05,0.1,1.9999996,6.2804003,54.946167,FALSE,FALSE,345.08392,2
0.8,0.1,0.055,0.1,1.818181488,6.2804003,54.946167,FALSE,FALSE,345.08392,2
0.8,0.11,0,0.09,11000000,5.7831955,64.3609,FALSE,FALSE,372.21167,2
0.8,0.11,0.005,0.09,21.999956,5.7831955,64.3609,FALSE,FALSE,372.21167,2
0.8,0.11,0.01,0.09,10.999989,5.7820044,67.12714,FALSE,FALSE,388.1294,2
0.8,0.11,0.015,0.09,7.333328444,6.586241,68.871155,FALSE,FALSE,453.60202,2
0.8,0.11,0.02,0.09,5.49999725,9.3638115,73.25368,FALSE,FALSE,685.93365,2
0.8,0.11,0.025,0.09,4.39999824,7.854801,71.332146,FALSE,FALSE,560.2998,2
0.8,0.11,0.03,0.09,3.666665444,7.6135545,65.95552,FALSE,FALSE,502.15594,2
0.8,0.11,0.035,0.09,3.142856245,6.948646,66.32234,FALSE,FALSE,460.8505,2
0.8,0.11,0.04,0.09,2.749999313,5.5768685,62.32489,FALSE,FALSE,347.57773,2
0.8,0.11,0.045,0.09,2.444443901,3.929789,56.185528,FALSE,FALSE,220.79727,2
0.8,0.11,0.05,0.09,2.19999956,5.692305,55.63338,FALSE,FALSE,316.6822,2
0.8,0.11,0.055,0.09,1.999999636,5.5850244,55.54398,FALSE,FALSE,310.21448,2
0.8,0.1125,0,0.0875,11250000,5.7831955,64.3609,FALSE,FALSE,372.21167,2
0.8,0.1125,0.005,0.0875,22.499955,5.7831955,64.3609,FALSE,FALSE,372.21167,2
0.8,0.1125,0.01,0.0875,11.24998875,5.7820044,67.12714,FALSE,FALSE,388.1294,2
0.8,0.1125,0.015,0.0875,7.499995,6.586241,68.871155,FALSE,FALSE,453.60202,2
0.8,0.1125,0.02,0.0875,5.624997188,9.3638115,73.25368,FALSE,FALSE,685.93365,2
0.8,0.1125,0.025,0.0875,4.4999982,7.854801,71.332146,FALSE,FALSE,560.2998,2
0.8,0.1125,0.03,0.0875,3.74999875,7.6135545,65.95552,FALSE,FALSE,502.15594,2
0.8,0.1125,0.035,0.0875,3.214284796,6.948646,66.32234,FALSE,FALSE,460.8505,2
0.8,0.1125,0.04,0.0875,2.812499297,5.5768685,62.32489,FALSE,FALSE,347.57773,2
0.8,0.1125,0.045,0.0875,2.499999444,3.929789,56.185528,FALSE,FALSE,220.79727,2
0.8,0.1125,0.05,0.0875,2.24999955,5.692305,55.63338,FALSE,FALSE,316.6822,2
0.8,0.1125,0.055,0.0875,2.045454174,5.692305,55.63338,FALSE,FALSE,316.6822,2
0.8,0.12,0,0.08,12000000,5.7831955,64.3609,FALSE,FALSE,372.21167,2
0.8,0.12,0.005,0.08,23.999952,5.7831955,64.3609,FALSE,FALSE,372.21167,2
0.8,0.12,0.01,0.08,11.999988,5.7820044,67.12714,FALSE,FALSE,388.1294,2
0.8,0.12,0.015,0.08,7.999994667,6.586241,68.871155,FALSE,FALSE,453.60202,2
0.8,0.12,0.02,0.08,5.999997,9.3638115,73.25368,FALSE,FALSE,685.93365,2
0.8,0.12,0.025,0.08,4.79999808,7.854801,71.332146,FALSE,FALSE,560.2998,2
0.8,0.12,0.03,0.08,3.999998667,7.6135545,65.95552,FALSE,FALSE,502.15594,2
0.8,0.12,0.035,0.08,3.428570449,7.6135545,65.95552,FALSE,FALSE,502.15594,2
0.8,0.12,0.04,0.08,2.99999925,5.5768685,62.32489,FALSE,FALSE,347.57773,2
0.8,0.12,0.045,0.08,2.666666074,5.5768685,62.32489,FALSE,FALSE,347.57773,2
0.8,0.12,0.05,0.08,2.39999952,5.692305,55.63338,FALSE,FALSE,316.6822,2
0.8,0.12,0.055,0.08,2.181817785,5.692305,55.63338,FALSE,FALSE,316.6822,2
0.8,0.125,0,0.075,12500000,5.7465925,63.75629,FALSE,FALSE,366.3814,2
0.8,0.125,0.005,0.075,24.99995,5.7465925,63.75629,FALSE,FALSE,366.3814,2
0.8,0.125,0.01,0.075,12.4999875,5.7454023,67.31729,FALSE,FALSE,386.76492,2
0.8,0.125,0.015,0.075,8.333327778,6.549638,68.933876,FALSE,FALSE,451.4919,2
0.8,0.125,0.02,0.075,6.249996875,9.356351,73.21746,FALSE,FALSE,685.0483,2
0.8,0.125,0.025,0.075,4.999998,7.8473406,71.57115,FALSE,FALSE,561.6432,2
0.8,0.125,0.03,0.075,4.166665278,7.628299,67.46488,FALSE,FALSE,514.64233,2
0.8,0.125,0.035,0.075,3.571427551,7.628299,67.46488,FALSE,FALSE,514.64233,2
0.8,0.125,0.04,0.075,3.124999219,5.614475,64.02712,FALSE,FALSE,359.47867,2
0.8,0.125,0.045,0.075,2.77777716,5.614475,64.02712,FALSE,FALSE,359.47867,2
0.8,0.125,0.05,0.075,2.4999995,6.212708,56.96636,FALSE,FALSE,353.91534,2
0.8,0.125,0.055,0.075,2.27272686,6.212708,56.96636,FALSE,FALSE,353.91534,2
0.8,0.13,0,0.07,13000000,4.981486,64.14586,FALSE,FALSE,319.5417,2
0.8,0.13,0.005,0.07,25.999948,4.981486,64.14586,FALSE,FALSE,319.5417,2
0.8,0.13,0.01,0.07,12.999987,4.9692974,67.70685,FALSE,FALSE,336.45547,2
0.8,0.13,0.015,0.07,8.666660889,5.5169497,69.32343,FALSE,FALSE,382.4539,2
0.8,0.13,0.02,0.07,6.49999675,8.015848,73.58015,FALSE,FALSE,589.8073,2
0.8,0.13,0.025,0.07,5.19999792,8.015848,73.58015,FALSE,FALSE,589.8073,2
0.8,0.13,0.03,0.07,4.333331889,6.287792,67.744835,FALSE,FALSE,425.96545,2
0.8,0.13,0.035,0.07,3.714284653,6.287792,67.744835,FALSE,FALSE,425.96545,2
0.8,0.13,0.04,0.07,3.249999188,4.367696,64.23066,FALSE,FALSE,280.53998,2
0.8,0.13,0.045,0.07,2.888888247,4.367696,64.23066,FALSE,FALSE,280.53998,2
0.8,0.13,0.05,0.07,2.59999948,6.6648264,63.70625,FALSE,FALSE,424.5911,2
0.8,0.13,0.055,0.07,2.363635934,5.489973,57.772648,FALSE,FALSE,317.1703,2
0.8,0.1375,0,0.0625,13750000,4.9725547,60.3565,FALSE,FALSE,300.12598,2
0.8,0.1375,0.005,0.0625,27.499945,4.9725547,60.3565,FALSE,FALSE,300.12598,2
0.8,0.1375,0.01,0.0625,13.74998625,4.9603662,64.85771,FALSE,FALSE,321.71802,2
0.8,0.1375,0.015,0.0625,9.166660556,5.4844084,66.21947,FALSE,FALSE,363.1746,2
0.8,0.1375,0.02,0.0625,6.874996563,7.983306,70.16701,FALSE,FALSE,560.1647,2
0.8,0.1375,0.025,0.0625,5.4999978,7.983306,70.16701,FALSE,FALSE,560.1647,2
0.8,0.1375,0.03,0.0625,4.583331806,6.2552514,64.63759,FALSE,FALSE,404.32437,2
0.8,0.1375,0.035,0.0625,3.928570306,6.2552514,64.63759,FALSE,FALSE,404.32437,2
0.8,0.1375,0.04,0.0625,3.437499141,5.215869,61.625633,FALSE,FALSE,321.4312,2
0.8,0.1375,0.045,0.0625,3.055554877,4.3555145,62.105934,FALSE,FALSE,270.5033,2
0.8,0.1375,0.05,0.0625,2.74999945,6.641217,61.631897,FALSE,FALSE,409.31082,2
0.8,0.1375,0.055,0.0625,2.499999545,5.479314,54.71888,FALSE,FALSE,299.82193,2
0.8,0.14,0,0.06,14000000,4.9725547,60.3565,FALSE,FALSE,300.12598,2
0.8,0.14,0.005,0.06,27.999944,4.9725547,60.3565,FALSE,FALSE,300.12598,2
0.8,0.14,0.01,0.06,13.999986,4.9603662,64.85771,FALSE,FALSE,321.71802,2
0.8,0.14,0.015,0.06,9.333327111,5.4844084,66.21947,FALSE,FALSE,363.1746,2
0.8,0.14,0.02,0.06,6.9999965,7.983306,70.16701,FALSE,FALSE,560.1647,2
0.8,0.14,0.025,0.06,5.59999776,7.983306,70.16701,FALSE,FALSE,560.1647,2
0.8,0.14,0.03,0.06,4.666665111,6.2552514,64.63759,FALSE,FALSE,404.32437,2
0.8,0.14,0.035,0.06,3.999998857,6.2552514,64.63759,FALSE,FALSE,404.32437,2
0.8,0.14,0.04,0.06,3.499999125,5.215869,61.625633,FALSE,FALSE,321.4312,2
0.8,0.14,0.045,0.06,3.11111042,4.3555145,62.105934,FALSE,FALSE,270.5033,2
0.8,0.14,0.05,0.06,2.79999944,6.641217,61.631897,FALSE,FALSE,409.31082,2
0.8,0.14,0.055,0.06,2.545454083,6.641217,61.631897,FALSE,FALSE,409.31082,2
0.8,0.15,0,0.05,15000000,4.9725547,51.62907,FALSE,FALSE,256.72836,2
0.8,0.15,0.005,0.05,29.99994,4.9725547,51.62907,FALSE,FALSE,256.72836,2
0.8,0.15,0.01,0.05,14.999985,4.9603662,57.093506,FALSE,FALSE,283.2047,2
0.8,0.15,0.015,0.05,9.999993333,5.4844084,58.184853,FALSE,FALSE,319.1095,2
0.8,0.15,0.02,0.05,7.49999625,7.983306,62.132393,FALSE,FALSE,496.0219,2
0.8,0.15,0.025,0.05,5.9999976,7.983306,62.132393,FALSE,FALSE,496.0219,2
0.8,0.15,0.03,0.05,4.999998333,6.2552514,56.996964,FALSE,FALSE,356.53033,2
0.8,0.15,0.035,0.05,4.285713061,6.2552514,56.996964,FALSE,FALSE,356.53033,2
0.8,0.15,0.04,0.05,3.749999063,5.215869,53.95129,FALSE,FALSE,281.40286,2
0.8,0.15,0.045,0.05,3.333332593,4.3555145,54.261005,FALSE,FALSE,236.3346,2
0.8,0.15,0.05,0.05,2.9999994,6.641217,53.78697,FALSE,FALSE,357.21094,2
0.8,0.15,0.055,0.05,2.727272231,6.641217,53.78697,FALSE,FALSE,357.21094,2
0.8,0.2,0,0,20000000,4.9725547,51.62907,FALSE,FALSE,256.72836,2
0.8,0.2,0.005,0,39.99992,4.9725547,51.62907,FALSE,FALSE,256.72836,2
0.8,0.2,0.01,0,19.99998,4.9603662,57.093506,FALSE,FALSE,283.2047,2
0.8,0.2,0.015,0,13.33332444,4.9603662,57.093506,FALSE,FALSE,283.2047,2
0.8,0.2,0.02,0,9.999995,7.983306,62.132393,FALSE,FALSE,496.0219,2
0.8,0.2,0.025,0,7.9999968,7.983306,62.132393,FALSE,FALSE,496.0219,2
0.8,0.2,0.03,0,6.666664444,7.8365393,58.46923,FALSE,FALSE,458.1964,2
0.8,0.2,0.035,0,5.714284082,7.8365393,58.46923,FALSE,FALSE,458.1964,2
0.8,0.2,0.04,0,4.99999875,5.215869,53.95129,FALSE,FALSE,281.40286,2
0.8,0.2,0.045,0,4.444443457,5.215869,53.95129,FALSE,FALSE,281.40286,2
0.8,0.2,0.05,0,3.9999992,6.847013,53.507732,FALSE,FALSE,366.36813,2
0.8,0.2,0.055,0,3.636362975,6.847013,53.507732,FALSE,FALSE,366.36813,2
0.82,0.03,0,0.15,3000000,5.203094,56.22012,FALSE,FALSE,292.51855,2
0.82,0.03,0.005,0.15,5.999988,6.2306304,56.89764,FALSE,FALSE,354.50818,2
0.82,0.03,0.01,0.15,2.999997,5.3775945,61.23099,FALSE,FALSE,329.27545,2
0.82,0.03,0.015,0.15,1.999998667,4.7514176,53.309605,FALSE,FALSE,253.29619,2
0.82,0.03,0.02,0.15,1.49999925,5.1616335,54.613873,FALSE,FALSE,281.8968,2
0.82,0.03,0.025,0.15,1.19999952,5.1616335,54.613873,FALSE,FALSE,281.8968,2
0.82,0.03,0.03,0.15,0.999999667,5.190559,53.126488,FALSE,FALSE,275.75616,2
0.82,0.03,0.035,0.15,0.857142612,5.190559,53.126488,FALSE,FALSE,275.75616,2
0.82,0.03,0.04,0.15,0.749999813,3.875128,53.00456,FALSE,FALSE,205.39944,2
0.82,0.03,0.045,0.15,0.666666519,3.875128,53.00456,FALSE,FALSE,205.39944,2
0.82,0.03,0.05,0.15,0.59999988,5.475975,52.93346,FALSE,FALSE,289.8623,2
0.82,0.03,0.055,0.15,0.545454446,5.475975,52.93346,FALSE,FALSE,289.8623,2
0.82,0.04,0,0.14,4000000,4.991039,56.27217,FALSE,FALSE,280.8566,2
0.82,0.04,0.005,0.14,7.999984,6.018575,56.9497,FALSE,FALSE,342.75604,2
0.82,0.04,0.01,0.14,3.999996,5.3725014,61.304382,FALSE,FALSE,329.35788,2
0.82,0.04,0.015,0.14,2.666664889,5.182243,61.304115,FALSE,FALSE,317.6928,2
0.82,0.04,0.02,0.14,1.999999,4.925404,54.723125,FALSE,FALSE,269.5335,2
0.82,0.04,0.025,0.14,1.59999936,4.925404,54.723125,FALSE,FALSE,269.5335,2
0.82,0.04,0.03,0.14,1.333332889,4.9543285,53.210327,FALSE,FALSE,263.62143,2
0.82,0.04,0.035,0.14,1.142856816,4.9543285,53.210327,FALSE,FALSE,263.62143,2
0.82,0.04,0.04,0.14,0.99999975,3.6665702,53.098923,FALSE,FALSE,194.69093,2
0.82,0.04,0.045,0.14,0.888888691,3.6665702,53.098923,FALSE,FALSE,194.69093,2
0.82,0.04,0.05,0.14,0.79999984,5.3318477,53.027832,FALSE,FALSE,282.73633,2
0.82,0.04,0.055,0.14,0.727272595,5.3318477,53.027832,FALSE,FALSE,282.73633,2
0.82,0.05,0,0.13,5000000,4.991039,56.962074,FALSE,FALSE,284.29993,2
0.82,0.05,0.005,0.13,9.99998,6.018575,58.319,FALSE,FALSE,350.99728,2
0.82,0.05,0.01,0.13,4.999995,5.3725014,62.02038,FALSE,FALSE,333.20456,2
0.82,0.05,0.015,0.13,3.333331111,5.182243,61.797707,FALSE,FALSE,320.25073,2
0.82,0.05,0.02,0.13,2.49999875,4.9476523,54.29093,FALSE,FALSE,268.61264,2
0.82,0.05,0.025,0.13,1.9999992,4.925404,53.36968,FALSE,FALSE,262.86722,2
0.82,0.05,0.03,0.13,1.666666111,4.9543285,51.272987,FALSE,FALSE,254.02322,2
0.82,0.05,0.035,0.13,1.42857102,4.9543285,51.272987,FALSE,FALSE,254.02322,2
0.82,0.05,0.04,0.13,1.249999688,3.6665702,50.83137,FALSE,FALSE,186.37679,2
0.82,0.05,0.045,0.13,1.111110864,3.6665702,50.83137,FALSE,FALSE,186.37679,2
0.82,0.05,0.05,0.13,0.9999998,5.3318477,50.7298,FALSE,FALSE,270.48358,2
0.82,0.05,0.055,0.13,0.909090744,5.3318477,50.7298,FALSE,FALSE,270.48358,2
0.82,0.06,0,0.12,6000000,4.9967237,61.070293,FALSE,FALSE,305.15137,2
0.82,0.06,0.005,0.12,11.999976,4.9967237,61.070293,FALSE,FALSE,305.15137,2
0.82,0.06,0.01,0.12,5.999994,6.1050096,67.00381,FALSE,FALSE,409.05887,2
0.82,0.06,0.015,0.12,3.999997333,5.2886143,65.06484,FALSE,FALSE,344.10284,2
0.82,0.06,0.02,0.12,2.9999985,6.682746,68.52748,FALSE,FALSE,457.95175,2
0.82,0.06,0.025,0.12,2.39999904,4.863765,58.90223,FALSE,FALSE,286.48657,2
0.82,0.06,0.03,0.12,1.999999333,4.887906,55.45912,FALSE,FALSE,271.07898,2
0.82,0.06,0.035,0.12,1.714285224,4.887906,55.45912,FALSE,FALSE,271.07898,2
0.82,0.06,0.04,0.12,1.499999625,3.5944614,54.967136,FALSE,FALSE,197.57726,2
0.82,0.06,0.045,0.12,1.333333037,3.5944614,54.967136,FALSE,FALSE,197.57726,2
0.82,0.06,0.05,0.12,1.19999976,5.3744297,54.713108,FALSE,FALSE,294.05176,2
0.82,0.06,0.055,0.12,1.090908893,5.3744297,54.713108,FALSE,FALSE,294.05176,2
0.82,0.07,0,0.11,7000000,4.9967237,60.417694,FALSE,FALSE,301.89053,2
0.82,0.07,0.005,0.11,13.999972,4.9967237,60.417694,FALSE,FALSE,301.89053,2
0.82,0.07,0.01,0.11,6.999993,6.137714,66.46241,FALSE,FALSE,407.92725,2
0.82,0.07,0.015,0.11,4.666663556,5.3213186,64.50028,FALSE,FALSE,343.22656,2
0.82,0.07,0.02,0.11,3.49999825,7.8410726,68.88371,FALSE,FALSE,540.1222,2
0.82,0.07,0.025,0.11,2.79999888,6.867324,68.67068,FALSE,FALSE,471.58377,2
0.82,0.07,0.03,0.11,2.333332556,4.9432597,56.178356,FALSE,FALSE,277.7042,2
0.82,0.07,0.035,0.11,1.999999429,4.9384756,55.27342,FALSE,FALSE,272.96643,2
0.82,0.07,0.04,0.11,1.749999563,3.6450315,53.87471,FALSE,FALSE,196.37502,2
0.82,0.07,0.045,0.11,1.55555521,3.6450315,53.87471,FALSE,FALSE,196.37502,2
0.82,0.07,0.05,0.11,1.39999972,5.424999,53.336952,FALSE,FALSE,289.35294,2
0.82,0.07,0.055,0.11,1.272727041,5.424999,53.336952,FALSE,FALSE,289.35294,2
0.82,0.08,0,0.1,8000000,5.105195,62.747746,FALSE,FALSE,320.33948,2
0.82,0.08,0.005,0.1,15.999968,5.105195,62.747746,FALSE,FALSE,320.33948,2
0.82,0.08,0.01,0.1,7.999992,6.3300877,67.94559,FALSE,FALSE,430.10153,2
0.82,0.08,0.015,0.1,5.333329778,6.3300877,67.94559,FALSE,FALSE,430.10153,2
0.82,0.08,0.02,0.1,3.999998,8.018844,70.313934,FALSE,FALSE,563.8364,2
0.82,0.08,0.025,0.1,3.19999872,7.087957,70.08311,FALSE,FALSE,496.74603,2
0.82,0.08,0.03,0.1,2.666665778,7.1168823,65.96901,FALSE,FALSE,469.49368,2
0.82,0.08,0.035,0.1,2.285713633,5.177678,57.73235,FALSE,FALSE,298.91953,2
0.82,0.08,0.04,0.1,1.9999995,3.825416,55.685085,FALSE,FALSE,213.01862,2
0.82,0.08,0.045,0.1,1.777777383,3.825416,55.685085,FALSE,FALSE,213.01862,2
0.82,0.08,0.05,0.1,1.59999968,5.6181717,55.13654,FALSE,FALSE,309.76654,2
0.82,0.08,0.055,0.1,1.45454519,5.6181717,55.13654,FALSE,FALSE,309.76654,2
0.82,0.09,0,0.09,9000000,4.6616535,63.06384,FALSE,FALSE,293.98178,2
0.82,0.09,0.005,0.09,17.999964,4.6616535,63.06384,FALSE,FALSE,293.98178,2
0.82,0.09,0.01,0.09,8.999991,5.5084677,68.28698,FALSE,FALSE,376.15662,2
0.82,0.09,0.015,0.09,5.999996,5.5084677,68.28698,FALSE,FALSE,376.15662,2
0.82,0.09,0.02,0.09,4.49999775,6.3991423,70.81922,FALSE,FALSE,453.18228,2
0.82,0.09,0.025,0.09,3.59999856,6.3991423,70.81922,FALSE,FALSE,453.18228,2
0.82,0.09,0.03,0.09,2.999999,5.521667,66.70964,FALSE,FALSE,368.34842,2
0.82,0.09,0.035,0.09,2.571427837,5.521667,66.70964,FALSE,FALSE,368.34842,2
0.82,0.09,0.04,0.09,2.249999438,3.267562,56.78558,FALSE,FALSE,185.5504,2
0.82,0.09,0.045,0.09,1.999999556,3.1602807,56.275135,FALSE,FALSE,177.84523,2
0.82,0.09,0.05,0.09,1.79999964,4.922795,55.73435,FALSE,FALSE,274.36877,2
0.82,0.09,0.055,0.09,1.636363339,4.922795,55.73435,FALSE,FALSE,274.36877,2
0.82,0.1,0,0.08,10000000,5.7831955,64.3609,FALSE,FALSE,372.21167,2
0.82,0.1,0.005,0.08,19.99996,5.7831955,64.3609,FALSE,FALSE,372.21167,2
0.82,0.1,0.01,0.08,9.99999,6.586241,68.871155,FALSE,FALSE,453.60202,2
0.82,0.1,0.015,0.08,6.666662222,6.586241,68.871155,FALSE,FALSE,453.60202,2
0.82,0.1,0.02,0.08,4.9999975,7.854801,71.332146,FALSE,FALSE,560.2998,2
0.82,0.1,0.025,0.08,3.9999984,7.854801,71.332146,FALSE,FALSE,560.2998,2
0.82,0.1,0.03,0.08,3.333332222,6.948646,66.32234,FALSE,FALSE,460.8505,2
0.82,0.1,0.035,0.08,2.857142041,6.948646,66.32234,FALSE,FALSE,460.8505,2
0.82,0.1,0.04,0.08,2.499999375,3.929789,56.185528,FALSE,FALSE,220.79727,2
0.82,0.1,0.045,0.08,2.222221728,3.929789,56.185528,FALSE,FALSE,220.79727,2
0.82,0.1,0.05,0.08,1.9999996,5.5850244,55.54398,FALSE,FALSE,310.21448,2
0.82,0.1,0.055,0.08,1.818181488,5.5850244,55.54398,FALSE,FALSE,310.21448,2
0.82,0.11,0,0.07,11000000,5.018089,64.75047,FALSE,FALSE,324.9236,2
0.82,0.11,0.005,0.07,21.999956,5.018089,64.75047,FALSE,FALSE,324.9236,2
0.82,0.11,0.01,0.07,10.999989,5.0058994,67.51669,FALSE,FALSE,337.98178,2
0.82,0.11,0.015,0.07,7.333328444,5.5535517,69.26071,FALSE,FALSE,384.64294,2
0.82,0.11,0.02,0.07,5.49999725,8.023307,73.61636,FALSE,FALSE,590.64667,2
0.82,0.11,0.025,0.07,4.39999824,6.514294,71.69483,FALSE,FALSE,467.04123,2
0.82,0.11,0.03,0.07,3.666665444,6.2730474,66.23546,FALSE,FALSE,415.49817,2
0.82,0.11,0.035,0.07,3.142856245,5.601587,66.49431,FALSE,FALSE,372.47363,2
0.82,0.11,0.04,0.07,2.749999313,4.3300896,62.528427,FALSE,FALSE,270.7537,2
0.82,0.11,0.045,0.07,2.444443901,3.1552367,56.991817,FALSE,FALSE,179.82268,2
0.82,0.11,0.05,0.07,2.19999956,4.969569,56.43968,FALSE,FALSE,280.4809,2
0.82,0.11,0.055,0.07,1.999999636,4.969569,56.350277,FALSE,FALSE,280.0366,2
0.82,0.12,0,0.06,12000000,4.997729,63.451725,FALSE,FALSE,317.1145,2
0.82,0.12,0.005,0.06,23.999952,4.997729,63.451725,FALSE,FALSE,317.1145,2
0.82,0.12,0.01,0.06,11.999988,4.9855394,66.87366,FALSE,FALSE,333.40125,2
0.82,0.12,0.015,0.06,7.999994667,5.5331917,68.51712,FALSE,FALSE,379.11835,2
0.82,0.12,0.02,0.06,5.999997,8.002948,72.87277,FALSE,FALSE,583.197,2
0.82,0.12,0.025,0.06,4.79999808,6.493934,70.951256,FALSE,FALSE,460.75278,2
0.82,0.12,0.03,0.06,3.999998667,6.2526875,65.49188,FALSE,FALSE,409.50027,2
0.82,0.12,0.035,0.06,3.428570449,6.2526875,65.49188,FALSE,FALSE,409.50027,2
0.82,0.12,0.04,0.06,2.99999925,4.3300896,61.902977,FALSE,FALSE,268.04544,2
0.82,0.12,0.045,0.06,2.666666074,4.3300896,61.902977,FALSE,FALSE,268.04544,2
0.82,0.12,0.05,0.06,2.39999952,4.969569,54.800518,FALSE,FALSE,272.33496,2
0.82,0.12,0.055,0.06,2.181817785,4.969569,54.800518,FALSE,FALSE,272.33496,2
0.82,0.13,0,0.05,13000000,4.961126,62.847103,FALSE,FALSE,311.7924,2
0.82,0.13,0.005,0.05,25.999948,4.961126,62.847103,FALSE,FALSE,311.7924,2
0.82,0.13,0.01,0.05,12.999987,4.9489374,67.06383,FALSE,FALSE,331.89468,2
0.82,0.13,0.015,0.05,8.666660889,5.4965897,68.57986,FALSE,FALSE,376.95532,2
0.82,0.13,0.02,0.05,6.49999675,7.995487,72.83657,FALSE,FALSE,582.3639,2
0.82,0.13,0.025,0.05,5.19999792,7.995487,72.83657,FALSE,FALSE,582.3639,2
0.82,0.13,0.03,0.05,4.333331889,6.267432,67.00124,FALSE,FALSE,419.92575,2
0.82,0.13,0.035,0.05,3.714284653,6.267432,67.00124,FALSE,FALSE,419.92575,2
0.82,0.13,0.04,0.05,3.249999188,4.367696,63.605236,FALSE,FALSE,277.80832,2
0.82,0.13,0.045,0.05,2.888888247,4.367696,63.605236,FALSE,FALSE,277.80832,2
0.82,0.13,0.05,0.05,2.59999948,6.6648264,63.0808,FALSE,FALSE,420.42258,2
0.82,0.13,0.055,0.05,2.363635934,5.489973,56.133488,FALSE,FALSE,308.17133,2
0.82,0.14,0,0.04,14000000,4.9725547,60.3565,FALSE,FALSE,300.12598,2
0.82,0.14,0.005,0.04,27.999944,4.9725547,60.3565,FALSE,FALSE,300.12598,2
0.82,0.14,0.01,0.04,13.999986,4.9603662,64.85771,FALSE,FALSE,321.71802,2
0.82,0.14,0.015,0.04,9.333327111,5.4844084,66.21947,FALSE,FALSE,363.1746,2
0.82,0.14,0.02,0.04,6.9999965,7.983306,70.16701,FALSE,FALSE,560.1647,2
0.82,0.14,0.025,0.04,5.59999776,7.983306,70.16701,FALSE,FALSE,560.1647,2
0.82,0.14,0.03,0.04,4.666665111,6.2552514,64.63759,FALSE,FALSE,404.32437,2
0.82,0.14,0.035,0.04,3.999998857,6.2552514,64.63759,FALSE,FALSE,404.32437,2
0.82,0.14,0.04,0.04,3.499999125,5.215869,61.625633,FALSE,FALSE,321.4312,2
0.82,0.14,0.045,0.04,3.11111042,4.3555145,62.105934,FALSE,FALSE,270.5033,2
0.82,0.14,0.05,0.04,2.79999944,6.641217,61.631897,FALSE,FALSE,409.31082,2
0.82,0.14,0.055,0.04,2.545454083,6.641217,61.631897,FALSE,FALSE,409.31082,2
0.82,0.15,0,0.03,15000000,4.9725547,51.62907,FALSE,FALSE,256.72836,2
0.82,0.15,0.005,0.03,29.99994,4.9725547,51.62907,FALSE,FALSE,256.72836,2
0.82,0.15,0.01,0.03,14.999985,4.9603662,57.093506,FALSE,FALSE,283.2047,2
0.82,0.15,0.015,0.03,9.999993333,5.4844084,58.184853,FALSE,FALSE,319.1095,2
0.82,0.15,0.02,0.03,7.49999625,7.983306,62.132393,FALSE,FALSE,496.0219,2
0.82,0.15,0.025,0.03,5.9999976,7.983306,62.132393,FALSE,FALSE,496.0219,2
0.82,0.15,0.03,0.03,4.999998333,6.2552514,56.996964,FALSE,FALSE,356.53033,2
0.82,0.15,0.035,0.03,4.285713061,6.2552514,56.996964,FALSE,FALSE,356.53033,2
0.82,0.15,0.04,0.03,3.749999063,5.215869,53.95129,FALSE,FALSE,281.40286,2
0.82,0.15,0.045,0.03,3.333332593,4.3555145,54.261005,FALSE,FALSE,236.3346,2
0.82,0.15,0.05,0.03,2.9999994,6.641217,53.78697,FALSE,FALSE,357.21094,2
0.82,0.15,0.055,0.03,2.727272231,6.641217,53.78697,FALSE,FALSE,357.21094,2
0.84,0.01,0,0.15,1000000,5.203094,56.22012,FALSE,FALSE,292.51855,2
0.84,0.01,0.005,0.15,1.999996,4.7124887,46.90593,FALSE,FALSE,221.04366,2
0.84,0.01,0.01,0.15,0.999999,4.7514176,53.309605,FALSE,FALSE,253.29619,2
0.84,0.01,0.015,0.15,0.666666222,4.7514176,53.309605,FALSE,FALSE,253.29619,2
0.84,0.01,0.02,0.15,0.49999975,5.1616335,54.613873,FALSE,FALSE,281.8968,2
0.84,0.01,0.025,0.15,0.39999984,5.1616335,54.613873,FALSE,FALSE,281.8968,2
0.84,0.01,0.03,0.15,0.333333222,5.190559,53.126488,FALSE,FALSE,275.75616,2
0.84,0.01,0.035,0.15,0.285714204,5.190559,53.126488,FALSE,FALSE,275.75616,2
0.84,0.01,0.04,0.15,0.249999938,3.875128,53.00456,FALSE,FALSE,205.39944,2
0.84,0.01,0.045,0.15,0.222222173,3.875128,53.00456,FALSE,FALSE,205.39944,2
0.84,0.01,0.05,0.15,0.19999996,5.475975,52.93346,FALSE,FALSE,289.8623,2
0.84,0.01,0.055,0.15,0.181818149,5.475975,52.93346,FALSE,FALSE,289.8623,2
0.84,0.02,0,0.14,2000000,4.991039,56.27217,FALSE,FALSE,280.8566,2
0.84,0.02,0.005,0.14,3.999992,5.316869,55.483696,FALSE,FALSE,294.99954,2
0.84,0.02,0.01,0.14,1.999998,4.5151877,53.399815,FALSE,FALSE,241.11018,2
0.84,0.02,0.015,0.14,1.333332444,4.5151877,53.399815,FALSE,FALSE,241.11018,2
0.84,0.02,0.02,0.14,0.9999995,4.925404,54.723125,FALSE,FALSE,269.5335,2
0.84,0.02,0.025,0.14,0.79999968,4.925404,54.723125,FALSE,FALSE,269.5335,2
0.84,0.02,0.03,0.14,0.666666444,4.9543285,53.210327,FALSE,FALSE,263.62143,2
0.84,0.02,0.035,0.14,0.571428408,4.9543285,53.210327,FALSE,FALSE,263.62143,2
0.84,0.02,0.04,0.14,0.499999875,3.6665702,53.098923,FALSE,FALSE,194.69093,2
0.84,0.02,0.045,0.14,0.444444346,3.6665702,53.098923,FALSE,FALSE,194.69093,2
0.84,0.02,0.05,0.14,0.39999992,5.3318477,53.027832,FALSE,FALSE,282.73633,2
0.84,0.02,0.055,0.14,0.363636298,5.3318477,53.027832,FALSE,FALSE,282.73633,2
0.84,0.0225,0,0.1375,2250000,4.991039,56.27217,FALSE,FALSE,280.8566,2
0.84,0.0225,0.005,0.1375,4.499991,5.316869,55.483696,FALSE,FALSE,294.99954,2
0.84,0.0225,0.01,0.1375,2.24999775,4.537436,54.79722,FALSE,FALSE,248.63887,2
0.84,0.0225,0.015,0.1375,1.499999,4.5151877,53.399815,FALSE,FALSE,241.11018,2
0.84,0.0225,0.02,0.1375,1.124999438,4.925404,54.723125,FALSE,FALSE,269.5335,2
0.84,0.0225,0.025,0.1375,0.89999964,4.925404,54.723125,FALSE,FALSE,269.5335,2
0.84,0.0225,0.03,0.1375,0.74999975,4.9543285,53.210327,FALSE,FALSE,263.62143,2
0.84,0.0225,0.035,0.1375,0.642856959,4.9543285,53.210327,FALSE,FALSE,263.62143,2
0.84,0.0225,0.04,0.1375,0.562499859,3.6665702,53.098923,FALSE,FALSE,194.69093,2
0.84,0.0225,0.045,0.1375,0.499999889,3.6665702,53.098923,FALSE,FALSE,194.69093,2
0.84,0.0225,0.05,0.1375,0.44999991,5.3318477,53.027832,FALSE,FALSE,282.73633,2
0.84,0.0225,0.055,0.1375,0.409090835,5.3318477,53.027832,FALSE,FALSE,282.73633,2
0.84,0.03,0,0.13,3000000,4.991039,61.049828,FALSE,FALSE,304.70206,2
0.84,0.03,0.005,0.13,5.999988,6.018575,62.40677,FALSE,FALSE,375.59982,2
0.84,0.03,0.01,0.13,2.999997,5.182243,65.898964,FALSE,FALSE,341.50443,2
0.84,0.03,0.015,0.13,1.999998667,4.5151877,57.86098,FALSE,FALSE,261.2532,2
0.84,0.03,0.02,0.13,1.49999925,4.925404,59.262493,FALSE,FALSE,291.89172,2
0.84,0.03,0.025,0.13,1.19999952,4.925404,59.262493,FALSE,FALSE,291.89172,2
0.84,0.03,0.03,0.13,0.999999667,4.9543285,57.108925,FALSE,FALSE,282.93637,2
0.84,0.03,0.035,0.13,0.857142612,4.9543285,57.108925,FALSE,FALSE,282.93637,2
0.84,0.03,0.04,0.13,0.749999813,3.6665702,56.667316,FALSE,FALSE,207.77469,2
0.84,0.03,0.045,0.13,0.666666519,3.6665702,56.667316,FALSE,FALSE,207.77469,2
0.84,0.03,0.05,0.13,0.59999988,5.3318477,56.565746,FALSE,FALSE,301.59995,2
0.84,0.03,0.055,0.13,0.545454446,5.3318477,56.565746,FALSE,FALSE,301.59995,2
0.84,0.04,0,0.12,4000000,4.9967237,66.39243,FALSE,FALSE,331.74463,2
0.84,0.04,0.005,0.12,7.999984,6.049378,67.7494,FALSE,FALSE,409.8417,2
0.84,0.04,0.01,0.12,3.999996,5.2886143,70.44856,FALSE,FALSE,372.5753,2
0.84,0.04,0.015,0.12,2.666664889,5.098356,70.17777,FALSE,FALSE,357.79126,2
0.84,0.04,0.02,0.12,1.999999,4.8589807,63.75179,FALSE,FALSE,309.7687,2
0.84,0.04,0.025,0.12,1.59999936,4.8589807,63.75179,FALSE,FALSE,309.7687,2
0.84,0.04,0.03,0.12,1.333332889,4.887906,61.17305,FALSE,FALSE,299.00812,2
0.84,0.04,0.035,0.12,1.142856816,4.887906,61.17305,FALSE,FALSE,299.00812,2
0.84,0.04,0.04,0.12,0.99999975,3.5944614,60.681072,FALSE,FALSE,218.11577,2
0.84,0.04,0.045,0.12,0.888888691,3.5944614,60.681072,FALSE,FALSE,218.11577,2
0.84,0.04,0.05,0.12,0.79999984,5.3744297,60.427036,FALSE,FALSE,324.76086,2
0.84,0.04,0.055,0.12,0.727272595,5.3744297,60.427036,FALSE,FALSE,324.76086,2
0.84,0.05,0,0.11,5000000,4.9967237,61.070293,FALSE,FALSE,305.15137,2
0.84,0.05,0.005,0.11,9.99998,6.049378,62.427227,FALSE,FALSE,377.64587,2
0.84,0.05,0.01,0.11,4.999995,5.2886143,65.06484,FALSE,FALSE,344.10284,2
0.84,0.05,0.015,0.11,3.333331111,5.098356,64.84218,FALSE,FALSE,330.5885,2
0.84,0.05,0.02,0.11,2.49999875,4.863765,58.90223,FALSE,FALSE,286.48657,2
0.84,0.05,0.025,0.11,1.9999992,4.8589807,57.980976,FALSE,FALSE,281.72845,2
0.84,0.05,0.03,0.11,1.666666111,4.887906,55.45912,FALSE,FALSE,271.07898,2
0.84,0.05,0.035,0.11,1.42857102,4.887906,55.45912,FALSE,FALSE,271.07898,2
0.84,0.05,0.04,0.11,1.249999688,3.5944614,54.967136,FALSE,FALSE,197.57726,2
0.84,0.05,0.045,0.11,1.111110864,3.5944614,54.967136,FALSE,FALSE,197.57726,2
0.84,0.05,0.05,0.11,0.9999998,5.3744297,54.713108,FALSE,FALSE,294.05176,2
0.84,0.05,0.055,0.11,0.909090744,5.3744297,54.713108,FALSE,FALSE,294.05176,2
0.84,0.06,0,0.1,6000000,4.9967237,61.070293,FALSE,FALSE,305.15137,2
0.84,0.06,0.005,0.1,11.999976,4.9967237,61.070293,FALSE,FALSE,305.15137,2
0.84,0.06,0.01,0.1,5.999994,6.1050096,67.00381,FALSE,FALSE,409.05887,2
0.84,0.06,0.015,0.1,3.999997333,5.2886143,65.06484,FALSE,FALSE,344.10284,2
0.84,0.06,0.02,0.1,2.9999985,6.682746,68.52748,FALSE,FALSE,457.95175,2
0.84,0.06,0.025,0.1,2.39999904,4.863765,58.90223,FALSE,FALSE,286.48657,2
0.84,0.06,0.03,0.1,1.999999333,4.887906,55.45912,FALSE,FALSE,271.07898,2
0.84,0.06,0.035,0.1,1.714285224,4.887906,55.45912,FALSE,FALSE,271.07898,2
0.84,0.06,0.04,0.1,1.499999625,3.5944614,54.967136,FALSE,FALSE,197.57726,2
0.84,0.06,0.045,0.1,1.333333037,3.5944614,54.967136,FALSE,FALSE,197.57726,2
0.84,0.06,0.05,0.1,1.19999976,5.3744297,54.713108,FALSE,FALSE,294.05176,2
0.84,0.06,0.055,0.1,1.090908893,5.3744297,54.713108,FALSE,FALSE,294.05176,2
0.84,0.07,0,0.09,7000000,4.5677876,60.97505,FALSE,FALSE,278.5211,2
0.84,0.07,0.005,0.09,13.999972,4.5677876,60.97505,FALSE,FALSE,278.5211,2
0.84,0.07,0.01,0.09,6.999993,5.3306994,67.00621,FALSE,FALSE,357.18997,2
0.84,0.07,0.015,0.09,4.666663556,4.514304,65.173584,FALSE,FALSE,294.21338,2
0.84,0.07,0.02,0.09,3.49999825,6.221374,69.557,FALSE,FALSE,432.7401,2
0.84,0.07,0.025,0.09,2.79999888,5.2476254,69.316216,FALSE,FALSE,363.74554,2
0.84,0.07,0.03,0.09,2.333332556,4.467602,57.109814,FALSE,FALSE,255.1439,2
0.84,0.07,0.035,0.09,1.999999429,4.336021,56.18478,FALSE,FALSE,243.61838,2
0.84,0.07,0.04,0.09,1.749999563,3.0425787,54.770107,FALSE,FALSE,166.64236,2
0.84,0.07,0.045,0.09,1.55555521,3.0425787,54.770107,FALSE,FALSE,166.64236,2
0.84,0.07,0.05,0.09,1.39999972,4.7923045,54.24011,FALSE,FALSE,259.93512,2
0.84,0.07,0.055,0.09,1.272727041,4.7923045,54.24011,FALSE,FALSE,259.93512,2
0.84,0.08,0,0.08,8000000,4.6616535,63.06384,FALSE,FALSE,293.98178,2
0.84,0.08,0.005,0.08,15.999968,4.6616535,63.06384,FALSE,FALSE,293.98178,2
0.84,0.08,0.01,0.08,7.999992,5.5084677,68.28698,FALSE,FALSE,376.15662,2
0.84,0.08,0.015,0.08,5.333329778,5.5084677,68.28698,FALSE,FALSE,376.15662,2
0.84,0.08,0.02,0.08,3.999998,6.3991423,70.81922,FALSE,FALSE,453.18228,2
0.84,0.08,0.025,0.08,3.19999872,5.4682584,70.560646,FALSE,FALSE,385.84384,2
0.84,0.08,0.03,0.08,2.666665778,5.521667,66.70964,FALSE,FALSE,368.34842,2
0.84,0.08,0.035,0.08,2.285713633,4.639338,58.568142,FALSE,FALSE,271.7174,2
0.84,0.08,0.04,0.08,1.9999995,3.1602807,56.275135,FALSE,FALSE,177.84523,2
0.84,0.08,0.045,0.08,1.777777383,3.1602807,56.275135,FALSE,FALSE,177.84523,2
0.84,0.08,0.05,0.08,1.59999968,4.922795,55.73435,FALSE,FALSE,274.36877,2
0.84,0.08,0.055,0.08,1.45454519,4.922795,55.73435,FALSE,FALSE,274.36877,2
0.84,0.09,0,0.07,9000000,3.896547,63.453403,FALSE,FALSE,247.24918,2
0.84,0.09,0.005,0.07,17.999964,3.896547,63.453403,FALSE,FALSE,247.24918,2
0.84,0.09,0.01,0.07,8.999991,4.4757786,68.67654,FALSE,FALSE,307.38098,2
0.84,0.09,0.015,0.07,5.999996,4.4757786,68.67654,FALSE,FALSE,307.38098,2
0.84,0.09,0.02,0.07,4.49999775,5.058635,71.18191,FALSE,FALSE,360.0833,2
0.84,0.09,0.025,0.07,3.59999856,5.058635,71.18191,FALSE,FALSE,360.0833,2
0.84,0.09,0.03,0.07,2.999999,4.174607,66.88161,FALSE,FALSE,279.2044,2
0.84,0.09,0.035,0.07,2.571427837,4.174607,66.88161,FALSE,FALSE,279.2044,2
0.84,0.09,0.04,0.07,2.249999438,2.5688043,57.591877,FALSE,FALSE,147.94226,2
0.84,0.09,0.045,0.07,1.999999556,2.5688043,57.081432,FALSE,FALSE,146.63103,2
0.84,0.09,0.05,0.07,1.79999964,4.3831377,56.540646,FALSE,FALSE,247.82544,2
0.84,0.09,0.055,0.07,1.636363339,4.3831377,56.540646,FALSE,FALSE,247.82544,2
0.84,0.1,0,0.06,10000000,4.997729,63.451725,FALSE,FALSE,317.1145,2
0.84,0.1,0.005,0.06,19.99996,4.997729,63.451725,FALSE,FALSE,317.1145,2
0.84,0.1,0.01,0.06,9.99999,5.5331917,68.51712,FALSE,FALSE,379.11835,2
0.84,0.1,0.015,0.06,6.666662222,5.5331917,68.51712,FALSE,FALSE,379.11835,2
0.84,0.1,0.02,0.06,4.9999975,6.493934,70.951256,FALSE,FALSE,460.75278,2
0.84,0.1,0.025,0.06,3.9999984,6.493934,70.951256,FALSE,FALSE,460.75278,2
0.84,0.1,0.03,0.06,3.333332222,5.581227,65.75073,FALSE,FALSE,366.96976,2
0.84,0.1,0.035,0.06,2.857142041,5.581227,65.75073,FALSE,FALSE,366.96976,2
0.84,0.1,0.04,0.06,2.499999375,3.1552367,55.352665,FALSE,FALSE,174.65076,2
0.84,0.1,0.045,0.06,2.222221728,3.1552367,55.352665,FALSE,FALSE,174.65076,2
0.84,0.1,0.05,0.06,1.9999996,4.969569,54.71111,FALSE,FALSE,271.89066,2
0.84,0.1,0.055,0.06,1.818181488,4.969569,54.71111,FALSE,FALSE,271.89066,2
0.84,0.11,0,0.05,11000000,4.997729,63.451725,FALSE,FALSE,317.1145,2
0.84,0.11,0.005,0.05,21.999956,4.997729,63.451725,FALSE,FALSE,317.1145,2
0.84,0.11,0.01,0.05,10.999989,4.9855394,66.87366,FALSE,FALSE,333.40125,2
0.84,0.11,0.015,0.05,7.333328444,5.5331917,68.51712,FALSE,FALSE,379.11835,2
0.84,0.11,0.02,0.05,5.49999725,8.002948,72.87277,FALSE,FALSE,583.197,2
0.84,0.11,0.025,0.05,4.39999824,6.493934,70.951256,FALSE,FALSE,460.75278,2
0.84,0.11,0.03,0.05,3.666665444,6.2526875,65.49188,FALSE,FALSE,409.50027,2
0.84,0.11,0.035,0.05,3.142856245,5.581227,65.75073,FALSE,FALSE,366.96976,2
0.84,0.11,0.04,0.05,2.749999313,4.3300896,61.902977,FALSE,FALSE,268.04544,2
0.84,0.11,0.045,0.05,2.444443901,3.1552367,55.352665,FALSE,FALSE,174.65076,2
0.84,0.11,0.05,0.05,2.19999956,4.969569,54.800518,FALSE,FALSE,272.33496,2
0.84,0.11,0.055,0.05,1.999999636,4.969569,54.71111,FALSE,FALSE,271.89066,2
0.84,0.12,0,0.04,12000000,4.997729,63.451725,FALSE,FALSE,317.1145,2
0.84,0.12,0.005,0.04,23.999952,4.997729,63.451725,FALSE,FALSE,317.1145,2
0.84,0.12,0.01,0.04,11.999988,4.9855394,66.87366,FALSE,FALSE,333.40125,2
0.84,0.12,0.015,0.04,7.999994667,5.5331917,68.51712,FALSE,FALSE,379.11835,2
0.84,0.12,0.02,0.04,5.999997,8.002948,72.87277,FALSE,FALSE,583.197,2
0.84,0.12,0.025,0.04,4.79999808,6.493934,70.951256,FALSE,FALSE,460.75278,2
0.84,0.12,0.03,0.04,3.999998667,6.2526875,65.49188,FALSE,FALSE,409.50027,2
0.84,0.12,0.035,0.04,3.428570449,6.2526875,65.49188,FALSE,FALSE,409.50027,2
0.84,0.12,0.04,0.04,2.99999925,4.3300896,61.902977,FALSE,FALSE,268.04544,2
0.84,0.12,0.045,0.04,2.666666074,4.3300896,61.902977,FALSE,FALSE,268.04544,2
0.84,0.12,0.05,0.04,2.39999952,4.969569,54.800518,FALSE,FALSE,272.33496,2
0.84,0.12,0.055,0.04,2.181817785,4.969569,54.800518,FALSE,FALSE,272.33496,2
0.84,0.13,0,0.03,13000000,4.961126,62.847103,FALSE,FALSE,311.7924,2
0.84,0.13,0.005,0.03,25.999948,4.961126,62.847103,FALSE,FALSE,311.7924,2
0.84,0.13,0.01,0.03,12.999987,4.9489374,67.06383,FALSE,FALSE,331.89468,2
0.84,0.13,0.015,0.03,8.666660889,5.4965897,68.57986,FALSE,FALSE,376.95532,2
0.84,0.13,0.02,0.03,6.49999675,7.995487,72.83657,FALSE,FALSE,582.3639,2
0.84,0.13,0.025,0.03,5.19999792,7.995487,72.83657,FALSE,FALSE,582.3639,2
0.84,0.13,0.03,0.03,4.333331889,6.267432,67.00124,FALSE,FALSE,419.92575,2
0.84,0.13,0.035,0.03,3.714284653,6.267432,67.00124,FALSE,FALSE,419.92575,2
0.84,0.13,0.04,0.03,3.249999188,4.367696,63.605236,FALSE,FALSE,277.80832,2
0.84,0.13,0.045,0.03,2.888888247,4.367696,63.605236,FALSE,FALSE,277.80832,2
0.84,0.13,0.05,0.03,2.59999948,6.6648264,63.0808,FALSE,FALSE,420.42258,2
0.84,0.13,0.055,0.03,2.363635934,5.489973,56.133488,FALSE,FALSE,308.17133,2
0.84,0.1375,0,0.0225,13750000,4.9725547,60.3565,FALSE,FALSE,300.12598,2
0.84,0.1375,0.005,0.0225,27.499945,4.9725547,60.3565,FALSE,FALSE,300.12598,2
0.84,0.1375,0.01,0.0225,13.74998625,4.9603662,64.85771,FALSE,FALSE,321.71802,2
0.84,0.1375,0.015,0.0225,9.166660556,5.4844084,66.21947,FALSE,FALSE,363.1746,2
0.84,0.1375,0.02,0.0225,6.874996563,7.983306,70.16701,FALSE,FALSE,560.1647,2
0.84,0.1375,0.025,0.0225,5.4999978,7.983306,70.16701,FALSE,FALSE,560.1647,2
0.84,0.1375,0.03,0.0225,4.583331806,6.2552514,64.63759,FALSE,FALSE,404.32437,2
0.84,0.1375,0.035,0.0225,3.928570306,6.2552514,64.63759,FALSE,FALSE,404.32437,2
0.84,0.1375,0.04,0.0225,3.437499141,5.215869,61.625633,FALSE,FALSE,321.4312,2
0.84,0.1375,0.045,0.0225,3.055554877,4.3555145,62.105934,FALSE,FALSE,270.5033,2
0.84,0.1375,0.05,0.0225,2.74999945,6.641217,61.631897,FALSE,FALSE,409.31082,2
0.84,0.1375,0.055,0.0225,2.499999545,5.479314,54.71888,FALSE,FALSE,299.82193,2
0.84,0.14,0,0.02,14000000,4.9725547,60.3565,FALSE,FALSE,300.12598,2
0.84,0.14,0.005,0.02,27.999944,4.9725547,60.3565,FALSE,FALSE,300.12598,2
0.84,0.14,0.01,0.02,13.999986,4.9603662,64.85771,FALSE,FALSE,321.71802,2
0.84,0.14,0.015,0.02,9.333327111,5.4844084,66.21947,FALSE,FALSE,363.1746,2
0.84,0.14,0.02,0.02,6.9999965,7.983306,70.16701,FALSE,FALSE,560.1647,2
0.84,0.14,0.025,0.02,5.59999776,7.983306,70.16701,FALSE,FALSE,560.1647,2
0.84,0.14,0.03,0.02,4.666665111,6.2552514,64.63759,FALSE,FALSE,404.32437,2
0.84,0.14,0.035,0.02,3.999998857,6.2552514,64.63759,FALSE,FALSE,404.32437,2
0.84,0.14,0.04,0.02,3.499999125,5.215869,61.625633,FALSE,FALSE,321.4312,2
0.84,0.14,0.045,0.02,3.11111042,4.3555145,62.105934,FALSE,FALSE,270.5033,2
0.84,0.14,0.05,0.02,2.79999944,6.641217,61.631897,FALSE,FALSE,409.31082,2
0.84,0.14,0.055,0.02,2.545454083,6.641217,61.631897,FALSE,FALSE,409.31082,2
0.84,0.15,0,0.01,15000000,4.9725547,51.62907,FALSE,FALSE,256.72836,2
0.84,0.15,0.005,0.01,29.99994,4.9725547,51.62907,FALSE,FALSE,256.72836,2
0.84,0.15,0.01,0.01,14.999985,4.9603662,57.093506,FALSE,FALSE,283.2047,2
0.84,0.15,0.015,0.01,9.999993333,5.4844084,58.184853,FALSE,FALSE,319.1095,2
0.84,0.15,0.02,0.01,7.49999625,7.983306,62.132393,FALSE,FALSE,496.0219,2
0.84,0.15,0.025,0.01,5.9999976,7.983306,62.132393,FALSE,FALSE,496.0219,2
0.84,0.15,0.03,0.01,4.999998333,6.2552514,56.996964,FALSE,FALSE,356.53033,2
0.84,0.15,0.035,0.01,4.285713061,6.2552514,56.996964,FALSE,FALSE,356.53033,2
0.84,0.15,0.04,0.01,3.749999063,5.215869,53.95129,FALSE,FALSE,281.40286,2
0.84,0.15,0.045,0.01,3.333332593,4.3555145,54.261005,FALSE,FALSE,236.3346,2
0.84,0.15,0.05,0.01,2.9999994,6.641217,53.78697,FALSE,FALSE,357.21094,2
0.84,0.15,0.055,0.01,2.727272231,6.641217,53.78697,FALSE,FALSE,357.21094,2
0.86,0,0,0.14,0,4.2260814,60.62912,FALSE,FALSE,256.2236,2
0.86,0,0.005,0.14,0,4.2260814,60.62912,FALSE,FALSE,256.2236,2
0.86,0,0.01,0.14,0,4.3179827,64.29246,FALSE,FALSE,277.6137,2
0.86,0,0.015,0.14,0,4.3179827,64.29246,FALSE,FALSE,277.6137,2
0.86,0,0.02,0.14,0,4.8021116,65.373955,FALSE,FALSE,313.933,2
0.86,0,0.025,0.14,0,4.8021116,65.373955,FALSE,FALSE,313.933,2
0.86,0,0.03,0.14,0,5.24714,64.66246,FALSE,FALSE,339.29297,2
0.86,0,0.035,0.14,0,5.24714,64.66246,FALSE,FALSE,339.29297,2
0.86,0,0.04,0.14,0,3.9593801,64.52215,FALSE,FALSE,255.46771,2
0.86,0,0.045,0.14,0,3.9593801,64.52215,FALSE,FALSE,255.46771,2
0.86,0,0.05,0.14,0,5.419789,64.47163,FALSE,FALSE,349.4226,2
0.86,0,0.055,0.14,0,5.419789,64.47163,FALSE,FALSE,349.4226,2
0.86,0.01,0,0.13,1000000,4.799025,69.057594,FALSE,FALSE,331.40912,2
0.86,0.01,0.005,0.13,1.999996,4.2260814,65.2496,FALSE,FALSE,275.75012,2
0.86,0.01,0.01,0.13,0.999999,4.3179827,68.91289,FALSE,FALSE,297.56467,2
0.86,0.01,0.015,0.13,0.666666222,4.3179827,68.91289,FALSE,FALSE,297.56467,2
0.86,0.01,0.02,0.13,0.49999975,4.8021116,70.18404,FALSE,FALSE,337.0316,2
0.86,0.01,0.025,0.13,0.39999984,4.8021116,70.18404,FALSE,FALSE,337.0316,2
0.86,0.01,0.03,0.13,0.333333222,5.24714,69.18676,FALSE,FALSE,363.03262,2
0.86,0.01,0.035,0.13,0.285714204,5.24714,69.18676,FALSE,FALSE,363.03262,2
0.86,0.01,0.04,0.13,0.249999938,3.9593801,68.71624,FALSE,FALSE,272.07373,2
0.86,0.01,0.045,0.13,0.222222173,3.9593801,68.71624,FALSE,FALSE,272.07373,2
0.86,0.01,0.05,0.13,0.19999996,5.419789,68.63525,FALSE,FALSE,371.98856,2
0.86,0.01,0.055,0.13,0.181818149,5.419789,68.63525,FALSE,FALSE,371.98856,2
0.86,0.015,0,0.125,1500000,4.799025,69.057594,FALSE,FALSE,331.40912,2
0.86,0.015,0.005,0.125,2.999994,4.9345965,69.69272,FALSE,FALSE,343.90546,2
0.86,0.015,0.01,0.125,1.4999985,4.3179827,68.91289,FALSE,FALSE,297.56467,2
0.86,0.015,0.015,0.125,0.999999333,4.3179827,68.91289,FALSE,FALSE,297.56467,2
0.86,0.015,0.02,0.125,0.749999625,4.8021116,70.18404,FALSE,FALSE,337.0316,2
0.86,0.015,0.025,0.125,0.59999976,4.8021116,70.18404,FALSE,FALSE,337.0316,2
0.86,0.015,0.03,0.125,0.499999833,5.24714,69.18676,FALSE,FALSE,363.03262,2
0.86,0.015,0.035,0.125,0.428571306,5.24714,69.18676,FALSE,FALSE,363.03262,2
0.86,0.015,0.04,0.125,0.374999906,3.9593801,68.71624,FALSE,FALSE,272.07373,2
0.86,0.015,0.045,0.125,0.333333259,3.9593801,68.71624,FALSE,FALSE,272.07373,2
0.86,0.015,0.05,0.125,0.29999994,5.419789,68.63525,FALSE,FALSE,371.98856,2
0.86,0.015,0.055,0.125,0.272727223,5.419789,68.63525,FALSE,FALSE,371.98856,2
0.86,0.02,0,0.12,2000000,4.80471,73.92707,FALSE,FALSE,355.19812,2
0.86,0.02,0.005,0.12,3.999992,5.040968,74.14654,FALSE,FALSE,373.77032,2
0.86,0.02,0.01,0.12,1.999998,4.2515597,72.96112,FALSE,FALSE,310.19855,2
0.86,0.02,0.015,0.12,1.333332444,4.2515597,72.96112,FALSE,FALSE,310.19855,2
0.86,0.02,0.02,0.12,0.9999995,4.735688,74.66966,FALSE,FALSE,353.61224,2
0.86,0.02,0.025,0.12,0.79999968,4.735688,74.66966,FALSE,FALSE,353.61224,2
0.86,0.02,0.03,0.12,0.666666444,5.1807165,73.77155,FALSE,FALSE,382.1895,2
0.86,0.02,0.035,0.12,0.571428408,5.1807165,73.77155,FALSE,FALSE,382.1895,2
0.86,0.02,0.04,0.12,0.499999875,3.8872724,72.73,FALSE,FALSE,282.72134,2
0.86,0.02,0.045,0.12,0.444444346,3.8872724,72.73,FALSE,FALSE,282.72134,2
0.86,0.02,0.05,0.12,0.39999992,5.462371,72.496544,FALSE,FALSE,396.00302,2
0.86,0.02,0.055,0.12,0.363636298,5.462371,72.496544,FALSE,FALSE,396.00302,2
0.86,0.03,0,0.11,3000000,4.80471,73.92707,FALSE,FALSE,355.19812,2
0.86,0.03,0.005,0.11,5.999988,5.857364,74.54871,FALSE,FALSE,436.65897,2
0.86,0.03,0.01,0.11,2.999997,4.9426107,77.40422,FALSE,FALSE,382.57892,2
0.86,0.03,0.015,0.11,1.999998667,4.2515597,72.96112,FALSE,FALSE,310.19855,2
0.86,0.03,0.02,0.11,1.49999925,4.735688,74.66966,FALSE,FALSE,353.61224,2
0.86,0.03,0.025,0.11,1.19999952,4.735688,74.66966,FALSE,FALSE,353.61224,2
0.86,0.03,0.03,0.11,0.999999667,5.1807165,73.77155,FALSE,FALSE,382.1895,2
0.86,0.03,0.035,0.11,0.857142612,5.1807165,73.77155,FALSE,FALSE,382.1895,2
0.86,0.03,0.04,0.11,0.749999813,3.8872724,72.73,FALSE,FALSE,282.72134,2
0.86,0.03,0.045,0.11,0.666666519,3.8872724,72.73,FALSE,FALSE,282.72134,2
0.86,0.03,0.05,0.11,0.59999988,5.462371,72.496544,FALSE,FALSE,396.00302,2
0.86,0.03,0.055,0.11,0.545454446,5.462371,72.496544,FALSE,FALSE,396.00302,2
0.86,0.04,0,0.1,4000000,4.80471,73.92707,FALSE,FALSE,355.19812,2
0.86,0.04,0.005,0.1,7.999984,5.857364,74.54871,FALSE,FALSE,436.65897,2
0.86,0.04,0.01,0.1,3.999996,5.1328692,76.79652,FALSE,FALSE,394.18646,2
0.86,0.04,0.015,0.1,2.666664889,4.9426107,77.40422,FALSE,FALSE,382.57892,2
0.86,0.04,0.02,0.1,1.999999,4.735688,74.66966,FALSE,FALSE,353.61224,2
0.86,0.04,0.025,0.1,1.59999936,4.735688,74.66966,FALSE,FALSE,353.61224,2
0.86,0.04,0.03,0.1,1.333332889,5.1807165,73.77155,FALSE,FALSE,382.1895,2
0.86,0.04,0.035,0.1,1.142856816,5.1807165,73.77155,FALSE,FALSE,382.1895,2
0.86,0.04,0.04,0.1,0.99999975,3.8872724,72.73,FALSE,FALSE,282.72134,2
0.86,0.04,0.045,0.1,0.888888691,3.8872724,72.73,FALSE,FALSE,282.72134,2
0.86,0.04,0.05,0.1,0.79999984,5.462371,72.496544,FALSE,FALSE,396.00302,2
0.86,0.04,0.055,0.1,0.727272595,5.462371,72.496544,FALSE,FALSE,396.00302,2
0.86,0.05,0,0.09,5000000,4.3666964,69.03842,FALSE,FALSE,301.46982,2
0.86,0.05,0.005,0.09,9.99998,5.073976,69.631775,FALSE,FALSE,353.30997,2
0.86,0.05,0.01,0.09,4.999995,4.3494816,71.94786,FALSE,FALSE,312.93588,2
0.86,0.05,0.015,0.09,3.333331111,4.159223,72.57596,FALSE,FALSE,301.8596,2
0.86,0.05,0.02,0.09,2.49999875,4.263959,69.46895,FALSE,FALSE,296.21274,2
0.86,0.05,0.025,0.09,1.9999992,4.132378,69.49792,FALSE,FALSE,287.19168,2
0.86,0.05,0.03,0.09,1.666666111,4.6018896,68.9809,FALSE,FALSE,317.4425,2
0.86,0.05,0.035,0.09,1.42857102,4.6018896,68.9809,FALSE,FALSE,317.4425,2
0.86,0.05,0.04,0.09,1.249999688,3.3084464,67.92339,FALSE,FALSE,224.7209,2
0.86,0.05,0.045,0.09,1.111110864,3.3084464,67.92339,FALSE,FALSE,224.7209,2
0.86,0.05,0.05,0.09,0.9999998,4.853304,67.6977,FALSE,FALSE,328.55753,2
0.86,0.05,0.055,0.09,0.909090744,4.853304,67.6977,FALSE,FALSE,328.55753,2
0.86,0.06,0,0.08,6000000,4.3666964,69.03842,FALSE,FALSE,301.46982,2
0.86,0.06,0.005,0.08,11.999976,4.3666964,69.03842,FALSE,FALSE,301.46982,2
0.86,0.06,0.01,0.08,5.999994,5.165878,72.27443,FALSE,FALSE,373.36087,2
0.86,0.06,0.015,0.08,3.999997333,4.3494816,71.94786,FALSE,FALSE,312.93588,2
0.86,0.06,0.02,0.08,2.9999985,5.004842,76.13133,FALSE,FALSE,381.02527,2
0.86,0.06,0.025,0.08,2.39999904,4.263959,69.46895,FALSE,FALSE,296.21274,2
0.86,0.06,0.03,0.08,1.999999333,4.6018896,68.9809,FALSE,FALSE,317.4425,2
0.86,0.06,0.035,0.08,1.714285224,4.6018896,68.9809,FALSE,FALSE,317.4425,2
0.86,0.06,0.04,0.08,1.499999625,3.3084464,67.92339,FALSE,FALSE,224.7209,2
0.86,0.06,0.045,0.08,1.333333037,3.3084464,67.92339,FALSE,FALSE,224.7209,2
0.86,0.06,0.05,0.08,1.19999976,4.853304,67.6977,FALSE,FALSE,328.55753,2
0.86,0.06,0.055,0.08,1.090908893,4.853304,67.6977,FALSE,FALSE,328.55753,2
0.86,0.07,0,0.07,7000000,3.5272613,68.68139,FALSE,FALSE,242.2572,2
0.86,0.07,0.005,0.07,13.999972,3.5272613,68.68139,FALSE,FALSE,242.2572,2
0.86,0.07,0.01,0.07,6.999993,4.0588593,72.04298,FALSE,FALSE,292.41232,2
0.86,0.07,0.015,0.07,4.666663556,3.2424624,71.69326,FALSE,FALSE,232.4627,2
0.86,0.07,0.02,0.07,3.49999825,4.7156277,75.93966,FALSE,FALSE,358.10315,2
0.86,0.07,0.025,0.07,2.79999888,3.735325,76.509254,FALSE,FALSE,285.78693,2
0.86,0.07,0.03,0.07,2.333332556,3.919429,69.02723,FALSE,FALSE,270.54733,2
0.86,0.07,0.035,0.07,1.999999429,3.89513,69.05582,FALSE,FALSE,268.98138,2
0.86,0.07,0.04,0.07,1.749999563,2.7019649,67.12312,FALSE,FALSE,181.36432,2
0.86,0.07,0.045,0.07,1.55555521,2.7019649,67.12312,FALSE,FALSE,181.36432,2
0.86,0.07,0.05,0.07,1.39999972,4.2986417,66.61371,FALSE,FALSE,286.34845,2
0.86,0.07,0.055,0.07,1.272727041,4.2986417,66.61371,FALSE,FALSE,286.34845,2
0.86,0.08,0,0.06,8000000,3.6007679,68.66832,FALSE,FALSE,247.25868,2
0.86,0.08,0.005,0.06,15.999968,3.6007679,68.66832,FALSE,FALSE,247.25868,2
0.86,0.08,0.01,0.06,7.999992,4.2162676,72.032684,FALSE,FALSE,303.70908,2
0.86,0.08,0.015,0.06,5.333329778,4.2162676,72.032684,FALSE,FALSE,303.70908,2
0.86,0.08,0.02,0.06,3.999998,4.873036,75.99738,FALSE,FALSE,370.33798,2
0.86,0.08,0.025,0.06,3.19999872,3.9355986,76.601295,FALSE,FALSE,301.47195,2
0.86,0.08,0.03,0.06,2.666665778,4.4051113,75.521484,FALSE,FALSE,332.68054,2
0.86,0.08,0.035,0.06,2.285713633,4.0211716,69.067,FALSE,FALSE,277.73026,2
0.86,0.08,0.04,0.06,1.9999995,2.7700338,66.85825,FALSE,FALSE,185.19963,2
0.86,0.08,0.045,0.06,1.777777383,2.7700338,66.85825,FALSE,FALSE,185.19963,2
0.86,0.08,0.05,0.06,1.59999968,4.379498,66.33804,FALSE,FALSE,290.5273,2
0.86,0.08,0.055,0.06,1.45454519,4.379498,66.33804,FALSE,FALSE,290.5273,2
0.86,0.09,0,0.05,9000000,3.6007679,68.66832,FALSE,FALSE,247.25868,2
0.86,0.09,0.005,0.05,17.999964,3.6007679,68.66832,FALSE,FALSE,247.25868,2
0.86,0.09,0.01,0.05,8.999991,4.2162676,72.032684,FALSE,FALSE,303.70908,2
0.86,0.09,0.015,0.05,5.999996,4.2162676,72.032684,FALSE,FALSE,303.70908,2
0.86,0.09,0.02,0.05,4.49999775,4.873036,75.99738,FALSE,FALSE,370.33798,2
0.86,0.09,0.025,0.05,3.59999856,4.873036,75.99738,FALSE,FALSE,370.33798,2
0.86,0.09,0.03,0.05,2.999999,4.4051113,75.521484,FALSE,FALSE,332.68054,2
0.86,0.09,0.035,0.05,2.571427837,4.4051113,75.521484,FALSE,FALSE,332.68054,2
0.86,0.09,0.04,0.05,2.249999438,2.7700338,66.88454,FALSE,FALSE,185.27243,2
0.86,0.09,0.045,0.05,1.999999556,2.7700338,66.85825,FALSE,FALSE,185.19963,2
0.86,0.09,0.05,0.05,1.79999964,4.379498,66.33804,FALSE,FALSE,290.5273,2
0.86,0.09,0.055,0.05,1.636363339,4.379498,66.33804,FALSE,FALSE,290.5273,2
0.86,0.1,0,0.04,10000000,4.722308,69.96538,FALSE,FALSE,330.39807,2
0.86,0.1,0.005,0.04,19.99996,4.722308,69.96538,FALSE,FALSE,330.39807,2
0.86,0.1,0.01,0.04,9.99999,5.2940407,72.616844,FALSE,FALSE,384.43652,2
0.86,0.1,0.015,0.04,6.666662222,5.2940407,72.616844,FALSE,FALSE,384.43652,2
0.86,0.1,0.02,0.04,4.9999975,6.328695,76.51032,FALSE,FALSE,484.21048,2
0.86,0.1,0.025,0.04,3.9999984,6.328695,76.51032,FALSE,FALSE,484.21048,2
0.86,0.1,0.03,0.04,3.333332222,5.8320913,75.1342,FALSE,FALSE,438.1895,2
0.86,0.1,0.035,0.04,2.857142041,5.8320913,75.1342,FALSE,FALSE,438.1895,2
0.86,0.1,0.04,0.04,2.499999375,3.3564668,66.28451,FALSE,FALSE,222.48175,2
0.86,0.1,0.045,0.04,2.222221728,3.3564668,66.28451,FALSE,FALSE,222.48175,2
0.86,0.1,0.05,0.04,1.9999996,4.9659305,66.1477,FALSE,FALSE,328.48486,2
0.86,0.1,0.055,0.04,1.818181488,4.9659305,66.1477,FALSE,FALSE,328.48486,2
0.86,0.11,0,0.03,11000000,4.722308,69.96538,FALSE,FALSE,330.39807,2
0.86,0.11,0.005,0.03,21.999956,4.722308,69.96538,FALSE,FALSE,330.39807,2
0.86,0.11,0.01,0.03,10.999989,4.746388,71.71814,FALSE,FALSE,340.4021,2
0.86,0.11,0.015,0.03,7.333328444,5.2940407,72.616844,FALSE,FALSE,384.43652,2
0.86,0.11,0.02,0.03,5.49999725,7.8043604,76.93844,FALSE,FALSE,600.4553,2
0.86,0.11,0.025,0.03,4.39999824,6.328695,76.51032,FALSE,FALSE,484.21048,2
0.86,0.11,0.03,0.03,3.666665444,6.4524064,73.98003,FALSE,FALSE,477.34918,2
0.86,0.11,0.035,0.03,3.142856245,5.8320913,75.1342,FALSE,FALSE,438.1895,2
0.86,0.11,0.04,0.03,2.749999313,4.580954,70.68166,FALSE,FALSE,323.78946,2
0.86,0.11,0.045,0.03,2.444443901,3.3564668,66.28451,FALSE,FALSE,222.48175,2
0.86,0.11,0.05,0.03,2.19999956,4.9659305,65.752945,FALSE,FALSE,326.52457,2
0.86,0.11,0.055,0.03,1.999999636,4.9659305,66.1477,FALSE,FALSE,328.48486,2
0.86,0.12,0,0.02,12000000,4.722308,69.96538,FALSE,FALSE,330.39807,2
0.86,0.12,0.005,0.02,23.999952,4.722308,69.96538,FALSE,FALSE,330.39807,2
0.86,0.12,0.01,0.02,11.999988,4.746388,71.71814,FALSE,FALSE,340.4021,2
0.86,0.12,0.015,0.02,7.999994667,5.2940407,72.616844,FALSE,FALSE,384.43652,2
0.86,0.12,0.02,0.02,5.999997,7.8043604,76.93844,FALSE,FALSE,600.4553,2
0.86,0.12,0.025,0.02,4.79999808,6.328695,76.51032,FALSE,FALSE,484.21048,2
0.86,0.12,0.03,0.02,3.999998667,6.4524064,73.98003,FALSE,FALSE,477.34918,2
0.86,0.12,0.035,0.02,3.428570449,6.4524064,73.98003,FALSE,FALSE,477.34918,2
0.86,0.12,0.04,0.02,2.99999925,4.580954,70.68166,FALSE,FALSE,323.78946,2
0.86,0.12,0.045,0.02,2.666666074,4.580954,70.68166,FALSE,FALSE,323.78946,2
0.86,0.12,0.05,0.02,2.39999952,4.9659305,65.752945,FALSE,FALSE,326.52457,2
0.86,0.12,0.055,0.02,2.181817785,4.9659305,65.752945,FALSE,FALSE,326.52457,2
0.86,0.125,0,0.015,12500000,4.737053,69.72908,FALSE,FALSE,330.31033,2
0.86,0.125,0.005,0.015,24.99995,4.737053,69.72908,FALSE,FALSE,330.31033,2
0.86,0.125,0.01,0.015,12.4999875,4.7611327,72.20837,FALSE,FALSE,343.7936,2
0.86,0.125,0.015,0.015,8.333327778,5.3087854,73.018555,FALSE,FALSE,387.63983,2
0.86,0.125,0.02,0.015,6.249996875,7.819105,77.124146,FALSE,TRUE,603.0418,2
0.86,0.125,0.025,0.015,4.999998,6.3434396,76.9122,FALSE,FALSE,487.8879,2
0.86,0.125,0.03,0.015,4.166665278,6.467151,75.12582,FALSE,FALSE,485.85,2
0.86,0.125,0.035,0.015,3.571427551,6.467151,75.12582,FALSE,FALSE,485.85,2
0.86,0.125,0.04,0.015,3.124999219,4.6185603,72.19465,FALSE,FALSE,333.43533,2
0.86,0.125,0.045,0.015,2.77777716,4.6185603,72.19465,FALSE,FALSE,333.43533,2
0.86,0.125,0.05,0.015,2.4999995,5.4863334,67.38143,FALSE,FALSE,369.677,2
0.86,0.125,0.055,0.015,2.27272686,5.4863334,67.38143,FALSE,FALSE,369.677,2
0.86,0.13,0,0.01,13000000,4.737053,69.72908,FALSE,FALSE,330.31033,2
0.86,0.13,0.005,0.01,25.999948,4.737053,69.72908,FALSE,FALSE,330.31033,2
0.86,0.13,0.01,0.01,12.999987,4.7611327,72.20837,FALSE,FALSE,343.7936,2
0.86,0.13,0.015,0.01,8.666660889,5.3087854,73.018555,FALSE,FALSE,387.63983,2
0.86,0.13,0.02,0.01,6.49999675,7.819105,77.124146,FALSE,TRUE,603.0418,2
0.86,0.13,0.025,0.01,5.19999792,7.819105,77.124146,FALSE,TRUE,603.0418,2
0.86,0.13,0.03,0.01,4.333331889,6.467151,75.12582,FALSE,FALSE,485.85,2
0.86,0.13,0.035,0.01,3.714284653,6.467151,75.12582,FALSE,FALSE,485.85,2
0.86,0.13,0.04,0.01,3.249999188,4.6185603,72.19465,FALSE,FALSE,333.43533,2
0.86,0.13,0.045,0.01,2.888888247,4.6185603,72.19465,FALSE,FALSE,333.43533,2
0.86,0.13,0.05,0.01,2.59999948,6.7108207,71.69077,FALSE,FALSE,481.1039,2
0.86,0.13,0.055,0.01,2.363635934,5.4863334,67.38143,FALSE,FALSE,369.677,2
0.86,0.14,0,0,14000000,4.7484818,67.19897,FALSE,FALSE,319.09308,2
0.86,0.14,0.005,0,27.999944,4.7484818,67.19897,FALSE,FALSE,319.09308,2
0.86,0.14,0.01,0,13.999986,4.7725616,69.909706,FALSE,FALSE,333.64838,2
0.86,0.14,0.015,0,9.333327111,5.296604,70.56562,FALSE,FALSE,373.75815,2
0.86,0.14,0.02,0,6.9999965,7.806924,74.32303,FALSE,FALSE,580.23425,2
0.86,0.14,0.025,0,5.59999776,7.806924,74.32303,FALSE,FALSE,580.23425,2
0.86,0.14,0.03,0,4.666665111,6.4549704,72.600105,FALSE,FALSE,468.63153,2
0.86,0.14,0.035,0,3.999998857,6.4549704,72.600105,FALSE,FALSE,468.63153,2
0.86,0.14,0.04,0,3.499999125,5.415588,69.173935,FALSE,FALSE,374.61752,2
0.86,0.14,0.045,0,3.11111042,4.606379,69.81913,FALSE,FALSE,321.61337,2
0.86,0.14,0.05,0,2.79999944,6.6872106,69.365654,FALSE,FALSE,463.86273,2
0.86,0.14,0.055,0,2.545454083,6.6872106,69.365654,FALSE,FALSE,463.86273,2
0.88,0,0,0.12,0,4.1596584,70.11908,FALSE,FALSE,291.67142,2
0.88,0,0.005,0.12,0,4.1596584,70.11908,FALSE,FALSE,291.67142,2
0.88,0,0.01,0.12,0,4.2515597,72.96112,FALSE,FALSE,310.19855,2
0.88,0,0.015,0.12,0,4.2515597,72.96112,FALSE,FALSE,310.19855,2
0.88,0,0.02,0.12,0,4.735688,74.66966,FALSE,FALSE,353.61224,2
0.88,0,0.025,0.12,0,4.735688,74.66966,FALSE,FALSE,353.61224,2
0.88,0,0.03,0.12,0,5.1807165,73.77155,FALSE,FALSE,382.1895,2
0.88,0,0.035,0.12,0,5.1807165,73.77155,FALSE,FALSE,382.1895,2
0.88,0,0.04,0.12,0,3.8872724,72.73,FALSE,FALSE,282.72134,2
0.88,0,0.045,0.12,0,3.8872724,72.73,FALSE,FALSE,282.72134,2
0.88,0,0.05,0.12,0,5.462371,72.496544,FALSE,FALSE,396.00302,2
0.88,0,0.055,0.12,0,5.462371,72.496544,FALSE,FALSE,396.00302,2
0.88,0.01,0,0.11,1000000,4.80471,73.92707,FALSE,FALSE,355.19812,2
0.88,0.01,0.005,0.11,1.999996,4.1596584,70.11908,FALSE,FALSE,291.67142,2
0.88,0.01,0.01,0.11,0.999999,4.2515597,72.96112,FALSE,FALSE,310.19855,2
0.88,0.01,0.015,0.11,0.666666222,4.2515597,72.96112,FALSE,FALSE,310.19855,2
0.88,0.01,0.02,0.11,0.49999975,4.735688,74.66966,FALSE,FALSE,353.61224,2
0.88,0.01,0.025,0.11,0.39999984,4.735688,74.66966,FALSE,FALSE,353.61224,2
0.88,0.01,0.03,0.11,0.333333222,5.1807165,73.77155,FALSE,FALSE,382.1895,2
0.88,0.01,0.035,0.11,0.285714204,5.1807165,73.77155,FALSE,FALSE,382.1895,2
0.88,0.01,0.04,0.11,0.249999938,3.8872724,72.73,FALSE,FALSE,282.72134,2
0.88,0.01,0.045,0.11,0.222222173,3.8872724,72.73,FALSE,FALSE,282.72134,2
0.88,0.01,0.05,0.11,0.19999996,5.462371,72.496544,FALSE,FALSE,396.00302,2
0.88,0.01,0.055,0.11,0.181818149,5.462371,72.496544,FALSE,FALSE,396.00302,2
0.88,0.02,0,0.1,2000000,4.80471,73.92707,FALSE,FALSE,355.19812,2
0.88,0.02,0.005,0.1,3.999992,5.040968,74.14654,FALSE,FALSE,373.77032,2
0.88,0.02,0.01,0.1,1.999998,4.2515597,72.96112,FALSE,FALSE,310.19855,2
0.88,0.02,0.015,0.1,1.333332444,4.2515597,72.96112,FALSE,FALSE,310.19855,2
0.88,0.02,0.02,0.1,0.9999995,4.735688,74.66966,FALSE,FALSE,353.61224,2
0.88,0.02,0.025,0.1,0.79999968,4.735688,74.66966,FALSE,FALSE,353.61224,2
0.88,0.02,0.03,0.1,0.666666444,5.1807165,73.77155,FALSE,FALSE,382.1895,2
0.88,0.02,0.035,0.1,0.571428408,5.1807165,73.77155,FALSE,FALSE,382.1895,2
0.88,0.02,0.04,0.1,0.499999875,3.8872724,72.73,FALSE,FALSE,282.72134,2
0.88,0.02,0.045,0.1,0.444444346,3.8872724,72.73,FALSE,FALSE,282.72134,2
0.88,0.02,0.05,0.1,0.39999992,5.462371,72.496544,FALSE,FALSE,396.00302,2
0.88,0.02,0.055,0.1,0.363636298,5.462371,72.496544,FALSE,FALSE,396.00302,2
0.88,0.03,0,0.09,3000000,4.3666964,74.21803,FALSE,FALSE,324.08762,2
0.88,0.03,0.005,0.09,5.999988,5.073976,74.8114,FALSE,FALSE,379.59125,2
0.88,0.03,0.01,0.09,2.999997,4.159223,77.71511,FALSE,FALSE,323.2345,2
0.88,0.03,0.015,0.09,1.999998667,3.7080693,73.27812,FALSE,FALSE,271.72037,2
0.88,0.03,0.02,0.09,1.49999925,4.132378,74.986664,FALSE,FALSE,309.87326,2
0.88,0.03,0.025,0.09,1.19999952,4.132378,74.986664,FALSE,FALSE,309.87326,2
0.88,0.03,0.03,0.09,0.999999667,4.6018896,74.41278,FALSE,FALSE,342.4394,2
0.88,0.03,0.035,0.09,0.857142612,4.6018896,74.41278,FALSE,FALSE,342.4394,2
0.88,0.03,0.04,0.09,0.749999813,3.3084464,73.35527,FALSE,FALSE,242.69199,2
0.88,0.03,0.045,0.09,0.666666519,3.3084464,73.35527,FALSE,FALSE,242.69199,2
0.88,0.03,0.05,0.09,0.59999988,4.853304,73.12957,FALSE,FALSE,354.92,2
0.88,0.03,0.055,0.09,0.545454446,4.853304,73.12957,FALSE,FALSE,354.92,2
0.88,0.04,0,0.08,4000000,4.3666964,74.21803,FALSE,FALSE,324.08762,2
0.88,0.04,0.005,0.08,7.999984,5.073976,74.8114,FALSE,FALSE,379.59125,2
0.88,0.04,0.01,0.08,3.999996,4.3494816,77.135155,FALSE,FALSE,335.49792,2
0.88,0.04,0.015,0.08,2.666664889,4.159223,77.71511,FALSE,FALSE,323.2345,2
0.88,0.04,0.02,0.08,1.999999,4.132378,74.986664,FALSE,FALSE,309.87326,2
0.88,0.04,0.025,0.08,1.59999936,4.132378,74.986664,FALSE,FALSE,309.87326,2
0.88,0.04,0.03,0.08,1.333332889,4.6018896,74.41278,FALSE,FALSE,342.4394,2
0.88,0.04,0.035,0.08,1.142856816,4.6018896,74.41278,FALSE,FALSE,342.4394,2
0.88,0.04,0.04,0.08,0.99999975,3.3084464,73.35527,FALSE,FALSE,242.69199,2
0.88,0.04,0.045,0.08,0.888888691,3.3084464,73.35527,FALSE,FALSE,242.69199,2
0.88,0.04,0.05,0.08,0.79999984,4.853304,73.12957,FALSE,FALSE,354.92,2
0.88,0.04,0.055,0.08,0.727272595,4.853304,73.12957,FALSE,FALSE,354.92,2
0.88,0.05,0,0.07,5000000,3.5272613,69.29791,FALSE,FALSE,244.43184,2
0.88,0.05,0.005,0.07,9.99998,3.977956,69.89128,FALSE,FALSE,278.02444,2
0.88,0.05,0.01,0.07,4.999995,3.2424624,72.20735,FALSE,FALSE,234.12962,2
0.88,0.05,0.015,0.07,3.333331111,3.045651,72.75894,FALSE,FALSE,221.59834,2
0.88,0.05,0.02,0.07,2.49999875,3.4320524,69.85239,FALSE,FALSE,239.73705,2
0.88,0.05,0.025,0.07,1.9999992,3.4077528,69.881355,FALSE,FALSE,238.13838,2
0.88,0.05,0.03,0.07,1.666666111,3.8772652,69.27671,FALSE,FALSE,268.6042,2
0.88,0.05,0.035,0.07,1.42857102,3.8772652,69.27671,FALSE,FALSE,268.6042,2
0.88,0.05,0.04,0.07,1.249999688,2.6841002,68.25074,FALSE,FALSE,183.19182,2
0.88,0.05,0.045,0.07,1.111110864,2.6841002,68.25074,FALSE,FALSE,183.19182,2
0.88,0.05,0.05,0.07,0.9999998,4.2807765,68.02505,FALSE,FALSE,291.2,2
0.88,0.05,0.055,0.07,0.909090744,4.2807765,68.02505,FALSE,FALSE,291.2,2
0.88,0.06,0,0.06,6000000,3.5069013,69.2608,FALSE,FALSE,242.8908,2
0.88,0.06,0.005,0.06,11.999976,3.5069013,69.2608,FALSE,FALSE,242.8908,2
0.88,0.06,0.01,0.06,5.999994,4.0384994,72.289566,FALSE,FALSE,291.94138,2
0.88,0.06,0.015,0.06,3.999997333,3.2221024,71.96298,FALSE,FALSE,231.8721,2
0.88,0.06,0.02,0.06,2.9999985,3.5630915,76.06995,FALSE,FALSE,271.0442,2
0.88,0.06,0.025,0.06,2.39999904,3.4116924,69.234375,FALSE,FALSE,236.20639,2
0.88,0.06,0.03,0.06,1.999999333,3.8569052,68.65868,FALSE,FALSE,264.81003,2
0.88,0.06,0.035,0.06,1.714285224,3.8569052,68.65868,FALSE,FALSE,264.81003,2
0.88,0.06,0.04,0.06,1.499999625,2.6841002,67.75086,FALSE,FALSE,181.8501,2
0.88,0.06,0.045,0.06,1.333333037,2.6841002,67.75086,FALSE,FALSE,181.8501,2
0.88,0.06,0.05,0.06,1.19999976,4.2807765,67.52517,FALSE,FALSE,289.06015,2
0.88,0.06,0.055,0.06,1.090908893,4.2807765,67.52517,FALSE,FALSE,289.06015,2
0.88,0.07,0,0.05,7000000,3.5069013,68.644264,FALSE,FALSE,240.72865,2
0.88,0.07,0.005,0.05,13.999972,3.5069013,68.644264,FALSE,FALSE,240.72865,2
0.88,0.07,0.01,0.05,6.999993,4.0384994,71.79861,FALSE,FALSE,289.95862,2
0.88,0.07,0.015,0.05,4.666663556,3.2221024,71.44889,FALSE,FALSE,230.21564,2
0.88,0.07,0.02,0.05,3.49999825,4.6952677,75.69529,FALSE,FALSE,355.40964,2
0.88,0.07,0.025,0.05,2.79999888,3.714965,76.264885,FALSE,FALSE,283.32138,2
0.88,0.07,0.03,0.05,2.333332556,3.899069,68.40922,FALSE,FALSE,266.73227,2
0.88,0.07,0.035,0.05,1.999999429,3.87477,68.437805,FALSE,FALSE,265.18076,2
0.88,0.07,0.04,0.05,1.749999563,2.7019649,66.623245,FALSE,FALSE,180.01367,2
0.88,0.07,0.045,0.05,1.55555521,2.7019649,66.623245,FALSE,FALSE,180.01367,2
0.88,0.07,0.05,0.05,1.39999972,4.2986417,66.11383,FALSE,FALSE,284.19968,2
0.88,0.07,0.055,0.05,1.272727041,4.2986417,66.11383,FALSE,FALSE,284.19968,2
0.88,0.08,0,0.04,8000000,3.6007679,68.66832,FALSE,FALSE,247.25868,2
0.88,0.08,0.005,0.04,15.999968,3.6007679,68.66832,FALSE,FALSE,247.25868,2
0.88,0.08,0.01,0.04,7.999992,4.2162676,72.032684,FALSE,FALSE,303.70908,2
0.88,0.08,0.015,0.04,5.333329778,4.2162676,72.032684,FALSE,FALSE,303.70908,2
0.88,0.08,0.02,0.04,3.999998,4.873036,75.99738,FALSE,FALSE,370.33798,2
0.88,0.08,0.025,0.04,3.19999872,3.9355986,76.601295,FALSE,FALSE,301.47195,2
0.88,0.08,0.03,0.04,2.666665778,4.4051113,75.521484,FALSE,FALSE,332.68054,2
0.88,0.08,0.035,0.04,2.285713633,4.0211716,69.067,FALSE,FALSE,277.73026,2
0.88,0.08,0.04,0.04,1.9999995,2.7700338,66.85825,FALSE,FALSE,185.19963,2
0.88,0.08,0.045,0.04,1.777777383,2.7700338,66.85825,FALSE,FALSE,185.19963,2
0.88,0.08,0.05,0.04,1.59999968,4.379498,66.33804,FALSE,FALSE,290.5273,2
0.88,0.08,0.055,0.04,1.45454519,4.379498,66.33804,FALSE,FALSE,290.5273,2
0.88,0.09,0,0.03,9000000,3.6007679,68.66832,FALSE,FALSE,247.25868,2
0.88,0.09,0.005,0.03,17.999964,3.6007679,68.66832,FALSE,FALSE,247.25868,2
0.88,0.09,0.01,0.03,8.999991,4.2162676,72.032684,FALSE,FALSE,303.70908,2
0.88,0.09,0.015,0.03,5.999996,4.2162676,72.032684,FALSE,FALSE,303.70908,2
0.88,0.09,0.02,0.03,4.49999775,4.873036,75.99738,FALSE,FALSE,370.33798,2
0.88,0.09,0.025,0.03,3.59999856,4.873036,75.99738,FALSE,FALSE,370.33798,2
0.88,0.09,0.03,0.03,2.999999,4.4051113,75.521484,FALSE,FALSE,332.68054,2
0.88,0.09,0.035,0.03,2.571427837,4.4051113,75.521484,FALSE,FALSE,332.68054,2
0.88,0.09,0.04,0.03,2.249999438,2.7700338,66.88454,FALSE,FALSE,185.27243,2
0.88,0.09,0.045,0.03,1.999999556,2.7700338,66.85825,FALSE,FALSE,185.19963,2
0.88,0.09,0.05,0.03,1.79999964,4.379498,66.33804,FALSE,FALSE,290.5273,2
0.88,0.09,0.055,0.03,1.636363339,4.379498,66.33804,FALSE,FALSE,290.5273,2
0.88,0.1,0,0.02,10000000,4.722308,69.96538,FALSE,FALSE,330.39807,2
0.88,0.1,0.005,0.02,19.99996,4.722308,69.96538,FALSE,FALSE,330.39807,2
0.88,0.1,0.01,0.02,9.99999,5.2940407,72.616844,FALSE,FALSE,384.43652,2
0.88,0.1,0.015,0.02,6.666662222,5.2940407,72.616844,FALSE,FALSE,384.43652,2
0.88,0.1,0.02,0.02,4.9999975,6.328695,76.51032,FALSE,FALSE,484.21048,2
0.88,0.1,0.025,0.02,3.9999984,6.328695,76.51032,FALSE,FALSE,484.21048,2
0.88,0.1,0.03,0.02,3.333332222,5.8320913,75.1342,FALSE,FALSE,438.1895,2
0.88,0.1,0.035,0.02,2.857142041,5.8320913,75.1342,FALSE,FALSE,438.1895,2
0.88,0.1,0.04,0.02,2.499999375,3.3564668,66.28451,FALSE,FALSE,222.48175,2
0.88,0.1,0.045,0.02,2.222221728,3.3564668,66.28451,FALSE,FALSE,222.48175,2
0.88,0.1,0.05,0.02,1.9999996,4.9659305,66.1477,FALSE,FALSE,328.48486,2
0.88,0.1,0.055,0.02,1.818181488,4.9659305,66.1477,FALSE,FALSE,328.48486,2
0.88,0.11,0,0.01,11000000,4.722308,69.96538,FALSE,FALSE,330.39807,2
0.88,0.11,0.005,0.01,21.999956,4.722308,69.96538,FALSE,FALSE,330.39807,2
0.88,0.11,0.01,0.01,10.999989,4.746388,71.71814,FALSE,FALSE,340.4021,2
0.88,0.11,0.015,0.01,7.333328444,5.2940407,72.616844,FALSE,FALSE,384.43652,2
0.88,0.11,0.02,0.01,5.49999725,7.8043604,76.93844,FALSE,FALSE,600.4553,2
0.88,0.11,0.025,0.01,4.39999824,6.328695,76.51032,FALSE,FALSE,484.21048,2
0.88,0.11,0.03,0.01,3.666665444,6.4524064,73.98003,FALSE,FALSE,477.34918,2
0.88,0.11,0.035,0.01,3.142856245,5.8320913,75.1342,FALSE,FALSE,438.1895,2
0.88,0.11,0.04,0.01,2.749999313,4.580954,70.68166,FALSE,FALSE,323.78946,2
0.88,0.11,0.045,0.01,2.444443901,3.3564668,66.28451,FALSE,FALSE,222.48175,2
0.88,0.11,0.05,0.01,2.19999956,4.9659305,65.752945,FALSE,FALSE,326.52457,2
0.88,0.11,0.055,0.01,1.999999636,4.9659305,66.1477,FALSE,FALSE,328.48486,2
0.88,0.12,0,0,12000000,4.722308,69.96538,FALSE,FALSE,330.39807,2
0.88,0.12,0.005,0,23.999952,4.722308,69.96538,FALSE,FALSE,330.39807,2
0.88,0.12,0.01,0,11.999988,4.746388,71.71814,FALSE,FALSE,340.4021,2
0.88,0.12,0.015,0,7.999994667,5.2940407,72.616844,FALSE,FALSE,384.43652,2
0.88,0.12,0.02,0,5.999997,7.8043604,76.93844,FALSE,FALSE,600.4553,2
0.88,0.12,0.025,0,4.79999808,6.328695,76.51032,FALSE,FALSE,484.21048,2
0.88,0.12,0.03,0,3.999998667,6.4524064,73.98003,FALSE,FALSE,477.34918,2
0.88,0.12,0.035,0,3.428570449,6.4524064,73.98003,FALSE,FALSE,477.34918,2
0.88,0.12,0.04,0,2.99999925,4.580954,70.68166,FALSE,FALSE,323.78946,2
0.88,0.12,0.045,0,2.666666074,4.580954,70.68166,FALSE,FALSE,323.78946,2
0.88,0.12,0.05,0,2.39999952,4.9659305,65.752945,FALSE,FALSE,326.52457,2
0.88,0.12,0.055,0,2.181817785,4.9659305,65.752945,FALSE,FALSE,326.52457,2
0.9,0,0,0.1,0,3.6353645,77.546875,FALSE,FALSE,281.91116,2
0.9,0,0.005,0.1,0,3.6353645,77.546875,FALSE,FALSE,281.91116,2
0.9,0,0.01,0.1,0,3.72653,79.05309,FALSE,FALSE,294.59372,2
0.9,0,0.015,0.1,0,3.72653,79.05309,FALSE,FALSE,294.59372,2
0.9,0,0.02,0.1,0,4.1765223,80.04498,FALSE,TRUE,334.30966,2
0.9,0,0.025,0.1,0,4.1765223,80.04498,FALSE,TRUE,334.30966,2
0.9,0,0.03,0.1,0,4.6215506,79.12296,FALSE,TRUE,365.67078,2
0.9,0,0.035,0.1,0,4.6215506,79.12296,FALSE,TRUE,365.67078,2
0.9,0,0.04,0.1,0,3.4565468,78.3722,FALSE,FALSE,270.8972,2
0.9,0,0.045,0.1,0,3.4565468,78.3722,FALSE,FALSE,270.8972,2
0.9,0,0.05,0.1,0,5.1565685,78.14508,FALSE,FALSE,402.96045,2
0.9,0,0.055,0.1,0,5.1565685,78.14508,FALSE,FALSE,402.96045,2
0.9,0.01,0,0.09,1000000,4.252655,79.39501,FALSE,TRUE,337.6396,2
0.9,0.01,0.005,0.09,1.999996,3.091874,77.90558,FALSE,FALSE,240.87422,2
0.9,0.01,0.01,0.09,0.999999,3.1830397,79.412155,FALSE,FALSE,252.77203,2
0.9,0.01,0.015,0.09,0.666666222,3.1830397,79.412155,FALSE,FALSE,252.77203,2
0.9,0.01,0.02,0.09,0.49999975,3.5732124,80.404045,FALSE,TRUE,287.30072,2
0.9,0.01,0.025,0.09,0.39999984,3.5732124,80.404045,FALSE,TRUE,287.30072,2
0.9,0.01,0.03,0.09,0.333333222,4.0427237,79.749374,FALSE,FALSE,322.4047,2
0.9,0.01,0.035,0.09,0.285714204,4.0427237,79.749374,FALSE,FALSE,322.4047,2
0.9,0.01,0.04,0.09,0.249999938,2.8777192,78.98265,FALSE,FALSE,227.28989,2
0.9,0.01,0.045,0.09,0.222222173,2.8777192,78.98265,FALSE,FALSE,227.28989,2
0.9,0.01,0.05,0.09,0.19999996,4.5475006,78.76329,FALSE,FALSE,358.17612,2
0.9,0.01,0.055,0.09,0.181818149,4.5475006,78.76329,FALSE,FALSE,358.17612,2
0.9,0.0125,0,0.0875,1250000,4.252655,79.39501,FALSE,TRUE,337.6396,2
0.9,0.0125,0.005,0.0875,2.499995,3.223454,77.49743,FALSE,FALSE,249.8094,2
0.9,0.0125,0.01,0.0875,1.24999875,3.1830397,79.412155,FALSE,FALSE,252.77203,2
0.9,0.0125,0.015,0.0875,0.833332778,3.1830397,79.412155,FALSE,FALSE,252.77203,2
0.9,0.0125,0.02,0.0875,0.624999688,3.5732124,80.404045,FALSE,TRUE,287.30072,2
0.9,0.0125,0.025,0.0875,0.4999998,3.5732124,80.404045,FALSE,TRUE,287.30072,2
0.9,0.0125,0.03,0.0875,0.416666528,4.0427237,79.749374,FALSE,FALSE,322.4047,2
0.9,0.0125,0.035,0.0875,0.357142755,4.0427237,79.749374,FALSE,FALSE,322.4047,2
0.9,0.0125,0.04,0.0875,0.312499922,2.8777192,78.98265,FALSE,FALSE,227.28989,2
0.9,0.0125,0.045,0.0875,0.277777716,2.8777192,78.98265,FALSE,FALSE,227.28989,2
0.9,0.0125,0.05,0.0875,0.24999995,4.5475006,78.76329,FALSE,FALSE,358.17612,2
0.9,0.0125,0.055,0.0875,0.227272686,4.5475006,78.76329,FALSE,FALSE,358.17612,2
0.9,0.02,0,0.08,2000000,4.252655,79.39501,FALSE,TRUE,337.6396,2
0.9,0.02,0.005,0.08,3.999992,3.9458838,79.76061,FALSE,FALSE,314.7261,2
0.9,0.02,0.01,0.08,1.999998,3.1830397,79.412155,FALSE,FALSE,252.77203,2
0.9,0.02,0.015,0.08,1.333332444,3.1830397,79.412155,FALSE,FALSE,252.77203,2
0.9,0.02,0.02,0.08,0.9999995,3.5732124,80.404045,FALSE,TRUE,287.30072,2
0.9,0.02,0.025,0.08,0.79999968,3.5732124,80.404045,FALSE,TRUE,287.30072,2
0.9,0.02,0.03,0.08,0.666666444,4.0427237,79.749374,FALSE,FALSE,322.4047,2
0.9,0.02,0.035,0.08,0.571428408,4.0427237,79.749374,FALSE,FALSE,322.4047,2
0.9,0.02,0.04,0.08,0.499999875,2.8777192,78.98265,FALSE,FALSE,227.28989,2
0.9,0.02,0.045,0.08,0.444444346,2.8777192,78.98265,FALSE,FALSE,227.28989,2
0.9,0.02,0.05,0.08,0.39999992,4.5475006,78.76329,FALSE,FALSE,358.17612,2
0.9,0.02,0.055,0.08,0.363636298,4.5475006,78.76329,FALSE,FALSE,358.17612,2
0.9,0.025,0,0.075,2500000,4.252655,79.39501,FALSE,TRUE,337.6396,2
0.9,0.025,0.005,0.075,4.99999,3.9458838,79.76061,FALSE,FALSE,314.7261,2
0.9,0.025,0.01,0.075,2.4999975,3.3146198,79.004005,FALSE,FALSE,261.86823,2
0.9,0.025,0.015,0.075,1.666665556,3.1830397,79.412155,FALSE,FALSE,252.77203,2
0.9,0.025,0.02,0.075,1.249999375,3.5732124,80.404045,FALSE,TRUE,287.30072,2
0.9,0.025,0.025,0.075,0.9999996,3.5732124,80.404045,FALSE,TRUE,287.30072,2
0.9,0.025,0.03,0.075,0.833333056,4.0427237,79.749374,FALSE,FALSE,322.4047,2
0.9,0.025,0.035,0.075,0.71428551,4.0427237,79.749374,FALSE,FALSE,322.4047,2
0.9,0.025,0.04,0.075,0.624999844,2.8777192,78.98265,FALSE,FALSE,227.28989,2
0.9,0.025,0.045,0.075,0.555555432,2.8777192,78.98265,FALSE,FALSE,227.28989,2
0.9,0.025,0.05,0.075,0.4999999,4.5475006,78.76329,FALSE,FALSE,358.17612,2
0.9,0.025,0.055,0.075,0.454545372,4.5475006,78.76329,FALSE,FALSE,358.17612,2
0.9,0.03,0,0.07,3000000,3.41322,79.6545,FALSE,FALSE,271.87833,2
0.9,0.03,0.005,0.07,5.999988,3.863915,80.247856,FALSE,TRUE,310.0709,2
0.9,0.03,0.01,0.07,2.999997,2.5206213,81.69871,FALSE,TRUE,205.9315,2
0.9,0.03,0.015,0.07,1.999998667,2.5267363,79.79559,FALSE,FALSE,201.62242,2
0.9,0.03,0.02,0.07,1.49999925,2.8485858,80.78748,FALSE,FALSE,230.13008,2
0.9,0.03,0.025,0.07,1.19999952,2.8485858,80.78748,FALSE,FALSE,230.13008,2
0.9,0.03,0.03,0.07,0.999999667,3.3180985,80.04518,FALSE,FALSE,265.5978,2
0.9,0.03,0.035,0.07,0.857142612,3.3180985,80.04518,FALSE,FALSE,265.5978,2
0.9,0.03,0.04,0.07,0.749999813,2.2533734,79.31,FALSE,FALSE,178.71504,2
0.9,0.03,0.045,0.07,0.666666519,2.2533734,79.31,FALSE,FALSE,178.71504,2
0.9,0.03,0.05,0.07,0.59999988,3.9749727,79.09064,FALSE,FALSE,314.38312,2
0.9,0.03,0.055,0.07,0.545454446,3.9749727,79.09064,FALSE,FALSE,314.38312,2
0.9,0.0375,0,0.0625,3750000,3.39286,79.61738,FALSE,FALSE,270.1306,2
0.9,0.0375,0.005,0.0625,7.499985,3.8435545,80.11021,FALSE,FALSE,307.90796,2
0.9,0.0375,0.01,0.0625,3.74999625,2.90967,81.0976,FALSE,FALSE,235.96727,2
0.9,0.0375,0.015,0.0625,2.499998333,2.5306756,78.76945,FALSE,FALSE,199.33992,2
0.9,0.0375,0.02,0.0625,1.874999063,2.8282259,80.169464,FALSE,FALSE,226.73735,2
0.9,0.0375,0.025,0.0625,1.4999994,2.8282259,80.169464,FALSE,FALSE,226.73735,2
0.9,0.0375,0.03,0.0625,1.249999583,3.2977386,79.42716,FALSE,FALSE,261.93002,2
0.9,0.0375,0.035,0.0625,1.071428265,3.2977386,79.42716,FALSE,FALSE,261.93002,2
0.9,0.0375,0.04,0.0625,0.937499766,2.2533734,78.81013,FALSE,FALSE,177.58864,2
0.9,0.0375,0.045,0.0625,0.833333148,2.2533734,78.81013,FALSE,FALSE,177.58864,2
0.9,0.0375,0.05,0.0625,0.74999985,3.9749727,78.590775,FALSE,FALSE,312.39618,2
0.9,0.0375,0.055,0.0625,0.681818058,3.9749727,78.590775,FALSE,FALSE,312.39618,2
0.9,0.04,0,0.06,4000000,3.39286,79.61738,FALSE,FALSE,270.1306,2
0.9,0.04,0.005,0.06,7.999984,3.8435545,80.11021,FALSE,FALSE,307.90796,2
0.9,0.04,0.01,0.06,3.999996,2.90967,81.0976,FALSE,FALSE,235.96727,2
0.9,0.04,0.015,0.06,2.666664889,2.5002613,81.45435,FALSE,FALSE,203.65717,2
0.9,0.04,0.02,0.06,1.999999,2.8282259,80.169464,FALSE,FALSE,226.73735,2
0.9,0.04,0.025,0.06,1.59999936,2.8282259,80.169464,FALSE,FALSE,226.73735,2
0.9,0.04,0.03,0.06,1.333332889,3.2977386,79.42716,FALSE,FALSE,261.93002,2
0.9,0.04,0.035,0.06,1.142856816,3.2977386,79.42716,FALSE,FALSE,261.93002,2
0.9,0.04,0.04,0.06,0.99999975,2.2533734,78.81013,FALSE,FALSE,177.58864,2
0.9,0.04,0.045,0.06,0.888888691,2.2533734,78.81013,FALSE,FALSE,177.58864,2
0.9,0.04,0.05,0.06,0.79999984,3.9749727,78.590775,FALSE,FALSE,312.39618,2
0.9,0.04,0.055,0.06,0.727272595,3.9749727,78.590775,FALSE,FALSE,312.39618,2
0.9,0.05,0,0.05,5000000,3.39286,74.43778,FALSE,FALSE,252.55698,2
0.9,0.05,0.005,0.05,9.99998,3.8435545,74.930595,FALSE,FALSE,287.99982,2
0.9,0.05,0.01,0.05,4.999995,2.90967,75.910324,FALSE,FALSE,220.87401,2
0.9,0.05,0.015,0.05,3.333331111,2.5002613,76.315216,FALSE,FALSE,190.80798,2
0.9,0.05,0.02,0.05,2.49999875,2.8525252,74.27259,FALSE,FALSE,211.86444,2
0.9,0.05,0.025,0.05,1.9999992,2.8282259,74.68073,FALSE,FALSE,211.21397,2
0.9,0.05,0.03,0.05,1.666666111,3.2977386,73.9953,FALSE,FALSE,244.01715,2
0.9,0.05,0.035,0.05,1.42857102,3.2977386,73.9953,FALSE,FALSE,244.01715,2
0.9,0.05,0.04,0.05,1.249999688,2.2533734,73.378265,FALSE,FALSE,165.34863,2
0.9,0.05,0.045,0.05,1.111110864,2.2533734,73.378265,FALSE,FALSE,165.34863,2
0.9,0.05,0.05,0.05,0.9999998,3.9749727,73.158905,FALSE,FALSE,290.80466,2
0.9,0.05,0.055,0.05,0.909090744,3.9749727,73.158905,FALSE,FALSE,290.80466,2
0.9,0.06,0,0.04,6000000,3.39286,74.43778,FALSE,FALSE,252.55698,2
0.9,0.06,0.005,0.04,11.999976,3.39286,74.43778,FALSE,FALSE,252.55698,2
0.9,0.06,0.01,0.04,5.999994,3.9237223,76.13809,FALSE,FALSE,298.74472,2
0.9,0.06,0.015,0.04,3.999997333,2.90967,75.910324,FALSE,FALSE,220.87401,2
0.9,0.06,0.02,0.04,2.9999985,2.8683834,78.52662,FALSE,FALSE,225.24445,2
0.9,0.06,0.025,0.04,2.39999904,2.8525252,74.27259,FALSE,FALSE,211.86444,2
0.9,0.06,0.03,0.04,1.999999333,3.2977386,73.9953,FALSE,FALSE,244.01715,2
0.9,0.06,0.035,0.04,1.714285224,3.2977386,73.9953,FALSE,FALSE,244.01715,2
0.9,0.06,0.04,0.04,1.499999625,2.2533734,73.378265,FALSE,FALSE,165.34863,2
0.9,0.06,0.045,0.04,1.333333037,2.2533734,73.378265,FALSE,FALSE,165.34863,2
0.9,0.06,0.05,0.04,1.19999976,3.9749727,73.158905,FALSE,FALSE,290.80466,2
0.9,0.06,0.055,0.04,1.090908893,3.9749727,73.158905,FALSE,FALSE,290.80466,2
0.9,0.0625,0,0.0375,6250000,3.39286,74.43778,FALSE,FALSE,252.55698,2
0.9,0.0625,0.005,0.0375,12.499975,3.39286,74.43778,FALSE,FALSE,252.55698,2
0.9,0.0625,0.01,0.0375,6.24999375,3.9237223,76.13809,FALSE,FALSE,298.74472,2
0.9,0.0625,0.015,0.0375,4.166663889,2.90967,75.910324,FALSE,FALSE,220.87401,2
0.9,0.0625,0.02,0.0375,3.124998438,2.8683834,78.52662,FALSE,FALSE,225.24445,2
0.9,0.0625,0.025,0.0375,2.499999,2.8525252,74.27259,FALSE,FALSE,211.86444,2
0.9,0.0625,0.03,0.0375,2.083332639,3.3220382,73.58715,FALSE,FALSE,244.45932,2
0.9,0.0625,0.035,0.0375,1.785713776,3.2977386,73.9953,FALSE,FALSE,244.01715,2
0.9,0.0625,0.04,0.0375,1.562499609,2.2533734,73.378265,FALSE,FALSE,165.34863,2
0.9,0.0625,0.045,0.0375,1.38888858,2.2533734,73.378265,FALSE,FALSE,165.34863,2
0.9,0.0625,0.05,0.0375,1.24999975,3.9749727,73.158905,FALSE,FALSE,290.80466,2
0.9,0.0625,0.055,0.0375,1.13636343,3.9749727,73.158905,FALSE,FALSE,290.80466,2
0.9,0.07,0,0.03,7000000,3.39286,73.82124,FALSE,FALSE,250.46513,2
0.9,0.07,0.005,0.03,13.999972,3.39286,73.82124,FALSE,FALSE,250.46513,2
0.9,0.07,0.01,0.03,6.999993,3.9237223,75.64712,FALSE,FALSE,296.81827,2
0.9,0.07,0.015,0.03,4.666663556,2.90967,75.39623,FALSE,FALSE,219.37816,2
0.9,0.07,0.02,0.03,3.49999825,4.2131586,78.3524,FALSE,FALSE,330.11108,2
0.9,0.07,0.025,0.03,2.79999888,3.020257,78.72154,FALSE,FALSE,237.7593,2
0.9,0.07,0.03,0.03,2.333332556,3.3399034,73.36664,FALSE,FALSE,245.03748,2
0.9,0.07,0.035,0.03,1.999999429,3.3156037,73.77439,FALSE,FALSE,244.60664,2
0.9,0.07,0.04,0.03,1.749999563,2.2712386,72.25063,FALSE,FALSE,164.09842,2
0.9,0.07,0.045,0.03,1.55555521,2.2712386,72.25063,FALSE,FALSE,164.09842,2
0.9,0.07,0.05,0.03,1.39999972,3.9928386,71.74755,FALSE,FALSE,286.47638,2
0.9,0.07,0.055,0.03,1.272727041,3.9928386,71.74755,FALSE,FALSE,286.47638,2
0.9,0.075,0,0.025,7500000,3.4867265,73.60389,FALSE,FALSE,256.63663,2
0.9,0.075,0.005,0.025,14.99997,3.4867265,73.60389,FALSE,FALSE,256.63663,2
0.9,0.075,0.01,0.025,7.4999925,4.101491,75.639786,FALSE,FALSE,310.2359,2
0.9,0.075,0.015,0.025,4.999996667,3.087438,75.388885,FALSE,FALSE,232.75851,2
0.9,0.075,0.02,0.025,3.749998125,4.390926,78.4131,FALSE,FALSE,344.30612,2
0.9,0.075,0.025,0.025,2.9999988,3.240891,78.81653,FALSE,FALSE,255.43578,2
0.9,0.075,0.03,0.025,2.499999167,3.462006,73.82818,FALSE,FALSE,255.5936,2
0.9,0.075,0.035,0.025,2.142856531,3.462006,73.82818,FALSE,FALSE,255.5936,2
0.9,0.075,0.04,0.025,1.874999531,2.3393068,72.2894,FALSE,FALSE,169.10709,2
0.9,0.075,0.045,0.025,1.666666296,2.3393068,72.2894,FALSE,FALSE,169.10709,2
0.9,0.075,0.05,0.025,1.4999997,4.0736947,71.775536,FALSE,FALSE,292.39163,2
0.9,0.075,0.055,0.025,1.363636116,4.0736947,71.775536,FALSE,FALSE,292.39163,2
0.9,0.08,0,0.02,8000000,3.4867265,73.60389,FALSE,FALSE,256.63663,2
0.9,0.08,0.005,0.02,15.999968,3.4867265,73.60389,FALSE,FALSE,256.63663,2
0.9,0.08,0.01,0.02,7.999992,4.101491,75.639786,FALSE,FALSE,310.2359,2
0.9,0.08,0.015,0.02,5.333329778,4.101491,75.639786,FALSE,FALSE,310.2359,2
0.9,0.08,0.02,0.02,3.999998,4.390926,78.4131,FALSE,FALSE,344.30612,2
0.9,0.08,0.025,0.02,3.19999872,3.240891,78.81653,FALSE,FALSE,255.43578,2
0.9,0.08,0.03,0.02,2.666665778,3.710404,77.7011,FALSE,FALSE,288.3025,2
0.9,0.08,0.035,0.02,2.285713633,3.462006,73.82818,FALSE,FALSE,255.5936,2
0.9,0.08,0.04,0.02,1.9999995,2.3393068,72.2894,FALSE,FALSE,169.10709,2
0.9,0.08,0.045,0.02,1.777777383,2.3393068,72.2894,FALSE,FALSE,169.10709,2
0.9,0.08,0.05,0.02,1.59999968,4.0736947,71.775536,FALSE,FALSE,292.39163,2
0.9,0.08,0.055,0.02,1.45454519,4.0736947,71.775536,FALSE,FALSE,292.39163,2
0.9,0.0875,0,0.0125,8750000,3.4867265,73.60389,FALSE,FALSE,256.63663,2
0.9,0.0875,0.005,0.0125,17.499965,3.4867265,73.60389,FALSE,FALSE,256.63663,2
0.9,0.0875,0.01,0.0125,8.74999125,4.101491,75.639786,FALSE,FALSE,310.2359,2
0.9,0.0875,0.015,0.0125,5.833329444,4.101491,75.639786,FALSE,FALSE,310.2359,2
0.9,0.0875,0.02,0.0125,4.374997813,4.390926,78.4131,FALSE,FALSE,344.30612,2
0.9,0.0875,0.025,0.0125,3.4999986,4.390926,78.4131,FALSE,FALSE,344.30612,2
0.9,0.0875,0.03,0.0125,2.916665694,3.710404,77.7011,FALSE,FALSE,288.3025,2
0.9,0.0875,0.035,0.0125,2.499999286,3.462006,73.82818,FALSE,FALSE,255.5936,2
0.9,0.0875,0.04,0.0125,2.187499453,2.3393068,71.9365,FALSE,FALSE,168.28154,2
0.9,0.0875,0.045,0.0125,1.944444012,2.3393068,72.2894,FALSE,FALSE,169.10709,2
0.9,0.0875,0.05,0.0125,1.74999965,4.0736947,71.775536,FALSE,FALSE,292.39163,2
0.9,0.0875,0.055,0.0125,1.590908802,4.0736947,71.775536,FALSE,FALSE,292.39163,2
0.9,0.09,0,0.01,9000000,3.4867265,73.60389,FALSE,FALSE,256.63663,2
0.9,0.09,0.005,0.01,17.999964,3.4867265,73.60389,FALSE,FALSE,256.63663,2
0.9,0.09,0.01,0.01,8.999991,4.101491,75.639786,FALSE,FALSE,310.2359,2
0.9,0.09,0.015,0.01,5.999996,4.101491,75.639786,FALSE,FALSE,310.2359,2
0.9,0.09,0.02,0.01,4.49999775,4.390926,78.4131,FALSE,FALSE,344.30612,2
0.9,0.09,0.025,0.01,3.59999856,4.390926,78.4131,FALSE,FALSE,344.30612,2
0.9,0.09,0.03,0.01,2.999999,3.710404,77.7011,FALSE,FALSE,288.3025,2
0.9,0.09,0.035,0.01,2.571427837,3.710404,77.7011,FALSE,FALSE,288.3025,2
0.9,0.09,0.04,0.01,2.249999438,2.3393068,71.9365,FALSE,FALSE,168.28154,2
0.9,0.09,0.045,0.01,1.999999556,2.3393068,72.2894,FALSE,FALSE,169.10709,2
0.9,0.09,0.05,0.01,1.79999964,4.0736947,71.775536,FALSE,FALSE,292.39163,2
0.9,0.09,0.055,0.01,1.636363339,4.0736947,71.775536,FALSE,FALSE,292.39163,2
0.9,0.1,0,0,10000000,4.608267,74.514145,FALSE,FALSE,343.38107,2
0.9,0.1,0.005,0,19.99996,4.608267,74.514145,FALSE,FALSE,343.38107,2
0.9,0.1,0.01,0,9.99999,5.179264,75.85167,FALSE,FALSE,392.85583,2
0.9,0.1,0.015,0,6.666662222,5.179264,75.85167,FALSE,FALSE,392.85583,2
0.9,0.1,0.02,0,4.9999975,5.878878,78.6375,FALSE,TRUE,462.30026,2
0.9,0.1,0.025,0,3.9999984,5.878878,78.6375,FALSE,TRUE,462.30026,2
0.9,0.1,0.03,0,3.333332222,5.1696763,77.18812,FALSE,FALSE,399.0376,2
0.9,0.1,0.035,0,2.857142041,5.1696763,77.18812,FALSE,FALSE,399.0376,2
0.9,0.1,0.04,0,2.499999375,2.9580321,71.082504,FALSE,FALSE,210.26433,2
0.9,0.1,0.045,0,2.222221728,2.9580321,71.082504,FALSE,FALSE,210.26433,2
0.9,0.1,0.05,0,1.9999996,4.6924205,71.21393,FALSE,FALSE,334.1657,2
0.9,0.1,0.055,0,1.818181488,4.6924205,71.21393,FALSE,FALSE,334.1657,2
0.92,0,0,0.08,0,3.091874,77.90558,FALSE,FALSE,240.87422,2
0.92,0,0.005,0.08,0,3.091874,77.90558,FALSE,FALSE,240.87422,2
0.92,0,0.01,0.08,0,3.1830397,79.412155,FALSE,FALSE,252.77203,2
0.92,0,0.015,0.08,0,3.1830397,79.412155,FALSE,FALSE,252.77203,2
0.92,0,0.02,0.08,0,3.5732124,80.404045,FALSE,TRUE,287.30072,2
0.92,0,0.025,0.08,0,3.5732124,80.404045,FALSE,TRUE,287.30072,2
0.92,0,0.03,0.08,0,4.0427237,79.749374,FALSE,FALSE,322.4047,2
0.92,0,0.035,0.08,0,4.0427237,79.749374,FALSE,FALSE,322.4047,2
0.92,0,0.04,0.08,0,2.8777192,78.98265,FALSE,FALSE,227.28989,2
0.92,0,0.045,0.08,0,2.8777192,78.98265,FALSE,FALSE,227.28989,2
0.92,0,0.05,0.08,0,4.5475006,78.76329,FALSE,FALSE,358.17612,2
0.92,0,0.055,0.08,0,4.5475006,78.76329,FALSE,FALSE,358.17612,2
0.92,0.01,0,0.07,1000000,3.41322,79.6545,FALSE,FALSE,271.87833,2
0.92,0.01,0.005,0.07,1.999996,2.4465687,78.381256,FALSE,FALSE,191.76514,2
0.92,0.01,0.01,0.07,0.999999,2.5267363,79.79559,FALSE,FALSE,201.62242,2
0.92,0.01,0.015,0.07,0.666666222,2.5267363,79.79559,FALSE,FALSE,201.62242,2
0.92,0.01,0.02,0.07,0.49999975,2.8485858,80.78748,FALSE,FALSE,230.13008,2
0.92,0.01,0.025,0.07,0.39999984,2.8485858,80.78748,FALSE,FALSE,230.13008,2
0.92,0.01,0.03,0.07,0.333333222,3.3180985,80.04518,FALSE,FALSE,265.5978,2
0.92,0.01,0.035,0.07,0.285714204,3.3180985,80.04518,FALSE,FALSE,265.5978,2
0.92,0.01,0.04,0.07,0.249999938,2.2533734,79.31,FALSE,FALSE,178.71504,2
0.92,0.01,0.045,0.07,0.222222173,2.2533734,79.31,FALSE,FALSE,178.71504,2
0.92,0.01,0.05,0.07,0.19999996,3.9749727,79.09064,FALSE,FALSE,314.38312,2
0.92,0.01,0.055,0.07,0.181818149,3.9749727,79.09064,FALSE,FALSE,314.38312,2
0.92,0.0175,0,0.0625,1750000,3.39286,79.61738,FALSE,FALSE,270.1306,2
0.92,0.0175,0.005,0.0625,3.499993,2.8295023,79.88244,FALSE,FALSE,226.02754,2
0.92,0.0175,0.01,0.0625,1.74999825,2.5063763,79.177574,FALSE,FALSE,198.44879,2
0.92,0.0175,0.015,0.0625,1.166665889,2.5063763,79.177574,FALSE,FALSE,198.44879,2
0.92,0.0175,0.02,0.0625,0.874999563,2.8282259,80.169464,FALSE,FALSE,226.73735,2
0.92,0.0175,0.025,0.0625,0.69999972,2.8282259,80.169464,FALSE,FALSE,226.73735,2
0.92,0.0175,0.03,0.0625,0.583333139,3.2977386,79.42716,FALSE,FALSE,261.93002,2
0.92,0.0175,0.035,0.0625,0.499999857,3.2977386,79.42716,FALSE,FALSE,261.93002,2
0.92,0.0175,0.04,0.0625,0.437499891,2.2533734,78.81013,FALSE,FALSE,177.58864,2
0.92,0.0175,0.045,0.0625,0.388888802,2.2533734,78.81013,FALSE,FALSE,177.58864,2
0.92,0.0175,0.05,0.0625,0.34999993,3.9749727,78.590775,FALSE,FALSE,312.39618,2
0.92,0.0175,0.055,0.0625,0.31818176,3.9749727,78.590775,FALSE,FALSE,312.39618,2
0.92,0.02,0,0.06,2000000,3.39286,79.61738,FALSE,FALSE,270.1306,2
0.92,0.02,0.005,0.06,3.999992,2.8295023,79.88244,FALSE,FALSE,226.02754,2
0.92,0.02,0.01,0.06,1.999998,2.5063763,79.177574,FALSE,FALSE,198.44879,2
0.92,0.02,0.015,0.06,1.333332444,2.5063763,79.177574,FALSE,FALSE,198.44879,2
0.92,0.02,0.02,0.06,0.9999995,2.8282259,80.169464,FALSE,FALSE,226.73735,2
0.92,0.02,0.025,0.06,0.79999968,2.8282259,80.169464,FALSE,FALSE,226.73735,2
0.92,0.02,0.03,0.06,0.666666444,3.2977386,79.42716,FALSE,FALSE,261.93002,2
0.92,0.02,0.035,0.06,0.571428408,3.2977386,79.42716,FALSE,FALSE,261.93002,2
0.92,0.02,0.04,0.06,0.499999875,2.2533734,78.81013,FALSE,FALSE,177.58864,2
0.92,0.02,0.045,0.06,0.444444346,2.2533734,78.81013,FALSE,FALSE,177.58864,2
0.92,0.02,0.05,0.06,0.39999992,3.9749727,78.590775,FALSE,FALSE,312.39618,2
0.92,0.02,0.055,0.06,0.363636298,3.9749727,78.590775,FALSE,FALSE,312.39618,2
0.92,0.03,0,0.05,3000000,3.39286,79.61738,FALSE,FALSE,270.1306,2
0.92,0.03,0.005,0.05,5.999988,3.8435545,80.11021,FALSE,FALSE,307.90796,2
0.92,0.03,0.01,0.05,2.999997,2.5002613,81.45435,FALSE,FALSE,203.65717,2
0.92,0.03,0.015,0.05,1.999998667,2.5063763,79.177574,FALSE,FALSE,198.44879,2
0.92,0.03,0.02,0.05,1.49999925,2.8282259,80.169464,FALSE,FALSE,226.73735,2
0.92,0.03,0.025,0.05,1.19999952,2.8282259,80.169464,FALSE,FALSE,226.73735,2
0.92,0.03,0.03,0.05,0.999999667,3.2977386,79.42716,FALSE,FALSE,261.93002,2
0.92,0.03,0.035,0.05,0.857142612,3.2977386,79.42716,FALSE,FALSE,261.93002,2
0.92,0.03,0.04,0.05,0.749999813,2.2533734,78.81013,FALSE,FALSE,177.58864,2
0.92,0.03,0.045,0.05,0.666666519,2.2533734,78.81013,FALSE,FALSE,177.58864,2
0.92,0.03,0.05,0.05,0.59999988,3.9749727,78.590775,FALSE,FALSE,312.39618,2
0.92,0.03,0.055,0.05,0.545454446,3.9749727,78.590775,FALSE,FALSE,312.39618,2
0.92,0.04,0,0.04,4000000,3.39286,79.61738,FALSE,FALSE,270.1306,2
0.92,0.04,0.005,0.04,7.999984,3.8435545,80.11021,FALSE,FALSE,307.90796,2
0.92,0.04,0.01,0.04,3.999996,2.90967,81.0976,FALSE,FALSE,235.96727,2
0.92,0.04,0.015,0.04,2.666664889,2.5002613,81.45435,FALSE,FALSE,203.65717,2
0.92,0.04,0.02,0.04,1.999999,2.8282259,80.169464,FALSE,FALSE,226.73735,2
0.92,0.04,0.025,0.04,1.59999936,2.8282259,80.169464,FALSE,FALSE,226.73735,2
0.92,0.04,0.03,0.04,1.333332889,3.2977386,79.42716,FALSE,FALSE,261.93002,2
0.92,0.04,0.035,0.04,1.142856816,3.2977386,79.42716,FALSE,FALSE,261.93002,2
0.92,0.04,0.04,0.04,0.99999975,2.2533734,78.81013,FALSE,FALSE,177.58864,2
0.92,0.04,0.045,0.04,0.888888691,2.2533734,78.81013,FALSE,FALSE,177.58864,2
0.92,0.04,0.05,0.04,0.79999984,3.9749727,78.590775,FALSE,FALSE,312.39618,2
0.92,0.04,0.055,0.04,0.727272595,3.9749727,78.590775,FALSE,FALSE,312.39618,2
0.92,0.05,0,0.03,5000000,3.39286,74.43778,FALSE,FALSE,252.55698,2
0.92,0.05,0.005,0.03,9.99998,3.8435545,74.930595,FALSE,FALSE,287.99982,2
0.92,0.05,0.01,0.03,4.999995,2.90967,75.910324,FALSE,FALSE,220.87401,2
0.92,0.05,0.015,0.03,3.333331111,2.5002613,76.315216,FALSE,FALSE,190.80798,2
0.92,0.05,0.02,0.03,2.49999875,2.8525252,74.27259,FALSE,FALSE,211.86444,2
0.92,0.05,0.025,0.03,1.9999992,2.8282259,74.68073,FALSE,FALSE,211.21397,2
0.92,0.05,0.03,0.03,1.666666111,3.2977386,73.9953,FALSE,FALSE,244.01715,2
0.92,0.05,0.035,0.03,1.42857102,3.2977386,73.9953,FALSE,FALSE,244.01715,2
0.92,0.05,0.04,0.03,1.249999688,2.2533734,73.378265,FALSE,FALSE,165.34863,2
0.92,0.05,0.045,0.03,1.111110864,2.2533734,73.378265,FALSE,FALSE,165.34863,2
0.92,0.05,0.05,0.03,0.9999998,3.9749727,73.158905,FALSE,FALSE,290.80466,2
0.92,0.05,0.055,0.03,0.909090744,3.9749727,73.158905,FALSE,FALSE,290.80466,2
0.92,0.06,0,0.02,6000000,3.39286,74.43778,FALSE,FALSE,252.55698,2
0.92,0.06,0.005,0.02,11.999976,3.39286,74.43778,FALSE,FALSE,252.55698,2
0.92,0.06,0.01,0.02,5.999994,3.9237223,76.13809,FALSE,FALSE,298.74472,2
0.92,0.06,0.015,0.02,3.999997333,2.90967,75.910324,FALSE,FALSE,220.87401,2
0.92,0.06,0.02,0.02,2.9999985,2.8683834,78.52662,FALSE,FALSE,225.24445,2
0.92,0.06,0.025,0.02,2.39999904,2.8525252,74.27259,FALSE,FALSE,211.86444,2
0.92,0.06,0.03,0.02,1.999999333,3.2977386,73.9953,FALSE,FALSE,244.01715,2
0.92,0.06,0.035,0.02,1.714285224,3.2977386,73.9953,FALSE,FALSE,244.01715,2
0.92,0.06,0.04,0.02,1.499999625,2.2533734,73.378265,FALSE,FALSE,165.34863,2
0.92,0.06,0.045,0.02,1.333333037,2.2533734,73.378265,FALSE,FALSE,165.34863,2
0.92,0.06,0.05,0.02,1.19999976,3.9749727,73.158905,FALSE,FALSE,290.80466,2
0.92,0.06,0.055,0.02,1.090908893,3.9749727,73.158905,FALSE,FALSE,290.80466,2
0.92,0.0625,0,0.0175,6250000,3.39286,74.43778,FALSE,FALSE,252.55698,2
0.92,0.0625,0.005,0.0175,12.499975,3.39286,74.43778,FALSE,FALSE,252.55698,2
0.92,0.0625,0.01,0.0175,6.24999375,3.9237223,76.13809,FALSE,FALSE,298.74472,2
0.92,0.0625,0.015,0.0175,4.166663889,2.90967,75.910324,FALSE,FALSE,220.87401,2
0.92,0.0625,0.02,0.0175,3.124998438,2.8683834,78.52662,FALSE,FALSE,225.24445,2
0.92,0.0625,0.025,0.0175,2.499999,2.8525252,74.27259,FALSE,FALSE,211.86444,2
0.92,0.0625,0.03,0.0175,2.083332639,3.3220382,73.58715,FALSE,FALSE,244.45932,2
0.92,0.0625,0.035,0.0175,1.785713776,3.2977386,73.9953,FALSE,FALSE,244.01715,2
0.92,0.0625,0.04,0.0175,1.562499609,2.2533734,73.378265,FALSE,FALSE,165.34863,2
0.92,0.0625,0.045,0.0175,1.38888858,2.2533734,73.378265,FALSE,FALSE,165.34863,2
0.92,0.0625,0.05,0.0175,1.24999975,3.9749727,73.158905,FALSE,FALSE,290.80466,2
0.92,0.0625,0.055,0.0175,1.13636343,3.9749727,73.158905,FALSE,FALSE,290.80466,2
0.92,0.07,0,0.01,7000000,3.39286,73.82124,FALSE,FALSE,250.46513,2
0.92,0.07,0.005,0.01,13.999972,3.39286,73.82124,FALSE,FALSE,250.46513,2
0.92,0.07,0.01,0.01,6.999993,3.9237223,75.64712,FALSE,FALSE,296.81827,2
0.92,0.07,0.015,0.01,4.666663556,2.90967,75.39623,FALSE,FALSE,219.37816,2
0.92,0.07,0.02,0.01,3.49999825,4.2131586,78.3524,FALSE,FALSE,330.11108,2
0.92,0.07,0.025,0.01,2.79999888,3.020257,78.72154,FALSE,FALSE,237.7593,2
0.92,0.07,0.03,0.01,2.333332556,3.3399034,73.36664,FALSE,FALSE,245.03748,2
0.92,0.07,0.035,0.01,1.999999429,3.3156037,73.77439,FALSE,FALSE,244.60664,2
0.92,0.07,0.04,0.01,1.749999563,2.2712386,72.25063,FALSE,FALSE,164.09842,2
0.92,0.07,0.045,0.01,1.55555521,2.2712386,72.25063,FALSE,FALSE,164.09842,2
0.92,0.07,0.05,0.01,1.39999972,3.9928386,71.74755,FALSE,FALSE,286.47638,2
0.92,0.07,0.055,0.01,1.272727041,3.9928386,71.74755,FALSE,FALSE,286.47638,2
0.92,0.08,0,0,8000000,3.4867265,73.60389,FALSE,FALSE,256.63663,2
0.92,0.08,0.005,0,15.999968,3.4867265,73.60389,FALSE,FALSE,256.63663,2
0.92,0.08,0.01,0,7.999992,4.101491,75.639786,FALSE,FALSE,310.2359,2
0.92,0.08,0.015,0,5.333329778,4.101491,75.639786,FALSE,FALSE,310.2359,2
0.92,0.08,0.02,0,3.999998,4.390926,78.4131,FALSE,FALSE,344.30612,2
0.92,0.08,0.025,0,3.19999872,3.240891,78.81653,FALSE,FALSE,255.43578,2
0.92,0.08,0.03,0,2.666665778,3.710404,77.7011,FALSE,FALSE,288.3025,2
0.92,0.08,0.035,0,2.285713633,3.462006,73.82818,FALSE,FALSE,255.5936,2
0.92,0.08,0.04,0,1.9999995,2.3393068,72.2894,FALSE,FALSE,169.10709,2
0.92,0.08,0.045,0,1.777777383,2.3393068,72.2894,FALSE,FALSE,169.10709,2
0.92,0.08,0.05,0,1.59999968,4.0736947,71.775536,FALSE,FALSE,292.39163,2
0.92,0.08,0.055,0,1.45454519,4.0736947,71.775536,FALSE,FALSE,292.39163,2
0.94,0,0,0.06,0,2.4262087,77.86994,FALSE,FALSE,188.92873,2
0.94,0,0.005,0.06,0,2.4262087,77.86994,FALSE,FALSE,188.92873,2
0.94,0,0.01,0.06,0,2.5063763,79.177574,FALSE,FALSE,198.44879,2
0.94,0,0.015,0.06,0,2.5063763,79.177574,FALSE,FALSE,198.44879,2
0.94,0,0.02,0.06,0,2.8282259,80.169464,FALSE,FALSE,226.73735,2
0.94,0,0.025,0.06,0,2.8282259,80.169464,FALSE,FALSE,226.73735,2
0.94,0,0.03,0.06,0,3.2977386,79.42716,FALSE,FALSE,261.93002,2
0.94,0,0.035,0.06,0,3.2977386,79.42716,FALSE,FALSE,261.93002,2
0.94,0,0.04,0.06,0,2.2533734,78.81013,FALSE,FALSE,177.58864,2
0.94,0,0.045,0.06,0,2.2533734,78.81013,FALSE,FALSE,177.58864,2
0.94,0,0.05,0.06,0,3.9749727,78.590775,FALSE,FALSE,312.39618,2
0.94,0,0.055,0.06,0,3.9749727,78.590775,FALSE,FALSE,312.39618,2
0.94,0.01,0,0.05,1000000,3.39286,79.61738,FALSE,FALSE,270.1306,2
0.94,0.01,0.005,0.05,1.999996,2.4262087,77.86994,FALSE,FALSE,188.92873,2
0.94,0.01,0.01,0.05,0.999999,2.5063763,79.177574,FALSE,FALSE,198.44879,2
0.94,0.01,0.015,0.05,0.666666222,2.5063763,79.177574,FALSE,FALSE,198.44879,2
0.94,0.01,0.02,0.05,0.49999975,2.8282259,80.169464,FALSE,FALSE,226.73735,2
0.94,0.01,0.025,0.05,0.39999984,2.8282259,80.169464,FALSE,FALSE,226.73735,2
0.94,0.01,0.03,0.05,0.333333222,3.2977386,79.42716,FALSE,FALSE,261.93002,2
0.94,0.01,0.035,0.05,0.285714204,3.2977386,79.42716,FALSE,FALSE,261.93002,2
0.94,0.01,0.04,0.05,0.249999938,2.2533734,78.81013,FALSE,FALSE,177.58864,2
0.94,0.01,0.045,0.05,0.222222173,2.2533734,78.81013,FALSE,FALSE,177.58864,2
0.94,0.01,0.05,0.05,0.19999996,3.9749727,78.590775,FALSE,FALSE,312.39618,2
0.94,0.01,0.055,0.05,0.181818149,3.9749727,78.590775,FALSE,FALSE,312.39618,2
0.94,0.02,0,0.04,2000000,3.39286,79.61738,FALSE,FALSE,270.1306,2
0.94,0.02,0.005,0.04,3.999992,2.8295023,79.88244,FALSE,FALSE,226.02754,2
0.94,0.02,0.01,0.04,1.999998,2.5063763,79.177574,FALSE,FALSE,198.44879,2
0.94,0.02,0.015,0.04,1.333332444,2.5063763,79.177574,FALSE,FALSE,198.44879,2
0.94,0.02,0.02,0.04,0.9999995,2.8282259,80.169464,FALSE,FALSE,226.73735,2
0.94,0.02,0.025,0.04,0.79999968,2.8282259,80.169464,FALSE,FALSE,226.73735,2
0.94,0.02,0.03,0.04,0.666666444,3.2977386,79.42716,FALSE,FALSE,261.93002,2
0.94,0.02,0.035,0.04,0.571428408,3.2977386,79.42716,FALSE,FALSE,261.93002,2
0.94,0.02,0.04,0.04,0.499999875,2.2533734,78.81013,FALSE,FALSE,177.58864,2
0.94,0.02,0.045,0.04,0.444444346,2.2533734,78.81013,FALSE,FALSE,177.58864,2
0.94,0.02,0.05,0.04,0.39999992,3.9749727,78.590775,FALSE,FALSE,312.39618,2
0.94,0.02,0.055,0.04,0.363636298,3.9749727,78.590775,FALSE,FALSE,312.39618,2
0.94,0.0225,0,0.0375,2250000,3.39286,79.61738,FALSE,FALSE,270.1306,2
0.94,0.0225,0.005,0.0375,4.499991,2.8295023,79.88244,FALSE,FALSE,226.02754,2
0.94,0.0225,0.01,0.0375,2.24999775,2.5306756,78.76945,FALSE,FALSE,199.33992,2
0.94,0.0225,0.015,0.0375,1.499999,2.5063763,79.177574,FALSE,FALSE,198.44879,2
0.94,0.0225,0.02,0.0375,1.124999438,2.8282259,80.169464,FALSE,FALSE,226.73735,2
0.94,0.0225,0.025,0.0375,0.89999964,2.8282259,80.169464,FALSE,FALSE,226.73735,2
0.94,0.0225,0.03,0.0375,0.74999975,3.2977386,79.42716,FALSE,FALSE,261.93002,2
0.94,0.0225,0.035,0.0375,0.642856959,3.2977386,79.42716,FALSE,FALSE,261.93002,2
0.94,0.0225,0.04,0.0375,0.562499859,2.2533734,78.81013,FALSE,FALSE,177.58864,2
0.94,0.0225,0.045,0.0375,0.499999889,2.2533734,78.81013,FALSE,FALSE,177.58864,2
0.94,0.0225,0.05,0.0375,0.44999991,3.9749727,78.590775,FALSE,FALSE,312.39618,2
0.94,0.0225,0.055,0.0375,0.409090835,3.9749727,78.590775,FALSE,FALSE,312.39618,2
0.94,0.03,0,0.03,3000000,3.39286,79.61738,FALSE,FALSE,270.1306,2
0.94,0.03,0.005,0.03,5.999988,3.8435545,80.11021,FALSE,FALSE,307.90796,2
0.94,0.03,0.01,0.03,2.999997,2.5002613,81.45435,FALSE,FALSE,203.65717,2
0.94,0.03,0.015,0.03,1.999998667,2.5063763,79.177574,FALSE,FALSE,198.44879,2
0.94,0.03,0.02,0.03,1.49999925,2.8282259,80.169464,FALSE,FALSE,226.73735,2
0.94,0.03,0.025,0.03,1.19999952,2.8282259,80.169464,FALSE,FALSE,226.73735,2
0.94,0.03,0.03,0.03,0.999999667,3.2977386,79.42716,FALSE,FALSE,261.93002,2
0.94,0.03,0.035,0.03,0.857142612,3.2977386,79.42716,FALSE,FALSE,261.93002,2
0.94,0.03,0.04,0.03,0.749999813,2.2533734,78.81013,FALSE,FALSE,177.58864,2
0.94,0.03,0.045,0.03,0.666666519,2.2533734,78.81013,FALSE,FALSE,177.58864,2
0.94,0.03,0.05,0.03,0.59999988,3.9749727,78.590775,FALSE,FALSE,312.39618,2
0.94,0.03,0.055,0.03,0.545454446,3.9749727,78.590775,FALSE,FALSE,312.39618,2
0.94,0.0375,0,0.0225,3750000,3.39286,79.61738,FALSE,FALSE,270.1306,2
0.94,0.0375,0.005,0.0225,7.499985,3.8435545,80.11021,FALSE,FALSE,307.90796,2
0.94,0.0375,0.01,0.0225,3.74999625,2.90967,81.0976,FALSE,FALSE,235.96727,2
0.94,0.0375,0.015,0.0225,2.499998333,2.5306756,78.76945,FALSE,FALSE,199.33992,2
0.94,0.0375,0.02,0.0225,1.874999063,2.8282259,80.169464,FALSE,FALSE,226.73735,2
0.94,0.0375,0.025,0.0225,1.4999994,2.8282259,80.169464,FALSE,FALSE,226.73735,2
0.94,0.0375,0.03,0.0225,1.249999583,3.2977386,79.42716,FALSE,FALSE,261.93002,2
0.94,0.0375,0.035,0.0225,1.071428265,3.2977386,79.42716,FALSE,FALSE,261.93002,2
0.94,0.0375,0.04,0.0225,0.937499766,2.2533734,78.81013,FALSE,FALSE,177.58864,2
0.94,0.0375,0.045,0.0225,0.833333148,2.2533734,78.81013,FALSE,FALSE,177.58864,2
0.94,0.0375,0.05,0.0225,0.74999985,3.9749727,78.590775,FALSE,FALSE,312.39618,2
0.94,0.0375,0.055,0.0225,0.681818058,3.9749727,78.590775,FALSE,FALSE,312.39618,2
0.94,0.04,0,0.02,4000000,3.39286,79.61738,FALSE,FALSE,270.1306,2
0.94,0.04,0.005,0.02,7.999984,3.8435545,80.11021,FALSE,FALSE,307.90796,2
0.94,0.04,0.01,0.02,3.999996,2.90967,81.0976,FALSE,FALSE,235.96727,2
0.94,0.04,0.015,0.02,2.666664889,2.5002613,81.45435,FALSE,FALSE,203.65717,2
0.94,0.04,0.02,0.02,1.999999,2.8282259,80.169464,FALSE,FALSE,226.73735,2
0.94,0.04,0.025,0.02,1.59999936,2.8282259,80.169464,FALSE,FALSE,226.73735,2
0.94,0.04,0.03,0.02,1.333332889,3.2977386,79.42716,FALSE,FALSE,261.93002,2
0.94,0.04,0.035,0.02,1.142856816,3.2977386,79.42716,FALSE,FALSE,261.93002,2
0.94,0.04,0.04,0.02,0.99999975,2.2533734,78.81013,FALSE,FALSE,177.58864,2
0.94,0.04,0.045,0.02,0.888888691,2.2533734,78.81013,FALSE,FALSE,177.58864,2
0.94,0.04,0.05,0.02,0.79999984,3.9749727,78.590775,FALSE,FALSE,312.39618,2
0.94,0.04,0.055,0.02,0.727272595,3.9749727,78.590775,FALSE,FALSE,312.39618,2
0.94,0.05,0,0.01,5000000,3.39286,74.43778,FALSE,FALSE,252.55698,2
0.94,0.05,0.005,0.01,9.99998,3.8435545,74.930595,FALSE,FALSE,287.99982,2
0.94,0.05,0.01,0.01,4.999995,2.90967,75.910324,FALSE,FALSE,220.87401,2
0.94,0.05,0.015,0.01,3.333331111,2.5002613,76.315216,FALSE,FALSE,190.80798,2
0.94,0.05,0.02,0.01,2.49999875,2.8525252,74.27259,FALSE,FALSE,211.86444,2
0.94,0.05,0.025,0.01,1.9999992,2.8282259,74.68073,FALSE,FALSE,211.21397,2
0.94,0.05,0.03,0.01,1.666666111,3.2977386,73.9953,FALSE,FALSE,244.01715,2
0.94,0.05,0.035,0.01,1.42857102,3.2977386,73.9953,FALSE,FALSE,244.01715,2
0.94,0.05,0.04,0.01,1.249999688,2.2533734,73.378265,FALSE,FALSE,165.34863,2
0.94,0.05,0.045,0.01,1.111110864,2.2533734,73.378265,FALSE,FALSE,165.34863,2
0.94,0.05,0.05,0.01,0.9999998,3.9749727,73.158905,FALSE,FALSE,290.80466,2
0.94,0.05,0.055,0.01,0.909090744,3.9749727,73.158905,FALSE,FALSE,290.80466,2
0.94,0.06,0,0,6000000,3.39286,74.43778,FALSE,FALSE,252.55698,2
0.94,0.06,0.005,0,11.999976,3.39286,74.43778,FALSE,FALSE,252.55698,2
0.94,0.06,0.01,0,5.999994,3.9237223,76.13809,FALSE,FALSE,298.74472,2
0.94,0.06,0.015,0,3.999997333,2.90967,75.910324,FALSE,FALSE,220.87401,2
0.94,0.06,0.02,0,2.9999985,2.8683834,78.52662,FALSE,FALSE,225.24445,2
0.94,0.06,0.025,0,2.39999904,2.8525252,74.27259,FALSE,FALSE,211.86444,2
0.94,0.06,0.03,0,1.999999333,3.2977386,73.9953,FALSE,FALSE,244.01715,2
0.94,0.06,0.035,0,1.714285224,3.2977386,73.9953,FALSE,FALSE,244.01715,2
0.94,0.06,0.04,0,1.499999625,2.2533734,73.378265,FALSE,FALSE,165.34863,2
0.94,0.06,0.045,0,1.333333037,2.2533734,73.378265,FALSE,FALSE,165.34863,2
0.94,0.06,0.05,0,1.19999976,3.9749727,73.158905,FALSE,FALSE,290.80466,2
0.94,0.06,0.055,0,1.090908893,3.9749727,73.158905,FALSE,FALSE,290.80466,2
0.96,0,0,0.04,0,2.4515839,77.86994,FALSE,FALSE,190.9047,2
0.96,0,0.005,0.04,0,2.4515839,77.86994,FALSE,FALSE,190.9047,2
0.96,0,0.01,0.04,0,2.5430796,79.177574,FALSE,FALSE,201.35487,2
0.96,0,0.015,0.04,0,2.5430796,79.177574,FALSE,FALSE,201.35487,2
0.96,0,0.02,0.04,0,2.8649287,80.169464,FALSE,FALSE,229.6798,2
0.96,0,0.025,0.04,0,2.8649287,80.169464,FALSE,FALSE,229.6798,2
0.96,0,0.03,0.04,0,3.3344414,79.42716,FALSE,FALSE,264.8452,2
0.96,0,0.035,0.04,0,3.3344414,79.42716,FALSE,FALSE,264.8452,2
0.96,0,0.04,0.04,0,2.329698,78.81013,FALSE,FALSE,183.6038,2
0.96,0,0.045,0.04,0,2.329698,78.81013,FALSE,FALSE,183.6038,2
0.96,0,0.05,0.04,0,4.0344057,78.590775,FALSE,FALSE,317.06708,2
0.96,0,0.055,0.04,0,4.0344057,78.590775,FALSE,FALSE,317.06708,2
0.96,0.01,0,0.03,1000000,3.4215598,79.61738,FALSE,FALSE,272.41562,2
0.96,0.01,0.005,0.03,1.999996,2.4515839,77.86994,FALSE,FALSE,190.9047,2
0.96,0.01,0.01,0.03,0.999999,2.5430796,79.177574,FALSE,FALSE,201.35487,2
0.96,0.01,0.015,0.03,0.666666222,2.5430796,79.177574,FALSE,FALSE,201.35487,2
0.96,0.01,0.02,0.03,0.49999975,2.8649287,80.169464,FALSE,FALSE,229.6798,2
0.96,0.01,0.025,0.03,0.39999984,2.8649287,80.169464,FALSE,FALSE,229.6798,2
0.96,0.01,0.03,0.03,0.333333222,3.3344414,79.42716,FALSE,FALSE,264.8452,2
0.96,0.01,0.035,0.03,0.285714204,3.3344414,79.42716,FALSE,FALSE,264.8452,2
0.96,0.01,0.04,0.03,0.249999938,2.329698,78.81013,FALSE,FALSE,183.6038,2
0.96,0.01,0.045,0.03,0.222222173,2.329698,78.81013,FALSE,FALSE,183.6038,2
0.96,0.01,0.05,0.03,0.19999996,4.0344057,78.590775,FALSE,FALSE,317.06708,2
0.96,0.01,0.055,0.03,0.181818149,4.0344057,78.590775,FALSE,FALSE,317.06708,2
0.96,0.015,0,0.025,1500000,3.4215598,79.61738,FALSE,FALSE,272.41562,2
0.96,0.015,0.005,0.025,2.999994,2.4545255,80.146706,FALSE,FALSE,196.72214,2
0.96,0.015,0.01,0.025,1.4999985,2.5430796,79.177574,FALSE,FALSE,201.35487,2
0.96,0.015,0.015,0.025,0.999999333,2.5430796,79.177574,FALSE,FALSE,201.35487,2
0.96,0.015,0.02,0.025,0.749999625,2.8649287,80.169464,FALSE,FALSE,229.6798,2
0.96,0.015,0.025,0.025,0.59999976,2.8649287,80.169464,FALSE,FALSE,229.6798,2
0.96,0.015,0.03,0.025,0.499999833,3.3344414,79.42716,FALSE,FALSE,264.8452,2
0.96,0.015,0.035,0.025,0.428571306,3.3344414,79.42716,FALSE,FALSE,264.8452,2
0.96,0.015,0.04,0.025,0.374999906,2.329698,78.81013,FALSE,FALSE,183.6038,2
0.96,0.015,0.045,0.025,0.333333259,2.329698,78.81013,FALSE,FALSE,183.6038,2
0.96,0.015,0.05,0.025,0.29999994,4.0344057,78.590775,FALSE,FALSE,317.06708,2
0.96,0.015,0.055,0.025,0.272727223,4.0344057,78.590775,FALSE,FALSE,317.06708,2
0.96,0.0175,0,0.0225,1750000,3.4215598,79.61738,FALSE,FALSE,272.41562,2
0.96,0.0175,0.005,0.0225,3.499993,2.8582022,79.88244,FALSE,FALSE,228.32016,2
0.96,0.0175,0.01,0.0225,1.74999825,2.5430796,79.177574,FALSE,FALSE,201.35487,2
0.96,0.0175,0.015,0.0225,1.166665889,2.5430796,79.177574,FALSE,FALSE,201.35487,2
0.96,0.0175,0.02,0.0225,0.874999563,2.8649287,80.169464,FALSE,FALSE,229.6798,2
0.96,0.0175,0.025,0.0225,0.69999972,2.8649287,80.169464,FALSE,FALSE,229.6798,2
0.96,0.0175,0.03,0.0225,0.583333139,3.3344414,79.42716,FALSE,FALSE,264.8452,2
0.96,0.0175,0.035,0.0225,0.499999857,3.3344414,79.42716,FALSE,FALSE,264.8452,2
0.96,0.0175,0.04,0.0225,0.437499891,2.329698,78.81013,FALSE,FALSE,183.6038,2
0.96,0.0175,0.045,0.0225,0.388888802,2.329698,78.81013,FALSE,FALSE,183.6038,2
0.96,0.0175,0.05,0.0225,0.34999993,4.0344057,78.590775,FALSE,FALSE,317.06708,2
0.96,0.0175,0.055,0.0225,0.31818176,4.0344057,78.590775,FALSE,FALSE,317.06708,2
0.96,0.02,0,0.02,2000000,3.4215598,79.61738,FALSE,FALSE,272.41562,2
0.96,0.02,0.005,0.02,3.999992,2.8582022,79.88244,FALSE,FALSE,228.32016,2
0.96,0.02,0.01,0.02,1.999998,2.5430796,79.177574,FALSE,FALSE,201.35487,2
0.96,0.02,0.015,0.02,1.333332444,2.5430796,79.177574,FALSE,FALSE,201.35487,2
0.96,0.02,0.02,0.02,0.9999995,2.8649287,80.169464,FALSE,FALSE,229.6798,2
0.96,0.02,0.025,0.02,0.79999968,2.8649287,80.169464,FALSE,FALSE,229.6798,2
0.96,0.02,0.03,0.02,0.666666444,3.3344414,79.42716,FALSE,FALSE,264.8452,2
0.96,0.02,0.035,0.02,0.571428408,3.3344414,79.42716,FALSE,FALSE,264.8452,2
0.96,0.02,0.04,0.02,0.499999875,2.329698,78.81013,FALSE,FALSE,183.6038,2
0.96,0.02,0.045,0.02,0.444444346,2.329698,78.81013,FALSE,FALSE,183.6038,2
0.96,0.02,0.05,0.02,0.39999992,4.0344057,78.590775,FALSE,FALSE,317.06708,2
0.96,0.02,0.055,0.02,0.363636298,4.0344057,78.590775,FALSE,FALSE,317.06708,2
0.96,0.0225,0,0.0175,2250000,3.4215598,79.61738,FALSE,FALSE,272.41562,2
0.96,0.0225,0.005,0.0175,4.499991,2.8582022,79.88244,FALSE,FALSE,228.32016,2
0.96,0.0225,0.01,0.0175,2.24999775,2.567379,78.76945,FALSE,FALSE,202.23102,2
0.96,0.0225,0.015,0.0175,1.499999,2.5430796,79.177574,FALSE,FALSE,201.35487,2
0.96,0.0225,0.02,0.0175,1.124999438,2.8649287,80.169464,FALSE,FALSE,229.6798,2
0.96,0.0225,0.025,0.0175,0.89999964,2.8649287,80.169464,FALSE,FALSE,229.6798,2
0.96,0.0225,0.03,0.0175,0.74999975,3.3344414,79.42716,FALSE,FALSE,264.8452,2
0.96,0.0225,0.035,0.0175,0.642856959,3.3344414,79.42716,FALSE,FALSE,264.8452,2
0.96,0.0225,0.04,0.0175,0.562499859,2.329698,78.81013,FALSE,FALSE,183.6038,2
0.96,0.0225,0.045,0.0175,0.499999889,2.329698,78.81013,FALSE,FALSE,183.6038,2
0.96,0.0225,0.05,0.0175,0.44999991,4.0344057,78.590775,FALSE,FALSE,317.06708,2
0.96,0.0225,0.055,0.0175,0.409090835,4.0344057,78.590775,FALSE,FALSE,317.06708,2
0.96,0.025,0,0.015,2500000,3.4215598,79.61738,FALSE,FALSE,272.41562,2
0.96,0.025,0.005,0.015,4.99999,2.8582022,79.88244,FALSE,FALSE,228.32016,2
0.96,0.025,0.01,0.015,2.4999975,2.567379,78.76945,FALSE,FALSE,202.23102,2
0.96,0.025,0.015,0.015,1.666665556,2.5430796,79.177574,FALSE,FALSE,201.35487,2
0.96,0.025,0.02,0.015,1.249999375,2.8649287,80.169464,FALSE,FALSE,229.6798,2
0.96,0.025,0.025,0.015,0.9999996,2.8649287,80.169464,FALSE,FALSE,229.6798,2
0.96,0.025,0.03,0.015,0.833333056,3.3344414,79.42716,FALSE,FALSE,264.8452,2
0.96,0.025,0.035,0.015,0.71428551,3.3344414,79.42716,FALSE,FALSE,264.8452,2
0.96,0.025,0.04,0.015,0.624999844,2.329698,78.81013,FALSE,FALSE,183.6038,2
0.96,0.025,0.045,0.015,0.555555432,2.329698,78.81013,FALSE,FALSE,183.6038,2
0.96,0.025,0.05,0.015,0.4999999,4.0344057,78.590775,FALSE,FALSE,317.06708,2
0.96,0.025,0.055,0.015,0.454545372,4.0344057,78.590775,FALSE,FALSE,317.06708,2
0.96,0.03,0,0.01,3000000,3.4215598,79.61738,FALSE,FALSE,272.41562,2
0.96,0.03,0.005,0.01,5.999988,3.8722548,80.11021,FALSE,TRUE,310.20712,2
0.96,0.03,0.01,0.01,2.999997,2.5460212,81.45435,FALSE,TRUE,207.3845,2
0.96,0.03,0.015,0.01,1.999998667,2.5430796,79.177574,FALSE,FALSE,201.35487,2
0.96,0.03,0.02,0.01,1.49999925,2.8649287,80.169464,FALSE,FALSE,229.6798,2
0.96,0.03,0.025,0.01,1.19999952,2.8649287,80.169464,FALSE,FALSE,229.6798,2
0.96,0.03,0.03,0.01,0.999999667,3.3344414,79.42716,FALSE,FALSE,264.8452,2
0.96,0.03,0.035,0.01,0.857142612,3.3344414,79.42716,FALSE,FALSE,264.8452,2
0.96,0.03,0.04,0.01,0.749999813,2.329698,78.81013,FALSE,FALSE,183.6038,2
0.96,0.03,0.045,0.01,0.666666519,2.329698,78.81013,FALSE,FALSE,183.6038,2
0.96,0.03,0.05,0.01,0.59999988,4.0344057,78.590775,FALSE,FALSE,317.06708,2
0.96,0.03,0.055,0.01,0.545454446,4.0344057,78.590775,FALSE,FALSE,317.06708,2
0.96,0.04,0,0,4000000,3.4215598,79.61738,FALSE,FALSE,272.41562,2
0.96,0.04,0.005,0,7.999984,3.8722548,80.11021,FALSE,TRUE,310.20712,2
0.96,0.04,0.01,0,3.999996,2.9496982,81.0976,FALSE,TRUE,239.21346,2
0.96,0.04,0.015,0,2.666664889,2.5460212,81.45435,FALSE,TRUE,207.3845,2
0.96,0.04,0.02,0,1.999999,2.8649287,80.169464,FALSE,FALSE,229.6798,2
0.96,0.04,0.025,0,1.59999936,2.8649287,80.169464,FALSE,FALSE,229.6798,2
0.96,0.04,0.03,0,1.333332889,3.3344414,79.42716,FALSE,FALSE,264.8452,2
0.96,0.04,0.035,0,1.142856816,3.3344414,79.42716,FALSE,FALSE,264.8452,2
0.96,0.04,0.04,0,0.99999975,2.329698,78.81013,FALSE,FALSE,183.6038,2
0.96,0.04,0.045,0,0.888888691,2.329698,78.81013,FALSE,FALSE,183.6038,2
0.96,0.04,0.05,0,0.79999984,4.0344057,78.590775,FALSE,FALSE,317.06708,2
0.96,0.04,0.055,0,0.727272595,4.0344057,78.590775,FALSE,FALSE,317.06708,2
0.98,0,0,0.02,0,2.4515839,77.86994,FALSE,FALSE,190.9047,2
0.98,0,0.005,0.02,0,2.4515839,77.86994,FALSE,FALSE,190.9047,2
0.98,0,0.01,0.02,0,2.5430796,79.177574,FALSE,FALSE,201.35487,2
0.98,0,0.015,0.02,0,2.5430796,79.177574,FALSE,FALSE,201.35487,2
0.98,0,0.02,0.02,0,2.8649287,80.169464,FALSE,FALSE,229.6798,2
0.98,0,0.025,0.02,0,2.8649287,80.169464,FALSE,FALSE,229.6798,2
0.98,0,0.03,0.02,0,3.3344414,79.42716,FALSE,FALSE,264.8452,2
0.98,0,0.035,0.02,0,3.3344414,79.42716,FALSE,FALSE,264.8452,2
0.98,0,0.04,0.02,0,2.329698,78.81013,FALSE,FALSE,183.6038,2
0.98,0,0.045,0.02,0,2.329698,78.81013,FALSE,FALSE,183.6038,2
0.98,0,0.05,0.02,0,4.0344057,78.590775,FALSE,FALSE,317.06708,2
0.98,0,0.055,0.02,0,4.0344057,78.590775,FALSE,FALSE,317.06708,2
0.98,0.01,0,0.01,1000000,3.4215598,79.61738,FALSE,FALSE,272.41562,2
0.98,0.01,0.005,0.01,1.999996,2.4515839,77.86994,FALSE,FALSE,190.9047,2
0.98,0.01,0.01,0.01,0.999999,2.5430796,79.177574,FALSE,FALSE,201.35487,2
0.98,0.01,0.015,0.01,0.666666222,2.5430796,79.177574,FALSE,FALSE,201.35487,2
0.98,0.01,0.02,0.01,0.49999975,2.8649287,80.169464,FALSE,FALSE,229.6798,2
0.98,0.01,0.025,0.01,0.39999984,2.8649287,80.169464,FALSE,FALSE,229.6798,2
0.98,0.01,0.03,0.01,0.333333222,3.3344414,79.42716,FALSE,FALSE,264.8452,2
0.98,0.01,0.035,0.01,0.285714204,3.3344414,79.42716,FALSE,FALSE,264.8452,2
0.98,0.01,0.04,0.01,0.249999938,2.329698,78.81013,FALSE,FALSE,183.6038,2
0.98,0.01,0.045,0.01,0.222222173,2.329698,78.81013,FALSE,FALSE,183.6038,2
0.98,0.01,0.05,0.01,0.19999996,4.0344057,78.590775,FALSE,FALSE,317.06708,2
0.98,0.01,0.055,0.01,0.181818149,4.0344057,78.590775,FALSE,FALSE,317.06708,2
0.98,0.02,0,0,2000000,3.4215598,79.61738,FALSE,FALSE,272.41562,2
0.98,0.02,0.005,0,3.999992,2.8582022,79.88244,FALSE,FALSE,228.32016,2
0.98,0.02,0.01,0,1.999998,2.5430796,79.177574,FALSE,FALSE,201.35487,2
0.98,0.02,0.015,0,1.333332444,2.5430796,79.177574,FALSE,FALSE,201.35487,2
0.98,0.02,0.02,0,0.9999995,2.8649287,80.169464,FALSE,FALSE,229.6798,2
0.98,0.02,0.025,0,0.79999968,2.8649287,80.169464,FALSE,FALSE,229.6798,2
0.98,0.02,0.03,0,0.666666444,3.3344414,79.42716,FALSE,FALSE,264.8452,2
0.98,0.02,0.035,0,0.571428408,3.3344414,79.42716,FALSE,FALSE,264.8452,2
0.98,0.02,0.04,0,0.499999875,2.329698,78.81013,FALSE,FALSE,183.6038,2
0.98,0.02,0.045,0,0.444444346,2.329698,78.81013,FALSE,FALSE,183.6038,2
0.98,0.02,0.05,0,0.39999992,4.0344057,78.590775,FALSE,FALSE,317.06708,2
0.98,0.02,0.055,0,0.363636298,4.0344057,78.590775,FALSE,FALSE,317.06708,2
1,0,0,0,0,2.2957096,103.66981,FALSE,TRUE,237.99577,2
