PI-content,CF-content,Sizing agent-content,GP-content,CF/S,TC_pred,TS_pred,High_Performance,Pareto_Optimal,Score,,
0.75,0.13,0.05,0.12,2.59999948,13.790091,67.02309,FALSE,TRUE,924.25446,9.2425446,1
0.75,0.135,0.05,0.115,2.69999946,13.766481,64.621826,FALSE,FALSE,889.6152,8.896152,
0.75,0.14,0.05,0.11,2.79999944,13.766481,64.621826,FALSE,FALSE,889.6152,8.896152,
0.75,0.145,0.05,0.105,2.89999942,13.766481,64.621826,FALSE,FALSE,889.6152,8.896152,
0.775,0.11,0.0214,0.115,5.140184514,11.97505,73.462204,FALSE,TRUE,879.71356,8.7971356,1
0.775,0.115,0.0214,0.11,5.373829265,11.97505,73.462204,FALSE,TRUE,879.71356,8.7971356,1
0.775,0.12,0.0214,0.105,5.607474015,11.97505,73.462204,FALSE,TRUE,879.71356,8.7971356,1
0.75,0.13,0.0214,0.12,6.074763516,11.929983,73.376045,FALSE,FALSE,875.375,8.75375,
0.75,0.13,0.025,0.12,5.19999792,11.929983,73.376045,FALSE,FALSE,875.375,8.75375,
0.775,0.125,0.0214,0.1,5.841118766,11.929983,73.376045,FALSE,FALSE,875.375,8.75375,
0.75,0.135,0.0214,0.115,6.308408267,11.917803,70.61797,FALSE,FALSE,841.6111,8.416111,
0.75,0.135,0.025,0.115,5.39999784,11.917803,70.61797,FALSE,FALSE,841.6111,8.416111,
0.75,0.14,0.0214,0.11,6.542053018,11.917803,70.61797,FALSE,FALSE,841.6111,8.416111,
0.75,0.14,0.025,0.11,5.59999776,11.917803,70.61797,FALSE,FALSE,841.6111,8.416111,
0.75,0.145,0.0214,0.105,6.775697768,11.917803,70.61797,FALSE,FALSE,841.6111,8.416111,
0.75,0.145,0.025,0.105,5.79999768,11.917803,70.61797,FALSE,FALSE,841.6111,8.416111,
0.75,0.145,0.0286,0.105,5.069928297,11.917803,70.61797,FALSE,FALSE,841.6111,8.416111,
0.75,0.12,0.0214,0.13,5.607474015,11.944248,70.154465,FALSE,FALSE,837.9423,8.379423,
0.75,0.125,0.0214,0.125,5.841118766,11.899181,70.1946,FALSE,FALSE,835.2583,8.352583,
0.775,0.13,0.05,0.095,2.59999948,12.153295,67.68469,FALSE,TRUE,822.592,8.22592,1
0.775,0.135,0.05,0.09,2.69999946,12.129685,65.28344,FALSE,FALSE,791.8676,7.918676,
0.775,0.14,0.05,0.085,2.79999944,12.129685,65.28344,FALSE,FALSE,791.8676,7.918676,
0.775,0.145,0.05,0.08,2.89999942,12.129685,65.28344,FALSE,FALSE,791.8676,7.918676,
0.775,0.105,0.0214,0.12,4.906539763,10.91785,72.33122,FALSE,FALSE,789.7014,7.897014,
0.775,0.105,0.025,0.12,4.19999832,10.91785,72.33122,FALSE,FALSE,789.7014,7.897014,
0.775,0.105,0.0286,0.12,3.671327388,10.91785,72.33122,FALSE,FALSE,789.7014,7.897014,
0.775,0.11,0.025,0.115,4.39999824,10.91785,72.33122,FALSE,FALSE,789.7014,7.897014,
0.775,0.11,0.0286,0.115,3.846152501,10.91785,72.33122,FALSE,FALSE,789.7014,7.897014,
0.775,0.115,0.025,0.11,4.59999816,10.91785,72.33122,FALSE,FALSE,789.7014,7.897014,
0.775,0.115,0.0286,0.11,4.020977615,10.91785,72.33122,FALSE,FALSE,789.7014,7.897014,
0.775,0.12,0.025,0.105,4.79999808,10.91785,72.33122,FALSE,FALSE,789.7014,7.897014,
0.775,0.12,0.0286,0.105,4.195802729,10.91785,72.33122,FALSE,FALSE,789.7014,7.897014,
0.75,0.15,0.05,0.1,2.9999994,13.766481,57.331604,FALSE,FALSE,789.25446,7.8925446,
0.75,0.13,0.0286,0.12,4.545452956,10.872783,72.52028,FALSE,FALSE,788.49725,7.8849725,
0.775,0.125,0.025,0.1,4.999998,10.872783,72.52028,FALSE,FALSE,788.49725,7.8849725,
0.775,0.125,0.0286,0.1,4.370627842,10.872783,72.52028,FALSE,FALSE,788.49725,7.8849725,
0.75,0.11,0.0214,0.14,5.140184514,11.944248,64.74664,FALSE,FALSE,773.35,7.7335,
0.75,0.115,0.0214,0.135,5.373829265,11.944248,64.74664,FALSE,FALSE,773.35,7.7335,
0.75,0.125,0.025,0.125,4.999998,10.95667,69.33884,FALSE,FALSE,759.7227,7.597227,
0.75,0.125,0.0286,0.125,4.370627842,10.95667,69.33884,FALSE,FALSE,759.7227,7.597227,
0.775,0.13,0.0214,0.095,6.074763516,10.312188,73.645035,FALSE,TRUE,759.44147,7.5944147,
0.775,0.13,0.025,0.095,5.19999792,10.312188,73.645035,FALSE,TRUE,759.44147,7.5944147,
0.75,0.12,0.025,0.13,4.79999808,11.001737,69.02348,FALSE,FALSE,759.3782,7.593782,
0.75,0.12,0.0286,0.13,4.195802729,11.001737,69.02348,FALSE,FALSE,759.3782,7.593782,
0.775,0.1,0.0214,0.125,4.672895013,11.001737,69.02348,FALSE,FALSE,759.3782,7.593782,
0.775,0.1,0.025,0.125,3.9999984,11.001737,69.02348,FALSE,FALSE,759.3782,7.593782,
0.775,0.1,0.0286,0.125,3.496502274,11.001737,69.02348,FALSE,FALSE,759.3782,7.593782,
0.75,0.135,0.0286,0.115,4.72027807,10.860602,69.795815,FALSE,FALSE,758.0246,7.580246,
0.75,0.14,0.0286,0.11,4.895103184,10.860602,69.795815,FALSE,FALSE,758.0246,7.580246,
0.75,0.13,0.0321,0.12,4.049842975,10.866592,69.54069,FALSE,FALSE,755.6703,7.556703,
0.75,0.13,0.0357,0.12,3.641455563,10.866592,69.54069,FALSE,FALSE,755.6703,7.556703,
0.775,0.125,0.0321,0.1,3.894079784,10.866592,69.54069,FALSE,FALSE,755.6703,7.556703,
0.775,0.125,0.0357,0.1,3.501399579,10.866592,69.54069,FALSE,FALSE,755.6703,7.556703,
0.75,0.15,0.0214,0.1,7.009342519,11.917803,63.10141,FALSE,FALSE,752.03015,7.5203015,
0.75,0.15,0.025,0.1,5.9999976,11.917803,63.10141,FALSE,FALSE,752.03015,7.5203015,
0.75,0.15,0.0286,0.1,5.244753411,11.917803,63.10141,FALSE,FALSE,752.03015,7.5203015,
0.75,0.13,0.0393,0.12,3.307887199,10.516943,70.50759,FALSE,FALSE,741.5243,7.415243,
0.775,0.125,0.0393,0.1,3.180660768,10.516943,70.50759,FALSE,FALSE,741.5243,7.415243,
0.775,0.11,0.0321,0.115,3.42679021,10.889454,68.08126,FALSE,FALSE,741.36774,7.4136774,
0.775,0.115,0.0321,0.11,3.582553401,10.889454,68.08126,FALSE,FALSE,741.36774,7.4136774,
0.775,0.12,0.0321,0.105,3.738316592,10.889454,68.08126,FALSE,FALSE,741.36774,7.4136774,
0.775,0.12,0.0357,0.105,3.361343596,10.889454,68.08126,FALSE,FALSE,741.36774,7.4136774,
0.775,0.135,0.0214,0.09,6.308408267,10.300008,70.88698,FALSE,FALSE,730.1364,7.301364,
0.775,0.135,0.025,0.09,5.39999784,10.300008,70.88698,FALSE,FALSE,730.1364,7.301364,
0.775,0.14,0.0214,0.085,6.542053018,10.300008,70.88698,FALSE,FALSE,730.1364,7.301364,
0.775,0.14,0.025,0.085,5.59999776,10.300008,70.88698,FALSE,FALSE,730.1364,7.301364,
0.775,0.145,0.0214,0.08,6.775697768,10.300008,70.88698,FALSE,FALSE,730.1364,7.301364,
0.775,0.145,0.025,0.08,5.79999768,10.300008,70.88698,FALSE,FALSE,730.1364,7.301364,
0.775,0.145,0.0286,0.08,5.069928297,10.300008,70.88698,FALSE,FALSE,730.1364,7.301364,
0.75,0.125,0.0321,0.125,3.894079784,10.9504795,66.66361,FALSE,FALSE,729.99854,7.2999854,
0.75,0.125,0.0357,0.125,3.501399579,10.9504795,66.66361,FALSE,FALSE,729.99854,7.2999854,
0.775,0.105,0.0321,0.12,3.271027018,10.539804,69.05796,FALSE,FALSE,727.8574,7.278574,
0.775,0.105,0.0357,0.12,2.941175647,10.539804,69.05796,FALSE,FALSE,727.8574,7.278574,
0.775,0.105,0.0393,0.12,2.671755045,10.539804,69.05796,FALSE,FALSE,727.8574,7.278574,
0.775,0.11,0.0357,0.115,3.08123163,10.539804,69.05796,FALSE,FALSE,727.8574,7.278574,
0.775,0.11,0.0393,0.115,2.798981476,10.539804,69.05796,FALSE,FALSE,727.8574,7.278574,
0.775,0.115,0.0357,0.11,3.221287613,10.539804,69.05796,FALSE,FALSE,727.8574,7.278574,
0.775,0.115,0.0393,0.11,2.926207907,10.539804,69.05796,FALSE,FALSE,727.8574,7.278574,
0.775,0.12,0.0393,0.105,3.053434338,10.539804,69.05796,FALSE,FALSE,727.8574,7.278574,
0.75,0.135,0.0321,0.115,4.205606166,10.854412,66.87468,FALSE,FALSE,725.8853,7.258853,
0.75,0.135,0.0357,0.115,3.781511546,10.854412,66.87468,FALSE,FALSE,725.8853,7.258853,
0.75,0.135,0.0393,0.115,3.43511363,10.854412,66.87468,FALSE,FALSE,725.8853,7.258853,
0.75,0.14,0.0321,0.11,4.361369358,10.854412,66.87468,FALSE,FALSE,725.8853,7.258853,
0.75,0.14,0.0357,0.11,3.921567529,10.854412,66.87468,FALSE,FALSE,725.8853,7.258853,
0.75,0.14,0.0393,0.11,3.56234006,10.854412,66.87468,FALSE,FALSE,725.8853,7.258853,
0.75,0.145,0.0321,0.105,4.517132549,10.854412,66.87468,FALSE,FALSE,725.8853,7.258853,
0.75,0.145,0.0357,0.105,4.061623512,10.854412,66.87468,FALSE,FALSE,725.8853,7.258853,
0.75,0.145,0.0393,0.105,3.689566491,10.854412,66.87468,FALSE,FALSE,725.8853,7.258853,
0.75,0.125,0.0393,0.125,3.180660768,10.600829,67.6305,FALSE,FALSE,716.9394,7.169394,
0.75,0.12,0.0321,0.13,3.738316592,10.973341,65.19868,FALSE,FALSE,715.4473,7.154473,
0.75,0.12,0.0357,0.13,3.361343596,10.973341,65.19868,FALSE,FALSE,715.4473,7.154473,
0.75,0.1,0.0214,0.15,4.672895013,11.066168,63.805916,FALSE,FALSE,706.087,7.06087,
0.75,0.1,0.025,0.15,3.9999984,11.066168,63.805916,FALSE,FALSE,706.087,7.06087,
0.75,0.1,0.0286,0.15,3.496502274,11.066168,63.805916,FALSE,FALSE,706.087,7.06087,
0.75,0.12,0.0393,0.13,3.053434338,10.623691,66.17538,FALSE,FALSE,703.02673,7.0302673,
0.775,0.1,0.0321,0.125,3.115263827,10.623691,66.17538,FALSE,FALSE,703.02673,7.0302673,
0.775,0.1,0.0357,0.125,2.801119664,10.623691,66.17538,FALSE,FALSE,703.02673,7.0302673,
0.775,0.1,0.0393,0.125,2.544528615,10.623691,66.17538,FALSE,FALSE,703.02673,7.0302673,
0.75,0.105,0.0214,0.145,4.906539763,11.001737,63.841053,FALSE,FALSE,702.3624,7.023624,
0.75,0.105,0.025,0.145,4.19999832,11.001737,63.841053,FALSE,FALSE,702.3624,7.023624,
0.75,0.105,0.0286,0.145,3.671327388,11.001737,63.841053,FALSE,FALSE,702.3624,7.023624,
0.75,0.11,0.025,0.14,4.39999824,11.001737,63.841053,FALSE,FALSE,702.3624,7.023624,
0.75,0.11,0.0286,0.14,3.846152501,11.001737,63.841053,FALSE,FALSE,702.3624,7.023624,
0.75,0.115,0.025,0.135,4.59999816,11.001737,63.841053,FALSE,FALSE,702.3624,7.023624,
0.75,0.115,0.0286,0.135,4.020977615,11.001737,63.841053,FALSE,FALSE,702.3624,7.023624,
0.775,0.15,0.05,0.075,2.9999994,12.129685,57.240013,FALSE,FALSE,694.30334,6.9430334,
0.8,0.11,0.0214,0.09,5.140184514,9.3638115,73.25368,FALSE,FALSE,685.93365,6.8593365,
0.8,0.115,0.0214,0.085,5.373829265,9.3638115,73.25368,FALSE,FALSE,685.93365,6.8593365,
0.8,0.12,0.0214,0.08,5.607474015,9.3638115,73.25368,FALSE,FALSE,685.93365,6.8593365,
0.8,0.125,0.0214,0.075,5.841118766,9.356351,73.21746,FALSE,FALSE,685.0483,6.850483,
0.775,0.13,0.0286,0.095,4.545452956,9.254987,72.974144,FALSE,FALSE,675.37476,6.7537476,
0.8,0.1,0.0214,0.1,4.672895013,9.461255,70.82686,FALSE,FALSE,670.11096,6.7011096,
0.8,0.1,0.025,0.1,3.9999984,9.461255,70.82686,FALSE,FALSE,670.11096,6.7011096,
0.8,0.1,0.0286,0.1,3.496502274,9.461255,70.82686,FALSE,FALSE,670.11096,6.7011096,
0.75,0.11,0.0321,0.14,3.42679021,10.973341,60.266342,FALSE,FALSE,661.3231,6.613231,
0.75,0.115,0.0321,0.135,3.582553401,10.973341,60.266342,FALSE,FALSE,661.3231,6.613231,
0.775,0.095,0.0214,0.13,4.439250262,9.55932,68.44286,FALSE,FALSE,654.2673,6.542673,
0.775,0.095,0.025,0.13,3.79999848,9.55932,68.44286,FALSE,FALSE,654.2673,6.542673,
0.775,0.13,0.0321,0.095,4.049842975,9.260038,70.257645,FALSE,FALSE,650.5885,6.505885,
0.775,0.13,0.0357,0.095,3.641455563,9.260038,70.257645,FALSE,FALSE,650.5885,6.505885,
0.75,0.1,0.0321,0.15,3.115263827,10.688123,60.81881,FALSE,FALSE,650.0389,6.500389,
0.75,0.1,0.0357,0.15,2.801119664,10.688123,60.81881,FALSE,FALSE,650.0389,6.500389,
0.75,0.1,0.0393,0.15,2.544528615,10.688123,60.81881,FALSE,FALSE,650.0389,6.500389,
0.75,0.15,0.0321,0.1,4.672895741,10.854412,59.844124,FALSE,FALSE,649.57275,6.4957275,
0.75,0.15,0.0357,0.1,4.201679495,10.854412,59.844124,FALSE,FALSE,649.57275,6.4957275,
0.75,0.15,0.0393,0.1,3.816792922,10.854412,59.844124,FALSE,FALSE,649.57275,6.4957275,
0.775,0.135,0.0286,0.09,4.72027807,9.242806,70.249695,FALSE,FALSE,649.3043,6.493043,
0.775,0.14,0.0286,0.085,4.895103184,9.242806,70.249695,FALSE,FALSE,649.3043,6.493043,
0.775,0.15,0.0214,0.075,7.009342519,10.300008,63.009796,FALSE,FALSE,649.0014,6.490014,
0.775,0.15,0.025,0.075,5.9999976,10.300008,63.009796,FALSE,FALSE,649.0014,6.490014,
0.775,0.15,0.0286,0.075,5.244753411,10.300008,63.009796,FALSE,FALSE,649.0014,6.490014,
0.75,0.105,0.0321,0.145,3.271027018,10.623691,60.882057,FALSE,FALSE,646.7921,6.467921,
0.75,0.105,0.0357,0.145,2.941175647,10.623691,60.882057,FALSE,FALSE,646.7921,6.467921,
0.75,0.105,0.0393,0.145,2.671755045,10.623691,60.882057,FALSE,FALSE,646.7921,6.467921,
0.75,0.11,0.0357,0.14,3.08123163,10.623691,60.882057,FALSE,FALSE,646.7921,6.467921,
0.75,0.11,0.0393,0.14,2.798981476,10.623691,60.882057,FALSE,FALSE,646.7921,6.467921,
0.75,0.115,0.0357,0.135,3.221287613,10.623691,60.882057,FALSE,FALSE,646.7921,6.467921,
0.75,0.115,0.0393,0.135,2.926207907,10.623691,60.882057,FALSE,FALSE,646.7921,6.467921,
0.775,0.125,0.05,0.1,2.4999995,10.82222,58.82367,FALSE,FALSE,636.60266,6.3660266,
0.775,0.13,0.0393,0.095,3.307887199,8.910386,71.207985,FALSE,FALSE,634.49066,6.3449066,
0.775,0.095,0.0286,0.13,3.32167716,9.172813,68.765076,FALSE,FALSE,630.7692,6.307692,
0.75,0.145,0.0429,0.105,3.379952592,9.761915,64.25514,FALSE,FALSE,627.25323,6.2725323,
0.775,0.135,0.0321,0.09,4.205606166,9.247858,67.59165,FALSE,FALSE,625.078,6.25078,
0.775,0.135,0.0357,0.09,3.781511546,9.247858,67.59165,FALSE,FALSE,625.078,6.25078,
0.775,0.135,0.0393,0.09,3.43511363,9.247858,67.59165,FALSE,FALSE,625.078,6.25078,
0.775,0.14,0.0321,0.085,4.361369358,9.247858,67.59165,FALSE,FALSE,625.078,6.25078,
0.775,0.14,0.0357,0.085,3.921567529,9.247858,67.59165,FALSE,FALSE,625.078,6.25078,
0.775,0.14,0.0393,0.085,3.56234006,9.247858,67.59165,FALSE,FALSE,625.078,6.25078,
0.775,0.145,0.0321,0.08,4.517132549,9.247858,67.59165,FALSE,FALSE,625.078,6.25078,
0.775,0.145,0.0357,0.08,4.061623512,9.247858,67.59165,FALSE,FALSE,625.078,6.25078,
0.775,0.145,0.0393,0.08,3.689566491,9.247858,67.59165,FALSE,FALSE,625.078,6.25078,
0.75,0.13,0.0429,0.12,3.030302324,9.235552,67.44751,FALSE,FALSE,622.915,6.22915,
0.75,0.13,0.0464,0.12,2.801723534,9.235552,67.44751,FALSE,FALSE,622.915,6.22915,
0.775,0.125,0.0429,0.1,2.913752235,9.235552,67.44751,FALSE,FALSE,622.915,6.22915,
0.775,0.125,0.0464,0.1,2.693964937,9.235552,67.44751,FALSE,FALSE,622.915,6.22915,
0.75,0.125,0.05,0.125,2.4999995,10.797104,57.13552,FALSE,FALSE,616.89813,6.1689813,
0.75,0.125,0.0429,0.125,2.913752235,9.325125,65.499725,FALSE,FALSE,610.7931,6.107931,
0.75,0.125,0.0464,0.125,2.693964937,9.325125,65.499725,FALSE,FALSE,610.7931,6.107931,
0.775,0.095,0.0321,0.13,2.959500636,9.196712,66.26479,FALSE,FALSE,609.4182,6.094182,
0.775,0.095,0.0357,0.13,2.66106368,9.196712,66.26479,FALSE,FALSE,609.4182,6.094182,
0.775,0.075,0.0214,0.15,3.504671259,9.623752,63.225315,FALSE,FALSE,608.4647,6.084647,
0.775,0.11,0.0429,0.115,2.564101966,9.235552,65.79522,FALSE,FALSE,607.65515,6.0765515,
0.775,0.115,0.0429,0.11,2.680652056,9.235552,65.79522,FALSE,FALSE,607.65515,6.0765515,
0.775,0.12,0.0429,0.105,2.797202145,9.235552,65.79522,FALSE,FALSE,607.65515,6.0765515,
0.775,0.12,0.0464,0.105,2.586206339,9.235552,65.79522,FALSE,FALSE,607.65515,6.0765515,
0.775,0.08,0.0214,0.145,3.73831601,9.55932,63.26045,FALSE,FALSE,604.7269,6.047269,
0.775,0.085,0.0214,0.14,3.971960761,9.55932,63.26045,FALSE,FALSE,604.7269,6.047269,
0.775,0.085,0.025,0.14,3.39999864,9.55932,63.26045,FALSE,FALSE,604.7269,6.047269,
0.775,0.09,0.0214,0.135,4.205605511,9.55932,63.26045,FALSE,FALSE,604.7269,6.047269,
0.775,0.09,0.025,0.135,3.59999856,9.55932,63.26045,FALSE,FALSE,604.7269,6.047269,
0.85,0.125,0.0214,0.025,5.841118766,7.819105,77.124146,FALSE,TRUE,603.0418,6.030418,
0.85,0.13,0.0214,0.02,6.074763516,7.819105,77.124146,FALSE,TRUE,603.0418,6.030418,
0.85,0.13,0.025,0.02,5.19999792,7.819105,77.124146,FALSE,TRUE,603.0418,6.030418,
0.875,0.125,0.0214,0,5.841118766,7.819105,77.124146,FALSE,TRUE,603.0418,6.030418,
0.85,0.11,0.0214,0.04,5.140184514,7.8043604,76.93844,FALSE,FALSE,600.4553,6.004553,
0.85,0.115,0.0214,0.035,5.373829265,7.8043604,76.93844,FALSE,FALSE,600.4553,6.004553,
0.85,0.12,0.0214,0.03,5.607474015,7.8043604,76.93844,FALSE,FALSE,600.4553,6.004553,
0.875,0.11,0.0214,0.015,5.140184514,7.8043604,76.93844,FALSE,FALSE,600.4553,6.004553,
0.875,0.115,0.0214,0.01,5.373829265,7.8043604,76.93844,FALSE,FALSE,600.4553,6.004553,
0.875,0.12,0.0214,0.005,5.607474015,7.8043604,76.93844,FALSE,FALSE,600.4553,6.004553,
0.775,0.105,0.0107,0.12,9.813074941,8.706262,68.92879,FALSE,FALSE,600.11206,6.0011206,
0.775,0.105,0.0143,0.12,7.342652208,8.706262,68.92879,FALSE,FALSE,600.11206,6.0011206,
0.775,0.105,0.0179,0.12,5.865918511,8.706262,68.92879,FALSE,FALSE,600.11206,6.0011206,
0.775,0.11,0.0143,0.115,7.692302313,8.706262,68.92879,FALSE,FALSE,600.11206,6.0011206,
0.775,0.11,0.0179,0.115,6.145247964,8.706262,68.92879,FALSE,FALSE,600.11206,6.0011206,
0.775,0.115,0.0143,0.11,8.041952418,8.706262,68.92879,FALSE,FALSE,600.11206,6.0011206,
0.775,0.115,0.0179,0.11,6.424577416,8.706262,68.92879,FALSE,FALSE,600.11206,6.0011206,
0.775,0.12,0.0143,0.105,8.391602523,8.706262,68.92879,FALSE,FALSE,600.11206,6.0011206,
0.775,0.12,0.0179,0.105,6.703906869,8.706262,68.92879,FALSE,FALSE,600.11206,6.0011206,
0.75,0.135,0.0429,0.115,3.146852413,9.2233715,65.04625,FALSE,FALSE,599.94574,5.9994574,
0.75,0.135,0.0464,0.115,2.909482132,9.2233715,65.04625,FALSE,FALSE,599.94574,5.9994574,
0.75,0.14,0.0429,0.11,3.263402503,9.2233715,65.04625,FALSE,FALSE,599.94574,5.9994574,
0.75,0.14,0.0464,0.11,3.017240729,9.2233715,65.04625,FALSE,FALSE,599.94574,5.9994574,
0.75,0.145,0.0464,0.105,3.124999327,9.2233715,65.04625,FALSE,FALSE,599.94574,5.9994574,
0.75,0.13,0.0143,0.12,9.090902734,8.69108,68.94157,FALSE,FALSE,599.1767,5.991767,
0.75,0.13,0.0179,0.12,7.262565775,8.69108,68.94157,FALSE,FALSE,599.1767,5.991767,
0.775,0.125,0.0143,0.1,8.741252628,8.69108,68.94157,FALSE,FALSE,599.1767,5.991767,
0.775,0.125,0.0179,0.1,6.983236322,8.69108,68.94157,FALSE,FALSE,599.1767,5.991767,
0.75,0.12,0.0429,0.13,2.797202145,9.325125,63.800705,FALSE,FALSE,594.9495,5.949495,
0.75,0.12,0.0464,0.13,2.586206339,9.325125,63.800705,FALSE,FALSE,594.9495,5.949495,
0.775,0.105,0.05,0.12,2.09999958,10.339422,57.540634,FALSE,FALSE,594.9369,5.949369,
0.775,0.11,0.05,0.115,2.19999956,10.339422,57.540634,FALSE,FALSE,594.9369,5.949369,
0.775,0.115,0.05,0.11,2.29999954,10.339422,57.540634,FALSE,FALSE,594.9369,5.949369,
0.775,0.12,0.05,0.105,2.39999952,10.339422,57.540634,FALSE,FALSE,594.9369,5.949369,
0.8,0.13,0.0214,0.07,6.074763516,8.015848,73.58015,FALSE,FALSE,589.8073,5.898073,
0.8,0.13,0.025,0.07,5.19999792,8.015848,73.58015,FALSE,FALSE,589.8073,5.898073,
0.775,0.075,0.025,0.15,2.9999988,9.237244,63.288853,FALSE,FALSE,584.61456,5.8461456,
0.775,0.075,0.0286,0.15,2.622376705,9.237244,63.288853,FALSE,FALSE,584.61456,5.8461456,
0.825,0.11,0.0214,0.065,5.140184514,8.002948,72.87277,FALSE,FALSE,583.197,5.83197,
0.825,0.115,0.0214,0.06,5.373829265,8.002948,72.87277,FALSE,FALSE,583.197,5.83197,
0.825,0.12,0.0214,0.055,5.607474015,8.002948,72.87277,FALSE,FALSE,583.197,5.83197,
0.75,0.125,0.0143,0.125,8.741252628,8.764722,66.52387,FALSE,FALSE,583.06323,5.8306323,
0.75,0.125,0.0179,0.125,6.983236322,8.764722,66.52387,FALSE,FALSE,583.06323,5.8306323,
0.75,0.12,0.0143,0.13,8.391602523,8.779902,66.3848,FALSE,FALSE,582.8521,5.828521,
0.75,0.12,0.0179,0.13,6.703906869,8.779902,66.3848,FALSE,FALSE,582.8521,5.828521,
0.775,0.1,0.0107,0.125,9.345785658,8.779902,66.3848,FALSE,FALSE,582.8521,5.828521,
0.775,0.1,0.0143,0.125,6.993002103,8.779902,66.3848,FALSE,FALSE,582.8521,5.828521,
0.775,0.1,0.0179,0.125,5.586589058,8.779902,66.3848,FALSE,FALSE,582.8521,5.828521,
0.825,0.125,0.0214,0.05,5.841118766,7.995487,72.83657,FALSE,FALSE,582.3639,5.823639,
0.825,0.13,0.0214,0.045,6.074763516,7.995487,72.83657,FALSE,FALSE,582.3639,5.823639,
0.825,0.13,0.025,0.045,5.19999792,7.995487,72.83657,FALSE,FALSE,582.3639,5.823639,
0.775,0.08,0.025,0.145,3.19999872,9.172813,63.3521,FALSE,FALSE,581.117,5.81117,
0.775,0.08,0.0286,0.145,2.797201819,9.172813,63.3521,FALSE,FALSE,581.117,5.81117,
0.775,0.085,0.0286,0.14,2.972026933,9.172813,63.3521,FALSE,FALSE,581.117,5.81117,
0.775,0.09,0.0286,0.135,3.146852047,9.172813,63.3521,FALSE,FALSE,581.117,5.81117,
0.85,0.135,0.0214,0.015,6.308408267,7.806924,74.32303,FALSE,FALSE,580.23425,5.8023425,
0.85,0.135,0.025,0.015,5.39999784,7.806924,74.32303,FALSE,FALSE,580.23425,5.8023425,
0.85,0.14,0.0214,0.01,6.542053018,7.806924,74.32303,FALSE,FALSE,580.23425,5.8023425,
0.85,0.14,0.025,0.01,5.59999776,7.806924,74.32303,FALSE,FALSE,580.23425,5.8023425,
0.85,0.145,0.0214,0.005,6.775697768,7.806924,74.32303,FALSE,FALSE,580.23425,5.8023425,
0.85,0.145,0.025,0.005,5.79999768,7.806924,74.32303,FALSE,FALSE,580.23425,5.8023425,
0.85,0.145,0.0286,0.005,5.069928297,7.806924,74.32303,FALSE,FALSE,580.23425,5.8023425,
0.75,0.135,0.0143,0.115,9.440552839,8.6789,66.45969,FALSE,FALSE,576.79694,5.7679694,
0.75,0.135,0.0179,0.115,7.541895228,8.6789,66.45969,FALSE,FALSE,576.79694,5.7679694,
0.75,0.14,0.0143,0.11,9.790202944,8.6789,66.45969,FALSE,FALSE,576.79694,5.7679694,
0.75,0.14,0.0179,0.11,7.821224681,8.6789,66.45969,FALSE,FALSE,576.79694,5.7679694,
0.75,0.145,0.0179,0.105,8.100554134,8.6789,66.45969,FALSE,FALSE,576.79694,5.7679694,
0.75,0.12,0.05,0.13,2.39999952,10.314306,55.18892,FALSE,FALSE,569.2354,5.692354,
0.8,0.08,0.0214,0.12,3.73831601,8.018844,70.313934,FALSE,FALSE,563.8364,5.638364,
0.8,0.085,0.0214,0.115,3.971960761,8.018844,70.313934,FALSE,FALSE,563.8364,5.638364,
0.8,0.085,0.025,0.115,3.39999864,8.018844,70.313934,FALSE,FALSE,563.8364,5.638364,
0.8,0.09,0.0214,0.11,4.205605511,8.018844,70.313934,FALSE,FALSE,563.8364,5.638364,
0.8,0.09,0.025,0.11,3.59999856,8.018844,70.313934,FALSE,FALSE,563.8364,5.638364,
0.8,0.095,0.0214,0.105,4.439250262,8.018844,70.313934,FALSE,FALSE,563.8364,5.638364,
0.8,0.095,0.025,0.105,3.79999848,8.018844,70.313934,FALSE,FALSE,563.8364,5.638364,
0.825,0.075,0.0214,0.1,3.504671259,8.018844,70.313934,FALSE,FALSE,563.8364,5.638364,
0.8,0.125,0.025,0.075,4.999998,7.8473406,71.57115,FALSE,FALSE,561.6432,5.616432,
0.8,0.125,0.0286,0.075,4.370627842,7.8473406,71.57115,FALSE,FALSE,561.6432,5.616432,
0.775,0.085,0.0321,0.14,2.647974253,9.196712,61.06886,FALSE,FALSE,561.6327,5.616327,
0.775,0.09,0.0321,0.135,2.803737444,9.196712,61.06886,FALSE,FALSE,561.6327,5.616327,
0.775,0.09,0.0357,0.135,2.521007697,9.196712,61.06886,FALSE,FALSE,561.6327,5.616327,
0.8,0.1,0.0321,0.1,3.115263827,8.5438595,65.5817,FALSE,FALSE,560.32086,5.6032086,
0.8,0.1,0.0357,0.1,2.801119664,8.5438595,65.5817,FALSE,FALSE,560.32086,5.6032086,
0.8,0.1,0.0393,0.1,2.544528615,8.5438595,65.5817,FALSE,FALSE,560.32086,5.6032086,
0.8,0.105,0.0214,0.095,4.906539763,7.854801,71.332146,FALSE,FALSE,560.2998,5.602998,
0.8,0.105,0.025,0.095,4.19999832,7.854801,71.332146,FALSE,FALSE,560.2998,5.602998,
0.8,0.105,0.0286,0.095,3.671327388,7.854801,71.332146,FALSE,FALSE,560.2998,5.602998,
0.8,0.11,0.025,0.09,4.39999824,7.854801,71.332146,FALSE,FALSE,560.2998,5.602998,
0.8,0.11,0.0286,0.09,3.846152501,7.854801,71.332146,FALSE,FALSE,560.2998,5.602998,
0.8,0.115,0.025,0.085,4.59999816,7.854801,71.332146,FALSE,FALSE,560.2998,5.602998,
0.8,0.115,0.0286,0.085,4.020977615,7.854801,71.332146,FALSE,FALSE,560.2998,5.602998,
0.8,0.12,0.025,0.08,4.79999808,7.854801,71.332146,FALSE,FALSE,560.2998,5.602998,
0.8,0.12,0.0286,0.08,4.195802729,7.854801,71.332146,FALSE,FALSE,560.2998,5.602998,
0.825,0.1,0.0214,0.075,4.672895013,7.854801,71.332146,FALSE,FALSE,560.2998,5.602998,
0.825,0.1,0.025,0.075,3.9999984,7.854801,71.332146,FALSE,FALSE,560.2998,5.602998,
0.825,0.1,0.0286,0.075,3.496502274,7.854801,71.332146,FALSE,FALSE,560.2998,5.602998,
0.8,0.135,0.0214,0.065,6.308408267,7.983306,70.16701,FALSE,FALSE,560.1647,5.601647,
0.8,0.135,0.025,0.065,5.39999784,7.983306,70.16701,FALSE,FALSE,560.1647,5.601647,
0.8,0.14,0.0214,0.06,6.542053018,7.983306,70.16701,FALSE,FALSE,560.1647,5.601647,
0.8,0.14,0.025,0.06,5.59999776,7.983306,70.16701,FALSE,FALSE,560.1647,5.601647,
0.8,0.145,0.0214,0.055,6.775697768,7.983306,70.16701,FALSE,FALSE,560.1647,5.601647,
0.8,0.145,0.025,0.055,5.79999768,7.983306,70.16701,FALSE,FALSE,560.1647,5.601647,
0.8,0.145,0.0286,0.055,5.069928297,7.983306,70.16701,FALSE,FALSE,560.1647,5.601647,
0.825,0.135,0.0214,0.04,6.308408267,7.983306,70.16701,FALSE,FALSE,560.1647,5.601647,
0.825,0.135,0.025,0.04,5.39999784,7.983306,70.16701,FALSE,FALSE,560.1647,5.601647,
0.825,0.14,0.0214,0.035,6.542053018,7.983306,70.16701,FALSE,FALSE,560.1647,5.601647,
0.825,0.14,0.025,0.035,5.59999776,7.983306,70.16701,FALSE,FALSE,560.1647,5.601647,
0.825,0.145,0.0214,0.03,6.775697768,7.983306,70.16701,FALSE,FALSE,560.1647,5.601647,
0.825,0.145,0.025,0.03,5.79999768,7.983306,70.16701,FALSE,FALSE,560.1647,5.601647,
0.825,0.145,0.0286,0.03,5.069928297,7.983306,70.16701,FALSE,FALSE,560.1647,5.601647,
0.75,0.15,0.0429,0.1,3.496502681,9.761915,57.144302,FALSE,FALSE,557.8378,5.578378,
0.775,0.15,0.0321,0.075,4.672895741,9.247858,59.752533,FALSE,FALSE,552.58295,5.5258295,
0.775,0.15,0.0357,0.075,4.201679495,9.247858,59.752533,FALSE,FALSE,552.58295,5.5258295,
0.775,0.15,0.0393,0.075,3.816792922,9.247858,59.752533,FALSE,FALSE,552.58295,5.5258295,
0.75,0.11,0.0429,0.14,2.564101966,9.325125,58.83288,FALSE,FALSE,548.6239,5.486239,
0.75,0.115,0.0429,0.135,2.680652056,9.325125,58.83288,FALSE,FALSE,548.6239,5.486239,
0.8,0.075,0.0214,0.125,3.504671259,8.102727,67.00621,FALSE,FALSE,542.93304,5.4293304,
0.75,0.1,0.0107,0.15,9.345785658,8.844334,61.00223,FALSE,FALSE,539.5241,5.395241,
0.75,0.1,0.0143,0.15,6.993002103,8.844334,61.00223,FALSE,FALSE,539.5241,5.395241,
0.75,0.1,0.0179,0.15,5.586589058,8.844334,61.00223,FALSE,FALSE,539.5241,5.395241,
0.775,0.13,0.0143,0.095,9.090902734,7.7876825,69.262794,FALSE,FALSE,539.39667,5.3939667,
0.775,0.13,0.0179,0.095,7.262565775,7.7876825,69.262794,FALSE,FALSE,539.39667,5.3939667,
0.75,0.105,0.0107,0.145,9.813074941,8.779902,61.03737,FALSE,FALSE,535.90216,5.3590216,
0.75,0.105,0.0143,0.145,7.342652208,8.779902,61.03737,FALSE,FALSE,535.90216,5.3590216,
0.75,0.105,0.0179,0.145,5.865918511,8.779902,61.03737,FALSE,FALSE,535.90216,5.3590216,
0.75,0.11,0.0143,0.14,7.692302313,8.779902,61.03737,FALSE,FALSE,535.90216,5.3590216,
0.75,0.11,0.0179,0.14,6.145247964,8.779902,61.03737,FALSE,FALSE,535.90216,5.3590216,
0.75,0.115,0.0143,0.135,8.041952418,8.779902,61.03737,FALSE,FALSE,535.90216,5.3590216,
0.75,0.115,0.0179,0.135,6.424577416,8.779902,61.03737,FALSE,FALSE,535.90216,5.3590216,
0.75,0.15,0.0464,0.1,3.232757924,9.2233715,57.748253,FALSE,FALSE,532.6336,5.326336,
0.775,0.1,0.05,0.125,1.9999996,9.616496,55.248928,FALSE,FALSE,531.3011,5.313011,
0.775,0.145,0.0429,0.08,3.379952592,8.155361,64.92554,FALSE,FALSE,529.4912,5.294912,
0.75,0.13,0.0107,0.12,12.14952136,7.8239627,67.32805,FALSE,FALSE,526.77216,5.2677216,
0.775,0.125,0.0107,0.1,11.68223207,7.8239627,67.32805,FALSE,FALSE,526.77216,5.2677216,
0.775,0.11,0.0107,0.115,10.28036422,7.839144,67.18782,FALSE,FALSE,526.695,5.26695,
0.775,0.115,0.0107,0.11,10.74765351,7.839144,67.18782,FALSE,FALSE,526.695,5.26695,
0.775,0.12,0.0107,0.105,11.21494279,7.839144,67.18782,FALSE,FALSE,526.695,5.26695,
0.75,0.105,0.05,0.145,2.09999958,10.314306,51.024544,FALSE,FALSE,526.2828,5.262828,
0.75,0.11,0.05,0.14,2.19999956,10.314306,51.024544,FALSE,FALSE,526.2828,5.262828,
0.75,0.115,0.05,0.135,2.29999954,10.314306,51.024544,FALSE,FALSE,526.2828,5.262828,
0.85,0.15,0.0214,0,7.009342519,7.806924,66.84395,FALSE,FALSE,521.84564,5.2184564,
0.85,0.15,0.025,0,5.9999976,7.806924,66.84395,FALSE,FALSE,521.84564,5.2184564,
0.85,0.15,0.0286,0,5.244753411,7.806924,66.84395,FALSE,FALSE,521.84564,5.2184564,
0.775,0.13,0.0429,0.095,3.030302324,7.6289964,68.10135,FALSE,FALSE,519.5449,5.195449,
0.775,0.13,0.0464,0.095,2.801723534,7.6289964,68.10135,FALSE,FALSE,519.5449,5.195449,
0.775,0.135,0.0143,0.09,9.440552839,7.775502,66.78092,FALSE,FALSE,519.2552,5.192552,
0.775,0.135,0.0179,0.09,7.541895228,7.775502,66.78092,FALSE,FALSE,519.2552,5.192552,
0.775,0.14,0.0143,0.085,9.790202944,7.775502,66.78092,FALSE,FALSE,519.2552,5.192552,
0.775,0.14,0.0179,0.085,7.821224681,7.775502,66.78092,FALSE,FALSE,519.2552,5.192552,
0.775,0.145,0.0179,0.08,8.100554134,7.775502,66.78092,FALSE,FALSE,519.2552,5.192552,
0.8,0.125,0.0321,0.075,3.894079784,7.628299,67.46488,FALSE,FALSE,514.64233,5.1464233,
0.8,0.125,0.0357,0.075,3.501399579,7.628299,67.46488,FALSE,FALSE,514.64233,5.1464233,
0.75,0.125,0.0107,0.125,11.68223207,7.9227223,64.910355,FALSE,FALSE,514.2667,5.142667,
0.75,0.12,0.0107,0.13,11.21494279,7.937902,64.64383,FALSE,FALSE,513.13635,5.1313635,
0.75,0.15,0.0179,0.1,8.379883587,8.6789,58.995346,FALSE,FALSE,512.0147,5.120147,
0.75,0.135,0.0107,0.115,12.61681064,7.8353915,65.00043,FALSE,FALSE,509.3038,5.093038,
0.75,0.14,0.0107,0.11,13.08409992,7.8353915,65.00043,FALSE,FALSE,509.3038,5.093038,
0.75,0.145,0.0107,0.105,13.5513892,7.8353915,65.00043,FALSE,FALSE,509.3038,5.093038,
0.75,0.145,0.0143,0.105,10.13985305,7.8353915,65.00043,FALSE,FALSE,509.3038,5.093038,
0.775,0.095,0.0107,0.13,8.878496375,7.6693077,65.815285,FALSE,FALSE,504.75766,5.0475766,
0.775,0.095,0.0143,0.13,6.643351998,7.6693077,65.815285,FALSE,FALSE,504.75766,5.0475766,
0.775,0.095,0.0179,0.13,5.307259605,7.6693077,65.815285,FALSE,FALSE,504.75766,5.0475766,
0.775,0.105,0,0.12,10500000,7.8403344,64.225784,FALSE,FALSE,503.55164,5.0355164,
0.775,0.105,0.0036,0.12,29.16658565,7.8403344,64.225784,FALSE,FALSE,503.55164,5.0355164,
0.775,0.105,0.0071,0.12,14.78871157,7.8403344,64.225784,FALSE,FALSE,503.55164,5.0355164,
0.775,0.11,0,0.115,11000000,7.8403344,64.225784,FALSE,FALSE,503.55164,5.0355164,
0.775,0.11,0.0036,0.115,30.55547068,7.8403344,64.225784,FALSE,FALSE,503.55164,5.0355164,
0.775,0.11,0.0071,0.115,15.49293593,7.8403344,64.225784,FALSE,FALSE,503.55164,5.0355164,
0.775,0.115,0,0.11,11500000,7.8403344,64.225784,FALSE,FALSE,503.55164,5.0355164,
0.775,0.115,0.0036,0.11,31.94435571,7.8403344,64.225784,FALSE,FALSE,503.55164,5.0355164,
0.775,0.115,0.0071,0.11,16.19716029,7.8403344,64.225784,FALSE,FALSE,503.55164,5.0355164,
0.775,0.12,0,0.105,12000000,7.8403344,64.225784,FALSE,FALSE,503.55164,5.0355164,
0.775,0.12,0.0036,0.105,33.33324074,7.8403344,64.225784,FALSE,FALSE,503.55164,5.0355164,
0.775,0.12,0.0071,0.105,16.90138465,7.8403344,64.225784,FALSE,FALSE,503.55164,5.0355164,
0.8,0.1,0.0107,0.1,9.345785658,7.336237,68.52977,FALSE,FALSE,502.75064,5.0275064,
0.8,0.1,0.0143,0.1,6.993002103,7.336237,68.52977,FALSE,FALSE,502.75064,5.0275064,
0.8,0.1,0.0179,0.1,5.586589058,7.336237,68.52977,FALSE,FALSE,502.75064,5.0275064,
0.8,0.11,0.0321,0.09,3.42679021,7.6135545,65.95552,FALSE,FALSE,502.15594,5.0215594,
0.8,0.115,0.0321,0.085,3.582553401,7.6135545,65.95552,FALSE,FALSE,502.15594,5.0215594,
0.8,0.12,0.0321,0.08,3.738316592,7.6135545,65.95552,FALSE,FALSE,502.15594,5.0215594,
0.8,0.12,0.0357,0.08,3.361343596,7.6135545,65.95552,FALSE,FALSE,502.15594,5.0215594,
0.775,0.135,0.0429,0.09,3.146852413,7.616816,65.700096,FALSE,FALSE,500.42554,5.0042554,
0.775,0.135,0.0464,0.09,2.909482132,7.616816,65.700096,FALSE,FALSE,500.42554,5.0042554,
0.775,0.14,0.0429,0.085,3.263402503,7.616816,65.700096,FALSE,FALSE,500.42554,5.0042554,
0.775,0.14,0.0464,0.085,3.017240729,7.616816,65.700096,FALSE,FALSE,500.42554,5.0042554,
0.775,0.145,0.0464,0.08,3.124999327,7.616816,65.700096,FALSE,FALSE,500.42554,5.0042554,
0.75,0.13,0,0.12,13000000,7.825154,63.571224,FALSE,FALSE,497.45462,4.9745462,
0.75,0.13,0.0036,0.12,36.1110108,7.825154,63.571224,FALSE,FALSE,497.45462,4.9745462,
0.75,0.13,0.0071,0.12,18.30983337,7.825154,63.571224,FALSE,FALSE,497.45462,4.9745462,
0.775,0.125,0,0.1,12500000,7.825154,63.571224,FALSE,FALSE,497.45462,4.9745462,
0.775,0.125,0.0036,0.1,34.72212577,7.825154,63.571224,FALSE,FALSE,497.45462,4.9745462,
0.775,0.125,0.0071,0.1,17.60560901,7.825154,63.571224,FALSE,FALSE,497.45462,4.9745462,
0.8,0.08,0.025,0.12,3.19999872,7.087957,70.08311,FALSE,FALSE,496.74603,4.9674603,
0.8,0.08,0.0286,0.12,2.797201819,7.087957,70.08311,FALSE,FALSE,496.74603,4.9674603,
0.8,0.085,0.0286,0.115,2.972026933,7.087957,70.08311,FALSE,FALSE,496.74603,4.9674603,
0.8,0.09,0.0286,0.11,3.146852047,7.087957,70.08311,FALSE,FALSE,496.74603,4.9674603,
0.8,0.095,0.0286,0.105,3.32167716,7.087957,70.08311,FALSE,FALSE,496.74603,4.9674603,
0.825,0.075,0.025,0.1,2.9999988,7.087957,70.08311,FALSE,FALSE,496.74603,4.9674603,
0.825,0.075,0.0286,0.1,2.622376705,7.087957,70.08311,FALSE,FALSE,496.74603,4.9674603,
0.8,0.15,0.0214,0.05,7.009342519,7.983306,62.132393,FALSE,FALSE,496.0219,4.960219,
0.8,0.15,0.025,0.05,5.9999976,7.983306,62.132393,FALSE,FALSE,496.0219,4.960219,
0.8,0.15,0.0286,0.05,5.244753411,7.983306,62.132393,FALSE,FALSE,496.0219,4.960219,
0.825,0.15,0.0214,0.025,7.009342519,7.983306,62.132393,FALSE,FALSE,496.0219,4.960219,
0.825,0.15,0.025,0.025,5.9999976,7.983306,62.132393,FALSE,FALSE,496.0219,4.960219,
0.825,0.15,0.0286,0.025,5.244753411,7.983306,62.132393,FALSE,FALSE,496.0219,4.960219,
0.775,0.13,0.0107,0.095,12.14952136,7.2986455,67.67757,FALSE,FALSE,493.95456,4.9395456,
0.775,0.095,0.05,0.13,1.89999962,8.9183035,54.90942,FALSE,FALSE,489.69888,4.8969888,
0.85,0.125,0.025,0.025,4.999998,6.3434396,76.9122,FALSE,FALSE,487.8879,4.878879,
0.85,0.125,0.0286,0.025,4.370627842,6.3434396,76.9122,FALSE,FALSE,487.8879,4.878879,
0.85,0.13,0.0286,0.02,4.545452956,6.3434396,76.9122,FALSE,FALSE,487.8879,4.878879,
0.875,0.125,0.025,0,4.999998,6.3434396,76.9122,FALSE,FALSE,487.8879,4.878879,
0.875,0.125,0.0286,0,4.370627842,6.3434396,76.9122,FALSE,FALSE,487.8879,4.878879,
0.75,0.1,0.05,0.15,1.9999996,9.633074,50.545155,FALSE,FALSE,486.9052,4.869052,
0.85,0.125,0.0321,0.025,3.894079784,6.467151,75.12582,FALSE,FALSE,485.85,4.8585,
0.85,0.125,0.0357,0.025,3.501399579,6.467151,75.12582,FALSE,FALSE,485.85,4.8585,
0.85,0.13,0.0321,0.02,4.049842975,6.467151,75.12582,FALSE,FALSE,485.85,4.8585,
0.85,0.13,0.0357,0.02,3.641455563,6.467151,75.12582,FALSE,FALSE,485.85,4.8585,
0.875,0.125,0.0321,0,3.894079784,6.467151,75.12582,FALSE,FALSE,485.85,4.8585,
0.875,0.125,0.0357,0,3.501399579,6.467151,75.12582,FALSE,FALSE,485.85,4.8585,
0.85,0.1,0.0214,0.05,4.672895013,6.328695,76.51032,FALSE,FALSE,484.21048,4.8421048,
0.85,0.1,0.025,0.05,3.9999984,6.328695,76.51032,FALSE,FALSE,484.21048,4.8421048,
0.85,0.1,0.0286,0.05,3.496502274,6.328695,76.51032,FALSE,FALSE,484.21048,4.8421048,
0.85,0.105,0.0214,0.045,4.906539763,6.328695,76.51032,FALSE,FALSE,484.21048,4.8421048,
0.85,0.105,0.025,0.045,4.19999832,6.328695,76.51032,FALSE,FALSE,484.21048,4.8421048,
0.85,0.105,0.0286,0.045,3.671327388,6.328695,76.51032,FALSE,FALSE,484.21048,4.8421048,
0.85,0.11,0.025,0.04,4.39999824,6.328695,76.51032,FALSE,FALSE,484.21048,4.8421048,
0.85,0.11,0.0286,0.04,3.846152501,6.328695,76.51032,FALSE,FALSE,484.21048,4.8421048,
0.85,0.115,0.025,0.035,4.59999816,6.328695,76.51032,FALSE,FALSE,484.21048,4.8421048,
0.85,0.115,0.0286,0.035,4.020977615,6.328695,76.51032,FALSE,FALSE,484.21048,4.8421048,
0.85,0.12,0.025,0.03,4.79999808,6.328695,76.51032,FALSE,FALSE,484.21048,4.8421048,
0.85,0.12,0.0286,0.03,4.195802729,6.328695,76.51032,FALSE,FALSE,484.21048,4.8421048,
0.875,0.1,0.0214,0.025,4.672895013,6.328695,76.51032,FALSE,FALSE,484.21048,4.8421048,
0.875,0.1,0.025,0.025,3.9999984,6.328695,76.51032,FALSE,FALSE,484.21048,4.8421048,
0.875,0.1,0.0286,0.025,3.496502274,6.328695,76.51032,FALSE,FALSE,484.21048,4.8421048,
0.875,0.105,0.0214,0.02,4.906539763,6.328695,76.51032,FALSE,FALSE,484.21048,4.8421048,
0.875,0.105,0.025,0.02,4.19999832,6.328695,76.51032,FALSE,FALSE,484.21048,4.8421048,
0.875,0.105,0.0286,0.02,3.671327388,6.328695,76.51032,FALSE,FALSE,484.21048,4.8421048,
0.875,0.11,0.025,0.015,4.39999824,6.328695,76.51032,FALSE,FALSE,484.21048,4.8421048,
0.875,0.11,0.0286,0.015,3.846152501,6.328695,76.51032,FALSE,FALSE,484.21048,4.8421048,
0.875,0.115,0.025,0.01,4.59999816,6.328695,76.51032,FALSE,FALSE,484.21048,4.8421048,
0.875,0.115,0.0286,0.01,4.020977615,6.328695,76.51032,FALSE,FALSE,484.21048,4.8421048,
0.875,0.12,0.025,0.005,4.79999808,6.328695,76.51032,FALSE,FALSE,484.21048,4.8421048,
0.875,0.12,0.0286,0.005,4.195802729,6.328695,76.51032,FALSE,FALSE,484.21048,4.8421048,
0.75,0.125,0,0.125,12500000,7.9239135,60.760704,FALSE,FALSE,481.46255,4.8146255,
0.75,0.125,0.0036,0.125,34.72212577,7.9239135,60.760704,FALSE,FALSE,481.46255,4.8146255,
0.75,0.125,0.0071,0.125,17.60560901,7.9239135,60.760704,FALSE,FALSE,481.46255,4.8146255,
0.85,0.13,0.05,0.02,2.59999948,6.7108207,71.69077,FALSE,FALSE,481.1039,4.811039,
0.75,0.12,0,0.13,12000000,7.939093,60.58404,FALSE,FALSE,480.98236,4.8098236,
0.75,0.12,0.0036,0.13,33.33324074,7.939093,60.58404,FALSE,FALSE,480.98236,4.8098236,
0.75,0.12,0.0071,0.13,16.90138465,7.939093,60.58404,FALSE,FALSE,480.98236,4.8098236,
0.775,0.1,0,0.125,10000000,7.939093,60.58404,FALSE,FALSE,480.98236,4.8098236,
0.775,0.1,0.0036,0.125,27.77770062,7.939093,60.58404,FALSE,FALSE,480.98236,4.8098236,
0.775,0.1,0.0071,0.125,14.0844872,7.939093,60.58404,FALSE,FALSE,480.98236,4.8098236,
0.85,0.075,0.0214,0.075,3.504671259,6.3082323,75.938896,FALSE,FALSE,479.0402,4.790402,
0.8,0.075,0.025,0.125,2.9999988,7.1718435,66.77538,FALSE,FALSE,478.9026,4.789026,
0.8,0.075,0.0286,0.125,2.622376705,7.1718435,66.77538,FALSE,FALSE,478.9026,4.789026,
0.75,0.135,0,0.115,13500000,7.8365827,61.08062,FALSE,FALSE,478.66333,4.7866333,
0.75,0.135,0.0036,0.115,37.49989583,7.8365827,61.08062,FALSE,FALSE,478.66333,4.7866333,
0.75,0.135,0.0071,0.115,19.01405773,7.8365827,61.08062,FALSE,FALSE,478.66333,4.7866333,
0.75,0.14,0,0.11,14000000,7.8365827,61.08062,FALSE,FALSE,478.66333,4.7866333,
0.75,0.14,0.0036,0.11,38.88878086,7.8365827,61.08062,FALSE,FALSE,478.66333,4.7866333,
0.75,0.14,0.0071,0.11,19.71828209,7.8365827,61.08062,FALSE,FALSE,478.66333,4.7866333,
0.75,0.145,0,0.105,14500000,7.8365827,61.08062,FALSE,FALSE,478.66333,4.7866333,
0.75,0.145,0.0036,0.105,40.2776659,7.8365827,61.08062,FALSE,FALSE,478.66333,4.7866333,
0.75,0.145,0.0071,0.105,20.42250645,7.8365827,61.08062,FALSE,FALSE,478.66333,4.7866333,
0.775,0.135,0.0107,0.09,12.61681064,7.3100743,65.34996,FALSE,FALSE,477.71307,4.7771307,
0.775,0.14,0.0107,0.085,13.08409992,7.3100743,65.34996,FALSE,FALSE,477.71307,4.7771307,
0.775,0.145,0.0107,0.08,13.5513892,7.3100743,65.34996,FALSE,FALSE,477.71307,4.7771307,
0.775,0.145,0.0143,0.08,10.13985305,7.3100743,65.34996,FALSE,FALSE,477.71307,4.7771307,
0.85,0.11,0.0321,0.04,3.42679021,6.4524064,73.98003,FALSE,FALSE,477.34918,4.7734918,
0.85,0.115,0.0321,0.035,3.582553401,6.4524064,73.98003,FALSE,FALSE,477.34918,4.7734918,
0.85,0.12,0.0321,0.03,3.738316592,6.4524064,73.98003,FALSE,FALSE,477.34918,4.7734918,
0.85,0.12,0.0357,0.03,3.361343596,6.4524064,73.98003,FALSE,FALSE,477.34918,4.7734918,
0.875,0.11,0.0321,0.015,3.42679021,6.4524064,73.98003,FALSE,FALSE,477.34918,4.7734918,
0.875,0.115,0.0321,0.01,3.582553401,6.4524064,73.98003,FALSE,FALSE,477.34918,4.7734918,
0.875,0.12,0.0321,0.005,3.738316592,6.4524064,73.98003,FALSE,FALSE,477.34918,4.7734918,
0.875,0.12,0.0357,0.005,3.361343596,6.4524064,73.98003,FALSE,FALSE,477.34918,4.7734918,
0.75,0.11,0.0107,0.14,10.28036422,7.937902,59.975826,FALSE,FALSE,476.08224,4.7608224,
0.75,0.115,0.0107,0.135,10.74765351,7.937902,59.975826,FALSE,FALSE,476.08224,4.7608224,
0.8,0.125,0.0393,0.075,3.180660768,6.963391,67.82191,FALSE,FALSE,472.27045,4.7227045,
0.825,0.07,0.0214,0.105,3.271026509,6.867324,68.67068,FALSE,FALSE,471.58377,4.7158377,
0.825,0.07,0.025,0.105,2.79999888,6.867324,68.67068,FALSE,FALSE,471.58377,4.7158377,
0.8,0.085,0.0321,0.115,2.647974253,7.1168823,65.96901,FALSE,FALSE,469.49368,4.6949368,
0.8,0.09,0.0321,0.11,2.803737444,7.1168823,65.96901,FALSE,FALSE,469.49368,4.6949368,
0.8,0.09,0.0357,0.11,2.521007697,7.1168823,65.96901,FALSE,FALSE,469.49368,4.6949368,
0.8,0.095,0.0321,0.105,2.959500636,7.1168823,65.96901,FALSE,FALSE,469.49368,4.6949368,
0.8,0.095,0.0357,0.105,2.66106368,7.1168823,65.96901,FALSE,FALSE,469.49368,4.6949368,
0.85,0.135,0.0286,0.015,4.72027807,6.331259,74.13422,FALSE,FALSE,469.3629,4.693629,
0.85,0.14,0.0286,0.01,4.895103184,6.331259,74.13422,FALSE,FALSE,469.3629,4.693629,
0.85,0.135,0.0321,0.015,4.205606166,6.4549704,72.600105,FALSE,FALSE,468.63153,4.6863153,
0.85,0.135,0.0357,0.015,3.781511546,6.4549704,72.600105,FALSE,FALSE,468.63153,4.6863153,
0.85,0.135,0.0393,0.015,3.43511363,6.4549704,72.600105,FALSE,FALSE,468.63153,4.6863153,
0.85,0.14,0.0321,0.01,4.361369358,6.4549704,72.600105,FALSE,FALSE,468.63153,4.6863153,
0.85,0.14,0.0357,0.01,3.921567529,6.4549704,72.600105,FALSE,FALSE,468.63153,4.6863153,
0.85,0.14,0.0393,0.01,3.56234006,6.4549704,72.600105,FALSE,FALSE,468.63153,4.6863153,
0.85,0.145,0.0321,0.005,4.517132549,6.4549704,72.600105,FALSE,FALSE,468.63153,4.6863153,
0.85,0.145,0.0357,0.005,4.061623512,6.4549704,72.600105,FALSE,FALSE,468.63153,4.6863153,
0.85,0.145,0.0393,0.005,3.689566491,6.4549704,72.600105,FALSE,FALSE,468.63153,4.6863153,
0.8,0.13,0.0286,0.07,4.545452956,6.5068336,71.93384,FALSE,FALSE,468.06152,4.6806152,
0.775,0.075,0.0107,0.15,7.009339244,7.733739,60.432728,FALSE,FALSE,467.37094,4.6737094,
0.775,0.075,0.0143,0.15,5.244751577,7.733739,60.432728,FALSE,FALSE,467.37094,4.6737094,
0.825,0.105,0.0214,0.07,4.906539763,6.514294,71.69483,FALSE,FALSE,467.04123,4.6704123,
0.825,0.105,0.025,0.07,4.19999832,6.514294,71.69483,FALSE,FALSE,467.04123,4.6704123,
0.825,0.105,0.0286,0.07,3.671327388,6.514294,71.69483,FALSE,FALSE,467.04123,4.6704123,
0.775,0.13,0,0.095,13000000,7.2998357,63.86717,FALSE,FALSE,466.21985,4.6621985,
0.775,0.13,0.0036,0.095,36.1110108,7.2998357,63.86717,FALSE,FALSE,466.21985,4.6621985,
0.775,0.13,0.0071,0.095,18.30983337,7.2998357,63.86717,FALSE,FALSE,466.21985,4.6621985,
0.775,0.15,0.0429,0.075,3.496502681,8.155361,57.05271,FALSE,FALSE,465.28546,4.6528546,
0.85,0.135,0.05,0.015,2.69999946,6.6872106,69.365654,FALSE,FALSE,463.86273,4.6386273,
0.85,0.14,0.05,0.01,2.79999944,6.6872106,69.365654,FALSE,FALSE,463.86273,4.6386273,
0.85,0.145,0.05,0.005,2.89999942,6.6872106,69.365654,FALSE,FALSE,463.86273,4.6386273,
0.775,0.08,0.0107,0.145,7.476628527,7.6693077,60.46787,FALSE,FALSE,463.7467,4.637467,
0.775,0.08,0.0143,0.145,5.594401682,7.6693077,60.46787,FALSE,FALSE,463.7467,4.637467,
0.775,0.085,0.0107,0.14,7.943917809,7.6693077,60.46787,FALSE,FALSE,463.7467,4.637467,
0.775,0.085,0.0143,0.14,5.944051787,7.6693077,60.46787,FALSE,FALSE,463.7467,4.637467,
0.775,0.09,0.0107,0.135,8.411207092,7.6693077,60.46787,FALSE,FALSE,463.7467,4.637467,
0.775,0.09,0.0143,0.135,6.293701893,7.6693077,60.46787,FALSE,FALSE,463.7467,4.637467,
0.775,0.09,0.0179,0.135,5.027930152,7.6693077,60.46787,FALSE,FALSE,463.7467,4.637467,
0.9,0.1,0.0214,0,4.672895013,5.878878,78.6375,FALSE,TRUE,462.30026,4.6230026,
0.9,0.1,0.025,0,3.9999984,5.878878,78.6375,FALSE,TRUE,462.30026,4.6230026,
0.9,0.1,0.0286,0,3.496502274,5.878878,78.6375,FALSE,TRUE,462.30026,4.6230026,
0.825,0.125,0.025,0.05,4.999998,6.4864736,71.19026,FALSE,FALSE,461.77374,4.6177374,
0.825,0.125,0.0286,0.05,4.370627842,6.4864736,71.19026,FALSE,FALSE,461.77374,4.6177374,
0.825,0.13,0.0286,0.045,4.545452956,6.4864736,71.19026,FALSE,FALSE,461.77374,4.6177374,
0.8,0.105,0.0321,0.095,3.271027018,6.948646,66.32234,FALSE,FALSE,460.8505,4.608505,
0.8,0.105,0.0357,0.095,2.941175647,6.948646,66.32234,FALSE,FALSE,460.8505,4.608505,
0.8,0.105,0.0393,0.095,2.671755045,6.948646,66.32234,FALSE,FALSE,460.8505,4.608505,
0.8,0.11,0.0357,0.09,3.08123163,6.948646,66.32234,FALSE,FALSE,460.8505,4.608505,
0.8,0.11,0.0393,0.09,2.798981476,6.948646,66.32234,FALSE,FALSE,460.8505,4.608505,
0.8,0.115,0.0357,0.085,3.221287613,6.948646,66.32234,FALSE,FALSE,460.8505,4.608505,
0.8,0.115,0.0393,0.085,2.926207907,6.948646,66.32234,FALSE,FALSE,460.8505,4.608505,
0.8,0.12,0.0393,0.08,3.053434338,6.948646,66.32234,FALSE,FALSE,460.8505,4.608505,
0.825,0.1,0.0321,0.075,3.115263827,6.948646,66.32234,FALSE,FALSE,460.8505,4.608505,
0.825,0.1,0.0357,0.075,2.801119664,6.948646,66.32234,FALSE,FALSE,460.8505,4.608505,
0.825,0.1,0.0393,0.075,2.544528615,6.948646,66.32234,FALSE,FALSE,460.8505,4.608505,
0.825,0.11,0.025,0.065,4.39999824,6.493934,70.951256,FALSE,FALSE,460.75278,4.6075278,
0.825,0.11,0.0286,0.065,3.846152501,6.493934,70.951256,FALSE,FALSE,460.75278,4.6075278,
0.825,0.115,0.025,0.06,4.59999816,6.493934,70.951256,FALSE,FALSE,460.75278,4.6075278,
0.825,0.115,0.0286,0.06,4.020977615,6.493934,70.951256,FALSE,FALSE,460.75278,4.6075278,
0.825,0.12,0.025,0.055,4.79999808,6.493934,70.951256,FALSE,FALSE,460.75278,4.6075278,
0.825,0.12,0.0286,0.055,4.195802729,6.493934,70.951256,FALSE,FALSE,460.75278,4.6075278,
0.775,0.15,0.0179,0.075,8.379883587,7.775502,58.903732,FALSE,FALSE,458.0061,4.580061,
0.825,0.055,0.0214,0.12,2.570092257,6.682746,68.52748,FALSE,FALSE,457.95175,4.5795175,
0.825,0.06,0.0214,0.115,2.803737008,6.682746,68.52748,FALSE,FALSE,457.95175,4.5795175,
0.825,0.065,0.0214,0.11,3.037381758,6.682746,68.52748,FALSE,FALSE,457.95175,4.5795175,
0.825,0.065,0.025,0.11,2.59999896,6.682746,68.52748,FALSE,FALSE,457.95175,4.5795175,
0.8,0.07,0.0214,0.13,3.271026509,6.9512105,65.36295,FALSE,FALSE,454.35165,4.5435165,
0.8,0.07,0.025,0.13,2.79999888,6.9512105,65.36295,FALSE,FALSE,454.35165,4.5435165,
0.8,0.105,0.0107,0.095,9.813074941,6.586241,68.871155,FALSE,FALSE,453.60202,4.5360202,
0.8,0.105,0.0143,0.095,7.342652208,6.586241,68.871155,FALSE,FALSE,453.60202,4.5360202,
0.8,0.105,0.0179,0.095,5.865918511,6.586241,68.871155,FALSE,FALSE,453.60202,4.5360202,
0.8,0.11,0.0143,0.09,7.692302313,6.586241,68.871155,FALSE,FALSE,453.60202,4.5360202,
0.8,0.11,0.0179,0.09,6.145247964,6.586241,68.871155,FALSE,FALSE,453.60202,4.5360202,
0.8,0.115,0.0143,0.085,8.041952418,6.586241,68.871155,FALSE,FALSE,453.60202,4.5360202,
0.8,0.115,0.0179,0.085,6.424577416,6.586241,68.871155,FALSE,FALSE,453.60202,4.5360202,
0.8,0.12,0.0143,0.08,8.391602523,6.586241,68.871155,FALSE,FALSE,453.60202,4.5360202,
0.8,0.12,0.0179,0.08,6.703906869,6.586241,68.871155,FALSE,FALSE,453.60202,4.5360202,
0.825,0.1,0.0107,0.075,9.345785658,6.586241,68.871155,FALSE,FALSE,453.60202,4.5360202,
0.825,0.1,0.0143,0.075,6.993002103,6.586241,68.871155,FALSE,FALSE,453.60202,4.5360202,
0.825,0.1,0.0179,0.075,5.586589058,6.586241,68.871155,FALSE,FALSE,453.60202,4.5360202,
0.825,0.08,0.0214,0.095,3.73831601,6.3991423,70.81922,FALSE,FALSE,453.18228,4.5318228,
0.825,0.085,0.0214,0.09,3.971960761,6.3991423,70.81922,FALSE,FALSE,453.18228,4.5318228,
0.825,0.085,0.025,0.09,3.39999864,6.3991423,70.81922,FALSE,FALSE,453.18228,4.5318228,
0.825,0.09,0.0214,0.085,4.205605511,6.3991423,70.81922,FALSE,FALSE,453.18228,4.5318228,
0.825,0.09,0.025,0.085,3.59999856,6.3991423,70.81922,FALSE,FALSE,453.18228,4.5318228,
0.825,0.095,0.0214,0.08,4.439250262,6.3991423,70.81922,FALSE,FALSE,453.18228,4.5318228,
0.825,0.095,0.025,0.08,3.79999848,6.3991423,70.81922,FALSE,FALSE,453.18228,4.5318228,
0.75,0.15,0.0107,0.1,14.01867849,7.8353915,57.834785,FALSE,FALSE,453.15817,4.5315817,
0.75,0.15,0.0143,0.1,10.48950315,7.8353915,57.834785,FALSE,FALSE,453.15817,4.5315817,
0.8,0.125,0.0143,0.075,8.741252628,6.549638,68.933876,FALSE,FALSE,451.4919,4.514919,
0.8,0.125,0.0179,0.075,6.983236322,6.549638,68.933876,FALSE,FALSE,451.4919,4.514919,
0.775,0.135,0,0.09,13500000,7.3112645,61.376564,FALSE,FALSE,448.7403,4.487403,
0.775,0.135,0.0036,0.09,37.49989583,7.3112645,61.376564,FALSE,FALSE,448.7403,4.487403,
0.775,0.135,0.0071,0.09,19.01405773,7.3112645,61.376564,FALSE,FALSE,448.7403,4.487403,
0.775,0.14,0,0.085,14000000,7.3112645,61.376564,FALSE,FALSE,448.7403,4.487403,
0.775,0.14,0.0036,0.085,38.88878086,7.3112645,61.376564,FALSE,FALSE,448.7403,4.487403,
0.775,0.14,0.0071,0.085,19.71828209,7.3112645,61.376564,FALSE,FALSE,448.7403,4.487403,
0.775,0.145,0,0.08,14500000,7.3112645,61.376564,FALSE,FALSE,448.7403,4.487403,
0.775,0.145,0.0036,0.08,40.2776659,7.3112645,61.376564,FALSE,FALSE,448.7403,4.487403,
0.775,0.145,0.0071,0.08,20.42250645,7.3112645,61.376564,FALSE,FALSE,448.7403,4.487403,
0.775,0.075,0.05,0.15,1.4999997,8.934881,50.205647,FALSE,FALSE,448.58148,4.4858148,
0.775,0.08,0.05,0.145,1.59999968,8.9183035,50.268887,FALSE,FALSE,448.31317,4.4831317,
0.775,0.085,0.05,0.14,1.69999966,8.9183035,50.268887,FALSE,FALSE,448.31317,4.4831317,
0.775,0.09,0.05,0.135,1.79999964,8.9183035,50.268887,FALSE,FALSE,448.31317,4.4831317,
0.75,0.1,0,0.15,10000000,8.020228,55.713486,FALSE,FALSE,446.83487,4.4683487,
0.75,0.1,0.0036,0.15,27.77770062,8.020228,55.713486,FALSE,FALSE,446.83487,4.4683487,
0.75,0.1,0.0071,0.15,14.0844872,8.020228,55.713486,FALSE,FALSE,446.83487,4.4683487,
0.85,0.125,0.0393,0.025,3.180660768,5.846836,76.253944,FALSE,FALSE,445.8443,4.458443,
0.85,0.13,0.0393,0.02,3.307887199,5.846836,76.253944,FALSE,FALSE,445.8443,4.458443,
0.875,0.125,0.0393,0,3.180660768,5.846836,76.253944,FALSE,FALSE,445.8443,4.458443,
0.8,0.135,0.0286,0.065,4.72027807,6.4742928,68.554306,FALSE,FALSE,443.84064,4.4384064,
0.8,0.14,0.0286,0.06,4.895103184,6.4742928,68.554306,FALSE,FALSE,443.84064,4.4384064,
0.825,0.135,0.0286,0.04,4.72027807,6.4742928,68.554306,FALSE,FALSE,443.84064,4.4384064,
0.825,0.14,0.0286,0.035,4.895103184,6.4742928,68.554306,FALSE,FALSE,443.84064,4.4384064,
0.75,0.105,0,0.145,10500000,7.939093,55.74339,FALSE,FALSE,442.55197,4.4255197,
0.75,0.105,0.0036,0.145,29.16658565,7.939093,55.74339,FALSE,FALSE,442.55197,4.4255197,
0.75,0.105,0.0071,0.145,14.78871157,7.939093,55.74339,FALSE,FALSE,442.55197,4.4255197,
0.75,0.11,0,0.14,11000000,7.939093,55.74339,FALSE,FALSE,442.55197,4.4255197,
0.75,0.11,0.0036,0.14,30.55547068,7.939093,55.74339,FALSE,FALSE,442.55197,4.4255197,
0.75,0.11,0.0071,0.14,15.49293593,7.939093,55.74339,FALSE,FALSE,442.55197,4.4255197,
0.75,0.115,0,0.135,11500000,7.939093,55.74339,FALSE,FALSE,442.55197,4.4255197,
0.75,0.115,0.0036,0.135,31.94435571,7.939093,55.74339,FALSE,FALSE,442.55197,4.4255197,
0.75,0.115,0.0071,0.135,16.19716029,7.939093,55.74339,FALSE,FALSE,442.55197,4.4255197,
0.775,0.075,0.0179,0.15,4.189941793,7.40601,59.69224,FALSE,FALSE,442.08136,4.4208136,
0.775,0.15,0.0464,0.075,3.232757924,7.616816,57.656662,FALSE,FALSE,439.1602,4.391602,
0.775,0.08,0.0179,0.145,4.469271246,7.34158,59.727383,FALSE,FALSE,438.49335,4.3849335,
0.775,0.085,0.0179,0.14,4.748600699,7.34158,59.727383,FALSE,FALSE,438.49335,4.3849335,
0.85,0.1,0.0321,0.05,3.115263827,5.8320913,75.1342,FALSE,FALSE,438.1895,4.381895,
0.85,0.1,0.0357,0.05,2.801119664,5.8320913,75.1342,FALSE,FALSE,438.1895,4.381895,
0.85,0.1,0.0393,0.05,2.544528615,5.8320913,75.1342,FALSE,FALSE,438.1895,4.381895,
0.85,0.105,0.0321,0.045,3.271027018,5.8320913,75.1342,FALSE,FALSE,438.1895,4.381895,
0.85,0.105,0.0357,0.045,2.941175647,5.8320913,75.1342,FALSE,FALSE,438.1895,4.381895,
0.85,0.105,0.0393,0.045,2.671755045,5.8320913,75.1342,FALSE,FALSE,438.1895,4.381895,
0.85,0.11,0.0357,0.04,3.08123163,5.8320913,75.1342,FALSE,FALSE,438.1895,4.381895,
0.85,0.11,0.0393,0.04,2.798981476,5.8320913,75.1342,FALSE,FALSE,438.1895,4.381895,
0.85,0.115,0.0357,0.035,3.221287613,5.8320913,75.1342,FALSE,FALSE,438.1895,4.381895,
0.85,0.115,0.0393,0.035,2.926207907,5.8320913,75.1342,FALSE,FALSE,438.1895,4.381895,
0.85,0.12,0.0393,0.03,3.053434338,5.8320913,75.1342,FALSE,FALSE,438.1895,4.381895,
0.875,0.1,0.0321,0.025,3.115263827,5.8320913,75.1342,FALSE,FALSE,438.1895,4.381895,
0.875,0.1,0.0357,0.025,2.801119664,5.8320913,75.1342,FALSE,FALSE,438.1895,4.381895,
0.875,0.1,0.0393,0.025,2.544528615,5.8320913,75.1342,FALSE,FALSE,438.1895,4.381895,
0.875,0.105,0.0321,0.02,3.271027018,5.8320913,75.1342,FALSE,FALSE,438.1895,4.381895,
0.875,0.105,0.0357,0.02,2.941175647,5.8320913,75.1342,FALSE,FALSE,438.1895,4.381895,
0.875,0.105,0.0393,0.02,2.671755045,5.8320913,75.1342,FALSE,FALSE,438.1895,4.381895,
0.875,0.11,0.0357,0.015,3.08123163,5.8320913,75.1342,FALSE,FALSE,438.1895,4.381895,
0.875,0.11,0.0393,0.015,2.798981476,5.8320913,75.1342,FALSE,FALSE,438.1895,4.381895,
0.875,0.115,0.0357,0.01,3.221287613,5.8320913,75.1342,FALSE,FALSE,438.1895,4.381895,
0.875,0.115,0.0393,0.01,2.926207907,5.8320913,75.1342,FALSE,FALSE,438.1895,4.381895,
0.875,0.12,0.0393,0.005,3.053434338,5.8320913,75.1342,FALSE,FALSE,438.1895,4.381895,
0.85,0.03,0.0036,0.12,8.333310185,5.857364,74.54871,FALSE,FALSE,436.65897,4.3665897,
0.85,0.035,0.0036,0.115,9.722195216,5.857364,74.54871,FALSE,FALSE,436.65897,4.3665897,
0.85,0.04,0.0071,0.11,5.633794882,5.857364,74.54871,FALSE,FALSE,436.65897,4.3665897,
0.85,0.045,0.0071,0.105,6.338019242,5.857364,74.54871,FALSE,FALSE,436.65897,4.3665897,
0.875,0.02,0.0036,0.105,5.555540123,5.857364,74.54871,FALSE,FALSE,436.65897,4.3665897,
0.875,0.025,0.0036,0.1,6.944425154,5.857364,74.54871,FALSE,FALSE,436.65897,4.3665897,
0.8,0.08,0.0107,0.12,7.476628527,6.3300877,67.94559,FALSE,FALSE,430.10153,4.3010153,
0.8,0.08,0.0143,0.12,5.594401682,6.3300877,67.94559,FALSE,FALSE,430.10153,4.3010153,
0.8,0.085,0.0107,0.115,7.943917809,6.3300877,67.94559,FALSE,FALSE,430.10153,4.3010153,
0.8,0.085,0.0143,0.115,5.944051787,6.3300877,67.94559,FALSE,FALSE,430.10153,4.3010153,
0.8,0.09,0.0107,0.11,8.411207092,6.3300877,67.94559,FALSE,FALSE,430.10153,4.3010153,
0.8,0.09,0.0143,0.11,6.293701893,6.3300877,67.94559,FALSE,FALSE,430.10153,4.3010153,
0.8,0.09,0.0179,0.11,5.027930152,6.3300877,67.94559,FALSE,FALSE,430.10153,4.3010153,
0.8,0.095,0.0107,0.105,8.878496375,6.3300877,67.94559,FALSE,FALSE,430.10153,4.3010153,
0.8,0.095,0.0143,0.105,6.643351998,6.3300877,67.94559,FALSE,FALSE,430.10153,4.3010153,
0.8,0.095,0.0179,0.105,5.307259605,6.3300877,67.94559,FALSE,FALSE,430.10153,4.3010153,
0.825,0.075,0.0107,0.1,7.009339244,6.3300877,67.94559,FALSE,FALSE,430.10153,4.3010153,
0.825,0.075,0.0143,0.1,5.244751577,6.3300877,67.94559,FALSE,FALSE,430.10153,4.3010153,
0.8,0.13,0.0321,0.07,4.049842975,6.287792,67.744835,FALSE,FALSE,425.96545,4.2596545,
0.8,0.13,0.0357,0.07,3.641455563,6.287792,67.744835,FALSE,FALSE,425.96545,4.2596545,
0.8,0.13,0.05,0.07,2.59999948,6.6648264,63.70625,FALSE,FALSE,424.5911,4.245911,
0.775,0.15,0.0107,0.075,14.01867849,7.3100743,57.74317,FALSE,FALSE,422.10687,4.2210687,
0.775,0.15,0.0143,0.075,10.48950315,7.3100743,57.74317,FALSE,FALSE,422.10687,4.2210687,
0.85,0.15,0.0321,0,4.672895741,6.4549704,65.14347,FALSE,FALSE,420.49918,4.2049918,
0.85,0.15,0.0357,0,4.201679495,6.4549704,65.14347,FALSE,FALSE,420.49918,4.2049918,
0.85,0.15,0.0393,0,3.816792922,6.4549704,65.14347,FALSE,FALSE,420.49918,4.2049918,
0.825,0.13,0.05,0.045,2.59999948,6.6648264,63.0808,FALSE,FALSE,420.42258,4.2042258,
0.825,0.125,0.0321,0.05,3.894079784,6.267432,67.00124,FALSE,FALSE,419.92575,4.1992575,
0.825,0.125,0.0357,0.05,3.501399579,6.267432,67.00124,FALSE,FALSE,419.92575,4.1992575,
0.825,0.13,0.0321,0.045,4.049842975,6.267432,67.00124,FALSE,FALSE,419.92575,4.1992575,
0.825,0.13,0.0357,0.045,3.641455563,6.267432,67.00124,FALSE,FALSE,419.92575,4.1992575,
0.75,0.15,0,0.1,15000000,7.8365827,52.948574,FALSE,FALSE,414.93588,4.1493588,
0.75,0.15,0.0036,0.1,41.66655093,7.8365827,52.948574,FALSE,FALSE,414.93588,4.1493588,
0.75,0.15,0.0071,0.1,21.12673081,7.8365827,52.948574,FALSE,FALSE,414.93588,4.1493588,
0.8,0.075,0.0107,0.125,7.009339244,6.299285,65.51695,FALSE,FALSE,412.70996,4.1270996,
0.8,0.075,0.0143,0.125,5.244751577,6.299285,65.51695,FALSE,FALSE,412.70996,4.1270996,
0.85,0.15,0.05,0,2.9999994,6.6872106,61.704693,FALSE,FALSE,412.63226,4.1263226,
0.85,0.075,0.025,0.075,2.9999988,5.3773484,76.592415,FALSE,FALSE,411.8641,4.118641,
0.85,0.075,0.0286,0.075,2.622376705,5.3773484,76.592415,FALSE,FALSE,411.8641,4.118641,
0.825,0.11,0.0321,0.065,3.42679021,6.2526875,65.49188,FALSE,FALSE,409.50027,4.0950027,
0.825,0.115,0.0321,0.06,3.582553401,6.2526875,65.49188,FALSE,FALSE,409.50027,4.0950027,
0.825,0.12,0.0321,0.055,3.738316592,6.2526875,65.49188,FALSE,FALSE,409.50027,4.0950027,
0.825,0.12,0.0357,0.055,3.361343596,6.2526875,65.49188,FALSE,FALSE,409.50027,4.0950027,
0.8,0.055,0.0214,0.145,2.570092257,6.7666326,60.49755,FALSE,FALSE,409.3647,4.093647,
0.8,0.06,0.0214,0.14,2.803737008,6.7666326,60.49755,FALSE,FALSE,409.3647,4.093647,
0.8,0.065,0.0214,0.135,3.037381758,6.7666326,60.49755,FALSE,FALSE,409.3647,4.093647,
0.8,0.065,0.025,0.135,2.59999896,6.7666326,60.49755,FALSE,FALSE,409.3647,4.093647,
0.8,0.135,0.05,0.065,2.69999946,6.641217,61.631897,FALSE,FALSE,409.31082,4.0931082,
0.8,0.14,0.05,0.06,2.79999944,6.641217,61.631897,FALSE,FALSE,409.31082,4.0931082,
0.8,0.145,0.05,0.055,2.89999942,6.641217,61.631897,FALSE,FALSE,409.31082,4.0931082,
0.825,0.135,0.05,0.04,2.69999946,6.641217,61.631897,FALSE,FALSE,409.31082,4.0931082,
0.825,0.14,0.05,0.035,2.79999944,6.641217,61.631897,FALSE,FALSE,409.31082,4.0931082,
0.825,0.145,0.05,0.03,2.89999942,6.641217,61.631897,FALSE,FALSE,409.31082,4.0931082,
0.825,0.055,0.0107,0.12,5.140182112,6.1050096,67.00381,FALSE,FALSE,409.05887,4.0905887,
0.825,0.06,0.0107,0.115,5.607471395,6.1050096,67.00381,FALSE,FALSE,409.05887,4.0905887,
0.825,0.065,0.0107,0.11,6.074760678,6.1050096,67.00381,FALSE,FALSE,409.05887,4.0905887,
0.825,0.07,0.0107,0.105,6.542049961,6.137714,66.46241,FALSE,FALSE,407.92725,4.0792725,
0.85,0.02,0.0036,0.13,5.555540123,5.8265615,69.67924,FALSE,FALSE,405.99036,4.0599036,
0.85,0.025,0.0036,0.125,6.944425154,5.8265615,69.67924,FALSE,FALSE,405.99036,4.0599036,
0.85,0.05,0.0071,0.1,7.042243602,5.857364,69.22654,FALSE,FALSE,405.48505,4.0548505,
0.8,0.135,0.0321,0.065,4.205606166,6.2552514,64.63759,FALSE,FALSE,404.32437,4.0432437,
0.8,0.135,0.0357,0.065,3.781511546,6.2552514,64.63759,FALSE,FALSE,404.32437,4.0432437,
0.8,0.135,0.0393,0.065,3.43511363,6.2552514,64.63759,FALSE,FALSE,404.32437,4.0432437,
0.8,0.14,0.0321,0.06,4.361369358,6.2552514,64.63759,FALSE,FALSE,404.32437,4.0432437,
0.8,0.14,0.0357,0.06,3.921567529,6.2552514,64.63759,FALSE,FALSE,404.32437,4.0432437,
0.8,0.14,0.0393,0.06,3.56234006,6.2552514,64.63759,FALSE,FALSE,404.32437,4.0432437,
0.8,0.145,0.0321,0.055,4.517132549,6.2552514,64.63759,FALSE,FALSE,404.32437,4.0432437,
0.8,0.145,0.0357,0.055,4.061623512,6.2552514,64.63759,FALSE,FALSE,404.32437,4.0432437,
0.8,0.145,0.0393,0.055,3.689566491,6.2552514,64.63759,FALSE,FALSE,404.32437,4.0432437,
0.825,0.135,0.0321,0.04,4.205606166,6.2552514,64.63759,FALSE,FALSE,404.32437,4.0432437,
0.825,0.135,0.0357,0.04,3.781511546,6.2552514,64.63759,FALSE,FALSE,404.32437,4.0432437,
0.825,0.135,0.0393,0.04,3.43511363,6.2552514,64.63759,FALSE,FALSE,404.32437,4.0432437,
0.825,0.14,0.0321,0.035,4.361369358,6.2552514,64.63759,FALSE,FALSE,404.32437,4.0432437,
0.825,0.14,0.0357,0.035,3.921567529,6.2552514,64.63759,FALSE,FALSE,404.32437,4.0432437,
0.825,0.14,0.0393,0.035,3.56234006,6.2552514,64.63759,FALSE,FALSE,404.32437,4.0432437,
0.825,0.145,0.0321,0.03,4.517132549,6.2552514,64.63759,FALSE,FALSE,404.32437,4.0432437,
0.825,0.145,0.0357,0.03,4.061623512,6.2552514,64.63759,FALSE,FALSE,404.32437,4.0432437,
0.825,0.145,0.0393,0.03,3.689566491,6.2552514,64.63759,FALSE,FALSE,404.32437,4.0432437,
0.775,0.095,0,0.13,9500000,6.7847323,59.543697,FALSE,FALSE,403.98804,4.0398804,
0.775,0.095,0.0036,0.13,26.38881559,6.7847323,59.543697,FALSE,FALSE,403.98804,4.0398804,
0.775,0.095,0.0071,0.13,13.38026284,6.7847323,59.543697,FALSE,FALSE,403.98804,4.0398804,
0.9,0,0.05,0.1,0,5.1565685,78.14508,FALSE,FALSE,402.96045,4.0296045,
0.9,0.1,0.0321,0,3.115263827,5.1696763,77.18812,FALSE,FALSE,399.0376,3.990376,
0.9,0.1,0.0357,0,2.801119664,5.1696763,77.18812,FALSE,FALSE,399.0376,3.990376,
0.9,0.1,0.0393,0,2.544528615,5.1696763,77.18812,FALSE,FALSE,399.0376,3.990376,
0.9,0.02,0.0036,0.08,5.555540123,4.9599347,79.98838,FALSE,TRUE,396.73715,3.9673715,
0.9,0.025,0.0036,0.075,6.944425154,4.9599347,79.98838,FALSE,TRUE,396.73715,3.9673715,
0.85,0.03,0.05,0.12,0.59999988,5.462371,72.496544,FALSE,FALSE,396.00302,3.9600302,
0.85,0.035,0.05,0.115,0.69999986,5.462371,72.496544,FALSE,FALSE,396.00302,3.9600302,
0.85,0.04,0.05,0.11,0.79999984,5.462371,72.496544,FALSE,FALSE,396.00302,3.9600302,
0.85,0.045,0.05,0.105,0.89999982,5.462371,72.496544,FALSE,FALSE,396.00302,3.9600302,
0.875,0.005,0.05,0.12,0.09999998,5.462371,72.496544,FALSE,FALSE,396.00302,3.9600302,
0.875,0.01,0.05,0.115,0.19999996,5.462371,72.496544,FALSE,FALSE,396.00302,3.9600302,
0.875,0.015,0.05,0.11,0.29999994,5.462371,72.496544,FALSE,FALSE,396.00302,3.9600302,
0.875,0.02,0.05,0.105,0.39999992,5.462371,72.496544,FALSE,FALSE,396.00302,3.9600302,
0.875,0.025,0.05,0.1,0.4999999,5.462371,72.496544,FALSE,FALSE,396.00302,3.9600302,
0.8,0.1,0,0.1,10000000,6.1551113,64.044815,FALSE,FALSE,394.20297,3.9420297,
0.8,0.1,0.0036,0.1,27.77770062,6.1551113,64.044815,FALSE,FALSE,394.20297,3.9420297,
0.8,0.1,0.0071,0.1,14.0844872,6.1551113,64.044815,FALSE,FALSE,394.20297,3.9420297,
0.85,0.04,0.0107,0.11,3.738314263,5.1328692,76.79652,FALSE,FALSE,394.18646,3.9418646,
0.85,0.045,0.0107,0.105,4.205603546,5.1328692,76.79652,FALSE,FALSE,394.18646,3.9418646,
0.85,0.07,0.0214,0.08,3.271026509,5.1567154,76.25602,FALSE,FALSE,393.2306,3.932306,
0.85,0.07,0.025,0.08,2.79999888,5.1567154,76.25602,FALSE,FALSE,393.2306,3.932306,
0.9,0.1,0.0107,0,9.345785658,5.179264,75.85167,FALSE,FALSE,392.85583,3.9285583,
0.9,0.1,0.0143,0,6.993002103,5.179264,75.85167,FALSE,FALSE,392.85583,3.9285583,
0.9,0.1,0.0179,0,5.586589058,5.179264,75.85167,FALSE,FALSE,392.85583,3.9285583,
0.8,0.07,0.0107,0.13,6.542049961,6.106912,64.033775,FALSE,FALSE,391.04865,3.9104865,
0.775,0.095,0.0393,0.13,2.417302184,6.9576283,55.87753,FALSE,FALSE,388.7751,3.887751,
0.8,0.11,0.0107,0.09,10.28036422,5.7820044,67.12714,FALSE,FALSE,388.1294,3.881294,
0.8,0.115,0.0107,0.085,10.74765351,5.7820044,67.12714,FALSE,FALSE,388.1294,3.881294,
0.8,0.12,0.0107,0.08,11.21494279,5.7820044,67.12714,FALSE,FALSE,388.1294,3.881294,
0.85,0.125,0.0143,0.025,8.741252628,5.3087854,73.018555,FALSE,FALSE,387.63983,3.8763983,
0.85,0.125,0.0179,0.025,6.983236322,5.3087854,73.018555,FALSE,FALSE,387.63983,3.8763983,
0.85,0.13,0.0143,0.02,9.090902734,5.3087854,73.018555,FALSE,FALSE,387.63983,3.8763983,
0.85,0.13,0.0179,0.02,7.262565775,5.3087854,73.018555,FALSE,FALSE,387.63983,3.8763983,
0.875,0.125,0.0143,0,8.741252628,5.3087854,73.018555,FALSE,FALSE,387.63983,3.8763983,
0.875,0.125,0.0179,0,6.983236322,5.3087854,73.018555,FALSE,FALSE,387.63983,3.8763983,
0.8,0.125,0.0107,0.075,11.68223207,5.7454023,67.31729,FALSE,FALSE,386.76492,3.8676492,
0.775,0.15,0,0.075,15000000,7.3112645,52.85696,FALSE,FALSE,386.45123,3.8645123,
0.775,0.15,0.0036,0.075,41.66655093,7.3112645,52.85696,FALSE,FALSE,386.45123,3.8645123,
0.775,0.15,0.0071,0.075,21.12673081,7.3112645,52.85696,FALSE,FALSE,386.45123,3.8645123,
0.825,0.08,0.025,0.095,3.19999872,5.4682584,70.560646,FALSE,FALSE,385.84384,3.8584384,
0.825,0.08,0.0286,0.095,2.797201819,5.4682584,70.560646,FALSE,FALSE,385.84384,3.8584384,
0.825,0.085,0.0286,0.09,2.972026933,5.4682584,70.560646,FALSE,FALSE,385.84384,3.8584384,
0.825,0.09,0.0286,0.085,3.146852047,5.4682584,70.560646,FALSE,FALSE,385.84384,3.8584384,
0.825,0.095,0.0286,0.08,3.32167716,5.4682584,70.560646,FALSE,FALSE,385.84384,3.8584384,
0.825,0.105,0.0107,0.07,9.813074941,5.5535517,69.26071,FALSE,FALSE,384.64294,3.8464294,
0.825,0.105,0.0143,0.07,7.342652208,5.5535517,69.26071,FALSE,FALSE,384.64294,3.8464294,
0.825,0.105,0.0179,0.07,5.865918511,5.5535517,69.26071,FALSE,FALSE,384.64294,3.8464294,
0.85,0.075,0.0107,0.075,7.009339244,5.343645,71.94731,FALSE,FALSE,384.4609,3.844609,
0.85,0.075,0.0143,0.075,5.244751577,5.343645,71.94731,FALSE,FALSE,384.4609,3.844609,
0.85,0.1,0.0107,0.05,9.345785658,5.2940407,72.616844,FALSE,FALSE,384.43652,3.8443652,
0.85,0.1,0.0143,0.05,6.993002103,5.2940407,72.616844,FALSE,FALSE,384.43652,3.8443652,
0.85,0.1,0.0179,0.05,5.586589058,5.2940407,72.616844,FALSE,FALSE,384.43652,3.8443652,
0.85,0.105,0.0107,0.045,9.813074941,5.2940407,72.616844,FALSE,FALSE,384.43652,3.8443652,
0.85,0.105,0.0143,0.045,7.342652208,5.2940407,72.616844,FALSE,FALSE,384.43652,3.8443652,
0.85,0.105,0.0179,0.045,5.865918511,5.2940407,72.616844,FALSE,FALSE,384.43652,3.8443652,
0.85,0.11,0.0143,0.04,7.692302313,5.2940407,72.616844,FALSE,FALSE,384.43652,3.8443652,
0.85,0.11,0.0179,0.04,6.145247964,5.2940407,72.616844,FALSE,FALSE,384.43652,3.8443652,
0.85,0.115,0.0143,0.035,8.041952418,5.2940407,72.616844,FALSE,FALSE,384.43652,3.8443652,
0.85,0.115,0.0179,0.035,6.424577416,5.2940407,72.616844,FALSE,FALSE,384.43652,3.8443652,
0.85,0.12,0.0143,0.03,8.391602523,5.2940407,72.616844,FALSE,FALSE,384.43652,3.8443652,
0.85,0.12,0.0179,0.03,6.703906869,5.2940407,72.616844,FALSE,FALSE,384.43652,3.8443652,
0.875,0.1,0.0107,0.025,9.345785658,5.2940407,72.616844,FALSE,FALSE,384.43652,3.8443652,
0.875,0.1,0.0143,0.025,6.993002103,5.2940407,72.616844,FALSE,FALSE,384.43652,3.8443652,
0.875,0.1,0.0179,0.025,5.586589058,5.2940407,72.616844,FALSE,FALSE,384.43652,3.8443652,
0.875,0.105,0.0107,0.02,9.813074941,5.2940407,72.616844,FALSE,FALSE,384.43652,3.8443652,
0.875,0.105,0.0143,0.02,7.342652208,5.2940407,72.616844,FALSE,FALSE,384.43652,3.8443652,
0.875,0.105,0.0179,0.02,5.865918511,5.2940407,72.616844,FALSE,FALSE,384.43652,3.8443652,
0.875,0.11,0.0143,0.015,7.692302313,5.2940407,72.616844,FALSE,FALSE,384.43652,3.8443652,
0.875,0.11,0.0179,0.015,6.145247964,5.2940407,72.616844,FALSE,FALSE,384.43652,3.8443652,
0.875,0.115,0.0143,0.01,8.041952418,5.2940407,72.616844,FALSE,FALSE,384.43652,3.8443652,
0.875,0.115,0.0179,0.01,6.424577416,5.2940407,72.616844,FALSE,FALSE,384.43652,3.8443652,
0.875,0.12,0.0143,0.005,8.391602523,5.2940407,72.616844,FALSE,FALSE,384.43652,3.8443652,
0.875,0.12,0.0179,0.005,6.703906869,5.2940407,72.616844,FALSE,FALSE,384.43652,3.8443652,
0.85,0.03,0.0107,0.12,2.803735697,4.9426107,77.40422,FALSE,FALSE,382.57892,3.8257892,
0.85,0.035,0.0107,0.115,3.27102498,4.9426107,77.40422,FALSE,FALSE,382.57892,3.8257892,
0.85,0.04,0.0143,0.11,2.797200841,4.9426107,77.40422,FALSE,FALSE,382.57892,3.8257892,
0.85,0.045,0.0143,0.105,3.146850946,4.9426107,77.40422,FALSE,FALSE,382.57892,3.8257892,
0.85,0.045,0.0179,0.105,2.513965076,4.9426107,77.40422,FALSE,FALSE,382.57892,3.8257892,
0.8,0.13,0.0143,0.07,9.090902734,5.5169497,69.32343,FALSE,FALSE,382.4539,3.824539,
0.8,0.13,0.0179,0.07,7.262565775,5.5169497,69.32343,FALSE,FALSE,382.4539,3.824539,
0.85,0.03,0.0321,0.12,0.934579148,5.1807165,73.77155,FALSE,FALSE,382.1895,3.821895,
0.85,0.03,0.0357,0.12,0.840335899,5.1807165,73.77155,FALSE,FALSE,382.1895,3.821895,
0.85,0.03,0.0393,0.12,0.763358584,5.1807165,73.77155,FALSE,FALSE,382.1895,3.821895,
0.85,0.035,0.0321,0.115,1.090342339,5.1807165,73.77155,FALSE,FALSE,382.1895,3.821895,
0.85,0.035,0.0357,0.115,0.980391882,5.1807165,73.77155,FALSE,FALSE,382.1895,3.821895,
0.85,0.035,0.0393,0.115,0.890585015,5.1807165,73.77155,FALSE,FALSE,382.1895,3.821895,
0.85,0.04,0.0321,0.11,1.246105531,5.1807165,73.77155,FALSE,FALSE,382.1895,3.821895,
0.85,0.04,0.0357,0.11,1.120447865,5.1807165,73.77155,FALSE,FALSE,382.1895,3.821895,
0.85,0.04,0.0393,0.11,1.017811446,5.1807165,73.77155,FALSE,FALSE,382.1895,3.821895,
0.85,0.045,0.0321,0.105,1.401868722,5.1807165,73.77155,FALSE,FALSE,382.1895,3.821895,
0.85,0.045,0.0357,0.105,1.260503849,5.1807165,73.77155,FALSE,FALSE,382.1895,3.821895,
0.85,0.045,0.0393,0.105,1.145037877,5.1807165,73.77155,FALSE,FALSE,382.1895,3.821895,
0.875,0.005,0.0321,0.12,0.155763191,5.1807165,73.77155,FALSE,FALSE,382.1895,3.821895,
0.875,0.005,0.0357,0.12,0.140055983,5.1807165,73.77155,FALSE,FALSE,382.1895,3.821895,
0.875,0.005,0.0393,0.12,0.127226431,5.1807165,73.77155,FALSE,FALSE,382.1895,3.821895,
0.875,0.01,0.0321,0.115,0.311526383,5.1807165,73.77155,FALSE,FALSE,382.1895,3.821895,
0.875,0.01,0.0357,0.115,0.280111966,5.1807165,73.77155,FALSE,FALSE,382.1895,3.821895,
0.875,0.01,0.0393,0.115,0.254452861,5.1807165,73.77155,FALSE,FALSE,382.1895,3.821895,
0.875,0.015,0.0321,0.11,0.467289574,5.1807165,73.77155,FALSE,FALSE,382.1895,3.821895,
0.875,0.015,0.0357,0.11,0.42016795,5.1807165,73.77155,FALSE,FALSE,382.1895,3.821895,
0.875,0.015,0.0393,0.11,0.381679292,5.1807165,73.77155,FALSE,FALSE,382.1895,3.821895,
0.875,0.02,0.0321,0.105,0.623052765,5.1807165,73.77155,FALSE,FALSE,382.1895,3.821895,
0.875,0.02,0.0357,0.105,0.560223933,5.1807165,73.77155,FALSE,FALSE,382.1895,3.821895,
0.875,0.02,0.0393,0.105,0.508905723,5.1807165,73.77155,FALSE,FALSE,382.1895,3.821895,
0.875,0.025,0.0321,0.1,0.778815957,5.1807165,73.77155,FALSE,FALSE,382.1895,3.821895,
0.875,0.025,0.0357,0.1,0.700279916,5.1807165,73.77155,FALSE,FALSE,382.1895,3.821895,
0.875,0.025,0.0393,0.1,0.636132154,5.1807165,73.77155,FALSE,FALSE,382.1895,3.821895,
0.8,0.13,0.0393,0.07,3.307887199,5.6163316,67.99387,FALSE,FALSE,381.87613,3.8187613,
0.85,0.055,0.0214,0.095,2.570092257,5.004842,76.13133,FALSE,FALSE,381.02527,3.8102527,
0.85,0.06,0.0214,0.09,2.803737008,5.004842,76.13133,FALSE,FALSE,381.02527,3.8102527,
0.85,0.065,0.0214,0.085,3.037381758,5.004842,76.13133,FALSE,FALSE,381.02527,3.8102527,
0.85,0.065,0.025,0.085,2.59999896,5.004842,76.13133,FALSE,FALSE,381.02527,3.8102527,
0.875,0.03,0.0036,0.095,8.333310185,5.073976,74.8114,FALSE,FALSE,379.59125,3.7959125,
0.875,0.035,0.0036,0.09,9.722195216,5.073976,74.8114,FALSE,FALSE,379.59125,3.7959125,
0.875,0.04,0.0071,0.085,5.633794882,5.073976,74.8114,FALSE,FALSE,379.59125,3.7959125,
0.875,0.045,0.0071,0.08,6.338019242,5.073976,74.8114,FALSE,FALSE,379.59125,3.7959125,
0.825,0.11,0.0143,0.065,7.692302313,5.5331917,68.51712,FALSE,FALSE,379.11835,3.7911835,
0.825,0.11,0.0179,0.065,6.145247964,5.5331917,68.51712,FALSE,FALSE,379.11835,3.7911835,
0.825,0.115,0.0143,0.06,8.041952418,5.5331917,68.51712,FALSE,FALSE,379.11835,3.7911835,
0.825,0.115,0.0179,0.06,6.424577416,5.5331917,68.51712,FALSE,FALSE,379.11835,3.7911835,
0.825,0.12,0.0143,0.055,8.391602523,5.5331917,68.51712,FALSE,FALSE,379.11835,3.7911835,
0.825,0.12,0.0179,0.055,6.703906869,5.5331917,68.51712,FALSE,FALSE,379.11835,3.7911835,
0.825,0.055,0.0071,0.12,7.746467963,6.049378,62.427227,FALSE,FALSE,377.64587,3.7764587,
0.825,0.06,0.0071,0.115,8.450692323,6.049378,62.427227,FALSE,FALSE,377.64587,3.7764587,
0.825,0.065,0.0071,0.11,9.154916683,6.049378,62.427227,FALSE,FALSE,377.64587,3.7764587,
0.825,0.125,0.0143,0.05,8.741252628,5.4965897,68.57986,FALSE,FALSE,376.95532,3.7695532,
0.825,0.125,0.0179,0.05,6.983236322,5.4965897,68.57986,FALSE,FALSE,376.95532,3.7695532,
0.825,0.13,0.0143,0.045,9.090902734,5.4965897,68.57986,FALSE,FALSE,376.95532,3.7695532,
0.825,0.13,0.0179,0.045,7.262565775,5.4965897,68.57986,FALSE,FALSE,376.95532,3.7695532,
0.825,0.125,0.0393,0.05,3.180660768,5.5959716,67.2503,FALSE,FALSE,376.33075,3.7633075,
0.825,0.13,0.0393,0.045,3.307887199,5.5959716,67.2503,FALSE,FALSE,376.33075,3.7633075,
0.825,0.08,0.0107,0.095,7.476628527,5.5084677,68.28698,FALSE,FALSE,376.15662,3.7615662,
0.825,0.08,0.0143,0.095,5.594401682,5.5084677,68.28698,FALSE,FALSE,376.15662,3.7615662,
0.825,0.085,0.0107,0.09,7.943917809,5.5084677,68.28698,FALSE,FALSE,376.15662,3.7615662,
0.825,0.085,0.0143,0.09,5.944051787,5.5084677,68.28698,FALSE,FALSE,376.15662,3.7615662,
0.825,0.09,0.0107,0.085,8.411207092,5.5084677,68.28698,FALSE,FALSE,376.15662,3.7615662,
0.825,0.09,0.0143,0.085,6.293701893,5.5084677,68.28698,FALSE,FALSE,376.15662,3.7615662,
0.825,0.09,0.0179,0.085,5.027930152,5.5084677,68.28698,FALSE,FALSE,376.15662,3.7615662,
0.825,0.095,0.0107,0.08,8.878496375,5.5084677,68.28698,FALSE,FALSE,376.15662,3.7615662,
0.825,0.095,0.0143,0.08,6.643351998,5.5084677,68.28698,FALSE,FALSE,376.15662,3.7615662,
0.825,0.095,0.0179,0.08,5.307259605,5.5084677,68.28698,FALSE,FALSE,376.15662,3.7615662,
0.825,0.07,0.0071,0.105,9.859141043,6.0820823,61.79027,FALSE,FALSE,375.8135,3.758135,
0.825,0.045,0.0071,0.13,6.338019242,6.018575,62.40677,FALSE,FALSE,375.59982,3.7559982,
0.775,0.075,0,0.15,7500000,6.865866,54.67313,FALSE,FALSE,375.3784,3.753784,
0.775,0.075,0.0036,0.15,20.83327546,6.865866,54.67313,FALSE,FALSE,375.3784,3.753784,
0.775,0.075,0.0071,0.15,10.5633654,6.865866,54.67313,FALSE,FALSE,375.3784,3.753784,
0.85,0.145,0.0429,0.005,3.379952592,5.415588,69.173935,FALSE,FALSE,374.61752,3.7461752,
0.85,0.03,0.0071,0.12,4.225346161,5.040968,74.14654,FALSE,FALSE,373.77032,3.7377032,
0.85,0.035,0.0071,0.115,4.929570522,5.040968,74.14654,FALSE,FALSE,373.77032,3.7377032,
0.875,0.015,0.0036,0.11,4.166655093,5.040968,74.14654,FALSE,FALSE,373.77032,3.7377032,
0.875,0.025,0.0071,0.1,3.521121801,5.040968,74.14654,FALSE,FALSE,373.77032,3.7377032,
0.85,0.135,0.0143,0.015,9.440552839,5.296604,70.56562,FALSE,FALSE,373.75815,3.7375815,
0.85,0.135,0.0179,0.015,7.541895228,5.296604,70.56562,FALSE,FALSE,373.75815,3.7375815,
0.85,0.14,0.0143,0.01,9.790202944,5.296604,70.56562,FALSE,FALSE,373.75815,3.7375815,
0.85,0.14,0.0179,0.01,7.821224681,5.296604,70.56562,FALSE,FALSE,373.75815,3.7375815,
0.85,0.145,0.0179,0.005,8.100554134,5.296604,70.56562,FALSE,FALSE,373.75815,3.7375815,
0.85,0.055,0.0107,0.095,5.140182112,5.165878,72.27443,FALSE,FALSE,373.36087,3.7336087,
0.85,0.06,0.0107,0.09,5.607471395,5.165878,72.27443,FALSE,FALSE,373.36087,3.7336087,
0.85,0.065,0.0107,0.085,6.074760678,5.165878,72.27443,FALSE,FALSE,373.36087,3.7336087,
0.85,0.08,0.0214,0.07,3.73831601,4.893396,76.24174,FALSE,FALSE,373.081,3.73081,
0.825,0.105,0.0321,0.07,3.271027018,5.601587,66.49431,FALSE,FALSE,372.47363,3.7247363,
0.825,0.105,0.0357,0.07,2.941175647,5.601587,66.49431,FALSE,FALSE,372.47363,3.7247363,
0.825,0.105,0.0393,0.07,2.671755045,5.601587,66.49431,FALSE,FALSE,372.47363,3.7247363,
0.8,0.105,0,0.095,10500000,5.7831955,64.3609,FALSE,FALSE,372.21167,3.7221167,
0.8,0.105,0.0036,0.095,29.16658565,5.7831955,64.3609,FALSE,FALSE,372.21167,3.7221167,
0.8,0.105,0.0071,0.095,14.78871157,5.7831955,64.3609,FALSE,FALSE,372.21167,3.7221167,
0.8,0.11,0,0.09,11000000,5.7831955,64.3609,FALSE,FALSE,372.21167,3.7221167,
0.8,0.11,0.0036,0.09,30.55547068,5.7831955,64.3609,FALSE,FALSE,372.21167,3.7221167,
0.8,0.11,0.0071,0.09,15.49293593,5.7831955,64.3609,FALSE,FALSE,372.21167,3.7221167,
0.8,0.115,0,0.085,11500000,5.7831955,64.3609,FALSE,FALSE,372.21167,3.7221167,
0.8,0.115,0.0036,0.085,31.94435571,5.7831955,64.3609,FALSE,FALSE,372.21167,3.7221167,
0.8,0.115,0.0071,0.085,16.19716029,5.7831955,64.3609,FALSE,FALSE,372.21167,3.7221167,
0.8,0.12,0,0.08,12000000,5.7831955,64.3609,FALSE,FALSE,372.21167,3.7221167,
0.8,0.12,0.0036,0.08,33.33324074,5.7831955,64.3609,FALSE,FALSE,372.21167,3.7221167,
0.8,0.12,0.0071,0.08,16.90138465,5.7831955,64.3609,FALSE,FALSE,372.21167,3.7221167,
0.825,0.1,0,0.075,10000000,5.7831955,64.3609,FALSE,FALSE,372.21167,3.7221167,
0.825,0.1,0.0036,0.075,27.77770062,5.7831955,64.3609,FALSE,FALSE,372.21167,3.7221167,
0.825,0.1,0.0071,0.075,14.0844872,5.7831955,64.3609,FALSE,FALSE,372.21167,3.7221167,
0.85,0.02,0.05,0.13,0.39999992,5.419789,68.63525,FALSE,FALSE,371.98856,3.7198856,
0.85,0.025,0.05,0.125,0.4999999,5.419789,68.63525,FALSE,FALSE,371.98856,3.7198856,
0.875,0,0.05,0.125,0,5.419789,68.63525,FALSE,FALSE,371.98856,3.7198856,
0.775,0.08,0,0.145,8000000,6.7847323,54.703037,FALSE,FALSE,371.14548,3.7114548,
0.775,0.08,0.0036,0.145,22.22216049,6.7847323,54.703037,FALSE,FALSE,371.14548,3.7114548,
0.775,0.08,0.0071,0.145,11.26758976,6.7847323,54.703037,FALSE,FALSE,371.14548,3.7114548,
0.775,0.085,0,0.14,8500000,6.7847323,54.703037,FALSE,FALSE,371.14548,3.7114548,
0.775,0.085,0.0036,0.14,23.61104552,6.7847323,54.703037,FALSE,FALSE,371.14548,3.7114548,
0.775,0.085,0.0071,0.14,11.97181412,6.7847323,54.703037,FALSE,FALSE,371.14548,3.7114548,
0.775,0.09,0,0.135,9000000,6.7847323,54.703037,FALSE,FALSE,371.14548,3.7114548,
0.775,0.09,0.0036,0.135,24.99993056,6.7847323,54.703037,FALSE,FALSE,371.14548,3.7114548,
0.775,0.09,0.0071,0.135,12.67603848,6.7847323,54.703037,FALSE,FALSE,371.14548,3.7114548,
0.85,0.07,0.0107,0.08,6.542049961,5.165878,71.713234,FALSE,FALSE,370.4618,3.704618,
0.85,0.085,0.0214,0.065,3.971960761,4.873036,75.99738,FALSE,FALSE,370.33798,3.7033798,
0.85,0.085,0.025,0.065,3.39999864,4.873036,75.99738,FALSE,FALSE,370.33798,3.7033798,
0.85,0.09,0.0214,0.06,4.205605511,4.873036,75.99738,FALSE,FALSE,370.33798,3.7033798,
0.85,0.09,0.025,0.06,3.59999856,4.873036,75.99738,FALSE,FALSE,370.33798,3.7033798,
0.85,0.095,0.0214,0.055,4.439250262,4.873036,75.99738,FALSE,FALSE,370.33798,3.7033798,
0.85,0.095,0.025,0.055,3.79999848,4.873036,75.99738,FALSE,FALSE,370.33798,3.7033798,
0.875,0.075,0.0214,0.05,3.504671259,4.873036,75.99738,FALSE,FALSE,370.33798,3.7033798,
0.875,0.08,0.0214,0.045,3.73831601,4.873036,75.99738,FALSE,FALSE,370.33798,3.7033798,
0.875,0.085,0.0214,0.04,3.971960761,4.873036,75.99738,FALSE,FALSE,370.33798,3.7033798,
0.875,0.085,0.025,0.04,3.39999864,4.873036,75.99738,FALSE,FALSE,370.33798,3.7033798,
0.875,0.09,0.0214,0.035,4.205605511,4.873036,75.99738,FALSE,FALSE,370.33798,3.7033798,
0.875,0.09,0.025,0.035,3.59999856,4.873036,75.99738,FALSE,FALSE,370.33798,3.7033798,
0.875,0.095,0.0214,0.03,4.439250262,4.873036,75.99738,FALSE,FALSE,370.33798,3.7033798,
0.875,0.095,0.025,0.03,3.79999848,4.873036,75.99738,FALSE,FALSE,370.33798,3.7033798,
0.85,0.125,0.05,0.025,2.4999995,5.4863334,67.38143,FALSE,FALSE,369.677,3.69677,
0.875,0.125,0.05,0,2.4999995,5.4863334,67.38143,FALSE,FALSE,369.677,3.69677,
0.825,0.085,0.0321,0.09,2.647974253,5.521667,66.70964,FALSE,FALSE,368.34842,3.6834842,
0.825,0.09,0.0321,0.085,2.803737444,5.521667,66.70964,FALSE,FALSE,368.34842,3.6834842,
0.825,0.09,0.0357,0.085,2.521007697,5.521667,66.70964,FALSE,FALSE,368.34842,3.6834842,
0.825,0.095,0.0321,0.08,2.959500636,5.521667,66.70964,FALSE,FALSE,368.34842,3.6834842,
0.825,0.095,0.0357,0.08,2.66106368,5.521667,66.70964,FALSE,FALSE,368.34842,3.6834842,
0.825,0.11,0.0357,0.065,3.08123163,5.581227,65.75073,FALSE,FALSE,366.96976,3.6696976,
0.825,0.11,0.0393,0.065,2.798981476,5.581227,65.75073,FALSE,FALSE,366.96976,3.6696976,
0.825,0.115,0.0357,0.06,3.221287613,5.581227,65.75073,FALSE,FALSE,366.96976,3.6696976,
0.825,0.115,0.0393,0.06,2.926207907,5.581227,65.75073,FALSE,FALSE,366.96976,3.6696976,
0.825,0.12,0.0393,0.055,3.053434338,5.581227,65.75073,FALSE,FALSE,366.96976,3.6696976,
0.85,0.05,0.0107,0.1,4.672892829,5.1328692,71.412766,FALSE,FALSE,366.5524,3.665524,
0.85,0.05,0.0143,0.1,3.496501051,5.1328692,71.412766,FALSE,FALSE,366.5524,3.665524,
0.8,0.125,0,0.075,12500000,5.7465925,63.75629,FALSE,FALSE,366.3814,3.663814,
0.8,0.125,0.0036,0.075,34.72212577,5.7465925,63.75629,FALSE,FALSE,366.3814,3.663814,
0.8,0.125,0.0071,0.075,17.60560901,5.7465925,63.75629,FALSE,FALSE,366.3814,3.663814,
0.9,0,0.0321,0.1,0,4.6215506,79.12296,FALSE,FALSE,365.67078,3.6567078,
0.9,0,0.0357,0.1,0,4.6215506,79.12296,FALSE,FALSE,365.67078,3.6567078,
0.9,0,0.0393,0.1,0,4.6215506,79.12296,FALSE,FALSE,365.67078,3.6567078,
0.85,0.05,0.05,0.1,0.9999998,5.462371,66.78257,FALSE,FALSE,364.79117,3.6479117,
0.8,0.08,0.0179,0.12,4.469271246,5.513692,65.973,FALSE,FALSE,363.7548,3.637548,
0.8,0.085,0.0179,0.115,4.748600699,5.513692,65.973,FALSE,FALSE,363.7548,3.637548,
0.825,0.075,0.0179,0.1,4.189941793,5.513692,65.973,FALSE,FALSE,363.7548,3.637548,
0.775,0.105,0.0429,0.12,2.447551877,6.2676816,57.99276,FALSE,FALSE,363.48016,3.6348016,
0.775,0.105,0.0464,0.12,2.262930547,6.2676816,57.99276,FALSE,FALSE,363.48016,3.6348016,
0.775,0.11,0.0464,0.115,2.370689144,6.2676816,57.99276,FALSE,FALSE,363.48016,3.6348016,
0.775,0.115,0.0464,0.11,2.478447742,6.2676816,57.99276,FALSE,FALSE,363.48016,3.6348016,
0.8,0.135,0.0143,0.065,9.440552839,5.4844084,66.21947,FALSE,FALSE,363.1746,3.631746,
0.8,0.135,0.0179,0.065,7.541895228,5.4844084,66.21947,FALSE,FALSE,363.1746,3.631746,
0.8,0.14,0.0143,0.06,9.790202944,5.4844084,66.21947,FALSE,FALSE,363.1746,3.631746,
0.8,0.14,0.0179,0.06,7.821224681,5.4844084,66.21947,FALSE,FALSE,363.1746,3.631746,
0.8,0.145,0.0179,0.055,8.100554134,5.4844084,66.21947,FALSE,FALSE,363.1746,3.631746,
0.825,0.135,0.0143,0.04,9.440552839,5.4844084,66.21947,FALSE,FALSE,363.1746,3.631746,
0.825,0.135,0.0179,0.04,7.541895228,5.4844084,66.21947,FALSE,FALSE,363.1746,3.631746,
0.825,0.14,0.0143,0.035,9.790202944,5.4844084,66.21947,FALSE,FALSE,363.1746,3.631746,
0.825,0.14,0.0179,0.035,7.821224681,5.4844084,66.21947,FALSE,FALSE,363.1746,3.631746,
0.825,0.145,0.0179,0.03,8.100554134,5.4844084,66.21947,FALSE,FALSE,363.1746,3.631746,
0.85,0.02,0.0321,0.13,0.623052765,5.24714,69.18676,FALSE,FALSE,363.03262,3.6303262,
0.85,0.02,0.0357,0.13,0.560223933,5.24714,69.18676,FALSE,FALSE,363.03262,3.6303262,
0.85,0.02,0.0393,0.13,0.508905723,5.24714,69.18676,FALSE,FALSE,363.03262,3.6303262,
0.85,0.025,0.0321,0.125,0.778815957,5.24714,69.18676,FALSE,FALSE,363.03262,3.6303262,
0.85,0.025,0.0357,0.125,0.700279916,5.24714,69.18676,FALSE,FALSE,363.03262,3.6303262,
0.85,0.025,0.0393,0.125,0.636132154,5.24714,69.18676,FALSE,FALSE,363.03262,3.6303262,
0.875,0,0.0321,0.125,0,5.24714,69.18676,FALSE,FALSE,363.03262,3.6303262,
0.875,0,0.0357,0.125,0,5.24714,69.18676,FALSE,FALSE,363.03262,3.6303262,
0.875,0,0.0393,0.125,0,5.24714,69.18676,FALSE,FALSE,363.03262,3.6303262,
0.775,0.075,0.0321,0.15,2.33644787,7.0386367,51.421825,FALSE,FALSE,361.93954,3.6193954,
0.775,0.075,0.0357,0.15,2.100839748,7.0386367,51.421825,FALSE,FALSE,361.93954,3.6193954,
0.875,0.01,0.0036,0.115,2.777770062,4.8507094,74.562195,FALSE,FALSE,361.67953,3.6167953,
0.875,0.02,0.0071,0.105,2.816897441,4.8507094,74.562195,FALSE,FALSE,361.67953,3.6167953,
0.8,0.125,0.0429,0.075,2.913752235,5.614475,64.02712,FALSE,FALSE,359.47867,3.5947867,
0.8,0.125,0.0464,0.075,2.693964937,5.614475,64.02712,FALSE,FALSE,359.47867,3.5947867,
0.85,0,0.05,0.15,0,5.563916,64.40044,FALSE,FALSE,358.31863,3.5831863,
0.775,0.08,0.0321,0.145,2.492211062,6.9576283,51.485073,FALSE,FALSE,358.214,3.58214,
0.775,0.08,0.0357,0.145,2.240895731,6.9576283,51.485073,FALSE,FALSE,358.214,3.58214,
0.775,0.08,0.0393,0.145,2.035622892,6.9576283,51.485073,FALSE,FALSE,358.214,3.58214,
0.775,0.085,0.0357,0.14,2.380951714,6.9576283,51.485073,FALSE,FALSE,358.214,3.58214,
0.775,0.085,0.0393,0.14,2.162849322,6.9576283,51.485073,FALSE,FALSE,358.214,3.58214,
0.775,0.09,0.0393,0.135,2.290075753,6.9576283,51.485073,FALSE,FALSE,358.214,3.58214,
0.9,0.005,0.05,0.095,0.09999998,4.5475006,78.76329,FALSE,FALSE,358.17612,3.5817612,
0.9,0.01,0.05,0.09,0.19999996,4.5475006,78.76329,FALSE,FALSE,358.17612,3.5817612,
0.9,0.015,0.05,0.085,0.29999994,4.5475006,78.76329,FALSE,FALSE,358.17612,3.5817612,
0.9,0.02,0.05,0.08,0.39999992,4.5475006,78.76329,FALSE,FALSE,358.17612,3.5817612,
0.9,0.025,0.05,0.075,0.4999999,4.5475006,78.76329,FALSE,FALSE,358.17612,3.5817612,
0.925,0,0.05,0.075,0,4.5475006,78.76329,FALSE,FALSE,358.17612,3.5817612,
0.8,0.15,0.05,0.05,2.9999994,6.641217,53.78697,FALSE,FALSE,357.21094,3.5721094,
0.825,0.15,0.05,0.025,2.9999994,6.641217,53.78697,FALSE,FALSE,357.21094,3.5721094,
0.8,0.15,0.0321,0.05,4.672895741,6.2552514,56.996964,FALSE,FALSE,356.53033,3.5653033,
0.8,0.15,0.0357,0.05,4.201679495,6.2552514,56.996964,FALSE,FALSE,356.53033,3.5653033,
0.8,0.15,0.0393,0.05,3.816792922,6.2552514,56.996964,FALSE,FALSE,356.53033,3.5653033,
0.825,0.15,0.0321,0.025,4.672895741,6.2552514,56.996964,FALSE,FALSE,356.53033,3.5653033,
0.825,0.15,0.0357,0.025,4.201679495,6.2552514,56.996964,FALSE,FALSE,356.53033,3.5653033,
0.825,0.15,0.0393,0.025,3.816792922,6.2552514,56.996964,FALSE,FALSE,356.53033,3.5653033,
0.85,0.05,0.0179,0.1,2.793294529,4.9426107,72.06863,FALSE,FALSE,356.20715,3.5620715,
0.8,0.055,0.0107,0.145,5.140182112,6.074208,58.611954,FALSE,FALSE,356.02118,3.5602118,
0.8,0.06,0.0107,0.14,5.607471395,6.074208,58.611954,FALSE,FALSE,356.02118,3.5602118,
0.8,0.065,0.0107,0.135,6.074760678,6.074208,58.611954,FALSE,FALSE,356.02118,3.5602118,
0.8,0.075,0.0179,0.125,4.189941793,5.597579,63.544384,FALSE,FALSE,355.6947,3.556947,
0.825,0.045,0.0107,0.13,4.205603546,5.3725014,66.169754,FALSE,FALSE,355.4971,3.554971,
0.85,0.03,0,0.12,3000000,4.80471,73.92707,FALSE,FALSE,355.19812,3.5519812,
0.85,0.035,0,0.115,3500000,4.80471,73.92707,FALSE,FALSE,355.19812,3.5519812,
0.85,0.04,0,0.11,4000000,4.80471,73.92707,FALSE,FALSE,355.19812,3.5519812,
0.85,0.04,0.0036,0.11,11.11108025,4.80471,73.92707,FALSE,FALSE,355.19812,3.5519812,
0.85,0.045,0,0.105,4500000,4.80471,73.92707,FALSE,FALSE,355.19812,3.5519812,
0.85,0.045,0.0036,0.105,12.49996528,4.80471,73.92707,FALSE,FALSE,355.19812,3.5519812,
0.875,0.005,0,0.12,500000,4.80471,73.92707,FALSE,FALSE,355.19812,3.5519812,
0.875,0.01,0,0.115,1000000,4.80471,73.92707,FALSE,FALSE,355.19812,3.5519812,
0.875,0.015,0,0.11,1500000,4.80471,73.92707,FALSE,FALSE,355.19812,3.5519812,
0.875,0.02,0,0.105,2000000,4.80471,73.92707,FALSE,FALSE,355.19812,3.5519812,
0.875,0.025,0,0.1,2500000,4.80471,73.92707,FALSE,FALSE,355.19812,3.5519812,
0.85,0.025,0.0071,0.125,3.521121801,5.124855,69.27708,FALSE,FALSE,355.03497,3.5503497,
0.875,0.03,0.05,0.095,0.59999988,4.853304,73.12957,FALSE,FALSE,354.92,3.5492,
0.875,0.035,0.05,0.09,0.69999986,4.853304,73.12957,FALSE,FALSE,354.92,3.5492,
0.875,0.04,0.05,0.085,0.79999984,4.853304,73.12957,FALSE,FALSE,354.92,3.5492,
0.875,0.045,0.05,0.08,0.89999982,4.853304,73.12957,FALSE,FALSE,354.92,3.5492,
0.825,0.025,0.0036,0.15,6.944425154,6.2306304,56.89764,FALSE,FALSE,354.50818,3.5450818,
0.8,0.125,0.05,0.075,2.4999995,6.212708,56.96636,FALSE,FALSE,353.91534,3.5391534,
0.85,0.045,0.0214,0.105,2.102802756,4.7404723,74.63728,FALSE,FALSE,353.81598,3.5381598,
0.85,0.03,0.0214,0.12,1.401868504,4.735688,74.66966,FALSE,FALSE,353.61224,3.5361224,
0.85,0.03,0.025,0.12,1.19999952,4.735688,74.66966,FALSE,FALSE,353.61224,3.5361224,
0.85,0.03,0.0286,0.12,1.048950682,4.735688,74.66966,FALSE,FALSE,353.61224,3.5361224,
0.85,0.035,0.0214,0.115,1.635513254,4.735688,74.66966,FALSE,FALSE,353.61224,3.5361224,
0.85,0.035,0.025,0.115,1.39999944,4.735688,74.66966,FALSE,FALSE,353.61224,3.5361224,
0.85,0.035,0.0286,0.115,1.223775796,4.735688,74.66966,FALSE,FALSE,353.61224,3.5361224,
0.85,0.04,0.0214,0.11,1.869158005,4.735688,74.66966,FALSE,FALSE,353.61224,3.5361224,
0.85,0.04,0.025,0.11,1.59999936,4.735688,74.66966,FALSE,FALSE,353.61224,3.5361224,
0.85,0.04,0.0286,0.11,1.39860091,4.735688,74.66966,FALSE,FALSE,353.61224,3.5361224,
0.85,0.045,0.025,0.105,1.79999928,4.735688,74.66966,FALSE,FALSE,353.61224,3.5361224,
0.85,0.045,0.0286,0.105,1.573426023,4.735688,74.66966,FALSE,FALSE,353.61224,3.5361224,
0.875,0.005,0.0214,0.12,0.233644751,4.735688,74.66966,FALSE,FALSE,353.61224,3.5361224,
0.875,0.005,0.025,0.12,0.19999992,4.735688,74.66966,FALSE,FALSE,353.61224,3.5361224,
0.875,0.005,0.0286,0.12,0.174825114,4.735688,74.66966,FALSE,FALSE,353.61224,3.5361224,
0.875,0.01,0.0214,0.115,0.467289501,4.735688,74.66966,FALSE,FALSE,353.61224,3.5361224,
0.875,0.01,0.025,0.115,0.39999984,4.735688,74.66966,FALSE,FALSE,353.61224,3.5361224,
0.875,0.01,0.0286,0.115,0.349650227,4.735688,74.66966,FALSE,FALSE,353.61224,3.5361224,
0.875,0.015,0.0214,0.11,0.700934252,4.735688,74.66966,FALSE,FALSE,353.61224,3.5361224,
0.875,0.015,0.025,0.11,0.59999976,4.735688,74.66966,FALSE,FALSE,353.61224,3.5361224,
0.875,0.015,0.0286,0.11,0.524475341,4.735688,74.66966,FALSE,FALSE,353.61224,3.5361224,
0.875,0.02,0.0214,0.105,0.934579003,4.735688,74.66966,FALSE,FALSE,353.61224,3.5361224,
0.875,0.02,0.025,0.105,0.79999968,4.735688,74.66966,FALSE,FALSE,353.61224,3.5361224,
0.875,0.02,0.0286,0.105,0.699300455,4.735688,74.66966,FALSE,FALSE,353.61224,3.5361224,
0.875,0.025,0.0214,0.1,1.168223753,4.735688,74.66966,FALSE,FALSE,353.61224,3.5361224,
0.875,0.025,0.025,0.1,0.9999996,4.735688,74.66966,FALSE,FALSE,353.61224,3.5361224,
0.875,0.025,0.0286,0.1,0.874125568,4.735688,74.66966,FALSE,FALSE,353.61224,3.5361224,
0.8,0.07,0.0071,0.13,9.859141043,6.0512795,58.40525,FALSE,FALSE,353.42648,3.5342648,
0.85,0,0.0321,0.15,0,5.471267,64.59126,FALSE,FALSE,353.39606,3.5339606,
0.85,0,0.0357,0.15,0,5.471267,64.59126,FALSE,FALSE,353.39606,3.5339606,
0.85,0,0.0393,0.15,0,5.471267,64.59126,FALSE,FALSE,353.39606,3.5339606,
0.85,0.055,0.0071,0.095,7.746467963,5.073976,69.631775,FALSE,FALSE,353.30997,3.5330997,
0.85,0.06,0.0071,0.09,8.450692323,5.073976,69.631775,FALSE,FALSE,353.30997,3.5330997,
0.85,0.065,0.0071,0.085,9.154916683,5.073976,69.631775,FALSE,FALSE,353.30997,3.5330997,
0.875,0.05,0.0071,0.075,7.042243602,5.073976,69.631775,FALSE,FALSE,353.30997,3.5330997,
0.85,0.05,0.0321,0.1,1.557631914,5.1807165,68.05759,FALSE,FALSE,352.58707,3.5258707,
0.85,0.05,0.0357,0.1,1.400559832,5.1807165,68.05759,FALSE,FALSE,352.58707,3.5258707,
0.85,0.05,0.0393,0.1,1.272264307,5.1807165,68.05759,FALSE,FALSE,352.58707,3.5258707,
0.825,0.05,0.0071,0.125,7.042243602,6.018575,58.319,FALSE,FALSE,350.99728,3.5099728,
0.775,0.1,0.0429,0.125,2.331001788,6.3572536,55.20485,FALSE,FALSE,350.95123,3.5095123,
0.775,0.1,0.0464,0.125,2.155171949,6.3572536,55.20485,FALSE,FALSE,350.95123,3.5095123,
0.85,0.07,0.0071,0.08,9.859141043,5.073976,68.96066,FALSE,FALSE,349.90475,3.4990475,
0.85,0.005,0.05,0.145,0.09999998,5.419789,64.47163,FALSE,FALSE,349.4226,3.494226,
0.85,0.01,0.05,0.14,0.19999996,5.419789,64.47163,FALSE,FALSE,349.4226,3.494226,
0.85,0.015,0.05,0.135,0.29999994,5.419789,64.47163,FALSE,FALSE,349.4226,3.494226,
0.8,0.11,0.0429,0.09,2.564101966,5.5768685,62.32489,FALSE,FALSE,347.57773,3.4757773,
0.8,0.115,0.0429,0.085,2.680652056,5.5768685,62.32489,FALSE,FALSE,347.57773,3.4757773,
0.8,0.12,0.0429,0.08,2.797202145,5.5768685,62.32489,FALSE,FALSE,347.57773,3.4757773,
0.8,0.12,0.0464,0.08,2.586206339,5.5768685,62.32489,FALSE,FALSE,347.57773,3.4757773,
0.8,0.1,0.05,0.1,1.9999996,6.2804003,54.946167,FALSE,FALSE,345.08392,3.4508392,
0.9,0.075,0.0214,0.025,3.504671259,4.390926,78.4131,FALSE,FALSE,344.30612,3.4430612,
0.9,0.08,0.0214,0.02,3.73831601,4.390926,78.4131,FALSE,FALSE,344.30612,3.4430612,
0.9,0.085,0.0214,0.015,3.971960761,4.390926,78.4131,FALSE,FALSE,344.30612,3.4430612,
0.9,0.085,0.025,0.015,3.39999864,4.390926,78.4131,FALSE,FALSE,344.30612,3.4430612,
0.9,0.09,0.0214,0.01,4.205605511,4.390926,78.4131,FALSE,FALSE,344.30612,3.4430612,
0.9,0.09,0.025,0.01,3.59999856,4.390926,78.4131,FALSE,FALSE,344.30612,3.4430612,
0.9,0.095,0.0214,0.005,4.439250262,4.390926,78.4131,FALSE,FALSE,344.30612,3.4430612,
0.9,0.095,0.025,0.005,3.79999848,4.390926,78.4131,FALSE,FALSE,344.30612,3.4430612,
0.925,0.075,0.0214,0,3.504671259,4.390926,78.4131,FALSE,FALSE,344.30612,3.4430612,
0.825,0.055,0.0143,0.12,3.846151157,5.2886143,65.06484,FALSE,FALSE,344.10284,3.4410284,
0.825,0.06,0.0143,0.115,4.195801262,5.2886143,65.06484,FALSE,FALSE,344.10284,3.4410284,
0.825,0.06,0.0179,0.115,3.351953435,5.2886143,65.06484,FALSE,FALSE,344.10284,3.4410284,
0.825,0.065,0.0143,0.11,4.545451367,5.2886143,65.06484,FALSE,FALSE,344.10284,3.4410284,
0.825,0.065,0.0179,0.11,3.631282888,5.2886143,65.06484,FALSE,FALSE,344.10284,3.4410284,
0.85,0.02,0.0071,0.13,2.816897441,4.9345965,69.69272,FALSE,FALSE,343.90546,3.4390546,
0.85,0.125,0.0107,0.025,11.68223207,4.7611327,72.20837,FALSE,FALSE,343.7936,3.437936,
0.85,0.13,0.0107,0.02,12.14952136,4.7611327,72.20837,FALSE,FALSE,343.7936,3.437936,
0.875,0.125,0.0107,0,11.68223207,4.7611327,72.20837,FALSE,FALSE,343.7936,3.437936,
0.9,0.1,0,0,10000000,4.608267,74.514145,FALSE,FALSE,343.38107,3.4338107,
0.9,0.1,0.0036,0,27.77770062,4.608267,74.514145,FALSE,FALSE,343.38107,3.4338107,
0.9,0.1,0.0071,0,14.0844872,4.608267,74.514145,FALSE,FALSE,343.38107,3.4338107,
0.825,0.07,0.0143,0.105,4.895101472,5.3213186,64.50028,FALSE,FALSE,343.22656,3.4322656,
0.825,0.07,0.0179,0.105,3.91061234,5.3213186,64.50028,FALSE,FALSE,343.22656,3.4322656,
0.825,0.03,0.0036,0.145,8.333310185,6.018575,56.9497,FALSE,FALSE,342.75604,3.4275604,
0.825,0.035,0.0036,0.14,9.722195216,6.018575,56.9497,FALSE,FALSE,342.75604,3.4275604,
0.825,0.04,0.0071,0.135,5.633794882,6.018575,56.9497,FALSE,FALSE,342.75604,3.4275604,
0.875,0.03,0.0321,0.095,0.934579148,4.6018896,74.41278,FALSE,FALSE,342.4394,3.424394,
0.875,0.03,0.0357,0.095,0.840335899,4.6018896,74.41278,FALSE,FALSE,342.4394,3.424394,
0.875,0.03,0.0393,0.095,0.763358584,4.6018896,74.41278,FALSE,FALSE,342.4394,3.424394,
0.875,0.035,0.0321,0.09,1.090342339,4.6018896,74.41278,FALSE,FALSE,342.4394,3.424394,
0.875,0.035,0.0357,0.09,0.980391882,4.6018896,74.41278,FALSE,FALSE,342.4394,3.424394,
0.875,0.035,0.0393,0.09,0.890585015,4.6018896,74.41278,FALSE,FALSE,342.4394,3.424394,
0.875,0.04,0.0321,0.085,1.246105531,4.6018896,74.41278,FALSE,FALSE,342.4394,3.424394,
0.875,0.04,0.0357,0.085,1.120447865,4.6018896,74.41278,FALSE,FALSE,342.4394,3.424394,
0.875,0.04,0.0393,0.085,1.017811446,4.6018896,74.41278,FALSE,FALSE,342.4394,3.424394,
0.875,0.045,0.0321,0.08,1.401868722,4.6018896,74.41278,FALSE,FALSE,342.4394,3.424394,
0.875,0.045,0.0357,0.08,1.260503849,4.6018896,74.41278,FALSE,FALSE,342.4394,3.424394,
0.875,0.045,0.0393,0.08,1.145037877,4.6018896,74.41278,FALSE,FALSE,342.4394,3.424394,
0.825,0.045,0.0143,0.13,3.146850946,5.182243,65.898964,FALSE,FALSE,341.50443,3.4150443,
0.825,0.045,0.0179,0.13,2.513965076,5.182243,65.898964,FALSE,FALSE,341.50443,3.4150443,
0.85,0.11,0.0107,0.04,10.28036422,4.746388,71.71814,FALSE,FALSE,340.4021,3.404021,
0.85,0.115,0.0107,0.035,10.74765351,4.746388,71.71814,FALSE,FALSE,340.4021,3.404021,
0.85,0.12,0.0107,0.03,11.21494279,4.746388,71.71814,FALSE,FALSE,340.4021,3.404021,
0.875,0.11,0.0107,0.015,10.28036422,4.746388,71.71814,FALSE,FALSE,340.4021,3.404021,
0.875,0.115,0.0107,0.01,10.74765351,4.746388,71.71814,FALSE,FALSE,340.4021,3.404021,
0.875,0.12,0.0107,0.005,11.21494279,4.746388,71.71814,FALSE,FALSE,340.4021,3.404021,
0.85,0.005,0.0321,0.145,0.155763191,5.24714,64.66246,FALSE,FALSE,339.29297,3.3929297,
0.85,0.005,0.0357,0.145,0.140055983,5.24714,64.66246,FALSE,FALSE,339.29297,3.3929297,
0.85,0.005,0.0393,0.145,0.127226431,5.24714,64.66246,FALSE,FALSE,339.29297,3.3929297,
0.85,0.01,0.0321,0.14,0.311526383,5.24714,64.66246,FALSE,FALSE,339.29297,3.3929297,
0.85,0.01,0.0357,0.14,0.280111966,5.24714,64.66246,FALSE,FALSE,339.29297,3.3929297,
0.85,0.01,0.0393,0.14,0.254452861,5.24714,64.66246,FALSE,FALSE,339.29297,3.3929297,
0.85,0.015,0.0321,0.135,0.467289574,5.24714,64.66246,FALSE,FALSE,339.29297,3.3929297,
0.85,0.015,0.0357,0.135,0.42016795,5.24714,64.66246,FALSE,FALSE,339.29297,3.3929297,
0.85,0.015,0.0393,0.135,0.381679292,5.24714,64.66246,FALSE,FALSE,339.29297,3.3929297,
0.85,0.075,0.0321,0.075,2.33644787,4.873438,69.38922,FALSE,FALSE,338.16406,3.3816406,
0.85,0.075,0.0357,0.075,2.100839748,4.873438,69.38922,FALSE,FALSE,338.16406,3.3816406,
0.9,0.005,0,0.095,500000,4.252655,79.39501,FALSE,FALSE,337.6396,3.376396,
0.9,0.01,0,0.09,1000000,4.252655,79.39501,FALSE,FALSE,337.6396,3.376396,
0.9,0.015,0,0.085,1500000,4.252655,79.39501,FALSE,FALSE,337.6396,3.376396,
0.9,0.02,0,0.08,2000000,4.252655,79.39501,FALSE,FALSE,337.6396,3.376396,
0.9,0.025,0,0.075,2500000,4.252655,79.39501,FALSE,FALSE,337.6396,3.376396,
0.85,0.02,0.0214,0.13,0.934579003,4.8021116,70.18404,FALSE,FALSE,337.0316,3.370316,
0.85,0.02,0.025,0.13,0.79999968,4.8021116,70.18404,FALSE,FALSE,337.0316,3.370316,
0.85,0.02,0.0286,0.13,0.699300455,4.8021116,70.18404,FALSE,FALSE,337.0316,3.370316,
0.85,0.025,0.0214,0.125,1.168223753,4.8021116,70.18404,FALSE,FALSE,337.0316,3.370316,
0.85,0.025,0.025,0.125,0.9999996,4.8021116,70.18404,FALSE,FALSE,337.0316,3.370316,
0.85,0.025,0.0286,0.125,0.874125568,4.8021116,70.18404,FALSE,FALSE,337.0316,3.370316,
0.875,0,0.0214,0.125,0,4.8021116,70.18404,FALSE,FALSE,337.0316,3.370316,
0.875,0,0.025,0.125,0,4.8021116,70.18404,FALSE,FALSE,337.0316,3.370316,
0.875,0,0.0286,0.125,0,4.8021116,70.18404,FALSE,FALSE,337.0316,3.370316,
0.8,0.13,0.0107,0.07,12.14952136,4.9692974,67.70685,FALSE,FALSE,336.45547,3.3645547,
0.8,0.07,0.0143,0.13,4.895101472,5.4052057,62.071663,FALSE,FALSE,335.5101,3.355101,
0.8,0.07,0.0179,0.13,3.91061234,5.4052057,62.071663,FALSE,FALSE,335.5101,3.355101,
0.875,0.04,0.0107,0.085,3.738314263,4.3494816,77.135155,FALSE,FALSE,335.49792,3.3549792,
0.875,0.045,0.0107,0.08,4.205603546,4.3494816,77.135155,FALSE,FALSE,335.49792,3.3549792,
0.9,0,0.0214,0.1,0,4.1765223,80.04498,FALSE,TRUE,334.30966,3.3430966,
0.9,0,0.025,0.1,0,4.1765223,80.04498,FALSE,TRUE,334.30966,3.3430966,
0.9,0,0.0286,0.1,0,4.1765223,80.04498,FALSE,TRUE,334.30966,3.3430966,
0.9,0.1,0.05,0,1.9999996,4.6924205,71.21393,FALSE,FALSE,334.1657,3.341657,
0.85,0.15,0.0179,0,8.379883587,5.296604,63.08654,FALSE,FALSE,334.14444,3.3414444,
0.85,0.15,0.0429,0,3.496502681,5.415588,61.683567,FALSE,FALSE,334.05276,3.3405276,
0.85,0.135,0.0107,0.015,12.61681064,4.7725616,69.909706,FALSE,FALSE,333.64838,3.3364838,
0.85,0.14,0.0107,0.01,13.08409992,4.7725616,69.909706,FALSE,FALSE,333.64838,3.3364838,
0.85,0.145,0.0107,0.005,13.5513892,4.7725616,69.909706,FALSE,FALSE,333.64838,3.3364838,
0.85,0.145,0.0143,0.005,10.13985305,4.7725616,69.909706,FALSE,FALSE,333.64838,3.3364838,
0.85,0.125,0.0429,0.025,2.913752235,4.6185603,72.19465,FALSE,FALSE,333.43533,3.3343533,
0.85,0.125,0.0464,0.025,2.693964937,4.6185603,72.19465,FALSE,FALSE,333.43533,3.3343533,
0.85,0.13,0.0429,0.02,3.030302324,4.6185603,72.19465,FALSE,FALSE,333.43533,3.3343533,
0.85,0.13,0.0464,0.02,2.801723534,4.6185603,72.19465,FALSE,FALSE,333.43533,3.3343533,
0.875,0.125,0.0429,0,2.913752235,4.6185603,72.19465,FALSE,FALSE,333.43533,3.3343533,
0.875,0.125,0.0464,0,2.693964937,4.6185603,72.19465,FALSE,FALSE,333.43533,3.3343533,
0.825,0.11,0.0107,0.065,10.28036422,4.9855394,66.87366,FALSE,FALSE,333.40125,3.3340125,
0.825,0.115,0.0107,0.06,10.74765351,4.9855394,66.87366,FALSE,FALSE,333.40125,3.3340125,
0.825,0.12,0.0107,0.055,11.21494279,4.9855394,66.87366,FALSE,FALSE,333.40125,3.3340125,
0.825,0.05,0.0107,0.125,4.672892829,5.3725014,62.02038,FALSE,FALSE,333.20456,3.3320456,
0.825,0.05,0.0143,0.125,3.496501051,5.3725014,62.02038,FALSE,FALSE,333.20456,3.3320456,
0.85,0.085,0.0321,0.065,2.647974253,4.4051113,75.521484,FALSE,FALSE,332.68054,3.3268054,
0.85,0.09,0.0321,0.06,2.803737444,4.4051113,75.521484,FALSE,FALSE,332.68054,3.3268054,
0.85,0.09,0.0357,0.06,2.521007697,4.4051113,75.521484,FALSE,FALSE,332.68054,3.3268054,
0.85,0.095,0.0321,0.055,2.959500636,4.4051113,75.521484,FALSE,FALSE,332.68054,3.3268054,
0.85,0.095,0.0357,0.055,2.66106368,4.4051113,75.521484,FALSE,FALSE,332.68054,3.3268054,
0.875,0.085,0.0321,0.04,2.647974253,4.4051113,75.521484,FALSE,FALSE,332.68054,3.3268054,
0.875,0.09,0.0321,0.035,2.803737444,4.4051113,75.521484,FALSE,FALSE,332.68054,3.3268054,
0.875,0.09,0.0357,0.035,2.521007697,4.4051113,75.521484,FALSE,FALSE,332.68054,3.3268054,
0.875,0.095,0.0321,0.03,2.959500636,4.4051113,75.521484,FALSE,FALSE,332.68054,3.3268054,
0.875,0.095,0.0357,0.03,2.66106368,4.4051113,75.521484,FALSE,FALSE,332.68054,3.3268054,
0.825,0.125,0.0107,0.05,11.68223207,4.9489374,67.06383,FALSE,FALSE,331.89468,3.3189468,
0.825,0.13,0.0107,0.045,12.14952136,4.9489374,67.06383,FALSE,FALSE,331.89468,3.3189468,
0.85,0.02,0,0.13,2000000,4.799025,69.057594,FALSE,FALSE,331.40912,3.3140912,
0.85,0.025,0,0.125,2500000,4.799025,69.057594,FALSE,FALSE,331.40912,3.3140912,
0.85,0.075,0.0393,0.075,1.908396461,4.766157,69.36294,FALSE,FALSE,330.59467,3.3059467,
0.825,0.055,0.0179,0.12,3.072623982,5.098356,64.84218,FALSE,FALSE,330.5885,3.305885,
0.85,0.1,0,0.05,10000000,4.722308,69.96538,FALSE,FALSE,330.39807,3.3039807,
0.85,0.1,0.0036,0.05,27.77770062,4.722308,69.96538,FALSE,FALSE,330.39807,3.3039807,
0.85,0.1,0.0071,0.05,14.0844872,4.722308,69.96538,FALSE,FALSE,330.39807,3.3039807,
0.85,0.105,0,0.045,10500000,4.722308,69.96538,FALSE,FALSE,330.39807,3.3039807,
0.85,0.105,0.0036,0.045,29.16658565,4.722308,69.96538,FALSE,FALSE,330.39807,3.3039807,
0.85,0.105,0.0071,0.045,14.78871157,4.722308,69.96538,FALSE,FALSE,330.39807,3.3039807,
0.85,0.11,0,0.04,11000000,4.722308,69.96538,FALSE,FALSE,330.39807,3.3039807,
0.85,0.11,0.0036,0.04,30.55547068,4.722308,69.96538,FALSE,FALSE,330.39807,3.3039807,
0.85,0.11,0.0071,0.04,15.49293593,4.722308,69.96538,FALSE,FALSE,330.39807,3.3039807,
0.85,0.115,0,0.035,11500000,4.722308,69.96538,FALSE,FALSE,330.39807,3.3039807,
0.85,0.115,0.0036,0.035,31.94435571,4.722308,69.96538,FALSE,FALSE,330.39807,3.3039807,
0.85,0.115,0.0071,0.035,16.19716029,4.722308,69.96538,FALSE,FALSE,330.39807,3.3039807,
0.85,0.12,0,0.03,12000000,4.722308,69.96538,FALSE,FALSE,330.39807,3.3039807,
0.85,0.12,0.0036,0.03,33.33324074,4.722308,69.96538,FALSE,FALSE,330.39807,3.3039807,
0.85,0.12,0.0071,0.03,16.90138465,4.722308,69.96538,FALSE,FALSE,330.39807,3.3039807,
0.875,0.1,0,0.025,10000000,4.722308,69.96538,FALSE,FALSE,330.39807,3.3039807,
0.875,0.1,0.0036,0.025,27.77770062,4.722308,69.96538,FALSE,FALSE,330.39807,3.3039807,
0.875,0.1,0.0071,0.025,14.0844872,4.722308,69.96538,FALSE,FALSE,330.39807,3.3039807,
0.875,0.105,0,0.02,10500000,4.722308,69.96538,FALSE,FALSE,330.39807,3.3039807,
0.875,0.105,0.0036,0.02,29.16658565,4.722308,69.96538,FALSE,FALSE,330.39807,3.3039807,
0.875,0.105,0.0071,0.02,14.78871157,4.722308,69.96538,FALSE,FALSE,330.39807,3.3039807,
0.875,0.11,0,0.015,11000000,4.722308,69.96538,FALSE,FALSE,330.39807,3.3039807,
0.875,0.11,0.0036,0.015,30.55547068,4.722308,69.96538,FALSE,FALSE,330.39807,3.3039807,
0.875,0.11,0.0071,0.015,15.49293593,4.722308,69.96538,FALSE,FALSE,330.39807,3.3039807,
0.875,0.115,0,0.01,11500000,4.722308,69.96538,FALSE,FALSE,330.39807,3.3039807,
0.875,0.115,0.0036,0.01,31.94435571,4.722308,69.96538,FALSE,FALSE,330.39807,3.3039807,
0.875,0.115,0.0071,0.01,16.19716029,4.722308,69.96538,FALSE,FALSE,330.39807,3.3039807,
0.875,0.12,0,0.005,12000000,4.722308,69.96538,FALSE,FALSE,330.39807,3.3039807,
0.875,0.12,0.0036,0.005,33.33324074,4.722308,69.96538,FALSE,FALSE,330.39807,3.3039807,
0.875,0.12,0.0071,0.005,16.90138465,4.722308,69.96538,FALSE,FALSE,330.39807,3.3039807,
0.85,0.125,0,0.025,12500000,4.737053,69.72908,FALSE,FALSE,330.31033,3.3031033,
0.85,0.125,0.0036,0.025,34.72212577,4.737053,69.72908,FALSE,FALSE,330.31033,3.3031033,
0.85,0.125,0.0071,0.025,17.60560901,4.737053,69.72908,FALSE,FALSE,330.31033,3.3031033,
0.85,0.13,0,0.02,13000000,4.737053,69.72908,FALSE,FALSE,330.31033,3.3031033,
0.85,0.13,0.0036,0.02,36.1110108,4.737053,69.72908,FALSE,FALSE,330.31033,3.3031033,
0.85,0.13,0.0071,0.02,18.30983337,4.737053,69.72908,FALSE,FALSE,330.31033,3.3031033,
0.875,0.125,0,0,12500000,4.737053,69.72908,FALSE,FALSE,330.31033,3.3031033,
0.875,0.125,0.0036,0,34.72212577,4.737053,69.72908,FALSE,FALSE,330.31033,3.3031033,
0.875,0.125,0.0071,0,17.60560901,4.737053,69.72908,FALSE,FALSE,330.31033,3.3031033,
0.85,0.05,0,0.1,5000000,4.80471,68.6049,FALSE,FALSE,329.62662,3.2962662,
0.85,0.05,0.0036,0.1,13.88885031,4.80471,68.6049,FALSE,FALSE,329.62662,3.2962662,
0.85,0.075,0.05,0.075,1.4999997,4.9520254,66.510574,FALSE,FALSE,329.36206,3.2936206,
0.825,0.04,0.0107,0.135,3.738314263,5.3725014,61.304382,FALSE,FALSE,329.35788,3.2935788,
0.85,0.015,0.0036,0.135,4.166655093,5.124855,64.22831,FALSE,FALSE,329.16077,3.2916077,
0.8,0.05,0.0071,0.15,7.042243602,6.2306304,52.746883,FALSE,FALSE,328.64633,3.2864633,
0.85,0.055,0.05,0.095,1.09999978,4.853304,67.6977,FALSE,FALSE,328.55753,3.2855753,
0.85,0.06,0.05,0.09,1.19999976,4.853304,67.6977,FALSE,FALSE,328.55753,3.2855753,
0.85,0.065,0.05,0.085,1.29999974,4.853304,67.6977,FALSE,FALSE,328.55753,3.2855753,
0.875,0.05,0.05,0.075,0.9999998,4.853304,67.6977,FALSE,FALSE,328.55753,3.2855753,
0.85,0.1,0.05,0.05,1.9999996,4.9659305,66.1477,FALSE,FALSE,328.48486,3.2848486,
0.875,0.1,0.05,0.025,1.9999996,4.9659305,66.1477,FALSE,FALSE,328.48486,3.2848486,
0.85,0,0.0214,0.15,0,5.026239,65.30278,FALSE,FALSE,328.2274,3.282274,
0.85,0,0.025,0.15,0,5.026239,65.30278,FALSE,FALSE,328.2274,3.282274,
0.85,0,0.0286,0.15,0,5.026239,65.30278,FALSE,FALSE,328.2274,3.282274,
0.75,0.1,0.0429,0.15,2.331001788,6.438262,50.977234,FALSE,FALSE,328.20477,3.2820477,
0.75,0.1,0.0464,0.15,2.155171949,6.438262,50.977234,FALSE,FALSE,328.20477,3.2820477,
0.85,0.07,0.0321,0.08,2.180684679,4.7513356,68.73144,FALSE,FALSE,326.56613,3.2656613,
0.85,0.105,0.05,0.045,2.09999958,4.9659305,65.752945,FALSE,FALSE,326.52457,3.2652457,
0.85,0.11,0.05,0.04,2.19999956,4.9659305,65.752945,FALSE,FALSE,326.52457,3.2652457,
0.85,0.115,0.05,0.035,2.29999954,4.9659305,65.752945,FALSE,FALSE,326.52457,3.2652457,
0.85,0.12,0.05,0.03,2.39999952,4.9659305,65.752945,FALSE,FALSE,326.52457,3.2652457,
0.875,0.105,0.05,0.02,2.09999958,4.9659305,65.752945,FALSE,FALSE,326.52457,3.2652457,
0.875,0.11,0.05,0.015,2.19999956,4.9659305,65.752945,FALSE,FALSE,326.52457,3.2652457,
0.875,0.115,0.05,0.01,2.29999954,4.9659305,65.752945,FALSE,FALSE,326.52457,3.2652457,
0.875,0.12,0.05,0.005,2.39999952,4.9659305,65.752945,FALSE,FALSE,326.52457,3.2652457,
0.85,0.05,0.0214,0.1,2.336447506,4.7404723,68.86645,FALSE,FALSE,326.45947,3.2645947,
0.85,0.065,0.0321,0.085,2.024921488,4.7334704,68.951935,FALSE,FALSE,326.38196,3.2638196,
0.85,0.05,0.025,0.1,1.9999992,4.735688,68.89883,FALSE,FALSE,326.28336,3.2628336,
0.85,0.05,0.0286,0.1,1.748251137,4.735688,68.89883,FALSE,FALSE,326.28336,3.2628336,
0.825,0.105,0,0.07,10500000,5.018089,64.75047,FALSE,FALSE,324.9236,3.249236,
0.825,0.105,0.0036,0.07,29.16658565,5.018089,64.75047,FALSE,FALSE,324.9236,3.249236,
0.825,0.105,0.0071,0.07,14.78871157,5.018089,64.75047,FALSE,FALSE,324.9236,3.249236,
0.75,0.105,0.0429,0.145,2.447551877,6.3572536,51.040474,FALSE,FALSE,324.47723,3.2447723,
0.75,0.105,0.0464,0.145,2.262930547,6.3572536,51.040474,FALSE,FALSE,324.47723,3.2447723,
0.75,0.11,0.0464,0.14,2.370689144,6.3572536,51.040474,FALSE,FALSE,324.47723,3.2447723,
0.75,0.115,0.0464,0.135,2.478447742,6.3572536,51.040474,FALSE,FALSE,324.47723,3.2447723,
0.85,0.075,0.0179,0.075,4.189941793,4.5272493,71.59761,FALSE,FALSE,324.14023,3.2414023,
0.875,0.03,0,0.095,3000000,4.3666964,74.21803,FALSE,FALSE,324.08762,3.2408762,
0.875,0.035,0,0.09,3500000,4.3666964,74.21803,FALSE,FALSE,324.08762,3.2408762,
0.875,0.04,0,0.085,4000000,4.3666964,74.21803,FALSE,FALSE,324.08762,3.2408762,
0.875,0.04,0.0036,0.085,11.11108025,4.3666964,74.21803,FALSE,FALSE,324.08762,3.2408762,
0.875,0.045,0,0.08,4500000,4.3666964,74.21803,FALSE,FALSE,324.08762,3.2408762,
0.875,0.045,0.0036,0.08,12.49996528,4.3666964,74.21803,FALSE,FALSE,324.08762,3.2408762,
0.85,0.11,0.0429,0.04,2.564101966,4.580954,70.68166,FALSE,FALSE,323.78946,3.2378946,
0.85,0.115,0.0429,0.035,2.680652056,4.580954,70.68166,FALSE,FALSE,323.78946,3.2378946,
0.85,0.12,0.0429,0.03,2.797202145,4.580954,70.68166,FALSE,FALSE,323.78946,3.2378946,
0.85,0.12,0.0464,0.03,2.586206339,4.580954,70.68166,FALSE,FALSE,323.78946,3.2378946,
0.875,0.11,0.0429,0.015,2.564101966,4.580954,70.68166,FALSE,FALSE,323.78946,3.2378946,
0.875,0.115,0.0429,0.01,2.680652056,4.580954,70.68166,FALSE,FALSE,323.78946,3.2378946,
0.875,0.12,0.0429,0.005,2.797202145,4.580954,70.68166,FALSE,FALSE,323.78946,3.2378946,
0.875,0.12,0.0464,0.005,2.586206339,4.580954,70.68166,FALSE,FALSE,323.78946,3.2378946,
0.875,0.03,0.0107,0.095,2.803735697,4.159223,77.71511,FALSE,FALSE,323.2345,3.232345,
0.875,0.035,0.0107,0.09,3.27102498,4.159223,77.71511,FALSE,FALSE,323.2345,3.232345,
0.875,0.04,0.0143,0.085,2.797200841,4.159223,77.71511,FALSE,FALSE,323.2345,3.232345,
0.875,0.045,0.0143,0.08,3.146850946,4.159223,77.71511,FALSE,FALSE,323.2345,3.232345,
0.875,0.045,0.0179,0.08,2.513965076,4.159223,77.71511,FALSE,FALSE,323.2345,3.232345,
0.85,0.07,0.05,0.08,1.39999972,4.871169,66.28636,FALSE,FALSE,322.8921,3.228921,
0.9,0.005,0.0321,0.095,0.155763191,4.0427237,79.749374,FALSE,FALSE,322.4047,3.224047,
0.9,0.005,0.0357,0.095,0.140055983,4.0427237,79.749374,FALSE,FALSE,322.4047,3.224047,
0.9,0.005,0.0393,0.095,0.127226431,4.0427237,79.749374,FALSE,FALSE,322.4047,3.224047,
0.9,0.01,0.0321,0.09,0.311526383,4.0427237,79.749374,FALSE,FALSE,322.4047,3.224047,
0.9,0.01,0.0357,0.09,0.280111966,4.0427237,79.749374,FALSE,FALSE,322.4047,3.224047,
0.9,0.01,0.0393,0.09,0.254452861,4.0427237,79.749374,FALSE,FALSE,322.4047,3.224047,
0.9,0.015,0.0321,0.085,0.467289574,4.0427237,79.749374,FALSE,FALSE,322.4047,3.224047,
0.9,0.015,0.0357,0.085,0.42016795,4.0427237,79.749374,FALSE,FALSE,322.4047,3.224047,
0.9,0.015,0.0393,0.085,0.381679292,4.0427237,79.749374,FALSE,FALSE,322.4047,3.224047,
0.9,0.02,0.0321,0.08,0.623052765,4.0427237,79.749374,FALSE,FALSE,322.4047,3.224047,
0.9,0.02,0.0357,0.08,0.560223933,4.0427237,79.749374,FALSE,FALSE,322.4047,3.224047,
0.9,0.02,0.0393,0.08,0.508905723,4.0427237,79.749374,FALSE,FALSE,322.4047,3.224047,
0.9,0.025,0.0321,0.075,0.778815957,4.0427237,79.749374,FALSE,FALSE,322.4047,3.224047,
0.9,0.025,0.0357,0.075,0.700279916,4.0427237,79.749374,FALSE,FALSE,322.4047,3.224047,
0.9,0.025,0.0393,0.075,0.636132154,4.0427237,79.749374,FALSE,FALSE,322.4047,3.224047,
0.925,0,0.0321,0.075,0,4.0427237,79.749374,FALSE,FALSE,322.4047,3.224047,
0.925,0,0.0357,0.075,0,4.0427237,79.749374,FALSE,FALSE,322.4047,3.224047,
0.925,0,0.0393,0.075,0,4.0427237,79.749374,FALSE,FALSE,322.4047,3.224047,
0.8,0.135,0.0107,0.065,12.61681064,4.9603662,64.85771,FALSE,FALSE,321.71802,3.2171802,
0.8,0.14,0.0107,0.06,13.08409992,4.9603662,64.85771,FALSE,FALSE,321.71802,3.2171802,
0.8,0.145,0.0107,0.055,13.5513892,4.9603662,64.85771,FALSE,FALSE,321.71802,3.2171802,
0.8,0.145,0.0143,0.055,10.13985305,4.9603662,64.85771,FALSE,FALSE,321.71802,3.2171802,
0.825,0.135,0.0107,0.04,12.61681064,4.9603662,64.85771,FALSE,FALSE,321.71802,3.2171802,
0.825,0.14,0.0107,0.035,13.08409992,4.9603662,64.85771,FALSE,FALSE,321.71802,3.2171802,
0.825,0.145,0.0107,0.03,13.5513892,4.9603662,64.85771,FALSE,FALSE,321.71802,3.2171802,
0.825,0.145,0.0143,0.03,10.13985305,4.9603662,64.85771,FALSE,FALSE,321.71802,3.2171802,
0.85,0.135,0.0429,0.015,3.146852413,4.606379,69.81913,FALSE,FALSE,321.61337,3.2161337,
0.85,0.135,0.0464,0.015,2.909482132,4.606379,69.81913,FALSE,FALSE,321.61337,3.2161337,
0.85,0.14,0.0429,0.01,3.263402503,4.606379,69.81913,FALSE,FALSE,321.61337,3.2161337,
0.85,0.14,0.0464,0.01,3.017240729,4.606379,69.81913,FALSE,FALSE,321.61337,3.2161337,
0.85,0.145,0.0464,0.005,3.124999327,4.606379,69.81913,FALSE,FALSE,321.61337,3.2161337,
0.8,0.145,0.0429,0.055,3.379952592,5.215869,61.625633,FALSE,FALSE,321.4312,3.214312,
0.825,0.145,0.0429,0.03,3.379952592,5.215869,61.625633,FALSE,FALSE,321.4312,3.214312,
0.775,0.075,0.0393,0.15,1.908396461,6.340829,50.584652,FALSE,FALSE,320.74863,3.2074863,
0.8,0.08,0,0.12,8000000,5.105195,62.747746,FALSE,FALSE,320.33948,3.2033948,
0.8,0.08,0.0036,0.12,22.22216049,5.105195,62.747746,FALSE,FALSE,320.33948,3.2033948,
0.8,0.08,0.0071,0.12,11.26758976,5.105195,62.747746,FALSE,FALSE,320.33948,3.2033948,
0.8,0.085,0,0.115,8500000,5.105195,62.747746,FALSE,FALSE,320.33948,3.2033948,
0.8,0.085,0.0036,0.115,23.61104552,5.105195,62.747746,FALSE,FALSE,320.33948,3.2033948,
0.8,0.085,0.0071,0.115,11.97181412,5.105195,62.747746,FALSE,FALSE,320.33948,3.2033948,
0.8,0.09,0,0.11,9000000,5.105195,62.747746,FALSE,FALSE,320.33948,3.2033948,
0.8,0.09,0.0036,0.11,24.99993056,5.105195,62.747746,FALSE,FALSE,320.33948,3.2033948,
0.8,0.09,0.0071,0.11,12.67603848,5.105195,62.747746,FALSE,FALSE,320.33948,3.2033948,
0.8,0.095,0,0.105,9500000,5.105195,62.747746,FALSE,FALSE,320.33948,3.2033948,
0.8,0.095,0.0036,0.105,26.38881559,5.105195,62.747746,FALSE,FALSE,320.33948,3.2033948,
0.8,0.095,0.0071,0.105,13.38026284,5.105195,62.747746,FALSE,FALSE,320.33948,3.2033948,
0.825,0.075,0,0.1,7500000,5.105195,62.747746,FALSE,FALSE,320.33948,3.2033948,
0.825,0.075,0.0036,0.1,20.83327546,5.105195,62.747746,FALSE,FALSE,320.33948,3.2033948,
0.825,0.075,0.0071,0.1,10.5633654,5.105195,62.747746,FALSE,FALSE,320.33948,3.2033948,
0.825,0.05,0.0179,0.125,2.793294529,5.182243,61.797707,FALSE,FALSE,320.25073,3.2025073,
0.875,0.045,0.0214,0.08,2.102802756,4.263959,74.957695,FALSE,FALSE,319.61655,3.1961655,
0.8,0.13,0,0.07,13000000,4.981486,64.14586,FALSE,FALSE,319.5417,3.195417,
0.8,0.13,0.0036,0.07,36.1110108,4.981486,64.14586,FALSE,FALSE,319.5417,3.195417,
0.8,0.13,0.0071,0.07,18.30983337,4.981486,64.14586,FALSE,FALSE,319.5417,3.195417,
0.8,0.15,0.0179,0.05,8.379883587,5.4844084,58.184853,FALSE,FALSE,319.1095,3.191095,
0.825,0.15,0.0179,0.025,8.379883587,5.4844084,58.184853,FALSE,FALSE,319.1095,3.191095,
0.85,0.135,0,0.015,13500000,4.7484818,67.19897,FALSE,FALSE,319.09308,3.1909308,
0.85,0.135,0.0036,0.015,37.49989583,4.7484818,67.19897,FALSE,FALSE,319.09308,3.1909308,
0.85,0.135,0.0071,0.015,19.01405773,4.7484818,67.19897,FALSE,FALSE,319.09308,3.1909308,
0.85,0.14,0,0.01,14000000,4.7484818,67.19897,FALSE,FALSE,319.09308,3.1909308,
0.85,0.14,0.0036,0.01,38.88878086,4.7484818,67.19897,FALSE,FALSE,319.09308,3.1909308,
0.85,0.14,0.0071,0.01,19.71828209,4.7484818,67.19897,FALSE,FALSE,319.09308,3.1909308,
0.85,0.145,0,0.005,14500000,4.7484818,67.19897,FALSE,FALSE,319.09308,3.1909308,
0.85,0.145,0.0036,0.005,40.2776659,4.7484818,67.19897,FALSE,FALSE,319.09308,3.1909308,
0.85,0.145,0.0071,0.005,20.42250645,4.7484818,67.19897,FALSE,FALSE,319.09308,3.1909308,
0.8,0.055,0.0071,0.145,7.746467963,6.018575,52.798943,FALSE,FALSE,317.7744,3.177744,
0.8,0.06,0.0071,0.14,8.450692323,6.018575,52.798943,FALSE,FALSE,317.7744,3.177744,
0.8,0.065,0.0071,0.135,9.154916683,6.018575,52.798943,FALSE,FALSE,317.7744,3.177744,
0.825,0.03,0.0107,0.145,2.803735697,5.182243,61.304115,FALSE,FALSE,317.6928,3.176928,
0.825,0.035,0.0107,0.14,3.27102498,5.182243,61.304115,FALSE,FALSE,317.6928,3.176928,
0.825,0.04,0.0143,0.135,2.797200841,5.182243,61.304115,FALSE,FALSE,317.6928,3.176928,
0.85,0.07,0.0357,0.08,1.960783764,4.619755,68.760025,FALSE,FALSE,317.65445,3.1765445,
0.85,0.07,0.0393,0.08,1.78117003,4.619755,68.760025,FALSE,FALSE,317.65445,3.1765445,
0.8,0.05,0.0107,0.15,4.672892829,5.567853,57.047043,FALSE,FALSE,317.62955,3.1762955,
0.8,0.05,0.0143,0.15,3.496501051,5.567853,57.047043,FALSE,FALSE,317.62955,3.1762955,
0.85,0.055,0.0321,0.095,1.713395105,4.6018896,68.9809,FALSE,FALSE,317.4425,3.174425,
0.85,0.055,0.0357,0.095,1.540615815,4.6018896,68.9809,FALSE,FALSE,317.4425,3.174425,
0.85,0.055,0.0393,0.095,1.399490738,4.6018896,68.9809,FALSE,FALSE,317.4425,3.174425,
0.85,0.06,0.0321,0.09,1.869158296,4.6018896,68.9809,FALSE,FALSE,317.4425,3.174425,
0.85,0.06,0.0357,0.09,1.680671798,4.6018896,68.9809,FALSE,FALSE,317.4425,3.174425,
0.85,0.06,0.0393,0.09,1.526717169,4.6018896,68.9809,FALSE,FALSE,317.4425,3.174425,
0.85,0.065,0.0357,0.085,1.820727781,4.6018896,68.9809,FALSE,FALSE,317.4425,3.174425,
0.85,0.065,0.0393,0.085,1.6539436,4.6018896,68.9809,FALSE,FALSE,317.4425,3.174425,
0.875,0.05,0.0321,0.075,1.557631914,4.6018896,68.9809,FALSE,FALSE,317.4425,3.174425,
0.875,0.05,0.0357,0.075,1.400559832,4.6018896,68.9809,FALSE,FALSE,317.4425,3.174425,
0.875,0.05,0.0393,0.075,1.272264307,4.6018896,68.9809,FALSE,FALSE,317.4425,3.174425,
0.875,0.03,0.0071,0.095,4.225346161,4.2575803,74.48482,FALSE,FALSE,317.1251,3.171251,
0.875,0.035,0.0071,0.09,4.929570522,4.2575803,74.48482,FALSE,FALSE,317.1251,3.171251,
0.825,0.11,0,0.065,11000000,4.997729,63.451725,FALSE,FALSE,317.1145,3.171145,
0.825,0.11,0.0036,0.065,30.55547068,4.997729,63.451725,FALSE,FALSE,317.1145,3.171145,
0.825,0.11,0.0071,0.065,15.49293593,4.997729,63.451725,FALSE,FALSE,317.1145,3.171145,
0.825,0.115,0,0.06,11500000,4.997729,63.451725,FALSE,FALSE,317.1145,3.171145,
0.825,0.115,0.0036,0.06,31.94435571,4.997729,63.451725,FALSE,FALSE,317.1145,3.171145,
0.825,0.115,0.0071,0.06,16.19716029,4.997729,63.451725,FALSE,FALSE,317.1145,3.171145,
0.825,0.12,0,0.055,12000000,4.997729,63.451725,FALSE,FALSE,317.1145,3.171145,
0.825,0.12,0.0036,0.055,33.33324074,4.997729,63.451725,FALSE,FALSE,317.1145,3.171145,
0.825,0.12,0.0071,0.055,16.90138465,4.997729,63.451725,FALSE,FALSE,317.1145,3.171145,
0.95,0,0.05,0.05,0,4.0344057,78.590775,FALSE,FALSE,317.06708,3.1706708,
0.95,0.005,0.05,0.045,0.09999998,4.0344057,78.590775,FALSE,FALSE,317.06708,3.1706708,
0.95,0.01,0.05,0.04,0.19999996,4.0344057,78.590775,FALSE,FALSE,317.06708,3.1706708,
0.95,0.015,0.05,0.035,0.29999994,4.0344057,78.590775,FALSE,FALSE,317.06708,3.1706708,
0.95,0.02,0.05,0.03,0.39999992,4.0344057,78.590775,FALSE,FALSE,317.06708,3.1706708,
0.95,0.025,0.05,0.025,0.4999999,4.0344057,78.590775,FALSE,FALSE,317.06708,3.1706708,
0.95,0.03,0.05,0.02,0.59999988,4.0344057,78.590775,FALSE,FALSE,317.06708,3.1706708,
0.95,0.035,0.05,0.015,0.69999986,4.0344057,78.590775,FALSE,FALSE,317.06708,3.1706708,
0.95,0.04,0.05,0.01,0.79999984,4.0344057,78.590775,FALSE,FALSE,317.06708,3.1706708,
0.95,0.045,0.05,0.005,0.89999982,4.0344057,78.590775,FALSE,FALSE,317.06708,3.1706708,
0.975,0,0.05,0.025,0,4.0344057,78.590775,FALSE,FALSE,317.06708,3.1706708,
0.975,0.005,0.05,0.02,0.09999998,4.0344057,78.590775,FALSE,FALSE,317.06708,3.1706708,
0.975,0.01,0.05,0.015,0.19999996,4.0344057,78.590775,FALSE,FALSE,317.06708,3.1706708,
0.975,0.015,0.05,0.01,0.29999994,4.0344057,78.590775,FALSE,FALSE,317.06708,3.1706708,
0.975,0.02,0.05,0.005,0.39999992,4.0344057,78.590775,FALSE,FALSE,317.06708,3.1706708,
0.975,0.025,0.05,0,0.4999999,4.0344057,78.590775,FALSE,FALSE,317.06708,3.1706708,
0.85,0.01,0.0036,0.14,2.777770062,4.9345965,64.20161,FALSE,FALSE,316.80902,3.1680902,
0.8,0.105,0.05,0.095,2.09999958,5.692305,55.63338,FALSE,FALSE,316.6822,3.166822,
0.8,0.11,0.05,0.09,2.19999956,5.692305,55.63338,FALSE,FALSE,316.6822,3.166822,
0.8,0.115,0.05,0.085,2.29999954,5.692305,55.63338,FALSE,FALSE,316.6822,3.166822,
0.8,0.12,0.05,0.08,2.39999952,5.692305,55.63338,FALSE,FALSE,316.6822,3.166822,
0.9,0.015,0.0036,0.085,4.166655093,3.9458838,79.76061,FALSE,FALSE,314.7261,3.147261,
0.9,0.025,0.0071,0.075,3.521121801,3.9458838,79.76061,FALSE,FALSE,314.7261,3.147261,
0.9,0.03,0.05,0.07,0.59999988,3.9749727,79.09064,FALSE,FALSE,314.38312,3.1438312,
0.925,0.005,0.05,0.07,0.09999998,3.9749727,79.09064,FALSE,FALSE,314.38312,3.1438312,
0.85,0.005,0.0214,0.145,0.233644751,4.8021116,65.373955,FALSE,FALSE,313.933,3.13933,
0.85,0.005,0.025,0.145,0.19999992,4.8021116,65.373955,FALSE,FALSE,313.933,3.13933,
0.85,0.005,0.0286,0.145,0.174825114,4.8021116,65.373955,FALSE,FALSE,313.933,3.13933,
0.85,0.01,0.0214,0.14,0.467289501,4.8021116,65.373955,FALSE,FALSE,313.933,3.13933,
0.85,0.01,0.025,0.14,0.39999984,4.8021116,65.373955,FALSE,FALSE,313.933,3.13933,
0.85,0.01,0.0286,0.14,0.349650227,4.8021116,65.373955,FALSE,FALSE,313.933,3.13933,
0.85,0.015,0.0214,0.135,0.700934252,4.8021116,65.373955,FALSE,FALSE,313.933,3.13933,
0.85,0.015,0.025,0.135,0.59999976,4.8021116,65.373955,FALSE,FALSE,313.933,3.13933,
0.85,0.015,0.0286,0.135,0.524475341,4.8021116,65.373955,FALSE,FALSE,313.933,3.13933,
0.85,0.055,0.0143,0.095,3.846151157,4.3494816,71.94786,FALSE,FALSE,312.93588,3.1293588,
0.85,0.06,0.0143,0.09,4.195801262,4.3494816,71.94786,FALSE,FALSE,312.93588,3.1293588,
0.85,0.06,0.0179,0.09,3.351953435,4.3494816,71.94786,FALSE,FALSE,312.93588,3.1293588,
0.85,0.065,0.0143,0.085,4.545451367,4.3494816,71.94786,FALSE,FALSE,312.93588,3.1293588,
0.85,0.065,0.0179,0.085,3.631282888,4.3494816,71.94786,FALSE,FALSE,312.93588,3.1293588,
0.875,0.05,0.0107,0.075,4.672892829,4.3494816,71.94786,FALSE,FALSE,312.93588,3.1293588,
0.875,0.05,0.0143,0.075,3.496501051,4.3494816,71.94786,FALSE,FALSE,312.93588,3.1293588,
0.775,0.095,0.0429,0.13,2.214451698,5.659059,55.28638,FALSE,FALSE,312.8689,3.128689,
0.775,0.095,0.0464,0.13,2.047413352,5.659059,55.28638,FALSE,FALSE,312.8689,3.128689,
0.9,0.035,0.05,0.065,0.69999986,3.9749727,78.590775,FALSE,FALSE,312.39618,3.1239618,
0.9,0.04,0.05,0.06,0.79999984,3.9749727,78.590775,FALSE,FALSE,312.39618,3.1239618,
0.9,0.045,0.05,0.055,0.89999982,3.9749727,78.590775,FALSE,FALSE,312.39618,3.1239618,
0.925,0.01,0.05,0.065,0.19999996,3.9749727,78.590775,FALSE,FALSE,312.39618,3.1239618,
0.925,0.015,0.05,0.06,0.29999994,3.9749727,78.590775,FALSE,FALSE,312.39618,3.1239618,
0.925,0.02,0.05,0.055,0.39999992,3.9749727,78.590775,FALSE,FALSE,312.39618,3.1239618,
0.925,0.025,0.05,0.05,0.4999999,3.9749727,78.590775,FALSE,FALSE,312.39618,3.1239618,
0.925,0.03,0.05,0.045,0.59999988,3.9749727,78.590775,FALSE,FALSE,312.39618,3.1239618,
0.925,0.035,0.05,0.04,0.69999986,3.9749727,78.590775,FALSE,FALSE,312.39618,3.1239618,
0.925,0.04,0.05,0.035,0.79999984,3.9749727,78.590775,FALSE,FALSE,312.39618,3.1239618,
0.925,0.045,0.05,0.03,0.89999982,3.9749727,78.590775,FALSE,FALSE,312.39618,3.1239618,
0.825,0.125,0,0.05,12500000,4.961126,62.847103,FALSE,FALSE,311.7924,3.117924,
0.825,0.125,0.0036,0.05,34.72212577,4.961126,62.847103,FALSE,FALSE,311.7924,3.117924,
0.825,0.125,0.0071,0.05,17.60560901,4.961126,62.847103,FALSE,FALSE,311.7924,3.117924,
0.825,0.13,0,0.045,13000000,4.961126,62.847103,FALSE,FALSE,311.7924,3.117924,
0.825,0.13,0.0036,0.045,36.1110108,4.961126,62.847103,FALSE,FALSE,311.7924,3.117924,
0.825,0.13,0.0071,0.045,18.30983337,4.961126,62.847103,FALSE,FALSE,311.7924,3.117924,
0.825,0.08,0.0179,0.095,4.469271246,4.692072,66.44386,FALSE,FALSE,311.75937,3.1175937,
0.825,0.085,0.0179,0.09,4.748600699,4.692072,66.44386,FALSE,FALSE,311.75937,3.1175937,
0.85,0.03,0.0143,0.12,2.097900631,4.256344,72.92874,FALSE,FALSE,310.4098,3.104098,
0.85,0.035,0.0143,0.115,2.447550736,4.256344,72.92874,FALSE,FALSE,310.4098,3.104098,
0.85,0.04,0.0179,0.11,2.234635623,4.256344,72.92874,FALSE,FALSE,310.4098,3.104098,
0.875,0.025,0.0107,0.1,2.336446415,4.256344,72.92874,FALSE,FALSE,310.4098,3.104098,
0.85,0.07,0.0143,0.08,4.895101472,4.3494816,71.36353,FALSE,FALSE,310.39438,3.1039438,
0.85,0.07,0.0179,0.08,3.91061234,4.3494816,71.36353,FALSE,FALSE,310.39438,3.1039438,
0.9,0.075,0.0107,0.025,7.009339244,4.101491,75.639786,FALSE,FALSE,310.2359,3.102359,
0.9,0.075,0.0143,0.025,5.244751577,4.101491,75.639786,FALSE,FALSE,310.2359,3.102359,
0.9,0.08,0.0107,0.02,7.476628527,4.101491,75.639786,FALSE,FALSE,310.2359,3.102359,
0.9,0.08,0.0143,0.02,5.594401682,4.101491,75.639786,FALSE,FALSE,310.2359,3.102359,
0.9,0.085,0.0107,0.015,7.943917809,4.101491,75.639786,FALSE,FALSE,310.2359,3.102359,
0.9,0.085,0.0143,0.015,5.944051787,4.101491,75.639786,FALSE,FALSE,310.2359,3.102359,
0.9,0.09,0.0107,0.01,8.411207092,4.101491,75.639786,FALSE,FALSE,310.2359,3.102359,
0.9,0.09,0.0143,0.01,6.293701893,4.101491,75.639786,FALSE,FALSE,310.2359,3.102359,
0.9,0.09,0.0179,0.01,5.027930152,4.101491,75.639786,FALSE,FALSE,310.2359,3.102359,
0.9,0.095,0.0107,0.005,8.878496375,4.101491,75.639786,FALSE,FALSE,310.2359,3.102359,
0.9,0.095,0.0143,0.005,6.643351998,4.101491,75.639786,FALSE,FALSE,310.2359,3.102359,
0.9,0.095,0.0179,0.005,5.307259605,4.101491,75.639786,FALSE,FALSE,310.2359,3.102359,
0.925,0.075,0.0107,0,7.009339244,4.101491,75.639786,FALSE,FALSE,310.2359,3.102359,
0.925,0.075,0.0143,0,5.244751577,4.101491,75.639786,FALSE,FALSE,310.2359,3.102359,
0.825,0.1,0.05,0.075,1.9999996,5.5850244,55.54398,FALSE,FALSE,310.21448,3.1021448,
0.95,0.02,0.0036,0.03,5.555540123,3.8722548,80.11021,FALSE,TRUE,310.20712,3.1020712,
0.95,0.025,0.0036,0.025,6.944425154,3.8722548,80.11021,FALSE,TRUE,310.20712,3.1020712,
0.95,0.03,0.0036,0.02,8.333310185,3.8722548,80.11021,FALSE,TRUE,310.20712,3.1020712,
0.95,0.035,0.0036,0.015,9.722195216,3.8722548,80.11021,FALSE,TRUE,310.20712,3.1020712,
0.95,0.04,0.0071,0.01,5.633794882,3.8722548,80.11021,FALSE,TRUE,310.20712,3.1020712,
0.95,0.045,0.0071,0.005,6.338019242,3.8722548,80.11021,FALSE,TRUE,310.20712,3.1020712,
0.975,0.02,0.0036,0.005,5.555540123,3.8722548,80.11021,FALSE,TRUE,310.20712,3.1020712,
0.975,0.025,0.0036,0,6.944425154,3.8722548,80.11021,FALSE,TRUE,310.20712,3.1020712,
0.85,0.03,0.0179,0.12,1.675976717,4.2515597,72.96112,FALSE,FALSE,310.19855,3.1019855,
0.85,0.035,0.0179,0.115,1.95530617,4.2515597,72.96112,FALSE,FALSE,310.19855,3.1019855,
0.875,0.005,0.0107,0.12,0.467289283,4.2515597,72.96112,FALSE,FALSE,310.19855,3.1019855,
0.875,0.005,0.0143,0.12,0.349650105,4.2515597,72.96112,FALSE,FALSE,310.19855,3.1019855,
0.875,0.005,0.0179,0.12,0.279329453,4.2515597,72.96112,FALSE,FALSE,310.19855,3.1019855,
0.875,0.01,0.0107,0.115,0.934578566,4.2515597,72.96112,FALSE,FALSE,310.19855,3.1019855,
0.875,0.01,0.0143,0.115,0.69930021,4.2515597,72.96112,FALSE,FALSE,310.19855,3.1019855,
0.875,0.01,0.0179,0.115,0.558658906,4.2515597,72.96112,FALSE,FALSE,310.19855,3.1019855,
0.875,0.015,0.0107,0.11,1.401867849,4.2515597,72.96112,FALSE,FALSE,310.19855,3.1019855,
0.875,0.015,0.0143,0.11,1.048950315,4.2515597,72.96112,FALSE,FALSE,310.19855,3.1019855,
0.875,0.015,0.0179,0.11,0.837988359,4.2515597,72.96112,FALSE,FALSE,310.19855,3.1019855,
0.875,0.02,0.0107,0.105,1.869157132,4.2515597,72.96112,FALSE,FALSE,310.19855,3.1019855,
0.875,0.02,0.0143,0.105,1.398600421,4.2515597,72.96112,FALSE,FALSE,310.19855,3.1019855,
0.875,0.02,0.0179,0.105,1.117317812,4.2515597,72.96112,FALSE,FALSE,310.19855,3.1019855,
0.875,0.025,0.0143,0.1,1.748250526,4.2515597,72.96112,FALSE,FALSE,310.19855,3.1019855,
0.875,0.025,0.0179,0.1,1.396647264,4.2515597,72.96112,FALSE,FALSE,310.19855,3.1019855,
0.9,0.03,0.0036,0.07,8.333310185,3.863915,80.247856,FALSE,TRUE,310.0709,3.100709,
0.875,0.03,0.0214,0.095,1.401868504,4.132378,74.986664,FALSE,FALSE,309.87326,3.0987326,
0.875,0.03,0.025,0.095,1.19999952,4.132378,74.986664,FALSE,FALSE,309.87326,3.0987326,
0.875,0.03,0.0286,0.095,1.048950682,4.132378,74.986664,FALSE,FALSE,309.87326,3.0987326,
0.875,0.035,0.0214,0.09,1.635513254,4.132378,74.986664,FALSE,FALSE,309.87326,3.0987326,
0.875,0.035,0.025,0.09,1.39999944,4.132378,74.986664,FALSE,FALSE,309.87326,3.0987326,
0.875,0.035,0.0286,0.09,1.223775796,4.132378,74.986664,FALSE,FALSE,309.87326,3.0987326,
0.875,0.04,0.0214,0.085,1.869158005,4.132378,74.986664,FALSE,FALSE,309.87326,3.0987326,
0.875,0.04,0.025,0.085,1.59999936,4.132378,74.986664,FALSE,FALSE,309.87326,3.0987326,
0.875,0.04,0.0286,0.085,1.39860091,4.132378,74.986664,FALSE,FALSE,309.87326,3.0987326,
0.875,0.045,0.025,0.08,1.79999928,4.132378,74.986664,FALSE,FALSE,309.87326,3.0987326,
0.875,0.045,0.0286,0.08,1.573426023,4.132378,74.986664,FALSE,FALSE,309.87326,3.0987326,
0.8,0.08,0.05,0.12,1.59999968,5.6181717,55.13654,FALSE,FALSE,309.76654,3.0976654,
0.8,0.085,0.05,0.115,1.69999966,5.6181717,55.13654,FALSE,FALSE,309.76654,3.0976654,
0.8,0.09,0.05,0.11,1.79999964,5.6181717,55.13654,FALSE,FALSE,309.76654,3.0976654,
0.8,0.095,0.05,0.105,1.89999962,5.6181717,55.13654,FALSE,FALSE,309.76654,3.0976654,
0.825,0.075,0.05,0.1,1.4999997,5.6181717,55.13654,FALSE,FALSE,309.76654,3.0976654,
0.85,0.005,0,0.145,500000,4.799025,64.35885,FALSE,FALSE,308.85974,3.0885974,
0.85,0.01,0,0.14,1000000,4.799025,64.35885,FALSE,FALSE,308.85974,3.0885974,
0.85,0.015,0,0.135,1500000,4.799025,64.35885,FALSE,FALSE,308.85974,3.0885974,
0.825,0.125,0.05,0.05,2.4999995,5.489973,56.133488,FALSE,FALSE,308.17133,3.0817133,
0.9,0.035,0.0036,0.065,9.722195216,3.8435545,80.11021,FALSE,FALSE,307.90796,3.0790796,
0.9,0.04,0.0071,0.06,5.633794882,3.8435545,80.11021,FALSE,FALSE,307.90796,3.0790796,
0.9,0.045,0.0071,0.055,6.338019242,3.8435545,80.11021,FALSE,FALSE,307.90796,3.0790796,
0.925,0.02,0.0036,0.055,5.555540123,3.8435545,80.11021,FALSE,FALSE,307.90796,3.0790796,
0.925,0.025,0.0036,0.05,6.944425154,3.8435545,80.11021,FALSE,FALSE,307.90796,3.0790796,
0.925,0.03,0.0036,0.045,8.333310185,3.8435545,80.11021,FALSE,FALSE,307.90796,3.0790796,
0.925,0.035,0.0036,0.04,9.722195216,3.8435545,80.11021,FALSE,FALSE,307.90796,3.0790796,
0.925,0.04,0.0071,0.035,5.633794882,3.8435545,80.11021,FALSE,FALSE,307.90796,3.0790796,
0.925,0.045,0.0071,0.03,6.338019242,3.8435545,80.11021,FALSE,FALSE,307.90796,3.0790796,
0.8,0.055,0.0143,0.145,3.846151157,5.3725014,57.092056,FALSE,FALSE,306.72714,3.0672714,
0.8,0.06,0.0143,0.14,4.195801262,5.3725014,57.092056,FALSE,FALSE,306.72714,3.0672714,
0.8,0.06,0.0179,0.14,3.351953435,5.3725014,57.092056,FALSE,FALSE,306.72714,3.0672714,
0.8,0.065,0.0143,0.135,4.545451367,5.3725014,57.092056,FALSE,FALSE,306.72714,3.0672714,
0.8,0.065,0.0179,0.135,3.631282888,5.3725014,57.092056,FALSE,FALSE,306.72714,3.0672714,
0.8,0.05,0.0179,0.15,2.793294529,5.3775945,57.027798,FALSE,FALSE,306.67236,3.0667236,
0.825,0.025,0.0071,0.15,3.521121801,5.528924,55.431644,FALSE,FALSE,306.47736,3.0647736,
0.85,0.08,0.0107,0.07,7.476628527,4.2366276,72.27704,FALSE,FALSE,306.2109,3.062109,
0.85,0.08,0.0143,0.07,5.594401682,4.2366276,72.27704,FALSE,FALSE,306.2109,3.062109,
0.825,0.055,0,0.12,5500000,4.9967237,61.070293,FALSE,FALSE,305.15137,3.0515137,
0.825,0.055,0.0036,0.12,15.27773534,4.9967237,61.070293,FALSE,FALSE,305.15137,3.0515137,
0.825,0.06,0,0.115,6000000,4.9967237,61.070293,FALSE,FALSE,305.15137,3.0515137,
0.825,0.06,0.0036,0.115,16.66662037,4.9967237,61.070293,FALSE,FALSE,305.15137,3.0515137,
0.825,0.065,0,0.11,6500000,4.9967237,61.070293,FALSE,FALSE,305.15137,3.0515137,
0.825,0.065,0.0036,0.11,18.0555054,4.9967237,61.070293,FALSE,FALSE,305.15137,3.0515137,
0.85,0.075,0,0.075,7500000,4.460562,68.37569,FALSE,FALSE,304.99402,3.0499402,
0.85,0.075,0.0036,0.075,20.83327546,4.460562,68.37569,FALSE,FALSE,304.99402,3.0499402,
0.85,0.075,0.0071,0.075,10.5633654,4.460562,68.37569,FALSE,FALSE,304.99402,3.0499402,
0.825,0.045,0,0.13,4500000,4.991039,61.049828,FALSE,FALSE,304.70206,3.0470206,
0.825,0.045,0.0036,0.13,12.49996528,4.991039,61.049828,FALSE,FALSE,304.70206,3.0470206,
0.85,0.08,0.025,0.07,3.19999872,3.9559586,76.84565,FALSE,FALSE,303.9982,3.039982,
0.85,0.08,0.0286,0.07,2.797201819,3.9559586,76.84565,FALSE,FALSE,303.9982,3.039982,
0.85,0.085,0.0107,0.065,7.943917809,4.2162676,72.032684,FALSE,FALSE,303.70908,3.0370908,
0.85,0.085,0.0143,0.065,5.944051787,4.2162676,72.032684,FALSE,FALSE,303.70908,3.0370908,
0.85,0.09,0.0107,0.06,8.411207092,4.2162676,72.032684,FALSE,FALSE,303.70908,3.0370908,
0.85,0.09,0.0143,0.06,6.293701893,4.2162676,72.032684,FALSE,FALSE,303.70908,3.0370908,
0.85,0.09,0.0179,0.06,5.027930152,4.2162676,72.032684,FALSE,FALSE,303.70908,3.0370908,
0.85,0.095,0.0107,0.055,8.878496375,4.2162676,72.032684,FALSE,FALSE,303.70908,3.0370908,
0.85,0.095,0.0143,0.055,6.643351998,4.2162676,72.032684,FALSE,FALSE,303.70908,3.0370908,
0.85,0.095,0.0179,0.055,5.307259605,4.2162676,72.032684,FALSE,FALSE,303.70908,3.0370908,
0.875,0.075,0.0107,0.05,7.009339244,4.2162676,72.032684,FALSE,FALSE,303.70908,3.0370908,
0.875,0.075,0.0143,0.05,5.244751577,4.2162676,72.032684,FALSE,FALSE,303.70908,3.0370908,
0.875,0.08,0.0107,0.045,7.476628527,4.2162676,72.032684,FALSE,FALSE,303.70908,3.0370908,
0.875,0.08,0.0143,0.045,5.594401682,4.2162676,72.032684,FALSE,FALSE,303.70908,3.0370908,
0.875,0.085,0.0107,0.04,7.943917809,4.2162676,72.032684,FALSE,FALSE,303.70908,3.0370908,
0.875,0.085,0.0143,0.04,5.944051787,4.2162676,72.032684,FALSE,FALSE,303.70908,3.0370908,
0.875,0.09,0.0107,0.035,8.411207092,4.2162676,72.032684,FALSE,FALSE,303.70908,3.0370908,
0.875,0.09,0.0143,0.035,6.293701893,4.2162676,72.032684,FALSE,FALSE,303.70908,3.0370908,
0.875,0.09,0.0179,0.035,5.027930152,4.2162676,72.032684,FALSE,FALSE,303.70908,3.0370908,
0.875,0.095,0.0107,0.03,8.878496375,4.2162676,72.032684,FALSE,FALSE,303.70908,3.0370908,
0.875,0.095,0.0143,0.03,6.643351998,4.2162676,72.032684,FALSE,FALSE,303.70908,3.0370908,
0.875,0.095,0.0179,0.03,5.307259605,4.2162676,72.032684,FALSE,FALSE,303.70908,3.0370908,
0.8,0.075,0,0.125,7500000,5.09951,59.362713,FALSE,FALSE,302.72076,3.0272076,
0.8,0.075,0.0036,0.125,20.83327546,5.09951,59.362713,FALSE,FALSE,302.72076,3.0272076,
0.8,0.075,0.0071,0.125,10.5633654,5.09951,59.362713,FALSE,FALSE,302.72076,3.0272076,
0.825,0.07,0,0.105,7000000,4.9967237,60.417694,FALSE,FALSE,301.89053,3.0189053,
0.825,0.07,0.0036,0.105,19.44439043,4.9967237,60.417694,FALSE,FALSE,301.89053,3.0189053,
0.85,0.055,0.0179,0.095,3.072623982,4.159223,72.57596,FALSE,FALSE,301.8596,3.018596,
0.875,0.05,0.0179,0.075,2.793294529,4.159223,72.57596,FALSE,FALSE,301.8596,3.018596,
0.825,0.045,0.05,0.13,0.89999982,5.3318477,56.565746,FALSE,FALSE,301.59995,3.0159995,
0.85,0.085,0.0286,0.065,2.972026933,3.9355986,76.601295,FALSE,FALSE,301.47195,3.0147195,
0.85,0.09,0.0286,0.06,3.146852047,3.9355986,76.601295,FALSE,FALSE,301.47195,3.0147195,
0.85,0.095,0.0286,0.055,3.32167716,3.9355986,76.601295,FALSE,FALSE,301.47195,3.0147195,
0.875,0.075,0.025,0.05,2.9999988,3.9355986,76.601295,FALSE,FALSE,301.47195,3.0147195,
0.875,0.075,0.0286,0.05,2.622376705,3.9355986,76.601295,FALSE,FALSE,301.47195,3.0147195,
0.875,0.08,0.025,0.045,3.19999872,3.9355986,76.601295,FALSE,FALSE,301.47195,3.0147195,
0.875,0.08,0.0286,0.045,2.797201819,3.9355986,76.601295,FALSE,FALSE,301.47195,3.0147195,
0.875,0.085,0.0286,0.04,2.972026933,3.9355986,76.601295,FALSE,FALSE,301.47195,3.0147195,
0.875,0.09,0.0286,0.035,3.146852047,3.9355986,76.601295,FALSE,FALSE,301.47195,3.0147195,
0.875,0.095,0.0286,0.03,3.32167716,3.9355986,76.601295,FALSE,FALSE,301.47195,3.0147195,
0.85,0.055,0,0.095,5500000,4.3666964,69.03842,FALSE,FALSE,301.46982,3.0146982,
0.85,0.055,0.0036,0.095,15.27773534,4.3666964,69.03842,FALSE,FALSE,301.46982,3.0146982,
0.85,0.06,0,0.09,6000000,4.3666964,69.03842,FALSE,FALSE,301.46982,3.0146982,
0.85,0.06,0.0036,0.09,16.66662037,4.3666964,69.03842,FALSE,FALSE,301.46982,3.0146982,
0.85,0.065,0,0.085,6500000,4.3666964,69.03842,FALSE,FALSE,301.46982,3.0146982,
0.85,0.065,0.0036,0.085,18.0555054,4.3666964,69.03842,FALSE,FALSE,301.46982,3.0146982,
0.875,0.05,0,0.075,5000000,4.3666964,69.03842,FALSE,FALSE,301.46982,3.0146982,
0.875,0.05,0.0036,0.075,13.88885031,4.3666964,69.03842,FALSE,FALSE,301.46982,3.0146982,
0.8,0.135,0,0.065,13500000,4.9725547,60.3565,FALSE,FALSE,300.12598,3.0012598,
0.8,0.135,0.0036,0.065,37.49989583,4.9725547,60.3565,FALSE,FALSE,300.12598,3.0012598,
0.8,0.135,0.0071,0.065,19.01405773,4.9725547,60.3565,FALSE,FALSE,300.12598,3.0012598,
0.8,0.14,0,0.06,14000000,4.9725547,60.3565,FALSE,FALSE,300.12598,3.0012598,
0.8,0.14,0.0036,0.06,38.88878086,4.9725547,60.3565,FALSE,FALSE,300.12598,3.0012598,
0.8,0.14,0.0071,0.06,19.71828209,4.9725547,60.3565,FALSE,FALSE,300.12598,3.0012598,
0.8,0.145,0,0.055,14500000,4.9725547,60.3565,FALSE,FALSE,300.12598,3.0012598,
0.8,0.145,0.0036,0.055,40.2776659,4.9725547,60.3565,FALSE,FALSE,300.12598,3.0012598,
0.8,0.145,0.0071,0.055,20.42250645,4.9725547,60.3565,FALSE,FALSE,300.12598,3.0012598,
0.825,0.135,0,0.04,13500000,4.9725547,60.3565,FALSE,FALSE,300.12598,3.0012598,
0.825,0.135,0.0036,0.04,37.49989583,4.9725547,60.3565,FALSE,FALSE,300.12598,3.0012598,
0.825,0.135,0.0071,0.04,19.01405773,4.9725547,60.3565,FALSE,FALSE,300.12598,3.0012598,
0.825,0.14,0,0.035,14000000,4.9725547,60.3565,FALSE,FALSE,300.12598,3.0012598,
0.825,0.14,0.0036,0.035,38.88878086,4.9725547,60.3565,FALSE,FALSE,300.12598,3.0012598,
0.825,0.14,0.0071,0.035,19.71828209,4.9725547,60.3565,FALSE,FALSE,300.12598,3.0012598,
0.825,0.145,0,0.03,14500000,4.9725547,60.3565,FALSE,FALSE,300.12598,3.0012598,
0.825,0.145,0.0036,0.03,40.2776659,4.9725547,60.3565,FALSE,FALSE,300.12598,3.0012598,
0.825,0.145,0.0071,0.03,20.42250645,4.9725547,60.3565,FALSE,FALSE,300.12598,3.0012598,
0.85,0.15,0.0107,0,14.01867849,4.7725616,62.691544,FALSE,FALSE,299.19925,2.9919925,
0.85,0.15,0.0143,0,10.48950315,4.7725616,62.691544,FALSE,FALSE,299.19925,2.9919925,
0.85,0.025,0.0107,0.125,2.336446415,4.340231,68.88051,FALSE,FALSE,298.9573,2.989573,
0.8,0.08,0.0321,0.12,2.492211062,5.177678,57.73235,FALSE,FALSE,298.91953,2.9891953,
0.8,0.08,0.0357,0.12,2.240895731,5.177678,57.73235,FALSE,FALSE,298.91953,2.9891953,
0.8,0.08,0.0393,0.12,2.035622892,5.177678,57.73235,FALSE,FALSE,298.91953,2.9891953,
0.8,0.085,0.0357,0.115,2.380951714,5.177678,57.73235,FALSE,FALSE,298.91953,2.9891953,
0.8,0.085,0.0393,0.115,2.162849322,5.177678,57.73235,FALSE,FALSE,298.91953,2.9891953,
0.8,0.09,0.0393,0.11,2.290075753,5.177678,57.73235,FALSE,FALSE,298.91953,2.9891953,
0.8,0.095,0.0393,0.105,2.417302184,5.177678,57.73235,FALSE,FALSE,298.91953,2.9891953,
0.825,0.075,0.0321,0.1,2.33644787,5.177678,57.73235,FALSE,FALSE,298.91953,2.9891953,
0.825,0.075,0.0357,0.1,2.100839748,5.177678,57.73235,FALSE,FALSE,298.91953,2.9891953,
0.9,0.055,0.0107,0.045,5.140182112,3.9237223,76.13809,FALSE,FALSE,298.74472,2.9874472,
0.9,0.06,0.0107,0.04,5.607471395,3.9237223,76.13809,FALSE,FALSE,298.74472,2.9874472,
0.9,0.065,0.0107,0.035,6.074760678,3.9237223,76.13809,FALSE,FALSE,298.74472,2.9874472,
0.925,0.055,0.0107,0.02,5.140182112,3.9237223,76.13809,FALSE,FALSE,298.74472,2.9874472,
0.925,0.06,0.0107,0.015,5.607471395,3.9237223,76.13809,FALSE,FALSE,298.74472,2.9874472,
0.925,0.065,0.0107,0.01,6.074760678,3.9237223,76.13809,FALSE,FALSE,298.74472,2.9874472,
0.85,0.07,0,0.08,7000000,4.3666964,68.35166,FALSE,FALSE,298.47095,2.9847095,
0.85,0.07,0.0036,0.08,19.44439043,4.3666964,68.35166,FALSE,FALSE,298.47095,2.9847095,
0.825,0.075,0.0393,0.1,1.908396461,5.197194,57.421085,FALSE,FALSE,298.42853,2.9842853,
0.825,0.045,0.0214,0.13,2.102802756,4.9476523,60.183746,FALSE,FALSE,297.76825,2.9776825,
0.85,0.02,0.0107,0.13,1.869157132,4.3179827,68.91289,FALSE,FALSE,297.56467,2.9756467,
0.85,0.02,0.0143,0.13,1.398600421,4.3179827,68.91289,FALSE,FALSE,297.56467,2.9756467,
0.85,0.02,0.0179,0.13,1.117317812,4.3179827,68.91289,FALSE,FALSE,297.56467,2.9756467,
0.85,0.025,0.0143,0.125,1.748250526,4.3179827,68.91289,FALSE,FALSE,297.56467,2.9756467,
0.85,0.025,0.0179,0.125,1.396647264,4.3179827,68.91289,FALSE,FALSE,297.56467,2.9756467,
0.875,0,0.0107,0.125,0,4.3179827,68.91289,FALSE,FALSE,297.56467,2.9756467,
0.875,0,0.0143,0.125,0,4.3179827,68.91289,FALSE,FALSE,297.56467,2.9756467,
0.875,0,0.0179,0.125,0,4.3179827,68.91289,FALSE,FALSE,297.56467,2.9756467,
0.9,0.07,0.0107,0.03,6.542049961,3.9237223,75.64712,FALSE,FALSE,296.81827,2.9681827,
0.925,0.07,0.0107,0.005,6.542049961,3.9237223,75.64712,FALSE,FALSE,296.81827,2.9681827,
0.85,0.07,0.0286,0.08,2.447551592,4.281824,69.24845,FALSE,FALSE,296.50967,2.9650967,
0.85,0.055,0.025,0.095,2.19999912,4.263959,69.46895,FALSE,FALSE,296.21274,2.9621274,
0.85,0.06,0.025,0.09,2.39999904,4.263959,69.46895,FALSE,FALSE,296.21274,2.9621274,
0.85,0.06,0.0286,0.09,2.097901364,4.263959,69.46895,FALSE,FALSE,296.21274,2.9621274,
0.85,0.065,0.0286,0.085,2.272726478,4.263959,69.46895,FALSE,FALSE,296.21274,2.9621274,
0.875,0.05,0.0214,0.075,2.336447506,4.263959,69.46895,FALSE,FALSE,296.21274,2.9621274,
0.8,0.055,0.0179,0.145,3.072623982,5.182243,57.10092,FALSE,FALSE,295.91086,2.9591086,
0.95,0.05,0.05,0,0.9999998,4.0344057,73.158905,FALSE,FALSE,295.1527,2.951527,
0.825,0.03,0.0071,0.145,4.225346161,5.316869,55.483696,FALSE,FALSE,294.99954,2.9499954,
0.825,0.035,0.0071,0.14,4.929570522,5.316869,55.483696,FALSE,FALSE,294.99954,2.9499954,
0.9,0,0.0107,0.1,0,3.72653,79.05309,FALSE,FALSE,294.59372,2.9459372,
0.9,0,0.0143,0.1,0,3.72653,79.05309,FALSE,FALSE,294.59372,2.9459372,
0.9,0,0.0179,0.1,0,3.72653,79.05309,FALSE,FALSE,294.59372,2.9459372,
0.875,0.055,0.0107,0.07,5.140182112,4.0588593,72.533936,FALSE,FALSE,294.40503,2.9440503,
0.825,0.055,0.05,0.12,1.09999978,5.3744297,54.713108,FALSE,FALSE,294.05176,2.9405176,
0.825,0.06,0.05,0.115,1.19999976,5.3744297,54.713108,FALSE,FALSE,294.05176,2.9405176,
0.825,0.065,0.05,0.11,1.29999974,5.3744297,54.713108,FALSE,FALSE,294.05176,2.9405176,
0.825,0.08,0,0.095,8000000,4.6616535,63.06384,FALSE,FALSE,293.98178,2.9398178,
0.825,0.08,0.0036,0.095,22.22216049,4.6616535,63.06384,FALSE,FALSE,293.98178,2.9398178,
0.825,0.08,0.0071,0.095,11.26758976,4.6616535,63.06384,FALSE,FALSE,293.98178,2.9398178,
0.825,0.085,0,0.09,8500000,4.6616535,63.06384,FALSE,FALSE,293.98178,2.9398178,
0.825,0.085,0.0036,0.09,23.61104552,4.6616535,63.06384,FALSE,FALSE,293.98178,2.9398178,
0.825,0.085,0.0071,0.09,11.97181412,4.6616535,63.06384,FALSE,FALSE,293.98178,2.9398178,
0.825,0.09,0,0.085,9000000,4.6616535,63.06384,FALSE,FALSE,293.98178,2.9398178,
0.825,0.09,0.0036,0.085,24.99993056,4.6616535,63.06384,FALSE,FALSE,293.98178,2.9398178,
0.825,0.09,0.0071,0.085,12.67603848,4.6616535,63.06384,FALSE,FALSE,293.98178,2.9398178,
0.825,0.095,0,0.08,9500000,4.6616535,63.06384,FALSE,FALSE,293.98178,2.9398178,
0.825,0.095,0.0036,0.08,26.38881559,4.6616535,63.06384,FALSE,FALSE,293.98178,2.9398178,
0.825,0.095,0.0071,0.08,13.38026284,4.6616535,63.06384,FALSE,FALSE,293.98178,2.9398178,
0.8,0.075,0.05,0.125,1.4999997,5.5755897,52.567036,FALSE,FALSE,293.09222,2.9309222,
0.85,0.08,0.05,0.07,1.59999968,4.379498,66.83792,FALSE,FALSE,292.71655,2.9271655,
0.825,0.025,0,0.15,2500000,5.203094,56.22012,FALSE,FALSE,292.51855,2.9251855,
0.9,0.075,0.05,0.025,1.4999997,4.0736947,71.775536,FALSE,FALSE,292.39163,2.9239163,
0.9,0.08,0.05,0.02,1.59999968,4.0736947,71.775536,FALSE,FALSE,292.39163,2.9239163,
0.9,0.085,0.05,0.015,1.69999966,4.0736947,71.775536,FALSE,FALSE,292.39163,2.9239163,
0.9,0.09,0.05,0.01,1.79999964,4.0736947,71.775536,FALSE,FALSE,292.39163,2.9239163,
0.9,0.095,0.05,0.005,1.89999962,4.0736947,71.775536,FALSE,FALSE,292.39163,2.9239163,
0.925,0.075,0.05,0,1.4999997,4.0736947,71.775536,FALSE,FALSE,292.39163,2.9239163,
0.875,0.06,0.0107,0.065,5.607471395,4.0384994,72.289566,FALSE,FALSE,291.94138,2.9194138,
0.875,0.065,0.0107,0.06,6.074760678,4.0384994,72.289566,FALSE,FALSE,291.94138,2.9194138,
0.825,0.045,0.025,0.13,1.79999928,4.925404,59.262493,FALSE,FALSE,291.89172,2.9189172,
0.825,0.045,0.0286,0.13,1.573426023,4.925404,59.262493,FALSE,FALSE,291.89172,2.9189172,
0.875,0.015,0.0071,0.11,2.112673081,4.1644425,70.0867,FALSE,FALSE,291.87204,2.9187204,
0.85,0,0.0107,0.15,0,4.5421104,64.22127,FALSE,FALSE,291.7001,2.917001,
0.85,0,0.0143,0.15,0,4.5421104,64.22127,FALSE,FALSE,291.7001,2.917001,
0.85,0,0.0179,0.15,0,4.5421104,64.22127,FALSE,FALSE,291.7001,2.917001,
0.875,0.005,0.0036,0.12,1.388885031,4.1596584,70.11908,FALSE,FALSE,291.67142,2.9167142,
0.875,0.005,0.0071,0.12,0.70422436,4.1596584,70.11908,FALSE,FALSE,291.67142,2.9167142,
0.875,0.01,0.0071,0.115,1.40844872,4.1596584,70.11908,FALSE,FALSE,291.67142,2.9167142,
0.875,0.055,0.05,0.07,1.09999978,4.2807765,68.02505,FALSE,FALSE,291.2,2.912,
0.9,0.05,0.05,0.05,0.9999998,3.9749727,73.158905,FALSE,FALSE,290.80466,2.9080466,
0.9,0.055,0.05,0.045,1.09999978,3.9749727,73.158905,FALSE,FALSE,290.80466,2.9080466,
0.9,0.06,0.05,0.04,1.19999976,3.9749727,73.158905,FALSE,FALSE,290.80466,2.9080466,
0.9,0.065,0.05,0.035,1.29999974,3.9749727,73.158905,FALSE,FALSE,290.80466,2.9080466,
0.925,0.05,0.05,0.025,0.9999998,3.9749727,73.158905,FALSE,FALSE,290.80466,2.9080466,
0.925,0.055,0.05,0.02,1.09999978,3.9749727,73.158905,FALSE,FALSE,290.80466,2.9080466,
0.925,0.06,0.05,0.015,1.19999976,3.9749727,73.158905,FALSE,FALSE,290.80466,2.9080466,
0.925,0.065,0.05,0.01,1.29999974,3.9749727,73.158905,FALSE,FALSE,290.80466,2.9080466,
0.85,0.085,0.05,0.065,1.69999966,4.379498,66.33804,FALSE,FALSE,290.5273,2.905273,
0.85,0.09,0.05,0.06,1.79999964,4.379498,66.33804,FALSE,FALSE,290.5273,2.905273,
0.85,0.095,0.05,0.055,1.89999962,4.379498,66.33804,FALSE,FALSE,290.5273,2.905273,
0.875,0.075,0.05,0.05,1.4999997,4.379498,66.33804,FALSE,FALSE,290.5273,2.905273,
0.875,0.08,0.05,0.045,1.59999968,4.379498,66.33804,FALSE,FALSE,290.5273,2.905273,
0.875,0.085,0.05,0.04,1.69999966,4.379498,66.33804,FALSE,FALSE,290.5273,2.905273,
0.875,0.09,0.05,0.035,1.79999964,4.379498,66.33804,FALSE,FALSE,290.5273,2.905273,
0.875,0.095,0.05,0.03,1.89999962,4.379498,66.33804,FALSE,FALSE,290.5273,2.905273,
0.95,0.05,0.0071,0,7.042243602,3.8722548,74.930595,FALSE,FALSE,290.15036,2.9015036,
0.875,0.07,0.0107,0.055,6.542049961,4.0384994,71.79861,FALSE,FALSE,289.95862,2.8995862,
0.825,0.025,0.05,0.15,0.4999999,5.475975,52.93346,FALSE,FALSE,289.8623,2.898623,
0.825,0.07,0.05,0.105,1.39999972,5.424999,53.336952,FALSE,FALSE,289.35294,2.8935294,
0.775,0.09,0.0429,0.135,2.097901609,5.659059,51.122005,FALSE,FALSE,289.30246,2.8930246,
0.875,0.06,0.05,0.065,1.19999976,4.2807765,67.52517,FALSE,FALSE,289.06015,2.8906015,
0.875,0.065,0.05,0.06,1.29999974,4.2807765,67.52517,FALSE,FALSE,289.06015,2.8906015,
0.825,0.07,0.0286,0.105,2.447551592,4.9143343,58.700214,FALSE,FALSE,288.47247,2.8847247,
0.9,0.085,0.0321,0.015,2.647974253,3.710404,77.7011,FALSE,FALSE,288.3025,2.883025,
0.9,0.09,0.0321,0.01,2.803737444,3.710404,77.7011,FALSE,FALSE,288.3025,2.883025,
0.9,0.09,0.0357,0.01,2.521007697,3.710404,77.7011,FALSE,FALSE,288.3025,2.883025,
0.9,0.095,0.0321,0.005,2.959500636,3.710404,77.7011,FALSE,FALSE,288.3025,2.883025,
0.9,0.095,0.0357,0.005,2.66106368,3.710404,77.7011,FALSE,FALSE,288.3025,2.883025,
0.9,0.05,0.0071,0.05,7.042243602,3.8435545,74.930595,FALSE,FALSE,287.99982,2.8799982,
0.9,0.055,0.0071,0.045,7.746467963,3.8435545,74.930595,FALSE,FALSE,287.99982,2.8799982,
0.9,0.06,0.0071,0.04,8.450692323,3.8435545,74.930595,FALSE,FALSE,287.99982,2.8799982,
0.9,0.065,0.0071,0.035,9.154916683,3.8435545,74.930595,FALSE,FALSE,287.99982,2.8799982,
0.925,0.05,0.0071,0.025,7.042243602,3.8435545,74.930595,FALSE,FALSE,287.99982,2.8799982,
0.925,0.055,0.0071,0.02,7.746467963,3.8435545,74.930595,FALSE,FALSE,287.99982,2.8799982,
0.925,0.06,0.0071,0.015,8.450692323,3.8435545,74.930595,FALSE,FALSE,287.99982,2.8799982,
0.925,0.065,0.0071,0.01,9.154916683,3.8435545,74.930595,FALSE,FALSE,287.99982,2.8799982,
0.9,0.005,0.0214,0.095,0.233644751,3.5732124,80.404045,FALSE,TRUE,287.30072,2.8730072,
0.9,0.005,0.025,0.095,0.19999992,3.5732124,80.404045,FALSE,TRUE,287.30072,2.8730072,
0.9,0.005,0.0286,0.095,0.174825114,3.5732124,80.404045,FALSE,TRUE,287.30072,2.8730072,
0.9,0.01,0.0214,0.09,0.467289501,3.5732124,80.404045,FALSE,TRUE,287.30072,2.8730072,
0.9,0.01,0.025,0.09,0.39999984,3.5732124,80.404045,FALSE,TRUE,287.30072,2.8730072,
0.9,0.01,0.0286,0.09,0.349650227,3.5732124,80.404045,FALSE,TRUE,287.30072,2.8730072,
0.9,0.015,0.0214,0.085,0.700934252,3.5732124,80.404045,FALSE,TRUE,287.30072,2.8730072,
0.9,0.015,0.025,0.085,0.59999976,3.5732124,80.404045,FALSE,TRUE,287.30072,2.8730072,
0.9,0.015,0.0286,0.085,0.524475341,3.5732124,80.404045,FALSE,TRUE,287.30072,2.8730072,
0.9,0.02,0.0214,0.08,0.934579003,3.5732124,80.404045,FALSE,TRUE,287.30072,2.8730072,
0.9,0.02,0.025,0.08,0.79999968,3.5732124,80.404045,FALSE,TRUE,287.30072,2.8730072,
0.9,0.02,0.0286,0.08,0.699300455,3.5732124,80.404045,FALSE,TRUE,287.30072,2.8730072,
0.9,0.025,0.0214,0.075,1.168223753,3.5732124,80.404045,FALSE,TRUE,287.30072,2.8730072,
0.9,0.025,0.025,0.075,0.9999996,3.5732124,80.404045,FALSE,TRUE,287.30072,2.8730072,
0.9,0.025,0.0286,0.075,0.874125568,3.5732124,80.404045,FALSE,TRUE,287.30072,2.8730072,
0.925,0,0.0214,0.075,0,3.5732124,80.404045,FALSE,TRUE,287.30072,2.8730072,
0.925,0,0.025,0.075,0,3.5732124,80.404045,FALSE,TRUE,287.30072,2.8730072,
0.925,0,0.0286,0.075,0,3.5732124,80.404045,FALSE,TRUE,287.30072,2.8730072,
0.85,0.055,0.0286,0.095,1.923076251,4.132378,69.49792,FALSE,FALSE,287.19168,2.8719168,
0.875,0.05,0.025,0.075,1.9999992,4.132378,69.49792,FALSE,FALSE,287.19168,2.8719168,
0.875,0.05,0.0286,0.075,1.748251137,4.132378,69.49792,FALSE,FALSE,287.19168,2.8719168,
0.825,0.055,0.025,0.12,2.19999912,4.863765,58.90223,FALSE,FALSE,286.48657,2.8648657,
0.825,0.06,0.025,0.115,2.39999904,4.863765,58.90223,FALSE,FALSE,286.48657,2.8648657,
0.825,0.06,0.0286,0.115,2.097901364,4.863765,58.90223,FALSE,FALSE,286.48657,2.8648657,
0.825,0.065,0.0286,0.11,2.272726478,4.863765,58.90223,FALSE,FALSE,286.48657,2.8648657,
0.9,0.07,0.05,0.03,1.39999972,3.9928386,71.74755,FALSE,FALSE,286.47638,2.8647638,
0.925,0.07,0.05,0.005,1.39999972,3.9928386,71.74755,FALSE,FALSE,286.47638,2.8647638,
0.85,0.15,0.0464,0,3.232757924,4.606379,62.1582,FALSE,FALSE,286.32422,2.8632422,
0.9,0.07,0.0071,0.03,9.859141043,3.8435545,74.32972,FALSE,FALSE,285.69034,2.8569034,
0.925,0.07,0.0071,0.005,9.859141043,3.8435545,74.32972,FALSE,FALSE,285.69034,2.8569034,
0.8,0.07,0,0.13,7000000,4.991039,57.032673,FALSE,FALSE,284.65228,2.8465228,
0.8,0.07,0.0036,0.13,19.44439043,4.991039,57.032673,FALSE,FALSE,284.65228,2.8465228,
0.825,0.05,0,0.125,5000000,4.991039,56.962074,FALSE,FALSE,284.29993,2.8429993,
0.825,0.05,0.0036,0.125,13.88885031,4.991039,56.962074,FALSE,FALSE,284.29993,2.8429993,
0.875,0.07,0.05,0.055,1.39999972,4.2986417,66.11383,FALSE,FALSE,284.19968,2.8419968,
0.85,0.15,0,0,15000000,4.7484818,59.827663,FALSE,FALSE,284.09058,2.8409058,
0.85,0.15,0.0036,0,41.66655093,4.7484818,59.827663,FALSE,FALSE,284.09058,2.8409058,
0.85,0.15,0.0071,0,21.12673081,4.7484818,59.827663,FALSE,FALSE,284.09058,2.8409058,
0.9,0.01,0.0036,0.09,2.777770062,3.5430262,80.00915,FALSE,FALSE,283.47452,2.8347452,
0.9,0.02,0.0071,0.08,2.816897441,3.5430262,80.00915,FALSE,FALSE,283.47452,2.8347452,
0.875,0.07,0.0214,0.055,3.271026509,3.714965,76.264885,FALSE,FALSE,283.32138,2.8332138,
0.875,0.07,0.025,0.055,2.79999888,3.714965,76.264885,FALSE,FALSE,283.32138,2.8332138,
0.8,0.075,0.0321,0.125,2.33644787,5.2615647,53.838604,FALSE,FALSE,283.2753,2.832753,
0.8,0.075,0.0357,0.125,2.100839748,5.2615647,53.838604,FALSE,FALSE,283.2753,2.832753,
0.8,0.15,0.0107,0.05,14.01867849,4.9603662,57.093506,FALSE,FALSE,283.2047,2.832047,
0.8,0.15,0.0143,0.05,10.48950315,4.9603662,57.093506,FALSE,FALSE,283.2047,2.832047,
0.825,0.15,0.0107,0.025,14.01867849,4.9603662,57.093506,FALSE,FALSE,283.2047,2.832047,
0.825,0.15,0.0143,0.025,10.48950315,4.9603662,57.093506,FALSE,FALSE,283.2047,2.832047,
0.825,0.045,0.0321,0.13,1.401868722,4.9543285,57.108925,FALSE,FALSE,282.93637,2.8293637,
0.825,0.045,0.0357,0.13,1.260503849,4.9543285,57.108925,FALSE,FALSE,282.93637,2.8293637,
0.825,0.045,0.0393,0.13,1.145037877,4.9543285,57.108925,FALSE,FALSE,282.93637,2.8293637,
0.825,0.03,0.05,0.145,0.59999988,5.3318477,53.027832,FALSE,FALSE,282.73633,2.8273633,
0.825,0.035,0.05,0.14,0.69999986,5.3318477,53.027832,FALSE,FALSE,282.73633,2.8273633,
0.825,0.04,0.05,0.135,0.79999984,5.3318477,53.027832,FALSE,FALSE,282.73633,2.8273633,
0.85,0.03,0.0429,0.12,0.699300536,3.8872724,72.73,FALSE,FALSE,282.72134,2.8272134,
0.85,0.03,0.0464,0.12,0.646551585,3.8872724,72.73,FALSE,FALSE,282.72134,2.8272134,
0.85,0.035,0.0429,0.115,0.815850626,3.8872724,72.73,FALSE,FALSE,282.72134,2.8272134,
0.85,0.035,0.0464,0.115,0.754310182,3.8872724,72.73,FALSE,FALSE,282.72134,2.8272134,
0.85,0.04,0.0429,0.11,0.932400715,3.8872724,72.73,FALSE,FALSE,282.72134,2.8272134,
0.85,0.04,0.0464,0.11,0.86206878,3.8872724,72.73,FALSE,FALSE,282.72134,2.8272134,
0.85,0.045,0.0429,0.105,1.048950804,3.8872724,72.73,FALSE,FALSE,282.72134,2.8272134,
0.85,0.045,0.0464,0.105,0.969827377,3.8872724,72.73,FALSE,FALSE,282.72134,2.8272134,
0.875,0.005,0.0429,0.12,0.116550089,3.8872724,72.73,FALSE,FALSE,282.72134,2.8272134,
0.875,0.005,0.0464,0.12,0.107758597,3.8872724,72.73,FALSE,FALSE,282.72134,2.8272134,
0.875,0.01,0.0429,0.115,0.233100179,3.8872724,72.73,FALSE,FALSE,282.72134,2.8272134,
0.875,0.01,0.0464,0.115,0.215517195,3.8872724,72.73,FALSE,FALSE,282.72134,2.8272134,
0.875,0.015,0.0429,0.11,0.349650268,3.8872724,72.73,FALSE,FALSE,282.72134,2.8272134,
0.875,0.015,0.0464,0.11,0.323275792,3.8872724,72.73,FALSE,FALSE,282.72134,2.8272134,
0.875,0.02,0.0429,0.105,0.466200358,3.8872724,72.73,FALSE,FALSE,282.72134,2.8272134,
0.875,0.02,0.0464,0.105,0.43103439,3.8872724,72.73,FALSE,FALSE,282.72134,2.8272134,
0.875,0.025,0.0429,0.1,0.582750447,3.8872724,72.73,FALSE,FALSE,282.72134,2.8272134,
0.875,0.025,0.0464,0.1,0.538792987,3.8872724,72.73,FALSE,FALSE,282.72134,2.8272134,
0.9,0,0,0.1,0,3.6353645,77.546875,FALSE,FALSE,281.91116,2.8191116,
0.9,0,0.0036,0.1,0,3.6353645,77.546875,FALSE,FALSE,281.91116,2.8191116,
0.9,0,0.0071,0.1,0,3.6353645,77.546875,FALSE,FALSE,281.91116,2.8191116,
0.825,0.025,0.0214,0.15,1.168223753,5.1616335,54.613873,FALSE,FALSE,281.8968,2.818968,
0.825,0.025,0.025,0.15,0.9999996,5.1616335,54.613873,FALSE,FALSE,281.8968,2.818968,
0.825,0.025,0.0286,0.15,0.874125568,5.1616335,54.613873,FALSE,FALSE,281.8968,2.818968,
0.8,0.075,0.0393,0.125,1.908396461,5.2636166,53.527332,FALSE,FALSE,281.74734,2.8174734,
0.825,0.055,0.0286,0.12,1.923076251,4.8589807,57.980976,FALSE,FALSE,281.72845,2.8172845,
0.85,0.08,0.0321,0.07,2.492211062,4.0415316,69.68501,FALSE,FALSE,281.6342,2.816342,
0.85,0.08,0.0357,0.07,2.240895731,4.0415316,69.68501,FALSE,FALSE,281.6342,2.816342,
0.85,0.08,0.0393,0.07,2.035622892,4.0415316,69.68501,FALSE,FALSE,281.6342,2.816342,
0.8,0.15,0.0429,0.05,3.496502681,5.215869,53.95129,FALSE,FALSE,281.40286,2.8140286,
0.825,0.15,0.0429,0.025,3.496502681,5.215869,53.95129,FALSE,FALSE,281.40286,2.8140286,
0.875,0.03,0.0143,0.095,2.097900631,3.839649,73.24915,FALSE,FALSE,281.25104,2.8125104,
0.875,0.035,0.0143,0.09,2.447550736,3.839649,73.24915,FALSE,FALSE,281.25104,2.8125104,
0.875,0.04,0.0179,0.085,2.234635623,3.839649,73.24915,FALSE,FALSE,281.25104,2.8125104,
0.825,0.03,0,0.145,3000000,4.991039,56.27217,FALSE,FALSE,280.8566,2.808566,
0.825,0.035,0,0.14,3500000,4.991039,56.27217,FALSE,FALSE,280.8566,2.808566,
0.825,0.04,0,0.135,4000000,4.991039,56.27217,FALSE,FALSE,280.8566,2.808566,
0.825,0.04,0.0036,0.135,11.11108025,4.991039,56.27217,FALSE,FALSE,280.8566,2.808566,
0.8,0.13,0.0429,0.07,3.030302324,4.367696,64.23066,FALSE,FALSE,280.53998,2.8053998,
0.8,0.13,0.0464,0.07,2.801723534,4.367696,64.23066,FALSE,FALSE,280.53998,2.8053998,
0.825,0.105,0.05,0.07,2.09999958,4.969569,56.43968,FALSE,FALSE,280.4809,2.804809,
0.875,0.055,0.0071,0.07,7.746467963,3.977956,69.89128,FALSE,FALSE,278.02444,2.7802444,
0.825,0.125,0.0429,0.05,2.913752235,4.367696,63.605236,FALSE,FALSE,277.80832,2.7780832,
0.825,0.125,0.0464,0.05,2.693964937,4.367696,63.605236,FALSE,FALSE,277.80832,2.7780832,
0.825,0.13,0.0429,0.045,3.030302324,4.367696,63.605236,FALSE,FALSE,277.80832,2.7780832,
0.825,0.13,0.0464,0.045,2.801723534,4.367696,63.605236,FALSE,FALSE,277.80832,2.7780832,
0.85,0.085,0.0357,0.065,2.380951714,4.0211716,69.067,FALSE,FALSE,277.73026,2.7773026,
0.85,0.085,0.0393,0.065,2.162849322,4.0211716,69.067,FALSE,FALSE,277.73026,2.7773026,
0.85,0.09,0.0393,0.06,2.290075753,4.0211716,69.067,FALSE,FALSE,277.73026,2.7773026,
0.85,0.095,0.0393,0.055,2.417302184,4.0211716,69.067,FALSE,FALSE,277.73026,2.7773026,
0.875,0.075,0.0321,0.05,2.33644787,4.0211716,69.067,FALSE,FALSE,277.73026,2.7773026,
0.875,0.075,0.0357,0.05,2.100839748,4.0211716,69.067,FALSE,FALSE,277.73026,2.7773026,
0.875,0.08,0.0321,0.045,2.492211062,4.0211716,69.067,FALSE,FALSE,277.73026,2.7773026,
0.875,0.08,0.0357,0.045,2.240895731,4.0211716,69.067,FALSE,FALSE,277.73026,2.7773026,
0.875,0.08,0.0393,0.045,2.035622892,4.0211716,69.067,FALSE,FALSE,277.73026,2.7773026,
0.875,0.085,0.0357,0.04,2.380951714,4.0211716,69.067,FALSE,FALSE,277.73026,2.7773026,
0.875,0.085,0.0393,0.04,2.162849322,4.0211716,69.067,FALSE,FALSE,277.73026,2.7773026,
0.875,0.09,0.0393,0.035,2.290075753,4.0211716,69.067,FALSE,FALSE,277.73026,2.7773026,
0.875,0.095,0.0393,0.03,2.417302184,4.0211716,69.067,FALSE,FALSE,277.73026,2.7773026,
0.825,0.07,0.0321,0.105,2.180684679,4.9432597,56.178356,FALSE,FALSE,277.7042,2.777042,
0.875,0.075,0.0393,0.05,1.908396461,4.0211716,69.04072,FALSE,FALSE,277.62457,2.7762457,
0.85,0.005,0.0107,0.145,0.467289283,4.3179827,64.29246,FALSE,FALSE,277.6137,2.776137,
0.85,0.005,0.0143,0.145,0.349650105,4.3179827,64.29246,FALSE,FALSE,277.6137,2.776137,
0.85,0.005,0.0179,0.145,0.279329453,4.3179827,64.29246,FALSE,FALSE,277.6137,2.776137,
0.85,0.01,0.0107,0.14,0.934578566,4.3179827,64.29246,FALSE,FALSE,277.6137,2.776137,
0.85,0.01,0.0143,0.14,0.69930021,4.3179827,64.29246,FALSE,FALSE,277.6137,2.776137,
0.85,0.01,0.0179,0.14,0.558658906,4.3179827,64.29246,FALSE,FALSE,277.6137,2.776137,
0.85,0.015,0.0107,0.135,1.401867849,4.3179827,64.29246,FALSE,FALSE,277.6137,2.776137,
0.85,0.015,0.0143,0.135,1.048950315,4.3179827,64.29246,FALSE,FALSE,277.6137,2.776137,
0.85,0.015,0.0179,0.135,0.837988359,4.3179827,64.29246,FALSE,FALSE,277.6137,2.776137,
0.875,0.06,0.0071,0.065,8.450692323,3.9575963,69.75362,FALSE,FALSE,276.05664,2.7605664,
0.875,0.065,0.0071,0.06,9.154916683,3.9575963,69.75362,FALSE,FALSE,276.05664,2.7605664,
0.825,0.065,0.0321,0.11,2.024921488,4.89269,56.38037,FALSE,FALSE,275.85168,2.7585168,
0.825,0.025,0.0321,0.15,0.778815957,5.190559,53.126488,FALSE,FALSE,275.75616,2.7575616,
0.825,0.025,0.0357,0.15,0.700279916,5.190559,53.126488,FALSE,FALSE,275.75616,2.7575616,
0.825,0.025,0.0393,0.15,0.636132154,5.190559,53.126488,FALSE,FALSE,275.75616,2.7575616,
0.875,0,0,0.125,0,4.2260814,65.2496,FALSE,FALSE,275.75012,2.7575012,
0.875,0,0.0036,0.125,0,4.2260814,65.2496,FALSE,FALSE,275.75012,2.7575012,
0.875,0,0.0071,0.125,0,4.2260814,65.2496,FALSE,FALSE,275.75012,2.7575012,
0.825,0.08,0.05,0.095,1.59999968,4.922795,55.73435,FALSE,FALSE,274.36877,2.7436877,
0.825,0.085,0.05,0.09,1.69999966,4.922795,55.73435,FALSE,FALSE,274.36877,2.7436877,
0.825,0.09,0.05,0.085,1.79999964,4.922795,55.73435,FALSE,FALSE,274.36877,2.7436877,
0.825,0.095,0.05,0.08,1.89999962,4.922795,55.73435,FALSE,FALSE,274.36877,2.7436877,
0.875,0.07,0.0071,0.055,9.859141043,3.9575963,69.152725,FALSE,FALSE,273.67856,2.7367856,
0.875,0.055,0.0214,0.07,2.570092257,3.5834515,76.314316,FALSE,FALSE,273.46866,2.7346866,
0.8,0.07,0.05,0.13,1.39999972,5.382417,50.76745,FALSE,FALSE,273.2516,2.732516,
0.825,0.07,0.0357,0.105,1.960783764,4.9384756,55.27342,FALSE,FALSE,272.96643,2.7296643,
0.825,0.07,0.0393,0.105,1.78117003,4.9384756,55.27342,FALSE,FALSE,272.96643,2.7296643,
0.95,0.005,0,0.045,500000,3.4215598,79.61738,FALSE,FALSE,272.41562,2.7241562,
0.95,0.01,0,0.04,1000000,3.4215598,79.61738,FALSE,FALSE,272.41562,2.7241562,
0.95,0.015,0,0.035,1500000,3.4215598,79.61738,FALSE,FALSE,272.41562,2.7241562,
0.95,0.02,0,0.03,2000000,3.4215598,79.61738,FALSE,FALSE,272.41562,2.7241562,
0.95,0.025,0,0.025,2500000,3.4215598,79.61738,FALSE,FALSE,272.41562,2.7241562,
0.95,0.03,0,0.02,3000000,3.4215598,79.61738,FALSE,FALSE,272.41562,2.7241562,
0.95,0.035,0,0.015,3500000,3.4215598,79.61738,FALSE,FALSE,272.41562,2.7241562,
0.95,0.04,0,0.01,4000000,3.4215598,79.61738,FALSE,FALSE,272.41562,2.7241562,
0.95,0.04,0.0036,0.01,11.11108025,3.4215598,79.61738,FALSE,FALSE,272.41562,2.7241562,
0.95,0.045,0,0.005,4500000,3.4215598,79.61738,FALSE,FALSE,272.41562,2.7241562,
0.95,0.045,0.0036,0.005,12.49996528,3.4215598,79.61738,FALSE,FALSE,272.41562,2.7241562,
0.975,0.005,0,0.02,500000,3.4215598,79.61738,FALSE,FALSE,272.41562,2.7241562,
0.975,0.01,0,0.015,1000000,3.4215598,79.61738,FALSE,FALSE,272.41562,2.7241562,
0.975,0.015,0,0.01,1500000,3.4215598,79.61738,FALSE,FALSE,272.41562,2.7241562,
0.975,0.02,0,0.005,2000000,3.4215598,79.61738,FALSE,FALSE,272.41562,2.7241562,
0.975,0.025,0,0,2500000,3.4215598,79.61738,FALSE,FALSE,272.41562,2.7241562,
0.825,0.11,0.05,0.065,2.19999956,4.969569,54.800518,FALSE,FALSE,272.33496,2.7233496,
0.825,0.115,0.05,0.06,2.29999954,4.969569,54.800518,FALSE,FALSE,272.33496,2.7233496,
0.825,0.12,0.05,0.055,2.39999952,4.969569,54.800518,FALSE,FALSE,272.33496,2.7233496,
0.85,0.02,0.0429,0.13,0.466200358,3.9593801,68.71624,FALSE,FALSE,272.07373,2.7207373,
0.85,0.02,0.0464,0.13,0.43103439,3.9593801,68.71624,FALSE,FALSE,272.07373,2.7207373,
0.85,0.025,0.0429,0.125,0.582750447,3.9593801,68.71624,FALSE,FALSE,272.07373,2.7207373,
0.85,0.025,0.0464,0.125,0.538792987,3.9593801,68.71624,FALSE,FALSE,272.07373,2.7207373,
0.875,0,0.0429,0.125,0,3.9593801,68.71624,FALSE,FALSE,272.07373,2.7207373,
0.875,0,0.0464,0.125,0,3.9593801,68.71624,FALSE,FALSE,272.07373,2.7207373,
0.9,0.03,0,0.07,3000000,3.41322,79.6545,FALSE,FALSE,271.87833,2.7187833,
0.925,0.005,0,0.07,500000,3.41322,79.6545,FALSE,FALSE,271.87833,2.7187833,
0.8,0.07,0.0286,0.13,2.447551592,4.998222,54.381306,FALSE,FALSE,271.80984,2.7180984,
0.875,0.03,0.0179,0.095,1.675976717,3.7080693,73.27812,FALSE,FALSE,271.72037,2.7172037,
0.875,0.035,0.0179,0.09,1.95530617,3.7080693,73.27812,FALSE,FALSE,271.72037,2.7172037,
0.825,0.08,0.0321,0.095,2.492211062,4.639338,58.568142,FALSE,FALSE,271.7174,2.717174,
0.825,0.08,0.0357,0.095,2.240895731,4.639338,58.568142,FALSE,FALSE,271.7174,2.717174,
0.825,0.08,0.0393,0.095,2.035622892,4.639338,58.568142,FALSE,FALSE,271.7174,2.717174,
0.825,0.085,0.0357,0.09,2.380951714,4.639338,58.568142,FALSE,FALSE,271.7174,2.717174,
0.825,0.085,0.0393,0.09,2.162849322,4.639338,58.568142,FALSE,FALSE,271.7174,2.717174,
0.825,0.09,0.0393,0.085,2.290075753,4.639338,58.568142,FALSE,FALSE,271.7174,2.717174,
0.825,0.095,0.0393,0.08,2.417302184,4.639338,58.568142,FALSE,FALSE,271.7174,2.717174,
0.825,0.055,0.0321,0.12,1.713395105,4.887906,55.45912,FALSE,FALSE,271.07898,2.7107898,
0.825,0.055,0.0357,0.12,1.540615815,4.887906,55.45912,FALSE,FALSE,271.07898,2.7107898,
0.825,0.055,0.0393,0.12,1.399490738,4.887906,55.45912,FALSE,FALSE,271.07898,2.7107898,
0.825,0.06,0.0321,0.115,1.869158296,4.887906,55.45912,FALSE,FALSE,271.07898,2.7107898,
0.825,0.06,0.0357,0.115,1.680671798,4.887906,55.45912,FALSE,FALSE,271.07898,2.7107898,
0.825,0.06,0.0393,0.115,1.526717169,4.887906,55.45912,FALSE,FALSE,271.07898,2.7107898,
0.825,0.065,0.0357,0.11,1.820727781,4.887906,55.45912,FALSE,FALSE,271.07898,2.7107898,
0.825,0.065,0.0393,0.11,1.6539436,4.887906,55.45912,FALSE,FALSE,271.07898,2.7107898,
0.875,0.06,0.0214,0.065,2.803737008,3.5630915,76.06995,FALSE,FALSE,271.0442,2.710442,
0.875,0.065,0.0214,0.06,3.037381758,3.5630915,76.06995,FALSE,FALSE,271.0442,2.710442,
0.875,0.065,0.025,0.06,2.59999896,3.5630915,76.06995,FALSE,FALSE,271.0442,2.710442,
0.8,0.05,0,0.15,5000000,5.203094,52.069363,FALSE,FALSE,270.92178,2.7092178,
0.8,0.05,0.0036,0.15,13.88885031,5.203094,52.069363,FALSE,FALSE,270.92178,2.7092178,
0.9,0,0.0429,0.1,0,3.4565468,78.3722,FALSE,FALSE,270.8972,2.708972,
0.9,0,0.0464,0.1,0,3.4565468,78.3722,FALSE,FALSE,270.8972,2.708972,
0.85,0,0,0.15,0,4.4669127,60.557938,FALSE,FALSE,270.50702,2.7050702,
0.85,0,0.0036,0.15,0,4.4669127,60.557938,FALSE,FALSE,270.50702,2.7050702,
0.85,0,0.0071,0.15,0,4.4669127,60.557938,FALSE,FALSE,270.50702,2.7050702,
0.8,0.135,0.0429,0.065,3.146852413,4.3555145,62.105934,FALSE,FALSE,270.5033,2.705033,
0.8,0.135,0.0464,0.065,2.909482132,4.3555145,62.105934,FALSE,FALSE,270.5033,2.705033,
0.8,0.14,0.0429,0.06,3.263402503,4.3555145,62.105934,FALSE,FALSE,270.5033,2.705033,
0.8,0.14,0.0464,0.06,3.017240729,4.3555145,62.105934,FALSE,FALSE,270.5033,2.705033,
0.8,0.145,0.0464,0.055,3.124999327,4.3555145,62.105934,FALSE,FALSE,270.5033,2.705033,
0.825,0.135,0.0429,0.04,3.146852413,4.3555145,62.105934,FALSE,FALSE,270.5033,2.705033,
0.825,0.135,0.0464,0.04,2.909482132,4.3555145,62.105934,FALSE,FALSE,270.5033,2.705033,
0.825,0.14,0.0429,0.035,3.263402503,4.3555145,62.105934,FALSE,FALSE,270.5033,2.705033,
0.825,0.14,0.0464,0.035,3.017240729,4.3555145,62.105934,FALSE,FALSE,270.5033,2.705033,
0.825,0.145,0.0464,0.03,3.124999327,4.3555145,62.105934,FALSE,FALSE,270.5033,2.705033,
0.825,0.05,0.05,0.125,0.9999998,5.3318477,50.7298,FALSE,FALSE,270.48358,2.7048358,
0.9,0.035,0,0.065,3500000,3.39286,79.61738,FALSE,FALSE,270.1306,2.701306,
0.9,0.04,0,0.06,4000000,3.39286,79.61738,FALSE,FALSE,270.1306,2.701306,
0.9,0.04,0.0036,0.06,11.11108025,3.39286,79.61738,FALSE,FALSE,270.1306,2.701306,
0.9,0.045,0,0.055,4500000,3.39286,79.61738,FALSE,FALSE,270.1306,2.701306,
0.9,0.045,0.0036,0.055,12.49996528,3.39286,79.61738,FALSE,FALSE,270.1306,2.701306,
0.925,0.01,0,0.065,1000000,3.39286,79.61738,FALSE,FALSE,270.1306,2.701306,
0.925,0.015,0,0.06,1500000,3.39286,79.61738,FALSE,FALSE,270.1306,2.701306,
0.925,0.02,0,0.055,2000000,3.39286,79.61738,FALSE,FALSE,270.1306,2.701306,
0.925,0.025,0,0.05,2500000,3.39286,79.61738,FALSE,FALSE,270.1306,2.701306,
0.925,0.03,0,0.045,3000000,3.39286,79.61738,FALSE,FALSE,270.1306,2.701306,
0.925,0.035,0,0.04,3500000,3.39286,79.61738,FALSE,FALSE,270.1306,2.701306,
0.925,0.04,0,0.035,4000000,3.39286,79.61738,FALSE,FALSE,270.1306,2.701306,
0.925,0.04,0.0036,0.035,11.11108025,3.39286,79.61738,FALSE,FALSE,270.1306,2.701306,
0.925,0.045,0,0.03,4500000,3.39286,79.61738,FALSE,FALSE,270.1306,2.701306,
0.925,0.045,0.0036,0.03,12.49996528,3.39286,79.61738,FALSE,FALSE,270.1306,2.701306,
0.825,0.03,0.0214,0.145,1.401868504,4.925404,54.723125,FALSE,FALSE,269.5335,2.695335,
0.825,0.03,0.025,0.145,1.19999952,4.925404,54.723125,FALSE,FALSE,269.5335,2.695335,
0.825,0.03,0.0286,0.145,1.048950682,4.925404,54.723125,FALSE,FALSE,269.5335,2.695335,
0.825,0.035,0.0214,0.14,1.635513254,4.925404,54.723125,FALSE,FALSE,269.5335,2.695335,
0.825,0.035,0.025,0.14,1.39999944,4.925404,54.723125,FALSE,FALSE,269.5335,2.695335,
0.825,0.035,0.0286,0.14,1.223775796,4.925404,54.723125,FALSE,FALSE,269.5335,2.695335,
0.825,0.04,0.0214,0.135,1.869158005,4.925404,54.723125,FALSE,FALSE,269.5335,2.695335,
0.825,0.04,0.025,0.135,1.59999936,4.925404,54.723125,FALSE,FALSE,269.5335,2.695335,
0.825,0.04,0.0286,0.135,1.39860091,4.925404,54.723125,FALSE,FALSE,269.5335,2.695335,
0.825,0.05,0.0214,0.125,2.336447506,4.9476523,54.29093,FALSE,FALSE,268.61264,2.6861264,
0.875,0.055,0.0321,0.07,1.713395105,3.8772652,69.27671,FALSE,FALSE,268.6042,2.686042,
0.875,0.055,0.0357,0.07,1.540615815,3.8772652,69.27671,FALSE,FALSE,268.6042,2.686042,
0.875,0.055,0.0393,0.07,1.399490738,3.8772652,69.27671,FALSE,FALSE,268.6042,2.686042,
0.825,0.11,0.0429,0.065,2.564101966,4.3300896,61.902977,FALSE,FALSE,268.04544,2.6804544,
0.825,0.115,0.0429,0.06,2.680652056,4.3300896,61.902977,FALSE,FALSE,268.04544,2.6804544,
0.825,0.12,0.0429,0.055,2.797202145,4.3300896,61.902977,FALSE,FALSE,268.04544,2.6804544,
0.825,0.12,0.0464,0.055,2.586206339,4.3300896,61.902977,FALSE,FALSE,268.04544,2.6804544,
0.85,0,0.0429,0.15,0,4.155837,64.45096,FALSE,FALSE,267.8477,2.678477,
0.85,0,0.0464,0.15,0,4.155837,64.45096,FALSE,FALSE,267.8477,2.678477,
0.875,0.07,0.0321,0.055,2.180684679,3.899069,68.40922,FALSE,FALSE,266.73227,2.6673227,
0.875,0.065,0.0321,0.06,2.024921488,3.8812044,68.629715,FALSE,FALSE,266.36594,2.6636594,
0.9,0.03,0.0321,0.07,0.934579148,3.3180985,80.04518,FALSE,FALSE,265.5978,2.655978,
0.9,0.03,0.0357,0.07,0.840335899,3.3180985,80.04518,FALSE,FALSE,265.5978,2.655978,
0.9,0.03,0.0393,0.07,0.763358584,3.3180985,80.04518,FALSE,FALSE,265.5978,2.655978,
0.925,0.005,0.0321,0.07,0.155763191,3.3180985,80.04518,FALSE,FALSE,265.5978,2.655978,
0.925,0.005,0.0357,0.07,0.140055983,3.3180985,80.04518,FALSE,FALSE,265.5978,2.655978,
0.925,0.005,0.0393,0.07,0.127226431,3.3180985,80.04518,FALSE,FALSE,265.5978,2.655978,
0.875,0.07,0.0357,0.055,1.960783764,3.87477,68.437805,FALSE,FALSE,265.18076,2.6518076,
0.875,0.07,0.0393,0.055,1.78117003,3.87477,68.437805,FALSE,FALSE,265.18076,2.6518076,
0.95,0,0.0321,0.05,0,3.3344414,79.42716,FALSE,FALSE,264.8452,2.648452,
0.95,0,0.0357,0.05,0,3.3344414,79.42716,FALSE,FALSE,264.8452,2.648452,
0.95,0,0.0393,0.05,0,3.3344414,79.42716,FALSE,FALSE,264.8452,2.648452,
0.95,0.005,0.0321,0.045,0.155763191,3.3344414,79.42716,FALSE,FALSE,264.8452,2.648452,
0.95,0.005,0.0357,0.045,0.140055983,3.3344414,79.42716,FALSE,FALSE,264.8452,2.648452,
0.95,0.005,0.0393,0.045,0.127226431,3.3344414,79.42716,FALSE,FALSE,264.8452,2.648452,
0.95,0.01,0.0321,0.04,0.311526383,3.3344414,79.42716,FALSE,FALSE,264.8452,2.648452,
0.95,0.01,0.0357,0.04,0.280111966,3.3344414,79.42716,FALSE,FALSE,264.8452,2.648452,
0.95,0.01,0.0393,0.04,0.254452861,3.3344414,79.42716,FALSE,FALSE,264.8452,2.648452,
0.95,0.015,0.0321,0.035,0.467289574,3.3344414,79.42716,FALSE,FALSE,264.8452,2.648452,
0.95,0.015,0.0357,0.035,0.42016795,3.3344414,79.42716,FALSE,FALSE,264.8452,2.648452,
0.95,0.015,0.0393,0.035,0.381679292,3.3344414,79.42716,FALSE,FALSE,264.8452,2.648452,
0.95,0.02,0.0321,0.03,0.623052765,3.3344414,79.42716,FALSE,FALSE,264.8452,2.648452,
0.95,0.02,0.0357,0.03,0.560223933,3.3344414,79.42716,FALSE,FALSE,264.8452,2.648452,
0.95,0.02,0.0393,0.03,0.508905723,3.3344414,79.42716,FALSE,FALSE,264.8452,2.648452,
0.95,0.025,0.0321,0.025,0.778815957,3.3344414,79.42716,FALSE,FALSE,264.8452,2.648452,
0.95,0.025,0.0357,0.025,0.700279916,3.3344414,79.42716,FALSE,FALSE,264.8452,2.648452,
0.95,0.025,0.0393,0.025,0.636132154,3.3344414,79.42716,FALSE,FALSE,264.8452,2.648452,
0.95,0.03,0.0321,0.02,0.934579148,3.3344414,79.42716,FALSE,FALSE,264.8452,2.648452,
0.95,0.03,0.0357,0.02,0.840335899,3.3344414,79.42716,FALSE,FALSE,264.8452,2.648452,
0.95,0.03,0.0393,0.02,0.763358584,3.3344414,79.42716,FALSE,FALSE,264.8452,2.648452,
0.95,0.035,0.0321,0.015,1.090342339,3.3344414,79.42716,FALSE,FALSE,264.8452,2.648452,
0.95,0.035,0.0357,0.015,0.980391882,3.3344414,79.42716,FALSE,FALSE,264.8452,2.648452,
0.95,0.035,0.0393,0.015,0.890585015,3.3344414,79.42716,FALSE,FALSE,264.8452,2.648452,
0.95,0.04,0.0321,0.01,1.246105531,3.3344414,79.42716,FALSE,FALSE,264.8452,2.648452,
0.95,0.04,0.0357,0.01,1.120447865,3.3344414,79.42716,FALSE,FALSE,264.8452,2.648452,
0.95,0.04,0.0393,0.01,1.017811446,3.3344414,79.42716,FALSE,FALSE,264.8452,2.648452,
0.95,0.045,0.0321,0.005,1.401868722,3.3344414,79.42716,FALSE,FALSE,264.8452,2.648452,
0.95,0.045,0.0357,0.005,1.260503849,3.3344414,79.42716,FALSE,FALSE,264.8452,2.648452,
0.95,0.045,0.0393,0.005,1.145037877,3.3344414,79.42716,FALSE,FALSE,264.8452,2.648452,
0.975,0,0.0321,0.025,0,3.3344414,79.42716,FALSE,FALSE,264.8452,2.648452,
0.975,0,0.0357,0.025,0,3.3344414,79.42716,FALSE,FALSE,264.8452,2.648452,
0.975,0,0.0393,0.025,0,3.3344414,79.42716,FALSE,FALSE,264.8452,2.648452,
0.975,0.005,0.0321,0.02,0.155763191,3.3344414,79.42716,FALSE,FALSE,264.8452,2.648452,
0.975,0.005,0.0357,0.02,0.140055983,3.3344414,79.42716,FALSE,FALSE,264.8452,2.648452,
0.975,0.005,0.0393,0.02,0.127226431,3.3344414,79.42716,FALSE,FALSE,264.8452,2.648452,
0.975,0.01,0.0321,0.015,0.311526383,3.3344414,79.42716,FALSE,FALSE,264.8452,2.648452,
0.975,0.01,0.0357,0.015,0.280111966,3.3344414,79.42716,FALSE,FALSE,264.8452,2.648452,
0.975,0.01,0.0393,0.015,0.254452861,3.3344414,79.42716,FALSE,FALSE,264.8452,2.648452,
0.975,0.015,0.0321,0.01,0.467289574,3.3344414,79.42716,FALSE,FALSE,264.8452,2.648452,
0.975,0.015,0.0357,0.01,0.42016795,3.3344414,79.42716,FALSE,FALSE,264.8452,2.648452,
0.975,0.015,0.0393,0.01,0.381679292,3.3344414,79.42716,FALSE,FALSE,264.8452,2.648452,
0.975,0.02,0.0321,0.005,0.623052765,3.3344414,79.42716,FALSE,FALSE,264.8452,2.648452,
0.975,0.02,0.0357,0.005,0.560223933,3.3344414,79.42716,FALSE,FALSE,264.8452,2.648452,
0.975,0.02,0.0393,0.005,0.508905723,3.3344414,79.42716,FALSE,FALSE,264.8452,2.648452,
0.975,0.025,0.0321,0,0.778815957,3.3344414,79.42716,FALSE,FALSE,264.8452,2.648452,
0.975,0.025,0.0357,0,0.700279916,3.3344414,79.42716,FALSE,FALSE,264.8452,2.648452,
0.975,0.025,0.0393,0,0.636132154,3.3344414,79.42716,FALSE,FALSE,264.8452,2.648452,
0.875,0.06,0.0321,0.065,1.869158296,3.8569052,68.65868,FALSE,FALSE,264.81003,2.6481003,
0.875,0.06,0.0357,0.065,1.680671798,3.8569052,68.65868,FALSE,FALSE,264.81003,2.6481003,
0.875,0.06,0.0393,0.065,1.526717169,3.8569052,68.65868,FALSE,FALSE,264.81003,2.6481003,
0.875,0.065,0.0357,0.06,1.820727781,3.8569052,68.65868,FALSE,FALSE,264.81003,2.6481003,
0.875,0.065,0.0393,0.06,1.6539436,3.8569052,68.65868,FALSE,FALSE,264.81003,2.6481003,
0.825,0.03,0.0321,0.145,0.934579148,4.9543285,53.210327,FALSE,FALSE,263.62143,2.6362143,
0.825,0.03,0.0357,0.145,0.840335899,4.9543285,53.210327,FALSE,FALSE,263.62143,2.6362143,
0.825,0.03,0.0393,0.145,0.763358584,4.9543285,53.210327,FALSE,FALSE,263.62143,2.6362143,
0.825,0.035,0.0321,0.14,1.090342339,4.9543285,53.210327,FALSE,FALSE,263.62143,2.6362143,
0.825,0.035,0.0357,0.14,0.980391882,4.9543285,53.210327,FALSE,FALSE,263.62143,2.6362143,
0.825,0.035,0.0393,0.14,0.890585015,4.9543285,53.210327,FALSE,FALSE,263.62143,2.6362143,
0.825,0.04,0.0321,0.135,1.246105531,4.9543285,53.210327,FALSE,FALSE,263.62143,2.6362143,
0.825,0.04,0.0357,0.135,1.120447865,4.9543285,53.210327,FALSE,FALSE,263.62143,2.6362143,
0.825,0.04,0.0393,0.135,1.017811446,4.9543285,53.210327,FALSE,FALSE,263.62143,2.6362143,
0.825,0.05,0.025,0.125,1.9999992,4.925404,53.36968,FALSE,FALSE,262.86722,2.6286722,
0.825,0.05,0.0286,0.125,1.748251137,4.925404,53.36968,FALSE,FALSE,262.86722,2.6286722,
0.8,0.07,0.0321,0.13,2.180684679,5.0271463,52.284603,FALSE,FALSE,262.84235,2.6284235,
0.9,0.035,0.0321,0.065,1.090342339,3.2977386,79.42716,FALSE,FALSE,261.93002,2.6193002,
0.9,0.035,0.0357,0.065,0.980391882,3.2977386,79.42716,FALSE,FALSE,261.93002,2.6193002,
0.9,0.035,0.0393,0.065,0.890585015,3.2977386,79.42716,FALSE,FALSE,261.93002,2.6193002,
0.9,0.04,0.0321,0.06,1.246105531,3.2977386,79.42716,FALSE,FALSE,261.93002,2.6193002,
0.9,0.04,0.0357,0.06,1.120447865,3.2977386,79.42716,FALSE,FALSE,261.93002,2.6193002,
0.9,0.04,0.0393,0.06,1.017811446,3.2977386,79.42716,FALSE,FALSE,261.93002,2.6193002,
0.9,0.045,0.0321,0.055,1.401868722,3.2977386,79.42716,FALSE,FALSE,261.93002,2.6193002,
0.9,0.045,0.0357,0.055,1.260503849,3.2977386,79.42716,FALSE,FALSE,261.93002,2.6193002,
0.9,0.045,0.0393,0.055,1.145037877,3.2977386,79.42716,FALSE,FALSE,261.93002,2.6193002,
0.925,0.01,0.0321,0.065,0.311526383,3.2977386,79.42716,FALSE,FALSE,261.93002,2.6193002,
0.925,0.01,0.0357,0.065,0.280111966,3.2977386,79.42716,FALSE,FALSE,261.93002,2.6193002,
0.925,0.01,0.0393,0.065,0.254452861,3.2977386,79.42716,FALSE,FALSE,261.93002,2.6193002,
0.925,0.015,0.0321,0.06,0.467289574,3.2977386,79.42716,FALSE,FALSE,261.93002,2.6193002,
0.925,0.015,0.0357,0.06,0.42016795,3.2977386,79.42716,FALSE,FALSE,261.93002,2.6193002,
0.925,0.015,0.0393,0.06,0.381679292,3.2977386,79.42716,FALSE,FALSE,261.93002,2.6193002,
0.925,0.02,0.0321,0.055,0.623052765,3.2977386,79.42716,FALSE,FALSE,261.93002,2.6193002,
0.925,0.02,0.0357,0.055,0.560223933,3.2977386,79.42716,FALSE,FALSE,261.93002,2.6193002,
0.925,0.02,0.0393,0.055,0.508905723,3.2977386,79.42716,FALSE,FALSE,261.93002,2.6193002,
0.925,0.025,0.0321,0.05,0.778815957,3.2977386,79.42716,FALSE,FALSE,261.93002,2.6193002,
0.925,0.025,0.0357,0.05,0.700279916,3.2977386,79.42716,FALSE,FALSE,261.93002,2.6193002,
0.925,0.025,0.0393,0.05,0.636132154,3.2977386,79.42716,FALSE,FALSE,261.93002,2.6193002,
0.925,0.03,0.0321,0.045,0.934579148,3.2977386,79.42716,FALSE,FALSE,261.93002,2.6193002,
0.925,0.03,0.0357,0.045,0.840335899,3.2977386,79.42716,FALSE,FALSE,261.93002,2.6193002,
0.925,0.03,0.0393,0.045,0.763358584,3.2977386,79.42716,FALSE,FALSE,261.93002,2.6193002,
0.925,0.035,0.0321,0.04,1.090342339,3.2977386,79.42716,FALSE,FALSE,261.93002,2.6193002,
0.925,0.035,0.0357,0.04,0.980391882,3.2977386,79.42716,FALSE,FALSE,261.93002,2.6193002,
0.925,0.035,0.0393,0.04,0.890585015,3.2977386,79.42716,FALSE,FALSE,261.93002,2.6193002,
0.925,0.04,0.0321,0.035,1.246105531,3.2977386,79.42716,FALSE,FALSE,261.93002,2.6193002,
0.925,0.04,0.0357,0.035,1.120447865,3.2977386,79.42716,FALSE,FALSE,261.93002,2.6193002,
0.925,0.04,0.0393,0.035,1.017811446,3.2977386,79.42716,FALSE,FALSE,261.93002,2.6193002,
0.925,0.045,0.0321,0.03,1.401868722,3.2977386,79.42716,FALSE,FALSE,261.93002,2.6193002,
0.925,0.045,0.0357,0.03,1.260503849,3.2977386,79.42716,FALSE,FALSE,261.93002,2.6193002,
0.925,0.045,0.0393,0.03,1.145037877,3.2977386,79.42716,FALSE,FALSE,261.93002,2.6193002,
0.9,0.025,0.0107,0.075,2.336446415,3.3146198,79.004005,FALSE,FALSE,261.86823,2.6186823,
0.85,0.05,0.0429,0.1,1.165500894,3.8872724,67.01604,FALSE,FALSE,260.50958,2.6050958,
0.85,0.05,0.0464,0.1,1.077585975,3.8872724,67.01604,FALSE,FALSE,260.50958,2.6050958,
0.8,0.055,0,0.145,5500000,4.991039,52.121414,FALSE,FALSE,260.14,2.6014,
0.8,0.055,0.0036,0.145,15.27773534,4.991039,52.121414,FALSE,FALSE,260.14,2.6014,
0.8,0.06,0,0.14,6000000,4.991039,52.121414,FALSE,FALSE,260.14,2.6014,
0.8,0.06,0.0036,0.14,16.66662037,4.991039,52.121414,FALSE,FALSE,260.14,2.6014,
0.8,0.065,0,0.135,6500000,4.991039,52.121414,FALSE,FALSE,260.14,2.6014,
0.8,0.065,0.0036,0.135,18.0555054,4.991039,52.121414,FALSE,FALSE,260.14,2.6014,
0.825,0.025,0.0107,0.15,2.336446415,4.749366,54.724094,FALSE,FALSE,259.90475,2.5990475,
0.8,0.05,0.0214,0.15,2.336447506,5.1595817,50.03355,FALSE,FALSE,258.1522,2.581522,
0.85,0.015,0.0071,0.135,2.112673081,4.2483296,60.751835,FALSE,FALSE,258.0938,2.580938,
0.8,0.05,0.05,0.15,0.9999998,5.475975,46.995525,FALSE,FALSE,257.3463,2.573463,
0.8,0.07,0.0357,0.13,1.960783764,5.004898,51.379673,FALSE,FALSE,257.15002,2.5715002,
0.8,0.07,0.0393,0.13,1.78117003,5.004898,51.379673,FALSE,FALSE,257.15002,2.5715002,
0.9,0.075,0.0393,0.025,1.908396461,3.462006,74.18106,FALSE,FALSE,256.81528,2.5681528,
0.925,0.075,0.0393,0,1.908396461,3.462006,74.18106,FALSE,FALSE,256.81528,2.5681528,
0.8,0.15,0,0.05,15000000,4.9725547,51.62907,FALSE,FALSE,256.72836,2.5672836,
0.8,0.15,0.0036,0.05,41.66655093,4.9725547,51.62907,FALSE,FALSE,256.72836,2.5672836,
0.8,0.15,0.0071,0.05,21.12673081,4.9725547,51.62907,FALSE,FALSE,256.72836,2.5672836,
0.825,0.15,0,0.025,15000000,4.9725547,51.62907,FALSE,FALSE,256.72836,2.5672836,
0.825,0.15,0.0036,0.025,41.66655093,4.9725547,51.62907,FALSE,FALSE,256.72836,2.5672836,
0.825,0.15,0.0071,0.025,21.12673081,4.9725547,51.62907,FALSE,FALSE,256.72836,2.5672836,
0.9,0.075,0,0.025,7500000,3.4867265,73.60389,FALSE,FALSE,256.63663,2.5663663,
0.9,0.075,0.0036,0.025,20.83327546,3.4867265,73.60389,FALSE,FALSE,256.63663,2.5663663,
0.9,0.075,0.0071,0.025,10.5633654,3.4867265,73.60389,FALSE,FALSE,256.63663,2.5663663,
0.9,0.08,0,0.02,8000000,3.4867265,73.60389,FALSE,FALSE,256.63663,2.5663663,
0.9,0.08,0.0036,0.02,22.22216049,3.4867265,73.60389,FALSE,FALSE,256.63663,2.5663663,
0.9,0.08,0.0071,0.02,11.26758976,3.4867265,73.60389,FALSE,FALSE,256.63663,2.5663663,
0.9,0.085,0,0.015,8500000,3.4867265,73.60389,FALSE,FALSE,256.63663,2.5663663,
0.9,0.085,0.0036,0.015,23.61104552,3.4867265,73.60389,FALSE,FALSE,256.63663,2.5663663,
0.9,0.085,0.0071,0.015,11.97181412,3.4867265,73.60389,FALSE,FALSE,256.63663,2.5663663,
0.9,0.09,0,0.01,9000000,3.4867265,73.60389,FALSE,FALSE,256.63663,2.5663663,
0.9,0.09,0.0036,0.01,24.99993056,3.4867265,73.60389,FALSE,FALSE,256.63663,2.5663663,
0.9,0.09,0.0071,0.01,12.67603848,3.4867265,73.60389,FALSE,FALSE,256.63663,2.5663663,
0.9,0.095,0,0.005,9500000,3.4867265,73.60389,FALSE,FALSE,256.63663,2.5663663,
0.9,0.095,0.0036,0.005,26.38881559,3.4867265,73.60389,FALSE,FALSE,256.63663,2.5663663,
0.9,0.095,0.0071,0.005,13.38026284,3.4867265,73.60389,FALSE,FALSE,256.63663,2.5663663,
0.925,0.075,0,0,7500000,3.4867265,73.60389,FALSE,FALSE,256.63663,2.5663663,
0.925,0.075,0.0036,0,20.83327546,3.4867265,73.60389,FALSE,FALSE,256.63663,2.5663663,
0.925,0.075,0.0071,0,10.5633654,3.4867265,73.60389,FALSE,FALSE,256.63663,2.5663663,
0.85,0.005,0.0036,0.145,1.388885031,4.2260814,60.62912,FALSE,FALSE,256.2236,2.562236,
0.85,0.005,0.0071,0.145,0.70422436,4.2260814,60.62912,FALSE,FALSE,256.2236,2.562236,
0.85,0.01,0.0071,0.14,1.40844872,4.2260814,60.62912,FALSE,FALSE,256.2236,2.562236,
0.9,0.075,0.0321,0.025,2.33644787,3.462006,73.82818,FALSE,FALSE,255.5936,2.555936,
0.9,0.075,0.0357,0.025,2.100839748,3.462006,73.82818,FALSE,FALSE,255.5936,2.555936,
0.9,0.08,0.0321,0.02,2.492211062,3.462006,73.82818,FALSE,FALSE,255.5936,2.555936,
0.9,0.08,0.0357,0.02,2.240895731,3.462006,73.82818,FALSE,FALSE,255.5936,2.555936,
0.9,0.08,0.0393,0.02,2.035622892,3.462006,73.82818,FALSE,FALSE,255.5936,2.555936,
0.9,0.085,0.0357,0.015,2.380951714,3.462006,73.82818,FALSE,FALSE,255.5936,2.555936,
0.9,0.085,0.0393,0.015,2.162849322,3.462006,73.82818,FALSE,FALSE,255.5936,2.555936,
0.9,0.09,0.0393,0.01,2.290075753,3.462006,73.82818,FALSE,FALSE,255.5936,2.555936,
0.9,0.095,0.0393,0.005,2.417302184,3.462006,73.82818,FALSE,FALSE,255.5936,2.555936,
0.925,0.075,0.0321,0,2.33644787,3.462006,73.82818,FALSE,FALSE,255.5936,2.555936,
0.925,0.075,0.0357,0,2.100839748,3.462006,73.82818,FALSE,FALSE,255.5936,2.555936,
0.85,0.005,0.0429,0.145,0.116550089,3.9593801,64.52215,FALSE,FALSE,255.46771,2.5546771,
0.85,0.005,0.0464,0.145,0.107758597,3.9593801,64.52215,FALSE,FALSE,255.46771,2.5546771,
0.85,0.01,0.0429,0.14,0.233100179,3.9593801,64.52215,FALSE,FALSE,255.46771,2.5546771,
0.85,0.01,0.0464,0.14,0.215517195,3.9593801,64.52215,FALSE,FALSE,255.46771,2.5546771,
0.85,0.015,0.0429,0.135,0.349650268,3.9593801,64.52215,FALSE,FALSE,255.46771,2.5546771,
0.85,0.015,0.0464,0.135,0.323275792,3.9593801,64.52215,FALSE,FALSE,255.46771,2.5546771,
0.9,0.075,0.025,0.025,2.9999988,3.240891,78.81653,FALSE,FALSE,255.43578,2.5543578,
0.9,0.075,0.0286,0.025,2.622376705,3.240891,78.81653,FALSE,FALSE,255.43578,2.5543578,
0.9,0.08,0.025,0.02,3.19999872,3.240891,78.81653,FALSE,FALSE,255.43578,2.5543578,
0.9,0.08,0.0286,0.02,2.797201819,3.240891,78.81653,FALSE,FALSE,255.43578,2.5543578,
0.9,0.085,0.0286,0.015,2.972026933,3.240891,78.81653,FALSE,FALSE,255.43578,2.5543578,
0.9,0.09,0.0286,0.01,3.146852047,3.240891,78.81653,FALSE,FALSE,255.43578,2.5543578,
0.9,0.095,0.0286,0.005,3.32167716,3.240891,78.81653,FALSE,FALSE,255.43578,2.5543578,
0.925,0.075,0.025,0,2.9999988,3.240891,78.81653,FALSE,FALSE,255.43578,2.5543578,
0.925,0.075,0.0286,0,2.622376705,3.240891,78.81653,FALSE,FALSE,255.43578,2.5543578,
0.95,0.05,0,0,5000000,3.4215598,74.43778,FALSE,FALSE,254.69333,2.5469333,
0.95,0.05,0.0036,0,13.88885031,3.4215598,74.43778,FALSE,FALSE,254.69333,2.5469333,
0.825,0.05,0.0321,0.125,1.557631914,4.9543285,51.272987,FALSE,FALSE,254.02322,2.5402322,
0.825,0.05,0.0357,0.125,1.400559832,4.9543285,51.272987,FALSE,FALSE,254.02322,2.5402322,
0.825,0.05,0.0393,0.125,1.272264307,4.9543285,51.272987,FALSE,FALSE,254.02322,2.5402322,
0.825,0.025,0.0143,0.15,1.748250526,4.7514176,53.309605,FALSE,FALSE,253.29619,2.5329619,
0.825,0.025,0.0179,0.15,1.396647264,4.7514176,53.309605,FALSE,FALSE,253.29619,2.5329619,
0.775,0.075,0.0429,0.15,1.748251341,5.0422597,50.221577,FALSE,FALSE,253.23022,2.5323022,
0.775,0.075,0.0464,0.15,1.616378962,5.0422597,50.221577,FALSE,FALSE,253.23022,2.5323022,
0.9,0.005,0.0107,0.095,0.467289283,3.1830397,79.412155,FALSE,FALSE,252.77203,2.5277203,
0.9,0.005,0.0143,0.095,0.349650105,3.1830397,79.412155,FALSE,FALSE,252.77203,2.5277203,
0.9,0.005,0.0179,0.095,0.279329453,3.1830397,79.412155,FALSE,FALSE,252.77203,2.5277203,
0.9,0.01,0.0107,0.09,0.934578566,3.1830397,79.412155,FALSE,FALSE,252.77203,2.5277203,
0.9,0.01,0.0143,0.09,0.69930021,3.1830397,79.412155,FALSE,FALSE,252.77203,2.5277203,
0.9,0.01,0.0179,0.09,0.558658906,3.1830397,79.412155,FALSE,FALSE,252.77203,2.5277203,
0.9,0.015,0.0107,0.085,1.401867849,3.1830397,79.412155,FALSE,FALSE,252.77203,2.5277203,
0.9,0.015,0.0143,0.085,1.048950315,3.1830397,79.412155,FALSE,FALSE,252.77203,2.5277203,
0.9,0.015,0.0179,0.085,0.837988359,3.1830397,79.412155,FALSE,FALSE,252.77203,2.5277203,
0.9,0.02,0.0107,0.08,1.869157132,3.1830397,79.412155,FALSE,FALSE,252.77203,2.5277203,
0.9,0.02,0.0143,0.08,1.398600421,3.1830397,79.412155,FALSE,FALSE,252.77203,2.5277203,
0.9,0.02,0.0179,0.08,1.117317812,3.1830397,79.412155,FALSE,FALSE,252.77203,2.5277203,
0.9,0.025,0.0143,0.075,1.748250526,3.1830397,79.412155,FALSE,FALSE,252.77203,2.5277203,
0.9,0.025,0.0179,0.075,1.396647264,3.1830397,79.412155,FALSE,FALSE,252.77203,2.5277203,
0.925,0,0.0107,0.075,0,3.1830397,79.412155,FALSE,FALSE,252.77203,2.5277203,
0.925,0,0.0143,0.075,0,3.1830397,79.412155,FALSE,FALSE,252.77203,2.5277203,
0.925,0,0.0179,0.075,0,3.1830397,79.412155,FALSE,FALSE,252.77203,2.5277203,
0.9,0.05,0,0.05,5000000,3.39286,74.43778,FALSE,FALSE,252.55698,2.5255698,
0.9,0.05,0.0036,0.05,13.88885031,3.39286,74.43778,FALSE,FALSE,252.55698,2.5255698,
0.9,0.055,0,0.045,5500000,3.39286,74.43778,FALSE,FALSE,252.55698,2.5255698,
0.9,0.055,0.0036,0.045,15.27773534,3.39286,74.43778,FALSE,FALSE,252.55698,2.5255698,
0.9,0.06,0,0.04,6000000,3.39286,74.43778,FALSE,FALSE,252.55698,2.5255698,
0.9,0.06,0.0036,0.04,16.66662037,3.39286,74.43778,FALSE,FALSE,252.55698,2.5255698,
0.9,0.065,0,0.035,6500000,3.39286,74.43778,FALSE,FALSE,252.55698,2.5255698,
0.9,0.065,0.0036,0.035,18.0555054,3.39286,74.43778,FALSE,FALSE,252.55698,2.5255698,
0.925,0.05,0,0.025,5000000,3.39286,74.43778,FALSE,FALSE,252.55698,2.5255698,
0.925,0.05,0.0036,0.025,13.88885031,3.39286,74.43778,FALSE,FALSE,252.55698,2.5255698,
0.925,0.055,0,0.02,5500000,3.39286,74.43778,FALSE,FALSE,252.55698,2.5255698,
0.925,0.055,0.0036,0.02,15.27773534,3.39286,74.43778,FALSE,FALSE,252.55698,2.5255698,
0.925,0.06,0,0.015,6000000,3.39286,74.43778,FALSE,FALSE,252.55698,2.5255698,
0.925,0.06,0.0036,0.015,16.66662037,3.39286,74.43778,FALSE,FALSE,252.55698,2.5255698,
0.925,0.065,0,0.01,6500000,3.39286,74.43778,FALSE,FALSE,252.55698,2.5255698,
0.925,0.065,0.0036,0.01,18.0555054,3.39286,74.43778,FALSE,FALSE,252.55698,2.5255698,
0.8,0.055,0.05,0.145,1.09999978,5.3318477,47.089897,FALSE,FALSE,251.07616,2.5107616,
0.8,0.06,0.05,0.14,1.19999976,5.3318477,47.089897,FALSE,FALSE,251.07616,2.5107616,
0.8,0.065,0.05,0.135,1.29999974,5.3318477,47.089897,FALSE,FALSE,251.07616,2.5107616,
0.8,0.05,0.025,0.15,1.9999992,5.1616335,48.61906,FALSE,FALSE,250.95377,2.5095377,
0.8,0.05,0.0286,0.15,1.748251137,5.1616335,48.61906,FALSE,FALSE,250.95377,2.5095377,
0.9,0.07,0,0.03,7000000,3.39286,73.82124,FALSE,FALSE,250.46513,2.5046513,
0.9,0.07,0.0036,0.03,19.44439043,3.39286,73.82124,FALSE,FALSE,250.46513,2.5046513,
0.925,0.07,0,0.005,7000000,3.39286,73.82124,FALSE,FALSE,250.46513,2.5046513,
0.925,0.07,0.0036,0.005,19.44439043,3.39286,73.82124,FALSE,FALSE,250.46513,2.5046513,
0.9,0.015,0.0071,0.085,2.112673081,3.223454,77.49743,FALSE,FALSE,249.8094,2.498094,
0.775,0.08,0.0429,0.145,1.86480143,4.9612513,50.284817,FALSE,FALSE,249.47562,2.4947562,
0.775,0.08,0.0464,0.145,1.724137559,4.9612513,50.284817,FALSE,FALSE,249.47562,2.4947562,
0.775,0.085,0.0429,0.14,1.981351519,4.9612513,50.284817,FALSE,FALSE,249.47562,2.4947562,
0.775,0.085,0.0464,0.14,1.831896157,4.9612513,50.284817,FALSE,FALSE,249.47562,2.4947562,
0.775,0.09,0.0464,0.135,1.939654754,4.9612513,50.284817,FALSE,FALSE,249.47562,2.4947562,
0.85,0.08,0,0.07,8000000,3.6211278,68.70543,FALSE,FALSE,248.79114,2.4879114,
0.85,0.08,0.0036,0.07,22.22216049,3.6211278,68.70543,FALSE,FALSE,248.79114,2.4879114,
0.85,0.08,0.0071,0.07,11.26758976,3.6211278,68.70543,FALSE,FALSE,248.79114,2.4879114,
0.825,0.03,0.0143,0.145,2.097900631,4.537436,54.79722,FALSE,FALSE,248.63887,2.4863887,
0.825,0.035,0.0143,0.14,2.447550736,4.537436,54.79722,FALSE,FALSE,248.63887,2.4863887,
0.825,0.04,0.0179,0.135,2.234635623,4.537436,54.79722,FALSE,FALSE,248.63887,2.4863887,
0.8,0.055,0.025,0.145,2.19999912,4.9476523,50.125725,FALSE,FALSE,248.00465,2.4800465,
0.8,0.06,0.025,0.14,2.39999904,4.9476523,50.125725,FALSE,FALSE,248.00465,2.4800465,
0.8,0.06,0.0286,0.14,2.097901364,4.9476523,50.125725,FALSE,FALSE,248.00465,2.4800465,
0.8,0.065,0.0286,0.135,2.272726478,4.9476523,50.125725,FALSE,FALSE,248.00465,2.4800465,
0.8,0.1,0.0429,0.1,2.331001788,4.468129,55.3963,FALSE,FALSE,247.51782,2.4751782,
0.8,0.1,0.0464,0.1,2.155171949,4.468129,55.3963,FALSE,FALSE,247.51782,2.4751782,
0.85,0.085,0,0.065,8500000,3.6007679,68.66832,FALSE,FALSE,247.25868,2.4725868,
0.85,0.085,0.0036,0.065,23.61104552,3.6007679,68.66832,FALSE,FALSE,247.25868,2.4725868,
0.85,0.085,0.0071,0.065,11.97181412,3.6007679,68.66832,FALSE,FALSE,247.25868,2.4725868,
0.85,0.09,0,0.06,9000000,3.6007679,68.66832,FALSE,FALSE,247.25868,2.4725868,
0.85,0.09,0.0036,0.06,24.99993056,3.6007679,68.66832,FALSE,FALSE,247.25868,2.4725868,
0.85,0.09,0.0071,0.06,12.67603848,3.6007679,68.66832,FALSE,FALSE,247.25868,2.4725868,
0.85,0.095,0,0.055,9500000,3.6007679,68.66832,FALSE,FALSE,247.25868,2.4725868,
0.85,0.095,0.0036,0.055,26.38881559,3.6007679,68.66832,FALSE,FALSE,247.25868,2.4725868,
0.85,0.095,0.0071,0.055,13.38026284,3.6007679,68.66832,FALSE,FALSE,247.25868,2.4725868,
0.875,0.075,0,0.05,7500000,3.6007679,68.66832,FALSE,FALSE,247.25868,2.4725868,
0.875,0.075,0.0036,0.05,20.83327546,3.6007679,68.66832,FALSE,FALSE,247.25868,2.4725868,
0.875,0.075,0.0071,0.05,10.5633654,3.6007679,68.66832,FALSE,FALSE,247.25868,2.4725868,
0.875,0.08,0,0.045,8000000,3.6007679,68.66832,FALSE,FALSE,247.25868,2.4725868,
0.875,0.08,0.0036,0.045,22.22216049,3.6007679,68.66832,FALSE,FALSE,247.25868,2.4725868,
0.875,0.08,0.0071,0.045,11.26758976,3.6007679,68.66832,FALSE,FALSE,247.25868,2.4725868,
0.875,0.085,0,0.04,8500000,3.6007679,68.66832,FALSE,FALSE,247.25868,2.4725868,
0.875,0.085,0.0036,0.04,23.61104552,3.6007679,68.66832,FALSE,FALSE,247.25868,2.4725868,
0.875,0.085,0.0071,0.04,11.97181412,3.6007679,68.66832,FALSE,FALSE,247.25868,2.4725868,
0.875,0.09,0,0.035,9000000,3.6007679,68.66832,FALSE,FALSE,247.25868,2.4725868,
0.875,0.09,0.0036,0.035,24.99993056,3.6007679,68.66832,FALSE,FALSE,247.25868,2.4725868,
0.875,0.09,0.0071,0.035,12.67603848,3.6007679,68.66832,FALSE,FALSE,247.25868,2.4725868,
0.875,0.095,0,0.03,9500000,3.6007679,68.66832,FALSE,FALSE,247.25868,2.4725868,
0.875,0.095,0.0036,0.03,26.38881559,3.6007679,68.66832,FALSE,FALSE,247.25868,2.4725868,
0.875,0.095,0.0071,0.03,13.38026284,3.6007679,68.66832,FALSE,FALSE,247.25868,2.4725868,
0.95,0.05,0.0321,0,1.557631914,3.3344414,73.9953,FALSE,FALSE,246.733,2.46733,
0.95,0.05,0.0357,0,1.400559832,3.3344414,73.9953,FALSE,FALSE,246.733,2.46733,
0.95,0.05,0.0393,0,1.272264307,3.3344414,73.9953,FALSE,FALSE,246.733,2.46733,
0.85,0.08,0.0179,0.07,4.469271246,3.4202304,71.92732,FALSE,FALSE,246.00801,2.4600801,
0.9,0.07,0.0321,0.03,2.180684679,3.3399034,73.36664,FALSE,FALSE,245.03748,2.4503748,
0.925,0.07,0.0321,0.005,2.180684679,3.3399034,73.36664,FALSE,FALSE,245.03748,2.4503748,
0.8,0.05,0.0321,0.15,1.557631914,5.190559,47.188553,FALSE,FALSE,244.93497,2.4493497,
0.8,0.05,0.0357,0.15,1.400559832,5.190559,47.188553,FALSE,FALSE,244.93497,2.4493497,
0.8,0.05,0.0393,0.15,1.272264307,5.190559,47.188553,FALSE,FALSE,244.93497,2.4493497,
0.9,0.07,0.0357,0.03,1.960783764,3.3156037,73.77439,FALSE,FALSE,244.60664,2.4460664,
0.9,0.07,0.0393,0.03,1.78117003,3.3156037,73.77439,FALSE,FALSE,244.60664,2.4460664,
0.925,0.07,0.0357,0.005,1.960783764,3.3156037,73.77439,FALSE,FALSE,244.60664,2.4460664,
0.925,0.07,0.0393,0.005,1.78117003,3.3156037,73.77439,FALSE,FALSE,244.60664,2.4460664,
0.9,0.065,0.0321,0.035,2.024921488,3.3220382,73.58715,FALSE,FALSE,244.45932,2.4445932,
0.925,0.065,0.0321,0.01,2.024921488,3.3220382,73.58715,FALSE,FALSE,244.45932,2.4445932,
0.875,0.055,0,0.07,5500000,3.5272613,69.29791,FALSE,FALSE,244.43184,2.4443184,
0.875,0.055,0.0036,0.07,15.27773534,3.5272613,69.29791,FALSE,FALSE,244.43184,2.4443184,
0.9,0.05,0.0321,0.05,1.557631914,3.2977386,73.9953,FALSE,FALSE,244.01715,2.4401715,
0.9,0.05,0.0357,0.05,1.400559832,3.2977386,73.9953,FALSE,FALSE,244.01715,2.4401715,
0.9,0.05,0.0393,0.05,1.272264307,3.2977386,73.9953,FALSE,FALSE,244.01715,2.4401715,
0.9,0.055,0.0321,0.045,1.713395105,3.2977386,73.9953,FALSE,FALSE,244.01715,2.4401715,
0.9,0.055,0.0357,0.045,1.540615815,3.2977386,73.9953,FALSE,FALSE,244.01715,2.4401715,
0.9,0.055,0.0393,0.045,1.399490738,3.2977386,73.9953,FALSE,FALSE,244.01715,2.4401715,
0.9,0.06,0.0321,0.04,1.869158296,3.2977386,73.9953,FALSE,FALSE,244.01715,2.4401715,
0.9,0.06,0.0357,0.04,1.680671798,3.2977386,73.9953,FALSE,FALSE,244.01715,2.4401715,
0.9,0.06,0.0393,0.04,1.526717169,3.2977386,73.9953,FALSE,FALSE,244.01715,2.4401715,
0.9,0.065,0.0357,0.035,1.820727781,3.2977386,73.9953,FALSE,FALSE,244.01715,2.4401715,
0.9,0.065,0.0393,0.035,1.6539436,3.2977386,73.9953,FALSE,FALSE,244.01715,2.4401715,
0.925,0.05,0.0321,0.025,1.557631914,3.2977386,73.9953,FALSE,FALSE,244.01715,2.4401715,
0.925,0.05,0.0357,0.025,1.400559832,3.2977386,73.9953,FALSE,FALSE,244.01715,2.4401715,
0.925,0.05,0.0393,0.025,1.272264307,3.2977386,73.9953,FALSE,FALSE,244.01715,2.4401715,
0.925,0.055,0.0321,0.02,1.713395105,3.2977386,73.9953,FALSE,FALSE,244.01715,2.4401715,
0.925,0.055,0.0357,0.02,1.540615815,3.2977386,73.9953,FALSE,FALSE,244.01715,2.4401715,
0.925,0.055,0.0393,0.02,1.399490738,3.2977386,73.9953,FALSE,FALSE,244.01715,2.4401715,
0.925,0.06,0.0321,0.015,1.869158296,3.2977386,73.9953,FALSE,FALSE,244.01715,2.4401715,
0.925,0.06,0.0357,0.015,1.680671798,3.2977386,73.9953,FALSE,FALSE,244.01715,2.4401715,
0.925,0.06,0.0393,0.015,1.526717169,3.2977386,73.9953,FALSE,FALSE,244.01715,2.4401715,
0.925,0.065,0.0357,0.01,1.820727781,3.2977386,73.9953,FALSE,FALSE,244.01715,2.4401715,
0.925,0.065,0.0393,0.01,1.6539436,3.2977386,73.9953,FALSE,FALSE,244.01715,2.4401715,
0.85,0.085,0.0179,0.065,4.748600699,3.3998704,71.68297,FALSE,FALSE,243.7128,2.437128,
0.875,0.075,0.0179,0.05,4.189941793,3.3998704,71.68297,FALSE,FALSE,243.7128,2.437128,
0.875,0.08,0.0179,0.045,4.469271246,3.3998704,71.68297,FALSE,FALSE,243.7128,2.437128,
0.875,0.085,0.0179,0.04,4.748600699,3.3998704,71.68297,FALSE,FALSE,243.7128,2.437128,
0.875,0.06,0,0.065,6000000,3.5069013,69.2608,FALSE,FALSE,242.8908,2.428908,
0.875,0.06,0.0036,0.065,16.66662037,3.5069013,69.2608,FALSE,FALSE,242.8908,2.428908,
0.875,0.065,0,0.06,6500000,3.5069013,69.2608,FALSE,FALSE,242.8908,2.428908,
0.875,0.065,0.0036,0.06,18.0555054,3.5069013,69.2608,FALSE,FALSE,242.8908,2.428908,
0.875,0.03,0.0429,0.095,0.699300536,3.3084464,73.35527,FALSE,FALSE,242.69199,2.4269199,
0.875,0.03,0.0464,0.095,0.646551585,3.3084464,73.35527,FALSE,FALSE,242.69199,2.4269199,
0.875,0.035,0.0429,0.09,0.815850626,3.3084464,73.35527,FALSE,FALSE,242.69199,2.4269199,
0.875,0.035,0.0464,0.09,0.754310182,3.3084464,73.35527,FALSE,FALSE,242.69199,2.4269199,
0.875,0.04,0.0429,0.085,0.932400715,3.3084464,73.35527,FALSE,FALSE,242.69199,2.4269199,
0.875,0.04,0.0464,0.085,0.86206878,3.3084464,73.35527,FALSE,FALSE,242.69199,2.4269199,
0.875,0.045,0.0429,0.08,1.048950804,3.3084464,73.35527,FALSE,FALSE,242.69199,2.4269199,
0.875,0.045,0.0464,0.08,0.969827377,3.3084464,73.35527,FALSE,FALSE,242.69199,2.4269199,
0.8,0.065,0.0321,0.135,2.024921488,4.976577,48.6698,FALSE,FALSE,242.209,2.42209,
0.825,0.03,0.0179,0.145,1.675976717,4.5151877,53.399815,FALSE,FALSE,241.11018,2.4111018,
0.825,0.035,0.0179,0.14,1.95530617,4.5151877,53.399815,FALSE,FALSE,241.11018,2.4111018,
0.9,0.005,0.0036,0.095,1.388885031,3.091874,77.90558,FALSE,FALSE,240.87422,2.4087422,
0.9,0.005,0.0071,0.095,0.70422436,3.091874,77.90558,FALSE,FALSE,240.87422,2.4087422,
0.9,0.01,0.0071,0.09,1.40844872,3.091874,77.90558,FALSE,FALSE,240.87422,2.4087422,
0.925,0,0,0.075,0,3.091874,77.90558,FALSE,FALSE,240.87422,2.4087422,
0.925,0,0.0036,0.075,0,3.091874,77.90558,FALSE,FALSE,240.87422,2.4087422,
0.925,0,0.0071,0.075,0,3.091874,77.90558,FALSE,FALSE,240.87422,2.4087422,
0.875,0.07,0,0.055,7000000,3.5069013,68.644264,FALSE,FALSE,240.72865,2.4072865,
0.875,0.07,0.0036,0.055,19.44439043,3.5069013,68.644264,FALSE,FALSE,240.72865,2.4072865,
0.8,0.055,0.0286,0.145,1.923076251,4.925404,48.728313,FALSE,FALSE,240.00664,2.4000664,
0.875,0.055,0.025,0.07,2.19999912,3.4320524,69.85239,FALSE,FALSE,239.73705,2.3973705,
0.95,0.04,0.0107,0.01,3.738314263,2.9496982,81.0976,FALSE,TRUE,239.21346,2.3921346,
0.95,0.045,0.0107,0.005,4.205603546,2.9496982,81.0976,FALSE,TRUE,239.21346,2.3921346,
0.875,0.055,0.0286,0.07,1.923076251,3.4077528,69.881355,FALSE,FALSE,238.13838,2.3813838,
1,0,0,0,0,2.2957096,103.66981,FALSE,TRUE,237.99577,2.3799577,
0.9,0.07,0.0214,0.03,3.271026509,3.020257,78.72154,FALSE,FALSE,237.7593,2.377593,
0.9,0.07,0.025,0.03,2.79999888,3.020257,78.72154,FALSE,FALSE,237.7593,2.377593,
0.925,0.07,0.0214,0.005,3.271026509,3.020257,78.72154,FALSE,FALSE,237.7593,2.377593,
0.925,0.07,0.025,0.005,2.79999888,3.020257,78.72154,FALSE,FALSE,237.7593,2.377593,
0.875,0.07,0.0286,0.055,2.447551592,3.4295576,69.0841,FALSE,FALSE,236.92789,2.3692789,
0.8,0.15,0.0464,0.05,3.232757924,4.3555145,54.261005,FALSE,FALSE,236.3346,2.363346,
0.825,0.15,0.0464,0.025,3.232757924,4.3555145,54.261005,FALSE,FALSE,236.3346,2.363346,
0.875,0.06,0.025,0.065,2.39999904,3.4116924,69.234375,FALSE,FALSE,236.20639,2.3620639,
0.875,0.06,0.0286,0.065,2.097901364,3.4116924,69.234375,FALSE,FALSE,236.20639,2.3620639,
0.875,0.065,0.0286,0.06,2.272726478,3.4116924,69.234375,FALSE,FALSE,236.20639,2.3620639,
0.9,0.04,0.0107,0.06,3.738314263,2.90967,81.0976,FALSE,FALSE,235.96727,2.3596727,
0.9,0.045,0.0107,0.055,4.205603546,2.90967,81.0976,FALSE,FALSE,235.96727,2.3596727,
0.925,0.04,0.0107,0.035,3.738314263,2.90967,81.0976,FALSE,FALSE,235.96727,2.3596727,
0.925,0.045,0.0107,0.03,4.205603546,2.90967,81.0976,FALSE,FALSE,235.96727,2.3596727,
0.8,0.055,0.0321,0.145,1.713395105,4.9543285,47.2724,FALSE,FALSE,234.203,2.34203,
0.8,0.055,0.0357,0.145,1.540615815,4.9543285,47.2724,FALSE,FALSE,234.203,2.34203,
0.8,0.055,0.0393,0.145,1.399490738,4.9543285,47.2724,FALSE,FALSE,234.203,2.34203,
0.8,0.06,0.0321,0.14,1.869158296,4.9543285,47.2724,FALSE,FALSE,234.203,2.34203,
0.8,0.06,0.0357,0.14,1.680671798,4.9543285,47.2724,FALSE,FALSE,234.203,2.34203,
0.8,0.06,0.0393,0.14,1.526717169,4.9543285,47.2724,FALSE,FALSE,234.203,2.34203,
0.8,0.065,0.0357,0.135,1.820727781,4.9543285,47.2724,FALSE,FALSE,234.203,2.34203,
0.8,0.065,0.0393,0.135,1.6539436,4.9543285,47.2724,FALSE,FALSE,234.203,2.34203,
0.875,0.055,0.0143,0.07,3.846151157,3.2424624,72.20735,FALSE,FALSE,234.12962,2.3412962,
0.9,0.075,0.0179,0.025,4.189941793,3.087438,75.388885,FALSE,FALSE,232.75851,2.3275851,
0.9,0.08,0.0179,0.02,4.469271246,3.087438,75.388885,FALSE,FALSE,232.75851,2.3275851,
0.9,0.085,0.0179,0.015,4.748600699,3.087438,75.388885,FALSE,FALSE,232.75851,2.3275851,
0.925,0.075,0.0179,0,4.189941793,3.087438,75.388885,FALSE,FALSE,232.75851,2.3275851,
0.875,0.06,0.0143,0.065,4.195801262,3.2221024,71.96298,FALSE,FALSE,231.8721,2.318721,
0.875,0.06,0.0179,0.065,3.351953435,3.2221024,71.96298,FALSE,FALSE,231.8721,2.318721,
0.875,0.065,0.0143,0.06,4.545451367,3.2221024,71.96298,FALSE,FALSE,231.8721,2.318721,
0.875,0.065,0.0179,0.06,3.631282888,3.2221024,71.96298,FALSE,FALSE,231.8721,2.318721,
0.95,0.045,0.0214,0.005,2.102802756,2.889228,79.76132,FALSE,FALSE,230.44865,2.3044865,
0.875,0.07,0.0143,0.055,4.895101472,3.2221024,71.44889,FALSE,FALSE,230.21564,2.3021564,
0.875,0.07,0.0179,0.055,3.91061234,3.2221024,71.44889,FALSE,FALSE,230.21564,2.3021564,
0.9,0.03,0.0214,0.07,1.401868504,2.8485858,80.78748,FALSE,FALSE,230.13008,2.3013008,
0.9,0.03,0.025,0.07,1.19999952,2.8485858,80.78748,FALSE,FALSE,230.13008,2.3013008,
0.9,0.03,0.0286,0.07,1.048950682,2.8485858,80.78748,FALSE,FALSE,230.13008,2.3013008,
0.925,0.005,0.0214,0.07,0.233644751,2.8485858,80.78748,FALSE,FALSE,230.13008,2.3013008,
0.925,0.005,0.025,0.07,0.19999992,2.8485858,80.78748,FALSE,FALSE,230.13008,2.3013008,
0.925,0.005,0.0286,0.07,0.174825114,2.8485858,80.78748,FALSE,FALSE,230.13008,2.3013008,
0.95,0,0.0214,0.05,0,2.8649287,80.169464,FALSE,FALSE,229.6798,2.296798,
0.95,0,0.025,0.05,0,2.8649287,80.169464,FALSE,FALSE,229.6798,2.296798,
0.95,0,0.0286,0.05,0,2.8649287,80.169464,FALSE,FALSE,229.6798,2.296798,
0.95,0.005,0.0214,0.045,0.233644751,2.8649287,80.169464,FALSE,FALSE,229.6798,2.296798,
0.95,0.005,0.025,0.045,0.19999992,2.8649287,80.169464,FALSE,FALSE,229.6798,2.296798,
0.95,0.005,0.0286,0.045,0.174825114,2.8649287,80.169464,FALSE,FALSE,229.6798,2.296798,
0.95,0.01,0.0214,0.04,0.467289501,2.8649287,80.169464,FALSE,FALSE,229.6798,2.296798,
0.95,0.01,0.025,0.04,0.39999984,2.8649287,80.169464,FALSE,FALSE,229.6798,2.296798,
0.95,0.01,0.0286,0.04,0.349650227,2.8649287,80.169464,FALSE,FALSE,229.6798,2.296798,
0.95,0.015,0.0214,0.035,0.700934252,2.8649287,80.169464,FALSE,FALSE,229.6798,2.296798,
0.95,0.015,0.025,0.035,0.59999976,2.8649287,80.169464,FALSE,FALSE,229.6798,2.296798,
0.95,0.015,0.0286,0.035,0.524475341,2.8649287,80.169464,FALSE,FALSE,229.6798,2.296798,
0.95,0.02,0.0214,0.03,0.934579003,2.8649287,80.169464,FALSE,FALSE,229.6798,2.296798,
0.95,0.02,0.025,0.03,0.79999968,2.8649287,80.169464,FALSE,FALSE,229.6798,2.296798,
0.95,0.02,0.0286,0.03,0.699300455,2.8649287,80.169464,FALSE,FALSE,229.6798,2.296798,
0.95,0.025,0.0214,0.025,1.168223753,2.8649287,80.169464,FALSE,FALSE,229.6798,2.296798,
0.95,0.025,0.025,0.025,0.9999996,2.8649287,80.169464,FALSE,FALSE,229.6798,2.296798,
0.95,0.025,0.0286,0.025,0.874125568,2.8649287,80.169464,FALSE,FALSE,229.6798,2.296798,
0.95,0.03,0.0214,0.02,1.401868504,2.8649287,80.169464,FALSE,FALSE,229.6798,2.296798,
0.95,0.03,0.025,0.02,1.19999952,2.8649287,80.169464,FALSE,FALSE,229.6798,2.296798,
0.95,0.03,0.0286,0.02,1.048950682,2.8649287,80.169464,FALSE,FALSE,229.6798,2.296798,
0.95,0.035,0.0214,0.015,1.635513254,2.8649287,80.169464,FALSE,FALSE,229.6798,2.296798,
0.95,0.035,0.025,0.015,1.39999944,2.8649287,80.169464,FALSE,FALSE,229.6798,2.296798,
0.95,0.035,0.0286,0.015,1.223775796,2.8649287,80.169464,FALSE,FALSE,229.6798,2.296798,
0.95,0.04,0.0214,0.01,1.869158005,2.8649287,80.169464,FALSE,FALSE,229.6798,2.296798,
0.95,0.04,0.025,0.01,1.59999936,2.8649287,80.169464,FALSE,FALSE,229.6798,2.296798,
0.95,0.04,0.0286,0.01,1.39860091,2.8649287,80.169464,FALSE,FALSE,229.6798,2.296798,
0.95,0.045,0.025,0.005,1.79999928,2.8649287,80.169464,FALSE,FALSE,229.6798,2.296798,
0.95,0.045,0.0286,0.005,1.573426023,2.8649287,80.169464,FALSE,FALSE,229.6798,2.296798,
0.975,0,0.0214,0.025,0,2.8649287,80.169464,FALSE,FALSE,229.6798,2.296798,
0.975,0,0.025,0.025,0,2.8649287,80.169464,FALSE,FALSE,229.6798,2.296798,
0.975,0,0.0286,0.025,0,2.8649287,80.169464,FALSE,FALSE,229.6798,2.296798,
0.975,0.005,0.0214,0.02,0.233644751,2.8649287,80.169464,FALSE,FALSE,229.6798,2.296798,
0.975,0.005,0.025,0.02,0.19999992,2.8649287,80.169464,FALSE,FALSE,229.6798,2.296798,
0.975,0.005,0.0286,0.02,0.174825114,2.8649287,80.169464,FALSE,FALSE,229.6798,2.296798,
0.975,0.01,0.0214,0.015,0.467289501,2.8649287,80.169464,FALSE,FALSE,229.6798,2.296798,
0.975,0.01,0.025,0.015,0.39999984,2.8649287,80.169464,FALSE,FALSE,229.6798,2.296798,
0.975,0.01,0.0286,0.015,0.349650227,2.8649287,80.169464,FALSE,FALSE,229.6798,2.296798,
0.975,0.015,0.0214,0.01,0.700934252,2.8649287,80.169464,FALSE,FALSE,229.6798,2.296798,
0.975,0.015,0.025,0.01,0.59999976,2.8649287,80.169464,FALSE,FALSE,229.6798,2.296798,
0.975,0.015,0.0286,0.01,0.524475341,2.8649287,80.169464,FALSE,FALSE,229.6798,2.296798,
0.975,0.02,0.0214,0.005,0.934579003,2.8649287,80.169464,FALSE,FALSE,229.6798,2.296798,
0.975,0.02,0.025,0.005,0.79999968,2.8649287,80.169464,FALSE,FALSE,229.6798,2.296798,
0.975,0.02,0.0286,0.005,0.699300455,2.8649287,80.169464,FALSE,FALSE,229.6798,2.296798,
0.975,0.025,0.0214,0,1.168223753,2.8649287,80.169464,FALSE,FALSE,229.6798,2.296798,
0.975,0.025,0.025,0,0.9999996,2.8649287,80.169464,FALSE,FALSE,229.6798,2.296798,
0.975,0.025,0.0286,0,0.874125568,2.8649287,80.169464,FALSE,FALSE,229.6798,2.296798,
0.95,0.015,0.0036,0.035,4.166655093,2.8582022,79.88244,FALSE,FALSE,228.32016,2.2832016,
0.95,0.025,0.0071,0.025,3.521121801,2.8582022,79.88244,FALSE,FALSE,228.32016,2.2832016,
0.95,0.03,0.0071,0.02,4.225346161,2.8582022,79.88244,FALSE,FALSE,228.32016,2.2832016,
0.95,0.035,0.0071,0.015,4.929570522,2.8582022,79.88244,FALSE,FALSE,228.32016,2.2832016,
0.975,0.015,0.0036,0.01,4.166655093,2.8582022,79.88244,FALSE,FALSE,228.32016,2.2832016,
0.975,0.025,0.0071,0,3.521121801,2.8582022,79.88244,FALSE,FALSE,228.32016,2.2832016,
0.9,0.03,0.0071,0.07,4.225346161,2.8498623,80.0201,FALSE,FALSE,228.04628,2.2804628,
0.85,0.075,0.0429,0.075,1.748251341,3.39438,67.030785,FALSE,FALSE,227.52795,2.2752795,
0.85,0.075,0.0464,0.075,1.616378962,3.39438,67.030785,FALSE,FALSE,227.52795,2.2752795,
0.9,0.045,0.0214,0.055,2.102802756,2.8525252,79.76132,FALSE,FALSE,227.52118,2.2752118,
0.925,0.045,0.0214,0.03,2.102802756,2.8525252,79.76132,FALSE,FALSE,227.52118,2.2752118,
0.9,0.005,0.0429,0.095,0.116550089,2.8777192,78.98265,FALSE,FALSE,227.28989,2.2728989,
0.9,0.005,0.0464,0.095,0.107758597,2.8777192,78.98265,FALSE,FALSE,227.28989,2.2728989,
0.9,0.01,0.0429,0.09,0.233100179,2.8777192,78.98265,FALSE,FALSE,227.28989,2.2728989,
0.9,0.01,0.0464,0.09,0.215517195,2.8777192,78.98265,FALSE,FALSE,227.28989,2.2728989,
0.9,0.015,0.0429,0.085,0.349650268,2.8777192,78.98265,FALSE,FALSE,227.28989,2.2728989,
0.9,0.015,0.0464,0.085,0.323275792,2.8777192,78.98265,FALSE,FALSE,227.28989,2.2728989,
0.9,0.02,0.0429,0.08,0.466200358,2.8777192,78.98265,FALSE,FALSE,227.28989,2.2728989,
0.9,0.02,0.0464,0.08,0.43103439,2.8777192,78.98265,FALSE,FALSE,227.28989,2.2728989,
0.9,0.025,0.0429,0.075,0.582750447,2.8777192,78.98265,FALSE,FALSE,227.28989,2.2728989,
0.9,0.025,0.0464,0.075,0.538792987,2.8777192,78.98265,FALSE,FALSE,227.28989,2.2728989,
0.925,0,0.0429,0.075,0,2.8777192,78.98265,FALSE,FALSE,227.28989,2.2728989,
0.925,0,0.0464,0.075,0,2.8777192,78.98265,FALSE,FALSE,227.28989,2.2728989,
0.9,0.035,0.0214,0.065,1.635513254,2.8282259,80.169464,FALSE,FALSE,226.73735,2.2673735,
0.9,0.035,0.025,0.065,1.39999944,2.8282259,80.169464,FALSE,FALSE,226.73735,2.2673735,
0.9,0.035,0.0286,0.065,1.223775796,2.8282259,80.169464,FALSE,FALSE,226.73735,2.2673735,
0.9,0.04,0.0214,0.06,1.869158005,2.8282259,80.169464,FALSE,FALSE,226.73735,2.2673735,
0.9,0.04,0.025,0.06,1.59999936,2.8282259,80.169464,FALSE,FALSE,226.73735,2.2673735,
0.9,0.04,0.0286,0.06,1.39860091,2.8282259,80.169464,FALSE,FALSE,226.73735,2.2673735,
0.9,0.045,0.025,0.055,1.79999928,2.8282259,80.169464,FALSE,FALSE,226.73735,2.2673735,
0.9,0.045,0.0286,0.055,1.573426023,2.8282259,80.169464,FALSE,FALSE,226.73735,2.2673735,
0.925,0.01,0.0214,0.065,0.467289501,2.8282259,80.169464,FALSE,FALSE,226.73735,2.2673735,
0.925,0.01,0.025,0.065,0.39999984,2.8282259,80.169464,FALSE,FALSE,226.73735,2.2673735,
0.925,0.01,0.0286,0.065,0.349650227,2.8282259,80.169464,FALSE,FALSE,226.73735,2.2673735,
0.925,0.015,0.0214,0.06,0.700934252,2.8282259,80.169464,FALSE,FALSE,226.73735,2.2673735,
0.925,0.015,0.025,0.06,0.59999976,2.8282259,80.169464,FALSE,FALSE,226.73735,2.2673735,
0.925,0.015,0.0286,0.06,0.524475341,2.8282259,80.169464,FALSE,FALSE,226.73735,2.2673735,
0.925,0.02,0.0214,0.055,0.934579003,2.8282259,80.169464,FALSE,FALSE,226.73735,2.2673735,
0.925,0.02,0.025,0.055,0.79999968,2.8282259,80.169464,FALSE,FALSE,226.73735,2.2673735,
0.925,0.02,0.0286,0.055,0.699300455,2.8282259,80.169464,FALSE,FALSE,226.73735,2.2673735,
0.925,0.025,0.0214,0.05,1.168223753,2.8282259,80.169464,FALSE,FALSE,226.73735,2.2673735,
0.925,0.025,0.025,0.05,0.9999996,2.8282259,80.169464,FALSE,FALSE,226.73735,2.2673735,
0.925,0.025,0.0286,0.05,0.874125568,2.8282259,80.169464,FALSE,FALSE,226.73735,2.2673735,
0.925,0.03,0.0214,0.045,1.401868504,2.8282259,80.169464,FALSE,FALSE,226.73735,2.2673735,
0.925,0.03,0.025,0.045,1.19999952,2.8282259,80.169464,FALSE,FALSE,226.73735,2.2673735,
0.925,0.03,0.0286,0.045,1.048950682,2.8282259,80.169464,FALSE,FALSE,226.73735,2.2673735,
0.925,0.035,0.0214,0.04,1.635513254,2.8282259,80.169464,FALSE,FALSE,226.73735,2.2673735,
0.925,0.035,0.025,0.04,1.39999944,2.8282259,80.169464,FALSE,FALSE,226.73735,2.2673735,
0.925,0.035,0.0286,0.04,1.223775796,2.8282259,80.169464,FALSE,FALSE,226.73735,2.2673735,
0.925,0.04,0.0214,0.035,1.869158005,2.8282259,80.169464,FALSE,FALSE,226.73735,2.2673735,
0.925,0.04,0.025,0.035,1.59999936,2.8282259,80.169464,FALSE,FALSE,226.73735,2.2673735,
0.925,0.04,0.0286,0.035,1.39860091,2.8282259,80.169464,FALSE,FALSE,226.73735,2.2673735,
0.925,0.045,0.025,0.03,1.79999928,2.8282259,80.169464,FALSE,FALSE,226.73735,2.2673735,
0.925,0.045,0.0286,0.03,1.573426023,2.8282259,80.169464,FALSE,FALSE,226.73735,2.2673735,
0.9,0.035,0.0071,0.065,4.929570522,2.8295023,79.88244,FALSE,FALSE,226.02754,2.2602754,
0.925,0.015,0.0036,0.06,4.166655093,2.8295023,79.88244,FALSE,FALSE,226.02754,2.2602754,
0.925,0.025,0.0071,0.05,3.521121801,2.8295023,79.88244,FALSE,FALSE,226.02754,2.2602754,
0.925,0.03,0.0071,0.045,4.225346161,2.8295023,79.88244,FALSE,FALSE,226.02754,2.2602754,
0.925,0.035,0.0071,0.04,4.929570522,2.8295023,79.88244,FALSE,FALSE,226.02754,2.2602754,
0.9,0.055,0.0214,0.045,2.570092257,2.8683834,78.52662,FALSE,FALSE,225.24445,2.2524445,
0.9,0.06,0.0214,0.04,2.803737008,2.8683834,78.52662,FALSE,FALSE,225.24445,2.2524445,
0.9,0.065,0.0214,0.035,3.037381758,2.8683834,78.52662,FALSE,FALSE,225.24445,2.2524445,
0.9,0.065,0.025,0.035,2.59999896,2.8683834,78.52662,FALSE,FALSE,225.24445,2.2524445,
0.925,0.055,0.0214,0.02,2.570092257,2.8683834,78.52662,FALSE,FALSE,225.24445,2.2524445,
0.925,0.06,0.0214,0.015,2.803737008,2.8683834,78.52662,FALSE,FALSE,225.24445,2.2524445,
0.925,0.065,0.0214,0.01,3.037381758,2.8683834,78.52662,FALSE,FALSE,225.24445,2.2524445,
0.925,0.065,0.025,0.01,2.59999896,2.8683834,78.52662,FALSE,FALSE,225.24445,2.2524445,
0.85,0.055,0.0429,0.095,1.282050983,3.3084464,67.92339,FALSE,FALSE,224.7209,2.247209,
0.85,0.055,0.0464,0.095,1.185344572,3.3084464,67.92339,FALSE,FALSE,224.7209,2.247209,
0.85,0.06,0.0429,0.09,1.398601073,3.3084464,67.92339,FALSE,FALSE,224.7209,2.247209,
0.85,0.06,0.0464,0.09,1.29310317,3.3084464,67.92339,FALSE,FALSE,224.7209,2.247209,
0.85,0.065,0.0429,0.085,1.515151162,3.3084464,67.92339,FALSE,FALSE,224.7209,2.247209,
0.85,0.065,0.0464,0.085,1.400861767,3.3084464,67.92339,FALSE,FALSE,224.7209,2.247209,
0.875,0.05,0.0429,0.075,1.165500894,3.3084464,67.92339,FALSE,FALSE,224.7209,2.247209,
0.875,0.05,0.0464,0.075,1.077585975,3.3084464,67.92339,FALSE,FALSE,224.7209,2.247209,
0.95,0.05,0.0107,0,4.672892829,2.9496982,75.910324,FALSE,FALSE,223.91255,2.2391255,
0.95,0.05,0.0143,0,3.496501051,2.9496982,75.910324,FALSE,FALSE,223.91255,2.2391255,
0.85,0.1,0.0429,0.05,2.331001788,3.3564668,66.28451,FALSE,FALSE,222.48175,2.2248175,
0.85,0.1,0.0464,0.05,2.155171949,3.3564668,66.28451,FALSE,FALSE,222.48175,2.2248175,
0.85,0.105,0.0429,0.045,2.447551877,3.3564668,66.28451,FALSE,FALSE,222.48175,2.2248175,
0.85,0.105,0.0464,0.045,2.262930547,3.3564668,66.28451,FALSE,FALSE,222.48175,2.2248175,
0.85,0.11,0.0464,0.04,2.370689144,3.3564668,66.28451,FALSE,FALSE,222.48175,2.2248175,
0.85,0.115,0.0464,0.035,2.478447742,3.3564668,66.28451,FALSE,FALSE,222.48175,2.2248175,
0.875,0.1,0.0429,0.025,2.331001788,3.3564668,66.28451,FALSE,FALSE,222.48175,2.2248175,
0.875,0.1,0.0464,0.025,2.155171949,3.3564668,66.28451,FALSE,FALSE,222.48175,2.2248175,
0.875,0.105,0.0429,0.02,2.447551877,3.3564668,66.28451,FALSE,FALSE,222.48175,2.2248175,
0.875,0.105,0.0464,0.02,2.262930547,3.3564668,66.28451,FALSE,FALSE,222.48175,2.2248175,
0.875,0.11,0.0464,0.015,2.370689144,3.3564668,66.28451,FALSE,FALSE,222.48175,2.2248175,
0.875,0.115,0.0464,0.01,2.478447742,3.3564668,66.28451,FALSE,FALSE,222.48175,2.2248175,
0.85,0.07,0.0429,0.08,1.631701251,3.326311,66.79578,FALSE,FALSE,222.18353,2.2218353,
0.85,0.07,0.0464,0.08,1.508620365,3.326311,66.79578,FALSE,FALSE,222.18353,2.2218353,
0.875,0.055,0.0179,0.07,3.072623982,3.045651,72.75894,FALSE,FALSE,221.59834,2.2159834,
0.9,0.05,0.0107,0.05,4.672892829,2.90967,75.910324,FALSE,FALSE,220.87401,2.2087401,
0.9,0.05,0.0143,0.05,3.496501051,2.90967,75.910324,FALSE,FALSE,220.87401,2.2087401,
0.9,0.055,0.0143,0.045,3.846151157,2.90967,75.910324,FALSE,FALSE,220.87401,2.2087401,
0.9,0.06,0.0143,0.04,4.195801262,2.90967,75.910324,FALSE,FALSE,220.87401,2.2087401,
0.9,0.06,0.0179,0.04,3.351953435,2.90967,75.910324,FALSE,FALSE,220.87401,2.2087401,
0.9,0.065,0.0143,0.035,4.545451367,2.90967,75.910324,FALSE,FALSE,220.87401,2.2087401,
0.9,0.065,0.0179,0.035,3.631282888,2.90967,75.910324,FALSE,FALSE,220.87401,2.2087401,
0.925,0.05,0.0107,0.025,4.672892829,2.90967,75.910324,FALSE,FALSE,220.87401,2.2087401,
0.925,0.05,0.0143,0.025,3.496501051,2.90967,75.910324,FALSE,FALSE,220.87401,2.2087401,
0.925,0.055,0.0143,0.02,3.846151157,2.90967,75.910324,FALSE,FALSE,220.87401,2.2087401,
0.925,0.06,0.0143,0.015,4.195801262,2.90967,75.910324,FALSE,FALSE,220.87401,2.2087401,
0.925,0.06,0.0179,0.015,3.351953435,2.90967,75.910324,FALSE,FALSE,220.87401,2.2087401,
0.925,0.065,0.0143,0.01,4.545451367,2.90967,75.910324,FALSE,FALSE,220.87401,2.2087401,
0.925,0.065,0.0179,0.01,3.631282888,2.90967,75.910324,FALSE,FALSE,220.87401,2.2087401,
0.8,0.105,0.0429,0.095,2.447551877,3.929789,56.185528,FALSE,FALSE,220.79727,2.2079727,
0.8,0.105,0.0464,0.095,2.262930547,3.929789,56.185528,FALSE,FALSE,220.79727,2.2079727,
0.8,0.11,0.0464,0.09,2.370689144,3.929789,56.185528,FALSE,FALSE,220.79727,2.2079727,
0.8,0.115,0.0464,0.085,2.478447742,3.929789,56.185528,FALSE,FALSE,220.79727,2.2079727,
0.825,0.1,0.0429,0.075,2.331001788,3.929789,56.185528,FALSE,FALSE,220.79727,2.2079727,
0.825,0.1,0.0464,0.075,2.155171949,3.929789,56.185528,FALSE,FALSE,220.79727,2.2079727,
0.9,0.07,0.0143,0.03,4.895101472,2.90967,75.39623,FALSE,FALSE,219.37816,2.1937816,
0.9,0.07,0.0179,0.03,3.91061234,2.90967,75.39623,FALSE,FALSE,219.37816,2.1937816,
0.925,0.07,0.0143,0.005,4.895101472,2.90967,75.39623,FALSE,FALSE,219.37816,2.1937816,
0.925,0.07,0.0179,0.005,3.91061234,2.90967,75.39623,FALSE,FALSE,219.37816,2.1937816,
0.95,0.05,0.0214,0,2.336447506,2.889228,74.27259,FALSE,FALSE,214.59045,2.1459045,
0.95,0.05,0.025,0,1.9999992,2.8649287,74.68073,FALSE,FALSE,213.95497,2.1395497,
0.95,0.05,0.0286,0,1.748251137,2.8649287,74.68073,FALSE,FALSE,213.95497,2.1395497,
0.8,0.09,0.0429,0.11,2.097901609,3.8058996,55.99635,FALSE,FALSE,213.11649,2.1311649,
0.8,0.095,0.0429,0.105,2.214451698,3.8058996,55.99635,FALSE,FALSE,213.11649,2.1311649,
0.8,0.095,0.0464,0.105,2.047413352,3.8058996,55.99635,FALSE,FALSE,213.11649,2.1311649,
0.8,0.08,0.0429,0.12,1.86480143,3.825416,55.685085,FALSE,FALSE,213.01862,2.1301862,
0.8,0.08,0.0464,0.12,1.724137559,3.825416,55.685085,FALSE,FALSE,213.01862,2.1301862,
0.8,0.085,0.0429,0.115,1.981351519,3.825416,55.685085,FALSE,FALSE,213.01862,2.1301862,
0.8,0.085,0.0464,0.115,1.831896157,3.825416,55.685085,FALSE,FALSE,213.01862,2.1301862,
0.8,0.09,0.0464,0.11,1.939654754,3.825416,55.685085,FALSE,FALSE,213.01862,2.1301862,
0.825,0.075,0.0429,0.1,1.748251341,3.825416,55.685085,FALSE,FALSE,213.01862,2.1301862,
0.825,0.075,0.0464,0.1,1.616378962,3.825416,55.685085,FALSE,FALSE,213.01862,2.1301862,
0.9,0.07,0.0286,0.03,2.447551592,2.8703904,74.122314,FALSE,FALSE,212.75998,2.1275998,
0.925,0.07,0.0286,0.005,2.447551592,2.8703904,74.122314,FALSE,FALSE,212.75998,2.1275998,
0.9,0.05,0.0214,0.05,2.336447506,2.8525252,74.27259,FALSE,FALSE,211.86444,2.1186444,
0.9,0.055,0.025,0.045,2.19999912,2.8525252,74.27259,FALSE,FALSE,211.86444,2.1186444,
0.9,0.06,0.025,0.04,2.39999904,2.8525252,74.27259,FALSE,FALSE,211.86444,2.1186444,
0.9,0.06,0.0286,0.04,2.097901364,2.8525252,74.27259,FALSE,FALSE,211.86444,2.1186444,
0.9,0.065,0.0286,0.035,2.272726478,2.8525252,74.27259,FALSE,FALSE,211.86444,2.1186444,
0.925,0.05,0.0214,0.025,2.336447506,2.8525252,74.27259,FALSE,FALSE,211.86444,2.1186444,
0.925,0.055,0.025,0.02,2.19999912,2.8525252,74.27259,FALSE,FALSE,211.86444,2.1186444,
0.925,0.06,0.025,0.015,2.39999904,2.8525252,74.27259,FALSE,FALSE,211.86444,2.1186444,
0.925,0.06,0.0286,0.015,2.097901364,2.8525252,74.27259,FALSE,FALSE,211.86444,2.1186444,
0.925,0.065,0.0286,0.01,2.272726478,2.8525252,74.27259,FALSE,FALSE,211.86444,2.1186444,
0.9,0.05,0.025,0.05,1.9999992,2.8282259,74.68073,FALSE,FALSE,211.21397,2.1121397,
0.9,0.05,0.0286,0.05,1.748251137,2.8282259,74.68073,FALSE,FALSE,211.21397,2.1121397,
0.9,0.055,0.0286,0.045,1.923076251,2.8282259,74.68073,FALSE,FALSE,211.21397,2.1121397,
0.925,0.05,0.025,0.025,1.9999992,2.8282259,74.68073,FALSE,FALSE,211.21397,2.1121397,
0.925,0.05,0.0286,0.025,1.748251137,2.8282259,74.68073,FALSE,FALSE,211.21397,2.1121397,
0.925,0.055,0.0286,0.02,1.923076251,2.8282259,74.68073,FALSE,FALSE,211.21397,2.1121397,
0.9,0.1,0.0429,0,2.331001788,2.9580321,71.082504,FALSE,FALSE,210.26433,2.1026433,
0.9,0.1,0.0464,0,2.155171949,2.9580321,71.082504,FALSE,FALSE,210.26433,2.1026433,
0.825,0.045,0.0429,0.13,1.048950804,3.6665702,56.667316,FALSE,FALSE,207.77469,2.0777469,
0.825,0.045,0.0464,0.13,0.969827377,3.6665702,56.667316,FALSE,FALSE,207.77469,2.0777469,
0.95,0.03,0.0107,0.02,2.803735697,2.5460212,81.45435,FALSE,TRUE,207.3845,2.073845,
0.95,0.035,0.0107,0.015,3.27102498,2.5460212,81.45435,FALSE,TRUE,207.3845,2.073845,
0.95,0.04,0.0143,0.01,2.797200841,2.5460212,81.45435,FALSE,TRUE,207.3845,2.073845,
0.95,0.045,0.0143,0.005,3.146850946,2.5460212,81.45435,FALSE,TRUE,207.3845,2.073845,
0.95,0.045,0.0179,0.005,2.513965076,2.5460212,81.45435,FALSE,TRUE,207.3845,2.073845,
0.9,0.03,0.0107,0.07,2.803735697,2.5206213,81.69871,FALSE,TRUE,205.9315,2.059315,
0.825,0.025,0.0429,0.15,0.582750447,3.875128,53.00456,FALSE,FALSE,205.39944,2.0539944,
0.825,0.025,0.0464,0.15,0.538792987,3.875128,53.00456,FALSE,FALSE,205.39944,2.0539944,
0.8,0.075,0.0429,0.125,1.748251341,3.8975239,52.679394,FALSE,FALSE,205.3192,2.053192,
0.8,0.075,0.0464,0.125,1.616378962,3.8975239,52.679394,FALSE,FALSE,205.3192,2.053192,
0.9,0.035,0.0107,0.065,3.27102498,2.5002613,81.45435,FALSE,FALSE,203.65717,2.0365717,
0.9,0.04,0.0143,0.06,2.797200841,2.5002613,81.45435,FALSE,FALSE,203.65717,2.0365717,
0.9,0.045,0.0143,0.055,3.146850946,2.5002613,81.45435,FALSE,FALSE,203.65717,2.0365717,
0.9,0.045,0.0179,0.055,2.513965076,2.5002613,81.45435,FALSE,FALSE,203.65717,2.0365717,
0.925,0.03,0.0107,0.045,2.803735697,2.5002613,81.45435,FALSE,FALSE,203.65717,2.0365717,
0.925,0.035,0.0107,0.04,3.27102498,2.5002613,81.45435,FALSE,FALSE,203.65717,2.0365717,
0.925,0.04,0.0143,0.035,2.797200841,2.5002613,81.45435,FALSE,FALSE,203.65717,2.0365717,
0.925,0.045,0.0143,0.03,3.146850946,2.5002613,81.45435,FALSE,FALSE,203.65717,2.0365717,
0.925,0.045,0.0179,0.03,2.513965076,2.5002613,81.45435,FALSE,FALSE,203.65717,2.0365717,
0.9,0.03,0.0143,0.07,2.097900631,2.5510356,79.38744,FALSE,FALSE,202.5202,2.025202,
0.95,0.025,0.0107,0.025,2.336446415,2.567379,78.76945,FALSE,FALSE,202.23102,2.0223102,
0.95,0.03,0.0143,0.02,2.097900631,2.567379,78.76945,FALSE,FALSE,202.23102,2.0223102,
0.95,0.035,0.0143,0.015,2.447550736,2.567379,78.76945,FALSE,FALSE,202.23102,2.0223102,
0.95,0.04,0.0179,0.01,2.234635623,2.567379,78.76945,FALSE,FALSE,202.23102,2.0223102,
0.975,0.025,0.0107,0,2.336446415,2.567379,78.76945,FALSE,FALSE,202.23102,2.0223102,
0.9,0.03,0.0179,0.07,1.675976717,2.5267363,79.79559,FALSE,FALSE,201.62242,2.0162242,
0.925,0.005,0.0107,0.07,0.467289283,2.5267363,79.79559,FALSE,FALSE,201.62242,2.0162242,
0.925,0.005,0.0143,0.07,0.349650105,2.5267363,79.79559,FALSE,FALSE,201.62242,2.0162242,
0.925,0.005,0.0179,0.07,0.279329453,2.5267363,79.79559,FALSE,FALSE,201.62242,2.0162242,
0.95,0,0.0107,0.05,0,2.5430796,79.177574,FALSE,FALSE,201.35487,2.0135487,
0.95,0,0.0143,0.05,0,2.5430796,79.177574,FALSE,FALSE,201.35487,2.0135487,
0.95,0,0.0179,0.05,0,2.5430796,79.177574,FALSE,FALSE,201.35487,2.0135487,
0.95,0.005,0.0107,0.045,0.467289283,2.5430796,79.177574,FALSE,FALSE,201.35487,2.0135487,
0.95,0.005,0.0143,0.045,0.349650105,2.5430796,79.177574,FALSE,FALSE,201.35487,2.0135487,
0.95,0.005,0.0179,0.045,0.279329453,2.5430796,79.177574,FALSE,FALSE,201.35487,2.0135487,
0.95,0.01,0.0107,0.04,0.934578566,2.5430796,79.177574,FALSE,FALSE,201.35487,2.0135487,
0.95,0.01,0.0143,0.04,0.69930021,2.5430796,79.177574,FALSE,FALSE,201.35487,2.0135487,
0.95,0.01,0.0179,0.04,0.558658906,2.5430796,79.177574,FALSE,FALSE,201.35487,2.0135487,
0.95,0.015,0.0107,0.035,1.401867849,2.5430796,79.177574,FALSE,FALSE,201.35487,2.0135487,
0.95,0.015,0.0143,0.035,1.048950315,2.5430796,79.177574,FALSE,FALSE,201.35487,2.0135487,
0.95,0.015,0.0179,0.035,0.837988359,2.5430796,79.177574,FALSE,FALSE,201.35487,2.0135487,
0.95,0.02,0.0107,0.03,1.869157132,2.5430796,79.177574,FALSE,FALSE,201.35487,2.0135487,
0.95,0.02,0.0143,0.03,1.398600421,2.5430796,79.177574,FALSE,FALSE,201.35487,2.0135487,
0.95,0.02,0.0179,0.03,1.117317812,2.5430796,79.177574,FALSE,FALSE,201.35487,2.0135487,
0.95,0.025,0.0143,0.025,1.748250526,2.5430796,79.177574,FALSE,FALSE,201.35487,2.0135487,
0.95,0.025,0.0179,0.025,1.396647264,2.5430796,79.177574,FALSE,FALSE,201.35487,2.0135487,
0.95,0.03,0.0179,0.02,1.675976717,2.5430796,79.177574,FALSE,FALSE,201.35487,2.0135487,
0.95,0.035,0.0179,0.015,1.95530617,2.5430796,79.177574,FALSE,FALSE,201.35487,2.0135487,
0.975,0,0.0107,0.025,0,2.5430796,79.177574,FALSE,FALSE,201.35487,2.0135487,
0.975,0,0.0143,0.025,0,2.5430796,79.177574,FALSE,FALSE,201.35487,2.0135487,
0.975,0,0.0179,0.025,0,2.5430796,79.177574,FALSE,FALSE,201.35487,2.0135487,
0.975,0.005,0.0107,0.02,0.467289283,2.5430796,79.177574,FALSE,FALSE,201.35487,2.0135487,
0.975,0.005,0.0143,0.02,0.349650105,2.5430796,79.177574,FALSE,FALSE,201.35487,2.0135487,
0.975,0.005,0.0179,0.02,0.279329453,2.5430796,79.177574,FALSE,FALSE,201.35487,2.0135487,
0.975,0.01,0.0107,0.015,0.934578566,2.5430796,79.177574,FALSE,FALSE,201.35487,2.0135487,
0.975,0.01,0.0143,0.015,0.69930021,2.5430796,79.177574,FALSE,FALSE,201.35487,2.0135487,
0.975,0.01,0.0179,0.015,0.558658906,2.5430796,79.177574,FALSE,FALSE,201.35487,2.0135487,
0.975,0.015,0.0107,0.01,1.401867849,2.5430796,79.177574,FALSE,FALSE,201.35487,2.0135487,
0.975,0.015,0.0143,0.01,1.048950315,2.5430796,79.177574,FALSE,FALSE,201.35487,2.0135487,
0.975,0.015,0.0179,0.01,0.837988359,2.5430796,79.177574,FALSE,FALSE,201.35487,2.0135487,
0.975,0.02,0.0107,0.005,1.869157132,2.5430796,79.177574,FALSE,FALSE,201.35487,2.0135487,
0.975,0.02,0.0143,0.005,1.398600421,2.5430796,79.177574,FALSE,FALSE,201.35487,2.0135487,
0.975,0.02,0.0179,0.005,1.117317812,2.5430796,79.177574,FALSE,FALSE,201.35487,2.0135487,
0.975,0.025,0.0143,0,1.748250526,2.5430796,79.177574,FALSE,FALSE,201.35487,2.0135487,
0.975,0.025,0.0179,0,1.396647264,2.5430796,79.177574,FALSE,FALSE,201.35487,2.0135487,
0.9,0.035,0.0143,0.065,2.447550736,2.5306756,78.76945,FALSE,FALSE,199.33992,1.9933992,
0.9,0.04,0.0179,0.06,2.234635623,2.5306756,78.76945,FALSE,FALSE,199.33992,1.9933992,
0.925,0.025,0.0107,0.05,2.336446415,2.5306756,78.76945,FALSE,FALSE,199.33992,1.9933992,
0.925,0.03,0.0143,0.045,2.097900631,2.5306756,78.76945,FALSE,FALSE,199.33992,1.9933992,
0.925,0.035,0.0143,0.04,2.447550736,2.5306756,78.76945,FALSE,FALSE,199.33992,1.9933992,
0.925,0.04,0.0179,0.035,2.234635623,2.5306756,78.76945,FALSE,FALSE,199.33992,1.9933992,
0.9,0.035,0.0179,0.065,1.95530617,2.5063763,79.177574,FALSE,FALSE,198.44879,1.9844879,
0.925,0.01,0.0107,0.065,0.934578566,2.5063763,79.177574,FALSE,FALSE,198.44879,1.9844879,
0.925,0.01,0.0143,0.065,0.69930021,2.5063763,79.177574,FALSE,FALSE,198.44879,1.9844879,
0.925,0.01,0.0179,0.065,0.558658906,2.5063763,79.177574,FALSE,FALSE,198.44879,1.9844879,
0.925,0.015,0.0107,0.06,1.401867849,2.5063763,79.177574,FALSE,FALSE,198.44879,1.9844879,
0.925,0.015,0.0143,0.06,1.048950315,2.5063763,79.177574,FALSE,FALSE,198.44879,1.9844879,
0.925,0.015,0.0179,0.06,0.837988359,2.5063763,79.177574,FALSE,FALSE,198.44879,1.9844879,
0.925,0.02,0.0107,0.055,1.869157132,2.5063763,79.177574,FALSE,FALSE,198.44879,1.9844879,
0.925,0.02,0.0143,0.055,1.398600421,2.5063763,79.177574,FALSE,FALSE,198.44879,1.9844879,
0.925,0.02,0.0179,0.055,1.117317812,2.5063763,79.177574,FALSE,FALSE,198.44879,1.9844879,
0.925,0.025,0.0143,0.05,1.748250526,2.5063763,79.177574,FALSE,FALSE,198.44879,1.9844879,
0.925,0.025,0.0179,0.05,1.396647264,2.5063763,79.177574,FALSE,FALSE,198.44879,1.9844879,
0.925,0.03,0.0179,0.045,1.675976717,2.5063763,79.177574,FALSE,FALSE,198.44879,1.9844879,
0.925,0.035,0.0179,0.04,1.95530617,2.5063763,79.177574,FALSE,FALSE,198.44879,1.9844879,
0.825,0.055,0.0429,0.12,1.282050983,3.5944614,54.967136,FALSE,FALSE,197.57726,1.9757726,
0.825,0.055,0.0464,0.12,1.185344572,3.5944614,54.967136,FALSE,FALSE,197.57726,1.9757726,
0.825,0.06,0.0429,0.115,1.398601073,3.5944614,54.967136,FALSE,FALSE,197.57726,1.9757726,
0.825,0.06,0.0464,0.115,1.29310317,3.5944614,54.967136,FALSE,FALSE,197.57726,1.9757726,
0.825,0.065,0.0429,0.11,1.515151162,3.5944614,54.967136,FALSE,FALSE,197.57726,1.9757726,
0.825,0.065,0.0464,0.11,1.400861767,3.5944614,54.967136,FALSE,FALSE,197.57726,1.9757726,
0.95,0.01,0.0036,0.04,2.777770062,2.4545255,80.146706,FALSE,FALSE,196.72214,1.9672214,
0.95,0.02,0.0071,0.03,2.816897441,2.4545255,80.146706,FALSE,FALSE,196.72214,1.9672214,
0.975,0.01,0.0036,0.015,2.777770062,2.4545255,80.146706,FALSE,FALSE,196.72214,1.9672214,
0.975,0.02,0.0071,0.005,2.816897441,2.4545255,80.146706,FALSE,FALSE,196.72214,1.9672214,
0.825,0.07,0.0429,0.105,1.631701251,3.6450315,53.87471,FALSE,FALSE,196.37502,1.9637502,
0.825,0.07,0.0464,0.105,1.508620365,3.6450315,53.87471,FALSE,FALSE,196.37502,1.9637502,
0.825,0.03,0.0429,0.145,0.699300536,3.6665702,53.098923,FALSE,FALSE,194.69093,1.9469093,
0.825,0.03,0.0464,0.145,0.646551585,3.6665702,53.098923,FALSE,FALSE,194.69093,1.9469093,
0.825,0.035,0.0429,0.14,0.815850626,3.6665702,53.098923,FALSE,FALSE,194.69093,1.9469093,
0.825,0.035,0.0464,0.14,0.754310182,3.6665702,53.098923,FALSE,FALSE,194.69093,1.9469093,
0.825,0.04,0.0429,0.135,0.932400715,3.6665702,53.098923,FALSE,FALSE,194.69093,1.9469093,
0.825,0.04,0.0464,0.135,0.86206878,3.6665702,53.098923,FALSE,FALSE,194.69093,1.9469093,
0.95,0.05,0.0179,0,2.793294529,2.5460212,76.315216,FALSE,FALSE,194.30016,1.9430016,
0.925,0.01,0.0036,0.065,2.777770062,2.4200938,80.146706,FALSE,FALSE,193.96254,1.9396254,
0.925,0.02,0.0071,0.055,2.816897441,2.4200938,80.146706,FALSE,FALSE,193.96254,1.9396254,
0.95,0.015,0.0071,0.035,2.112673081,2.4758832,77.4618,FALSE,FALSE,191.78638,1.9178638,
0.975,0.015,0.0071,0.01,2.112673081,2.4758832,77.4618,FALSE,FALSE,191.78638,1.9178638,
0.925,0.005,0.0036,0.07,1.388885031,2.4465687,78.381256,FALSE,FALSE,191.76514,1.9176514,
0.925,0.005,0.0071,0.07,0.70422436,2.4465687,78.381256,FALSE,FALSE,191.76514,1.9176514,
0.95,0,0,0.05,0,2.4515839,77.86994,FALSE,FALSE,190.9047,1.909047,
0.95,0,0.0036,0.05,0,2.4515839,77.86994,FALSE,FALSE,190.9047,1.909047,
0.95,0,0.0071,0.05,0,2.4515839,77.86994,FALSE,FALSE,190.9047,1.909047,
0.95,0.005,0.0036,0.045,1.388885031,2.4515839,77.86994,FALSE,FALSE,190.9047,1.909047,
0.95,0.005,0.0071,0.045,0.70422436,2.4515839,77.86994,FALSE,FALSE,190.9047,1.909047,
0.95,0.01,0.0071,0.04,1.40844872,2.4515839,77.86994,FALSE,FALSE,190.9047,1.909047,
0.975,0,0,0.025,0,2.4515839,77.86994,FALSE,FALSE,190.9047,1.909047,
0.975,0,0.0036,0.025,0,2.4515839,77.86994,FALSE,FALSE,190.9047,1.909047,
0.975,0,0.0071,0.025,0,2.4515839,77.86994,FALSE,FALSE,190.9047,1.909047,
0.975,0.005,0.0036,0.02,1.388885031,2.4515839,77.86994,FALSE,FALSE,190.9047,1.909047,
0.975,0.005,0.0071,0.02,0.70422436,2.4515839,77.86994,FALSE,FALSE,190.9047,1.909047,
0.975,0.01,0.0071,0.015,1.40844872,2.4515839,77.86994,FALSE,FALSE,190.9047,1.909047,
0.9,0.05,0.0179,0.05,2.793294529,2.5002613,76.315216,FALSE,FALSE,190.80798,1.9080798,
0.9,0.055,0.0179,0.045,3.072623982,2.5002613,76.315216,FALSE,FALSE,190.80798,1.9080798,
0.925,0.05,0.0179,0.025,2.793294529,2.5002613,76.315216,FALSE,FALSE,190.80798,1.9080798,
0.925,0.055,0.0179,0.02,3.072623982,2.5002613,76.315216,FALSE,FALSE,190.80798,1.9080798,
0.925,0.015,0.0071,0.06,2.112673081,2.450508,77.4618,FALSE,FALSE,189.82077,1.8982077,
0.8,0.07,0.0429,0.13,1.631701251,3.7171397,50.86902,FALSE,FALSE,189.08725,1.8908725,
0.8,0.07,0.0464,0.13,1.508620365,3.7171397,50.86902,FALSE,FALSE,189.08725,1.8908725,
0.925,0.01,0.0071,0.065,1.40844872,2.4262087,77.86994,FALSE,FALSE,188.92873,1.8892873,
0.85,0.08,0.0429,0.07,1.86480143,2.7700338,67.35813,FALSE,FALSE,186.5843,1.865843,
0.85,0.08,0.0464,0.07,1.724137559,2.7700338,67.35813,FALSE,FALSE,186.5843,1.865843,
0.825,0.05,0.0429,0.125,1.165500894,3.6665702,50.83137,FALSE,FALSE,186.37679,1.8637679,
0.825,0.05,0.0464,0.125,1.077585975,3.6665702,50.83137,FALSE,FALSE,186.37679,1.8637679,
0.825,0.09,0.0429,0.085,2.097901609,3.267562,56.78558,FALSE,FALSE,185.5504,1.855504,
0.825,0.095,0.0429,0.08,2.214451698,3.267562,56.78558,FALSE,FALSE,185.5504,1.855504,
0.825,0.095,0.0464,0.08,2.047413352,3.267562,56.78558,FALSE,FALSE,185.5504,1.855504,
0.85,0.09,0.0429,0.06,2.097901609,2.7700338,66.88454,FALSE,FALSE,185.27243,1.8527243,
0.85,0.095,0.0429,0.055,2.214451698,2.7700338,66.88454,FALSE,FALSE,185.27243,1.8527243,
0.85,0.095,0.0464,0.055,2.047413352,2.7700338,66.88454,FALSE,FALSE,185.27243,1.8527243,
0.875,0.09,0.0429,0.035,2.097901609,2.7700338,66.88454,FALSE,FALSE,185.27243,1.8527243,
0.875,0.095,0.0429,0.03,2.214451698,2.7700338,66.88454,FALSE,FALSE,185.27243,1.8527243,
0.875,0.095,0.0464,0.03,2.047413352,2.7700338,66.88454,FALSE,FALSE,185.27243,1.8527243,
0.85,0.085,0.0429,0.065,1.981351519,2.7700338,66.85825,FALSE,FALSE,185.19963,1.8519963,
0.85,0.085,0.0464,0.065,1.831896157,2.7700338,66.85825,FALSE,FALSE,185.19963,1.8519963,
0.85,0.09,0.0464,0.06,1.939654754,2.7700338,66.85825,FALSE,FALSE,185.19963,1.8519963,
0.875,0.075,0.0429,0.05,1.748251341,2.7700338,66.85825,FALSE,FALSE,185.19963,1.8519963,
0.875,0.075,0.0464,0.05,1.616378962,2.7700338,66.85825,FALSE,FALSE,185.19963,1.8519963,
0.875,0.08,0.0429,0.045,1.86480143,2.7700338,66.85825,FALSE,FALSE,185.19963,1.8519963,
0.875,0.08,0.0464,0.045,1.724137559,2.7700338,66.85825,FALSE,FALSE,185.19963,1.8519963,
0.875,0.085,0.0429,0.04,1.981351519,2.7700338,66.85825,FALSE,FALSE,185.19963,1.8519963,
0.875,0.085,0.0464,0.04,1.831896157,2.7700338,66.85825,FALSE,FALSE,185.19963,1.8519963,
0.875,0.09,0.0464,0.035,1.939654754,2.7700338,66.85825,FALSE,FALSE,185.19963,1.8519963,
0.95,0,0.0429,0.05,0,2.329698,78.81013,FALSE,FALSE,183.6038,1.836038,
0.95,0,0.0464,0.05,0,2.329698,78.81013,FALSE,FALSE,183.6038,1.836038,
0.95,0.005,0.0429,0.045,0.116550089,2.329698,78.81013,FALSE,FALSE,183.6038,1.836038,
0.95,0.005,0.0464,0.045,0.107758597,2.329698,78.81013,FALSE,FALSE,183.6038,1.836038,
0.95,0.01,0.0429,0.04,0.233100179,2.329698,78.81013,FALSE,FALSE,183.6038,1.836038,
0.95,0.01,0.0464,0.04,0.215517195,2.329698,78.81013,FALSE,FALSE,183.6038,1.836038,
0.95,0.015,0.0429,0.035,0.349650268,2.329698,78.81013,FALSE,FALSE,183.6038,1.836038,
0.95,0.015,0.0464,0.035,0.323275792,2.329698,78.81013,FALSE,FALSE,183.6038,1.836038,
0.95,0.02,0.0429,0.03,0.466200358,2.329698,78.81013,FALSE,FALSE,183.6038,1.836038,
0.95,0.02,0.0464,0.03,0.43103439,2.329698,78.81013,FALSE,FALSE,183.6038,1.836038,
0.95,0.025,0.0429,0.025,0.582750447,2.329698,78.81013,FALSE,FALSE,183.6038,1.836038,
0.95,0.025,0.0464,0.025,0.538792987,2.329698,78.81013,FALSE,FALSE,183.6038,1.836038,
0.95,0.03,0.0429,0.02,0.699300536,2.329698,78.81013,FALSE,FALSE,183.6038,1.836038,
0.95,0.03,0.0464,0.02,0.646551585,2.329698,78.81013,FALSE,FALSE,183.6038,1.836038,
0.95,0.035,0.0429,0.015,0.815850626,2.329698,78.81013,FALSE,FALSE,183.6038,1.836038,
0.95,0.035,0.0464,0.015,0.754310182,2.329698,78.81013,FALSE,FALSE,183.6038,1.836038,
0.95,0.04,0.0429,0.01,0.932400715,2.329698,78.81013,FALSE,FALSE,183.6038,1.836038,
0.95,0.04,0.0464,0.01,0.86206878,2.329698,78.81013,FALSE,FALSE,183.6038,1.836038,
0.95,0.045,0.0429,0.005,1.048950804,2.329698,78.81013,FALSE,FALSE,183.6038,1.836038,
0.95,0.045,0.0464,0.005,0.969827377,2.329698,78.81013,FALSE,FALSE,183.6038,1.836038,
0.975,0,0.0429,0.025,0,2.329698,78.81013,FALSE,FALSE,183.6038,1.836038,
0.975,0,0.0464,0.025,0,2.329698,78.81013,FALSE,FALSE,183.6038,1.836038,
0.975,0.005,0.0429,0.02,0.116550089,2.329698,78.81013,FALSE,FALSE,183.6038,1.836038,
0.975,0.005,0.0464,0.02,0.107758597,2.329698,78.81013,FALSE,FALSE,183.6038,1.836038,
0.975,0.01,0.0429,0.015,0.233100179,2.329698,78.81013,FALSE,FALSE,183.6038,1.836038,
0.975,0.01,0.0464,0.015,0.215517195,2.329698,78.81013,FALSE,FALSE,183.6038,1.836038,
0.975,0.015,0.0429,0.01,0.349650268,2.329698,78.81013,FALSE,FALSE,183.6038,1.836038,
0.975,0.015,0.0464,0.01,0.323275792,2.329698,78.81013,FALSE,FALSE,183.6038,1.836038,
0.975,0.02,0.0429,0.005,0.466200358,2.329698,78.81013,FALSE,FALSE,183.6038,1.836038,
0.975,0.02,0.0464,0.005,0.43103439,2.329698,78.81013,FALSE,FALSE,183.6038,1.836038,
0.975,0.025,0.0429,0,0.582750447,2.329698,78.81013,FALSE,FALSE,183.6038,1.836038,
0.975,0.025,0.0464,0,0.538792987,2.329698,78.81013,FALSE,FALSE,183.6038,1.836038,
0.875,0.055,0.0429,0.07,1.282050983,2.6841002,68.25074,FALSE,FALSE,183.19182,1.8319182,
0.875,0.055,0.0464,0.07,1.185344572,2.6841002,68.25074,FALSE,FALSE,183.19182,1.8319182,
0.8,0.05,0.0429,0.15,1.165500894,3.875128,47.066624,FALSE,FALSE,182.38919,1.8238919,
0.8,0.05,0.0464,0.15,1.077585975,3.875128,47.066624,FALSE,FALSE,182.38919,1.8238919,
0.875,0.06,0.0429,0.065,1.398601073,2.6841002,67.75086,FALSE,FALSE,181.8501,1.818501,
0.875,0.06,0.0464,0.065,1.29310317,2.6841002,67.75086,FALSE,FALSE,181.8501,1.818501,
0.875,0.065,0.0429,0.06,1.515151162,2.6841002,67.75086,FALSE,FALSE,181.8501,1.818501,
0.875,0.065,0.0464,0.06,1.400861767,2.6841002,67.75086,FALSE,FALSE,181.8501,1.818501,
0.875,0.07,0.0429,0.055,1.631701251,2.7019649,66.623245,FALSE,FALSE,180.01367,1.8001367,
0.875,0.07,0.0464,0.055,1.508620365,2.7019649,66.623245,FALSE,FALSE,180.01367,1.8001367,
0.825,0.105,0.0429,0.07,2.447551877,3.1552367,56.991817,FALSE,FALSE,179.82268,1.7982268,
0.825,0.105,0.0464,0.07,2.262930547,3.1552367,56.991817,FALSE,FALSE,179.82268,1.7982268,
0.9,0.03,0.0429,0.07,0.699300536,2.2533734,79.31,FALSE,FALSE,178.71504,1.7871504,
0.9,0.03,0.0464,0.07,0.646551585,2.2533734,79.31,FALSE,FALSE,178.71504,1.7871504,
0.925,0.005,0.0429,0.07,0.116550089,2.2533734,79.31,FALSE,FALSE,178.71504,1.7871504,
0.925,0.005,0.0464,0.07,0.107758597,2.2533734,79.31,FALSE,FALSE,178.71504,1.7871504,
0.825,0.08,0.0429,0.095,1.86480143,3.1602807,56.275135,FALSE,FALSE,177.84523,1.7784523,
0.825,0.08,0.0464,0.095,1.724137559,3.1602807,56.275135,FALSE,FALSE,177.84523,1.7784523,
0.825,0.085,0.0429,0.09,1.981351519,3.1602807,56.275135,FALSE,FALSE,177.84523,1.7784523,
0.825,0.085,0.0464,0.09,1.831896157,3.1602807,56.275135,FALSE,FALSE,177.84523,1.7784523,
0.825,0.09,0.0464,0.085,1.939654754,3.1602807,56.275135,FALSE,FALSE,177.84523,1.7784523,
0.9,0.035,0.0429,0.065,0.815850626,2.2533734,78.81013,FALSE,FALSE,177.58864,1.7758864,
0.9,0.035,0.0464,0.065,0.754310182,2.2533734,78.81013,FALSE,FALSE,177.58864,1.7758864,
0.9,0.04,0.0429,0.06,0.932400715,2.2533734,78.81013,FALSE,FALSE,177.58864,1.7758864,
0.9,0.04,0.0464,0.06,0.86206878,2.2533734,78.81013,FALSE,FALSE,177.58864,1.7758864,
0.9,0.045,0.0429,0.055,1.048950804,2.2533734,78.81013,FALSE,FALSE,177.58864,1.7758864,
0.9,0.045,0.0464,0.055,0.969827377,2.2533734,78.81013,FALSE,FALSE,177.58864,1.7758864,
0.925,0.01,0.0429,0.065,0.233100179,2.2533734,78.81013,FALSE,FALSE,177.58864,1.7758864,
0.925,0.01,0.0464,0.065,0.215517195,2.2533734,78.81013,FALSE,FALSE,177.58864,1.7758864,
0.925,0.015,0.0429,0.06,0.349650268,2.2533734,78.81013,FALSE,FALSE,177.58864,1.7758864,
0.925,0.015,0.0464,0.06,0.323275792,2.2533734,78.81013,FALSE,FALSE,177.58864,1.7758864,
0.925,0.02,0.0429,0.055,0.466200358,2.2533734,78.81013,FALSE,FALSE,177.58864,1.7758864,
0.925,0.02,0.0464,0.055,0.43103439,2.2533734,78.81013,FALSE,FALSE,177.58864,1.7758864,
0.925,0.025,0.0429,0.05,0.582750447,2.2533734,78.81013,FALSE,FALSE,177.58864,1.7758864,
0.925,0.025,0.0464,0.05,0.538792987,2.2533734,78.81013,FALSE,FALSE,177.58864,1.7758864,
0.925,0.03,0.0429,0.045,0.699300536,2.2533734,78.81013,FALSE,FALSE,177.58864,1.7758864,
0.925,0.03,0.0464,0.045,0.646551585,2.2533734,78.81013,FALSE,FALSE,177.58864,1.7758864,
0.925,0.035,0.0429,0.04,0.815850626,2.2533734,78.81013,FALSE,FALSE,177.58864,1.7758864,
0.925,0.035,0.0464,0.04,0.754310182,2.2533734,78.81013,FALSE,FALSE,177.58864,1.7758864,
0.925,0.04,0.0429,0.035,0.932400715,2.2533734,78.81013,FALSE,FALSE,177.58864,1.7758864,
0.925,0.04,0.0464,0.035,0.86206878,2.2533734,78.81013,FALSE,FALSE,177.58864,1.7758864,
0.925,0.045,0.0429,0.03,1.048950804,2.2533734,78.81013,FALSE,FALSE,177.58864,1.7758864,
0.925,0.045,0.0464,0.03,0.969827377,2.2533734,78.81013,FALSE,FALSE,177.58864,1.7758864,
0.825,0.11,0.0464,0.065,2.370689144,3.1552367,55.352665,FALSE,FALSE,174.65076,1.7465076,
0.825,0.115,0.0464,0.06,2.478447742,3.1552367,55.352665,FALSE,FALSE,174.65076,1.7465076,
0.8,0.055,0.0429,0.145,1.282050983,3.6665702,47.160988,FALSE,FALSE,172.91907,1.7291907,
0.8,0.055,0.0464,0.145,1.185344572,3.6665702,47.160988,FALSE,FALSE,172.91907,1.7291907,
0.8,0.06,0.0429,0.14,1.398601073,3.6665702,47.160988,FALSE,FALSE,172.91907,1.7291907,
0.8,0.06,0.0464,0.14,1.29310317,3.6665702,47.160988,FALSE,FALSE,172.91907,1.7291907,
0.8,0.065,0.0429,0.135,1.515151162,3.6665702,47.160988,FALSE,FALSE,172.91907,1.7291907,
0.8,0.065,0.0464,0.135,1.400861767,3.6665702,47.160988,FALSE,FALSE,172.91907,1.7291907,
0.95,0.05,0.0429,0,1.165500894,2.329698,73.378265,FALSE,FALSE,170.9492,1.709492,
0.95,0.05,0.0464,0,1.077585975,2.329698,73.378265,FALSE,FALSE,170.9492,1.709492,
0.9,0.075,0.0429,0.025,1.748251341,2.3393068,72.2894,FALSE,FALSE,169.10709,1.6910709,
0.9,0.075,0.0464,0.025,1.616378962,2.3393068,72.2894,FALSE,FALSE,169.10709,1.6910709,
0.9,0.08,0.0429,0.02,1.86480143,2.3393068,72.2894,FALSE,FALSE,169.10709,1.6910709,
0.9,0.08,0.0464,0.02,1.724137559,2.3393068,72.2894,FALSE,FALSE,169.10709,1.6910709,
0.9,0.085,0.0429,0.015,1.981351519,2.3393068,72.2894,FALSE,FALSE,169.10709,1.6910709,
0.9,0.085,0.0464,0.015,1.831896157,2.3393068,72.2894,FALSE,FALSE,169.10709,1.6910709,
0.9,0.09,0.0464,0.01,1.939654754,2.3393068,72.2894,FALSE,FALSE,169.10709,1.6910709,
0.925,0.075,0.0429,0,1.748251341,2.3393068,72.2894,FALSE,FALSE,169.10709,1.6910709,
0.925,0.075,0.0464,0,1.616378962,2.3393068,72.2894,FALSE,FALSE,169.10709,1.6910709,
0.9,0.09,0.0429,0.01,2.097901609,2.3393068,71.9365,FALSE,FALSE,168.28154,1.6828154,
0.9,0.095,0.0429,0.005,2.214451698,2.3393068,71.9365,FALSE,FALSE,168.28154,1.6828154,
0.9,0.095,0.0464,0.005,2.047413352,2.3393068,71.9365,FALSE,FALSE,168.28154,1.6828154,
0.9,0.05,0.0429,0.05,1.165500894,2.2533734,73.378265,FALSE,FALSE,165.34863,1.6534863,
0.9,0.05,0.0464,0.05,1.077585975,2.2533734,73.378265,FALSE,FALSE,165.34863,1.6534863,
0.9,0.055,0.0429,0.045,1.282050983,2.2533734,73.378265,FALSE,FALSE,165.34863,1.6534863,
0.9,0.055,0.0464,0.045,1.185344572,2.2533734,73.378265,FALSE,FALSE,165.34863,1.6534863,
0.9,0.06,0.0429,0.04,1.398601073,2.2533734,73.378265,FALSE,FALSE,165.34863,1.6534863,
0.9,0.06,0.0464,0.04,1.29310317,2.2533734,73.378265,FALSE,FALSE,165.34863,1.6534863,
0.9,0.065,0.0429,0.035,1.515151162,2.2533734,73.378265,FALSE,FALSE,165.34863,1.6534863,
0.9,0.065,0.0464,0.035,1.400861767,2.2533734,73.378265,FALSE,FALSE,165.34863,1.6534863,
0.925,0.05,0.0429,0.025,1.165500894,2.2533734,73.378265,FALSE,FALSE,165.34863,1.6534863,
0.925,0.05,0.0464,0.025,1.077585975,2.2533734,73.378265,FALSE,FALSE,165.34863,1.6534863,
0.925,0.055,0.0429,0.02,1.282050983,2.2533734,73.378265,FALSE,FALSE,165.34863,1.6534863,
0.925,0.055,0.0464,0.02,1.185344572,2.2533734,73.378265,FALSE,FALSE,165.34863,1.6534863,
0.925,0.06,0.0429,0.015,1.398601073,2.2533734,73.378265,FALSE,FALSE,165.34863,1.6534863,
0.925,0.06,0.0464,0.015,1.29310317,2.2533734,73.378265,FALSE,FALSE,165.34863,1.6534863,
0.925,0.065,0.0429,0.01,1.515151162,2.2533734,73.378265,FALSE,FALSE,165.34863,1.6534863,
0.925,0.065,0.0464,0.01,1.400861767,2.2533734,73.378265,FALSE,FALSE,165.34863,1.6534863,
0.9,0.07,0.0429,0.03,1.631701251,2.2712386,72.25063,FALSE,FALSE,164.09842,1.6409842,
0.9,0.07,0.0464,0.03,1.508620365,2.2712386,72.25063,FALSE,FALSE,164.09842,1.6409842,
0.925,0.07,0.0429,0.005,1.631701251,2.2712386,72.25063,FALSE,FALSE,164.09842,1.6409842,
0.925,0.07,0.0464,0.005,1.508620365,2.2712386,72.25063,FALSE,FALSE,164.09842,1.6409842,
