PI-content,CF-content,Sizing agent-content,GP-content,CF/S,TC_pred,TS_pred,High_Performance,
0.7,0.2,0.05,0.1,3.9999992,13.838931,56.727654,FALSE,
0.7,0.2,0.055,0.1,3.636362975,13.838931,56.727654,FALSE,
0.76,0.13,0.05,0.11,2.59999948,13.790091,67.02309,FALSE,
0.74,0.14,0.05,0.12,2.79999944,13.766481,64.621826,FALSE,
0.74,0.14,0.055,0.12,2.545454083,13.766481,64.621826,FALSE,
0.74,0.15,0.05,0.11,2.9999994,13.766481,57.331604,FALSE,
0.74,0.15,0.055,0.11,2.727272231,13.766481,57.331604,FALSE,
0.76,0.14,0.05,0.1,2.79999944,13.766481,64.621826,FALSE,
0.76,0.14,0.055,0.1,2.545454083,13.766481,64.621826,FALSE,
0.72,0.13,0.05,0.15,2.59999948,13.764973,60.11653,FALSE,
0.74,0.13,0.05,0.13,2.59999948,13.764973,65.49196,FALSE,
0.7,0.15,0.05,0.15,2.9999994,13.741364,52.126534,FALSE,
0.7,0.15,0.055,0.15,2.727272231,13.741364,52.126534,FALSE,
0.72,0.14,0.05,0.14,2.79999944,13.741364,58.32776,FALSE,
0.72,0.14,0.055,0.14,2.545454083,13.741364,58.32776,FALSE,
0.72,0.15,0.05,0.13,2.9999994,13.741364,55.800453,FALSE,
0.72,0.15,0.055,0.13,2.727272231,13.741364,55.800453,FALSE,
0.72,0.2,0.05,0.08,3.9999992,12.202136,56.636063,FALSE,
0.72,0.2,0.055,0.08,3.636362975,12.202136,56.636063,FALSE,
0.78,0.13,0.05,0.09,2.59999948,12.153295,67.68469,FALSE,
0.76,0.15,0.05,0.09,2.9999994,12.129685,57.240013,FALSE,
0.76,0.15,0.055,0.09,2.727272231,12.129685,57.240013,FALSE,
0.78,0.14,0.05,0.08,2.79999944,12.129685,65.28344,FALSE,
0.78,0.14,0.055,0.08,2.545454083,12.129685,65.28344,FALSE,
0.74,0.11,0.02,0.15,5.49999725,12.008679,64.711494,FALSE,
0.7,0.2,0.03,0.1,6.666664444,11.983888,60.34099,FALSE,
0.7,0.2,0.035,0.1,5.714284082,11.983888,60.34099,FALSE,
0.76,0.12,0.02,0.12,5.999997,11.97505,73.462204,FALSE,1
0.78,0.11,0.02,0.11,5.49999725,11.97505,73.462204,FALSE,
0.78,0.12,0.02,0.1,5.999997,11.97505,73.462204,FALSE,
0.72,0.13,0.02,0.15,6.49999675,11.963613,64.70375,FALSE,
0.72,0.13,0.025,0.15,5.19999792,11.963613,64.70375,FALSE,
0.7,0.15,0.02,0.15,7.49999625,11.951432,56.489723,FALSE,
0.7,0.15,0.025,0.15,5.9999976,11.951432,56.489723,FALSE,
0.74,0.12,0.02,0.14,5.999997,11.944248,64.74664,FALSE,
0.76,0.11,0.02,0.13,5.49999725,11.944248,70.154465,FALSE,
0.76,0.13,0.02,0.11,6.49999675,11.929983,73.376045,FALSE,
0.76,0.13,0.025,0.11,5.19999792,11.929983,73.376045,FALSE,
0.7,0.2,0.02,0.1,9.999995,11.917803,63.10141,FALSE,
0.7,0.2,0.025,0.1,7.9999968,11.917803,63.10141,FALSE,
0.74,0.14,0.02,0.12,6.9999965,11.917803,70.61797,FALSE,
0.74,0.14,0.025,0.12,5.59999776,11.917803,70.61797,FALSE,
0.74,0.15,0.02,0.11,7.49999625,11.917803,63.10141,FALSE,
0.74,0.15,0.025,0.11,5.9999976,11.917803,63.10141,FALSE,
0.76,0.14,0.02,0.1,6.9999965,11.917803,70.61797,FALSE,
0.76,0.14,0.025,0.1,5.59999776,11.917803,70.61797,FALSE,
0.74,0.13,0.02,0.13,6.49999675,11.899181,70.1946,FALSE,
0.74,0.13,0.025,0.13,5.19999792,11.899181,70.1946,FALSE,
0.72,0.14,0.02,0.14,6.9999965,11.887001,62.85293,FALSE,
0.72,0.14,0.025,0.14,5.59999776,11.887001,62.85293,FALSE,
0.72,0.15,0.02,0.13,7.49999625,11.887001,59.919975,FALSE,
0.72,0.15,0.025,0.13,5.9999976,11.887001,59.919975,FALSE,
0.7,0.1,0.02,0.2,4.9999975,11.066168,63.805916,FALSE,
0.7,0.1,0.025,0.2,3.9999984,11.066168,63.805916,FALSE,
0.74,0.11,0.025,0.15,4.39999824,11.066168,63.805916,FALSE,
0.74,0.11,0.03,0.15,3.666665444,11.037772,60.23121,FALSE,
0.72,0.13,0.03,0.15,4.333331889,11.014911,61.430267,FALSE,
0.72,0.13,0.035,0.15,3.714284653,11.014911,61.430267,FALSE,
0.7,0.15,0.03,0.15,4.999998333,11.00273,53.56549,FALSE,
0.7,0.15,0.035,0.15,4.285713061,11.00273,53.56549,FALSE,
0.74,0.12,0.025,0.14,4.79999808,11.001737,63.841053,FALSE,
0.76,0.1,0.02,0.14,4.9999975,11.001737,63.841053,FALSE,
0.76,0.1,0.025,0.14,3.9999984,11.001737,63.841053,FALSE,
0.76,0.11,0.025,0.13,4.39999824,11.001737,69.02348,FALSE,
0.74,0.12,0.03,0.14,3.999998667,10.973341,60.266342,FALSE,
0.74,0.12,0.035,0.14,3.428570449,10.973341,60.266342,FALSE,
0.76,0.11,0.03,0.13,3.666665444,10.973341,65.19868,FALSE,
0.74,0.13,0.03,0.13,4.333331889,10.9504795,66.66361,FALSE,
0.74,0.13,0.035,0.13,3.714284653,10.9504795,66.66361,FALSE,
0.72,0.14,0.03,0.14,4.666665111,10.938299,59.67152,FALSE,
0.72,0.14,0.035,0.14,3.999998857,10.938299,59.67152,FALSE,
0.72,0.15,0.03,0.13,4.999998333,10.938299,56.96704,FALSE,
0.72,0.15,0.035,0.13,4.285713061,10.938299,56.96704,FALSE,
0.76,0.12,0.025,0.12,4.79999808,10.91785,72.33122,FALSE,
0.78,0.1,0.02,0.12,4.9999975,10.91785,72.33122,FALSE,
0.78,0.1,0.025,0.12,3.9999984,10.91785,72.33122,FALSE,
0.78,0.11,0.025,0.11,4.39999824,10.91785,72.33122,FALSE,
0.78,0.12,0.025,0.1,4.79999808,10.91785,72.33122,FALSE,
0.76,0.12,0.03,0.12,3.999998667,10.889454,68.08126,FALSE,
0.76,0.12,0.035,0.12,3.428570449,10.889454,68.08126,FALSE,
0.78,0.11,0.03,0.11,3.666665444,10.889454,68.08126,FALSE,
0.78,0.12,0.03,0.1,3.999998667,10.889454,68.08126,FALSE,
0.78,0.12,0.035,0.1,3.428570449,10.889454,68.08126,FALSE,
0.76,0.13,0.03,0.11,4.333331889,10.866592,69.54069,FALSE,
0.76,0.13,0.035,0.11,3.714284653,10.866592,69.54069,FALSE,
0.74,0.2,0.05,0.06,3.9999992,10.860982,56.191956,FALSE,
0.74,0.2,0.055,0.06,3.636362975,10.860982,56.191956,FALSE,
0.76,0.2,0.05,0.04,3.9999992,10.860982,56.191956,FALSE,
0.76,0.2,0.055,0.04,3.636362975,10.860982,56.191956,FALSE,
0.78,0.2,0.05,0.02,3.9999992,10.860982,56.191956,FALSE,
0.78,0.2,0.055,0.02,3.636362975,10.860982,56.191956,FALSE,
0.74,0.14,0.03,0.12,4.666665111,10.854412,66.87468,FALSE,
0.74,0.14,0.035,0.12,3.999998857,10.854412,66.87468,FALSE,
0.74,0.15,0.03,0.11,4.999998333,10.854412,59.844124,FALSE,
0.74,0.15,0.035,0.11,4.285713061,10.854412,59.844124,FALSE,
0.76,0.14,0.03,0.1,4.666665111,10.854412,66.87468,FALSE,
0.76,0.14,0.035,0.1,3.999998857,10.854412,66.87468,FALSE,
0.76,0.13,0.055,0.11,2.363635934,10.82222,58.82367,FALSE,
0.72,0.13,0.055,0.15,2.363635934,10.813682,52.36779,FALSE,
0.74,0.13,0.055,0.13,2.363635934,10.797104,57.13552,FALSE,
0.78,0.15,0.05,0.07,2.9999994,10.781979,57.439316,FALSE,
0.78,0.15,0.055,0.07,2.727272231,10.781979,57.439316,FALSE,
0.7,0.1,0.03,0.2,3.333332222,10.688123,60.81881,FALSE,
0.7,0.1,0.035,0.2,2.857142041,10.688123,60.81881,FALSE,
0.74,0.11,0.035,0.15,3.142856245,10.688123,60.81881,FALSE,
0.76,0.1,0.03,0.14,3.333332222,10.623691,60.882057,FALSE,
0.76,0.1,0.035,0.14,2.857142041,10.623691,60.882057,FALSE,
0.76,0.11,0.035,0.13,3.142856245,10.623691,66.17538,FALSE,
0.78,0.1,0.03,0.12,3.333332222,10.539804,69.05796,FALSE,
0.78,0.1,0.035,0.12,2.857142041,10.539804,69.05796,FALSE,
0.78,0.11,0.035,0.11,3.142856245,10.539804,69.05796,FALSE,
0.72,0.2,0.03,0.08,6.666664444,10.377334,60.249374,FALSE,
0.72,0.2,0.035,0.08,5.714284082,10.377334,60.249374,FALSE,
0.76,0.12,0.05,0.12,2.39999952,10.339422,57.540634,FALSE,
0.76,0.12,0.055,0.12,2.181817785,10.339422,57.540634,FALSE,
0.78,0.11,0.05,0.11,2.19999956,10.339422,57.540634,FALSE,
0.78,0.12,0.05,0.1,2.39999952,10.339422,57.540634,FALSE,
0.78,0.12,0.055,0.1,2.181817785,10.339422,57.540634,FALSE,
0.74,0.11,0.05,0.15,2.19999956,10.330884,50.961304,FALSE,
0.74,0.12,0.05,0.14,2.39999952,10.314306,51.024544,FALSE,
0.74,0.12,0.055,0.14,2.181817785,10.314306,51.024544,FALSE,
0.76,0.11,0.05,0.13,2.19999956,10.314306,55.18892,FALSE,
0.78,0.13,0.02,0.09,6.49999675,10.312188,73.645035,FALSE,
0.78,0.13,0.025,0.09,5.19999792,10.312188,73.645035,FALSE,
0.72,0.2,0.02,0.08,9.999995,10.300008,63.009796,FALSE,
0.72,0.2,0.025,0.08,7.9999968,10.300008,63.009796,FALSE,
0.76,0.15,0.02,0.09,7.49999625,10.300008,63.009796,FALSE,
0.76,0.15,0.025,0.09,5.9999976,10.300008,63.009796,FALSE,
0.78,0.14,0.02,0.08,6.9999965,10.300008,70.88698,FALSE,
0.78,0.14,0.025,0.08,5.59999776,10.300008,70.88698,FALSE,
0.78,0.13,0.055,0.09,2.363635934,10.242299,59.570892,FALSE,
0.7,0.15,0.04,0.15,3.749999063,9.915918,51.814484,FALSE,
0.72,0.14,0.04,0.14,3.499999125,9.851487,58.000805,FALSE,
0.72,0.15,0.04,0.13,3.749999063,9.851487,55.196503,FALSE,
0.7,0.2,0.04,0.1,4.99999875,9.761915,57.144302,FALSE,
0.7,0.2,0.045,0.1,4.444443457,9.761915,57.144302,FALSE,
0.74,0.14,0.04,0.12,3.499999125,9.761915,64.25514,FALSE,
0.74,0.15,0.04,0.11,3.749999063,9.761915,57.144302,FALSE,
0.76,0.14,0.04,0.1,3.499999125,9.761915,64.25514,FALSE,
0.78,0.1,0.05,0.12,1.9999996,9.659079,57.600643,FALSE,
0.78,0.1,0.055,0.12,1.818181488,9.659079,57.600643,FALSE,
0.78,0.11,0.055,0.11,1.999999636,9.659079,57.600643,FALSE,
0.7,0.1,0.05,0.2,1.9999996,9.633074,50.545155,FALSE,
0.7,0.1,0.055,0.2,1.818181488,9.633074,50.545155,FALSE,
0.74,0.11,0.055,0.15,1.999999636,9.633074,50.545155,FALSE,
0.72,0.08,0.02,0.2,3.999998,9.623752,63.225315,FALSE,
0.76,0.09,0.02,0.15,4.49999775,9.623752,63.225315,FALSE,
0.76,0.09,0.025,0.15,3.59999856,9.623752,63.225315,FALSE,
0.76,0.1,0.05,0.14,1.9999996,9.616496,50.608395,FALSE,
0.76,0.1,0.055,0.14,1.818181488,9.616496,50.608395,FALSE,
0.76,0.11,0.055,0.13,1.999999636,9.616496,55.248928,FALSE,
0.78,0.08,0.02,0.14,3.999998,9.55932,63.26045,FALSE,
0.78,0.09,0.02,0.13,4.49999775,9.55932,68.44286,FALSE,
0.78,0.09,0.025,0.13,3.59999856,9.55932,68.44286,FALSE,
0.8,0.1,0.02,0.1,4.9999975,9.461255,70.82686,FALSE,
0.8,0.1,0.025,0.1,3.9999984,9.461255,70.82686,FALSE,
0.78,0.07,0.02,0.15,3.49999825,9.458865,61.722538,FALSE,
0.72,0.13,0.04,0.15,3.249999188,9.389555,60.12429,FALSE,
0.72,0.13,0.045,0.15,2.888888247,9.389555,60.12429,FALSE,
0.74,0.11,0.04,0.15,2.749999313,9.389555,58.76963,FALSE,
0.7,0.15,0.045,0.15,3.333332593,9.377375,52.126534,FALSE,
0.8,0.11,0.02,0.09,5.49999725,9.3638115,73.25368,FALSE,
0.8,0.1125,0.02,0.0875,5.624997188,9.3638115,73.25368,FALSE,
0.8,0.12,0.02,0.08,5.999997,9.3638115,73.25368,FALSE,
0.8,0.125,0.02,0.075,6.249996875,9.356351,73.21746,FALSE,
0.74,0.12,0.04,0.14,2.99999925,9.325125,58.83288,FALSE,
0.74,0.12,0.045,0.14,2.666666074,9.325125,58.83288,FALSE,
0.74,0.13,0.04,0.13,3.249999188,9.325125,65.499725,FALSE,
0.74,0.13,0.045,0.13,2.888888247,9.325125,65.499725,FALSE,
0.76,0.11,0.04,0.13,2.749999313,9.325125,63.800705,FALSE,
0.72,0.14,0.045,0.14,3.11111042,9.312944,58.335518,FALSE,
0.72,0.15,0.045,0.13,3.333332593,9.312944,55.800453,FALSE,
0.72,0.08,0.03,0.2,2.666665778,9.261142,61.00561,FALSE,
0.76,0.09,0.03,0.15,2.999999,9.261142,61.00561,FALSE,
0.76,0.09,0.035,0.15,2.571427837,9.261142,61.00561,FALSE,
0.78,0.13,0.03,0.09,4.333331889,9.260038,70.257645,FALSE,
0.78,0.13,0.035,0.09,3.714284653,9.260038,70.257645,FALSE,
0.76,0.15,0.03,0.09,4.999998333,9.247858,59.752533,FALSE,
0.76,0.15,0.035,0.09,4.285713061,9.247858,59.752533,FALSE,
0.78,0.14,0.03,0.08,4.666665111,9.247858,67.59165,FALSE,
0.78,0.14,0.035,0.08,3.999998857,9.247858,67.59165,FALSE,
0.72,0.08,0.025,0.2,3.19999872,9.237244,63.288853,FALSE,
0.76,0.12,0.04,0.12,2.99999925,9.235552,65.79522,FALSE,
0.76,0.12,0.045,0.12,2.666666074,9.235552,65.79522,FALSE,
0.76,0.13,0.04,0.11,3.249999188,9.235552,67.44751,FALSE,
0.76,0.13,0.045,0.11,2.888888247,9.235552,67.44751,FALSE,
0.78,0.11,0.04,0.11,2.749999313,9.235552,65.79522,FALSE,
0.78,0.12,0.04,0.1,2.99999925,9.235552,65.79522,FALSE,
0.78,0.12,0.045,0.1,2.666666074,9.235552,65.79522,FALSE,
0.74,0.14,0.045,0.12,3.11111042,9.2233715,65.04625,FALSE,
0.74,0.15,0.045,0.11,3.333332593,9.2233715,57.748253,FALSE,
0.76,0.14,0.045,0.1,3.11111042,9.2233715,65.04625,FALSE,
0.78,0.08,0.03,0.14,2.666665778,9.196712,61.06886,FALSE,
0.78,0.09,0.03,0.13,2.999999,9.196712,66.26479,FALSE,
0.78,0.09,0.035,0.13,2.571427837,9.196712,66.26479,FALSE,
0.78,0.08,0.025,0.14,3.19999872,9.172813,63.3521,FALSE,
0.78,0.07,0.025,0.15,2.79999888,9.029493,61.77623,FALSE,
0.72,0.08,0.05,0.2,1.59999968,8.934881,50.205647,FALSE,
0.72,0.08,0.055,0.2,1.45454519,8.934881,50.205647,FALSE,
0.76,0.09,0.05,0.15,1.79999964,8.934881,50.205647,FALSE,
0.76,0.09,0.055,0.15,1.636363339,8.934881,50.205647,FALSE,
0.78,0.08,0.05,0.14,1.59999968,8.9183035,50.268887,FALSE,
0.78,0.08,0.055,0.14,1.45454519,8.9183035,50.268887,FALSE,
0.78,0.09,0.05,0.13,1.79999964,8.9183035,54.90942,FALSE,
0.78,0.09,0.055,0.13,1.636363339,8.9183035,54.90942,FALSE,
0.74,0.2,0.03,0.06,6.666664444,8.863726,59.78573,FALSE,
0.74,0.2,0.035,0.06,5.714284082,8.863726,59.78573,FALSE,
0.76,0.2,0.03,0.04,6.666664444,8.863726,59.78573,FALSE,
0.76,0.2,0.035,0.04,5.714284082,8.863726,59.78573,FALSE,
0.78,0.2,0.03,0.02,6.666664444,8.863726,59.78573,FALSE,
0.78,0.2,0.035,0.02,5.714284082,8.863726,59.78573,FALSE,
0.74,0.06,0.02,0.2,2.9999985,8.844914,61.71513,FALSE,
0.7,0.1,0.01,0.2,9.99999,8.844334,61.00223,FALSE,
0.7,0.1,0.015,0.2,6.666662222,8.844334,61.00223,FALSE,
0.74,0.11,0.015,0.15,7.333328444,8.844334,61.00223,FALSE,
0.72,0.13,0.015,0.15,8.666660889,8.829153,61.093437,FALSE,
0.78,0.07,0.05,0.15,1.39999972,8.824604,48.220573,FALSE,
0.78,0.07,0.055,0.15,1.272727041,8.824604,48.220573,FALSE,
0.7,0.15,0.015,0.15,9.999993333,8.816973,53.207817,FALSE,
0.78,0.15,0.02,0.07,7.49999625,8.80676,63.214607,FALSE,
0.78,0.15,0.025,0.07,5.9999976,8.80676,63.214607,FALSE,
0.74,0.2,0.02,0.06,9.999995,8.786399,62.47103,FALSE,
0.74,0.2,0.025,0.06,7.9999968,8.786399,62.47103,FALSE,
0.76,0.2,0.02,0.04,9.999995,8.786399,62.47103,FALSE,
0.76,0.2,0.025,0.04,7.9999968,8.786399,62.47103,FALSE,
0.78,0.2,0.02,0.02,9.999995,8.786399,62.47103,FALSE,
0.78,0.2,0.025,0.02,7.9999968,8.786399,62.47103,FALSE,
0.74,0.12,0.015,0.14,7.999994667,8.779902,61.03737,FALSE,
0.76,0.1,0.01,0.14,9.99999,8.779902,61.03737,FALSE,
0.76,0.1,0.015,0.14,6.666662222,8.779902,61.03737,FALSE,
0.76,0.11,0.015,0.13,7.333328444,8.779902,66.3848,FALSE,
0.74,0.06,0.05,0.2,1.19999976,8.774034,48.14316,FALSE,
0.74,0.06,0.055,0.2,1.090908893,8.774034,48.14316,FALSE,
0.76,0.04,0.05,0.2,0.79999984,8.774034,54.081104,FALSE,
0.76,0.04,0.055,0.2,0.727272595,8.774034,54.081104,FALSE,
0.78,0.02,0.05,0.2,0.39999992,8.774034,54.081104,FALSE,
0.78,0.02,0.055,0.2,0.363636298,8.774034,54.081104,FALSE,
0.74,0.13,0.015,0.13,8.666660889,8.764722,66.52387,FALSE,
0.72,0.14,0.015,0.14,9.333327111,8.752542,59.5188,FALSE,
0.72,0.15,0.015,0.13,9.999993333,8.752542,56.577667,FALSE,
0.76,0.12,0.015,0.12,7.999994667,8.706262,68.92879,FALSE,
0.78,0.1,0.01,0.12,9.99999,8.706262,68.92879,FALSE,
0.78,0.1,0.015,0.12,6.666662222,8.706262,68.92879,FALSE,
0.78,0.11,0.015,0.11,7.333328444,8.706262,68.92879,FALSE,
0.78,0.12,0.015,0.1,7.999994667,8.706262,68.92879,FALSE,
0.76,0.13,0.015,0.11,8.666660889,8.69108,68.94157,FALSE,
0.74,0.14,0.015,0.12,9.333327111,8.6789,66.45969,FALSE,
0.74,0.15,0.015,0.11,9.999993333,8.6789,58.995346,FALSE,
0.76,0.14,0.015,0.1,9.333327111,8.6789,66.45969,FALSE,
0.8,0.1,0.03,0.1,3.333332222,8.5438595,65.5817,FALSE,
0.8,0.1,0.035,0.1,2.857142041,8.5438595,65.5817,FALSE,
0.72,0.2,0.04,0.08,4.99999875,8.155361,57.05271,FALSE,
0.72,0.2,0.045,0.08,4.444443457,8.155361,57.05271,FALSE,
0.76,0.15,0.04,0.09,3.749999063,8.155361,57.05271,FALSE,
0.78,0.14,0.04,0.08,3.499999125,8.155361,64.92554,FALSE,
0.8,0.075,0.02,0.125,3.749998125,8.102727,67.00621,FALSE,
0.82,0.11,0.02,0.07,5.49999725,8.023307,73.61636,FALSE,
0.7,0.1,0,0.2,10000000,8.020228,55.713486,FALSE,
0.7,0.1,0.005,0.2,19.99996,8.020228,55.713486,FALSE,
0.74,0.11,0,0.15,11000000,8.020228,55.713486,FALSE,
0.74,0.11,0.005,0.15,21.999956,8.020228,55.713486,FALSE,
0.8,0.08,0.02,0.12,3.999998,8.018844,70.313934,FALSE,
0.8,0.0875,0.02,0.1125,4.374997813,8.018844,70.313934,FALSE,
0.8,0.0875,0.025,0.1125,3.4999986,8.018844,70.313934,FALSE,
0.8,0.09,0.02,0.11,4.49999775,8.018844,70.313934,FALSE,
0.8,0.09,0.025,0.11,3.59999856,8.018844,70.313934,FALSE,
0.82,0.08,0.02,0.1,3.999998,8.018844,70.313934,FALSE,
0.7,0.15,0,0.15,15000000,8.016479,47.049053,FALSE,
0.7,0.15,0.005,0.15,29.99994,8.016479,47.049053,FALSE,
0.8,0.13,0.02,0.07,6.49999675,8.015848,73.58015,FALSE,
0.8,0.13,0.025,0.07,5.19999792,8.015848,73.58015,FALSE,
0.72,0.13,0,0.15,13000000,8.00505,55.842243,FALSE,
0.72,0.13,0.005,0.15,25.999948,8.00505,55.842243,FALSE,
0.82,0.12,0.02,0.06,5.999997,8.002948,72.87277,FALSE,
0.84,0.11,0.02,0.05,5.49999725,8.002948,72.87277,FALSE,
0.84,0.12,0.02,0.04,5.999997,8.002948,72.87277,FALSE,
0.74,0.11,0.01,0.15,10.999989,8.002336,59.94069,FALSE,
0.7,0.15,0.01,0.15,14.999985,7.9985857,52.49552,FALSE,
0.82,0.13,0.02,0.05,6.49999675,7.995487,72.83657,FALSE,
0.82,0.13,0.025,0.05,5.19999792,7.995487,72.83657,FALSE,
0.84,0.13,0.02,0.03,6.49999675,7.995487,72.83657,FALSE,
0.84,0.13,0.025,0.03,5.19999792,7.995487,72.83657,FALSE,
0.72,0.13,0.01,0.15,12.999987,7.987157,60.15933,FALSE,
0.8,0.1375,0.02,0.0625,6.874996563,7.983306,70.16701,FALSE,
0.8,0.1375,0.025,0.0625,5.4999978,7.983306,70.16701,FALSE,
0.8,0.14,0.02,0.06,6.9999965,7.983306,70.16701,FALSE,
0.8,0.14,0.025,0.06,5.59999776,7.983306,70.16701,FALSE,
0.8,0.15,0.02,0.05,7.49999625,7.983306,62.132393,FALSE,
0.8,0.15,0.025,0.05,5.9999976,7.983306,62.132393,FALSE,
0.8,0.2,0.02,0,9.999995,7.983306,62.132393,FALSE,
0.8,0.2,0.025,0,7.9999968,7.983306,62.132393,FALSE,
0.82,0.14,0.02,0.04,6.9999965,7.983306,70.16701,FALSE,
0.82,0.14,0.025,0.04,5.59999776,7.983306,70.16701,FALSE,
0.82,0.15,0.02,0.03,7.49999625,7.983306,62.132393,FALSE,
0.82,0.15,0.025,0.03,5.9999976,7.983306,62.132393,FALSE,
0.84,0.14,0.02,0.02,6.9999965,7.983306,70.16701,FALSE,
0.84,0.14,0.025,0.02,5.59999776,7.983306,70.16701,FALSE,
0.84,0.15,0.02,0.01,7.49999625,7.983306,62.132393,FALSE,
0.84,0.15,0.025,0.01,5.9999976,7.983306,62.132393,FALSE,
0.74,0.12,0,0.14,12000000,7.939093,55.74339,FALSE,
0.74,0.12,0.005,0.14,23.999952,7.939093,55.74339,FALSE,
0.76,0.1,0,0.14,10000000,7.939093,55.74339,FALSE,
0.76,0.1,0.005,0.14,19.99996,7.939093,55.74339,FALSE,
0.76,0.11,0,0.13,11000000,7.939093,60.58404,FALSE,
0.76,0.11,0.005,0.13,21.999956,7.939093,60.58404,FALSE,
0.74,0.12,0.01,0.14,11.999988,7.937902,59.975826,FALSE,
0.76,0.11,0.01,0.13,10.999989,7.937902,64.64383,FALSE,
0.72,0.14,0,0.14,14000000,7.9353423,54.25366,FALSE,
0.72,0.14,0.005,0.14,27.999944,7.9353423,54.25366,FALSE,
0.72,0.15,0,0.13,15000000,7.9353423,50.138042,FALSE,
0.72,0.15,0.005,0.13,29.99994,7.9353423,50.138042,FALSE,
0.72,0.14,0.01,0.14,13.999986,7.934151,58.73896,FALSE,
0.72,0.15,0.01,0.13,14.999985,7.934151,55.4171,FALSE,
0.8,0.07,0.02,0.13,3.49999825,7.924958,65.57597,FALSE,
0.74,0.13,0,0.13,13000000,7.9239135,60.760704,FALSE,
0.74,0.13,0.005,0.13,25.999948,7.9239135,60.760704,FALSE,
0.74,0.13,0.01,0.13,12.999987,7.9227223,64.910355,FALSE,
0.8,0.11,0.025,0.09,4.39999824,7.854801,71.332146,FALSE,
0.8,0.1125,0.025,0.0875,4.4999982,7.854801,71.332146,FALSE,
0.8,0.12,0.025,0.08,4.79999808,7.854801,71.332146,FALSE,
0.82,0.1,0.02,0.08,4.9999975,7.854801,71.332146,FALSE,
0.82,0.1,0.025,0.08,3.9999984,7.854801,71.332146,FALSE,
0.8,0.125,0.025,0.075,4.999998,7.8473406,71.57115,FALSE,
0.82,0.07,0.02,0.11,3.49999825,7.8410726,68.88371,FALSE,
0.76,0.12,0,0.12,12000000,7.8403344,64.225784,FALSE,
0.76,0.12,0.005,0.12,23.999952,7.8403344,64.225784,FALSE,
0.78,0.1,0,0.12,10000000,7.8403344,64.225784,FALSE,
0.78,0.1,0.005,0.12,19.99996,7.8403344,64.225784,FALSE,
0.78,0.11,0,0.11,11000000,7.8403344,64.225784,FALSE,
0.78,0.11,0.005,0.11,21.999956,7.8403344,64.225784,FALSE,
0.78,0.12,0,0.1,12000000,7.8403344,64.225784,FALSE,
0.78,0.12,0.005,0.1,23.999952,7.8403344,64.225784,FALSE,
0.76,0.12,0.01,0.12,11.999988,7.839144,67.18782,FALSE,
0.78,0.11,0.01,0.11,10.999989,7.839144,67.18782,FALSE,
0.78,0.12,0.01,0.1,11.999988,7.839144,67.18782,FALSE,
0.7,0.2,0,0.1,20000000,7.8365827,52.948574,FALSE,
0.7,0.2,0.005,0.1,39.99992,7.8365827,52.948574,FALSE,
0.74,0.14,0,0.12,14000000,7.8365827,61.08062,FALSE,
0.74,0.14,0.005,0.12,27.999944,7.8365827,61.08062,FALSE,
0.74,0.15,0,0.11,15000000,7.8365827,52.948574,FALSE,
0.74,0.15,0.005,0.11,29.99994,7.8365827,52.948574,FALSE,
0.76,0.14,0,0.1,14000000,7.8365827,61.08062,FALSE,
0.76,0.14,0.005,0.1,27.999944,7.8365827,61.08062,FALSE,
0.8,0.2,0.03,0,6.666664444,7.8365393,58.46923,FALSE,
0.8,0.2,0.035,0,5.714284082,7.8365393,58.46923,FALSE,
0.7,0.2,0.01,0.1,19.99998,7.8353915,57.834785,FALSE,
0.7,0.2,0.015,0.1,13.33332444,7.8353915,57.834785,FALSE,
0.74,0.14,0.01,0.12,13.999986,7.8353915,65.00043,FALSE,
0.74,0.15,0.01,0.11,14.999985,7.8353915,57.834785,FALSE,
0.76,0.14,0.01,0.1,13.999986,7.8353915,65.00043,FALSE,
0.76,0.13,0,0.11,13000000,7.825154,63.571224,FALSE,
0.76,0.13,0.005,0.11,25.999948,7.825154,63.571224,FALSE,
0.76,0.13,0.01,0.11,12.999987,7.8239627,67.32805,FALSE,
0.86,0.13,0.02,0.01,6.49999675,7.819105,77.124146,FALSE,
0.86,0.13,0.025,0.01,5.19999792,7.819105,77.124146,FALSE,
0.86,0.14,0.02,0,6.9999965,7.806924,74.32303,FALSE,
0.86,0.14,0.025,0,5.59999776,7.806924,74.32303,FALSE,
0.86,0.11,0.02,0.03,5.49999725,7.8043604,76.93844,FALSE,
0.86,0.12,0.02,0.02,5.999997,7.8043604,76.93844,FALSE,
0.88,0.11,0.02,0.01,5.49999725,7.8043604,76.93844,FALSE,
0.88,0.12,0.02,0,5.999997,7.8043604,76.93844,FALSE,
0.78,0.13,0.015,0.09,8.666660889,7.7876825,69.262794,FALSE,
0.76,0.15,0.015,0.09,9.999993333,7.775502,58.903732,FALSE,
0.78,0.14,0.015,0.08,9.333327111,7.775502,66.78092,FALSE,
0.78,0.15,0.03,0.07,4.999998333,7.754608,60.03248,FALSE,
0.78,0.15,0.035,0.07,4.285713061,7.754608,60.03248,FALSE,
0.72,0.08,0.01,0.2,7.999992,7.733739,60.432728,FALSE,
0.72,0.08,0.015,0.2,5.333329778,7.733739,60.432728,FALSE,
0.76,0.09,0.01,0.15,8.999991,7.733739,60.432728,FALSE,
0.76,0.09,0.015,0.15,5.999996,7.733739,60.432728,FALSE,
0.78,0.08,0.01,0.14,7.999992,7.6693077,60.46787,FALSE,
0.78,0.08,0.015,0.14,5.333329778,7.6693077,60.46787,FALSE,
0.78,0.09,0.01,0.13,8.999991,7.6693077,65.815285,FALSE,
0.78,0.09,0.015,0.13,5.999996,7.6693077,65.815285,FALSE,
0.78,0.13,0.04,0.09,3.249999188,7.6289964,68.10135,FALSE,
0.78,0.13,0.045,0.09,2.888888247,7.6289964,68.10135,FALSE,
0.8,0.125,0.03,0.075,4.166665278,7.628299,67.46488,FALSE,
0.8,0.125,0.035,0.075,3.571427551,7.628299,67.46488,FALSE,
0.76,0.15,0.045,0.09,3.333332593,7.616816,57.656662,FALSE,
0.78,0.14,0.045,0.08,3.11111042,7.616816,65.700096,FALSE,
0.8,0.11,0.03,0.09,3.666665444,7.6135545,65.95552,FALSE,
0.8,0.1125,0.03,0.0875,3.74999875,7.6135545,65.95552,FALSE,
0.8,0.12,0.03,0.08,3.999998667,7.6135545,65.95552,FALSE,
0.8,0.12,0.035,0.08,3.428570449,7.6135545,65.95552,FALSE,
0.78,0.07,0.01,0.15,6.999993,7.5542455,58.87701,FALSE,
0.74,0.06,0.01,0.2,5.999994,7.521541,58.80259,FALSE,
0.76,0.04,0.005,0.2,7.999984,7.482612,57.047276,FALSE,
0.76,0.04,0.015,0.2,2.666664889,7.4229746,62.40951,FALSE,
0.8,0.1,0.01,0.1,9.99999,7.336237,68.52977,FALSE,
0.8,0.1,0.015,0.1,6.666662222,7.336237,68.52977,FALSE,
0.72,0.2,0,0.08,20000000,7.3112645,52.85696,FALSE,
0.72,0.2,0.005,0.08,39.99992,7.3112645,52.85696,FALSE,
0.76,0.15,0,0.09,15000000,7.3112645,52.85696,FALSE,
0.76,0.15,0.005,0.09,29.99994,7.3112645,52.85696,FALSE,
0.78,0.14,0,0.08,14000000,7.3112645,61.376564,FALSE,
0.78,0.14,0.005,0.08,27.999944,7.3112645,61.376564,FALSE,
0.72,0.2,0.01,0.08,19.99998,7.3100743,57.74317,FALSE,
0.72,0.2,0.015,0.08,13.33332444,7.3100743,57.74317,FALSE,
0.76,0.15,0.01,0.09,14.999985,7.3100743,57.74317,FALSE,
0.78,0.14,0.01,0.08,13.999986,7.3100743,65.34996,FALSE,
0.78,0.13,0,0.09,13000000,7.2998357,63.86717,FALSE,
0.78,0.13,0.005,0.09,25.999948,7.2998357,63.86717,FALSE,
0.78,0.13,0.01,0.09,12.999987,7.2986455,67.67757,FALSE,
0.78,0.07,0.015,0.15,4.666663556,7.2265177,58.147003,FALSE,
0.74,0.06,0.015,0.2,3.999997333,7.1938133,58.09572,FALSE,
0.76,0.04,0.01,0.2,3.999996,7.1938133,62.308037,FALSE,
0.8,0.075,0.025,0.125,2.9999988,7.1718435,66.77538,FALSE,
0.78,0.02,0.005,0.2,3.999992,7.1548843,56.39429,FALSE,
0.8,0.08,0.03,0.12,2.666665778,7.1168823,65.96901,FALSE,
0.8,0.0875,0.03,0.1125,2.916665694,7.1168823,65.96901,FALSE,
0.8,0.09,0.03,0.11,2.999999,7.1168823,65.96901,FALSE,
0.8,0.09,0.035,0.11,2.571427837,7.1168823,65.96901,FALSE,
0.82,0.08,0.03,0.1,2.666665778,7.1168823,65.96901,FALSE,
0.8,0.08,0.025,0.12,3.19999872,7.087957,70.08311,FALSE,
0.82,0.08,0.025,0.1,3.19999872,7.087957,70.08311,FALSE,
0.72,0.08,0.035,0.2,2.285713633,7.0386367,51.421825,FALSE,
0.78,0.08,0.035,0.14,2.285713633,6.9576283,51.485073,FALSE,
0.8,0.07,0.025,0.13,2.79999888,6.9512105,65.36295,FALSE,
0.8,0.11,0.035,0.09,3.142856245,6.948646,66.32234,FALSE,
0.8,0.1125,0.035,0.0875,3.214284796,6.948646,66.32234,FALSE,
0.82,0.1,0.03,0.08,3.333332222,6.948646,66.32234,FALSE,
0.82,0.1,0.035,0.08,2.857142041,6.948646,66.32234,FALSE,
0.78,0.07,0.03,0.15,2.333332556,6.9009585,49.71022,FALSE,
0.82,0.07,0.025,0.11,2.79999888,6.867324,68.67068,FALSE,
0.72,0.08,0,0.2,8000000,6.865866,54.67313,FALSE,
0.72,0.08,0.005,0.2,15.999968,6.865866,54.67313,FALSE,
0.76,0.09,0,0.15,9000000,6.865866,54.67313,FALSE,
0.76,0.09,0.005,0.15,17.999964,6.865866,54.67313,FALSE,
0.8,0.2,0.05,0,3.9999992,6.847013,53.507732,FALSE,
0.8,0.2,0.055,0,3.636362975,6.847013,53.507732,FALSE,
0.74,0.06,0.025,0.2,2.39999904,6.826492,50.39754,FALSE,
0.78,0.08,0,0.14,8000000,6.7847323,54.703037,FALSE,
0.78,0.08,0.005,0.14,15.999968,6.7847323,54.703037,FALSE,
0.78,0.09,0,0.13,9000000,6.7847323,59.543697,FALSE,
0.78,0.09,0.005,0.13,17.999964,6.7847323,59.543697,FALSE,
0.74,0.06,0,0.2,6000000,6.7702756,52.25034,FALSE,
0.74,0.06,0.005,0.2,11.999976,6.7702756,52.25034,FALSE,
0.76,0.04,0,0.2,4000000,6.7702756,56.40109,FALSE,
0.78,0.02,0,0.2,2000000,6.7702756,56.40109,FALSE,
0.78,0.07,0,0.15,7000000,6.7702756,52.320942,FALSE,
0.78,0.07,0.005,0.15,13.999972,6.7702756,52.320942,FALSE,
0.8,0.06,0.02,0.14,2.9999985,6.7666326,60.49755,FALSE,
0.8,0.0625,0.02,0.1375,3.124998438,6.7666326,60.49755,FALSE,
0.74,0.2,0.04,0.06,4.99999875,6.7623897,56.608604,FALSE,
0.74,0.2,0.045,0.06,4.444443457,6.7623897,56.608604,FALSE,
0.76,0.2,0.04,0.04,4.99999875,6.7623897,56.608604,FALSE,
0.76,0.2,0.045,0.04,4.444443457,6.7623897,56.608604,FALSE,
0.78,0.15,0.04,0.07,3.749999063,6.7623897,57.332657,FALSE,
0.78,0.2,0.04,0.02,4.99999875,6.7623897,56.608604,FALSE,
0.78,0.2,0.045,0.02,4.444443457,6.7623897,56.608604,FALSE,
0.86,0.13,0.05,0.01,2.59999948,6.7108207,71.69077,FALSE,
0.86,0.14,0.05,0,2.79999944,6.6872106,69.365654,FALSE,
0.86,0.14,0.055,0,2.545454083,6.6872106,69.365654,FALSE,
0.82,0.06,0.02,0.12,2.9999985,6.682746,68.52748,FALSE,
0.84,0.06,0.02,0.1,2.9999985,6.682746,68.52748,FALSE,
0.8,0.13,0.05,0.07,2.59999948,6.6648264,63.70625,FALSE,
0.82,0.13,0.05,0.05,2.59999948,6.6648264,63.0808,FALSE,
0.84,0.13,0.05,0.03,2.59999948,6.6648264,63.0808,FALSE,
0.8,0.1375,0.05,0.0625,2.74999945,6.641217,61.631897,FALSE,
0.8,0.14,0.05,0.06,2.79999944,6.641217,61.631897,FALSE,
0.8,0.14,0.055,0.06,2.545454083,6.641217,61.631897,FALSE,
0.8,0.15,0.05,0.05,2.9999994,6.641217,53.78697,FALSE,
0.8,0.15,0.055,0.05,2.727272231,6.641217,53.78697,FALSE,
0.82,0.14,0.05,0.04,2.79999944,6.641217,61.631897,FALSE,
0.82,0.14,0.055,0.04,2.545454083,6.641217,61.631897,FALSE,
0.82,0.15,0.05,0.03,2.9999994,6.641217,53.78697,FALSE,
0.82,0.15,0.055,0.03,2.727272231,6.641217,53.78697,FALSE,
0.84,0.14,0.05,0.02,2.79999944,6.641217,61.631897,FALSE,
0.84,0.14,0.055,0.02,2.545454083,6.641217,61.631897,FALSE,
0.84,0.15,0.05,0.01,2.9999994,6.641217,53.78697,FALSE,
0.84,0.15,0.055,0.01,2.727272231,6.641217,53.78697,FALSE,
0.8,0.11,0.015,0.09,7.333328444,6.586241,68.871155,FALSE,
0.8,0.1125,0.015,0.0875,7.499995,6.586241,68.871155,FALSE,
0.8,0.12,0.015,0.08,7.999994667,6.586241,68.871155,FALSE,
0.82,0.1,0.01,0.08,9.99999,6.586241,68.871155,FALSE,
0.82,0.1,0.015,0.08,6.666662222,6.586241,68.871155,FALSE,
0.8,0.125,0.015,0.075,8.333327778,6.549638,68.933876,FALSE,
0.82,0.11,0.025,0.07,4.39999824,6.514294,71.69483,FALSE,
0.78,0.15,0.015,0.07,9.999993333,6.5106535,59.13542,FALSE,
0.82,0.12,0.025,0.06,4.79999808,6.493934,70.951256,FALSE,
0.84,0.1,0.02,0.06,4.9999975,6.493934,70.951256,FALSE,
0.84,0.1,0.025,0.06,3.9999984,6.493934,70.951256,FALSE,
0.84,0.11,0.025,0.05,4.39999824,6.493934,70.951256,FALSE,
0.84,0.12,0.025,0.04,4.79999808,6.493934,70.951256,FALSE,
0.86,0.13,0.03,0.01,4.333331889,6.467151,75.12582,FALSE,
0.86,0.13,0.035,0.01,3.714284653,6.467151,75.12582,FALSE,
0.86,0.14,0.03,0,4.666665111,6.4549704,72.600105,FALSE,
0.86,0.14,0.035,0,3.999998857,6.4549704,72.600105,FALSE,
0.86,0.11,0.03,0.03,3.666665444,6.4524064,73.98003,FALSE,
0.86,0.12,0.03,0.02,3.999998667,6.4524064,73.98003,FALSE,
0.86,0.12,0.035,0.02,3.428570449,6.4524064,73.98003,FALSE,
0.88,0.11,0.03,0.01,3.666665444,6.4524064,73.98003,FALSE,
0.88,0.12,0.03,0,3.999998667,6.4524064,73.98003,FALSE,
0.88,0.12,0.035,0,3.428570449,6.4524064,73.98003,FALSE,
0.7,0.1,0.04,0.2,2.499999375,6.438262,50.977234,FALSE,
0.7,0.1,0.045,0.2,2.222221728,6.438262,50.977234,FALSE,
0.74,0.11,0.045,0.15,2.444443901,6.438262,50.977234,FALSE,
0.82,0.09,0.02,0.09,4.49999775,6.3991423,70.81922,FALSE,
0.82,0.09,0.025,0.09,3.59999856,6.3991423,70.81922,FALSE,
0.84,0.08,0.02,0.08,3.999998,6.3991423,70.81922,FALSE,
0.76,0.1,0.04,0.14,2.499999375,6.3572536,51.040474,FALSE,
0.76,0.1,0.045,0.14,2.222221728,6.3572536,51.040474,FALSE,
0.76,0.11,0.045,0.13,2.444443901,6.3572536,55.20485,FALSE,
0.8,0.08,0.01,0.12,7.999992,6.3300877,67.94559,FALSE,
0.8,0.08,0.015,0.12,5.333329778,6.3300877,67.94559,FALSE,
0.8,0.0875,0.01,0.1125,8.74999125,6.3300877,67.94559,FALSE,
0.8,0.0875,0.015,0.1125,5.833329444,6.3300877,67.94559,FALSE,
0.8,0.09,0.01,0.11,8.999991,6.3300877,67.94559,FALSE,
0.8,0.09,0.015,0.11,5.999996,6.3300877,67.94559,FALSE,
0.82,0.08,0.01,0.1,7.999992,6.3300877,67.94559,FALSE,
0.82,0.08,0.015,0.1,5.333329778,6.3300877,67.94559,FALSE,
0.86,0.1,0.02,0.04,4.9999975,6.328695,76.51032,FALSE,
0.86,0.1,0.025,0.04,3.9999984,6.328695,76.51032,FALSE,
0.86,0.11,0.025,0.03,4.39999824,6.328695,76.51032,FALSE,
0.86,0.12,0.025,0.02,4.79999808,6.328695,76.51032,FALSE,
0.88,0.1,0.02,0.02,4.9999975,6.328695,76.51032,FALSE,
0.88,0.1,0.025,0.02,3.9999984,6.328695,76.51032,FALSE,
0.88,0.11,0.025,0.01,4.39999824,6.328695,76.51032,FALSE,
0.88,0.12,0.025,0,4.79999808,6.328695,76.51032,FALSE,
0.78,0.15,0,0.07,15000000,6.313998,53.088642,FALSE,
0.78,0.15,0.005,0.07,29.99994,6.313998,53.088642,FALSE,
0.78,0.15,0.01,0.07,14.999985,6.30181,57.97486,FALSE,
0.8,0.075,0.01,0.125,7.4999925,6.299285,65.51695,FALSE,
0.74,0.2,0,0.06,20000000,6.293638,51.789898,FALSE,
0.74,0.2,0.005,0.06,39.99992,6.293638,51.789898,FALSE,
0.76,0.2,0,0.04,20000000,6.293638,51.789898,FALSE,
0.76,0.2,0.005,0.04,39.99992,6.293638,51.789898,FALSE,
0.78,0.2,0,0.02,20000000,6.293638,51.789898,FALSE,
0.78,0.2,0.005,0.02,39.99992,6.293638,51.789898,FALSE,
0.8,0.13,0.03,0.07,4.333331889,6.287792,67.744835,FALSE,
0.8,0.13,0.035,0.07,3.714284653,6.287792,67.744835,FALSE,
0.74,0.2,0.01,0.06,19.99998,6.28145,57.331818,FALSE,
0.74,0.2,0.015,0.06,13.33332444,6.28145,57.331818,FALSE,
0.76,0.2,0.01,0.04,19.99998,6.28145,57.331818,FALSE,
0.76,0.2,0.015,0.04,13.33332444,6.28145,57.331818,FALSE,
0.78,0.2,0.01,0.02,19.99998,6.28145,57.331818,FALSE,
0.78,0.2,0.015,0.02,13.33332444,6.28145,57.331818,FALSE,
0.8,0.1,0.05,0.1,1.9999996,6.2804003,54.946167,FALSE,
0.8,0.1,0.055,0.1,1.818181488,6.2804003,54.946167,FALSE,
0.82,0.11,0.03,0.07,3.666665444,6.2730474,66.23546,FALSE,
0.78,0.1,0.04,0.12,2.499999375,6.2676816,57.99276,FALSE,
0.78,0.1,0.045,0.12,2.222221728,6.2676816,57.99276,FALSE,
0.78,0.11,0.045,0.11,2.444443901,6.2676816,57.99276,FALSE,
0.82,0.13,0.03,0.05,4.333331889,6.267432,67.00124,FALSE,
0.82,0.13,0.035,0.05,3.714284653,6.267432,67.00124,FALSE,
0.84,0.13,0.03,0.03,4.333331889,6.267432,67.00124,FALSE,
0.84,0.13,0.035,0.03,3.714284653,6.267432,67.00124,FALSE,
0.8,0.1375,0.03,0.0625,4.583331806,6.2552514,64.63759,FALSE,
0.8,0.1375,0.035,0.0625,3.928570306,6.2552514,64.63759,FALSE,
0.8,0.14,0.03,0.06,4.666665111,6.2552514,64.63759,FALSE,
0.8,0.14,0.035,0.06,3.999998857,6.2552514,64.63759,FALSE,
0.8,0.15,0.03,0.05,4.999998333,6.2552514,56.996964,FALSE,
0.8,0.15,0.035,0.05,4.285713061,6.2552514,56.996964,FALSE,
0.82,0.14,0.03,0.04,4.666665111,6.2552514,64.63759,FALSE,
0.82,0.14,0.035,0.04,3.999998857,6.2552514,64.63759,FALSE,
0.82,0.15,0.03,0.03,4.999998333,6.2552514,56.996964,FALSE,
0.82,0.15,0.035,0.03,4.285713061,6.2552514,56.996964,FALSE,
0.84,0.14,0.03,0.02,4.666665111,6.2552514,64.63759,FALSE,
0.84,0.14,0.035,0.02,3.999998857,6.2552514,64.63759,FALSE,
0.84,0.15,0.03,0.01,4.999998333,6.2552514,56.996964,FALSE,
0.84,0.15,0.035,0.01,4.285713061,6.2552514,56.996964,FALSE,
0.82,0.12,0.03,0.06,3.999998667,6.2526875,65.49188,FALSE,
0.82,0.12,0.035,0.06,3.428570449,6.2526875,65.49188,FALSE,
0.84,0.11,0.03,0.05,3.666665444,6.2526875,65.49188,FALSE,
0.84,0.12,0.03,0.04,3.999998667,6.2526875,65.49188,FALSE,
0.84,0.12,0.035,0.04,3.428570449,6.2526875,65.49188,FALSE,
0.8,0.05,0.005,0.15,9.99998,6.2306304,52.746883,FALSE,
0.82,0.03,0.005,0.15,5.999988,6.2306304,56.89764,FALSE,
0.84,0.07,0.02,0.09,3.49999825,6.221374,69.557,FALSE,
0.78,0.15,0.045,0.07,3.333332593,6.217293,57.855965,FALSE,
0.8,0.125,0.05,0.075,2.4999995,6.212708,56.96636,FALSE,
0.8,0.125,0.055,0.075,2.27272686,6.212708,56.96636,FALSE,
0.78,0.07,0.035,0.15,1.999999429,6.2031503,48.26229,FALSE,
0.8,0.1,0,0.1,10000000,6.1551113,64.044815,FALSE,
0.8,0.1,0.005,0.1,19.99996,6.1551113,64.044815,FALSE,
0.74,0.06,0.03,0.2,1.999999333,6.1525807,48.18487,FALSE,
0.74,0.06,0.035,0.2,1.714285224,6.1525807,48.18487,FALSE,
0.76,0.04,0.03,0.2,1.333332889,6.1525807,54.122807,FALSE,
0.76,0.04,0.035,0.2,1.142856816,6.1525807,54.122807,FALSE,
0.78,0.02,0.03,0.2,0.666666444,6.1525807,54.122807,FALSE,
0.78,0.02,0.035,0.2,0.571428408,6.1525807,54.122807,FALSE,
0.82,0.07,0.01,0.11,6.999993,6.137714,66.46241,FALSE,
0.76,0.04,0.02,0.2,1.999999,6.128684,54.928104,FALSE,
0.76,0.04,0.025,0.2,1.59999936,6.128684,54.928104,FALSE,
0.78,0.02,0.02,0.2,0.9999995,6.128684,54.928104,FALSE,
0.78,0.02,0.025,0.2,0.79999968,6.128684,54.928104,FALSE,
0.8,0.07,0.01,0.13,6.999993,6.106912,64.033775,FALSE,
0.82,0.06,0.01,0.12,5.999994,6.1050096,67.00381,FALSE,
0.84,0.06,0.01,0.1,5.999994,6.1050096,67.00381,FALSE,
0.8,0.06,0.01,0.14,5.999994,6.074208,58.611954,FALSE,
0.8,0.0625,0.01,0.1375,6.24999375,6.074208,58.611954,FALSE,
0.84,0.04,0.005,0.12,7.999984,6.049378,67.7494,FALSE,
0.84,0.05,0.005,0.11,9.99998,6.049378,62.427227,FALSE,
0.82,0.04,0.005,0.14,7.999984,6.018575,56.9497,FALSE,
0.82,0.05,0.005,0.13,9.99998,6.018575,58.319,FALSE,
0.84,0.03,0.005,0.13,5.999988,6.018575,62.40677,FALSE,
0.78,0.02,0.01,0.2,1.999998,5.880915,53.49262,FALSE,
0.78,0.02,0.015,0.2,1.333332444,5.880915,53.49262,FALSE,
0.9,0.1,0.02,0,4.9999975,5.878878,78.6375,FALSE,
0.9,0.1,0.025,0,3.9999984,5.878878,78.6375,FALSE,
0.86,0.03,0.005,0.11,5.999988,5.857364,74.54871,FALSE,
0.86,0.04,0.005,0.1,7.999984,5.857364,74.54871,FALSE,
0.86,0.1,0.03,0.04,3.333332222,5.8320913,75.1342,FALSE,
0.86,0.1,0.035,0.04,2.857142041,5.8320913,75.1342,FALSE,
0.86,0.11,0.035,0.03,3.142856245,5.8320913,75.1342,FALSE,
0.88,0.1,0.03,0.02,3.333332222,5.8320913,75.1342,FALSE,
0.88,0.1,0.035,0.02,2.857142041,5.8320913,75.1342,FALSE,
0.88,0.11,0.035,0.01,3.142856245,5.8320913,75.1342,FALSE,
0.8,0.11,0,0.09,11000000,5.7831955,64.3609,FALSE,
0.8,0.11,0.005,0.09,21.999956,5.7831955,64.3609,FALSE,
0.8,0.1125,0,0.0875,11250000,5.7831955,64.3609,FALSE,
0.8,0.1125,0.005,0.0875,22.499955,5.7831955,64.3609,FALSE,
0.8,0.12,0,0.08,12000000,5.7831955,64.3609,FALSE,
0.8,0.12,0.005,0.08,23.999952,5.7831955,64.3609,FALSE,
0.82,0.1,0,0.08,10000000,5.7831955,64.3609,FALSE,
0.82,0.1,0.005,0.08,19.99996,5.7831955,64.3609,FALSE,
0.8,0.11,0.01,0.09,10.999989,5.7820044,67.12714,FALSE,
0.8,0.1125,0.01,0.0875,11.24998875,5.7820044,67.12714,FALSE,
0.8,0.12,0.01,0.08,11.999988,5.7820044,67.12714,FALSE,
0.8,0.125,0,0.075,12500000,5.7465925,63.75629,FALSE,
0.8,0.125,0.005,0.075,24.99995,5.7465925,63.75629,FALSE,
0.8,0.125,0.01,0.075,12.4999875,5.7454023,67.31729,FALSE,
0.76,0.09,0.04,0.15,2.249999438,5.7400675,51.058758,FALSE,
0.8,0.11,0.05,0.09,2.19999956,5.692305,55.63338,FALSE,
0.8,0.1125,0.05,0.0875,2.24999955,5.692305,55.63338,FALSE,
0.8,0.1125,0.055,0.0875,2.045454174,5.692305,55.63338,FALSE,
0.8,0.12,0.05,0.08,2.39999952,5.692305,55.63338,FALSE,
0.8,0.12,0.055,0.08,2.181817785,5.692305,55.63338,FALSE,
0.78,0.09,0.04,0.13,2.249999438,5.659059,55.28638,FALSE,
0.8,0.08,0.05,0.12,1.59999968,5.6181717,55.13654,FALSE,
0.8,0.08,0.055,0.12,1.45454519,5.6181717,55.13654,FALSE,
0.8,0.0875,0.05,0.1125,1.74999965,5.6181717,55.13654,FALSE,
0.8,0.0875,0.055,0.1125,1.590908802,5.6181717,55.13654,FALSE,
0.8,0.09,0.05,0.11,1.79999964,5.6181717,55.13654,FALSE,
0.8,0.09,0.055,0.11,1.636363339,5.6181717,55.13654,FALSE,
0.82,0.08,0.05,0.1,1.59999968,5.6181717,55.13654,FALSE,
0.82,0.08,0.055,0.1,1.45454519,5.6181717,55.13654,FALSE,
0.8,0.125,0.04,0.075,3.124999219,5.614475,64.02712,FALSE,
0.8,0.125,0.045,0.075,2.77777716,5.614475,64.02712,FALSE,
0.82,0.11,0.035,0.07,3.142856245,5.601587,66.49431,FALSE,
0.8,0.075,0.015,0.125,4.999996667,5.597579,63.544384,FALSE,
0.8,0.11,0.055,0.09,1.999999636,5.5850244,55.54398,FALSE,
0.82,0.1,0.05,0.08,1.9999996,5.5850244,55.54398,FALSE,
0.82,0.1,0.055,0.08,1.818181488,5.5850244,55.54398,FALSE,
0.84,0.1,0.03,0.06,3.333332222,5.581227,65.75073,FALSE,
0.84,0.1,0.035,0.06,2.857142041,5.581227,65.75073,FALSE,
0.84,0.11,0.035,0.05,3.142856245,5.581227,65.75073,FALSE,
0.8,0.11,0.04,0.09,2.749999313,5.5768685,62.32489,FALSE,
0.8,0.1125,0.04,0.0875,2.812499297,5.5768685,62.32489,FALSE,
0.8,0.12,0.04,0.08,2.99999925,5.5768685,62.32489,FALSE,
0.8,0.12,0.045,0.08,2.666666074,5.5768685,62.32489,FALSE,
0.8,0.075,0.05,0.125,1.4999997,5.5755897,52.567036,FALSE,
0.8,0.075,0.055,0.125,1.363636116,5.5755897,52.567036,FALSE,
0.8,0.05,0.01,0.15,4.999995,5.567853,57.047043,FALSE,
0.82,0.11,0.015,0.07,7.333328444,5.5535517,69.26071,FALSE,
0.82,0.12,0.015,0.06,7.999994667,5.5331917,68.51712,FALSE,
0.84,0.1,0.01,0.06,9.99999,5.5331917,68.51712,FALSE,
0.84,0.1,0.015,0.06,6.666662222,5.5331917,68.51712,FALSE,
0.84,0.11,0.015,0.05,7.333328444,5.5331917,68.51712,FALSE,
0.84,0.12,0.015,0.04,7.999994667,5.5331917,68.51712,FALSE,
0.82,0.09,0.03,0.09,2.999999,5.521667,66.70964,FALSE,
0.82,0.09,0.035,0.09,2.571427837,5.521667,66.70964,FALSE,
0.84,0.08,0.03,0.08,2.666665778,5.521667,66.70964,FALSE,
0.8,0.13,0.015,0.07,8.666660889,5.5169497,69.32343,FALSE,
0.82,0.09,0.01,0.09,8.999991,5.5084677,68.28698,FALSE,
0.82,0.09,0.015,0.09,5.999996,5.5084677,68.28698,FALSE,
0.84,0.08,0.01,0.08,7.999992,5.5084677,68.28698,FALSE,
0.84,0.08,0.015,0.08,5.333329778,5.5084677,68.28698,FALSE,
0.82,0.13,0.015,0.05,8.666660889,5.4965897,68.57986,FALSE,
0.84,0.13,0.015,0.03,8.666660889,5.4965897,68.57986,FALSE,
0.8,0.13,0.055,0.07,2.363635934,5.489973,57.772648,FALSE,
0.82,0.13,0.055,0.05,2.363635934,5.489973,56.133488,FALSE,
0.84,0.13,0.055,0.03,2.363635934,5.489973,56.133488,FALSE,
0.86,0.13,0.055,0.01,2.363635934,5.4863334,67.38143,FALSE,
0.8,0.1375,0.015,0.0625,9.166660556,5.4844084,66.21947,FALSE,
0.8,0.14,0.015,0.06,9.333327111,5.4844084,66.21947,FALSE,
0.8,0.15,0.015,0.05,9.999993333,5.4844084,58.184853,FALSE,
0.82,0.14,0.015,0.04,9.333327111,5.4844084,66.21947,FALSE,
0.82,0.15,0.015,0.03,9.999993333,5.4844084,58.184853,FALSE,
0.84,0.14,0.015,0.02,9.333327111,5.4844084,66.21947,FALSE,
0.84,0.15,0.015,0.01,9.999993333,5.4844084,58.184853,FALSE,
0.8,0.1375,0.055,0.0625,2.499999545,5.479314,54.71888,FALSE,
0.8,0,0.05,0.2,0,5.475975,52.93346,FALSE,
0.8,0,0.055,0.2,0,5.475975,52.93346,FALSE,
0.8,0.05,0.05,0.15,0.9999998,5.475975,46.995525,FALSE,
0.8,0.05,0.055,0.15,0.909090744,5.475975,46.995525,FALSE,
0.82,0.03,0.05,0.15,0.59999988,5.475975,52.93346,FALSE,
0.82,0.03,0.055,0.15,0.545454446,5.475975,52.93346,FALSE,
0.84,0.01,0.05,0.15,0.19999996,5.475975,52.93346,FALSE,
0.84,0.01,0.055,0.15,0.181818149,5.475975,52.93346,FALSE,
0.84,0.08,0.025,0.08,3.19999872,5.4682584,70.560646,FALSE,
0.86,0.02,0.05,0.12,0.39999992,5.462371,72.496544,FALSE,
0.86,0.02,0.055,0.12,0.363636298,5.462371,72.496544,FALSE,
0.86,0.03,0.05,0.11,0.59999988,5.462371,72.496544,FALSE,
0.86,0.03,0.055,0.11,0.545454446,5.462371,72.496544,FALSE,
0.86,0.04,0.05,0.1,0.79999984,5.462371,72.496544,FALSE,
0.86,0.04,0.055,0.1,0.727272595,5.462371,72.496544,FALSE,
0.88,0,0.05,0.12,0,5.462371,72.496544,FALSE,
0.88,0,0.055,0.12,0,5.462371,72.496544,FALSE,
0.88,0.01,0.05,0.11,0.19999996,5.462371,72.496544,FALSE,
0.88,0.01,0.055,0.11,0.181818149,5.462371,72.496544,FALSE,
0.88,0.02,0.05,0.1,0.39999992,5.462371,72.496544,FALSE,
0.88,0.02,0.055,0.1,0.363636298,5.462371,72.496544,FALSE,
0.82,0.07,0.05,0.11,1.39999972,5.424999,53.336952,FALSE,
0.82,0.07,0.055,0.11,1.272727041,5.424999,53.336952,FALSE,
0.86,0,0.05,0.14,0,5.419789,64.47163,FALSE,
0.86,0,0.055,0.14,0,5.419789,64.47163,FALSE,
0.86,0.01,0.05,0.13,0.19999996,5.419789,68.63525,FALSE,
0.86,0.01,0.055,0.13,0.181818149,5.419789,68.63525,FALSE,
0.86,0.14,0.04,0,3.499999125,5.415588,69.173935,FALSE,
0.8,0.07,0.015,0.13,4.666663556,5.4052057,62.071663,FALSE,
0.8,0.07,0.05,0.13,1.39999972,5.382417,50.76745,FALSE,
0.8,0.07,0.055,0.13,1.272727041,5.382417,50.76745,FALSE,
0.8,0.05,0.015,0.15,3.333331111,5.3775945,57.027798,FALSE,
0.82,0.03,0.01,0.15,2.999997,5.3775945,61.23099,FALSE,
0.82,0.06,0.05,0.12,1.19999976,5.3744297,54.713108,FALSE,
0.82,0.06,0.055,0.12,1.090908893,5.3744297,54.713108,FALSE,
0.84,0.04,0.05,0.12,0.79999984,5.3744297,60.427036,FALSE,
0.84,0.04,0.055,0.12,0.727272595,5.3744297,60.427036,FALSE,
0.84,0.05,0.05,0.11,0.9999998,5.3744297,54.713108,FALSE,
0.84,0.05,0.055,0.11,0.909090744,5.3744297,54.713108,FALSE,
0.84,0.06,0.05,0.1,1.19999976,5.3744297,54.713108,FALSE,
0.84,0.06,0.055,0.1,1.090908893,5.3744297,54.713108,FALSE,
0.8,0.06,0.015,0.14,3.999997333,5.3725014,57.092056,FALSE,
0.8,0.0625,0.015,0.1375,4.166663889,5.3725014,57.092056,FALSE,
0.82,0.04,0.01,0.14,3.999996,5.3725014,61.304382,FALSE,
0.82,0.05,0.01,0.13,4.999995,5.3725014,62.02038,FALSE,
0.8,0.06,0.05,0.14,1.19999976,5.3318477,47.089897,FALSE,
0.8,0.06,0.055,0.14,1.090908893,5.3318477,47.089897,FALSE,
0.8,0.0625,0.05,0.1375,1.24999975,5.3318477,47.089897,FALSE,
0.8,0.0625,0.055,0.1375,1.13636343,5.3318477,47.089897,FALSE,
0.82,0.04,0.05,0.14,0.79999984,5.3318477,53.027832,FALSE,
0.82,0.04,0.055,0.14,0.727272595,5.3318477,53.027832,FALSE,
0.82,0.05,0.05,0.13,0.9999998,5.3318477,50.7298,FALSE,
0.82,0.05,0.055,0.13,0.909090744,5.3318477,50.7298,FALSE,
0.84,0.02,0.05,0.14,0.39999992,5.3318477,53.027832,FALSE,
0.84,0.02,0.055,0.14,0.363636298,5.3318477,53.027832,FALSE,
0.84,0.03,0.05,0.13,0.59999988,5.3318477,56.565746,FALSE,
0.84,0.03,0.055,0.13,0.545454446,5.3318477,56.565746,FALSE,
0.84,0.07,0.01,0.09,6.999993,5.3306994,67.00621,FALSE,
0.82,0.07,0.015,0.11,4.666663556,5.3213186,64.50028,FALSE,
0.84,0.02,0.005,0.14,3.999992,5.316869,55.483696,FALSE,
0.86,0.13,0.015,0.01,8.666660889,5.3087854,73.018555,FALSE,
0.86,0.14,0.015,0,9.333327111,5.296604,70.56562,FALSE,
0.86,0.1,0.01,0.04,9.99999,5.2940407,72.616844,FALSE,
0.86,0.1,0.015,0.04,6.666662222,5.2940407,72.616844,FALSE,
0.86,0.11,0.015,0.03,7.333328444,5.2940407,72.616844,FALSE,
0.86,0.12,0.015,0.02,7.999994667,5.2940407,72.616844,FALSE,
0.88,0.1,0.01,0.02,9.99999,5.2940407,72.616844,FALSE,
0.88,0.1,0.015,0.02,6.666662222,5.2940407,72.616844,FALSE,
0.88,0.11,0.015,0.01,7.333328444,5.2940407,72.616844,FALSE,
0.88,0.12,0.015,0,7.999994667,5.2940407,72.616844,FALSE,
0.82,0.06,0.015,0.12,3.999997333,5.2886143,65.06484,FALSE,
0.84,0.04,0.01,0.12,3.999996,5.2886143,70.44856,FALSE,
0.84,0.05,0.01,0.11,4.999995,5.2886143,65.06484,FALSE,
0.84,0.06,0.015,0.1,3.999997333,5.2886143,65.06484,FALSE,
0.8,0.075,0.03,0.125,2.499999167,5.2615647,53.838604,FALSE,
0.8,0.075,0.035,0.125,2.142856531,5.2615647,53.838604,FALSE,
0.84,0.07,0.025,0.09,2.79999888,5.2476254,69.316216,FALSE,
0.86,0,0.03,0.14,0,5.24714,64.66246,FALSE,
0.86,0,0.035,0.14,0,5.24714,64.66246,FALSE,
0.86,0.01,0.03,0.13,0.333333222,5.24714,69.18676,FALSE,
0.86,0.01,0.035,0.13,0.285714204,5.24714,69.18676,FALSE,
0.8,0.1375,0.04,0.0625,3.437499141,5.215869,61.625633,FALSE,
0.8,0.14,0.04,0.06,3.499999125,5.215869,61.625633,FALSE,
0.8,0.15,0.04,0.05,3.749999063,5.215869,53.95129,FALSE,
0.8,0.2,0.04,0,4.99999875,5.215869,53.95129,FALSE,
0.8,0.2,0.045,0,4.444443457,5.215869,53.95129,FALSE,
0.82,0.14,0.04,0.04,3.499999125,5.215869,61.625633,FALSE,
0.82,0.15,0.04,0.03,3.749999063,5.215869,53.95129,FALSE,
0.84,0.14,0.04,0.02,3.499999125,5.215869,61.625633,FALSE,
0.84,0.15,0.04,0.01,3.749999063,5.215869,53.95129,FALSE,
0.8,0.05,0,0.15,5000000,5.203094,52.069363,FALSE,
0.82,0.03,0,0.15,3000000,5.203094,56.22012,FALSE,
0.84,0.01,0,0.15,1000000,5.203094,56.22012,FALSE,
0.8,0,0.03,0.2,0,5.190559,53.126488,FALSE,
0.8,0,0.035,0.2,0,5.190559,53.126488,FALSE,
0.8,0.05,0.03,0.15,1.666666111,5.190559,47.188553,FALSE,
0.8,0.05,0.035,0.15,1.42857102,5.190559,47.188553,FALSE,
0.82,0.03,0.03,0.15,0.999999667,5.190559,53.126488,FALSE,
0.82,0.03,0.035,0.15,0.857142612,5.190559,53.126488,FALSE,
0.84,0.01,0.03,0.15,0.333333222,5.190559,53.126488,FALSE,
0.84,0.01,0.035,0.15,0.285714204,5.190559,53.126488,FALSE,
0.82,0.04,0.015,0.14,2.666664889,5.182243,61.304115,FALSE,
0.82,0.05,0.015,0.13,3.333331111,5.182243,61.797707,FALSE,
0.84,0.03,0.01,0.13,2.999997,5.182243,65.898964,FALSE,
0.86,0.02,0.03,0.12,0.666666444,5.1807165,73.77155,FALSE,
0.86,0.02,0.035,0.12,0.571428408,5.1807165,73.77155,FALSE,
0.86,0.03,0.03,0.11,0.999999667,5.1807165,73.77155,FALSE,
0.86,0.03,0.035,0.11,0.857142612,5.1807165,73.77155,FALSE,
0.86,0.04,0.03,0.1,1.333332889,5.1807165,73.77155,FALSE,
0.86,0.04,0.035,0.1,1.142856816,5.1807165,73.77155,FALSE,
0.88,0,0.03,0.12,0,5.1807165,73.77155,FALSE,
0.88,0,0.035,0.12,0,5.1807165,73.77155,FALSE,
0.88,0.01,0.03,0.11,0.333333222,5.1807165,73.77155,FALSE,
0.88,0.01,0.035,0.11,0.285714204,5.1807165,73.77155,FALSE,
0.88,0.02,0.03,0.1,0.666666444,5.1807165,73.77155,FALSE,
0.88,0.02,0.035,0.1,0.571428408,5.1807165,73.77155,FALSE,
0.9,0.1,0.01,0,9.99999,5.179264,75.85167,FALSE,
0.9,0.1,0.015,0,6.666662222,5.179264,75.85167,FALSE,
0.8,0.08,0.035,0.12,2.285713633,5.177678,57.73235,FALSE,
0.8,0.0875,0.035,0.1125,2.499999286,5.177678,57.73235,FALSE,
0.82,0.08,0.035,0.1,2.285713633,5.177678,57.73235,FALSE,
0.9,0.1,0.03,0,3.333332222,5.1696763,77.18812,FALSE,
0.9,0.1,0.035,0,2.857142041,5.1696763,77.18812,FALSE,
0.86,0.06,0.01,0.08,5.999994,5.165878,72.27443,FALSE,
0.8,0,0.02,0.2,0,5.1616335,54.613873,FALSE,
0.8,0,0.025,0.2,0,5.1616335,54.613873,FALSE,
0.8,0.05,0.025,0.15,1.9999992,5.1616335,48.61906,FALSE,
0.82,0.03,0.02,0.15,1.49999925,5.1616335,54.613873,FALSE,
0.82,0.03,0.025,0.15,1.19999952,5.1616335,54.613873,FALSE,
0.84,0.01,0.02,0.15,0.49999975,5.1616335,54.613873,FALSE,
0.84,0.01,0.025,0.15,0.39999984,5.1616335,54.613873,FALSE,
0.8,0.05,0.02,0.15,2.49999875,5.1595817,50.03355,FALSE,
0.9,0,0.05,0.1,0,5.1565685,78.14508,FALSE,
0.9,0,0.055,0.1,0,5.1565685,78.14508,FALSE,
0.86,0.04,0.01,0.1,3.999996,5.1328692,76.79652,FALSE,
0.8,0.08,0,0.12,8000000,5.105195,62.747746,FALSE,
0.8,0.08,0.005,0.12,15.999968,5.105195,62.747746,FALSE,
0.8,0.0875,0,0.1125,8750000,5.105195,62.747746,FALSE,
0.8,0.0875,0.005,0.1125,17.499965,5.105195,62.747746,FALSE,
0.8,0.09,0,0.11,9000000,5.105195,62.747746,FALSE,
0.8,0.09,0.005,0.11,17.999964,5.105195,62.747746,FALSE,
0.82,0.08,0,0.1,8000000,5.105195,62.747746,FALSE,
0.82,0.08,0.005,0.1,15.999968,5.105195,62.747746,FALSE,
0.8,0.075,0,0.125,7500000,5.09951,59.362713,FALSE,
0.8,0.075,0.005,0.125,14.99997,5.09951,59.362713,FALSE,
0.84,0.04,0.015,0.12,2.666664889,5.098356,70.17777,FALSE,
0.84,0.05,0.015,0.11,3.333331111,5.098356,64.84218,FALSE,
0.86,0.05,0.005,0.09,9.99998,5.073976,69.631775,FALSE,
0.88,0.03,0.005,0.09,5.999988,5.073976,74.8114,FALSE,
0.88,0.04,0.005,0.08,7.999984,5.073976,74.8114,FALSE,
0.84,0.09,0.02,0.07,4.49999775,5.058635,71.18191,FALSE,
0.84,0.09,0.025,0.07,3.59999856,5.058635,71.18191,FALSE,
0.72,0.08,0.04,0.2,1.9999995,5.0422597,50.221577,FALSE,
0.72,0.08,0.045,0.2,1.777777383,5.0422597,50.221577,FALSE,
0.76,0.09,0.045,0.15,1.999999556,5.0422597,50.221577,FALSE,
0.86,0.02,0.005,0.12,3.999992,5.040968,74.14654,FALSE,
0.88,0.02,0.005,0.1,3.999992,5.040968,74.14654,FALSE,
0.8,0.07,0.03,0.13,2.333332556,5.0271463,52.284603,FALSE,
0.82,0.11,0,0.07,11000000,5.018089,64.75047,FALSE,
0.82,0.11,0.005,0.07,21.999956,5.018089,64.75047,FALSE,
0.82,0.11,0.01,0.07,10.999989,5.0058994,67.51669,FALSE,
0.8,0.07,0.035,0.13,1.999999429,5.004898,51.379673,FALSE,
0.86,0.06,0.02,0.08,2.9999985,5.004842,76.13133,FALSE,
0.82,0.12,0,0.06,12000000,4.997729,63.451725,FALSE,
0.82,0.12,0.005,0.06,23.999952,4.997729,63.451725,FALSE,
0.84,0.1,0,0.06,10000000,4.997729,63.451725,FALSE,
0.84,0.1,0.005,0.06,19.99996,4.997729,63.451725,FALSE,
0.84,0.11,0,0.05,11000000,4.997729,63.451725,FALSE,
0.84,0.11,0.005,0.05,21.999956,4.997729,63.451725,FALSE,
0.84,0.12,0,0.04,12000000,4.997729,63.451725,FALSE,
0.84,0.12,0.005,0.04,23.999952,4.997729,63.451725,FALSE,
0.82,0.06,0,0.12,6000000,4.9967237,61.070293,FALSE,
0.82,0.06,0.005,0.12,11.999976,4.9967237,61.070293,FALSE,
0.82,0.07,0,0.11,7000000,4.9967237,60.417694,FALSE,
0.82,0.07,0.005,0.11,13.999972,4.9967237,60.417694,FALSE,
0.84,0.04,0,0.12,4000000,4.9967237,66.39243,FALSE,
0.84,0.05,0,0.11,5000000,4.9967237,61.070293,FALSE,
0.84,0.06,0,0.1,6000000,4.9967237,61.070293,FALSE,
0.84,0.06,0.005,0.1,11.999976,4.9967237,61.070293,FALSE,
0.8,0.06,0,0.14,6000000,4.991039,52.121414,FALSE,
0.8,0.06,0.005,0.14,11.999976,4.991039,52.121414,FALSE,
0.8,0.0625,0,0.1375,6250000,4.991039,52.121414,FALSE,
0.8,0.0625,0.005,0.1375,12.499975,4.991039,52.121414,FALSE,
0.8,0.07,0,0.13,7000000,4.991039,57.032673,FALSE,
0.8,0.07,0.005,0.13,13.999972,4.991039,57.032673,FALSE,
0.82,0.04,0,0.14,4000000,4.991039,56.27217,FALSE,
0.82,0.05,0,0.13,5000000,4.991039,56.962074,FALSE,
0.84,0.02,0,0.14,2000000,4.991039,56.27217,FALSE,
0.84,0.03,0,0.13,3000000,4.991039,61.049828,FALSE,
0.82,0.12,0.01,0.06,11.999988,4.9855394,66.87366,FALSE,
0.84,0.11,0.01,0.05,10.999989,4.9855394,66.87366,FALSE,
0.84,0.12,0.01,0.04,11.999988,4.9855394,66.87366,FALSE,
0.8,0.13,0,0.07,13000000,4.981486,64.14586,FALSE,
0.8,0.13,0.005,0.07,25.999948,4.981486,64.14586,FALSE,
0.8,0.0625,0.03,0.1375,2.083332639,4.976577,48.6698,FALSE,
0.8,0.1375,0,0.0625,13750000,4.9725547,60.3565,FALSE,
0.8,0.1375,0.005,0.0625,27.499945,4.9725547,60.3565,FALSE,
0.8,0.14,0,0.06,14000000,4.9725547,60.3565,FALSE,
0.8,0.14,0.005,0.06,27.999944,4.9725547,60.3565,FALSE,
0.8,0.15,0,0.05,15000000,4.9725547,51.62907,FALSE,
0.8,0.15,0.005,0.05,29.99994,4.9725547,51.62907,FALSE,
0.8,0.2,0,0,20000000,4.9725547,51.62907,FALSE,
0.8,0.2,0.005,0,39.99992,4.9725547,51.62907,FALSE,
0.82,0.14,0,0.04,14000000,4.9725547,60.3565,FALSE,
0.82,0.14,0.005,0.04,27.999944,4.9725547,60.3565,FALSE,
0.82,0.15,0,0.03,15000000,4.9725547,51.62907,FALSE,
0.82,0.15,0.005,0.03,29.99994,4.9725547,51.62907,FALSE,
0.84,0.14,0,0.02,14000000,4.9725547,60.3565,FALSE,
0.84,0.14,0.005,0.02,27.999944,4.9725547,60.3565,FALSE,
0.84,0.15,0,0.01,15000000,4.9725547,51.62907,FALSE,
0.84,0.15,0.005,0.01,29.99994,4.9725547,51.62907,FALSE,
0.82,0.11,0.05,0.07,2.19999956,4.969569,56.43968,FALSE,
0.82,0.11,0.055,0.07,1.999999636,4.969569,56.350277,FALSE,
0.82,0.12,0.05,0.06,2.39999952,4.969569,54.800518,FALSE,
0.82,0.12,0.055,0.06,2.181817785,4.969569,54.800518,FALSE,
0.84,0.1,0.05,0.06,1.9999996,4.969569,54.71111,FALSE,
0.84,0.1,0.055,0.06,1.818181488,4.969569,54.71111,FALSE,
0.84,0.11,0.05,0.05,2.19999956,4.969569,54.800518,FALSE,
0.84,0.11,0.055,0.05,1.999999636,4.969569,54.71111,FALSE,
0.84,0.12,0.05,0.04,2.39999952,4.969569,54.800518,FALSE,
0.84,0.12,0.055,0.04,2.181817785,4.969569,54.800518,FALSE,
0.8,0.13,0.01,0.07,12.999987,4.9692974,67.70685,FALSE,
0.86,0.1,0.05,0.04,1.9999996,4.9659305,66.1477,FALSE,
0.86,0.1,0.055,0.04,1.818181488,4.9659305,66.1477,FALSE,
0.86,0.11,0.05,0.03,2.19999956,4.9659305,65.752945,FALSE,
0.86,0.11,0.055,0.03,1.999999636,4.9659305,66.1477,FALSE,
0.86,0.12,0.05,0.02,2.39999952,4.9659305,65.752945,FALSE,
0.86,0.12,0.055,0.02,2.181817785,4.9659305,65.752945,FALSE,
0.88,0.1,0.05,0.02,1.9999996,4.9659305,66.1477,FALSE,
0.88,0.1,0.055,0.02,1.818181488,4.9659305,66.1477,FALSE,
0.88,0.11,0.05,0.01,2.19999956,4.9659305,65.752945,FALSE,
0.88,0.11,0.055,0.01,1.999999636,4.9659305,66.1477,FALSE,
0.88,0.12,0.05,0,2.39999952,4.9659305,65.752945,FALSE,
0.88,0.12,0.055,0,2.181817785,4.9659305,65.752945,FALSE,
0.78,0.08,0.04,0.14,1.9999995,4.9612513,50.284817,FALSE,
0.78,0.08,0.045,0.14,1.777777383,4.9612513,50.284817,FALSE,
0.78,0.09,0.045,0.13,1.999999556,4.9612513,54.92535,FALSE,
0.82,0.13,0,0.05,13000000,4.961126,62.847103,FALSE,
0.82,0.13,0.005,0.05,25.999948,4.961126,62.847103,FALSE,
0.84,0.13,0,0.03,13000000,4.961126,62.847103,FALSE,
0.84,0.13,0.005,0.03,25.999948,4.961126,62.847103,FALSE,
0.8,0.1375,0.01,0.0625,13.74998625,4.9603662,64.85771,FALSE,
0.8,0.14,0.01,0.06,13.999986,4.9603662,64.85771,FALSE,
0.8,0.15,0.01,0.05,14.999985,4.9603662,57.093506,FALSE,
0.8,0.2,0.01,0,19.99998,4.9603662,57.093506,FALSE,
0.8,0.2,0.015,0,13.33332444,4.9603662,57.093506,FALSE,
0.82,0.14,0.01,0.04,13.999986,4.9603662,64.85771,FALSE,
0.82,0.15,0.01,0.03,14.999985,4.9603662,57.093506,FALSE,
0.84,0.14,0.01,0.02,13.999986,4.9603662,64.85771,FALSE,
0.84,0.15,0.01,0.01,14.999985,4.9603662,57.093506,FALSE,
0.8,0.06,0.03,0.14,1.999999333,4.9543285,47.2724,FALSE,
0.8,0.06,0.035,0.14,1.714285224,4.9543285,47.2724,FALSE,
0.8,0.0625,0.035,0.1375,1.785713776,4.9543285,47.2724,FALSE,
0.82,0.04,0.03,0.14,1.333332889,4.9543285,53.210327,FALSE,
0.82,0.04,0.035,0.14,1.142856816,4.9543285,53.210327,FALSE,
0.82,0.05,0.03,0.13,1.666666111,4.9543285,51.272987,FALSE,
0.82,0.05,0.035,0.13,1.42857102,4.9543285,51.272987,FALSE,
0.84,0.02,0.03,0.14,0.666666444,4.9543285,53.210327,FALSE,
0.84,0.02,0.035,0.14,0.571428408,4.9543285,53.210327,FALSE,
0.84,0.03,0.03,0.13,0.999999667,4.9543285,57.108925,FALSE,
0.84,0.03,0.035,0.13,0.857142612,4.9543285,57.108925,FALSE,
0.82,0.13,0.01,0.05,12.999987,4.9489374,67.06383,FALSE,
0.84,0.13,0.01,0.03,12.999987,4.9489374,67.06383,FALSE,
0.8,0.06,0.025,0.14,2.39999904,4.9476523,50.125725,FALSE,
0.8,0.0625,0.025,0.1375,2.499999,4.9476523,50.125725,FALSE,
0.82,0.05,0.02,0.13,2.49999875,4.9476523,54.29093,FALSE,
0.78,0.07,0.04,0.15,1.749999563,4.9447694,48.236504,FALSE,
0.78,0.07,0.045,0.15,1.55555521,4.9447694,48.236504,FALSE,
0.82,0.07,0.03,0.11,2.333332556,4.9432597,56.178356,FALSE,
0.86,0.03,0.01,0.11,2.999997,4.9426107,77.40422,FALSE,
0.86,0.04,0.015,0.1,2.666664889,4.9426107,77.40422,FALSE,
0.82,0.07,0.035,0.11,1.999999429,4.9384756,55.27342,FALSE,
0.82,0.04,0.02,0.14,1.999999,4.925404,54.723125,FALSE,
0.82,0.04,0.025,0.14,1.59999936,4.925404,54.723125,FALSE,
0.82,0.05,0.025,0.13,1.9999992,4.925404,53.36968,FALSE,
0.84,0.02,0.02,0.14,0.9999995,4.925404,54.723125,FALSE,
0.84,0.02,0.025,0.14,0.79999968,4.925404,54.723125,FALSE,
0.84,0.03,0.02,0.13,1.49999925,4.925404,59.262493,FALSE,
0.84,0.03,0.025,0.13,1.19999952,4.925404,59.262493,FALSE,
0.82,0.09,0.05,0.09,1.79999964,4.922795,55.73435,FALSE,
0.82,0.09,0.055,0.09,1.636363339,4.922795,55.73435,FALSE,
0.84,0.08,0.05,0.08,1.59999968,4.922795,55.73435,FALSE,
0.84,0.08,0.055,0.08,1.45454519,4.922795,55.73435,FALSE,
0.74,0.06,0.04,0.2,1.499999625,4.8942,48.159092,FALSE,
0.74,0.06,0.045,0.2,1.333333037,4.8942,48.159092,FALSE,
0.76,0.04,0.04,0.2,0.99999975,4.8942,54.097034,FALSE,
0.76,0.04,0.045,0.2,0.888888691,4.8942,54.097034,FALSE,
0.78,0.02,0.04,0.2,0.499999875,4.8942,54.097034,FALSE,
0.78,0.02,0.045,0.2,0.444444346,4.8942,54.097034,FALSE,
0.82,0.06,0.03,0.12,1.999999333,4.887906,55.45912,FALSE,
0.82,0.06,0.035,0.12,1.714285224,4.887906,55.45912,FALSE,
0.84,0.04,0.03,0.12,1.333332889,4.887906,61.17305,FALSE,
0.84,0.04,0.035,0.12,1.142856816,4.887906,61.17305,FALSE,
0.84,0.05,0.03,0.11,1.666666111,4.887906,55.45912,FALSE,
0.84,0.05,0.035,0.11,1.42857102,4.887906,55.45912,FALSE,
0.84,0.06,0.03,0.1,1.999999333,4.887906,55.45912,FALSE,
0.84,0.06,0.035,0.1,1.714285224,4.887906,55.45912,FALSE,
0.86,0.08,0.02,0.06,3.999998,4.873036,75.99738,FALSE,
0.86,0.09,0.02,0.05,4.49999775,4.873036,75.99738,FALSE,
0.86,0.09,0.025,0.05,3.59999856,4.873036,75.99738,FALSE,
0.88,0.08,0.02,0.04,3.999998,4.873036,75.99738,FALSE,
0.88,0.09,0.02,0.03,4.49999775,4.873036,75.99738,FALSE,
0.88,0.09,0.025,0.03,3.59999856,4.873036,75.99738,FALSE,
0.82,0.06,0.025,0.12,2.39999904,4.863765,58.90223,FALSE,
0.84,0.05,0.02,0.11,2.49999875,4.863765,58.90223,FALSE,
0.84,0.06,0.025,0.1,2.39999904,4.863765,58.90223,FALSE,
0.84,0.04,0.02,0.12,1.999999,4.8589807,63.75179,FALSE,
0.84,0.04,0.025,0.12,1.59999936,4.8589807,63.75179,FALSE,
0.84,0.05,0.025,0.11,1.9999992,4.8589807,57.980976,FALSE,
0.86,0.05,0.05,0.09,0.9999998,4.853304,67.6977,FALSE,
0.86,0.05,0.055,0.09,0.909090744,4.853304,67.6977,FALSE,
0.86,0.06,0.05,0.08,1.19999976,4.853304,67.6977,FALSE,
0.86,0.06,0.055,0.08,1.090908893,4.853304,67.6977,FALSE,
0.88,0.03,0.05,0.09,0.59999988,4.853304,73.12957,FALSE,
0.88,0.03,0.055,0.09,0.545454446,4.853304,73.12957,FALSE,
0.88,0.04,0.05,0.08,0.79999984,4.853304,73.12957,FALSE,
0.88,0.04,0.055,0.08,0.727272595,4.853304,73.12957,FALSE,
0.86,0.02,0,0.12,2000000,4.80471,73.92707,FALSE,
0.86,0.03,0,0.11,3000000,4.80471,73.92707,FALSE,
0.86,0.04,0,0.1,4000000,4.80471,73.92707,FALSE,
0.88,0.01,0,0.11,1000000,4.80471,73.92707,FALSE,
0.88,0.02,0,0.1,2000000,4.80471,73.92707,FALSE,
0.86,0,0.02,0.14,0,4.8021116,65.373955,FALSE,
0.86,0,0.025,0.14,0,4.8021116,65.373955,FALSE,
0.86,0.01,0.02,0.13,0.49999975,4.8021116,70.18404,FALSE,
0.86,0.01,0.025,0.13,0.39999984,4.8021116,70.18404,FALSE,
0.86,0.01,0,0.13,1000000,4.799025,69.057594,FALSE,
0.84,0.07,0.05,0.09,1.39999972,4.7923045,54.24011,FALSE,
0.84,0.07,0.055,0.09,1.272727041,4.7923045,54.24011,FALSE,
0.86,0.14,0.01,0,13.999986,4.7725616,69.909706,FALSE,
0.86,0.13,0.01,0.01,12.999987,4.7611327,72.20837,FALSE,
0.8,0,0.01,0.2,0,4.7514176,53.309605,FALSE,
0.8,0,0.015,0.2,0,4.7514176,53.309605,FALSE,
0.82,0.03,0.015,0.15,1.999998667,4.7514176,53.309605,FALSE,
0.84,0.01,0.01,0.15,0.999999,4.7514176,53.309605,FALSE,
0.84,0.01,0.015,0.15,0.666666222,4.7514176,53.309605,FALSE,
0.86,0.14,0,0,14000000,4.7484818,67.19897,FALSE,
0.86,0.14,0.005,0,27.999944,4.7484818,67.19897,FALSE,
0.86,0.11,0.01,0.03,10.999989,4.746388,71.71814,FALSE,
0.86,0.12,0.01,0.02,11.999988,4.746388,71.71814,FALSE,
0.88,0.11,0.01,0.01,10.999989,4.746388,71.71814,FALSE,
0.88,0.12,0.01,0,11.999988,4.746388,71.71814,FALSE,
0.86,0.13,0,0.01,13000000,4.737053,69.72908,FALSE,
0.86,0.13,0.005,0.01,25.999948,4.737053,69.72908,FALSE,
0.86,0.02,0.02,0.12,0.9999995,4.735688,74.66966,FALSE,
0.86,0.02,0.025,0.12,0.79999968,4.735688,74.66966,FALSE,
0.86,0.03,0.02,0.11,1.49999925,4.735688,74.66966,FALSE,
0.86,0.03,0.025,0.11,1.19999952,4.735688,74.66966,FALSE,
0.86,0.04,0.02,0.1,1.999999,4.735688,74.66966,FALSE,
0.86,0.04,0.025,0.1,1.59999936,4.735688,74.66966,FALSE,
0.88,0,0.02,0.12,0,4.735688,74.66966,FALSE,
0.88,0,0.025,0.12,0,4.735688,74.66966,FALSE,
0.88,0.01,0.02,0.11,0.49999975,4.735688,74.66966,FALSE,
0.88,0.01,0.025,0.11,0.39999984,4.735688,74.66966,FALSE,
0.88,0.02,0.02,0.1,0.9999995,4.735688,74.66966,FALSE,
0.88,0.02,0.025,0.1,0.79999968,4.735688,74.66966,FALSE,
0.86,0.1,0,0.04,10000000,4.722308,69.96538,FALSE,
0.86,0.1,0.005,0.04,19.99996,4.722308,69.96538,FALSE,
0.86,0.11,0,0.03,11000000,4.722308,69.96538,FALSE,
0.86,0.11,0.005,0.03,21.999956,4.722308,69.96538,FALSE,
0.86,0.12,0,0.02,12000000,4.722308,69.96538,FALSE,
0.86,0.12,0.005,0.02,23.999952,4.722308,69.96538,FALSE,
0.88,0.1,0,0.02,10000000,4.722308,69.96538,FALSE,
0.88,0.1,0.005,0.02,19.99996,4.722308,69.96538,FALSE,
0.88,0.11,0,0.01,11000000,4.722308,69.96538,FALSE,
0.88,0.11,0.005,0.01,21.999956,4.722308,69.96538,FALSE,
0.88,0.12,0,0,12000000,4.722308,69.96538,FALSE,
0.88,0.12,0.005,0,23.999952,4.722308,69.96538,FALSE,
0.86,0.07,0.02,0.07,3.49999825,4.7156277,75.93966,FALSE,
0.8,0,0,0.2,0,4.7124887,46.90593,FALSE,
0.8,0,0.005,0.2,0,4.7124887,46.90593,FALSE,
0.84,0.01,0.005,0.15,1.999996,4.7124887,46.90593,FALSE,
0.88,0.07,0.02,0.05,3.49999825,4.6952677,75.69529,FALSE,
0.9,0.1,0.05,0,1.9999996,4.6924205,71.21393,FALSE,
0.9,0.1,0.055,0,1.818181488,4.6924205,71.21393,FALSE,
0.82,0.09,0,0.09,9000000,4.6616535,63.06384,FALSE,
0.82,0.09,0.005,0.09,17.999964,4.6616535,63.06384,FALSE,
0.84,0.08,0,0.08,8000000,4.6616535,63.06384,FALSE,
0.84,0.08,0.005,0.08,15.999968,4.6616535,63.06384,FALSE,
0.84,0.08,0.035,0.08,2.285713633,4.639338,58.568142,FALSE,
0.9,0,0.03,0.1,0,4.6215506,79.12296,FALSE,
0.9,0,0.035,0.1,0,4.6215506,79.12296,FALSE,
0.86,0.13,0.04,0.01,3.249999188,4.6185603,72.19465,FALSE,
0.86,0.13,0.045,0.01,2.888888247,4.6185603,72.19465,FALSE,
0.9,0.1,0,0,10000000,4.608267,74.514145,FALSE,
0.9,0.1,0.005,0,19.99996,4.608267,74.514145,FALSE,
0.86,0.14,0.045,0,3.11111042,4.606379,69.81913,FALSE,
0.86,0.05,0.03,0.09,1.666666111,4.6018896,68.9809,FALSE,
0.86,0.05,0.035,0.09,1.42857102,4.6018896,68.9809,FALSE,
0.86,0.06,0.03,0.08,1.999999333,4.6018896,68.9809,FALSE,
0.86,0.06,0.035,0.08,1.714285224,4.6018896,68.9809,FALSE,
0.88,0.03,0.03,0.09,0.999999667,4.6018896,74.41278,FALSE,
0.88,0.03,0.035,0.09,0.857142612,4.6018896,74.41278,FALSE,
0.88,0.04,0.03,0.08,1.333332889,4.6018896,74.41278,FALSE,
0.88,0.04,0.035,0.08,1.142856816,4.6018896,74.41278,FALSE,
0.86,0.11,0.04,0.03,2.749999313,4.580954,70.68166,FALSE,
0.86,0.12,0.04,0.02,2.99999925,4.580954,70.68166,FALSE,
0.86,0.12,0.045,0.02,2.666666074,4.580954,70.68166,FALSE,
0.88,0.11,0.04,0.01,2.749999313,4.580954,70.68166,FALSE,
0.88,0.12,0.04,0,2.99999925,4.580954,70.68166,FALSE,
0.88,0.12,0.045,0,2.666666074,4.580954,70.68166,FALSE,
0.84,0.07,0,0.09,7000000,4.5677876,60.97505,FALSE,
0.84,0.07,0.005,0.09,13.999972,4.5677876,60.97505,FALSE,
0.9,0.01,0.05,0.09,0.19999996,4.5475006,78.76329,FALSE,
0.9,0.01,0.055,0.09,0.181818149,4.5475006,78.76329,FALSE,
0.9,0.0125,0.05,0.0875,0.24999995,4.5475006,78.76329,FALSE,
0.9,0.0125,0.055,0.0875,0.227272686,4.5475006,78.76329,FALSE,
0.9,0.02,0.05,0.08,0.39999992,4.5475006,78.76329,FALSE,
0.9,0.02,0.055,0.08,0.363636298,4.5475006,78.76329,FALSE,
0.9,0.025,0.05,0.075,0.4999999,4.5475006,78.76329,FALSE,
0.9,0.025,0.055,0.075,0.454545372,4.5475006,78.76329,FALSE,
0.92,0,0.05,0.08,0,4.5475006,78.76329,FALSE,
0.92,0,0.055,0.08,0,4.5475006,78.76329,FALSE,
0.84,0.02,0.01,0.14,1.999998,4.5151877,53.399815,FALSE,
0.84,0.02,0.015,0.14,1.333332444,4.5151877,53.399815,FALSE,
0.84,0.03,0.015,0.13,1.999998667,4.5151877,57.86098,FALSE,
0.84,0.07,0.015,0.09,4.666663556,4.514304,65.173584,FALSE,
0.84,0.09,0.01,0.07,8.999991,4.4757786,68.67654,FALSE,
0.84,0.09,0.015,0.07,5.999996,4.4757786,68.67654,FALSE,
0.8,0.1,0.04,0.1,2.499999375,4.468129,55.3963,FALSE,
0.8,0.1,0.045,0.1,2.222221728,4.468129,55.3963,FALSE,
0.84,0.07,0.03,0.09,2.333332556,4.467602,57.109814,FALSE,
0.86,0.08,0.03,0.06,2.666665778,4.4051113,75.521484,FALSE,
0.86,0.09,0.03,0.05,2.999999,4.4051113,75.521484,FALSE,
0.86,0.09,0.035,0.05,2.571427837,4.4051113,75.521484,FALSE,
0.88,0.08,0.03,0.04,2.666665778,4.4051113,75.521484,FALSE,
0.88,0.09,0.03,0.03,2.999999,4.4051113,75.521484,FALSE,
0.88,0.09,0.035,0.03,2.571427837,4.4051113,75.521484,FALSE,
0.9,0.075,0.02,0.025,3.749998125,4.390926,78.4131,FALSE,
0.9,0.08,0.02,0.02,3.999998,4.390926,78.4131,FALSE,
0.9,0.0875,0.02,0.0125,4.374997813,4.390926,78.4131,FALSE,
0.9,0.0875,0.025,0.0125,3.4999986,4.390926,78.4131,FALSE,
0.9,0.09,0.02,0.01,4.49999775,4.390926,78.4131,FALSE,
0.9,0.09,0.025,0.01,3.59999856,4.390926,78.4131,FALSE,
0.92,0.08,0.02,0,3.999998,4.390926,78.4131,FALSE,
0.84,0.09,0.05,0.07,1.79999964,4.3831377,56.540646,FALSE,
0.84,0.09,0.055,0.07,1.636363339,4.3831377,56.540646,FALSE,
0.86,0.08,0.05,0.06,1.59999968,4.379498,66.33804,FALSE,
0.86,0.08,0.055,0.06,1.45454519,4.379498,66.33804,FALSE,
0.86,0.09,0.05,0.05,1.79999964,4.379498,66.33804,FALSE,
0.86,0.09,0.055,0.05,1.636363339,4.379498,66.33804,FALSE,
0.88,0.08,0.05,0.04,1.59999968,4.379498,66.33804,FALSE,
0.88,0.08,0.055,0.04,1.45454519,4.379498,66.33804,FALSE,
0.88,0.09,0.05,0.03,1.79999964,4.379498,66.33804,FALSE,
0.88,0.09,0.055,0.03,1.636363339,4.379498,66.33804,FALSE,
0.8,0.13,0.04,0.07,3.249999188,4.367696,64.23066,FALSE,
0.8,0.13,0.045,0.07,2.888888247,4.367696,64.23066,FALSE,
0.82,0.13,0.04,0.05,3.249999188,4.367696,63.605236,FALSE,
0.82,0.13,0.045,0.05,2.888888247,4.367696,63.605236,FALSE,
0.84,0.13,0.04,0.03,3.249999188,4.367696,63.605236,FALSE,
0.84,0.13,0.045,0.03,2.888888247,4.367696,63.605236,FALSE,
0.86,0.05,0,0.09,5000000,4.3666964,69.03842,FALSE,
0.86,0.06,0,0.08,6000000,4.3666964,69.03842,FALSE,
0.86,0.06,0.005,0.08,11.999976,4.3666964,69.03842,FALSE,
0.88,0.03,0,0.09,3000000,4.3666964,74.21803,FALSE,
0.88,0.04,0,0.08,4000000,4.3666964,74.21803,FALSE,
0.8,0.1375,0.045,0.0625,3.055554877,4.3555145,62.105934,FALSE,
0.8,0.14,0.045,0.06,3.11111042,4.3555145,62.105934,FALSE,
0.8,0.15,0.045,0.05,3.333332593,4.3555145,54.261005,FALSE,
0.82,0.14,0.045,0.04,3.11111042,4.3555145,62.105934,FALSE,
0.82,0.15,0.045,0.03,3.333332593,4.3555145,54.261005,FALSE,
0.84,0.14,0.045,0.02,3.11111042,4.3555145,62.105934,FALSE,
0.84,0.15,0.045,0.01,3.333332593,4.3555145,54.261005,FALSE,
0.86,0.05,0.01,0.09,4.999995,4.3494816,71.94786,FALSE,
0.86,0.06,0.015,0.08,3.999997333,4.3494816,71.94786,FALSE,
0.88,0.04,0.01,0.08,3.999996,4.3494816,77.135155,FALSE,
0.84,0.07,0.035,0.09,1.999999429,4.336021,56.18478,FALSE,
0.82,0.11,0.04,0.07,2.749999313,4.3300896,62.528427,FALSE,
0.82,0.12,0.04,0.06,2.99999925,4.3300896,61.902977,FALSE,
0.82,0.12,0.045,0.06,2.666666074,4.3300896,61.902977,FALSE,
0.84,0.11,0.04,0.05,2.749999313,4.3300896,61.902977,FALSE,
0.84,0.12,0.04,0.04,2.99999925,4.3300896,61.902977,FALSE,
0.84,0.12,0.045,0.04,2.666666074,4.3300896,61.902977,FALSE,
0.86,0,0.01,0.14,0,4.3179827,64.29246,FALSE,
0.86,0,0.015,0.14,0,4.3179827,64.29246,FALSE,
0.86,0.01,0.01,0.13,0.999999,4.3179827,68.91289,FALSE,
0.86,0.01,0.015,0.13,0.666666222,4.3179827,68.91289,FALSE,
0.86,0.07,0.05,0.07,1.39999972,4.2986417,66.61371,FALSE,
0.86,0.07,0.055,0.07,1.272727041,4.2986417,66.61371,FALSE,
0.88,0.07,0.05,0.05,1.39999972,4.2986417,66.11383,FALSE,
0.88,0.07,0.055,0.05,1.272727041,4.2986417,66.11383,FALSE,
0.88,0.05,0.05,0.07,0.9999998,4.2807765,68.02505,FALSE,
0.88,0.05,0.055,0.07,0.909090744,4.2807765,68.02505,FALSE,
0.88,0.06,0.05,0.06,1.19999976,4.2807765,67.52517,FALSE,
0.88,0.06,0.055,0.06,1.090908893,4.2807765,67.52517,FALSE,
0.86,0.05,0.02,0.09,2.49999875,4.263959,69.46895,FALSE,
0.86,0.06,0.025,0.08,2.39999904,4.263959,69.46895,FALSE,
0.9,0.01,0,0.09,1000000,4.252655,79.39501,FALSE,
0.9,0.0125,0,0.0875,1250000,4.252655,79.39501,FALSE,
0.9,0.02,0,0.08,2000000,4.252655,79.39501,FALSE,
0.9,0.025,0,0.075,2500000,4.252655,79.39501,FALSE,
0.86,0.02,0.01,0.12,1.999998,4.2515597,72.96112,FALSE,
0.86,0.02,0.015,0.12,1.333332444,4.2515597,72.96112,FALSE,
0.86,0.03,0.015,0.11,1.999998667,4.2515597,72.96112,FALSE,
0.88,0,0.01,0.12,0,4.2515597,72.96112,FALSE,
0.88,0,0.015,0.12,0,4.2515597,72.96112,FALSE,
0.88,0.01,0.01,0.11,0.999999,4.2515597,72.96112,FALSE,
0.88,0.01,0.015,0.11,0.666666222,4.2515597,72.96112,FALSE,
0.88,0.02,0.01,0.1,1.999998,4.2515597,72.96112,FALSE,
0.88,0.02,0.015,0.1,1.333332444,4.2515597,72.96112,FALSE,
0.86,0,0,0.14,0,4.2260814,60.62912,FALSE,
0.86,0,0.005,0.14,0,4.2260814,60.62912,FALSE,
0.86,0.01,0.005,0.13,1.999996,4.2260814,65.2496,FALSE,
0.86,0.08,0.01,0.06,7.999992,4.2162676,72.032684,FALSE,
0.86,0.08,0.015,0.06,5.333329778,4.2162676,72.032684,FALSE,
0.86,0.09,0.01,0.05,8.999991,4.2162676,72.032684,FALSE,
0.86,0.09,0.015,0.05,5.999996,4.2162676,72.032684,FALSE,
0.88,0.08,0.01,0.04,7.999992,4.2162676,72.032684,FALSE,
0.88,0.08,0.015,0.04,5.333329778,4.2162676,72.032684,FALSE,
0.88,0.09,0.01,0.03,8.999991,4.2162676,72.032684,FALSE,
0.88,0.09,0.015,0.03,5.999996,4.2162676,72.032684,FALSE,
0.9,0.07,0.02,0.03,3.49999825,4.2131586,78.3524,FALSE,
0.92,0.07,0.02,0.01,3.49999825,4.2131586,78.3524,FALSE,
0.9,0,0.02,0.1,0,4.1765223,80.04498,FALSE,
0.9,0,0.025,0.1,0,4.1765223,80.04498,FALSE,
0.84,0.09,0.03,0.07,2.999999,4.174607,66.88161,FALSE,
0.84,0.09,0.035,0.07,2.571427837,4.174607,66.88161,FALSE,
0.88,0,0,0.12,0,4.1596584,70.11908,FALSE,
0.88,0,0.005,0.12,0,4.1596584,70.11908,FALSE,
0.88,0.01,0.005,0.11,1.999996,4.1596584,70.11908,FALSE,
0.86,0.05,0.015,0.09,3.333331111,4.159223,72.57596,FALSE,
0.88,0.03,0.01,0.09,2.999997,4.159223,77.71511,FALSE,
0.88,0.04,0.015,0.08,2.666664889,4.159223,77.71511,FALSE,
0.86,0.05,0.025,0.09,1.9999992,4.132378,69.49792,FALSE,
0.88,0.03,0.02,0.09,1.49999925,4.132378,74.986664,FALSE,
0.88,0.03,0.025,0.09,1.19999952,4.132378,74.986664,FALSE,
0.88,0.04,0.02,0.08,1.999999,4.132378,74.986664,FALSE,
0.88,0.04,0.025,0.08,1.59999936,4.132378,74.986664,FALSE,
0.9,0.075,0.01,0.025,7.4999925,4.101491,75.639786,FALSE,
0.9,0.08,0.01,0.02,7.999992,4.101491,75.639786,FALSE,
0.9,0.08,0.015,0.02,5.333329778,4.101491,75.639786,FALSE,
0.9,0.0875,0.01,0.0125,8.74999125,4.101491,75.639786,FALSE,
0.9,0.0875,0.015,0.0125,5.833329444,4.101491,75.639786,FALSE,
0.9,0.09,0.01,0.01,8.999991,4.101491,75.639786,FALSE,
0.9,0.09,0.015,0.01,5.999996,4.101491,75.639786,FALSE,
0.92,0.08,0.01,0,7.999992,4.101491,75.639786,FALSE,
0.92,0.08,0.015,0,5.333329778,4.101491,75.639786,FALSE,
0.9,0.075,0.05,0.025,1.4999997,4.0736947,71.775536,FALSE,
0.9,0.075,0.055,0.025,1.363636116,4.0736947,71.775536,FALSE,
0.9,0.08,0.05,0.02,1.59999968,4.0736947,71.775536,FALSE,
0.9,0.08,0.055,0.02,1.45454519,4.0736947,71.775536,FALSE,
0.9,0.0875,0.05,0.0125,1.74999965,4.0736947,71.775536,FALSE,
0.9,0.0875,0.055,0.0125,1.590908802,4.0736947,71.775536,FALSE,
0.9,0.09,0.05,0.01,1.79999964,4.0736947,71.775536,FALSE,
0.9,0.09,0.055,0.01,1.636363339,4.0736947,71.775536,FALSE,
0.92,0.08,0.05,0,1.59999968,4.0736947,71.775536,FALSE,
0.92,0.08,0.055,0,1.45454519,4.0736947,71.775536,FALSE,
0.86,0.07,0.01,0.07,6.999993,4.0588593,72.04298,FALSE,
0.9,0.01,0.03,0.09,0.333333222,4.0427237,79.749374,FALSE,
0.9,0.01,0.035,0.09,0.285714204,4.0427237,79.749374,FALSE,
0.9,0.0125,0.03,0.0875,0.416666528,4.0427237,79.749374,FALSE,
0.9,0.0125,0.035,0.0875,0.357142755,4.0427237,79.749374,FALSE,
0.9,0.02,0.03,0.08,0.666666444,4.0427237,79.749374,FALSE,
0.9,0.02,0.035,0.08,0.571428408,4.0427237,79.749374,FALSE,
0.9,0.025,0.03,0.075,0.833333056,4.0427237,79.749374,FALSE,
0.9,0.025,0.035,0.075,0.71428551,4.0427237,79.749374,FALSE,
0.92,0,0.03,0.08,0,4.0427237,79.749374,FALSE,
0.92,0,0.035,0.08,0,4.0427237,79.749374,FALSE,
0.88,0.06,0.01,0.06,5.999994,4.0384994,72.289566,FALSE,
0.88,0.07,0.01,0.05,6.999993,4.0384994,71.79861,FALSE,
0.96,0,0.05,0.04,0,4.0344057,78.590775,FALSE,
0.96,0,0.055,0.04,0,4.0344057,78.590775,FALSE,
0.96,0.01,0.05,0.03,0.19999996,4.0344057,78.590775,FALSE,
0.96,0.01,0.055,0.03,0.181818149,4.0344057,78.590775,FALSE,
0.96,0.02,0.05,0.02,0.39999992,4.0344057,78.590775,FALSE,
0.96,0.02,0.055,0.02,0.363636298,4.0344057,78.590775,FALSE,
0.96,0.03,0.05,0.01,0.59999988,4.0344057,78.590775,FALSE,
0.96,0.03,0.055,0.01,0.545454446,4.0344057,78.590775,FALSE,
0.96,0.04,0.05,0,0.79999984,4.0344057,78.590775,FALSE,
0.96,0.04,0.055,0,0.727272595,4.0344057,78.590775,FALSE,
0.98,0,0.05,0.02,0,4.0344057,78.590775,FALSE,
0.98,0,0.055,0.02,0,4.0344057,78.590775,FALSE,
0.98,0.01,0.05,0.01,0.19999996,4.0344057,78.590775,FALSE,
0.98,0.01,0.055,0.01,0.181818149,4.0344057,78.590775,FALSE,
0.98,0.02,0.05,0,0.39999992,4.0344057,78.590775,FALSE,
0.98,0.02,0.055,0,0.363636298,4.0344057,78.590775,FALSE,
0.86,0.08,0.035,0.06,2.285713633,4.0211716,69.067,FALSE,
0.88,0.08,0.035,0.04,2.285713633,4.0211716,69.067,FALSE,
0.9,0.07,0.05,0.03,1.39999972,3.9928386,71.74755,FALSE,
0.9,0.07,0.055,0.03,1.272727041,3.9928386,71.74755,FALSE,
0.92,0.07,0.05,0.01,1.39999972,3.9928386,71.74755,FALSE,
0.92,0.07,0.055,0.01,1.272727041,3.9928386,71.74755,FALSE,
0.88,0.05,0.005,0.07,9.99998,3.977956,69.89128,FALSE,
0.9,0.03,0.05,0.07,0.59999988,3.9749727,79.09064,FALSE,
0.9,0.03,0.055,0.07,0.545454446,3.9749727,79.09064,FALSE,
0.9,0.0375,0.05,0.0625,0.74999985,3.9749727,78.590775,FALSE,
0.9,0.0375,0.055,0.0625,0.681818058,3.9749727,78.590775,FALSE,
0.9,0.04,0.05,0.06,0.79999984,3.9749727,78.590775,FALSE,
0.9,0.04,0.055,0.06,0.727272595,3.9749727,78.590775,FALSE,
0.9,0.05,0.05,0.05,0.9999998,3.9749727,73.158905,FALSE,
0.9,0.05,0.055,0.05,0.909090744,3.9749727,73.158905,FALSE,
0.9,0.06,0.05,0.04,1.19999976,3.9749727,73.158905,FALSE,
0.9,0.06,0.055,0.04,1.090908893,3.9749727,73.158905,FALSE,
0.9,0.0625,0.05,0.0375,1.24999975,3.9749727,73.158905,FALSE,
0.9,0.0625,0.055,0.0375,1.13636343,3.9749727,73.158905,FALSE,
0.92,0.01,0.05,0.07,0.19999996,3.9749727,79.09064,FALSE,
0.92,0.01,0.055,0.07,0.181818149,3.9749727,79.09064,FALSE,
0.92,0.02,0.05,0.06,0.39999992,3.9749727,78.590775,FALSE,
0.92,0.02,0.055,0.06,0.363636298,3.9749727,78.590775,FALSE,
0.92,0.03,0.05,0.05,0.59999988,3.9749727,78.590775,FALSE,
0.92,0.03,0.055,0.05,0.545454446,3.9749727,78.590775,FALSE,
0.92,0.04,0.05,0.04,0.79999984,3.9749727,78.590775,FALSE,
0.92,0.04,0.055,0.04,0.727272595,3.9749727,78.590775,FALSE,
0.92,0.05,0.05,0.03,0.9999998,3.9749727,73.158905,FALSE,
0.92,0.05,0.055,0.03,0.909090744,3.9749727,73.158905,FALSE,
0.92,0.06,0.05,0.02,1.19999976,3.9749727,73.158905,FALSE,
0.92,0.06,0.055,0.02,1.090908893,3.9749727,73.158905,FALSE,
0.94,0,0.05,0.06,0,3.9749727,78.590775,FALSE,
0.94,0,0.055,0.06,0,3.9749727,78.590775,FALSE,
0.94,0.01,0.05,0.05,0.19999996,3.9749727,78.590775,FALSE,
0.94,0.01,0.055,0.05,0.181818149,3.9749727,78.590775,FALSE,
0.94,0.02,0.05,0.04,0.39999992,3.9749727,78.590775,FALSE,
0.94,0.02,0.055,0.04,0.363636298,3.9749727,78.590775,FALSE,
0.94,0.03,0.05,0.03,0.59999988,3.9749727,78.590775,FALSE,
0.94,0.03,0.055,0.03,0.545454446,3.9749727,78.590775,FALSE,
0.94,0.04,0.05,0.02,0.79999984,3.9749727,78.590775,FALSE,
0.94,0.04,0.055,0.02,0.727272595,3.9749727,78.590775,FALSE,
0.94,0.05,0.05,0.01,0.9999998,3.9749727,73.158905,FALSE,
0.94,0.05,0.055,0.01,0.909090744,3.9749727,73.158905,FALSE,
0.94,0.06,0.05,0,1.19999976,3.9749727,73.158905,FALSE,
0.94,0.06,0.055,0,1.090908893,3.9749727,73.158905,FALSE,
0.86,0,0.04,0.14,0,3.9593801,64.52215,FALSE,
0.86,0,0.045,0.14,0,3.9593801,64.52215,FALSE,
0.86,0.01,0.04,0.13,0.249999938,3.9593801,68.71624,FALSE,
0.86,0.01,0.045,0.13,0.222222173,3.9593801,68.71624,FALSE,
0.9,0.02,0.005,0.08,3.999992,3.9458838,79.76061,FALSE,
0.9,0.025,0.005,0.075,4.99999,3.9458838,79.76061,FALSE,
0.86,0.08,0.025,0.06,3.19999872,3.9355986,76.601295,FALSE,
0.88,0.08,0.025,0.04,3.19999872,3.9355986,76.601295,FALSE,
0.8,0.11,0.045,0.09,2.444443901,3.929789,56.185528,FALSE,
0.8,0.1125,0.045,0.0875,2.499999444,3.929789,56.185528,FALSE,
0.82,0.1,0.04,0.08,2.499999375,3.929789,56.185528,FALSE,
0.82,0.1,0.045,0.08,2.222221728,3.929789,56.185528,FALSE,
0.9,0.06,0.01,0.04,5.999994,3.9237223,76.13809,FALSE,
0.9,0.0625,0.01,0.0375,6.24999375,3.9237223,76.13809,FALSE,
0.9,0.07,0.01,0.03,6.999993,3.9237223,75.64712,FALSE,
0.92,0.06,0.01,0.02,5.999994,3.9237223,76.13809,FALSE,
0.92,0.07,0.01,0.01,6.999993,3.9237223,75.64712,FALSE,
0.94,0.06,0.01,0,5.999994,3.9237223,76.13809,FALSE,
0.86,0.07,0.03,0.07,2.333332556,3.919429,69.02723,FALSE,
0.88,0.07,0.03,0.05,2.333332556,3.899069,68.40922,FALSE,
0.8,0.075,0.04,0.125,1.874999531,3.8975239,52.679394,FALSE,
0.8,0.075,0.045,0.125,1.666666296,3.8975239,52.679394,FALSE,
0.84,0.09,0,0.07,9000000,3.896547,63.453403,FALSE,
0.84,0.09,0.005,0.07,17.999964,3.896547,63.453403,FALSE,
0.86,0.07,0.035,0.07,1.999999429,3.89513,69.05582,FALSE,
0.86,0.02,0.04,0.12,0.499999875,3.8872724,72.73,FALSE,
0.86,0.02,0.045,0.12,0.444444346,3.8872724,72.73,FALSE,
0.86,0.03,0.04,0.11,0.749999813,3.8872724,72.73,FALSE,
0.86,0.03,0.045,0.11,0.666666519,3.8872724,72.73,FALSE,
0.86,0.04,0.04,0.1,0.99999975,3.8872724,72.73,FALSE,
0.86,0.04,0.045,0.1,0.888888691,3.8872724,72.73,FALSE,
0.88,0,0.04,0.12,0,3.8872724,72.73,FALSE,
0.88,0,0.045,0.12,0,3.8872724,72.73,FALSE,
0.88,0.01,0.04,0.11,0.249999938,3.8872724,72.73,FALSE,
0.88,0.01,0.045,0.11,0.222222173,3.8872724,72.73,FALSE,
0.88,0.02,0.04,0.1,0.499999875,3.8872724,72.73,FALSE,
0.88,0.02,0.045,0.1,0.444444346,3.8872724,72.73,FALSE,
0.88,0.05,0.03,0.07,1.666666111,3.8772652,69.27671,FALSE,
0.88,0.05,0.035,0.07,1.42857102,3.8772652,69.27671,FALSE,
0.8,0,0.04,0.2,0,3.875128,53.00456,FALSE,
0.8,0,0.045,0.2,0,3.875128,53.00456,FALSE,
0.8,0.05,0.04,0.15,1.249999688,3.875128,47.066624,FALSE,
0.8,0.05,0.045,0.15,1.111110864,3.875128,47.066624,FALSE,
0.82,0.03,0.04,0.15,0.749999813,3.875128,53.00456,FALSE,
0.82,0.03,0.045,0.15,0.666666519,3.875128,53.00456,FALSE,
0.84,0.01,0.04,0.15,0.249999938,3.875128,53.00456,FALSE,
0.84,0.01,0.045,0.15,0.222222173,3.875128,53.00456,FALSE,
0.88,0.07,0.035,0.05,1.999999429,3.87477,68.437805,FALSE,
0.96,0.03,0.005,0.01,5.999988,3.8722548,80.11021,FALSE,
0.96,0.04,0.005,0,7.999984,3.8722548,80.11021,FALSE,
0.9,0.03,0.005,0.07,5.999988,3.863915,80.247856,FALSE,
0.88,0.06,0.03,0.06,1.999999333,3.8569052,68.65868,FALSE,
0.88,0.06,0.035,0.06,1.714285224,3.8569052,68.65868,FALSE,
0.9,0.0375,0.005,0.0625,7.499985,3.8435545,80.11021,FALSE,
0.9,0.04,0.005,0.06,7.999984,3.8435545,80.11021,FALSE,
0.9,0.05,0.005,0.05,9.99998,3.8435545,74.930595,FALSE,
0.92,0.03,0.005,0.05,5.999988,3.8435545,80.11021,FALSE,
0.92,0.04,0.005,0.04,7.999984,3.8435545,80.11021,FALSE,
0.92,0.05,0.005,0.03,9.99998,3.8435545,74.930595,FALSE,
0.94,0.03,0.005,0.03,5.999988,3.8435545,80.11021,FALSE,
0.94,0.04,0.005,0.02,7.999984,3.8435545,80.11021,FALSE,
0.94,0.05,0.005,0.01,9.99998,3.8435545,74.930595,FALSE,
0.8,0.08,0.04,0.12,1.9999995,3.825416,55.685085,FALSE,
0.8,0.08,0.045,0.12,1.777777383,3.825416,55.685085,FALSE,
0.8,0.0875,0.045,0.1125,1.944444012,3.825416,55.685085,FALSE,
0.8,0.09,0.045,0.11,1.999999556,3.825416,55.685085,FALSE,
0.82,0.08,0.04,0.1,1.9999995,3.825416,55.685085,FALSE,
0.82,0.08,0.045,0.1,1.777777383,3.825416,55.685085,FALSE,
0.8,0.0875,0.04,0.1125,2.187499453,3.8058996,55.99635,FALSE,
0.8,0.09,0.04,0.11,2.249999438,3.8058996,55.99635,FALSE,
0.86,0.07,0.025,0.07,2.79999888,3.735325,76.509254,FALSE,
0.9,0,0.01,0.1,0,3.72653,79.05309,FALSE,
0.9,0,0.015,0.1,0,3.72653,79.05309,FALSE,
0.8,0.07,0.04,0.13,1.749999563,3.7171397,50.86902,FALSE,
0.8,0.07,0.045,0.13,1.55555521,3.7171397,50.86902,FALSE,
0.88,0.07,0.025,0.05,2.79999888,3.714965,76.264885,FALSE,
0.9,0.08,0.03,0.02,2.666665778,3.710404,77.7011,FALSE,
0.9,0.0875,0.03,0.0125,2.916665694,3.710404,77.7011,FALSE,
0.9,0.09,0.03,0.01,2.999999,3.710404,77.7011,FALSE,
0.9,0.09,0.035,0.01,2.571427837,3.710404,77.7011,FALSE,
0.92,0.08,0.03,0,2.666665778,3.710404,77.7011,FALSE,
0.88,0.03,0.015,0.09,1.999998667,3.7080693,73.27812,FALSE,
0.8,0.06,0.04,0.14,1.499999625,3.6665702,47.160988,FALSE,
0.8,0.06,0.045,0.14,1.333333037,3.6665702,47.160988,FALSE,
0.8,0.0625,0.04,0.1375,1.562499609,3.6665702,47.160988,FALSE,
0.8,0.0625,0.045,0.1375,1.38888858,3.6665702,47.160988,FALSE,
0.82,0.04,0.04,0.14,0.99999975,3.6665702,53.098923,FALSE,
0.82,0.04,0.045,0.14,0.888888691,3.6665702,53.098923,FALSE,
0.82,0.05,0.04,0.13,1.249999688,3.6665702,50.83137,FALSE,
0.82,0.05,0.045,0.13,1.111110864,3.6665702,50.83137,FALSE,
0.84,0.02,0.04,0.14,0.499999875,3.6665702,53.098923,FALSE,
0.84,0.02,0.045,0.14,0.444444346,3.6665702,53.098923,FALSE,
0.84,0.03,0.04,0.13,0.749999813,3.6665702,56.667316,FALSE,
0.84,0.03,0.045,0.13,0.666666519,3.6665702,56.667316,FALSE,
0.82,0.07,0.04,0.11,1.749999563,3.6450315,53.87471,FALSE,
0.82,0.07,0.045,0.11,1.55555521,3.6450315,53.87471,FALSE,
0.9,0,0,0.1,0,3.6353645,77.546875,FALSE,
0.9,0,0.005,0.1,0,3.6353645,77.546875,FALSE,
0.86,0.08,0,0.06,8000000,3.6007679,68.66832,FALSE,
0.86,0.08,0.005,0.06,15.999968,3.6007679,68.66832,FALSE,
0.86,0.09,0,0.05,9000000,3.6007679,68.66832,FALSE,
0.86,0.09,0.005,0.05,17.999964,3.6007679,68.66832,FALSE,
0.88,0.08,0,0.04,8000000,3.6007679,68.66832,FALSE,
0.88,0.08,0.005,0.04,15.999968,3.6007679,68.66832,FALSE,
0.88,0.09,0,0.03,9000000,3.6007679,68.66832,FALSE,
0.88,0.09,0.005,0.03,17.999964,3.6007679,68.66832,FALSE,
0.82,0.06,0.04,0.12,1.499999625,3.5944614,54.967136,FALSE,
0.82,0.06,0.045,0.12,1.333333037,3.5944614,54.967136,FALSE,
0.84,0.04,0.04,0.12,0.99999975,3.5944614,60.681072,FALSE,
0.84,0.04,0.045,0.12,0.888888691,3.5944614,60.681072,FALSE,
0.84,0.05,0.04,0.11,1.249999688,3.5944614,54.967136,FALSE,
0.84,0.05,0.045,0.11,1.111110864,3.5944614,54.967136,FALSE,
0.84,0.06,0.04,0.1,1.499999625,3.5944614,54.967136,FALSE,
0.84,0.06,0.045,0.1,1.333333037,3.5944614,54.967136,FALSE,
0.9,0.01,0.02,0.09,0.49999975,3.5732124,80.404045,FALSE,
0.9,0.01,0.025,0.09,0.39999984,3.5732124,80.404045,FALSE,
0.9,0.0125,0.02,0.0875,0.624999688,3.5732124,80.404045,FALSE,
0.9,0.0125,0.025,0.0875,0.4999998,3.5732124,80.404045,FALSE,
0.9,0.02,0.02,0.08,0.9999995,3.5732124,80.404045,FALSE,
0.9,0.02,0.025,0.08,0.79999968,3.5732124,80.404045,FALSE,
0.9,0.025,0.02,0.075,1.249999375,3.5732124,80.404045,FALSE,
0.9,0.025,0.025,0.075,0.9999996,3.5732124,80.404045,FALSE,
0.92,0,0.02,0.08,0,3.5732124,80.404045,FALSE,
0.92,0,0.025,0.08,0,3.5732124,80.404045,FALSE,
0.88,0.06,0.02,0.06,2.9999985,3.5630915,76.06995,FALSE,
0.86,0.07,0,0.07,7000000,3.5272613,68.68139,FALSE,
0.86,0.07,0.005,0.07,13.999972,3.5272613,68.68139,FALSE,
0.88,0.05,0,0.07,5000000,3.5272613,69.29791,FALSE,
0.88,0.06,0,0.06,6000000,3.5069013,69.2608,FALSE,
0.88,0.06,0.005,0.06,11.999976,3.5069013,69.2608,FALSE,
0.88,0.07,0,0.05,7000000,3.5069013,68.644264,FALSE,
0.88,0.07,0.005,0.05,13.999972,3.5069013,68.644264,FALSE,
0.9,0.075,0,0.025,7500000,3.4867265,73.60389,FALSE,
0.9,0.075,0.005,0.025,14.99997,3.4867265,73.60389,FALSE,
0.9,0.08,0,0.02,8000000,3.4867265,73.60389,FALSE,
0.9,0.08,0.005,0.02,15.999968,3.4867265,73.60389,FALSE,
0.9,0.0875,0,0.0125,8750000,3.4867265,73.60389,FALSE,
0.9,0.0875,0.005,0.0125,17.499965,3.4867265,73.60389,FALSE,
0.9,0.09,0,0.01,9000000,3.4867265,73.60389,FALSE,
0.9,0.09,0.005,0.01,17.999964,3.4867265,73.60389,FALSE,
0.92,0.08,0,0,8000000,3.4867265,73.60389,FALSE,
0.92,0.08,0.005,0,15.999968,3.4867265,73.60389,FALSE,
0.9,0.075,0.03,0.025,2.499999167,3.462006,73.82818,FALSE,
0.9,0.075,0.035,0.025,2.142856531,3.462006,73.82818,FALSE,
0.9,0.08,0.035,0.02,2.285713633,3.462006,73.82818,FALSE,
0.9,0.0875,0.035,0.0125,2.499999286,3.462006,73.82818,FALSE,
0.92,0.08,0.035,0,2.285713633,3.462006,73.82818,FALSE,
0.9,0,0.04,0.1,0,3.4565468,78.3722,FALSE,
0.9,0,0.045,0.1,0,3.4565468,78.3722,FALSE,
0.88,0.05,0.02,0.07,2.49999875,3.4320524,69.85239,FALSE,
0.96,0.01,0,0.03,1000000,3.4215598,79.61738,FALSE,
0.96,0.02,0,0.02,2000000,3.4215598,79.61738,FALSE,
0.96,0.03,0,0.01,3000000,3.4215598,79.61738,FALSE,
0.96,0.04,0,0,4000000,3.4215598,79.61738,FALSE,
0.98,0.01,0,0.01,1000000,3.4215598,79.61738,FALSE,
0.98,0.02,0,0,2000000,3.4215598,79.61738,FALSE,
0.9,0.03,0,0.07,3000000,3.41322,79.6545,FALSE,
0.92,0.01,0,0.07,1000000,3.41322,79.6545,FALSE,
0.88,0.06,0.025,0.06,2.39999904,3.4116924,69.234375,FALSE,
0.88,0.05,0.025,0.07,1.9999992,3.4077528,69.881355,FALSE,
0.9,0.0375,0,0.0625,3750000,3.39286,79.61738,FALSE,
0.9,0.04,0,0.06,4000000,3.39286,79.61738,FALSE,
0.9,0.05,0,0.05,5000000,3.39286,74.43778,FALSE,
0.9,0.06,0,0.04,6000000,3.39286,74.43778,FALSE,
0.9,0.06,0.005,0.04,11.999976,3.39286,74.43778,FALSE,
0.9,0.0625,0,0.0375,6250000,3.39286,74.43778,FALSE,
0.9,0.0625,0.005,0.0375,12.499975,3.39286,74.43778,FALSE,
0.9,0.07,0,0.03,7000000,3.39286,73.82124,FALSE,
0.9,0.07,0.005,0.03,13.999972,3.39286,73.82124,FALSE,
0.92,0.02,0,0.06,2000000,3.39286,79.61738,FALSE,
0.92,0.03,0,0.05,3000000,3.39286,79.61738,FALSE,
0.92,0.04,0,0.04,4000000,3.39286,79.61738,FALSE,
0.92,0.05,0,0.03,5000000,3.39286,74.43778,FALSE,
0.92,0.06,0,0.02,6000000,3.39286,74.43778,FALSE,
0.92,0.06,0.005,0.02,11.999976,3.39286,74.43778,FALSE,
0.92,0.07,0,0.01,7000000,3.39286,73.82124,FALSE,
0.92,0.07,0.005,0.01,13.999972,3.39286,73.82124,FALSE,
0.94,0.01,0,0.05,1000000,3.39286,79.61738,FALSE,
0.94,0.02,0,0.04,2000000,3.39286,79.61738,FALSE,
0.94,0.03,0,0.03,3000000,3.39286,79.61738,FALSE,
0.94,0.04,0,0.02,4000000,3.39286,79.61738,FALSE,
0.94,0.05,0,0.01,5000000,3.39286,74.43778,FALSE,
0.94,0.06,0,0,6000000,3.39286,74.43778,FALSE,
0.94,0.06,0.005,0,11.999976,3.39286,74.43778,FALSE,
0.86,0.1,0.04,0.04,2.499999375,3.3564668,66.28451,FALSE,
0.86,0.1,0.045,0.04,2.222221728,3.3564668,66.28451,FALSE,
0.86,0.11,0.045,0.03,2.444443901,3.3564668,66.28451,FALSE,
0.88,0.1,0.04,0.02,2.499999375,3.3564668,66.28451,FALSE,
0.88,0.1,0.045,0.02,2.222221728,3.3564668,66.28451,FALSE,
0.88,0.11,0.045,0.01,2.444443901,3.3564668,66.28451,FALSE,
0.9,0.07,0.03,0.03,2.333332556,3.3399034,73.36664,FALSE,
0.92,0.07,0.03,0.01,2.333332556,3.3399034,73.36664,FALSE,
0.96,0,0.03,0.04,0,3.3344414,79.42716,FALSE,
0.96,0,0.035,0.04,0,3.3344414,79.42716,FALSE,
0.96,0.01,0.03,0.03,0.333333222,3.3344414,79.42716,FALSE,
0.96,0.01,0.035,0.03,0.285714204,3.3344414,79.42716,FALSE,
0.96,0.02,0.03,0.02,0.666666444,3.3344414,79.42716,FALSE,
0.96,0.02,0.035,0.02,0.571428408,3.3344414,79.42716,FALSE,
0.96,0.03,0.03,0.01,0.999999667,3.3344414,79.42716,FALSE,
0.96,0.03,0.035,0.01,0.857142612,3.3344414,79.42716,FALSE,
0.96,0.04,0.03,0,1.333332889,3.3344414,79.42716,FALSE,
0.96,0.04,0.035,0,1.142856816,3.3344414,79.42716,FALSE,
0.98,0,0.03,0.02,0,3.3344414,79.42716,FALSE,
0.98,0,0.035,0.02,0,3.3344414,79.42716,FALSE,
0.98,0.01,0.03,0.01,0.333333222,3.3344414,79.42716,FALSE,
0.98,0.01,0.035,0.01,0.285714204,3.3344414,79.42716,FALSE,
0.98,0.02,0.03,0,0.666666444,3.3344414,79.42716,FALSE,
0.98,0.02,0.035,0,0.571428408,3.3344414,79.42716,FALSE,
0.9,0.0625,0.03,0.0375,2.083332639,3.3220382,73.58715,FALSE,
0.9,0.03,0.03,0.07,0.999999667,3.3180985,80.04518,FALSE,
0.9,0.03,0.035,0.07,0.857142612,3.3180985,80.04518,FALSE,
0.92,0.01,0.03,0.07,0.333333222,3.3180985,80.04518,FALSE,
0.92,0.01,0.035,0.07,0.285714204,3.3180985,80.04518,FALSE,
0.9,0.07,0.035,0.03,1.999999429,3.3156037,73.77439,FALSE,
0.92,0.07,0.035,0.01,1.999999429,3.3156037,73.77439,FALSE,
0.9,0.025,0.01,0.075,2.4999975,3.3146198,79.004005,FALSE,
0.86,0.05,0.04,0.09,1.249999688,3.3084464,67.92339,FALSE,
0.86,0.05,0.045,0.09,1.111110864,3.3084464,67.92339,FALSE,
0.86,0.06,0.04,0.08,1.499999625,3.3084464,67.92339,FALSE,
0.86,0.06,0.045,0.08,1.333333037,3.3084464,67.92339,FALSE,
0.88,0.03,0.04,0.09,0.749999813,3.3084464,73.35527,FALSE,
0.88,0.03,0.045,0.09,0.666666519,3.3084464,73.35527,FALSE,
0.88,0.04,0.04,0.08,0.99999975,3.3084464,73.35527,FALSE,
0.88,0.04,0.045,0.08,0.888888691,3.3084464,73.35527,FALSE,
0.9,0.0375,0.03,0.0625,1.249999583,3.2977386,79.42716,FALSE,
0.9,0.0375,0.035,0.0625,1.071428265,3.2977386,79.42716,FALSE,
0.9,0.04,0.03,0.06,1.333332889,3.2977386,79.42716,FALSE,
0.9,0.04,0.035,0.06,1.142856816,3.2977386,79.42716,FALSE,
0.9,0.05,0.03,0.05,1.666666111,3.2977386,73.9953,FALSE,
0.9,0.05,0.035,0.05,1.42857102,3.2977386,73.9953,FALSE,
0.9,0.06,0.03,0.04,1.999999333,3.2977386,73.9953,FALSE,
0.9,0.06,0.035,0.04,1.714285224,3.2977386,73.9953,FALSE,
0.9,0.0625,0.035,0.0375,1.785713776,3.2977386,73.9953,FALSE,
0.92,0.02,0.03,0.06,0.666666444,3.2977386,79.42716,FALSE,
0.92,0.02,0.035,0.06,0.571428408,3.2977386,79.42716,FALSE,
0.92,0.03,0.03,0.05,0.999999667,3.2977386,79.42716,FALSE,
0.92,0.03,0.035,0.05,0.857142612,3.2977386,79.42716,FALSE,
0.92,0.04,0.03,0.04,1.333332889,3.2977386,79.42716,FALSE,
0.92,0.04,0.035,0.04,1.142856816,3.2977386,79.42716,FALSE,
0.92,0.05,0.03,0.03,1.666666111,3.2977386,73.9953,FALSE,
0.92,0.05,0.035,0.03,1.42857102,3.2977386,73.9953,FALSE,
0.92,0.06,0.03,0.02,1.999999333,3.2977386,73.9953,FALSE,
0.92,0.06,0.035,0.02,1.714285224,3.2977386,73.9953,FALSE,
0.94,0,0.03,0.06,0,3.2977386,79.42716,FALSE,
0.94,0,0.035,0.06,0,3.2977386,79.42716,FALSE,
0.94,0.01,0.03,0.05,0.333333222,3.2977386,79.42716,FALSE,
0.94,0.01,0.035,0.05,0.285714204,3.2977386,79.42716,FALSE,
0.94,0.02,0.03,0.04,0.666666444,3.2977386,79.42716,FALSE,
0.94,0.02,0.035,0.04,0.571428408,3.2977386,79.42716,FALSE,
0.94,0.03,0.03,0.03,0.999999667,3.2977386,79.42716,FALSE,
0.94,0.03,0.035,0.03,0.857142612,3.2977386,79.42716,FALSE,
0.94,0.04,0.03,0.02,1.333332889,3.2977386,79.42716,FALSE,
0.94,0.04,0.035,0.02,1.142856816,3.2977386,79.42716,FALSE,
0.94,0.05,0.03,0.01,1.666666111,3.2977386,73.9953,FALSE,
0.94,0.05,0.035,0.01,1.42857102,3.2977386,73.9953,FALSE,
0.94,0.06,0.03,0,1.999999333,3.2977386,73.9953,FALSE,
0.94,0.06,0.035,0,1.714285224,3.2977386,73.9953,FALSE,
0.82,0.09,0.04,0.09,2.249999438,3.267562,56.78558,FALSE,
0.86,0.07,0.015,0.07,4.666663556,3.2424624,71.69326,FALSE,
0.88,0.05,0.01,0.07,4.999995,3.2424624,72.20735,FALSE,
0.9,0.075,0.025,0.025,2.9999988,3.240891,78.81653,FALSE,
0.9,0.08,0.025,0.02,3.19999872,3.240891,78.81653,FALSE,
0.92,0.08,0.025,0,3.19999872,3.240891,78.81653,FALSE,
0.9,0.0125,0.005,0.0875,2.499995,3.223454,77.49743,FALSE,
0.88,0.06,0.015,0.06,3.999997333,3.2221024,71.96298,FALSE,
0.88,0.07,0.015,0.05,4.666663556,3.2221024,71.44889,FALSE,
0.9,0.01,0.01,0.09,0.999999,3.1830397,79.412155,FALSE,
0.9,0.01,0.015,0.09,0.666666222,3.1830397,79.412155,FALSE,
0.9,0.0125,0.01,0.0875,1.24999875,3.1830397,79.412155,FALSE,
0.9,0.0125,0.015,0.0875,0.833332778,3.1830397,79.412155,FALSE,
0.9,0.02,0.01,0.08,1.999998,3.1830397,79.412155,FALSE,
0.9,0.02,0.015,0.08,1.333332444,3.1830397,79.412155,FALSE,
0.9,0.025,0.015,0.075,1.666665556,3.1830397,79.412155,FALSE,
0.92,0,0.01,0.08,0,3.1830397,79.412155,FALSE,
0.92,0,0.015,0.08,0,3.1830397,79.412155,FALSE,
0.82,0.09,0.045,0.09,1.999999556,3.1602807,56.275135,FALSE,
0.84,0.08,0.04,0.08,1.9999995,3.1602807,56.275135,FALSE,
0.84,0.08,0.045,0.08,1.777777383,3.1602807,56.275135,FALSE,
0.82,0.11,0.045,0.07,2.444443901,3.1552367,56.991817,FALSE,
0.84,0.1,0.04,0.06,2.499999375,3.1552367,55.352665,FALSE,
0.84,0.1,0.045,0.06,2.222221728,3.1552367,55.352665,FALSE,
0.84,0.11,0.045,0.05,2.444443901,3.1552367,55.352665,FALSE,
0.9,0.01,0.005,0.09,1.999996,3.091874,77.90558,FALSE,
0.92,0,0,0.08,0,3.091874,77.90558,FALSE,
0.92,0,0.005,0.08,0,3.091874,77.90558,FALSE,
0.9,0.075,0.015,0.025,4.999996667,3.087438,75.388885,FALSE,
0.88,0.05,0.015,0.07,3.333331111,3.045651,72.75894,FALSE,
0.84,0.07,0.04,0.09,1.749999563,3.0425787,54.770107,FALSE,
0.84,0.07,0.045,0.09,1.55555521,3.0425787,54.770107,FALSE,
0.9,0.07,0.025,0.03,2.79999888,3.020257,78.72154,FALSE,
0.92,0.07,0.025,0.01,2.79999888,3.020257,78.72154,FALSE,
0.9,0.1,0.04,0,2.499999375,2.9580321,71.082504,FALSE,
0.9,0.1,0.045,0,2.222221728,2.9580321,71.082504,FALSE,
0.96,0.04,0.01,0,3.999996,2.9496982,81.0976,FALSE,
0.9,0.0375,0.01,0.0625,3.74999625,2.90967,81.0976,FALSE,
0.9,0.04,0.01,0.06,3.999996,2.90967,81.0976,FALSE,
0.9,0.05,0.01,0.05,4.999995,2.90967,75.910324,FALSE,
0.9,0.06,0.015,0.04,3.999997333,2.90967,75.910324,FALSE,
0.9,0.0625,0.015,0.0375,4.166663889,2.90967,75.910324,FALSE,
0.9,0.07,0.015,0.03,4.666663556,2.90967,75.39623,FALSE,
0.92,0.04,0.01,0.04,3.999996,2.90967,81.0976,FALSE,
0.92,0.05,0.01,0.03,4.999995,2.90967,75.910324,FALSE,
0.92,0.06,0.015,0.02,3.999997333,2.90967,75.910324,FALSE,
0.92,0.07,0.015,0.01,4.666663556,2.90967,75.39623,FALSE,
0.94,0.04,0.01,0.02,3.999996,2.90967,81.0976,FALSE,
0.94,0.05,0.01,0.01,4.999995,2.90967,75.910324,FALSE,
0.94,0.06,0.015,0,3.999997333,2.90967,75.910324,FALSE,
0.9,0.01,0.04,0.09,0.249999938,2.8777192,78.98265,FALSE,
0.9,0.01,0.045,0.09,0.222222173,2.8777192,78.98265,FALSE,
0.9,0.0125,0.04,0.0875,0.312499922,2.8777192,78.98265,FALSE,
0.9,0.0125,0.045,0.0875,0.277777716,2.8777192,78.98265,FALSE,
0.9,0.02,0.04,0.08,0.499999875,2.8777192,78.98265,FALSE,
0.9,0.02,0.045,0.08,0.444444346,2.8777192,78.98265,FALSE,
0.9,0.025,0.04,0.075,0.624999844,2.8777192,78.98265,FALSE,
0.9,0.025,0.045,0.075,0.555555432,2.8777192,78.98265,FALSE,
0.92,0,0.04,0.08,0,2.8777192,78.98265,FALSE,
0.92,0,0.045,0.08,0,2.8777192,78.98265,FALSE,
0.9,0.06,0.02,0.04,2.9999985,2.8683834,78.52662,FALSE,
0.9,0.0625,0.02,0.0375,3.124998438,2.8683834,78.52662,FALSE,
0.92,0.06,0.02,0.02,2.9999985,2.8683834,78.52662,FALSE,
0.94,0.06,0.02,0,2.9999985,2.8683834,78.52662,FALSE,
0.96,0,0.02,0.04,0,2.8649287,80.169464,FALSE,
0.96,0,0.025,0.04,0,2.8649287,80.169464,FALSE,
0.96,0.01,0.02,0.03,0.49999975,2.8649287,80.169464,FALSE,
0.96,0.01,0.025,0.03,0.39999984,2.8649287,80.169464,FALSE,
0.96,0.02,0.02,0.02,0.9999995,2.8649287,80.169464,FALSE,
0.96,0.02,0.025,0.02,0.79999968,2.8649287,80.169464,FALSE,
0.96,0.03,0.02,0.01,1.49999925,2.8649287,80.169464,FALSE,
0.96,0.03,0.025,0.01,1.19999952,2.8649287,80.169464,FALSE,
0.96,0.04,0.02,0,1.999999,2.8649287,80.169464,FALSE,
0.96,0.04,0.025,0,1.59999936,2.8649287,80.169464,FALSE,
0.98,0,0.02,0.02,0,2.8649287,80.169464,FALSE,
0.98,0,0.025,0.02,0,2.8649287,80.169464,FALSE,
0.98,0.01,0.02,0.01,0.49999975,2.8649287,80.169464,FALSE,
0.98,0.01,0.025,0.01,0.39999984,2.8649287,80.169464,FALSE,
0.98,0.02,0.02,0,0.9999995,2.8649287,80.169464,FALSE,
0.98,0.02,0.025,0,0.79999968,2.8649287,80.169464,FALSE,
0.96,0.02,0.005,0.02,3.999992,2.8582022,79.88244,FALSE,
0.98,0.02,0.005,0,3.999992,2.8582022,79.88244,FALSE,
0.9,0.05,0.02,0.05,2.49999875,2.8525252,74.27259,FALSE,
0.9,0.06,0.025,0.04,2.39999904,2.8525252,74.27259,FALSE,
0.9,0.0625,0.025,0.0375,2.499999,2.8525252,74.27259,FALSE,
0.92,0.05,0.02,0.03,2.49999875,2.8525252,74.27259,FALSE,
0.92,0.06,0.025,0.02,2.39999904,2.8525252,74.27259,FALSE,
0.94,0.05,0.02,0.01,2.49999875,2.8525252,74.27259,FALSE,
0.94,0.06,0.025,0,2.39999904,2.8525252,74.27259,FALSE,
0.9,0.03,0.02,0.07,1.49999925,2.8485858,80.78748,FALSE,
0.9,0.03,0.025,0.07,1.19999952,2.8485858,80.78748,FALSE,
0.92,0.01,0.02,0.07,0.49999975,2.8485858,80.78748,FALSE,
0.92,0.01,0.025,0.07,0.39999984,2.8485858,80.78748,FALSE,
0.92,0.02,0.005,0.06,3.999992,2.8295023,79.88244,FALSE,
0.94,0.02,0.005,0.04,3.999992,2.8295023,79.88244,FALSE,
0.9,0.0375,0.02,0.0625,1.874999063,2.8282259,80.169464,FALSE,
0.9,0.0375,0.025,0.0625,1.4999994,2.8282259,80.169464,FALSE,
0.9,0.04,0.02,0.06,1.999999,2.8282259,80.169464,FALSE,
0.9,0.04,0.025,0.06,1.59999936,2.8282259,80.169464,FALSE,
0.9,0.05,0.025,0.05,1.9999992,2.8282259,74.68073,FALSE,
0.92,0.02,0.02,0.06,0.9999995,2.8282259,80.169464,FALSE,
0.92,0.02,0.025,0.06,0.79999968,2.8282259,80.169464,FALSE,
0.92,0.03,0.02,0.05,1.49999925,2.8282259,80.169464,FALSE,
0.92,0.03,0.025,0.05,1.19999952,2.8282259,80.169464,FALSE,
0.92,0.04,0.02,0.04,1.999999,2.8282259,80.169464,FALSE,
0.92,0.04,0.025,0.04,1.59999936,2.8282259,80.169464,FALSE,
0.92,0.05,0.025,0.03,1.9999992,2.8282259,74.68073,FALSE,
0.94,0,0.02,0.06,0,2.8282259,80.169464,FALSE,
0.94,0,0.025,0.06,0,2.8282259,80.169464,FALSE,
0.94,0.01,0.02,0.05,0.49999975,2.8282259,80.169464,FALSE,
0.94,0.01,0.025,0.05,0.39999984,2.8282259,80.169464,FALSE,
0.94,0.02,0.02,0.04,0.9999995,2.8282259,80.169464,FALSE,
0.94,0.02,0.025,0.04,0.79999968,2.8282259,80.169464,FALSE,
0.94,0.03,0.02,0.03,1.49999925,2.8282259,80.169464,FALSE,
0.94,0.03,0.025,0.03,1.19999952,2.8282259,80.169464,FALSE,
0.94,0.04,0.02,0.02,1.999999,2.8282259,80.169464,FALSE,
0.94,0.04,0.025,0.02,1.59999936,2.8282259,80.169464,FALSE,
0.94,0.05,0.025,0.01,1.9999992,2.8282259,74.68073,FALSE,
0.86,0.08,0.04,0.06,1.9999995,2.7700338,66.85825,FALSE,
0.86,0.08,0.045,0.06,1.777777383,2.7700338,66.85825,FALSE,
0.86,0.09,0.04,0.05,2.249999438,2.7700338,66.88454,FALSE,
0.86,0.09,0.045,0.05,1.999999556,2.7700338,66.85825,FALSE,
0.88,0.08,0.04,0.04,1.9999995,2.7700338,66.85825,FALSE,
0.88,0.08,0.045,0.04,1.777777383,2.7700338,66.85825,FALSE,
0.88,0.09,0.04,0.03,2.249999438,2.7700338,66.88454,FALSE,
0.88,0.09,0.045,0.03,1.999999556,2.7700338,66.85825,FALSE,
0.86,0.07,0.04,0.07,1.749999563,2.7019649,67.12312,FALSE,
0.86,0.07,0.045,0.07,1.55555521,2.7019649,67.12312,FALSE,
0.88,0.07,0.04,0.05,1.749999563,2.7019649,66.623245,FALSE,
0.88,0.07,0.045,0.05,1.55555521,2.7019649,66.623245,FALSE,
0.88,0.05,0.04,0.07,1.249999688,2.6841002,68.25074,FALSE,
0.88,0.05,0.045,0.07,1.111110864,2.6841002,68.25074,FALSE,
0.88,0.06,0.04,0.06,1.499999625,2.6841002,67.75086,FALSE,
0.88,0.06,0.045,0.06,1.333333037,2.6841002,67.75086,FALSE,
0.84,0.09,0.04,0.07,2.249999438,2.5688043,57.591877,FALSE,
0.84,0.09,0.045,0.07,1.999999556,2.5688043,57.081432,FALSE,
0.96,0.03,0.01,0.01,2.999997,2.5460212,81.45435,FALSE,
0.96,0.04,0.015,0,2.666664889,2.5460212,81.45435,FALSE,
0.96,0,0.01,0.04,0,2.5430796,79.177574,FALSE,
0.96,0,0.015,0.04,0,2.5430796,79.177574,FALSE,
0.96,0.01,0.01,0.03,0.999999,2.5430796,79.177574,FALSE,
0.96,0.01,0.015,0.03,0.666666222,2.5430796,79.177574,FALSE,
0.96,0.02,0.01,0.02,1.999998,2.5430796,79.177574,FALSE,
0.96,0.02,0.015,0.02,1.333332444,2.5430796,79.177574,FALSE,
0.96,0.03,0.015,0.01,1.999998667,2.5430796,79.177574,FALSE,
0.98,0,0.01,0.02,0,2.5430796,79.177574,FALSE,
0.98,0,0.015,0.02,0,2.5430796,79.177574,FALSE,
0.98,0.01,0.01,0.01,0.999999,2.5430796,79.177574,FALSE,
0.98,0.01,0.015,0.01,0.666666222,2.5430796,79.177574,FALSE,
0.98,0.02,0.01,0,1.999998,2.5430796,79.177574,FALSE,
0.98,0.02,0.015,0,1.333332444,2.5430796,79.177574,FALSE,
0.9,0.0375,0.015,0.0625,2.499998333,2.5306756,78.76945,FALSE,
0.9,0.03,0.015,0.07,1.999998667,2.5267363,79.79559,FALSE,
0.92,0.01,0.01,0.07,0.999999,2.5267363,79.79559,FALSE,
0.92,0.01,0.015,0.07,0.666666222,2.5267363,79.79559,FALSE,
0.9,0.03,0.01,0.07,2.999997,2.5206213,81.69871,FALSE,
0.92,0.02,0.01,0.06,1.999998,2.5063763,79.177574,FALSE,
0.92,0.02,0.015,0.06,1.333332444,2.5063763,79.177574,FALSE,
0.92,0.03,0.015,0.05,1.999998667,2.5063763,79.177574,FALSE,
0.94,0,0.01,0.06,0,2.5063763,79.177574,FALSE,
0.94,0,0.015,0.06,0,2.5063763,79.177574,FALSE,
0.94,0.01,0.01,0.05,0.999999,2.5063763,79.177574,FALSE,
0.94,0.01,0.015,0.05,0.666666222,2.5063763,79.177574,FALSE,
0.94,0.02,0.01,0.04,1.999998,2.5063763,79.177574,FALSE,
0.94,0.02,0.015,0.04,1.333332444,2.5063763,79.177574,FALSE,
0.94,0.03,0.015,0.03,1.999998667,2.5063763,79.177574,FALSE,
0.9,0.04,0.015,0.06,2.666664889,2.5002613,81.45435,FALSE,
0.9,0.05,0.015,0.05,3.333331111,2.5002613,76.315216,FALSE,
0.92,0.03,0.01,0.05,2.999997,2.5002613,81.45435,FALSE,
0.92,0.04,0.015,0.04,2.666664889,2.5002613,81.45435,FALSE,
0.92,0.05,0.015,0.03,3.333331111,2.5002613,76.315216,FALSE,
0.94,0.03,0.01,0.03,2.999997,2.5002613,81.45435,FALSE,
0.94,0.04,0.015,0.02,2.666664889,2.5002613,81.45435,FALSE,
0.94,0.05,0.015,0.01,3.333331111,2.5002613,76.315216,FALSE,
0.96,0,0,0.04,0,2.4515839,77.86994,FALSE,
0.96,0,0.005,0.04,0,2.4515839,77.86994,FALSE,
0.96,0.01,0.005,0.03,1.999996,2.4515839,77.86994,FALSE,
0.98,0,0,0.02,0,2.4515839,77.86994,FALSE,
0.98,0,0.005,0.02,0,2.4515839,77.86994,FALSE,
0.98,0.01,0.005,0.01,1.999996,2.4515839,77.86994,FALSE,
0.92,0.01,0.005,0.07,1.999996,2.4465687,78.381256,FALSE,
0.94,0,0,0.06,0,2.4262087,77.86994,FALSE,
0.94,0,0.005,0.06,0,2.4262087,77.86994,FALSE,
0.94,0.01,0.005,0.05,1.999996,2.4262087,77.86994,FALSE,
0.9,0.075,0.04,0.025,1.874999531,2.3393068,72.2894,FALSE,
0.9,0.075,0.045,0.025,1.666666296,2.3393068,72.2894,FALSE,
0.9,0.08,0.04,0.02,1.9999995,2.3393068,72.2894,FALSE,
0.9,0.08,0.045,0.02,1.777777383,2.3393068,72.2894,FALSE,
0.9,0.0875,0.04,0.0125,2.187499453,2.3393068,71.9365,FALSE,
0.9,0.0875,0.045,0.0125,1.944444012,2.3393068,72.2894,FALSE,
0.9,0.09,0.04,0.01,2.249999438,2.3393068,71.9365,FALSE,
0.9,0.09,0.045,0.01,1.999999556,2.3393068,72.2894,FALSE,
0.92,0.08,0.04,0,1.9999995,2.3393068,72.2894,FALSE,
0.92,0.08,0.045,0,1.777777383,2.3393068,72.2894,FALSE,
0.96,0,0.04,0.04,0,2.329698,78.81013,FALSE,
0.96,0,0.045,0.04,0,2.329698,78.81013,FALSE,
0.96,0.01,0.04,0.03,0.249999938,2.329698,78.81013,FALSE,
0.96,0.01,0.045,0.03,0.222222173,2.329698,78.81013,FALSE,
0.96,0.02,0.04,0.02,0.499999875,2.329698,78.81013,FALSE,
0.96,0.02,0.045,0.02,0.444444346,2.329698,78.81013,FALSE,
0.96,0.03,0.04,0.01,0.749999813,2.329698,78.81013,FALSE,
0.96,0.03,0.045,0.01,0.666666519,2.329698,78.81013,FALSE,
0.96,0.04,0.04,0,0.99999975,2.329698,78.81013,FALSE,
0.96,0.04,0.045,0,0.888888691,2.329698,78.81013,FALSE,
0.98,0,0.04,0.02,0,2.329698,78.81013,FALSE,
0.98,0,0.045,0.02,0,2.329698,78.81013,FALSE,
0.98,0.01,0.04,0.01,0.249999938,2.329698,78.81013,FALSE,
0.98,0.01,0.045,0.01,0.222222173,2.329698,78.81013,FALSE,
0.98,0.02,0.04,0,0.499999875,2.329698,78.81013,FALSE,
0.98,0.02,0.045,0,0.444444346,2.329698,78.81013,FALSE,
1,0,0,0,0,2.2957096,103.66981,FALSE,
0.9,0.07,0.04,0.03,1.749999563,2.2712386,72.25063,FALSE,
0.9,0.07,0.045,0.03,1.55555521,2.2712386,72.25063,FALSE,
0.92,0.07,0.04,0.01,1.749999563,2.2712386,72.25063,FALSE,
0.92,0.07,0.045,0.01,1.55555521,2.2712386,72.25063,FALSE,
0.9,0.03,0.04,0.07,0.749999813,2.2533734,79.31,FALSE,
0.9,0.03,0.045,0.07,0.666666519,2.2533734,79.31,FALSE,
0.9,0.0375,0.04,0.0625,0.937499766,2.2533734,78.81013,FALSE,
0.9,0.0375,0.045,0.0625,0.833333148,2.2533734,78.81013,FALSE,
0.9,0.04,0.04,0.06,0.99999975,2.2533734,78.81013,FALSE,
0.9,0.04,0.045,0.06,0.888888691,2.2533734,78.81013,FALSE,
0.9,0.05,0.04,0.05,1.249999688,2.2533734,73.378265,FALSE,
0.9,0.05,0.045,0.05,1.111110864,2.2533734,73.378265,FALSE,
0.9,0.06,0.04,0.04,1.499999625,2.2533734,73.378265,FALSE,
0.9,0.06,0.045,0.04,1.333333037,2.2533734,73.378265,FALSE,
0.9,0.0625,0.04,0.0375,1.562499609,2.2533734,73.378265,FALSE,
0.9,0.0625,0.045,0.0375,1.38888858,2.2533734,73.378265,FALSE,
0.92,0.01,0.04,0.07,0.249999938,2.2533734,79.31,FALSE,
0.92,0.01,0.045,0.07,0.222222173,2.2533734,79.31,FALSE,
0.92,0.02,0.04,0.06,0.499999875,2.2533734,78.81013,FALSE,
0.92,0.02,0.045,0.06,0.444444346,2.2533734,78.81013,FALSE,
0.92,0.03,0.04,0.05,0.749999813,2.2533734,78.81013,FALSE,
0.92,0.03,0.045,0.05,0.666666519,2.2533734,78.81013,FALSE,
0.92,0.04,0.04,0.04,0.99999975,2.2533734,78.81013,FALSE,
0.92,0.04,0.045,0.04,0.888888691,2.2533734,78.81013,FALSE,
0.92,0.05,0.04,0.03,1.249999688,2.2533734,73.378265,FALSE,
0.92,0.05,0.045,0.03,1.111110864,2.2533734,73.378265,FALSE,
0.92,0.06,0.04,0.02,1.499999625,2.2533734,73.378265,FALSE,
0.92,0.06,0.045,0.02,1.333333037,2.2533734,73.378265,FALSE,
0.94,0,0.04,0.06,0,2.2533734,78.81013,FALSE,
0.94,0,0.045,0.06,0,2.2533734,78.81013,FALSE,
0.94,0.01,0.04,0.05,0.249999938,2.2533734,78.81013,FALSE,
0.94,0.01,0.045,0.05,0.222222173,2.2533734,78.81013,FALSE,
0.94,0.02,0.04,0.04,0.499999875,2.2533734,78.81013,FALSE,
0.94,0.02,0.045,0.04,0.444444346,2.2533734,78.81013,FALSE,
0.94,0.03,0.04,0.03,0.749999813,2.2533734,78.81013,FALSE,
0.94,0.03,0.045,0.03,0.666666519,2.2533734,78.81013,FALSE,
0.94,0.04,0.04,0.02,0.99999975,2.2533734,78.81013,FALSE,
0.94,0.04,0.045,0.02,0.888888691,2.2533734,78.81013,FALSE,
0.94,0.05,0.04,0.01,1.249999688,2.2533734,73.378265,FALSE,
0.94,0.05,0.045,0.01,1.111110864,2.2533734,73.378265,FALSE,
0.94,0.06,0.04,0,1.499999625,2.2533734,73.378265,FALSE,
0.94,0.06,0.045,0,1.333333037,2.2533734,73.378265,FALSE,
