PI-content,CF-content,Sizing agent-content,GP-content,CF/S,TC_pred,TS_pred
0.75751933,0.174262377,0.050460064,0.137096056,3.453402757,13.813814,51.849625
0.769930568,0.146554071,0.056467301,0.110696286,2.595333475,13.766481,64.621826
0.759633761,0.159965705,0.054504957,0.098868415,2.934829755,12.129685,57.240013
0.778227186,0.135413256,0.051457354,0.07878866,2.6315116,12.129685,65.28344
0.77841756,0.140409097,0.051745652,0.091077211,2.713394829,12.129685,65.28344
0.730124311,0.119868036,0.022948244,0.107940409,5.22318009,11.97505,73.462204
0.753571126,0.122694754,0.024384518,0.124590825,5.031459781,11.97505,73.462204
0.765730695,0.101574508,0.020089639,0.113003992,5.055812669,11.97505,73.462204
0.783496021,0.121927228,0.023148138,0.116928152,5.267031105,11.97505,73.462204
0.771786142,0.117905231,0.021492218,0.103596308,5.485694648,11.97505,73.462204
0.777436872,0.122442085,0.024097132,0.102985667,5.080978252,11.97505,73.462204
0.771847308,0.105163941,0.020564347,0.128161511,5.113647825,11.944248,70.154465
0.750602302,0.131149782,0.020123666,0.107043449,6.516867572,11.929983,73.376045
0.768070904,0.132025147,0.025756449,0.12190475,5.125707318,11.929983,73.376045
0.749279899,0.134769344,0.025303662,0.121626192,5.325870172,11.917803,70.61797
0.749652882,0.142682072,0.021997373,0.116880734,6.486028496,11.917803,70.61797
0.744337023,0.143295087,0.020013661,0.117321512,7.159506077,11.917803,70.61797
0.744965243,0.147505792,0.028681782,0.110233852,5.142659897,11.917803,70.61797
0.734493366,0.135838056,0.025630726,0.101355733,5.299606194,11.917803,70.61797
0.752930725,0.158691546,0.024037262,0.119126881,6.601623025,11.917803,63.10141
0.738086965,0.158760468,0.029470165,0.104170953,5.386976354,11.917803,63.10141
0.77596996,0.135417247,0.021503687,0.102469061,6.297103773,11.917803,70.61797
0.789511436,0.138893346,0.025376229,0.100920249,5.473148627,11.917803,70.61797
0.73671814,0.12832557,0.023068228,0.145686446,5.562629706,11.899181,64.7389
0.74498243,0.129838767,0.025620883,0.127607668,5.067495089,11.899181,70.1946
0.738490064,0.108498,0.02581823,0.166934496,4.202216803,11.066168,63.805916
0.757384666,0.114820667,0.028161379,0.156264307,4.077094049,11.066168,63.805916
0.751109226,0.131930337,0.037633795,0.152704636,3.505541569,11.014911,61.430267
0.744556173,0.106838345,0.02541857,0.149287613,4.202995849,11.001737,63.841053
0.751968612,0.118141518,0.029560483,0.143829217,3.9964679,11.001737,63.841053
0.74323078,0.124514493,0.0291876,0.136017883,4.265860455,11.001737,63.841053
0.760035329,0.108322204,0.023460948,0.138957962,4.616931456,11.001737,63.841053
0.75361636,0.122167756,0.025396149,0.139252819,4.810294009,11.001737,63.841053
0.753613956,0.114111332,0.026300322,0.13676357,4.338615869,11.001737,63.841053
0.775455718,0.105826911,0.023619177,0.125987908,4.480360672,11.001737,69.02348
0.783524333,0.105383789,0.024934284,0.135274808,4.226291839,11.001737,63.841053
0.779438194,0.105589842,0.021732176,0.138640485,4.858463557,11.001737,63.841053
0.772474318,0.111102162,0.02395244,0.13935861,4.638254957,11.001737,63.841053
0.746149177,0.11437996,0.031103162,0.137307117,3.677320091,10.973341,60.266342
0.756116763,0.11133493,0.030805835,0.138063475,3.613968408,10.973341,60.266342
0.803944521,0.113995946,0.021109542,0.103387582,5.399953628,10.970266,72.96452
0.750051135,0.129689411,0.026838876,0.128304981,4.831967641,10.95667,69.33884
0.752088636,0.127388514,0.033261455,0.148775476,3.829798928,10.9504795,61.4654
0.744817298,0.126941076,0.035670324,0.13506411,3.558630954,10.9504795,61.4654
0.776990597,0.107114513,0.023005894,0.121132655,4.655757161,10.91785,72.33122
0.799339202,0.107611881,0.024048884,0.112959332,4.474528167,10.91785,72.33122
0.752610553,0.124153823,0.0343864,0.119674961,3.610445159,10.889454,68.08126
0.747654129,0.120903166,0.032929874,0.110942028,3.671422907,10.889454,68.08126
0.735846293,0.120634936,0.034390742,0.102205611,3.507671593,10.889454,68.08126
0.787669111,0.109535087,0.030630276,0.117340799,3.575923132,10.889454,68.08126
0.796330334,0.113174533,0.030953253,0.117187183,3.656186837,10.889454,68.08126
0.769106352,0.117252641,0.03220997,0.102099829,3.640146288,10.889454,68.08126
0.783995999,0.117023288,0.03008549,0.120219628,3.889562687,10.889454,68.08126
0.772823188,0.119434115,0.03235197,0.110092953,3.691596618,10.889454,68.08126
0.775698021,0.127349366,0.026235512,0.100786501,4.85389855,10.872783,72.52028
0.746572855,0.132921927,0.034141576,0.112336474,3.893142906,10.866592,69.54069
0.741977227,0.12812671,0.038342003,0.119212116,3.341592945,10.866592,69.54069
0.778072995,0.131318569,0.03724607,0.112112094,3.525607999,10.866592,69.54069
0.773854602,0.13997783,0.029965974,0.106577713,4.671069892,10.860602,69.795815
0.735364851,0.134583867,0.033581824,0.111312325,4.007520804,10.854412,66.87468
0.74807639,0.136412571,0.039039232,0.112634626,3.494153678,10.854412,66.87468
0.740906125,0.157246966,0.031843306,0.113323723,4.937993214,10.854412,59.844124
0.771904556,0.135757637,0.031351476,0.103751654,4.330045122,10.854412,66.87468
0.739376963,0.135499871,0.037258038,0.102495899,3.636698046,10.854412,66.87468
0.751846339,0.157958718,0.033839605,0.120375513,4.667727343,10.854412,59.844124
0.737630493,0.143053027,0.038250323,0.109781406,3.739819073,10.854412,66.87468
0.786581109,0.141494809,0.031125919,0.107802017,4.545737743,10.854412,66.87468
0.744702398,0.129086073,0.054264062,0.124352277,2.378806326,10.82222,58.82367
0.781283455,0.128614173,0.063924559,0.116478776,2.011936608,10.82222,58.82367
0.73831322,0.137153965,0.056238857,0.106488195,2.438732445,10.811561,56.539295
0.740805758,0.134646649,0.062551458,0.11458389,2.152539703,10.811561,56.539295
0.796531825,0.148419837,0.056723893,0.070567992,2.616485076,10.781979,65.48273
0.775469806,0.155156281,0.054981391,0.073691994,2.821926782,10.781979,57.439316
0.798556396,0.138890371,0.051258865,0.063858565,2.709534455,10.781979,64.75868
0.799430544,0.16935154,0.057418223,0.049391505,2.949387535,10.781979,56.715263
0.759312801,0.10575534,0.031914203,0.147428626,3.313635246,10.623691,60.882057
0.752961203,0.10912973,0.035877964,0.126134602,3.041607591,10.623691,66.17538
0.768997831,0.102162465,0.038621324,0.126377768,2.645166166,10.623691,66.17538
0.771146864,0.101432279,0.030903804,0.132522919,3.28208779,10.623691,66.17538
0.75068563,0.128699307,0.039778253,0.12589523,3.235337425,10.600829,67.6305
0.759154021,0.113977079,0.03590241,0.119217879,3.174547452,10.539804,69.05796
0.76239116,0.101904239,0.031594815,0.102442087,3.22524481,10.539804,69.05796
0.764756124,0.102933887,0.035441632,0.10363597,2.904239362,10.539804,69.05796
0.762522168,0.10656973,0.037461505,0.121358559,2.844703817,10.539804,69.05796
0.783254163,0.100488981,0.037232949,0.121170449,2.698853715,10.539804,69.05796
0.783305947,0.10176393,0.037549706,0.110005488,2.710040417,10.539804,69.05796
0.789919137,0.112300006,0.03945902,0.120456545,2.845918642,10.539804,69.05796
0.781241198,0.117703975,0.022363314,0.096440651,5.263026416,10.357255,73.73119
0.797301251,0.124509275,0.024523876,0.078814765,5.076856488,10.357255,73.73119
0.792262108,0.11712574,0.022323768,0.091268771,5.246448283,10.357255,73.73119
0.787049212,0.123529746,0.021336188,0.077965727,5.789410724,10.357255,73.73119
0.741915064,0.119687857,0.052947129,0.114421634,2.260473766,10.339422,57.540634
0.745793547,0.123322204,0.050582398,0.114669959,2.437997638,10.339422,57.540634
0.796484865,0.116284686,0.051477559,0.103044922,2.258895502,10.339422,57.540634
0.753312634,0.11256616,0.052995315,0.1513013,2.124037508,10.330884,50.961304
0.748843517,0.113937973,0.054149325,0.136139772,2.104105045,10.314306,51.024544
0.723802549,0.114517312,0.053278111,0.136253183,2.149384824,10.314306,51.024544
0.785987769,0.132189708,0.021360789,0.098839288,6.188138489,10.312188,73.645035
0.766777796,0.128057309,0.021709216,0.098849664,5.898481634,10.312188,73.645035
0.773400615,0.130885069,0.02472035,0.091025414,5.294414217,10.312188,73.645035
0.740094637,0.134301671,0.02499739,0.098987135,5.372412866,10.300008,70.88698
0.752274599,0.143244361,0.021216477,0.092911411,6.751243928,10.300008,70.88698
0.757818229,0.152450053,0.028248322,0.099054963,5.396591519,10.300008,63.009796
0.742856486,0.145444605,0.020887978,0.086751542,6.962743994,10.300008,70.88698
0.756565536,0.164726707,0.021738564,0.090153663,7.577277292,10.300008,63.009796
0.779129315,0.133889787,0.026322804,0.085179805,5.086262914,10.300008,70.88698
0.78190144,0.148467708,0.022278507,0.090303692,6.663868624,10.300008,70.88698
0.770308243,0.156082462,0.029559165,0.078201879,5.28016203,10.300008,63.009796
0.769230963,0.127481712,0.057714018,0.081464756,2.20881352,10.242299,59.570892
0.793761708,0.138053996,0.065214989,0.085666021,2.116873457,10.23164,57.28652
0.761428228,0.140082686,0.071374151,0.121653345,1.962625422,10.131217,55.925243
0.733925168,0.145980675,0.042110288,0.104243289,3.466545005,9.761915,64.25514
0.754738329,0.159553006,0.04398735,0.107571768,3.627165062,9.761915,57.144302
0.775976761,0.14432263,0.041122837,0.108456242,3.50946413,9.761915,64.25514
0.774814869,0.117687987,0.056013476,0.09871556,2.101028089,9.759503,58.287872
0.790103952,0.121954817,0.055214004,0.077177594,2.208726056,9.759503,58.287872
0.798742131,0.119011548,0.051667142,0.090507743,2.303383549,9.759503,58.287872
0.748387143,0.107617688,0.060102746,0.113631548,1.790532123,9.659079,57.600643
0.778570155,0.102306695,0.061372701,0.107162933,1.666946811,9.659079,57.600643
0.732750822,0.105950295,0.060877104,0.175835737,1.740367837,9.633074,50.545155
0.765792128,0.087967991,0.021107836,0.160313805,4.167353979,9.623752,63.225315
0.759851528,0.077411456,0.02217422,0.157884336,3.490899131,9.623752,63.225315
0.730867198,0.101814266,0.053300737,0.14983946,1.910149132,9.616496,50.608395
0.743993613,0.104045358,0.065402684,0.144432114,1.59081799,9.616496,50.608395
0.73521478,0.107211166,0.054094385,0.142496095,1.981891162,9.616496,50.608395
0.759755451,0.112001618,0.067665118,0.138703403,1.655209747,9.616496,50.608395
0.74964174,0.113921247,0.060059076,0.132338651,1.896788256,9.616496,55.248928
0.78133919,0.108257966,0.055122456,0.13208492,1.963918347,9.616496,55.248928
0.784178619,0.104492187,0.057488985,0.129310097,1.817571993,9.616496,55.248928
0.785830512,0.090434794,0.023042147,0.131180392,3.924585155,9.55932,68.44286
0.767271748,0.090720369,0.023450753,0.135607854,3.868383191,9.55932,63.26045
0.767696334,0.099860363,0.022473243,0.129060964,4.443324909,9.55932,68.44286
0.779266098,0.126950335,0.058098745,0.073011818,2.185041158,9.519566,60.372955
0.79477277,0.154778155,0.062078818,0.057952248,2.493212153,9.508906,48.30739
0.784433708,0.141978194,0.063897641,0.059891784,2.221928216,9.508906,56.3508
0.796514574,0.138797676,0.061266461,0.048083595,2.265438703,9.508906,56.3508
0.754748574,0.082128364,0.021827783,0.106455171,3.762388543,9.475433,71.75059
0.770250547,0.095885734,0.026501244,0.123551332,3.618023264,9.475433,71.75059
0.791324113,0.099134687,0.026801797,0.119039993,3.698669537,9.475433,71.75059
0.786172003,0.093554428,0.024500365,0.123358473,3.818335336,9.475433,71.75059
0.790224448,0.088380235,0.020026456,0.107585018,4.412953575,9.475433,71.75059
0.787889838,0.089996863,0.025269624,0.111354288,3.561323375,9.475433,71.75059
0.802597225,0.101008214,0.026186393,0.112078605,3.857131337,9.461255,70.82686
0.803711459,0.106038773,0.022721437,0.102241043,4.666698984,9.461255,70.82686
0.774228983,0.073131038,0.020520387,0.175054489,3.563649952,9.458865,61.722538
0.824963975,0.113220823,0.022590466,0.075781254,5.011663354,9.3638115,73.25368
0.818820245,0.142714497,0.028374821,0.082376427,5.029440337,9.344171,70.5479
0.808231706,0.144915533,0.021169494,0.081670655,6.845165258,9.344171,70.5479
0.730403299,0.106787572,0.04040324,0.143516624,2.642979372,9.325125,58.83288
0.751713683,0.113687331,0.043126536,0.142360431,2.636072989,9.325125,58.83288
0.741607825,0.130628888,0.048286692,0.136234292,2.705221214,9.325125,60.18754
0.765380366,0.111627376,0.04406651,0.129623129,2.533099207,9.325125,63.800705
0.765646437,0.114608773,0.045424746,0.141649909,2.522991533,9.325125,58.83288
0.753287511,0.131813595,0.045216075,0.12795141,2.915128762,9.325125,65.499725
0.755132674,0.121921915,0.044404537,0.125929357,2.745646672,9.325125,63.800705
0.772765372,0.071754858,0.020093468,0.147378295,3.570876314,9.308169,61.779827
0.79750964,0.072981585,0.02063466,0.136351,3.536673202,9.308169,61.779827
0.782746341,0.109468725,0.028719424,0.098585691,3.81152886,9.300054,72.78508
0.776135173,0.104444532,0.024668156,0.089910428,4.233810488,9.300054,72.78508
0.768228383,0.111301837,0.027422659,0.081006578,4.058606346,9.300054,72.78508
0.795223426,0.111777501,0.028233245,0.098259236,3.958933579,9.300054,72.78508
0.799444153,0.115781431,0.023974817,0.083467394,4.829092144,9.300054,72.78508
0.757674347,0.089579556,0.032751151,0.153881858,2.735073959,9.261142,61.00561
0.778577874,0.097637067,0.031809724,0.150103793,3.06931298,9.261142,61.00561
0.76562175,0.097723535,0.032385686,0.153831945,3.017398388,9.261142,61.00561
0.780150353,0.092324921,0.034113333,0.152663303,2.70633817,9.261142,61.00561
0.769362754,0.132514736,0.039254931,0.088132676,3.375661532,9.260038,70.257645
0.770289617,0.125164385,0.034288476,0.094325534,3.650227358,9.260038,70.257645
0.784592708,0.131033578,0.037792708,0.07912262,3.467073844,9.260038,70.257645
0.782212798,0.126059004,0.030034266,0.07511471,4.197033102,9.260038,70.257645
0.799758749,0.129020848,0.036302514,0.086666633,3.553949323,9.260038,70.257645
0.754735924,0.152571492,0.031459622,0.088379677,4.849601888,9.247858,59.752533
0.762858114,0.133555557,0.039507781,0.098622589,3.38040188,9.247858,67.59165
0.772113414,0.149949382,0.033886243,0.093271706,4.424950752,9.247858,67.59165
0.76974245,0.148131845,0.033017467,0.075473099,4.486333151,9.247858,67.59165
0.784504238,0.133456373,0.033191216,0.086443105,4.020712914,9.247858,67.59165
0.787378163,0.142475648,0.032353853,0.084067873,4.403532558,9.247858,67.59165
0.752598828,0.137811676,0.028101,0.098416173,4.903981056,9.242806,70.249695
0.777240925,0.139009057,0.027858904,0.084654358,4.98957412,9.242806,70.249695
0.759055723,0.135332148,0.028534265,0.079131475,4.742628027,9.242806,70.249695
0.796642153,0.133407345,0.028962099,0.080336952,4.606114321,9.242806,70.249695
0.74765863,0.093502348,0.028388641,0.157124818,3.293537469,9.237244,63.288853
0.745365823,0.092300039,0.029454895,0.151487806,3.133499693,9.237244,63.288853
0.746907876,0.112260069,0.043276966,0.120417869,2.593931283,9.235552,65.79522
0.753015473,0.113694335,0.042865893,0.101884509,2.652264398,9.235552,65.79522
0.760698586,0.107242164,0.040247625,0.118019402,2.664492641,9.235552,65.79522
0.762621845,0.106043193,0.042199723,0.120817234,2.512828834,9.235552,65.79522
0.780470974,0.118141542,0.041034058,0.117746838,2.879039249,9.235552,65.79522
0.791395866,0.11086047,0.041942548,0.114713913,2.643087596,9.235552,65.79522
0.78874511,0.116390604,0.040282404,0.103418156,2.88929419,9.235552,65.79522
0.755219416,0.145917525,0.046145059,0.106525259,3.162079903,9.2233715,65.04625
0.740253183,0.143960194,0.044267374,0.105711412,3.251987368,9.2233715,65.04625
0.761585956,0.133605158,0.0468458,0.112666613,2.851959126,9.2233715,65.04625
0.781296288,0.133180619,0.045297967,0.119609322,2.940036588,9.2233715,65.04625
0.777449666,0.140487071,0.047409626,0.106209365,2.96319796,9.2233715,65.04625
0.766727691,0.139430021,0.049132989,0.103801389,2.837750917,9.2233715,65.04625
0.804789798,0.114004814,0.030907443,0.106833146,3.688468311,9.208766,65.18714
0.7554256,0.096480787,0.031837392,0.136471341,3.030328498,9.196712,61.06886
0.766532063,0.092230831,0.031983574,0.13572627,2.883603498,9.196712,61.06886
0.775818741,0.090774805,0.03045758,0.146788434,2.980270411,9.196712,61.06886
0.756327348,0.077582394,0.030939083,0.131883241,2.507504375,9.196712,66.26479
0.758872841,0.08844741,0.033371552,0.12757672,2.650304015,9.196712,66.26479
0.768483997,0.090288753,0.034511361,0.137095995,2.616127973,9.196712,61.06886
0.796439441,0.094063638,0.031030285,0.139280157,3.031251758,9.196712,61.06886
0.768382135,0.089164007,0.03014456,0.1423046,2.957782431,9.196712,61.06886
0.792654542,0.081302583,0.031552326,0.125163742,2.576672381,9.196712,66.26479
0.78918452,0.086727568,0.033173062,0.125657377,2.614318631,9.196712,66.26479
0.746988963,0.090723274,0.02897228,0.13084245,3.131273828,9.172813,68.765076
0.785214138,0.099061886,0.031619609,0.102341063,3.132826629,9.1128235,69.14738
0.779049817,0.096114792,0.029717663,0.115130573,3.234155973,9.088925,72.0728
0.7598063,0.075116726,0.026957881,0.108808269,2.786344413,9.088925,72.0728
0.786014324,0.080795979,0.028412158,0.116171825,2.843611309,9.088925,72.0728
0.799497619,0.08288333,0.027479677,0.120921139,3.01605852,9.088925,72.0728
0.793481639,0.078181259,0.02899609,0.10574182,2.696176013,9.088925,72.0728
0.783563988,0.074296486,0.024643261,0.156288475,3.014758083,9.029493,61.77623
0.791690499,0.095034198,0.05722447,0.106503503,1.660697562,8.960884,57.478916
0.794231081,0.09416446,0.050935235,0.101525261,1.848673355,8.960884,57.478916
0.766817793,0.123704828,0.037710653,0.089113066,3.280281209,8.933248,69.75838
0.777888647,0.101590921,0.032880976,0.096602689,3.089562507,8.933248,69.75838
0.747083063,0.087237537,0.060230566,0.136095642,1.448369071,8.9183035,50.268887
0.762542612,0.082700574,0.050067464,0.14701999,1.651749761,8.9183035,50.268887
0.78013786,0.087887237,0.051432015,0.147099327,1.708770832,8.9183035,50.268887
0.796221562,0.094901933,0.05467185,0.126739472,1.735814645,8.9183035,54.90942
0.776307406,0.084500587,0.052685936,0.130481168,1.603824286,8.9183035,54.90942
0.774271711,0.069434424,0.025989338,0.147317309,2.671547554,8.878797,61.86162
0.792436493,0.072618896,0.022925435,0.125848655,3.167474408,8.878797,67.27461
0.747658466,0.108745171,0.015055764,0.151501357,7.222346894,8.844334,61.00223
0.764656488,0.110731278,0.01445936,0.15083883,7.657573865,8.844334,61.00223
0.794887843,0.125697604,0.023598391,0.074535924,5.326307187,8.81894,74.00772
0.784848089,0.072289964,0.021822391,0.121840905,3.312499131,8.794909,70.58234
0.791243817,0.070837259,0.024471809,0.109185866,2.894529105,8.794909,70.58234
0.794754797,0.14018819,0.022782186,0.063417539,6.153142529,8.786399,70.50607
0.787778722,0.156957229,0.025785974,0.03479153,6.086686483,8.786399,62.47103
0.796904536,0.144191215,0.024323012,0.063810589,5.927937091,8.786399,70.50607
0.785915387,0.158863494,0.024347056,0.052604441,6.524688961,8.786399,62.47103
0.779180706,0.139894018,0.024864118,0.050330233,5.626115198,8.786399,70.50607
0.799032869,0.156649272,0.024482921,0.049925192,6.398046863,8.786399,62.47103
0.796037446,0.152430047,0.024777661,0.045268171,6.151666035,8.786399,62.47103
0.740919759,0.104685608,0.010672139,0.141235774,9.808324369,8.779902,61.03737
0.750675282,0.101403703,0.015200744,0.129927742,6.670530802,8.779902,66.3848
0.743982934,0.109194003,0.016435415,0.134357101,6.64341962,8.779902,61.03737
0.749865028,0.119153903,0.018775098,0.146552336,6.346041723,8.779902,61.03737
0.760571222,0.100948102,0.01168994,0.132941601,8.634729234,8.779902,66.3848
0.758125258,0.122956245,0.012616151,0.145741468,9.745167279,8.779902,61.03737
0.7635624,0.104833575,0.014639875,0.126540927,7.160335308,8.779902,66.3848
0.743548802,0.109026975,0.014306011,0.131686514,7.620527939,8.779902,66.3848
0.764222552,0.113876877,0.01407974,0.131812539,8.087421125,8.779902,66.3848
0.768466708,0.111539007,0.018506352,0.129058241,6.026740537,8.779902,66.3848
0.797305932,0.064003986,0.058804036,0.154714124,1.088409949,8.774034,48.14316
0.732369598,0.132041055,0.013264131,0.125717342,9.953995217,8.764722,66.52387
0.75324084,0.127468917,0.015761248,0.143096575,8.086975572,8.764722,61.128574
0.774632421,0.13882989,0.014237461,0.128994179,9.750343554,8.752542,64.041985
0.770280681,0.070921924,0.054520678,0.140269814,1.300802296,8.725134,48.32305
0.793373762,0.073466495,0.059973298,0.133690665,1.224966314,8.725134,48.32305
0.747803281,0.117820811,0.01941403,0.118729072,6.068535984,8.706262,68.92879
0.75968645,0.121133191,0.017191895,0.11489936,7.045537775,8.706262,68.92879
0.750996514,0.124828263,0.019088156,0.120073044,6.539223688,8.706262,68.92879
0.774404746,0.106704638,0.012981784,0.117906244,8.218933653,8.706262,68.92879
0.760641378,0.106637453,0.015569109,0.118454142,6.848856952,8.706262,68.92879
0.779621035,0.10290559,0.018243753,0.119190507,5.640284057,8.706262,68.92879
0.755479122,0.111671396,0.014444122,0.108331853,7.730734039,8.706262,68.92879
0.776173274,0.121403599,0.01271931,0.116464872,9.544075621,8.706262,68.92879
0.764939826,0.117931074,0.015921994,0.105628545,7.406337988,8.706262,68.92879
0.790956834,0.10061371,0.017502166,0.111325977,5.748314957,8.706262,68.92879
0.796739765,0.117963608,0.018289747,0.105308672,6.449359702,8.706262,68.92879
0.768861859,0.128931348,0.017384674,0.112118497,7.415953591,8.69108,68.94157
0.730812288,0.129737521,0.017973627,0.114758709,7.217814466,8.69108,68.94157
0.795923873,0.130798573,0.018799377,0.105614726,6.957231389,8.69108,68.94157
0.76477894,0.136797252,0.017174014,0.123535193,7.964899003,8.6789,66.45969
0.742979469,0.135348173,0.014705061,0.122872725,9.203563861,8.6789,66.45969
0.755868571,0.139544878,0.016096223,0.101142862,8.668879093,8.6789,66.45969
0.788167415,0.047273406,0.055613704,0.146633347,0.850016308,8.674563,54.183575
0.79887672,0.065124993,0.071785622,0.135632321,0.907202368,8.674563,48.24564
0.799920274,0.066216769,0.057720139,0.129845914,1.147184032,8.674563,52.925938
0.794076061,0.058476165,0.065720119,0.127065055,0.889762155,8.674563,52.925938
0.795557067,0.093173413,0.065321918,0.076487096,1.426351064,8.2655115,58.076725
0.757870846,0.147704513,0.043280482,0.092765134,3.412649153,8.155361,64.92554
0.741793177,0.146075289,0.042142444,0.09028938,3.466145033,8.155361,64.92554
0.753761043,0.158286408,0.041734419,0.078881529,3.792615783,8.155361,57.05271
0.773490302,0.141954025,0.040592996,0.076672177,3.496921705,8.155361,64.92554
0.765230299,0.104794415,0,0.161433981,104794.4152,8.020228,55.713486
0.800480849,0.079742473,0.020466574,0.103368354,3.896039404,8.018844,70.313934
0.805770721,0.079510395,0.02373043,0.109633015,3.350425843,8.018844,70.313934
0.800865898,0.094975962,0.02436579,0.11066541,3.897762582,8.018844,70.313934
0.824835771,0.076493635,0.022313298,0.110525473,3.428009989,8.018844,70.313934
0.83882159,0.090294575,0.024439548,0.104389572,3.69445787,8.018844,70.313934
0.815295503,0.126261779,0.023129174,0.072001225,5.458747521,8.015848,73.58015
0.831351718,0.108277662,0.021120093,0.053126697,5.126517891,8.002948,72.87277
0.830228355,0.123356648,0.021430071,0.056092388,5.755972278,8.002948,72.87277
0.846422704,0.114841212,0.022260067,0.054799397,5.158836875,8.002948,72.87277
0.844713833,0.109944397,0.021348934,0.03697903,5.149636468,8.002948,72.87277
0.857368439,0.159411819,0.031831948,0,5.007761724,8.002911,65.19184
0.855159392,0.160251092,0.031872385,0,5.027740041,8.002911,65.19184
0.831523229,0.12955107,0.021646124,0.036906533,5.9846781,7.995487,72.83657
0.813803301,0.13290211,0.023654078,0.034687386,5.618333267,7.995487,72.83657
0.847909767,0.129532755,0.021909338,0.043226824,5.911946997,7.995487,72.83657
0.844481419,0.127908971,0.022507972,0.014106574,5.682577067,7.995487,72.83657
0.849724851,0.128725039,0.021094991,0.013796997,6.101872103,7.995487,72.83657
0.80924027,0.137829839,0.02290301,0.050634851,6.017716386,7.983306,70.16701
0.816964564,0.144847816,0.0220324,0.063469412,6.574011135,7.983306,70.16701
0.832716987,0.147376538,0.023438206,0.05027151,6.287607819,7.983306,70.16701
0.824530794,0.150908617,0.021553942,0.029670063,7.001114351,7.983306,62.132393
0.829770408,0.135370605,0.021008379,0.04139903,6.443341608,7.983306,70.16701
0.827387892,0.142843904,0.024585282,0.021072267,5.809902568,7.983306,70.16701
0.824283987,0.148195247,0.027165045,0.031077601,5.455164549,7.983306,70.16701
0.839758132,0.147066082,0.022758184,0.017684133,6.461834493,7.983306,70.16701
0.838300832,0.135906915,0.023831235,0.013215845,5.702650759,7.983306,70.16701
0.841731196,0.14098205,0.024723702,0.00257417,5.702072834,7.983306,70.16701
0.834374541,0.143461016,0.024242103,0,5.917601302,7.983306,70.16701
0.844709473,0.150273134,0.023685505,0,6.34425107,7.983306,62.132393
0.836434182,0.144392391,0.027059123,0.003699256,5.335984369,7.983306,70.16701
0.739871689,0.100870022,0.006331184,0.125100537,15.92973551,7.939093,60.58404
0.735752518,0.108011073,0.009026614,0.139432821,11.96452042,7.939093,55.74339
0.768522782,0.101669439,0.007511279,0.134072972,13.53376819,7.939093,55.74339
0.739422891,0.104504597,0.003460353,0.142569974,30.19183725,7.939093,55.74339
0.758225449,0.108832341,0.007856597,0.126763504,13.85058769,7.939093,60.58404
0.737791564,0.103644422,0,0.135640985,103644.4216,7.939093,55.74339
0.745393612,0.114511028,0.004733944,0.13315711,24.18424169,7.939093,55.74339
0.738037934,0.118409548,0,0.12882828,118409.5479,7.939093,60.58404
0.750870471,0.113951372,0,0.138523625,113951.3721,7.939093,55.74339
0.776537251,0.10487276,0,0.129446758,104872.76,7.939093,60.58404
0.767846963,0.100565531,0,0.126475463,100565.5312,7.939093,60.58404
0.783657552,0.105517408,0.009638059,0.129113576,10.94685767,7.939093,60.58404
0.770069991,0.115184016,0.000160524,0.125844944,713.1069869,7.939093,60.58404
0.850269324,0.075071785,0.020884192,0.102472715,3.594498133,7.937009,75.571815
0.73893665,0.142187802,0.001990108,0.133959142,71.41138555,7.9353423,54.25366
0.750917608,0.137179592,0.003295099,0.145520733,41.61877242,7.9353423,54.25366
0.746723379,0.142289805,0,0.129437155,142289.805,7.9353423,58.270092
0.815813481,0.070819848,0.020134811,0.12691173,3.517109293,7.924958,65.57597
0.787776649,0.100329303,0.018390197,0.093876725,5.455289487,7.8618917,69.250015
0.769084286,0.108828135,0.01868563,0.093322426,5.823850367,7.8618917,69.250015
0.778109076,0.115906439,0.016380326,0.094235079,7.075522328,7.8618917,69.250015
0.783723206,0.115930118,0.015409899,0.097443111,7.522605749,7.8618917,69.250015
0.789878956,0.11825066,0.018468016,0.077567833,6.402650875,7.8618917,69.250015
0.808711247,0.105027844,0.022930154,0.096977306,4.580137736,7.854801,71.332146
0.803269274,0.111789313,0.022403346,0.093834287,4.989626329,7.854801,71.332146
0.81143754,0.103343686,0.026625925,0.079622922,3.881172414,7.854801,71.332146
0.803336621,0.111310652,0.026398863,0.093927684,4.216334501,7.854801,71.332146
0.806543657,0.106837828,0.023188009,0.089764302,4.607261537,7.854801,71.332146
0.827438007,0.105126374,0.029680141,0.077530817,3.54185755,7.854801,71.332146
0.783384799,0.093616611,0.022739584,0.091851162,4.116719756,7.844397,72.20446
0.795919246,0.097573187,0.027330196,0.089241062,3.570029852,7.844397,72.20446
0.742801558,0.12345158,0,0.11059296,123451.5797,7.8403344,64.225784
0.753436183,0.114475955,0.008817976,0.121355291,12.9806409,7.8403344,64.225784
0.750970775,0.121614142,0,0.114500752,121614.142,7.8403344,64.225784
0.746078918,0.123626923,0.008224312,0.114017207,15.03005859,7.8403344,64.225784
0.754040509,0.113792998,0,0.12241017,113792.9985,7.8403344,64.225784
0.757910319,0.119158871,0,0.102134279,119158.8706,7.8403344,64.225784
0.781513913,0.114116767,0.007511536,0.121379566,15.19017812,7.8403344,64.225784
0.789412733,0.121590741,0,0.104314792,121590.7406,7.8403344,64.225784
0.786631638,0.114254899,0.001131052,0.111158183,100.92724,7.8403344,64.225784
0.775102331,0.121972469,0,0.107378666,121972.4692,7.8403344,64.225784
0.773482149,0.114066131,0,0.109880027,114066.1314,7.8403344,64.225784
0.780883172,0.109706679,0.00118722,0.10021977,92.32859868,7.8403344,64.225784
0.768773005,0.118215932,0.002334421,0.117265116,50.61868785,7.8403344,64.225784
0.781103703,0.117514714,0,0.102114671,117514.7138,7.8403344,64.225784
0.78181953,0.124055413,0,0.102521949,124055.4129,7.8403344,64.225784
0.784751197,0.118382162,0.006926201,0.102964304,17.08946545,7.8403344,64.225784
0.795123938,0.11589839,0.008942079,0.11737985,12.95956288,7.8403344,64.225784
0.795674418,0.105740712,0,0.104289679,105740.7122,7.8403344,64.225784
0.752575504,0.107524952,0.010152216,0.116576346,10.59023539,7.839144,67.18782
0.74814341,0.136259589,0.004531583,0.117465983,30.06223556,7.8365827,61.08062
0.758219025,0.133333339,0.009524782,0.123307256,13.9971023,7.8365827,61.08062
0.751745778,0.139576866,0.000384878,0.116504745,361.7124871,7.8365827,61.08062
0.749734861,0.148883378,0.006614531,0.120106007,22.50513014,7.8365827,61.08062
0.742167467,0.137690437,0,0.114886088,137690.4372,7.8365827,61.08062
0.746779385,0.152579218,0.005417409,0.101188623,28.1594151,7.8365827,52.948574
0.737691357,0.163486088,0,0.119015003,163486.0883,7.8365827,52.948574
0.752504929,0.14883771,0.000583703,0.122143299,254.5527096,7.8365827,61.08062
0.775758046,0.134506034,0,0.118059466,134506.0341,7.8365827,61.08062
0.841220174,0.16199436,0.031332253,0.005459609,5.170045999,7.8365393,58.46923
0.745208258,0.139041366,0.010386061,0.124107463,13.38601651,7.8353915,65.00043
0.735981489,0.142873289,0.010901065,0.114539052,13.10515883,7.8353915,65.00043
0.758135172,0.151855077,0.011383716,0.111037132,13.33850418,7.8353915,57.834785
0.768657745,0.141107592,0.013665442,0.119837041,10.3251158,7.8353915,65.00043
0.780193465,0.149515498,0.012576191,0.105372106,11.88782956,7.8353915,65.00043
0.749255541,0.130002698,0.00507587,0.116949551,25.60685902,7.825154,63.571224
0.772918777,0.132549331,0.002964902,0.116937061,44.69106565,7.825154,63.571224
0.76671005,0.127751555,0.006123322,0.111469045,20.85970529,7.825154,63.571224
0.774790984,0.132005317,0,0.120154138,132005.3166,7.825154,63.571224
0.775210038,0.132597123,0,0.101848587,132597.123,7.825154,63.571224
0.773529426,0.127168611,0.009558152,0.111639863,13.30333669,7.825154,63.571224
0.747009926,0.127205414,0.01076814,0.101351446,11.81203041,7.8239627,67.32805
0.777320499,0.128878331,0.010815141,0.101936118,11.91537097,7.8239627,67.32805
0.871083514,0.131842566,0.02141783,0.010052613,6.155451251,7.819105,77.124146
0.851845513,0.1342941,0.023048908,0.028948815,5.826231561,7.806924,74.32303
0.855136001,0.144947057,0.021930593,0.011155967,6.60905278,7.806924,74.32303
0.783451433,0.12096924,0.029571208,0.072715275,4.090639448,7.806805,73.147766
0.850570131,0.112840958,0.020815699,0.055724714,5.420694173,7.8043604,76.93844
0.853811584,0.120044833,0.021536703,0.037039439,5.573706328,7.8043604,76.93844
0.879271944,0.102615193,0.020040419,0.040495743,5.12015596,7.8043604,76.93844
0.862656511,0.102460836,0.02049006,0.021890285,5.000270216,7.8043604,76.93844
0.87411637,0.111523062,0.022062285,0,5.054689783,7.8043604,76.93844
0.872139958,0.120779785,0.021467359,0,5.62594408,7.8043604,76.93844
0.871568077,0.121117992,0.02359739,0.001095908,5.132468462,7.8043604,76.93844
0.760925362,0.131419706,0.018018053,0.099020913,7.293374594,7.7876825,69.262794
0.766602782,0.132625734,0.018929174,0.094148407,7.006049405,7.7876825,69.262794
0.791439162,0.129532591,0.013840712,0.084922832,9.358133883,7.7876825,69.262794
0.792095255,0.125055892,0.014085106,0.083327605,8.877960576,7.7876825,69.262794
0.773698569,0.137794649,0.016383225,0.097794341,8.410202411,7.775502,66.78092
0.783576596,0.135726805,0.01606254,0.078758781,8.449370864,7.775502,66.78092
0.775125924,0.133971793,0.014009552,0.094057176,9.562206315,7.775502,66.78092
0.776503938,0.149559042,0.019893961,0.076716247,7.517433436,7.775502,66.78092
0.793314588,0.145840331,0.019036032,0.076920042,7.660875411,7.775502,66.78092
0.785924883,0.130223544,0.035739819,0.069986899,3.643552343,7.7667885,70.5376
0.789753562,0.148183023,0.032001438,0.07395295,4.630366673,7.754608,67.87159
0.774809838,0.134107658,0.030338665,0.073127209,4.420208945,7.754608,67.87159
0.767269902,0.144700442,0.033712995,0.070999288,4.291999214,7.754608,67.87159
0.798150979,0.132154157,0.028521721,0.065716804,4.633294239,7.7413783,72.593254
0.797596746,0.141566937,0.031740493,0.057860735,4.459996182,7.734248,67.12801
0.787488864,0.134393949,0.035066065,0.061946691,3.832483493,7.734248,67.12801
0.792956563,0.156535903,0.039036775,0.05487976,4.009857182,7.734248,59.288895
0.799623653,0.146729827,0.032833367,0.054032996,4.468787987,7.734248,67.12801
0.777766908,0.087059945,0.010017192,0.168951486,8.690185125,7.733739,60.432728
0.797969546,0.09757976,0.017819352,0.101669524,5.475748117,7.7001104,68.24391
0.745305256,0.095127971,0.018144705,0.140297287,5.242451039,7.6693077,60.46787
0.760309995,0.097961284,0.019390483,0.135926276,5.051768614,7.6693077,60.46787
0.766104856,0.075852094,0.010229325,0.132201249,7.414436119,7.6693077,65.815285
0.781256673,0.089321916,0.010228415,0.138996613,8.731869626,7.6693077,60.46787
0.775582087,0.094113627,0.010247457,0.136760911,9.183199715,7.6693077,60.46787
0.782589692,0.096021183,0.017100915,0.13490841,5.614644942,7.6693077,60.46787
0.771654988,0.095368386,0.015318249,0.137146668,6.225395824,7.6693077,60.46787
0.765184913,0.096283263,0.013209766,0.140859752,7.288242369,7.6693077,60.46787
0.789647577,0.084114191,0.016629099,0.137252567,5.057948998,7.6693077,60.46787
0.79761052,0.078722661,0.00890071,0.107933309,8.843543275,7.644478,64.484314
0.772978073,0.12309999,0.044380302,0.093643641,2.773690361,7.6289964,66.449066
0.783135096,0.121435879,0.040401786,0.097295752,3.005631324,7.6289964,66.449066
0.775245102,0.132923741,0.042141238,0.083961875,3.154169033,7.6289964,68.10135
0.790212363,0.128071966,0.045476009,0.096428555,2.816191532,7.6289964,68.10135
0.78496857,0.119678314,0.044905443,0.089794818,2.665058869,7.6289964,66.449066
0.796285591,0.130863843,0.043121935,0.075734127,3.034669188,7.6289964,68.10135
0.829254576,0.13042076,0.033953498,0.075323894,3.841045188,7.628299,67.46488
0.736795434,0.144358118,0.049027907,0.099227713,2.944347036,7.616816,65.700096
0.752969847,0.147522404,0.047828412,0.089484626,3.084344925,7.616816,65.700096
0.782916627,0.135706106,0.046112915,0.088257977,2.942845049,7.616816,65.700096
0.770499345,0.159784221,0.048768636,0.077928288,3.27630541,7.616816,57.656662
0.788934741,0.14101323,0.044421168,0.083690946,3.174388767,7.616816,65.700096
0.800592184,0.143462258,0.036991875,0.078264223,3.878105138,7.6161184,65.10123
0.748617357,0.097585026,0.009986771,0.148750784,9.770450448,7.613675,55.579235
0.783220602,0.081404798,0.009159415,0.14012477,8.886584532,7.613675,55.579235
0.780607845,0.07653684,0.007840297,0.135542425,9.760737873,7.613675,55.579235
0.784540018,0.078697963,0.00817208,0.131792161,9.62892403,7.613675,61.099293
0.810375399,0.109225565,0.032736491,0.079122513,3.336406161,7.6135545,65.95552
0.810915069,0.123589915,0.031777231,0.080884472,3.889137651,7.6135545,65.95552
0.906377485,0.129734074,0.020010127,0.003140226,6.483096694,7.53465,79.287834
0.779824724,0.068937065,0.007888745,0.15084623,8.737552805,7.5153165,52.982765
0.793960148,0.099751677,0.034406108,0.092755978,2.899158978,7.5062714,69.84777
0.794899836,0.098047062,0.03198221,0.088761076,3.065579181,7.5062714,69.84777
0.794694989,0.068271983,0.013194509,0.124859112,5.173880011,7.4343524,66.71034
0.787100391,0.119498847,0.039429999,0.07136688,3.030581244,7.4334474,69.92611
0.797542569,0.118926456,0.035691688,0.068409762,3.331955714,7.4334474,69.92611
0.766841897,0.04508864,0.015361617,0.160641707,2.934958296,7.4229746,62.40951
0.747742237,0.087141335,0.017654658,0.157841047,4.935603796,7.40601,59.69224
0.782472936,0.122340245,0,0.091722013,122340.2445,7.374045,64.52173
0.778241664,0.11636117,0.004344589,0.077970866,26.77684661,7.374045,64.52173
0.774877532,0.117068585,0.006722934,0.095683221,17.41072758,7.374045,64.52173
0.770987795,0.118727726,0,0.083804412,118727.7258,7.374045,64.52173
0.797808995,0.103630045,0.002919052,0.097141689,35.48910775,7.374045,64.52173
0.790778347,0.105354622,0,0.086268247,105354.6221,7.374045,64.52173
0.798419921,0.122775251,0.006489025,0.079604156,18.91753153,7.374045,64.52173
0.799672467,0.122116924,0,0.081010743,122116.9238,7.374045,64.52173
0.794697424,0.060820905,0.01108841,0.146835491,5.48459356,7.3708453,58.85988
0.785538021,0.086998104,0.018177284,0.125572852,4.785825976,7.34158,64.84938
0.799444523,0.077817989,0.017363895,0.141874594,4.481339501,7.34158,59.727383
0.794241818,0.077719202,0.018292282,0.138976558,4.248510565,7.34158,59.727383
0.814415686,0.118200407,0.018082372,0.105818443,6.536413961,7.336237,68.52977
0.788753579,0.058936977,0.007644891,0.135176032,7.708320206,7.3152127,52.94857
0.764027943,0.137125525,0,0.092444944,137125.5248,7.3112645,61.376564
0.765499344,0.148584536,0,0.093952253,148584.5362,7.3112645,61.376564
0.753464482,0.152147132,0,0.086522908,152147.1318,7.3112645,52.85696
0.743199753,0.165781181,0.003667941,0.096782473,45.18502552,7.3112645,52.85696
0.752322537,0.159854497,0,0.09967519,159854.4969,7.3112645,52.85696
0.766027456,0.135723903,0,0.096263125,135723.9031,7.3112645,61.376564
0.760519157,0.139912077,0.003975418,0.086576952,35.18545134,7.3112645,61.376564
0.767815558,0.133606028,0.009997796,0.092074888,13.3622111,7.3112645,61.376564
0.772865528,0.142396532,0,0.094456779,142396.5315,7.3112645,61.376564
0.764974706,0.134624294,0.006704861,0.098312111,20.07561587,7.3112645,61.376564
0.773912399,0.144734719,0.004750757,0.090105354,30.45919863,7.3112645,61.376564
0.779017117,0.137323589,0.001764849,0.087017387,77.76632276,7.3112645,61.376564
0.767326524,0.141307928,0.001666558,0.08638187,84.73942932,7.3112645,61.376564
0.796898029,0.134614562,0.001032981,0.082047979,130.1905448,7.3112645,61.376564
0.766015853,0.146100763,1.11E-05,0.080233238,12074.9952,7.3112645,61.376564
0.786794401,0.140542539,0.008288734,0.077775159,16.95380471,7.3112645,61.376564
0.773031134,0.134258437,0.000611799,0.078174671,219.0904563,7.3112645,61.376564
0.79426338,0.140737444,0,0.080245172,140737.4442,7.3112645,61.376564
0.763071428,0.151686548,0.010928424,0.099340629,13.87873173,7.3100743,57.74317
0.77683342,0.141251779,0.011132746,0.086635979,12.68681575,7.3100743,65.34996
0.76939819,0.125530401,0,0.098155596,125530.4009,7.2998357,63.86717
0.771897332,0.1291961,0.003234584,0.080296914,39.92976417,7.2998357,63.86717
0.766745028,0.126991403,0,0.091751421,126991.4025,7.2998357,63.86717
0.790327389,0.129788375,0.007660561,0.086470768,16.94019947,7.2998357,63.86717
0.766917017,0.128687242,0.006339359,0.084091409,20.29652414,7.2998357,63.86717
0.787553453,0.125269863,0.009353779,0.084512343,13.39100221,7.2998357,63.86717
0.783075354,0.131820695,0,0.084530095,131820.6949,7.2998357,63.86717
0.797272764,0.12922779,0,0.083286464,129227.7895,7.2998357,63.86717
0.78095157,0.130835443,0.012293549,0.088748022,10.64174389,7.2986455,67.67757
0.792031047,0.085959317,0.018774738,0.101993256,4.578212543,7.257693,67.27801
0.782966176,0.06735622,0.016077682,0.150156279,4.189163041,7.2265177,58.147003
0.797510359,0.051276809,0.011569817,0.153810622,4.431563365,7.1938133,58.09572
0.814960443,0.109360525,0.040815244,0.107409266,2.679338292,7.172084,61.630825
0.805009172,0.097769654,0.030071874,0.119352115,3.251091114,7.1168823,65.96901
0.8186226,0.08397767,0.031901138,0.122576131,2.632352428,7.1168823,65.96901
0.817998792,0.087772793,0.03475967,0.101772005,2.525060444,7.1168823,65.96901
0.819094166,0.081342965,0.02994402,0.107549488,2.71641044,7.087957,70.08311
0.779732376,0.074710223,0.015118563,0.140676988,4.941295251,7.075822,58.204285
0.77841152,0.058695268,0.016451939,0.145483589,3.567464077,7.0431175,58.153
0.776980788,0.062668438,0.018648786,0.141877134,3.360276573,7.0431175,58.153
0.783271832,0.082774074,0.033394136,0.147368387,2.478626633,6.9576283,51.485073
0.77053485,0.08352505,0.035904172,0.138657253,2.326267938,6.9576283,51.485073
0.761223306,0.087640201,0.037804212,0.144800636,2.318204205,6.9576283,51.485073
0.806696725,0.067574951,0.023525962,0.146569291,2.872234473,6.9512105,60.55865
0.806327819,0.109581681,0.034878006,0.086203563,3.141766179,6.948646,66.32234
0.821922218,0.109851899,0.034016996,0.081616381,3.229229021,6.948646,66.32234
0.7991088,0.067214793,0.030314693,0.15568519,2.217161681,6.9009585,49.71022
0.795847121,0.083712659,0.039648075,0.101844861,2.1113395,6.873741,59.771282
0.839469779,0.06739584,0.021002553,0.119983783,3.20878278,6.867324,68.67068
0.82582284,0.067592332,0.026010612,0.117520458,2.598544539,6.867324,68.67068
0.809842559,0.073700611,0.024714709,0.12110293,2.98193393,6.867324,68.67068
0.754967142,0.097438202,0,0.150565106,97438.20248,6.865866,54.67313
0.772546119,0.07824057,0.006361265,0.155354587,12.29759618,6.865866,54.67313
0.766428424,0.077634447,0.001695538,0.150935394,45.76050798,6.865866,54.67313
0.772631814,0.08787791,0.008766175,0.154262859,10.02351536,6.865866,54.67313
0.781795977,0.081645184,0.007455083,0.151482969,10.95014469,6.865866,54.67313
0.767462638,0.063523086,0.031521551,0.162090102,2.015163244,6.850389,49.64912
0.780049873,0.095488411,0.004251631,0.117795449,22.45396318,6.790417,62.928715
0.798096613,0.087211354,0,0.106338017,87211.35363,6.790417,62.928715
0.790924363,0.082119611,0.007970667,0.122195995,10.30143549,6.790417,62.928715
0.794232287,0.099185313,0.00594311,0.114297764,16.68631877,6.790417,62.928715
0.783724576,0.09216625,0,0.108495319,92166.24975,6.790417,62.928715
0.756476885,0.099382358,0.006464265,0.147848037,15.37173867,6.7847323,54.703037
0.744377125,0.099425769,0.006916186,0.131697737,14.37373132,6.7847323,59.543697
0.753142473,0.095733017,0,0.148323768,95733.01691,6.7847323,54.703037
0.735876963,0.096515714,0.008969096,0.148160679,10.75971917,6.7847323,54.703037
0.764291075,0.091356201,0.001359174,0.145030601,67.16507306,6.7847323,54.703037
0.778853174,0.08431366,0.002022804,0.129840046,41.66097921,6.7847323,59.543697
0.763570297,0.086057538,0.001968987,0.142118792,43.68431878,6.7847323,54.703037
0.780708905,0.088772911,0,0.138320815,88772.91066,6.7847323,54.703037
0.786355656,0.090933724,0,0.141461297,90933.72374,6.7847323,54.703037
0.785889506,0.08639615,0,0.130075602,86396.14989,6.7847323,59.543697
0.7756428,0.090863945,0.003891905,0.139429386,23.34090962,6.7847323,54.703037
0.767074793,0.084806539,0.002974621,0.129458389,28.50045507,6.7847323,59.543697
0.770157659,0.098417516,0,0.126297395,98417.51588,6.7847323,59.543697
0.767923305,0.09517706,0.004793383,0.125568747,19.85178344,6.7847323,59.543697
0.742587327,0.095372674,0.000646877,0.134548262,147.2080675,6.7847323,54.703037
0.786198985,0.075232386,0.003160133,0.135448282,23.79918268,6.7847323,54.703037
0.797790304,0.098684031,0.001943335,0.1272416,50.75465347,6.7847323,59.543697
0.783935537,0.086867346,0,0.126442535,86867.3462,6.7847323,59.543697
0.785777463,0.075460027,0.000950266,0.131856194,79.32592779,6.7847323,59.543697
0.789627538,0.088814075,0,0.128836068,88814.07529,6.7847323,59.543697
0.777809919,0.099855297,0.014283445,0.095027676,6.990491835,6.7841177,68.56514
0.791501556,0.096445525,0.016658027,0.094335625,5.78938508,6.7841177,68.56514
0.79396793,0.073094969,0,0.157413198,73094.96894,6.7702756,52.320942
0.821908279,0.063313391,0.020250641,0.127739111,3.126333876,6.7666326,65.27257
0.827342147,0.061113726,0.021477704,0.125679978,2.84531727,6.7666326,65.27257
0.796363878,0.155114996,0.042776524,0.062782809,3.626086311,6.7623897,56.608604
0.782140005,0.073914103,0.032020269,0.149796253,2.308281513,6.7336836,49.795616
0.8546643,0.129637795,0.050230807,0,2.580791012,6.7108207,71.69077
0.881452156,0.132014948,0.051085402,0,2.584150452,6.7108207,71.69077
0.867722516,0.15127909,0.051212607,0.006885328,2.953884706,6.6872106,61.704693
0.790601202,0.066952029,0.031197193,0.126227045,2.14602266,6.683114,54.0977
0.777140937,0.061793967,0.025209497,0.14266393,2.451120543,6.659218,50.482933
0.790350765,0.057222899,0.023798577,0.138439028,2.404366156,6.659218,50.482933
0.799673053,0.054755519,0.02658793,0.147798286,2.059335155,6.659218,50.482933
0.793534271,0.065953856,0.029602324,0.128128657,2.227920631,6.659218,55.06316
0.793493574,0.071382969,0.032845096,0.115133237,2.173255824,6.6497974,58.081825
0.801980848,0.152724347,0.056238523,0.063216654,2.715605287,6.641217,53.78697
0.838800914,0.141717179,0.050584495,0.057218047,2.801537866,6.641217,61.631897
0.820062434,0.144936548,0.050254345,0.032926839,2.884002666,6.641217,61.631897
0.833502217,0.138487008,0.054572131,0.030734287,2.53764089,6.641217,61.631897
0.823036502,0.137715384,0.050066652,0.033842092,2.750586022,6.641217,61.631897
0.814600941,0.151755362,0.051061568,0.018631235,2.971949298,6.641217,53.78697
0.81876231,0.149359222,0.054731578,0.026144761,2.728890703,6.641217,61.631897
0.847288764,0.138544279,0.051633604,0.001644842,2.68316729,6.641217,61.631897
0.766161426,0.07131685,0.00342105,0.122552396,20.84038656,6.608561,60.59867
0.773852636,0.071678444,0.004994978,0.107777431,14.34722983,6.608561,60.59867
0.792071272,0.044741921,0.002043743,0.123353367,21.88144072,6.608561,66.57342
0.779127809,0.070335046,0,0.144447269,70335.04621,6.602876,52.37299
0.789323796,0.038963302,0,0.134306104,38963.30171,6.602876,56.45314
0.799373209,0.05653149,0,0.146572445,56531.49034,6.602876,52.30239
0.79014274,0.07279349,0.004958497,0.127653289,14.67759565,6.602876,57.213642
0.798720824,0.066189317,0.005024997,0.129872182,13.1693905,6.602876,57.143044
0.790444596,0.067877792,0,0.132673074,67877.79236,6.602876,57.213642
0.797404086,0.112073747,0.015773874,0.071089753,7.104573004,6.597043,69.63957
0.802356146,0.109283167,0.01323845,0.090761665,8.254358453,6.586241,68.871155
0.808696059,0.120059656,0.014345918,0.081336583,8.368323937,6.586241,68.871155
0.813556379,0.107717278,0.015184855,0.086767621,7.093264174,6.586241,68.871155
0.80223884,0.106140121,0.015624971,0.08184827,6.792545412,6.586241,68.871155
0.814299152,0.117031726,0.0118189,0.085331899,9.901244671,6.586241,68.871155
0.815330239,0.112773585,0.018143251,0.084235135,6.215389421,6.586241,68.871155
0.8134542,0.115956026,0.025966922,0.067892574,4.465356376,6.514294,71.69483
0.809768131,0.104526167,0.026595133,0.071851213,3.930126519,6.514294,71.69483
0.822587639,0.104968736,0.022285793,0.070372634,4.709907627,6.514294,71.69483
0.825733598,0.134665453,0.028105345,0.069012791,4.791282988,6.4946527,69.29788
0.843009404,0.106680598,0.028393558,0.060051436,3.757079,6.493934,70.951256
0.825268858,0.110176133,0.023254329,0.05502735,4.73767255,6.493934,70.951256
0.842976865,0.107179965,0.025312093,0.045544819,4.234170985,6.493934,70.951256
0.819647648,0.114494481,0.027760998,0.052877557,4.124144124,6.493934,70.951256
0.845752609,0.121810627,0.024781433,0.045654061,4.915200608,6.493934,70.951256
0.825380035,0.112827173,0.023937373,0.028386961,4.713234823,6.493934,70.951256
0.83113518,0.116072125,0.025720939,0.056603431,4.512572859,6.493934,70.951256
0.808314159,0.105314958,0.023865491,0.053090468,4.412670458,6.493934,70.951256
0.83672729,0.120770251,0.027033595,0.043666062,4.467248447,6.493934,70.951256
0.848414704,0.101383597,0.02560503,0.062721074,3.959364217,6.493934,70.951256
0.837757018,0.111526977,0.02872081,0.028991128,3.883006642,6.493934,70.951256
0.792871542,0.136455212,0.014422235,0.063453503,9.460790689,6.4902935,66.42689
0.797450228,0.136409827,0.018744395,0.064806817,7.276978048,6.4902935,66.42689
0.794550809,0.140754359,0.018996143,0.052166891,7.409238238,6.4902935,66.42689
0.823273727,0.126001009,0.02705702,0.039100846,4.656697353,6.4864736,71.19026
0.833836599,0.132692948,0.029621761,0.048310389,4.479425371,6.4864736,71.19026
0.84861544,0.129350874,0.026628171,0.019350261,4.857487858,6.4864736,71.19026
0.845625417,0.130354434,0.026781222,0.039765066,4.867200031,6.4864736,71.19026
0.838583109,0.125423668,0.028586968,0.010011791,4.38728869,6.4864736,71.19026
0.803991361,0.134024008,0.029996537,0.052956656,4.467833768,6.4742928,68.554306
0.846271668,0.134244958,0.029476757,0.027950675,4.554110306,6.4742928,68.554306
0.845429037,0.136634474,0.029239668,0,4.672754958,6.4742928,68.554306
0.852246847,0.129976321,0.0342858,0.033852127,3.790855977,6.467151,75.12582
0.864775301,0.13203236,0.038075377,0.031685804,3.467566238,6.467151,75.12582
0.862704504,0.129069347,0.030112042,0.005642892,4.286161068,6.467151,75.12582
0.877855541,0.125340081,0.034652328,0,3.616970983,6.467151,75.12582
0.859553052,0.139731016,0.031869566,0.030546206,4.384327978,6.4549704,72.600105
0.855820977,0.136262677,0.033199421,0.021856564,4.104245429,6.4549704,72.600105
0.853673655,0.133463077,0.034206385,0.009476963,3.901586661,6.4549704,72.600105
0.864926886,0.149730383,0.036606998,0.003597244,4.090100313,6.4549704,72.600105
0.857942647,0.149526293,0.030921601,0.016128684,4.835501729,6.4549704,72.600105
0.8654211,0.123678634,0.032221697,0.016934904,3.838245904,6.4524064,73.98003
0.870060929,0.119762687,0.034771255,0.020407796,3.444202483,6.4524064,73.98003
0.862083662,0.114202637,0.031369157,0.009658753,3.640486656,6.4524064,73.98003
0.870891857,0.111163,0.031995349,0.040304388,3.474240184,6.4524064,73.98003
0.886731246,0.113614365,0.032340102,0.029553886,3.513002299,6.4524064,73.98003
0.869573262,0.112430917,0.03202763,0.020156606,3.510325521,6.4524064,73.98003
0.867122162,0.119513062,0.035086432,0.031218737,3.406150177,6.4524064,73.98003
0.880211224,0.111349782,0.031127736,0,3.577073694,6.4524064,73.98003
0.889127541,0.107290636,0.031511671,0,3.404682354,6.4524064,73.98003
0.800473987,0.094494739,0.020221984,0.093428564,4.672640649,6.3991423,70.81922
0.802897749,0.086341758,0.022705868,0.099317138,3.802451312,6.3991423,70.81922
0.808294056,0.099806036,0.026018101,0.085233797,3.835875599,6.3991423,70.81922
0.832462536,0.097292148,0.026241757,0.076875327,3.707390516,6.3991423,70.81922
0.831454842,0.091030947,0.024792366,0.095363892,3.67158485,6.3991423,70.81922
0.848270539,0.088883757,0.022223527,0.077035781,3.99935426,6.3991423,70.81922
0.797690655,0.112239882,0.005177387,0.073070392,21.67467825,6.3767786,64.911285
0.762997036,0.112002617,0.045282994,0.129103833,2.473337857,6.3572536,55.20485
0.794531411,0.122236956,0,0.060550536,122236.9558,6.3564186,63.61255
0.881215719,0.130071572,0.026938834,0.024687573,4.828224778,6.3434396,76.9122
0.827670503,0.078036388,0.013191211,0.115709628,5.915338138,6.3300877,67.94559
0.840795721,0.080498121,0.012665442,0.112049438,6.355227749,6.3300877,67.94559
0.821407079,0.083123782,0.012378393,0.10702249,6.714689384,6.3300877,67.94559
0.811401439,0.086786947,0.014417382,0.101770006,6.019187874,6.3300877,67.94559
0.85586364,0.121785127,0.028987638,0.055874006,4.201133161,6.328695,76.51032
0.855885784,0.123920676,0.027160671,0.025438643,4.562336256,6.328695,76.51032
0.854195324,0.109083748,0.028225047,0.01688456,3.864648486,6.328695,76.51032
0.870615036,0.11141426,0.026584515,0.023238658,4.190788131,6.328695,76.51032
0.888043402,0.103139809,0.022120274,0.040772937,4.662471482,6.328695,76.51032
0.886267051,0.108890244,0.022521199,0.035656329,4.834796307,6.328695,76.51032
0.864090336,0.101373247,0.024316817,0.03272518,4.168681961,6.328695,76.51032
0.874735942,0.114819608,0.024374579,0.031694384,4.710436139,6.328695,76.51032
0.873903902,0.105355661,0.025727343,0.018014308,4.09492596,6.328695,76.51032
0.880609194,0.113227828,0.024019748,0.013373085,4.713751088,6.328695,76.51032
0.881969544,0.11192769,0.025066455,0.014671637,4.465059988,6.328695,76.51032
0.856989423,0.10917285,0.028869576,0.010214457,3.781457238,6.328695,76.51032
0.877392469,0.110308691,0.028003218,0.019943787,3.93900272,6.328695,76.51032
0.886009596,0.120773635,0.026345066,0.016858905,4.584124109,6.328695,76.51032
0.895479097,0.103921096,0.028297369,0.021841194,3.672335137,6.328695,76.51032
0.899184773,0.110710805,0.02283349,0.008844424,4.848402837,6.328695,76.51032
0.792367408,0.088385529,0.037216474,0.098348747,2.374839556,6.3240604,60.557316
0.769006074,0.146094085,0,0.071258007,146094.0847,6.313998,61.766125
0.757868655,0.136828681,0.004732366,0.073616647,28.90726869,6.313998,61.766125
0.795731189,0.145468622,0.003212002,0.07360458,45.27498587,6.313998,61.766125
0.794565752,0.137927155,0,0.073918406,137927.1548,6.313998,61.766125
0.788709482,0.136236993,0,0.071480909,136236.9928,6.313998,61.766125
0.873398672,0.084521177,0.020486971,0.080031718,4.125404879,6.3082323,75.938896
0.761797668,0.149033763,0.01202884,0.071904901,12.38867406,6.30181,65.73952
0.788538724,0.157760279,0.010052439,0.071225766,15.69217125,6.30181,57.97486
0.802034636,0.089363354,0.011393372,0.128307838,7.842762818,6.299285,65.51695
0.809261775,0.091701987,0.014268684,0.125163967,6.426350443,6.299285,65.51695
0.779919192,0.151580535,0,0.066994097,151580.5349,6.293638,51.789898
0.799457051,0.134182058,0.003517556,0.060865414,38.13554456,6.293638,60.467377
0.789189367,0.140454523,0.001050932,0.056886311,133.5204886,6.293638,60.467377
0.787195706,0.146386894,0,0.049706483,146386.8944,6.293638,60.467377
0.792221833,0.127448646,0.003938732,0.040575023,32.34957109,6.2822094,62.95798
0.797311113,0.134441983,0.013379342,0.066927538,10.04772414,6.28145,65.09648
0.788894242,0.138723453,0.011893238,0.058445776,11.66308059,6.28145,65.09648
0.796390338,0.140881766,0.013325515,0.053055085,10.57153875,6.28145,65.09648
0.802544208,0.103347513,0.057028537,0.101287426,1.812175214,6.2804003,54.946167
0.803376027,0.104137716,0.073378277,0.114811497,1.419170641,6.2804003,54.946167
0.803384964,0.10578577,0.054386032,0.100647763,1.945055026,6.2804003,54.946167
0.800139293,0.135222506,0.03866726,0.067746485,3.496989649,6.2756114,65.38118
0.829714156,0.077441857,0.008919899,0.104338876,8.680947807,6.274455,64.33468
0.815931866,0.124914295,0.030529752,0.070615329,4.091425448,6.2730474,66.23546
0.832858002,0.111034381,0.033304412,0.067201893,3.333823943,6.2730474,66.23546
0.785324653,0.10034441,0.047767466,0.11881825,2.100641229,6.2676816,57.99276
0.770599555,0.112146098,0.046737191,0.11563737,2.399453136,6.2676816,57.99276
0.781621307,0.11204389,0.047505535,0.107312336,2.358494263,6.2676816,57.99276
0.783128621,0.10766967,0.048831347,0.106604698,2.204884214,6.2676816,57.99276
0.788054788,0.101820208,0.04342865,0.116433615,2.34448601,6.2676816,57.99276
0.804893746,0.128283457,0.038293693,0.047016741,3.349901681,6.267432,67.00124
0.814772074,0.130136145,0.034550387,0.057475461,3.766452154,6.267432,67.00124
0.822426235,0.125347137,0.033000481,0.046049531,3.798227642,6.267432,67.00124
0.841839277,0.126171828,0.032597843,0.054752005,3.870438889,6.267432,67.00124
0.830436002,0.125298757,0.035417434,0.032042823,3.537670725,6.267432,67.00124
0.831127739,0.131562064,0.038186812,0.040425472,3.445132333,6.267432,67.00124
0.847735159,0.125153452,0.032318981,0.008608065,3.872324471,6.267432,67.00124
0.81503993,0.150886269,0.038701019,0.066016301,3.898666658,6.2552514,56.996964
0.812460852,0.133884912,0.034829153,0.058150128,3.843936968,6.2552514,64.63759
0.807129984,0.158972887,0.036225264,0.061488088,4.388332408,6.2552514,56.996964
0.818108122,0.13303278,0.035672314,0.055775854,3.729196041,6.2552514,64.63759
0.834962668,0.134753376,0.035835337,0.019128119,3.76024415,6.2552514,64.63759
0.809434181,0.152960631,0.033389815,0.041235258,4.580919291,6.2552514,56.996964
0.840007598,0.136344941,0.030718557,0.02302042,4.438375893,6.2552514,64.63759
0.824627778,0.161536173,0.032605631,0.027501063,4.954089656,6.2552514,56.996964
0.832276295,0.146398872,0.033116921,0.032921488,4.420533358,6.2552514,64.63759
0.831334634,0.136056062,0.037008444,0.033345061,3.676252505,6.2552514,64.63759
0.844672992,0.14383435,0.033652898,0.009702335,4.273928452,6.2552514,64.63759
0.837457106,0.134178232,0.038853935,0.009466183,3.453312519,6.2552514,64.63759
0.833773623,0.118232799,0.032667468,0.049634693,3.619171857,6.2526875,65.49188
0.831408429,0.107402969,0.030817818,0.063619143,3.484980178,6.2526875,65.49188
0.818530632,0.114139303,0.032371338,0.056902892,3.52582818,6.2526875,65.49188
0.826979108,0.115875862,0.033765724,0.059449683,3.431658422,6.2526875,65.49188
0.839765403,0.123298848,0.033505194,0.024351347,3.679882219,6.2526875,65.49188
0.841494795,0.114217693,0.032648234,0.038353173,3.498326886,6.2526875,65.49188
0.844357524,0.113787563,0.032979753,0.027951954,3.450120262,6.2526875,65.49188
0.781951179,0.080620744,0,0.089982598,80620.74423,6.252504,63.224667
0.788702931,0.085176964,0,0.091338859,85176.9642,6.252504,63.224667
0.775283555,0.096961315,0.00286661,0.087318431,33.81258664,6.252504,63.224667
0.79588123,0.084542702,0,0.096130706,84542.70213,6.252504,63.224667
0.795790155,0.086578723,0.001647416,0.098716017,52.52237741,6.252504,63.224667
0.795406391,0.092061075,0.004038288,0.08847145,22.79141154,6.252504,63.224667
0.816286155,0.076672241,0.00794941,0.139356624,9.643809239,6.2436533,55.429592
0.811518146,0.023168495,0.003067122,0.154223248,7.551360304,6.2306304,56.89764
0.779979983,0.132878261,0.040119888,0.073195395,3.311947156,6.229474,68.30064
0.796573124,0.131123001,0.048107561,0.072654022,2.725564797,6.229474,68.30064
0.842958777,0.074578056,0.021798265,0.086917047,3.421127056,6.221374,69.557
0.767408673,0.138934966,0.044370346,0.068321347,3.131186649,6.217293,65.89938
0.76900625,0.144985979,0.047395944,0.072667915,3.058973115,6.217293,65.89938
0.775052437,0.159753125,0.048208943,0.070487812,3.313696598,6.217293,57.855965
0.796251792,0.150235306,0.046504417,0.050230543,3.230490487,6.217293,57.131912
0.805298042,0.106218579,0.007821532,0.115579607,13.57854127,6.1551113,64.044815
0.816764373,0.120905821,0.005703671,0.101233423,21.19417892,6.1551113,64.044815
0.808303358,0.10290979,0.005857416,0.107629797,17.5661445,6.1551113,64.044815
0.831329318,0.072668184,0.013316902,0.10891698,5.45642899,6.137714,66.46241
0.835318445,0.065683793,0.011836647,0.12248894,5.548720307,6.1050096,67.00381
0.849553001,0.065469349,0.010661942,0.106224689,6.139895583,6.1050096,67.00381
0.8197714,0.060006828,0.00782252,0.110371437,7.670054463,6.049378,62.427227
0.845705945,0.044473057,0.0072576,0.118480489,6.126947048,6.049378,67.7494
0.834441044,0.041817625,0.005230971,0.112531899,7.992709192,6.049378,67.7494
0.806228499,0.055221425,0.006025803,0.131195645,9.162640357,6.018575,58.319
0.820607479,0.06212712,0.006858578,0.12545407,9.056988433,6.018575,58.319
0.803840654,0.043433768,0.007916932,0.140524574,5.485493759,6.018575,56.9497
0.815506011,0.049974317,0.006194714,0.138583374,8.065949984,6.018575,56.9497
0.828801979,0.043868719,0.005954406,0.148481091,7.366201649,6.018575,56.9497
0.834382838,0.041680451,0.004362453,0.130704861,9.552170817,6.018575,62.40677
0.825961208,0.041846244,0.004228801,0.137205506,9.893193354,6.018575,56.9497
0.901989481,0.118943619,0.030319767,0.008216527,3.922843331,6.0025897,76.26631
0.784658858,0.058929539,0.038680794,0.142486545,1.523443806,5.961006,48.28735
0.779325579,0.052646965,0.033635282,0.13624891,1.565183831,5.961006,48.28735
0.794861331,0.06283751,0.035259186,0.136566648,1.782109416,5.961006,48.28735
0.788021221,0.066894798,0.036565365,0.132009309,1.82940793,5.961006,53.126682
0.798576205,0.046692108,0.027638187,0.143631176,1.689344478,5.9371095,55.030582
0.794463507,0.052195444,0.028012796,0.141293606,1.863205001,5.9371095,49.03577
0.798929696,0.054291476,0.032800678,0.122960864,1.655143223,5.8945837,57.312824
0.875797093,0.046333268,0.006488012,0.101965657,7.140265644,5.857364,74.54871
0.867022149,0.114197056,0.036962759,0.043684976,3.089432944,5.8320913,75.1342
0.872412039,0.109802605,0.033771808,0.032746531,3.251213373,5.8320913,75.1342
0.878696422,0.107513166,0.035899452,0.008024677,2.99475801,5.8320913,75.1342
0.894583475,0.113713406,0.035055117,0.007377664,3.243753603,5.8320913,75.1342
0.879966992,0.110158815,0.036179281,0.009671255,3.044719747,5.8320913,75.1342
0.870346895,0.124552692,0.039521849,0.010403077,3.151409763,5.8320913,75.1342
0.87445106,0.117091182,0.037872079,0,3.091673136,5.8320913,75.1342
0.898108796,0.112770865,0.038064017,0.008135636,2.962585423,5.8320913,75.1342
0.873957861,0.102157342,0.034370722,0.013261456,2.972133398,5.8320913,75.1342
0.893242919,0.111218615,0.034625026,0.011888062,3.211994796,5.8320913,75.1342
0.889141749,0.103511655,0.033490683,0,3.090667478,5.8320913,75.1342
0.854956819,0.00849612,0.001459372,0.147488822,5.81777815,5.8265615,64.49004
0.872524358,0.022608467,0.004195461,0.147952071,5.38750805,5.8265615,64.49004
0.857589286,0.025376299,0.003333699,0.130658916,7.609773097,5.8265615,69.67924
0.851042011,0.017200067,0.00210861,0.127322345,8.153195626,5.8265615,69.67924
0.800184184,0.102156154,0,0.084424853,102156.1535,5.7831955,64.3609
0.801292212,0.111971756,0,0.083473975,111971.7556,5.7831955,64.3609
0.831078965,0.102181947,0.008906831,0.082003065,11.47102414,5.7831955,64.3609
0.826866091,0.100573683,0.000465638,0.077365347,215.5280771,5.7831955,64.3609
0.843811571,0.108522027,0.000274206,0.077484481,394.3298741,5.7831955,64.3609
0.827433394,0.105827376,0.002198395,0.078976375,48.11658536,5.7831955,64.3609
0.838291525,0.103406378,0.00053986,0.078917006,191.1886448,5.7831955,64.3609
0.818236077,0.108216785,0,0.089530597,108216.7854,5.7831955,64.3609
0.807708652,0.105771565,0.010449454,0.087343888,10.12124119,5.7820044,67.12714
0.807257666,0.119243344,0.011484127,0.078528072,10.38241406,5.7820044,67.12714
0.804810092,0.139725422,0.001860011,0.078009374,75.08036723,5.7580214,61.265686
0.804714684,0.134891131,0.008195066,0.085598284,16.45803465,5.7580214,61.265686
0.804134349,0.136650561,0.012714623,0.085223506,10.74666651,5.756831,65.111176
0.818767958,0.126905486,0.008719809,0.07513341,14.55203071,5.7465925,63.75629
0.752419623,0.095438792,0.043214916,0.150873914,2.208417671,5.7400675,51.058758
0.75375698,0.094959454,0.043056822,0.15455704,2.205393789,5.7400675,51.058758
0.802799686,0.123616361,0.058694379,0.099152045,2.10606633,5.692305,55.63338
0.789535341,0.090210062,0.042374949,0.146943676,2.128803336,5.659059,51.122005
0.798146586,0.092577525,0.04267587,0.130649228,2.169267007,5.659059,55.28638
0.813527315,0.075399537,0.055166444,0.156976238,1.36673971,5.6368237,48.911762
0.810062928,0.086385372,0.053853607,0.112779824,1.60404795,5.6181717,55.13654
0.816690215,0.127078025,0.048875372,0.089929526,2.599988928,5.614475,64.02712
0.818489561,0.132525688,0.040819113,0.076255846,3.246578213,5.614475,64.02712
0.812196956,0.12743093,0.045279939,0.0978724,2.81422893,5.614475,64.02712
0.80576557,0.076386602,0.019644441,0.134001696,3.888260964,5.597579,58.616055
0.830697673,0.107931757,0.061912453,0.079283529,1.74326826,5.5850244,55.54398
0.80073318,0.116679387,0.037785752,0.059549436,3.087838509,5.581227,65.75073
0.810692249,0.103184968,0.031350734,0.062899846,3.291204465,5.581227,65.75073
0.824522886,0.10977721,0.036802984,0.055469595,2.98275347,5.581227,65.75073
0.840033983,0.101869856,0.034133858,0.063703269,2.98433514,5.581227,65.75073
0.834246337,0.102715562,0.031825443,0.066067622,3.227365377,5.581227,65.75073
0.826975996,0.111147513,0.036115851,0.055212227,3.077441986,5.581227,65.75073
0.829241659,0.116743889,0.036791077,0.062497666,3.173071445,5.581227,65.75073
0.847513089,0.112978438,0.039075639,0.046485479,2.891201477,5.581227,65.75073
0.812012139,0.107060789,0.040323505,0.090641688,2.654980883,5.5768685,62.32489
0.833724573,0.118079163,0.045935456,0.075660095,2.570489156,5.5768685,62.32489
0.802201692,0.092473632,0.050430409,0.141618235,1.833651574,5.5755897,48.966892
0.781862602,0.093341764,0.045980099,0.121709924,2.030002896,5.569487,58.292065
0.790860168,0.097978505,0.044743091,0.110409683,2.189752956,5.569487,58.292065
0.855974001,0,0.051131455,0.159336336,0,5.563916,64.40044
0.800715662,0.104741203,0.017734316,0.0728482,5.905798567,5.5535517,69.26071
0.839401172,0.110212799,0.019343265,0.074070904,5.697440593,5.5535517,69.26071
0.809160972,0.103077497,0.016489286,0.073301614,6.250800845,5.5535517,69.26071
0.809356784,0.110705513,0.013612028,0.057973942,8.13232124,5.5331917,68.51712
0.838173941,0.123163583,0.015966958,0.055327736,7.713170667,5.5331917,68.51712
0.848328783,0.102436593,0.018076307,0.046982173,5.666584756,5.5331917,68.51712
0.843486431,0.118447744,0.012626109,0.037875483,9.380432224,5.5331917,68.51712
0.848659828,0.124929865,0.018473811,0.039338104,6.762172817,5.5331917,68.51712
0.841125078,0.12233848,0.01495894,0.031573466,8.177738664,5.5331917,68.51712
0.834743437,0.124401739,0.018363885,0.026143088,6.773891595,5.5331917,68.51712
0.84546772,0.114881166,0.017626157,0.01646141,6.5172828,5.5331917,68.51712
0.806385925,0.095320062,0.030112949,0.093967832,3.165312545,5.521667,66.70964
0.822706929,0.095202788,0.034928405,0.086796715,2.725577148,5.521667,66.70964
0.83007274,0.085904221,0.030417287,0.090865513,2.824097908,5.521667,66.70964
0.831487099,0.088723154,0.031087329,0.079702259,2.853905476,5.521667,66.70964
0.827493837,0.097753907,0.030822406,0.097819425,3.171418082,5.521667,66.70964
0.80301194,0.09539447,0.035684305,0.094937098,2.673214392,5.521667,66.70964
0.831502012,0.093185509,0.032639192,0.094955717,2.854931447,5.521667,66.70964
0.807575077,0.080587285,0.016739254,0.11184351,4.813982165,5.513692,65.973
0.820754008,0.098510307,0.01267011,0.097365764,7.774402111,5.5084677,68.28698
0.823230528,0.077586611,0.013025904,0.075125432,5.955874985,5.5084677,68.28698
0.820535664,0.09872197,0.011075749,0.08883455,8.91254046,5.5084677,68.28698
0.8269409,0.086849133,0.011153092,0.075089089,7.786302545,5.5084677,68.28698
0.829400145,0.080640905,0.012019943,0.086110709,6.708367768,5.5084677,68.28698
0.806159356,0.142813467,0.015677883,0.071080672,9.108650557,5.5047684,66.96306
0.820411157,0.128762711,0.015177298,0.048692638,8.483343289,5.4965897,68.57986
0.818283766,0.12971703,0.019778003,0.029946849,6.558319802,5.4965897,68.57986
0.832392372,0.128555729,0.013534536,0.038232472,9.497645667,5.4965897,68.57986
0.842151017,0.130753434,0.017404728,0.053056368,7.512092425,5.4965897,68.57986
0.825757597,0.129365968,0.017712563,0.012519475,7.303215706,5.4965897,68.57986
0.828992231,0.131549756,0.05884178,0.064239538,2.235614239,5.489973,56.133488
0.809236078,0.13182501,0.060309415,0.034742766,2.18577522,5.489973,56.133488
0.836487657,0.125319542,0.050574793,0.038803411,2.477856181,5.489973,56.133488
0.821375591,0.128856769,0.060895366,0.037819944,2.11600096,5.489973,56.133488
0.832326401,0.131097781,0.055529052,0.032921688,2.36084382,5.489973,56.133488
0.871303897,0.125179948,0.056945562,0.014397355,2.198200255,5.4863334,67.38143
0.880556045,0.130188712,0.067829056,0,1.91933664,5.4863334,67.59668
0.807216721,0.150887697,0.016059676,0.063051508,9.394853396,5.4844084,58.184853
0.805931013,0.144086004,0.01967412,0.044643959,7.323259234,5.4844084,66.21947
0.828465039,0.148282297,0.016226515,0.030248747,9.137708017,5.4844084,66.21947
0.825768219,0.138500593,0.018454664,0.042152366,7.504503259,5.4844084,66.21947
0.828819355,0.140480506,0.018124333,0.035586953,7.75050616,5.4844084,66.21947
0.835302835,0.14492955,0.017428847,0.017756127,8.315021513,5.4844084,66.21947
0.822409579,0.141281421,0.017609608,0.04734042,8.022518197,5.4844084,66.21947
0.825786352,0.139026317,0.014662316,0.033687983,9.481233352,5.4844084,66.21947
0.845883747,0.134672994,0.019549128,0.033627546,6.888599219,5.4844084,66.21947
0.836081828,0.153017,0.019407089,0.022181552,7.884186872,5.4844084,58.184853
0.845339635,0.140443588,0.015680784,0.015308016,8.955842474,5.4844084,66.21947
0.848998459,0.139044651,0.018926455,0,7.346188304,5.4844084,66.21947
0.847963262,0.154005331,0.018422038,0.022127114,8.359388235,5.4844084,58.184853
0.825519459,0.154961182,0.064384801,0.032802359,2.406760187,5.479314,46.873943
0.843977879,0.139801264,0.077107943,0.006800927,1.813035664,5.479314,53.955418
0.838569951,0.003796396,0.054169367,0.154158027,0.070082532,5.475975,52.93346
0.852935579,0.140596011,0.056321801,0.009346547,2.496253872,5.475673,65.09058
0.877232389,0.134578396,0.056148375,9.23E-05,2.396792401,5.475673,65.09058
0.825464365,0.081064701,0.027859737,0.088673959,2.909639542,5.4682584,70.560646
0.839437646,0.076838561,0.026019545,0.07606494,2.952995867,5.4682584,70.560646
0.828427253,0.079815121,0.027067798,0.076976756,2.948602381,5.4682584,70.560646
0.836881638,0.079205043,0.027640083,0.085637024,2.86548265,5.4682584,70.560646
0.855639091,0,0.051498336,0.122905647,0,5.462371,72.496544
0.852239141,0.028556689,0.055342328,0.113110589,0.51599155,5.462371,72.496544
0.858949244,0.02225385,0.050536163,0.114261801,0.440346255,5.462371,72.496544
0.859638791,0.021331416,0.058419317,0.100276459,0.365136952,5.462371,72.496544
0.87210523,0.040925673,0.050087884,0.122339505,0.817060975,5.462371,72.496544
0.875861439,0.020979393,0.053955988,0.119612152,0.388816982,5.462371,72.496544
0.877987529,0.013243402,0.050152223,0.113070186,0.264058846,5.462371,72.496544
0.885299608,0.023761692,0.053268579,0.10215679,0.446064941,5.462371,72.496544
0.873128557,0.032554036,0.057054908,0.120153181,0.570563802,5.462371,72.496544
0.86892178,0.03000143,0.052037879,0.101914507,0.576519538,5.462371,72.496544
0.871331756,0.03099887,0.052576811,0.101443885,0.589580829,5.462371,72.496544
0.892271223,0,0.059008495,0.100146941,0,5.462371,72.496544
0.830839282,0.083733486,0.008653371,0.088827143,9.675282119,5.452835,64.6225
0.848559124,0.078861912,0.008726883,0.093049627,9.035629191,5.452835,64.6225
0.821122984,0.06817431,0.050458792,0.10846527,1.351062068,5.424999,53.336952
0.850600845,0.034509707,0.053913302,0.14697238,0.640084459,5.419789,64.47163
0.856387302,0.004293408,0.052260562,0.148264556,0.082152314,5.419789,64.47163
0.866334315,0,0.050304764,0.14374227,0,5.419789,64.47163
0.863842728,0.009030257,0.056745839,0.125738367,0.159132338,5.419789,68.63525
0.855947543,0.010877793,0.052082734,0.147428269,0.208852011,5.419789,64.47163
0.858534156,0.024134737,0.060863807,0.14227168,0.396530252,5.419789,64.47163
0.871329722,0.011954807,0.056430692,0.127899112,0.211845617,5.419789,68.63525
0.870172565,0.006571279,0.061677419,0.126568987,0.106540979,5.419789,68.63525
0.873195201,0.015148836,0.051078873,0.135221741,0.296571528,5.419789,64.47163
0.856963874,0.14159381,0.040931072,0.041655215,3.459238772,5.415588,69.173935
0.865432435,0.142034279,0.041335226,0.02091668,3.436072716,5.415588,69.173935
0.815231241,0.072843324,0.050019768,0.127651639,1.456261587,5.382417,50.76745
0.820655038,0.071247714,0.053558249,0.127440984,1.33025976,5.382417,50.76745
0.818751814,0.042795187,0.013090835,0.154229776,3.268845574,5.3775945,61.23099
0.859343199,0.077076034,0.028154973,0.089846419,2.737466511,5.3773484,76.592415
0.837557561,0.050712537,0.055383596,0.123069179,0.915643364,5.3744297,54.713108
0.839093474,0.065071333,0.052044284,0.124168731,1.250282985,5.3744297,54.713108
0.821371614,0.052725237,0.057384849,0.122321945,0.918784658,5.3744297,54.713108
0.81501646,0.063958198,0.050449588,0.114361222,1.267739402,5.3744297,54.713108
0.836890165,0.05867245,0.059769691,0.106115201,0.98162576,5.3744297,54.713108
0.834294994,0.021864162,0.051496831,0.119801987,0.424564712,5.3744297,60.427036
0.843070948,0.024517997,0.055972568,0.116984202,0.438028121,5.3744297,60.427036
0.839852433,0.039119088,0.06039228,0.104389109,0.647739084,5.3744297,60.427036
0.843507225,0.061699366,0.065391423,0.105105858,0.943524687,5.3744297,54.713108
0.842949881,0.036906192,0.050816626,0.109076897,0.726247858,5.3744297,60.427036
0.805040465,0.064609805,0.019071545,0.144559358,3.387581745,5.3725014,57.092056
0.824650115,0.04879417,0.013173048,0.147164474,3.703809913,5.3725014,61.304382
0.832077519,0.046870658,0.014021242,0.136072293,3.34259367,5.3725014,61.304382
0.835531529,0.063119837,0.012727147,0.125141084,4.959075009,5.3725014,62.02038
0.820602689,0.04581873,0.010432124,0.1279634,4.391659678,5.3725014,66.169754
0.811555495,0.052201471,0.012748291,0.128978443,4.094460665,5.3725014,62.02038
0.833070432,0.041840967,0.010951637,0.148480402,3.820172974,5.3725014,61.304382
0.85391804,0.092718924,0.016094312,0.079919263,5.760616808,5.343645,71.94731
0.849358617,0.021147788,0.007547337,0.152813581,2.801648742,5.3386655,55.33078
0.811792972,0.034649598,0.056157134,0.149006857,0.617000516,5.3318477,53.027832
0.800675185,0.0311999,0.050007555,0.147275731,0.623891244,5.3318477,53.027832
0.800352636,0.052450773,0.050241795,0.127898634,1.043946158,5.3318477,50.7298
0.824039401,0.033396399,0.053563401,0.136524751,0.623481243,5.3318477,53.027832
0.836492733,0.038308513,0.073246989,0.128434448,0.522997471,5.3318477,56.565746
0.817728628,0.0434671,0.053220388,0.125093768,0.816722408,5.3318477,56.565746
0.824255666,0.021599223,0.059581971,0.142589817,0.362506641,5.3318477,53.027832
0.816053927,0.037064924,0.061247767,0.135503196,0.605153792,5.3318477,53.027832
0.820544975,0.046760645,0.053576614,0.129954152,0.872764611,5.3318477,56.565746
0.840103719,0.012683683,0.058117056,0.139792597,0.218239968,5.3318477,53.027832
0.847050503,0.01310817,0.071355867,0.127831557,0.183698782,5.3318477,56.565746
0.836087036,0.067421318,0.013017365,0.097690527,5.17893894,5.3306994,67.00621
0.830245334,0.06221163,0.010565179,0.09518422,5.887807467,5.3306994,67.54762
0.8053891,0.071270389,0.015328734,0.113510015,4.649160328,5.3213186,64.50028
0.807513871,0.074246876,0.01701444,0.116214611,4.363500132,5.3213186,64.50028
0.827221338,0.069203675,0.019480355,0.109768275,3.552302933,5.3213186,64.50028
0.828824097,0.073946472,0.018792647,0.110445696,3.934652595,5.3213186,64.50028
0.841654744,0.034347701,0.008285694,0.136034145,4.144921869,5.316869,55.483696
0.815767668,0.033020623,0.009588163,0.129343173,3.443535425,5.316869,60.521675
0.842708006,0.029226239,0.006039094,0.136555116,4.838706308,5.316869,55.483696
0.842460354,0.025152943,0.006224087,0.131755741,4.040577238,5.316869,60.521675
0.882479103,0.127725702,0.016344402,0.010061315,7.814166911,5.3087854,73.018555
0.877691269,0.127228269,0.014407883,0.001329774,8.829849593,5.3087854,73.018555
0.859135846,0.152547333,0.015625223,0.010444599,9.762264907,5.296604,63.08654
0.861857042,0.113134077,0.015019054,0.042225634,7.532201887,5.2940407,72.616844
0.859278401,0.102635508,0.017125057,0.051879418,5.992944442,5.2940407,72.616844
0.853074067,0.109940639,0.015131106,0.04373336,7.265388967,5.2940407,72.616844
0.861734739,0.10518234,0.014336219,0.022262249,7.336313763,5.2940407,72.616844
0.850212716,0.115199021,0.01432319,0.04165859,8.042271037,5.2940407,72.616844
0.857533416,0.108891424,0.017065717,0.019524302,6.380338174,5.2940407,72.616844
0.856731814,0.103205403,0.014621851,0.05176455,7.057816856,5.2940407,72.616844
0.850146882,0.119424822,0.014694694,0.035032324,8.126518196,5.2940407,72.616844
0.865134497,0.120159433,0.019656198,0.010690038,6.112744622,5.2940407,72.616844
0.863063632,0.100960699,0.017278076,0.020806156,5.842945442,5.2940407,72.616844
0.858165618,0.107034401,0.011097138,0.040161162,9.644356489,5.2940407,72.616844
0.876429431,0.116653689,0.013979576,0.013151232,8.343982888,5.2940407,72.616844
0.880008445,0.105170902,0.019994346,0.008537577,5.259769039,5.2940407,72.616844
0.865806154,0.100547947,0.019854032,0.002315645,5.064103965,5.2940407,72.616844
0.879676932,0.123569728,0.01518571,0.009007373,8.136701566,5.2940407,72.616844
0.869043387,0.113110366,0.016354557,0.010421906,6.915714745,5.2940407,72.616844
0.853643258,0.114538789,0.013396646,0.001214786,8.549172719,5.2940407,72.616844
0.894958202,0.108280588,0.016689963,0.004995589,6.487377957,5.2940407,72.616844
0.811483154,0.055679063,0.014876863,0.123162674,3.742410021,5.2886143,65.06484
0.818872113,0.06503068,0.01925613,0.111180685,3.3769664,5.2886143,65.06484
0.830062644,0.060985381,0.016360202,0.119664424,3.727439032,5.2886143,65.06484
0.846908835,0.057063618,0.006792704,0.099342636,8.399485509,5.275068,62.97068
0.846975303,0.059695386,0.006132399,0.087742723,9.732839199,5.275068,62.97068
0.819647251,0.07507444,0.037696104,0.141792938,1.991517422,5.2636166,49.49747
0.85201099,0,0.031008768,0.141997773,0,5.24714,64.66246
0.861055259,0.013934545,0.039390164,0.146183689,0.353747991,5.24714,64.66246
0.854535343,0,0.030033063,0.144593938,0,5.24714,64.66246
0.874397524,0.027302222,0.034889329,0.13892456,0.782515459,5.24714,64.66246
0.851798942,0.019070558,0.03717298,0.125962966,0.513008237,5.24714,69.18676
0.863920023,0.017604981,0.03249506,0.13829149,0.541757402,5.24714,64.66246
0.867495767,0.009179013,0.030145274,0.130185374,0.304482508,5.24714,69.18676
0.875616798,0.006802204,0.03376144,0.134679319,0.20147251,5.24714,64.66246
0.876764416,0.002766008,0.03402006,0.131543881,0.081302807,5.24714,69.18676
0.81126565,0.14384532,0.04007462,0.067767284,3.589347347,5.215869,62.251076
0.844140314,0.155362909,0.043697507,0.023914722,3.555336774,5.215869,53.95129
0.812776768,0.068296202,0.029859014,0.165200917,2.287212668,5.210151,50.09465
0.806860515,0.067788658,0.0298631,0.157692557,2.269904611,5.210151,50.09465
0.801202956,0.042198009,0.002574542,0.152071394,16.38412568,5.203094,56.22012
0.80971571,0.059373132,0.004314142,0.150405895,13.75925412,5.203094,52.069363
0.807898316,0.024519115,0,0.158967973,24519.11493,5.203094,56.22012
0.806453759,0.056851755,0.030833096,0.151190832,1.843795086,5.190559,47.188553
0.835291556,0.037208213,0.039598013,0.154006416,0.93962476,5.190559,53.126488
0.826867668,0.020343352,0.035832284,0.165545149,0.567722228,5.190559,53.126488
0.817446171,0.046291664,0.037042073,0.160428068,1.249671266,5.190559,53.126488
0.841530387,0.006636131,0.030631465,0.155907957,0.216637172,5.190559,53.126488
0.827560297,0.047120403,0.018088201,0.14956356,2.604891317,5.182243,61.304115
0.834725544,0.039641744,0.014472742,0.145219632,2.738873132,5.182243,61.304115
0.831105857,0.032007836,0.011540944,0.135400178,2.773175532,5.182243,61.304115
0.835807807,0.03743236,0.013451932,0.126764851,2.782468632,5.182243,65.898964
0.824298343,0.054583858,0.019341101,0.146129782,2.822023228,5.182243,57.10092
0.840316555,0.028631156,0.010369098,0.136905296,2.760934014,5.182243,61.304115
0.843986324,0.045152751,0.014986853,0.135296044,3.012622937,5.182243,61.304115
0.854137991,0.038606479,0.036820661,0.115722883,1.048471962,5.1807165,73.77155
0.85833529,0.042401999,0.038128682,0.101613309,1.112047002,5.1807165,73.77155
0.866725724,0.033488463,0.035543663,0.116494874,0.942151632,5.1807165,73.77155
0.862130977,0.042619429,0.035044585,0.101902232,1.216114087,5.1807165,73.77155
0.881191543,0,0.035063894,0.120466374,0,5.1807165,73.77155
0.875207937,0.014944474,0.035465677,0.111656264,0.421366613,5.1807165,73.77155
0.867719971,0.011460062,0.039510738,0.11765421,0.29004196,5.1807165,73.77155
0.868540358,0.007952799,0.039045068,0.112944621,0.203677346,5.1807165,73.77155
0.875678555,0.013748256,0.031744446,0.113918813,0.433078047,5.1807165,73.77155
0.879523718,0,0.031578762,0.112013899,0,5.1807165,73.77155
0.864376065,0.033697011,0.036601556,0.113452733,0.920619062,5.1807165,73.77155
0.879283071,0.009139454,0.034656416,0.111037815,0.263708475,5.1807165,73.77155
0.872045986,0.00269532,0.032795994,0.102438909,0.082181916,5.1807165,73.77155
0.884983109,0.042676515,0.036008888,0.105008205,1.185133226,5.1807165,73.77155
0.870250963,0.039176808,0.032868167,0.107945248,1.191901457,5.1807165,73.77155
0.893585184,0,0.0346988,0.107227118,0,5.1807165,73.77155
0.90584413,0.110421779,0.016897981,0.026293185,6.534227038,5.179264,75.85167
0.803112502,0.080581183,0.037028847,0.109859367,2.176114382,5.177678,57.73235
0.816871416,0.081654168,0.038140851,0.122316312,2.140802453,5.177678,57.73235
0.805705987,0.096373145,0.038691812,0.107457019,2.490724776,5.177678,57.73235
0.903636319,0.107543384,0.035130747,0,3.061145324,5.1696763,77.18812
0.908868874,0.102310006,0.037792565,0,2.707074758,5.1696763,77.18812
0.904367386,0.116850949,0.037251553,0.008987128,3.136723209,5.1696763,77.18812
0.835143701,0.034754307,0.028967826,0.150734475,1.199714042,5.1616335,54.613873
0.806591258,0.022044429,0.022955579,0.159916739,0.960266326,5.1616335,54.613873
0.81220423,0.034243939,0.025762357,0.152248294,1.329172255,5.1616335,54.613873
0.817742562,0.005067292,0.024359798,0.159901375,0.208010089,5.1616335,54.613873
0.835536418,0.024486901,0.020484578,0.15605678,1.195323892,5.1616335,54.613873
0.829933179,0.033965688,0.020715535,0.15375597,1.639544819,5.1616335,54.613873
0.828466099,0.014624836,0.025303185,0.150440251,0.577961166,5.1616335,54.613873
0.816416422,0.055958435,0.026749024,0.160355315,2.091902275,5.1595817,50.03355
0.904070523,0.002949715,0.05616664,0.103861665,0.052516263,5.1565685,78.14508
0.907542913,0.002472367,0.052791351,0.115604227,0.046831925,5.1565685,78.14508
0.907083038,0.012967019,0.051105098,0.100990842,0.253727435,5.1565685,78.14508
0.903514482,0.005151829,0.050118627,0.105370053,0.102790658,5.1565685,78.14508
0.856337769,0.051433782,0.014031249,0.118607558,3.665398241,5.1328692,71.412766
0.825184339,0.025452227,0.009308013,0.132554671,2.734148872,5.1266103,60.20851
0.829725975,0.021232262,0.006988157,0.137119237,3.037886127,5.1266103,55.41095
0.83482691,0.012523635,0.003949181,0.141329254,3.170395429,5.1266103,55.41095
0.851504189,0.006928576,0.00176494,0.140278378,3.923449453,5.124855,64.22831
0.808356921,0.094460952,0,0.105445522,94460.95151,5.105195,62.747746
0.811206808,0.082828737,0.001594129,0.116641921,51.92603245,5.105195,62.747746
0.830906548,0.091927352,0,0.107065357,91927.35165,5.105195,62.747746
0.819448005,0.08975433,0,0.107683736,89754.32986,5.105195,62.747746
0.809551423,0.077496189,0,0.133285044,77496.18905,5.09951,54.522068
0.802704568,0.081698799,0,0.129201849,81698.79906,5.09951,59.362713
0.843124486,0.043131321,0.01422311,0.122704737,3.032268541,5.098356,70.17777
0.826664522,0.051271405,0.015468302,0.116312244,3.314396884,5.098356,64.84218
0.84911718,0.035117262,0.013944505,0.106828972,2.518177874,5.098356,70.17777
0.82723788,0.066743463,0.020334259,0.082952243,3.282154519,5.095752,69.17302
0.848475302,0.059486358,0.02249083,0.099991105,2.644798508,5.095752,69.17302
0.879037301,0.023428834,0.002451143,0.081523728,9.554432717,5.073976,74.8114
0.876795818,0.045140626,0.006929706,0.082448128,6.51313488,5.073976,74.8114
0.853273305,0.053811467,0.005628605,0.081235292,9.558657787,5.073976,69.631775
0.865726469,0.050122946,0.00605388,0.079878616,8.278107424,5.073976,69.631775
0.895907176,0.016255644,0.002580133,0.092648259,6.297870221,5.073976,74.8114
0.814787672,0.097810093,0.025422681,0.070668809,3.847204242,5.058635,71.18191
0.82454414,0.093779652,0.022972738,0.070754018,4.082037109,5.058635,71.18191
0.846118232,0.091296421,0.020808397,0.073864119,4.387268875,5.058635,71.18191
0.866391168,0.025944369,0.006578509,0.123906436,3.943207778,5.040968,74.14654
0.891246785,0.011979167,0.003069341,0.116237546,3.901574915,5.040968,74.14654
0.819359214,0.093418462,0.023033515,0.060740222,4.055586297,5.0382752,70.43833
0.82459842,0.095048515,0.025118426,0.062401979,3.783864928,5.0382752,70.43833
0.81928821,0.097289314,0.028437769,0.052025619,3.421010068,5.0382752,70.43833
0.849726955,0.088813096,0.021109259,0.062692138,4.207105861,5.0382752,70.43833
0.847906763,0.096277803,0.024389328,0.065065487,3.94737635,5.0382752,70.43833
0.843431057,0.099915056,0.026011676,0.041249148,3.841014097,5.0382752,70.43833
0.847231867,0.098736847,0.027394441,0.040042941,3.604134249,5.0382752,70.43833
0.844169226,0.09373946,0.023049833,0.036425576,4.066640909,5.0382752,70.43833
0.874034156,0,0.0252575,0.16434177,0,5.026239,65.30278
0.853213572,0.018254321,0.025051744,0.155454602,0.7286356,5.026239,65.30278
0.861894705,0.015094718,0.021745621,0.150368075,0.694117852,5.026239,65.30278
0.798443228,0.089107283,0.042799237,0.098515308,2.08193434,5.0198064,59.03153
0.779618755,0.089736308,0.044819643,0.088768049,2.002120066,5.0198064,59.03153
0.807569886,0.112201897,0,0.074956622,112201.8966,5.018089,64.75047
0.801093948,0.119260271,0.001980452,0.070119972,60.18832733,5.018089,64.75047
0.828520554,0.110697715,0.007699734,0.071929517,14.37495679,5.018089,64.75047
0.831427228,0.100421516,0,0.070201211,100421.5161,5.018089,64.75047
0.820476937,0.122528426,0.003795996,0.074951677,32.26983147,5.018089,64.75047
0.800761207,0.105517754,0,0.074373674,105517.7538,5.018089,64.75047
0.835495527,0.124643699,0.007671148,0.06891458,16.24625929,5.018089,64.75047
0.802139799,0.074379155,0.037786904,0.130760989,1.968332379,5.004898,51.379673
0.814799441,0.071219921,0.03573908,0.127674754,1.992718594,5.004898,51.379673
0.858177663,0.065798015,0.023967508,0.082592757,2.745186095,5.004842,76.13133
0.861906463,0.064601935,0.023212097,0.078884246,2.782995083,5.004842,76.13133
0.886876794,0.053493621,0.020675525,0.08534049,2.587166899,5.004842,76.13133
0.853026355,0.021690695,0,0.152777976,21690.69526,4.998978,64.319885
0.851255765,0.009405848,0,0.155761725,9405.848187,4.998978,64.319885
0.8060601,0.123968629,0,0.038202233,123968.6291,4.997729,63.451725
0.826965212,0.101294172,0.008554272,0.063276064,11.83997076,4.997729,63.451725
0.806104593,0.113291068,0,0.047315846,113291.0678,4.997729,63.451725
0.827083828,0.10524634,0,0.055361456,105246.3397,4.997729,63.451725
0.822528226,0.121647027,0.007924418,0.055510916,15.34897372,4.997729,63.451725
0.818180158,0.109470792,0.007006812,0.055938896,15.62125054,4.997729,63.451725
0.822188997,0.110024292,0.009721082,0.043852501,11.31694799,4.997729,63.451725
0.824756454,0.115066413,0.008687561,0.053247816,13.24343807,4.997729,63.451725
0.842275432,0.111114574,0.008215061,0.03992805,13.52406889,4.997729,63.451725
0.829363237,0.108997289,0.007821321,0.051682305,13.93413679,4.997729,63.451725
0.812742343,0.121435018,0,0.056109111,121435.0176,4.997729,63.451725
0.827244518,0.117355016,0.008542129,0.041769243,13.7367725,4.997729,63.451725
0.835470983,0.112068935,0.002522385,0.058355705,44.41213561,4.997729,63.451725
0.818744373,0.123238267,0.009126203,0.036002295,13.50230334,4.997729,63.451725
0.843564818,0.103957988,0.008515403,0.035396976,12.20679576,4.997729,63.451725
0.847787464,0.106105353,0,0.052735577,106105.3532,4.997729,63.451725
0.848790519,0.122095342,0.009830586,0.038225729,12.41868219,4.997729,63.451725
0.832391912,0.122082414,0,0.027054864,122082.4137,4.997729,63.451725
0.844488143,0.120334121,0.006846582,0.013468626,17.57322729,4.997729,63.451725
0.834052969,0.122542926,0,0,122542.9257,4.997729,63.451725
0.806141667,0.053314007,0.002126598,0.118413967,25.05831181,4.9967237,61.070293
0.825297561,0.052869559,0.003920086,0.116855972,13.48339528,4.9967237,61.070293
0.823131284,0.048043051,0,0.113889989,48043.05123,4.9967237,66.39243
0.810144396,0.061041209,0,0.116088436,61041.2089,4.9967237,61.070293
0.839533845,0.052808905,0.00064506,0.120755619,81.7399741,4.9967237,61.070293
0.822182154,0.052091006,0,0.120737671,52091.00618,4.9967237,61.070293
0.824505363,0.055141962,0,0.112726335,55141.96191,4.9967237,61.070293
0.831748195,0.062158449,0,0.113422256,62158.44902,4.9967237,61.070293
0.819292537,0.063657142,0.003064509,0.108339651,20.76560506,4.9967237,61.070293
0.816676444,0.0676403,0,0.103288206,67640.30013,4.9967237,60.417694
0.82702923,0.066608777,0,0.104107967,66608.77721,4.9967237,61.070293
0.843467073,0.072719229,0,0.100328917,72719.22902,4.9967237,60.417694
0.847753669,0.032688397,0,0.111532143,32688.39676,4.9967237,66.39243
0.838124016,0.014221882,0,0.1087246,14221.8818,4.9967237,66.39243
0.844425082,0.012956084,0.00057864,0.104253981,22.35193065,4.9967237,66.39243
0.83630197,0.033701154,0.000944074,0.106642214,35.65981747,4.9967237,66.39243
0.835862855,0.057658783,0.003088543,0.111364556,18.66256187,4.9967237,61.070293
0.845786495,0.00532407,0,0.12095462,5324.070133,4.9967237,66.39243
0.806962064,0.14063941,0.003328564,0.069487642,42.23959378,4.9929147,61.655247
0.817553408,0.036168498,0,0.141896032,36168.49792,4.991039,56.27217
0.800740948,0.048219591,0.000409247,0.145789098,117.5378103,4.991039,56.27217
0.828078018,0.03315501,0,0.148066591,33155.01022,4.991039,56.27217
0.815241267,0.016683178,0,0.138926214,16683.17753,4.991039,56.27217
0.817968236,0.054510014,0,0.147812387,54510.01438,4.991039,52.121414
0.82677701,0.051405429,0,0.145323804,51405.42935,4.991039,52.121414
0.811646556,0.046230782,0.000714249,0.134205367,64.63594231,4.991039,56.27217
0.824604448,0.053207857,0,0.131055137,53207.85726,4.991039,56.962074
0.831815007,0.051940519,0,0.125644075,51940.51944,4.991039,56.962074
0.838536546,0.003699397,0,0.147299243,3699.397064,4.991039,56.27217
0.847024365,0.009125647,0,0.133151879,9125.646712,4.991039,56.27217
0.828934854,0.116733038,0.011121006,0.063717026,10.49568179,4.9855394,66.87366
0.833951932,0.109574223,0.010452901,0.060095136,10.48165892,4.9855394,66.87366
0.812715551,0.16052972,0.010664267,0.069800042,15.05163626,4.9807262,57.73655
0.817522704,0.134393924,0.000783485,0.048442924,171.3148953,4.9725547,60.3565
0.80326133,0.145522585,0.004457441,0.055472987,32.63979126,4.9725547,60.3565
0.817547942,0.149358158,0.003786477,0.053953073,39.43473664,4.9725547,60.3565
0.840739868,0.134201915,0,0.046393196,134201.9154,4.9725547,60.3565
0.828958035,0.139875603,0.007817169,0.041571458,17.89109407,4.9725547,60.3565
0.829940302,0.146818911,0.006503457,0.039977619,22.5720477,4.9725547,60.3565
0.827606738,0.139809081,0,0.029325661,139809.0809,4.9725547,60.3565
0.812053185,0.149788896,0,0.036699745,149788.8956,4.9725547,60.3565
0.820322988,0.156087809,0,0.041369081,156087.8086,4.9725547,51.62907
0.821507423,0.150913492,0,0.043558053,150913.4924,4.9725547,51.62907
0.821783649,0.137760097,0,0.029650585,137760.0967,4.9725547,60.3565
0.84576748,0.143046096,0.006763884,0.020926734,21.14538737,4.9725547,60.3565
0.829300416,0.137106615,0.004778368,0.025953615,28.68718527,4.9725547,60.3565
0.824192834,0.151577614,0,0.026148451,151577.6144,4.9725547,51.62907
0.805017993,0.135230751,0.009106987,0.025231043,14.84749062,4.9725547,60.3565
0.843902171,0.141962231,0.003926388,0.018169145,36.14672606,4.9725547,60.3565
0.849966255,0.133639706,0,0.011853143,133639.7063,4.9725547,60.3565
0.832315606,0.147319555,0,0.030540924,147319.555,4.9725547,60.3565
0.848523974,0.135354189,0,0.014726398,135354.1892,4.9725547,60.3565
0.840016146,0.157202829,0,0.008188083,157202.829,4.9725547,51.62907
0.842527883,0.155032521,0,0,155032.5206,4.9725547,51.62907
0.800557249,0.124359754,0.056041559,0.06837061,2.219023479,4.969569,56.43968
0.84346637,0.104955815,0.059972656,0.069989905,1.750031976,4.969569,56.350277
0.829567532,0.101450637,0.057146277,0.049783952,1.775248835,4.969569,54.71111
0.833406435,0.119288577,0.054096878,0.074212474,2.205050955,4.969569,56.43968
0.820161142,0.117593348,0.055788634,0.053382327,2.107799232,4.969569,54.800518
0.820168135,0.115061373,0.064311521,0.049708273,1.789097537,4.969569,54.71111
0.839551908,0.102436572,0.053209976,0.039243495,1.925102312,4.969569,54.71111
0.838041169,0.115252109,0.066887083,0.034484908,1.72305894,4.969569,54.71111
0.846003638,0.111122305,0.058639363,0.022980427,1.894979812,4.969569,54.71111
0.838803826,0.119021279,0.062434691,0.01115208,1.906301928,4.969569,54.71111
0.855382961,0.110973002,0.054820055,0.043179252,2.024277032,4.9659305,65.752945
0.85490975,0.105454915,0.052280767,0.054330666,2.017049563,4.9659305,65.752945
0.857348778,0.110583364,0.059623452,0.045635419,1.854664674,4.9659305,66.1477
0.876016831,0.110085561,0.054169317,0.050714759,2.032211865,4.9659305,65.752945
0.866699045,0.109101077,0.052204607,0.029091817,2.089834449,4.9659305,65.752945
0.867269639,0.11908294,0.05895356,0.024367903,2.019910598,4.9659305,65.752945
0.860240625,0.104782014,0.056077945,0.008119657,1.868473349,4.9659305,66.1477
0.855925269,0.123987193,0.053989922,0.018992521,2.296445202,4.9659305,65.752945
0.860887486,0.121343826,0.05629845,0.008581786,2.155328798,4.9659305,65.752945
0.870261607,0.107184174,0.064049138,0.033964997,1.673441736,4.9659305,66.1477
0.873318562,0.108091278,0.05588143,0.001675502,1.934262321,4.9659305,66.1477
0.886260503,0.119190827,0.063656938,0.006183501,1.872363927,4.9659305,66.1477
0.887888281,0.100983218,0.051061829,0.015375634,1.977626772,4.9659305,66.1477
0.745342702,0.087038833,0.046769808,0.148287437,1.860964912,4.9612513,50.284817
0.775130019,0.07966671,0.040658594,0.136275903,1.959358211,4.9612513,50.284817
0.770146365,0.080480815,0.047484369,0.135812772,1.694854993,4.9612513,50.284817
0.777164586,0.07952696,0.042382215,0.14163001,1.87637867,4.9612513,50.284817
0.776864543,0.081028818,0.04384621,0.130182525,1.847981145,4.9612513,54.92535
0.791387158,0.081464895,0.042235616,0.138427219,1.928774219,4.9612513,50.284817
0.795128746,0.080300315,0.045956321,0.129435978,1.747280146,4.9612513,54.92535
0.801064302,0.128858774,0.005933344,0.046867065,21.71407196,4.961126,62.847103
0.804582651,0.128035079,0.001825081,0.049018136,70.11467068,4.961126,62.847103
0.8149838,0.125018249,0,0.060967549,125018.2485,4.961126,62.847103
0.819263,0.127120934,0,0.046681351,127120.9335,4.961126,62.847103
0.826200313,0.126594625,0.007069236,0.054825337,17.90528982,4.961126,62.847103
0.810356251,0.130976704,0.009791809,0.02999198,13.37478358,4.961126,62.847103
0.835786808,0.126023203,0.006597336,0.029941676,19.09923959,4.961126,62.847103
0.819496948,0.132974758,0.006202752,0.027409351,21.43457143,4.961126,62.847103
0.836608268,0.126282569,0.004847374,0.04201823,26.04637756,4.961126,62.847103
0.812170078,0.125668482,0.008104855,0.031066489,15.50342121,4.961126,62.847103
0.821513479,0.131042108,0,0.026105964,131042.108,4.961126,62.847103
0.835816343,0.132595149,0,0.023667213,132595.1489,4.961126,62.847103
0.841818011,0.129318766,0.008529906,0.009811948,15.15885423,4.961126,62.847103
0.848782525,0.130696907,0,0.002486438,130696.9068,4.961126,62.847103
0.811593298,0.14631928,0.01288932,0.061658778,11.35109742,4.9603662,64.85771
0.802110175,0.165301952,0.016321625,0.057740228,10.12716723,4.9603662,57.093506
0.824744459,0.145360877,0.013528259,0.032768316,10.74418586,4.9603662,64.85771
0.834163277,0.142606286,0.013272534,0.015220612,10.74365603,4.9603662,64.85771
0.828464885,0.161918993,0.010855228,0.018875771,14.91484838,4.9603662,57.093506
0.834980101,0.159500158,0.01040584,0.005209813,15.32647339,4.9603662,57.093506
0.848298154,0.150931979,0.011596333,0.015446576,13.01436967,4.9603662,57.093506
0.847735211,0.151813623,0.012750359,0,11.905682,4.9603662,57.093506
0.849786327,0.133389166,0.01314075,0.002559771,10.15003083,4.9603662,64.85771
0.847186724,0.151918977,0.014248474,0,10.6613745,4.9603662,57.093506
0.805144388,0.063305749,0.035352974,0.147607269,1.790626098,4.9543285,47.2724
0.801156746,0.043823583,0.036977592,0.143061956,1.185106879,4.9543285,53.210327
0.817216953,0.011275345,0.033958376,0.148850491,0.332024488,4.9543285,53.210327
0.829082528,0.030002405,0.036957891,0.148978969,0.811777725,4.9543285,53.210327
0.825260911,0.007831812,0.035387281,0.139793694,0.221310882,4.9543285,53.210327
0.810933389,0.0182612,0.035590184,0.133453657,0.513082131,4.9543285,53.210327
0.819375332,0.054665409,0.034460722,0.13000129,1.586264567,4.9543285,51.272987
0.831206721,0.039677194,0.036418251,0.139480783,1.089456621,4.9543285,53.210327
0.808390391,0.04551661,0.030963333,0.137292369,1.469969,4.9543285,53.210327
0.829296182,0.047290747,0.034263405,0.129168282,1.380171268,4.9543285,57.108925
0.827076877,0.05574318,0.037649194,0.14377335,1.480554911,4.9543285,47.2724
0.825283184,0.037299389,0.038499636,0.130709457,0.968799291,4.9543285,57.108925
0.849423812,0,0.0320266,0.132605748,0,4.9543285,57.108925
0.837723922,0,0.035948506,0.132504351,0,4.9543285,57.108925
0.836769102,0.011722544,0.034769573,0.135647518,0.33713979,4.9543285,53.210327
0.825005943,0.027495049,0.032243097,0.130197856,0.852715747,4.9543285,57.108925
0.833546013,0.007274313,0.033208249,0.134549559,0.219044778,4.9543285,53.210327
0.840175126,0.025493083,0.032954062,0.127075423,0.773571091,4.9543285,57.108925
0.813686316,0.059254449,0.024130873,0.14124491,2.455443366,4.9476523,50.125725
0.830597904,0.047327867,0.02120911,0.140621674,2.231382505,4.9476523,56.120537
0.829591801,0.056945922,0.024548771,0.139109444,2.319611127,4.9476523,50.125725
0.830788808,0.073676198,0.03006077,0.121331154,2.450826994,4.9432597,56.178356
0.800993323,0.072929784,0.034364513,0.111562435,2.122179365,4.9432597,56.178356
0.820798132,0.0678213,0.031278112,0.118128222,2.168261698,4.9432597,56.178356
0.866777008,0.030150069,0.010410837,0.114700137,2.895749082,4.9426107,77.40422
0.859567023,0.05262988,0.016833551,0.101357265,3.126301478,4.9426107,72.06863
0.853885786,0.061893283,0.018710745,0.100270604,3.307723767,4.9426107,72.06863
0.831818915,0.071399607,0.036546645,0.112131792,1.953603497,4.9384756,55.27342
0.826708654,0.036806409,0.023402158,0.149290946,1.572711229,4.925404,54.723125
0.828475817,0.025511979,0.025567417,0.143097238,0.997792675,4.925404,54.723125
0.819602403,0.019982158,0.02973456,0.148164597,0.671995342,4.925404,54.723125
0.83017659,0.035027448,0.022808637,0.129023803,1.535642531,4.925404,59.262493
0.826848361,0.022609473,0.025287756,0.135959047,0.894052412,4.925404,54.723125
0.819243622,0.04178947,0.02330412,0.138688887,1.793145459,4.925404,54.723125
0.831324077,0.028884198,0.020084381,0.131589071,1.438070708,4.925404,59.262493
0.8312181,0.034685454,0.026931531,0.142331793,1.287864637,4.925404,54.723125
0.833339222,0.023100783,0.022790287,0.130142872,1.013579579,4.925404,59.262493
0.819839553,0.043617173,0.028744767,0.134944145,1.517342433,4.925404,54.723125
0.820377247,0.039337651,0.026247261,0.145135543,1.498676458,4.925404,54.723125
0.847558434,0,0.026940947,0.144037877,0,4.925404,54.723125
0.846751686,0.01888312,0.028587602,0.146951774,0.660512197,4.925404,54.723125
0.849374069,0.007209693,0.02267168,0.143227032,0.31799031,4.925404,54.723125
0.838964107,0.013886148,0.023261311,0.137271713,0.596937574,4.925404,54.723125
0.834070063,0.021028047,0.022553819,0.134537603,0.932308384,4.925404,54.723125
0.843265094,0.015245122,0.02010573,0.129086195,0.758209941,4.925404,59.262493
0.801818663,0.093466676,0.06089905,0.092769743,1.534755334,4.922795,55.73435
0.82445752,0.099230035,0.061359478,0.083546506,1.617165278,4.922795,55.73435
0.816830643,0.080728741,0.059701751,0.088729514,1.352177912,4.922795,55.73435
0.840774533,0.083482856,0.054491128,0.089345898,1.532016804,4.922795,55.73435
0.84065524,0.088596249,0.053332176,0.076641297,1.661184576,4.922795,55.73435
0.824008241,0.09393663,0.050214256,0.09278435,1.870679095,4.922795,55.73435
0.829477086,0.098779429,0.058822865,0.078918287,1.67924071,4.922795,55.73435
0.843904878,0.077347519,0.050490649,0.090019002,1.531887353,4.922795,55.73435
0.772353432,0.065510835,0.044951214,0.16048204,1.457343886,4.8942,48.159092
0.792515135,0.057123222,0.047938559,0.158848426,1.191567519,4.8942,48.159092
0.779607678,0.063301918,0.043229135,0.15961717,1.464300724,4.8942,48.159092
0.789407865,0.050121267,0.043690692,0.151422074,1.147157839,4.8942,48.159092
0.835654804,0.066464409,0.030221406,0.115200319,2.199176622,4.89269,56.38037
0.791360092,0.088764556,0.048880992,0.119808778,1.815894845,4.8891435,57.93104
0.796154445,0.079852405,0.042496661,0.122718995,1.878983534,4.8891435,57.93104
0.781292081,0.090352946,0.045255276,0.105303429,1.996473267,4.8891435,57.93104
0.824653151,0.060340274,0.031856014,0.121710178,1.894096964,4.887906,55.45912
0.827891686,0.045217748,0.03020066,0.121049972,1.49719413,4.887906,61.17305
0.831585443,0.061889991,0.035029671,0.120373967,1.766737242,4.887906,55.45912
0.849803622,0.028475616,0.034238109,0.115776487,0.8316693,4.887906,61.17305
0.835973947,0.03242882,0.036797397,0.112017939,0.881256322,4.887906,61.17305
0.837561368,0.035531492,0.038672272,0.107104999,0.91876093,4.887906,61.17305
0.848701793,0.034687965,0.038940364,0.112734725,0.890774261,4.887906,61.17305
0.844464118,0.0419868,0.031874268,0.11103382,1.317221888,4.887906,61.17305
0.847964196,0.04696168,0.033227386,0.106193054,1.413300067,4.887906,61.17305
0.849442309,0.054567032,0.0356627,0.110809995,1.530044057,4.887906,55.45912
0.862187619,0.083565834,0.037409857,0.081351762,2.233732144,4.873438,69.38922
0.851486675,0.081460301,0.035237375,0.076550168,2.311692933,4.873438,69.38922
0.861965715,0.086188863,0.039115888,0.095303697,2.203367092,4.873438,69.38922
0.850320041,0.085672261,0.024310193,0.062588875,3.523984272,4.873036,75.99738
0.870133872,0.099863765,0.024958081,0.056753803,4.001099388,4.873036,75.99738
0.85399688,0.086080438,0.021990317,0.025752343,3.914292159,4.873036,75.99738
0.863562738,0.09941945,0.025791501,0.015232079,3.854587376,4.873036,75.99738
0.873714625,0.096460276,0.022622234,0.029688939,4.263770346,4.873036,75.99738
0.866338252,0.097717962,0.020755265,0.032994288,4.707878009,4.873036,75.99738
0.888924653,0.093863827,0.020549926,0.028707662,4.567376962,4.873036,75.99738
0.885325462,0.092743436,0.021200816,0.026653961,4.374315673,4.873036,75.99738
0.884648516,0.096847033,0.022512721,0.025100212,4.301689362,4.873036,75.99738
0.866903965,0.094344236,0.024161695,0.005866597,3.904541127,4.873036,75.99738
0.890986472,0.094448923,0.022455239,0.029247218,4.205910093,4.873036,75.99738
0.896425546,0.080600897,0.021417949,0.018689314,3.763065051,4.873036,75.99738
0.89686942,0.085648424,0.023842266,0.03097485,3.592143143,4.873036,75.99738
0.899992914,0.096357978,0.021432663,0.008280661,4.495637553,4.873036,75.99738
0.8813346,0.092328291,0.024738872,0.017740388,3.731963121,4.873036,75.99738
0.895127714,0.099779651,0.024238446,0.003588481,4.116416386,4.873036,75.99738
0.807553912,0.060121913,0.028872202,0.112128905,2.082273854,4.863765,58.90223
0.818730329,0.053764965,0.023034061,0.122371352,2.334049172,4.863765,58.90223
0.834843224,0.066928558,0.026981413,0.102459773,2.48045112,4.863765,58.90223
0.81969003,0.055521073,0.023959893,0.104665476,2.31715371,4.863765,58.90223
0.819691312,0.054135223,0.025905302,0.108865795,2.08965459,4.863765,58.90223
0.842815927,0.049234458,0.021660072,0.12328644,2.272946526,4.863765,64.67305
0.813668743,0.051420985,0.029765785,0.118462937,1.727461843,4.8589807,57.980976
0.820212514,0.03777105,0.027908188,0.119685886,1.353355384,4.8589807,63.75179
0.826965548,0.051037703,0.028573464,0.118228319,1.786129845,4.8589807,57.980976
0.833896308,0.040205558,0.020731958,0.102952141,1.939209913,4.8589807,63.75179
0.814958592,0.046504238,0.029394527,0.10958527,1.582017497,4.8589807,63.75179
0.848269282,0.028555033,0.024270594,0.121417085,1.176479537,4.8589807,63.75179
0.843370991,0.01876506,0.026580949,0.115322613,0.705932429,4.8589807,63.75179
0.841963254,0.040226309,0.024064314,0.115712242,1.671547228,4.8589807,63.75179
0.848887739,0.033841132,0.021376311,0.101031179,1.583039718,4.8589807,63.75179
0.862360932,0.045848997,0.050438965,0.099624365,0.908981533,4.853304,73.12957
0.855365098,0.06633661,0.051514074,0.087018475,1.287712609,4.853304,67.6977
0.864934574,0.019469102,0.052274144,0.09628538,0.372435167,4.853304,73.12957
0.870683797,0.03288728,0.066875481,0.087183279,0.491761525,4.853304,73.12957
0.893998819,0.04553389,0.067423699,0.080047849,0.675329522,4.853304,73.12957
0.873673663,0.039660748,0.066236337,0.081956551,0.598767249,4.853304,73.12957
0.865254707,0.02405244,0.050118804,0.08187071,0.479898929,4.853304,73.12957
0.882309241,0.017522476,0.056079476,0.085382116,0.312452339,4.853304,73.12957
0.885800481,0.025719299,0.008252103,0.100392204,3.116318774,4.8507094,74.562195
0.851323821,0.053577023,0.026469755,0.143023229,2.024008106,4.82436,59.50184
0.859407712,0.043904407,0.003319184,0.122503445,13.22348416,4.80471,73.92707
0.851053755,0.0281111,0.002220117,0.122993148,12.6562876,4.80471,73.92707
0.851252245,0.03506241,0,0.121756035,35062.40989,4.80471,73.92707
0.862477421,0.030287363,0.002820342,0.10931123,10.73509009,4.80471,73.92707
0.852789942,0.042510995,0.000807879,0.113742537,52.55547563,4.80471,73.92707
0.850340835,0.026481573,0.000778742,0.109050354,33.96195774,4.80471,73.92707
0.850760054,0.047784867,0,0.107985013,47784.86737,4.80471,73.92707
0.85538756,0.049776997,0,0.108766059,49776.99716,4.80471,73.92707
0.851693608,0.052047589,0,0.112523464,52047.58882,4.80471,68.6049
0.873193295,0.059602716,0.001871543,0.103571584,31.82982085,4.80471,68.6049
0.853933178,0.056948423,0.002742355,0.110246386,20.75867789,4.80471,68.6049
0.865466714,0.011761898,0,0.107776526,11761.89823,4.80471,73.92707
0.876226703,0.003331513,0,0.115599098,3331.51283,4.80471,73.92707
0.876132704,0.005993286,0,0.108019264,5993.286175,4.80471,73.92707
0.865448774,0.009415594,0.000768481,0.120891473,12.23628889,4.80471,73.92707
0.865006978,0.03551886,0,0.106942145,35518.85972,4.80471,73.92707
0.869952251,0.036802302,0,0.108011021,36802.30208,4.80471,73.92707
0.898026616,1.62E-05,0,0.101031176,16.19031357,4.80471,73.92707
0.886203818,0.017809396,0,0.102138774,17809.39577,4.80471,73.92707
0.860506544,0.010016318,0.025443065,0.14447307,0.393660294,4.8021116,65.373955
0.854219208,0,0.020888813,0.142985801,0,4.8021116,65.373955
0.866137113,0.010859042,0.025161248,0.148812447,0.431560887,4.8021116,65.373955
0.859640872,0.00718534,0.026446077,0.147589304,0.271687503,4.8021116,65.373955
0.85015579,0.012242347,0.029173501,0.134923059,0.419624915,4.8021116,65.373955
0.859817655,0.01560086,0.021425418,0.133379379,0.728113301,4.8021116,65.373955
0.872909426,0.001672226,0.024247546,0.137688508,0.068961909,4.8021116,65.373955
0.877005692,0.002270345,0.023823295,0.135618166,0.095295359,4.8021116,65.373955
0.886486373,0,0.022393138,0.139140291,0,4.8021116,65.373955
0.864841782,0.005914422,0.021095913,0.127183388,0.280345358,4.8021116,70.18404
0.881931056,0,0.029588228,0.132958638,0,4.8021116,70.18404
0.873171036,0,0.026933029,0.126882597,0,4.8021116,70.18404
0.874221628,0.015852994,0.027440029,0.133015284,0.577711361,4.8021116,65.373955
0.858700677,0.001430488,0,0.132417911,1430.487699,4.799025,69.057594
0.860098171,0.030280314,0.000323962,0.137750023,93.18105146,4.799025,64.35885
0.852811914,0.024281862,0,0.146651424,24281.86248,4.799025,64.35885
0.855500521,0.018917735,0,0.14347867,18917.73493,4.799025,64.35885
0.851222975,0.035681032,0,0.128092586,35681.03205,4.799025,69.057594
0.85543298,0.019503445,0,0.132323286,19503.44501,4.799025,69.057594
0.780150477,0.068451126,0.046694306,0.146385433,1.465910209,4.7808666,48.33898
0.797249483,0.074413072,0.04282184,0.142561974,1.737695854,4.7808666,48.33898
0.839076872,0.048956572,0.050392826,0.07802499,0.971479572,4.7744393,61.064804
0.842442548,0.056943809,0.063335471,0.089026888,0.899068225,4.7744393,55.632957
0.848130287,0.054680448,0.056666279,0.084711834,0.964938651,4.7744393,55.632957
0.847752346,0.064044806,0.050550029,0.090894413,1.266933768,4.7744393,55.632957
0.862269332,0.155363029,0.013025931,0,11.92629527,4.7725616,62.691544
0.850669907,0.169483426,0.01299507,0,13.04112894,4.7725616,62.691544
0.878080505,0.14388372,0.011873757,0.003517771,12.11677178,4.7725616,69.909706
0.862625841,0.129935602,0.010161051,0.025018035,12.78635656,4.7611327,72.20837
0.807116149,0.038032114,0.018248879,0.164781212,2.08396519,4.749366,54.724094
0.851408862,0.13369975,0,0.015557422,133699.7502,4.7484818,67.19897
0.853231677,0.138030782,0.0040104,0.016054045,34.40962929,4.7484818,67.19897
0.854687743,0.143927352,0,0.018908335,143927.3523,4.7484818,67.19897
0.853017919,0.134233209,0,0.00479079,134233.2087,4.7484818,67.19897
0.857660803,0.137374808,0.00849982,0.023961233,16.16018362,4.7484818,67.19897
0.858840454,0.146826495,0.006366104,0.009158238,23.06016792,4.7484818,67.19897
0.865942677,0.1409267,0.000426666,0.003456203,329.5249987,4.7484818,67.19897
0.857783611,0.124015624,0.01050049,0.025225208,11.80933556,4.746388,71.71814
0.875064223,0.121653519,0.011482041,0.0252123,10.59418971,4.746388,71.71814
0.878771004,0.120262048,0.011561851,0,10.40072658,4.746388,71.71814
0.888744381,0.124501198,0.010143934,0.00233285,12.27225323,4.746388,71.71814
0.850405917,0.046406146,0.022820143,0.11403028,2.033471594,4.7404723,74.63728
0.860913101,0.057007006,0.027020775,0.105697589,2.109669159,4.7404723,68.86645
0.853216978,0.061131405,0.024551338,0.114015837,2.489840458,4.7404723,68.86645
0.856628813,0.128566474,0.009458882,0.047032538,13.59070655,4.737053,69.72908
0.856308117,0.132915318,0,0.012613945,132915.3179,4.737053,69.72908
0.859970297,0.125925303,0.00461078,0.003435907,27.30513907,4.737053,69.72908
0.857269675,0.127106008,0.007534175,0.001373413,16.86835579,4.737053,69.72908
0.868462337,0.125193441,0,0,125193.4407,4.737053,69.72908
0.855689831,0.039209327,0.027714558,0.100135595,1.414704578,4.735688,74.66966
0.866283966,0.034208759,0.027561086,0.115168253,1.24115276,4.735688,74.66966
0.859920423,0.039925431,0.022042289,0.110401339,1.811228435,4.735688,74.66966
0.886647394,0,0.020198652,0.112417354,0,4.735688,74.66966
0.879288165,0.003074036,0.025574717,0.117821468,0.120193529,4.735688,74.66966
0.851370676,0,0.020196392,0.102810696,0,4.735688,74.66966
0.86700808,0,0.025686228,0.111539603,0,4.735688,74.66966
0.872081887,0.003137209,0.023380669,0.102370371,0.134173853,4.735688,74.66966
0.884192289,0.025800561,0.020846113,0.118678055,1.237608344,4.735688,74.66966
0.893732978,0.019873052,0.026170777,0.101101552,0.759331418,4.735688,74.66966
0.866536433,0.011150571,0.029989983,0.11425911,0.371797455,4.735688,74.66966
0.871652247,0.008316548,0.029346972,0.11688496,0.283377263,4.735688,74.66966
0.870963515,0.019389243,0.021216313,0.102654925,0.913840655,4.735688,74.66966
0.870596114,0,0.02591226,0.104457599,0,4.735688,74.66966
0.776731809,0.06087745,0.046161253,0.140050354,1.318771222,4.730297,48.26157
0.782412605,0.048230049,0.048332567,0.14794082,0.997858253,4.730297,54.199505
0.786955305,0.049498593,0.043626481,0.132119524,1.134573701,4.730297,58.777805
0.863281941,0.123490758,0.004988832,0.059230448,24.74848034,4.722308,69.96538
0.851810216,0.113244586,0.000791544,0.000775997,142.8873548,4.722308,69.96538
0.861966315,0.121642948,0,0.028848117,121642.9477,4.722308,69.96538
0.856482804,0.122106685,0.006627362,0.019844186,18.42184891,4.722308,69.96538
0.859325908,0.122132058,0,0.036206857,122132.0576,4.722308,69.96538
0.875581993,0.105044682,0.006176657,0.036084446,17.00396854,4.722308,69.96538
0.868540926,0.119728321,0.004932048,0.01750951,24.27065983,4.722308,69.96538
0.862210337,0.124449106,0.004179208,0.006718194,29.77103114,4.722308,69.96538
0.864723249,0.107262265,0.001423779,0.038564126,75.28343416,4.722308,69.96538
0.873656913,0.100232232,0,0.032335951,100232.2319,4.722308,69.96538
0.888956838,0.106266136,0,0.025551706,106266.1364,4.722308,69.96538
0.86937832,0.100455639,0.005623834,0.024993915,17.85930821,4.722308,69.96538
0.872907781,0.106234071,0,0.036966271,106234.0714,4.722308,69.96538
0.866941299,0.121549287,7.12E-05,0.009924471,1682.787421,4.722308,69.96538
0.879477169,0.104235804,0.007595,0.003959744,13.72245907,4.722308,69.96538
0.859291238,0.124710347,0,9.75E-05,124710.3469,4.722308,69.96538
0.863732325,0.103005048,0,0.016464143,103005.0478,4.722308,69.96538
0.89232515,0.102038632,0.006090275,0,16.75160442,4.722308,69.96538
0.897313001,0.100499365,0.009883189,0.023399445,10.16768962,4.722308,69.96538
0.855207002,0.120101575,0,0.017990681,120101.5747,4.722308,69.96538
0.86427257,0.116263142,0.006146589,0.004418667,18.91198978,4.722308,69.96538
0.895740827,0.10507134,0,0.01528036,105071.34,4.722308,69.96538
0.877537397,0.124096361,0.006106282,0.012636681,20.31940799,4.722308,69.96538
0.885857863,0.120812784,0.008056442,0.000734004,14.99393842,4.722308,69.96538
0.875979832,0.119621069,0.006557962,0.003752818,18.23780539,4.722308,69.96538
0.887619215,0.120115239,0.004598263,0.011896426,26.11619193,4.722308,69.96538
0.893524582,0.116129102,0.008041452,0.022125044,14.43951499,4.722308,69.96538
0.885488243,0.107880757,0.005494404,0,19.63108793,4.722308,69.96538
0.895792382,0.10038435,0.005772282,0,17.38774318,4.722308,69.96538
0.848093176,0,0.008642484,0.158268386,0,4.7124887,46.90593
0.861799775,0.073393491,0.021981359,0.053264604,3.338744978,4.6952677,75.69529
0.867915932,0.069336054,0.020211623,0.053243457,3.430334312,4.6952677,75.69529
0.859188093,0.073117387,0.02100327,0.038066242,3.481072528,4.6952677,75.69529
0.893380178,0.07418954,0.02083352,0.024378639,3.560895046,4.6952677,75.69529
0.901443433,0.108916492,0.062288566,0.015910905,1.748551165,4.6924205,71.21393
0.836692956,0.083386873,0.019619728,0.093114052,4.249937836,4.692072,66.44386
0.835736317,0.08428254,0.01919368,0.098297944,4.390932242,4.692072,66.44386
0.840606646,0.083510729,0.01839174,0.084202685,4.540417954,4.692072,66.44386
0.905130854,0.011688401,0,0.103109138,11688.40131,4.6906686,79.06199
0.912389464,0.012920891,0,0.105727524,12920.89059,4.6906686,79.06199
0.906931076,0.018199253,0.034561875,0.133311771,0.526554945,4.687974,69.97215
0.802482206,0.093126557,0,0.092820362,93126.55653,4.6616535,63.06384
0.81377278,0.076947629,0,0.099013206,76947.62862,4.6616535,63.06384
0.817017028,0.077127398,0.004976619,0.09541777,15.49483627,4.6616535,63.06384
0.82466873,0.079080528,0.006156018,0.095093878,12.84396551,4.6616535,63.06384
0.836883933,0.078641403,0.005918668,0.081570631,13.28476577,4.6616535,63.06384
0.833204822,0.087313803,0.004066592,0.085998398,21.46572163,4.6616535,63.06384
0.821066612,0.08349757,0,0.090195458,83497.57011,4.6616535,63.06384
0.825287448,0.096917075,0,0.089472449,96917.07497,4.6616535,63.06384
0.837784519,0.08416282,0.000657094,0.09653479,127.8886811,4.6616535,63.06384
0.826329697,0.099331281,0.006703182,0.076934802,14.81631659,4.6616535,63.06384
0.844234896,0.077569388,0.002659494,0.079877285,29.15601293,4.6616535,63.06384
0.793002745,0.066847105,0.047690031,0.113853064,1.401670351,4.6581893,57.077633
0.811677821,0.084078364,0.033946456,0.083435546,2.476720583,4.639338,58.568142
0.842945579,0.080507976,0.03290843,0.097172407,2.446349724,4.639338,58.568142
0.819823887,0.079447738,0.034928005,0.08879103,2.274549111,4.639338,58.568142
0.835666747,0.078578535,0.032841464,0.097863867,2.392589491,4.639338,58.568142
0.819410782,0.080836791,0.036859716,0.087190716,2.193033629,4.639338,58.568142
0.812484606,0.088003025,0.035653763,0.08643566,2.468198299,4.639338,58.568142
0.824460789,0.084577916,0.038887086,0.081255913,2.174905582,4.639338,58.568142
0.843943845,0.094901662,0.038576461,0.080579054,2.460028744,4.639338,58.568142
0.909375701,0.006943894,0.038714093,0.106235292,0.179358831,4.6215506,79.12296
0.864907261,0.072318421,0.038251319,0.082813483,1.890563075,4.619755,68.760025
0.85308833,0.128688178,0.042847456,0.048369912,3.003332883,4.6185603,72.19465
0.868845863,0.125258782,0.044887238,0.009306486,2.790458839,4.6185603,72.19465
0.885560568,0.127909474,0.046048614,0,2.777644856,4.6185603,72.19465
0.866612592,0.141544937,0.049651371,0.010586089,2.850718607,4.606379,69.81913
0.854746982,0.06275681,0.032763959,0.099968803,1.915363602,4.6018896,68.9809
0.855578103,0.06112638,0.038906598,0.088740621,1.57106538,4.6018896,68.9809
0.889122206,0.000504383,0.031311911,0.097716097,0.016107823,4.6018896,74.41278
0.874203586,0.016491506,0.03247445,0.095874118,0.507814544,4.6018896,74.41278
0.888175975,0.019384423,0.036546938,0.096072738,0.530383485,4.6018896,74.41278
0.873819315,0.022274553,0.035230256,0.092291864,0.63223839,4.6018896,74.41278
0.891153757,0.025050345,0.031526025,0.089026189,0.794567356,4.6018896,74.41278
0.871776795,0.025024275,0.035191992,0.09610418,0.711058467,4.6018896,74.41278
0.877832879,0.029199837,0.035482053,0.079263072,0.822923456,4.6018896,74.41278
0.879891871,0.047565647,0.031068071,0.084168665,1.530964562,4.6018896,74.41278
0.881347215,0.026055049,0.032191687,0.093234232,0.809346843,4.6018896,74.41278
0.879098187,0.028054771,0.031269107,0.090043651,0.897175403,4.6018896,74.41278
0.870645136,0.061773771,0.034461424,0.082096861,1.792496393,4.6018896,68.9809
0.872404533,0.055768481,0.037041933,0.084337476,1.505509355,4.6018896,68.9809
0.881153675,0.033058106,0.039360837,0.086368702,0.839851712,4.6018896,74.41278
0.87276534,0.056904727,0.03756917,0.079780378,1.514625231,4.6018896,68.9809
0.874805804,0.056577632,0.037497104,0.076398214,1.508813124,4.6018896,68.9809
0.896114815,0,0.031666203,0.090347859,0,4.6018896,74.41278
0.892550974,0.017826298,0.033472591,0.09498112,0.532548121,4.6018896,74.41278
0.892075801,0,0.033552015,0.082251978,0,4.6018896,74.41278
0.896920385,0,0.031242902,0.084673932,0,4.6018896,74.41278
0.897354852,0.013853592,0.033165333,0.091174286,0.417700439,4.6018896,74.41278
0.887607416,0.002359938,0.032397962,0.09898484,0.072839937,4.6018896,74.41278
0.890264538,0.026523303,0.035043262,0.081224909,0.756851522,4.6018896,74.41278
0.89696274,0.014493767,0.039087454,0.084498891,0.370794063,4.6018896,74.41278
0.853946715,0.121986888,0.043451992,0.04745041,2.807329975,4.580954,70.68166
0.857223814,0.111639378,0.040709173,0.009278649,2.742296813,4.580954,70.68166
0.850884069,0.122209073,0.043960612,0.030247741,2.779904275,4.580954,70.68166
0.873926979,0.102686991,0.040903102,0.011061836,2.510432579,4.580954,70.68166
0.873940516,0.114612571,0.040125793,0.018949301,2.856260455,4.580954,70.68166
0.874707372,0.116964357,0.041103803,0.01070941,2.84551558,4.580954,70.68166
0.829924513,0.068514799,0.00504409,0.098487733,13.58049095,4.5677876,60.97505
0.826910991,0.073804539,0.00248018,0.090689061,29.74574096,4.5677876,60.97505
0.84101532,0.058018003,0,0.078079348,58018.00325,4.5677876,61.64203
0.849295012,0.068678306,0,0.091234273,68678.30644,4.5677876,60.97505
0.900895636,0.00867215,0.050650246,0.095990789,0.171212973,4.5475006,78.76329
0.911889134,0.015294131,0.053481701,0.097520038,0.285964073,4.5475006,78.76329
0.902773769,0,0.054137439,0.082846117,0,4.5475006,78.76329
0.916917343,0.002891837,0.061052105,0.079479307,0.047365924,4.5475006,78.76329
0.85364961,0.005825713,0.015750452,0.150795795,0.369852464,4.5421104,64.22127
0.810584245,0.045476836,0.018615591,0.140026829,2.442812169,4.537436,54.79722
0.832432641,0.021433269,0.01154527,0.138713655,1.856293761,4.5151877,53.399815
0.823160167,0.018726866,0.016064718,0.14664833,1.16564135,4.5151877,53.399815
0.848499444,0.019495946,0.012306895,0.14412356,1.584019507,4.5151877,53.399815
0.835599491,0,0.016761631,0.14031622,0,4.5151877,53.399815
0.840086077,0.019603048,0.013502221,0.141206348,1.451731306,4.5151877,53.399815
0.81947777,0.074215461,0.01509486,0.087907736,4.916278932,4.514304,65.173584
0.8176907,0.070688744,0.015796892,0.095239374,4.474568057,4.514304,65.173584
0.823328819,0.068569807,0.016772066,0.080057365,4.088090196,4.514304,65.173584
0.840793264,0.043111145,0.012485292,0.096882144,3.452677994,4.514304,70.92541
0.847097255,0.058550954,0.01506407,0.083200941,3.886537159,4.514304,65.73813
0.84662914,0.067226285,0.018055744,0.077270289,3.723056822,4.514304,65.173584
0.836104275,0.011505607,0.005367109,0.137093489,2.14332603,4.4818034,48.400574
0.833864386,0.087435302,0.015384442,0.069467036,5.682989236,4.4757786,68.67654
0.837903053,0.069373604,0.030469902,0.086069426,2.276716456,4.467602,57.109814
0.850281812,0.081786747,0,0.084317975,81786.74673,4.460562,68.37569
0.860858956,0.078111675,0.002441672,0.08423761,31.97795955,4.460562,68.37569
0.850566499,0.075954909,0,0.083149719,75954.90898,4.460562,68.37569
0.842457241,0,0.001602106,0.137677005,0,4.459555,47.00317
0.810519861,0.099240669,0.014131402,0.060744326,7.022208172,4.4554186,67.932945
0.824089577,0.080022879,0.014320096,0.062243936,5.587762367,4.4554186,67.932945
0.844537556,0.090703652,0.012803865,0.062201933,7.083530563,4.4554186,67.932945
0.843942851,0.090841682,0.015506086,0.0667797,5.858075637,4.4554186,67.932945
0.84028386,0.085337537,0.014125333,0.052004506,6.041025365,4.4554186,67.932945
0.830336434,0.094097916,0.010022362,0.04836583,9.387859987,4.4554186,67.932945
0.839037249,0.006535735,0.010101501,0.118731665,0.646942244,4.448765,62.139805
0.843118497,0.02387504,0.018222546,0.12007898,1.310120414,4.448765,62.139805
0.847193249,0.011657182,0.015665275,0.119752492,0.744094045,4.448765,62.139805
0.841646529,0.01434917,0.010379525,0.121712701,1.382316353,4.448765,62.139805
0.864711703,0.084395963,0.032310927,0.070870575,2.611913596,4.4254713,75.765854
0.859960477,0.097783486,0.033045276,0.067696133,2.958986583,4.4254713,75.765854
0.840475052,0.068762673,0.028645615,0.095604348,2.400376929,4.414194,59.44093
0.846947753,0.067215585,0.029676526,0.082072421,2.264864852,4.414194,59.44093
0.855078358,0.095041218,0.031584578,0.038430035,3.009006786,4.4051113,75.521484
0.862382831,0.096265971,0.036451851,0.043999966,2.640835187,4.4051113,75.521484
0.854446027,0.099568818,0.033745077,0.038753597,2.950530127,4.4051113,75.521484
0.871809461,0.078089193,0.030295515,0.052203873,2.577497501,4.4051113,75.521484
0.869075357,0.0919772,0.031539494,0.029025162,2.916162318,4.4051113,75.521484
0.877801612,0.09716782,0.03512036,0.023878736,2.766630324,4.4051113,75.521484
0.872045197,0.09537349,0.036853349,0.020867611,2.587848973,4.4051113,75.521484
0.893153702,0.095484827,0.036779839,0.013973514,2.596048067,4.4051113,75.521484
0.88851206,0.09728685,0.031402925,0,3.097920065,4.4051113,75.521484
0.849011103,0.052952716,0.022662404,0.098918776,2.336485584,4.396329,59.642944
0.836659745,0.006103507,0.006475377,0.120953041,0.942426112,4.393132,57.009705
0.904724063,0.088870798,0.023176368,0.028155942,3.834378356,4.390926,78.4131
0.919764406,0.09155325,0.025738634,0,3.556897847,4.390926,78.4131
0.928400513,0.077833587,0.020325835,0.007808911,3.829105087,4.390926,78.4131
0.836331213,0.078076767,0.055868076,0.064736464,1.397495226,4.3831377,54.901478
0.842432049,0.089907866,0.053760891,0.042548494,1.672334518,4.3831377,54.901478
0.835781893,0.086536403,0.065969052,0.068576196,1.311752832,4.3831377,56.540646
0.846773202,0.090212414,0.057566813,0.059185146,1.567063433,4.3831377,54.901478
0.84749167,0.098594758,0.052320946,0.050033489,1.884386281,4.3831377,54.901478
0.855792915,0.083379575,0.050933761,0.072932844,1.636987676,4.379498,66.83792
0.851195804,0.088913037,0.053587923,0.074847346,1.659168193,4.379498,66.83792
0.868260097,0.082828689,0.058531653,0.074926281,1.415085169,4.379498,66.83792
0.851365353,0.082880268,0.057231452,0.062377317,1.448134138,4.379498,66.33804
0.860725073,0.08434352,0.050940602,0.061523486,1.655690382,4.379498,66.33804
0.8528258,0.099619522,0.056610943,0.048252595,1.759690935,4.379498,66.33804
0.855655096,0.094291185,0.066079151,0.028902499,1.426921467,4.379498,66.33804
0.875188496,0.077463239,0.053953737,0.038773282,1.435707851,4.379498,66.33804
0.876598564,0.080463636,0.063886645,0.046400266,1.259455343,4.379498,66.33804
0.872499535,0.098377642,0.054699885,0.064141092,1.798465266,4.379498,66.33804
0.877886936,0.083207693,0.056922112,0.022229154,1.461755888,4.379498,66.33804
0.882796605,0.092706177,0.051797645,0.03214111,1.789741343,4.379498,66.33804
0.874855477,0.09842253,0.077922089,0,1.263072753,4.379498,66.33804
0.874486063,0.088295743,0.051218445,0.008915512,1.723871535,4.379498,66.33804
0.899338674,0.085667717,0.054565283,0.024484132,1.569975303,4.379498,66.33804
0.804442633,0.126632746,0.040607585,0.052652568,3.118373784,4.367696,63.605236
0.842359638,0.125861658,0.046851124,0.068967602,2.686359725,4.367696,64.23066
0.821293857,0.131024422,0.041725029,0.057464906,3.140112441,4.367696,63.605236
0.807602862,0.131896923,0.046382858,0.055142807,2.843595322,4.367696,63.605236
0.820718848,0.128928432,0.047300599,0.053054168,2.725667499,4.367696,63.605236
0.848063405,0.131856886,0.040471242,0.007776354,3.257958511,4.367696,63.605236
0.840405608,0.127074766,0.041145187,0.013437237,3.088372817,4.367696,63.605236
0.846277932,0.130764014,0.040107019,0.021867741,3.260295968,4.367696,63.605236
0.852337859,0.038213569,0.001210472,0.088897369,31.54309645,4.3666964,74.21803
0.853308802,0.037188436,0,0.094179822,37188.43622,4.3666964,74.21803
0.855583269,0.055169465,0,0.079408395,55169.46516,4.3666964,69.03842
0.851417169,0.056812512,0,0.091203755,56812.51163,4.3666964,69.03842
0.851335409,0.069621959,0.006380025,0.080733508,10.91078073,4.3666964,68.35166
0.874929995,0.062972443,0,0.083521277,62972.44273,4.3666964,69.03842
0.855296928,0.064101052,0,0.082149828,64101.05244,4.3666964,69.03842
0.854865016,0.07072279,0.001712002,0.086769941,41.28587934,4.3666964,68.35166
0.878257963,0.01655676,0,0.082400411,16556.75963,4.3666964,74.21803
0.876943843,0.026024846,0,0.095542047,26024.84642,4.3666964,74.21803
0.880467336,0.022386447,0,0.087946833,22386.4473,4.3666964,74.21803
0.865962981,0.019484878,0.000818506,0.099219364,23.77636949,4.3666964,74.21803
0.89438929,0.052838169,0.000150278,0.085647914,349.2797514,4.3666964,69.03842
0.864996687,0.052949856,0,0.092654375,52949.85585,4.3666964,69.03842
0.86822255,0.045442204,0,0.099777203,45442.20352,4.3666964,74.21803
0.886070807,0.049206996,0.003865862,0.086185564,12.72530349,4.3666964,74.21803
0.883474217,0.045013257,0.004133759,0.077832682,10.88654834,4.3666964,74.21803
0.882421275,0.056966499,0.001934747,0.080061472,29.42868841,4.3666964,69.03842
0.891775801,0.023416945,0,0.078306133,23416.94522,4.3666964,74.21803
0.8071096,0.141752868,0.044234768,0.042993728,3.204485287,4.3555145,62.105934
0.811033019,0.147865432,0.045387699,0.03174342,3.257758773,4.3555145,62.105934
0.801142276,0.154961992,0.048971781,0.046984737,3.164247323,4.3555145,54.261005
0.801503018,0.144646833,0.047839774,0.035155609,3.023505293,4.3555145,62.105934
0.831471959,0.133107986,0.047435382,0.064137696,2.806031618,4.3555145,62.105934
0.823604104,0.148037193,0.046767556,0.016699295,3.165314588,4.3555145,62.105934
0.814465844,0.141096822,0.045890857,0.010801228,3.074550251,4.3555145,62.105934
0.842831777,0.14509131,0.045262236,0.008931297,3.205500125,4.3555145,62.105934
0.849173193,0.135086084,0.046156126,0.014528082,2.926657155,4.3555145,62.105934
0.821277378,0.150059245,0.048871159,0.011165081,3.070444382,4.3555145,54.261005
0.84196821,0.14699424,0.046437706,0,3.165338821,4.3555145,62.105934
0.858384908,0.070539858,0.015071268,0.08490106,4.680109102,4.3494816,71.36353
0.850818294,0.065720063,0.015220551,0.091821706,4.317566664,4.3494816,71.94786
0.854369382,0.070452053,0.017924477,0.076871071,3.930274896,4.3494816,71.36353
0.863209602,0.046885968,0.011729476,0.076842026,3.996936576,4.3494816,77.135155
0.870353827,0.043431053,0.012068939,0.098229886,3.598282684,4.3494816,77.135155
0.880139078,0.048458029,0.014062779,0.087454987,3.445590911,4.3494816,77.135155
0.882094518,0.053567025,0.011423279,0.084508123,4.688875952,4.3494816,71.94786
0.883080578,0.054129989,0.014799687,0.079335416,3.657261854,4.3494816,71.94786
0.884751976,0.059964001,0.01424487,0.079177682,4.209219975,4.3494816,71.94786
0.888736585,0.069452115,0.01436368,0.080668547,4.834922441,4.3494816,71.36353
0.832083564,0.073674044,0.038209958,0.086734728,1.928086805,4.336021,56.18478
0.84974973,0.073595849,0.037233597,0.078889149,1.976544765,4.336021,56.18478
0.810490092,0.123943531,0.042318734,0.04820555,2.928740789,4.3300896,61.902977
0.813416353,0.10988908,0.042659321,0.064137829,2.575908417,4.3300896,61.902977
0.830725828,0.119715424,0.043668338,0.070745298,2.741406896,4.3300896,62.528427
0.81848582,0.12257199,0.04148389,0.055310634,2.954617695,4.3300896,61.902977
0.821796527,0.120078802,0.045069968,0.05830867,2.664216151,4.3300896,61.902977
0.824614915,0.118159694,0.041881661,0.044500898,2.821207939,4.3300896,61.902977
0.849697125,0.121662697,0.040586063,0.010490947,2.997573284,4.3300896,61.902977
0.842300268,0.052835897,0.019407029,0.096544478,2.722373123,4.3240457,65.48772
0.840960924,0.052996477,0.019563931,0.095485546,2.708748463,4.3240457,65.48772
0.83668767,0.057792678,0.017995189,0.076267599,3.211384343,4.3240457,65.48772
0.818768595,0.05665677,0.032043229,0.099733745,1.768080275,4.318156,56.387177
0.831637946,0.045490893,0.033518865,0.090496318,1.35713232,4.318156,61.819016
0.849939291,0.048107675,0.031512217,0.093624499,1.526587241,4.318156,61.819016
0.843319095,0.056368833,0.036021431,0.081368103,1.56482589,4.318156,56.387177
0.839348863,0.063865194,0.034034449,0.082831729,1.876431663,4.318156,56.387177
0.853287624,0.001779718,0.016980504,0.145523728,0.104803345,4.3179827,64.29246
0.853197819,0.037906445,0.019378111,0.144824705,1.956046627,4.3179827,64.29246
0.866897476,0.007158727,0.012454486,0.148226092,0.574744951,4.3179827,64.29246
0.866724098,0,0.014189836,0.138160074,0,4.3179827,64.29246
0.874168944,0.068601642,0.053254341,0.073134732,1.288164544,4.2986417,66.61371
0.875213116,0.067784634,0.051264592,0.027775459,1.322224735,4.2986417,66.11383
0.891122206,0.070403432,0.053280125,0.048213191,1.321357834,4.2986417,66.11383
0.872314694,0.068864124,0.067279638,0.043850559,1.023535532,4.2986417,66.11383
0.874014119,0.069078584,0.05571666,0.034028561,1.239796942,4.2986417,66.11383
0.897767977,0.071637328,0.060316538,0.040029693,1.187669971,4.2986417,66.11383
0.865307508,0.067057575,0.028410407,0.093048348,2.360234175,4.281824,69.24845
0.882388105,0.023303226,0.057264295,0.062281033,0.406934527,4.2807765,72.95704
0.880112026,0.056680153,0.060216352,0.072736601,0.941259477,4.2807765,68.02505
0.876232048,0.063702119,0.052753292,0.071731337,1.207524858,4.2807765,68.02505
0.870706978,0.064206116,0.058030483,0.065629107,1.106401423,4.2807765,67.52517
0.860936825,0.054943986,0.059392873,0.059231346,0.925078353,4.2807765,67.52517
0.867039741,0.064155447,0.057094557,0.053728006,1.123650432,4.2807765,67.52517
0.883968393,0.064201576,0.054042132,0.057528911,1.187969185,4.2807765,67.52517
0.877603218,0.06085744,0.050974341,0.024168116,1.19386038,4.2807765,67.52517
0.894172413,0.030756949,0.050650303,0.066407147,0.607229183,4.2807765,72.95704
0.885561452,0.0363069,0.0614204,0.06502926,0.591111567,4.2807765,72.95704
0.899242357,0.053601159,0.056144816,0.059867169,0.954677717,4.2807765,67.52517
0.884462412,0.033919939,0.0574372,0.059597953,0.590546683,4.2807765,72.95704
0.889978125,0.051359678,0.052818941,0.049583792,0.972353931,4.2807765,67.52517
0.896801525,0.061143274,0.059272116,0.050413211,1.031551525,4.2807765,67.52517
0.877881381,0.066812517,0.059203316,0.029048751,1.128507529,4.2807765,67.52517
0.895707556,0.063443123,0.05349411,0.018716584,1.185961166,4.2807765,67.52517
0.895299579,0.059006437,0.058088229,0.020690852,1.015789646,4.2807765,67.52517
0.845567177,0.069810892,0.013273731,0.066239068,5.258930777,4.2776513,66.65219
0.86227669,0.053622235,0.022996757,0.089674018,2.331628954,4.263959,69.46895
0.857081087,0.064619872,0.028859701,0.096279272,2.239026421,4.263959,69.46895
0.85003046,0.056099898,0.025898272,0.077687758,2.166080112,4.263959,69.46895
0.869646718,0.04895421,0.023039898,0.077407782,2.124665926,4.263959,74.957695
0.873241142,0.054023323,0.024807323,0.080991232,2.177628995,4.263959,69.46895
0.880796332,0.028503702,0.008132804,0.089873144,3.504350726,4.2575803,74.48482
0.893248217,0.009757672,0.002644283,0.09516163,3.688706259,4.2575803,74.48482
0.850488601,0.043625629,0.017761173,0.104743376,2.45609745,4.256344,72.92874
0.871451491,0.035284576,0.014635247,0.12246024,2.410766623,4.256344,72.92874
0.841151973,0.058692699,0.007991536,0.071149612,7.343438784,4.2533765,63.29001
0.900895807,0.00495805,0,0.09825733,4958.05021,4.252655,79.39501
0.908623935,0.012219035,0,0.089775853,12219.03485,4.252655,79.39501
0.910701502,0.000251934,0,0.087245177,251.9342408,4.252655,79.39501
0.918005112,0.006045515,0,0.086943264,6045.514952,4.252655,79.39501
0.929183982,0.01109526,0,0.081982254,11095.26045,4.252655,79.39501
0.846350473,0.069923677,0.05639179,0.045153714,1.239939999,4.2526474,53.407238
0.879365598,0,0.010197268,0.10970389,0,4.2515597,72.96112
0.884039348,0.007232708,0.01545752,0.122269319,0.467878451,4.2515597,72.96112
0.895574955,0.006353383,0.017622633,0.114791071,0.36050362,4.2515597,72.96112
0.878230793,0.003925277,0.013422367,0.118120621,0.292421197,4.2515597,72.96112
0.872476465,0.00595638,0.013727296,0.123582704,0.433876143,4.2515597,72.96112
0.883831098,0.011458365,0.017576136,0.109325527,0.651890303,4.2515597,72.96112
0.868318559,0.024427885,0.014296808,0.112274051,1.70850555,4.2515597,72.96112
0.870526781,0.006207172,0.017253695,0.112541277,0.359738159,4.2515597,72.96112
0.887810164,0.018485951,0.017756975,0.11697051,1.040994345,4.2515597,72.96112
0.895625249,0.022004596,0.012280939,0.100133688,1.791622344,4.2515597,72.96112
0.864324671,0.026089054,0.014634435,0.104897944,1.78259506,4.2515597,72.96112
0.875242195,0.022620668,0.017081056,0.105633834,1.324235667,4.2515597,72.96112
0.878384838,0.007188416,0.017112305,0.105259373,0.420048371,4.2515597,72.96112
0.852174329,0,0,0.148959908,0,4.2260814,60.62912
0.863757068,0.015483196,0.008264313,0.139057309,1.873274069,4.2260814,60.62912
0.858848682,0,0.005534486,0.134704885,0,4.2260814,60.62912
0.867654084,0.004042129,0.009956547,0.131365532,0.405936198,4.2260814,65.2496
0.864902693,0,0,0.130469545,0,4.2260814,65.2496
0.857591552,0.096562083,0.013575639,0.05615482,7.112370164,4.2162676,72.032684
0.867117085,0.084051758,0.014228181,0.050107157,5.906998985,4.2162676,72.032684
0.871573082,0.083501731,0.01588964,0.049530782,5.25477467,4.2162676,72.032684
0.852992926,0.09479827,0.013301407,0.056689757,7.126399581,4.2162676,72.032684
0.863017413,0.087313542,0.01710365,0.064547044,5.10466694,4.2162676,72.032684
0.855366528,0.098069811,0.014715451,0.058876799,6.663958005,4.2162676,72.032684
0.857189533,0.091571211,0.011057151,0.066565817,8.280878736,4.2162676,72.032684
0.871650023,0.09936877,0.016074787,0.03834798,6.181269358,4.2162676,72.032684
0.858157372,0.076453733,0.014682792,0.039488838,5.206675007,4.2162676,72.032684
0.858604735,0.096431481,0.01245839,0.030805668,7.739663045,4.2162676,72.032684
0.862897528,0.099369657,0.01361379,0.036929896,7.298655216,4.2162676,72.032684
0.874393392,0.093205439,0.015388659,0.038502585,6.056367905,4.2162676,72.032684
0.872888698,0.079918868,0.012788535,0.033306847,6.248770211,4.2162676,72.032684
0.865128205,0.081580892,0.014882127,0.043498522,5.481434833,4.2162676,72.032684
0.87368743,0.077224557,0.013965621,0.027675054,5.529222654,4.2162676,72.032684
0.877871242,0.076611073,0.013841295,0.038312153,5.534564424,4.2162676,72.032684
0.868875626,0.085678385,0.01113917,0.042831308,7.690940277,4.2162676,72.032684
0.891155828,0.090589773,0.012156427,0.018113056,7.451393745,4.2162676,72.032684
0.87129989,0.088686649,0.013060666,0.024303626,6.789842272,4.2162676,72.032684
0.893995764,0.081699098,0.015599841,0,5.23683946,4.2162676,72.032684
0.895929637,0.090766091,0.011839707,0.022891318,7.66559743,4.2162676,72.032684
0.904982217,0.074826831,0.020091498,0.024918935,3.72411786,4.2131586,78.3524
0.906559008,0,0.024268927,0.119074907,0,4.1765223,80.04498
0.911241127,0,0.024448138,0.102387379,0,4.1765223,80.04498
0.905161783,0.008842021,0.021890625,0.10415403,0.403899701,4.1765223,80.04498
0.826281044,0.08322935,0.032013806,0.071299982,2.59971429,4.174607,66.88161
0.898554813,0.022024512,0.009858366,0.100654247,2.233866979,4.1644425,70.0867
0.874643585,0.000474935,0.006249036,0.124585089,0.075989112,4.1596584,70.11908
0.86427861,0,0.000342718,0.118129425,0,4.1596584,70.11908
0.86061722,0.005357999,0.009636457,0.123006254,0.555955691,4.1596584,70.11908
0.879235991,0,0,0.110011293,0,4.1596584,70.11908
0.852673923,0.055540563,0.017395821,0.091849626,3.192569692,4.159223,72.57596
0.850644744,0.054997781,0.019810171,0.081928618,2.776099529,4.159223,72.57596
0.865775898,0.044967104,0.017392323,0.091945005,2.585308328,4.159223,77.71511
0.877011597,0.046628386,0.015030684,0.090415418,3.102006841,4.159223,77.71511
0.871968202,0.049304677,0.018035029,0.077384989,2.733676927,4.159223,77.71511
0.861870303,0.007105491,0.040542857,0.157401257,0.175254442,4.155837,64.45096
0.824102643,0.097853193,0.031223466,0.054330406,3.133862853,4.154247,66.13803
0.844194766,0.096581022,0.031749035,0.036803051,3.041918576,4.154247,66.13803
0.853740566,0.053021285,0.027334674,0.090907842,1.939636981,4.132378,69.49792
0.85419019,0.016609213,0.029851831,0.089256583,0.556369791,4.132378,74.986664
0.883527737,0.023468821,0.028510416,0.09965402,0.823137683,4.132378,74.986664
0.8848573,0.029458696,0.02810804,0.099582268,1.048015038,4.132378,74.986664
0.886398786,0.031958638,0.028322351,0.082240178,1.128349476,4.132378,74.986664
0.888171151,0.036734423,0.022790578,0.090190533,1.611754266,4.132378,74.986664
0.8834062,0.010632473,0.021767104,0.07501655,0.488442763,4.132378,74.986664
0.871082419,0.034807446,0.024879564,0.088215053,1.398981355,4.132378,74.986664
0.878243593,0.041620518,0.023563821,0.098514099,1.76621404,4.132378,74.986664
0.87241095,0.023435842,0.027663932,0.094583179,0.847131744,4.132378,74.986664
0.880866938,0.043500793,0.027161769,0.082851927,1.601485958,4.132378,74.986664
0.898050917,0.016043391,0.020553997,0.076442965,0.7805105,4.132378,74.986664
0.891181253,0.010193812,0.023897474,0.076858005,0.426546584,4.132378,74.986664
0.869804878,0.020070203,0.028470865,0.083662206,0.704913529,4.132378,74.986664
0.899906997,0.02485901,0.027547311,0.080753567,0.902378734,4.132378,74.986664
0.896721053,0.024373518,0.027311226,0.084606132,0.892403189,4.132378,74.986664
0.875611828,0.036855897,0.026170315,0.077172635,1.408255484,4.132378,74.986664
0.893823481,0.008751829,0.025317379,0.076983686,0.345671007,4.132378,74.986664
0.824342497,0.093076127,0.029723227,0.074041292,3.131321995,4.121198,70.890495
0.849846902,0.079440796,0.028834612,0.069818658,2.754954333,4.121198,70.890495
0.913728485,0.075030904,0.011882387,0.030002239,6.313932383,4.101491,75.639786
0.90744192,0.093080362,0.015257545,0.008106709,6.100212223,4.101491,75.639786
0.903476765,0.079255136,0.0129581,0.0028815,6.115790286,4.101491,75.639786
0.917162343,0.084356579,0.010369747,0.004277695,8.134088709,4.101491,75.639786
0.933132052,0.09587909,0.010832932,0.008720815,8.849888197,4.101491,75.639786
0.911489256,0.091187876,0.011752786,0,7.758170392,4.101491,75.639786
0.91177542,0.079158266,0.015806025,0,5.007790312,4.101491,75.639786
0.907906256,0.089877748,0.065368592,0.028636073,1.374916777,4.0736947,71.775536
0.904625913,0.088784699,0.057445864,0,1.545509926,4.0736947,71.775536
0.929720023,0.07568226,0.05431023,0.019191844,1.393491935,4.0736947,71.775536
0.922702004,0.088227445,0.055875119,0.01270088,1.578983045,4.0736947,71.775536
0.853098207,0.031797022,0.009718222,0.094465135,3.271560508,4.067322,74.87273
0.87668461,0.027266842,0.00869638,0.088070266,3.135064116,4.067322,74.87273
0.868773506,0.069105501,0.011846335,0.074056476,5.832999716,4.0588593,72.04298
0.912357822,0.11123885,0.044075886,0.002206498,2.523745647,4.046979,73.91142
0.906793733,0.103416602,0.041211242,0.001829146,2.509366063,4.046979,73.91142
0.904319225,0.007495482,0.031700735,0.078312861,0.23643759,4.0427237,79.749374
0.902132937,0.012915637,0.035545284,0.088496716,0.363347036,4.0427237,79.749374
0.900012055,0,0.030620246,0.092000338,0,4.0427237,79.749374
0.906592457,0.037552177,0.03107316,0.081783192,1.20846958,4.0427237,79.749374
0.913606586,0,0.035551891,0.086411145,0,4.0427237,79.749374
0.904763578,0.034273054,0.03162536,0.080873574,1.083686307,4.0427237,79.749374
0.900002071,0.016543269,0.031342988,0.07643406,0.527797191,4.0427237,79.749374
0.902653623,0.021936231,0.033727966,0.080896295,0.650367716,4.0427237,79.749374
0.931504501,0.007008451,0.030724275,0.082998712,0.228100514,4.0427237,79.749374
0.865615112,0.071636402,0.011988907,0.059338341,5.974725255,4.0384994,71.79861
0.967586205,0.023949106,0.055850213,0.038366014,0.428801885,4.0344057,78.590775
0.958484309,0.007577535,0.056276804,0.04692313,0.134645173,4.0344057,78.590775
0.96274875,0.02523196,0.05877826,0.02101673,0.429266371,4.0344057,78.590775
0.964104591,0.033114909,0.057611881,0.030260874,0.574783065,4.0344057,78.590775
0.954097628,0.018122348,0.066000978,0.0284379,0.274572793,4.0344057,78.590775
0.959413106,0.043761739,0.05236577,0.013297762,0.83567765,4.0344057,78.590775
0.956256309,0.042781117,0.059669566,0.016792632,0.716955106,4.0344057,78.590775
0.957318707,0.047965389,0.054282917,0,0.883602209,4.0344057,78.590775
0.95335058,0.0496341,0.059140772,0,0.839239321,4.0344057,78.590775
0.985817667,0,0.073073829,0.026243761,0,4.0344057,78.590775
0.978676493,0.000889751,0.058364841,0.017753201,0.015244373,4.0344057,78.590775
0.994625872,0.017031425,0.05669872,0.018871483,0.300379358,4.0344057,78.590775
0.988414759,0,0.054256206,0.007550212,0,4.0344057,78.590775
0.970146942,0.018417808,0.06374485,0.008239293,0.288925598,4.0344057,78.590775
0.98353976,0,0.054206897,0.014532219,0,4.0344057,78.590775
0.979632885,0.021265384,0.06120417,0.014086107,0.347444238,4.0344057,78.590775
0.975435147,0.002604377,0.051723971,0.003024581,0.050350481,4.0344057,78.590775
0.980581395,0,0.056674793,0,0,4.0344057,78.590775
0.970483405,0.012508283,0.054816061,0.000700086,0.228182295,4.0344057,78.590775
0.981227112,0.045009005,0.076983288,0.004571756,0.584651829,4.0344057,78.590775
0.972941406,0.045358735,0.053776308,0.005615735,0.843454925,4.0344057,78.590775
0.967534217,0.029689781,0.055714286,0,0.532883931,4.0344057,78.590775
0.959513817,0.038280569,0.063029314,0,0.607335838,4.0344057,78.590775
0.901847406,0.07969569,0.008764931,0.037637998,9.091525794,4.0213223,74.317245
0.904621727,0.086192449,0.009594507,0.046173241,8.982584287,4.0213223,74.317245
0.903196518,0.091871764,0.009442593,0.005001128,9.728475968,4.0213223,74.317245
0.860399047,0.077530767,0.03215339,0.056910361,2.411203201,4.0211716,69.067
0.852685923,0.075736079,0.033264033,0.056509657,2.276747445,4.0211716,69.067
0.880010942,0.07575065,0.036214992,0.066896039,2.091635379,4.0211716,69.067
0.883950383,0.086931129,0.038736463,0.031668295,2.244110008,4.0211716,69.067
0.87646793,0.084189149,0.033747195,0.037039513,2.494626704,4.0211716,69.067
0.876686547,0.077840395,0.036742512,0.040430082,2.118479964,4.0211716,69.067
0.876085597,0.079876258,0.033331794,0.0450109,2.396326478,4.0211716,69.067
0.872918831,0.081903503,0.032880074,0.041166618,2.49090107,4.0211716,69.067
0.896248036,0.075344821,0.032032259,0.045692893,2.352081064,4.0211716,69.067
0.898090962,0.076158246,0.032051389,0.025308071,2.376055198,4.0211716,69.067
0.902439532,0.067927453,0.060956005,0.045927431,1.11435024,3.9928386,71.74755
0.920997218,0.073426274,0.055313439,0.023543094,1.327434134,3.9928386,71.74755
0.919970252,0.06784775,0.053269945,0.033786549,1.273635191,3.9928386,71.74755
0.924545888,0.069174651,0.065440381,0.006609117,1.05704754,3.9928386,71.74755
0.918877633,0.07078964,0.051064446,0.007845668,1.38625325,3.9928386,71.74755
0.916485936,0.073308773,0.05674695,0.012950071,1.291831219,3.9928386,71.74755
0.87738369,0.06574333,0.007311999,0.074592042,8.989927988,3.977956,69.89128
0.900409192,0.047274959,0.051831883,0.05181699,0.912064998,3.9749727,78.590775
0.907153813,0.056445185,0.051727832,0.044680685,1.091174547,3.9749727,73.158905
0.901647608,0.065626573,0.050630031,0.057237936,1.296172951,3.9749727,73.158905
0.925853181,0,0.058829641,0.070788698,0,3.9749727,79.09064
0.930345056,0.01456295,0.066941938,0.062068653,0.217542737,3.9749727,78.590775
0.933876554,0.028246733,0.051478207,0.058092542,0.548701786,3.9749727,78.590775
0.913998458,0.006540807,0.051125582,0.068351606,0.127933581,3.9749727,79.09064
0.929395012,0.018891538,0.06435212,0.061371444,0.293560564,3.9749727,78.590775
0.929577729,0.00233136,0.071142204,0.062805877,0.032769955,3.9749727,78.590775
0.918396789,0.020193587,0.060599502,0.069148678,0.333224757,3.9749727,79.09064
0.931835693,0.02149598,0.054026343,0.046675234,0.397872232,3.9749727,78.590775
0.93711944,0.024360058,0.050855947,0.053203696,0.478991744,3.9749727,78.590775
0.913834756,0.034079623,0.059506059,0.063779743,0.57269883,3.9749727,78.590775
0.937358116,0.026234798,0.06171102,0.071487063,0.425116504,3.9749727,79.09064
0.915428491,0.059181736,0.052901681,0.039454068,1.118690662,3.9749727,73.158905
0.924513476,0.018698213,0.054895845,0.066160121,0.340606324,3.9749727,78.590775
0.925693443,0.053014301,0.059778723,0.025219977,0.886827482,3.9749727,73.158905
0.935176615,0.033645901,0.060302497,0.026736347,0.557942788,3.9749727,78.590775
0.942495839,0.052909647,0.052089605,0.032947585,1.015723412,3.9749727,73.158905
0.931897078,0.038010486,0.068498557,0.040783427,0.554901198,3.9749727,78.590775
0.939872462,0.060061577,0.050680118,0.028077396,1.185087845,3.9749727,73.158905
0.927394045,0.052430549,0.053209193,0.029165676,0.985347833,3.9749727,73.158905
0.914148495,0.063589187,0.050790478,0,1.25196568,3.9749727,73.158905
0.946915172,0.010402879,0.054966691,0.04781918,0.189254436,3.9749727,78.590775
0.949571766,0.015111139,0.053745005,0.046253303,0.281158362,3.9749727,78.590775
0.939674761,0.027905688,0.052440516,0.021352455,0.5321297,3.9749727,78.590775
0.943421654,0.033139502,0.056122698,0.005939708,0.590472537,3.9749727,78.590775
0.946705522,0.039636908,0.053461013,0.002066776,0.741403207,3.9749727,78.590775
0.949704399,0.007540579,0.069740787,0,0.108121387,3.9749727,78.590775
0.857011727,0.004081552,0.042970886,0.12640337,0.094981924,3.9593801,68.71624
0.865945051,0.007373405,0.040510907,0.142716836,0.182005869,3.9593801,64.52215
0.866420152,0.016715312,0.045865762,0.125910393,0.364431908,3.9593801,68.71624
0.860225704,0.018791531,0.042583999,0.130673405,0.441271144,3.9593801,68.71624
0.854404747,0.013977303,0.04088219,0.146718027,0.341883859,3.9593801,64.52215
0.863641404,0.026915774,0.042336775,0.129417606,0.635738985,3.9593801,68.71624
0.888748764,0.025420697,0.0459046,0.12547739,0.553760256,3.9593801,68.71624
0.875700522,0.058483417,0.00832243,0.065590978,7.026360175,3.9575963,69.75362
0.886618783,0.046021699,0.006510366,0.058835491,7.067902888,3.9575963,74.93321
0.888149145,0.053624125,0.00673996,0.051182308,7.954968747,3.9575963,69.75362
0.868882309,0.073728244,0.007643659,0.05141784,9.644412187,3.9575963,69.152725
0.877671267,0.074940453,0.009481253,0.039476705,7.903232833,3.9575963,69.152725
0.890979484,0.049322167,0.008427901,0.04249784,5.851553542,3.9575963,74.93321
0.890056506,0.048759786,0.006687403,0.051973134,7.290198075,3.9575963,74.93321
0.896459593,0.049817474,0.009301276,0.038133955,5.355407133,3.9575963,74.93321
0.88399096,0.065873917,0.008048959,0.043629957,8.183137008,3.9575963,69.75362
0.863902075,0.076395555,0.024884849,0.067988595,3.069839208,3.9559586,76.84565
0.930225141,0.002803305,0.000697043,0.08352759,4.015951316,3.9458838,79.76061
0.857420954,0.090128286,0.028765633,0.047152722,3.133084317,3.9355986,76.601295
0.867575294,0.078931813,0.026082528,0.038973993,3.02611714,3.9355986,76.601295
0.856248275,0.078524686,0.02641591,0.047468827,2.972515903,3.9355986,76.601295
0.87275144,0.084217801,0.02970483,0.045342047,2.835059679,3.9355986,76.601295
0.875928449,0.083941812,0.028042312,0.049099625,2.993291631,3.9355986,76.601295
0.863942953,0.081072645,0.024358289,0.042914689,3.32820251,3.9355986,76.601295
0.871919657,0.078832866,0.024958565,0.032917327,3.158423098,3.9355986,76.601295
0.897659801,0.082481371,0.026879586,0.020126256,3.068436434,3.9355986,76.601295
0.89350627,0.080762403,0.024700579,0.002022716,3.269523923,3.9355986,76.601295
0.836950466,0.10065172,0.042471814,0.080648613,2.36979164,3.929789,56.185528
0.81551152,0.072816518,0.042679556,0.170512469,1.706081785,3.9256966,47.144035
0.803665982,0.073705361,0.043979504,0.154338328,1.675864403,3.9256966,47.144035
0.910391118,0.070768604,0.013369942,0.060134205,5.2927165,3.9237223,75.64712
0.920243096,0.072055442,0.010957108,0.020887396,6.575536558,3.9237223,75.64712
0.91714014,0.068193733,0.011514853,0.009321922,5.921726396,3.9237223,75.64712
0.837760597,0.030763174,0.015723982,0.077547004,1.956324874,3.914351,62.59502
0.855999287,0.072431235,0.031657267,0.061580809,2.287909033,3.899069,68.40922
0.896822849,0.071223742,0.034123826,0.040716686,2.087153244,3.899069,68.40922
0.816449677,0.076032475,0.042815159,0.134966346,1.775789238,3.8975239,49.04878
0.800773683,0.077314459,0.043995716,0.128808264,1.757277965,3.8975239,52.679394
0.828686733,0.08573197,0,0.072319433,85731.96991,3.896547,63.453403
0.827790215,0.098394685,0,0.07393267,98394.68505,3.896547,63.453403
0.814734847,0.093326075,0,0.068244196,93326.0751,3.896547,63.453403
0.819979458,0.081841842,0.003830225,0.072335336,21.36179257,3.896547,63.453403
0.809744748,0.083619709,0.00293551,0.068485575,28.47587864,3.896547,63.453403
0.832090038,0.091519529,0.003662896,0.073364998,24.97874632,3.896547,63.453403
0.843865973,0.090587892,0,0.069081239,90587.89184,3.896547,63.453403
0.831980196,0.09798725,0,0.069929371,97987.25018,3.896547,63.453403
0.808816398,0.094412174,0.044284802,0.125812914,2.131883579,3.895472,52.990658
0.859183166,0.031168338,0.049049446,0.106089214,0.635434334,3.8872724,72.73
0.8555249,0.025866977,0.041104854,0.116806132,0.629277203,3.8872724,72.73
0.850438115,0.035180169,0.047541029,0.110695723,0.739980381,3.8872724,72.73
0.886484457,0,0.047532756,0.108859618,0,3.8872724,72.73
0.879847328,0.013847758,0.042997729,0.116506676,0.322050393,3.8872724,72.73
0.886873861,0.010994096,0.047796517,0.121742708,0.230013968,3.8872724,72.73
0.853781451,0.021594013,0.04304005,0.11433625,0.501707395,3.8872724,72.73
0.887969945,0.011430644,0.044086053,0.106621688,0.259274404,3.8872724,72.73
0.887171585,0.04149672,0.040906499,0.106971785,1.014403735,3.8872724,72.73
0.883712973,0.036074444,0.049889531,0.105448415,0.723071958,3.8872724,72.73
0.876263796,0.038231855,0.048823451,0.103610067,0.783047311,3.8872724,72.73
0.899812912,0.011039335,0.042259372,0.118876251,0.261221917,3.8872724,72.73
0.881063853,0.012790839,0.045237822,0.108955073,0.282740312,3.8872724,72.73
0.83515102,0.07362689,0.02444345,0.058988188,3.012008426,3.8802044,68.90249
0.865645613,0.035412215,0.039452955,0.073289852,0.897558053,3.8772652,74.70859
0.886911796,0.022391805,0.032407717,0.069750151,0.690919195,3.8772652,74.70859
0.899744257,0.023073456,0.037935022,0.069843368,0.608220234,3.8772652,74.70859
0.891328698,0.032979945,0.030808951,0.073533682,1.070431594,3.8772652,74.70859
0.818080919,0.082136245,0.003519206,0.056332994,23.33279817,3.876187,62.15465
0.835210884,0.078891874,0.007501618,0.051170166,10.51524663,3.876187,62.15465
0.84066732,0.088116529,0.006784815,0.057030133,12.98540121,3.876187,62.15465
0.836280989,0.079852173,0.004676462,0.062540047,17.07168699,3.876187,62.15465
0.845120886,0.085225893,0.003503356,0.04924897,24.31998864,3.876187,62.15465
0.836528737,0.09015826,0,0.047493732,90158.26049,3.876187,62.15465
0.83953089,0.094907114,0.003250253,0.05037467,29.19093895,3.876187,62.15465
0.838967916,0.095302563,0,0.055467127,95302.5628,3.876187,62.15465
0.837031681,0.091961372,0.007721332,0.04283788,11.90849767,3.876187,62.15465
0.80332314,0.045903134,0.040611241,0.151311193,1.130278285,3.875128,53.00456
0.815216272,0.02438996,0.049489232,0.161516656,0.492823717,3.875128,53.00456
0.807974164,0.019663997,0.040238565,0.150375531,0.488673193,3.875128,53.00456
0.832003099,0.050944424,0.044221292,0.159920944,1.152007767,3.875128,47.066624
0.891648571,0.067402058,0.037144009,0.04277735,1.814565685,3.87477,68.437805
0.95651522,0.043510158,0.007907593,0,5.501630549,3.8722548,80.11021
0.956979033,0.035910936,0.004573751,0.013486025,7.849811632,3.8722548,80.11021
0.955820266,0.067681693,0.008094335,0,8.360579469,3.8722548,74.32972
0.981295296,0.014443605,0.002420707,0,5.964225595,3.8722548,80.11021
0.901523549,0.022204925,0.004091658,0.072763334,5.425551637,3.863915,80.247856
0.908743892,0.036197388,0.006611702,0.068646658,5.473918198,3.863915,80.247856
0.881725737,0.03154846,0.03345599,0.065231784,0.942955723,3.8569052,74.09056
0.86807579,0.061995341,0.039344911,0.058925551,1.575648894,3.8569052,68.65868
0.885760071,0.062506423,0.03724523,0.059728151,1.678194641,3.8569052,68.65868
0.85618151,0.056624936,0.035848959,0.034868728,1.579497916,3.8569052,68.65868
0.898605537,0.046815677,0.039329296,0.066207902,1.190320993,3.8569052,74.09056
0.894494632,0.030242046,0.03902389,0.054293316,0.77494249,3.8569052,74.09056
0.889281428,0.042328681,0.032309629,0.065069157,1.310054384,3.8569052,74.09056
0.888191872,0.039725964,0.032287104,0.040111277,1.230359148,3.8569052,74.09056
0.887608929,0.04228081,0.032696853,0.036806584,1.293076014,3.8569052,74.09056
0.893836386,0.038087461,0.035222007,0.046121716,1.081323379,3.8569052,74.09056
0.89924049,0.051653894,0.039425219,0.036354914,1.310140706,3.8569052,68.65868
0.906157711,0.040310261,0.005337432,0.060784177,7.550955051,3.8435545,80.11021
0.911254348,0.05467826,0.007365393,0.065277187,7.422663946,3.8435545,74.930595
0.915805407,0.070872624,0.007159349,0.02412107,9.897928986,3.8435545,74.32972
0.901058945,0.068952505,0.008649154,0.00520475,7.971246128,3.8435545,74.32972
0.929977431,0.002864153,0.000524152,0.058994934,5.453948682,3.8435545,80.11021
0.931687417,0.02001685,0.003270724,0.043346154,6.118135878,3.8435545,80.11021
0.919739652,0.02816837,0.005208411,0.054398455,5.407208679,3.8435545,80.11021
0.926600182,0.037466114,0.003918415,0.039417697,9.559108643,3.8435545,80.11021
0.915757669,0.035160253,0.004253745,0.024815843,8.263774486,3.8435545,80.11021
0.906538121,0.029964304,0.003460745,0.054941419,8.655839146,3.8435545,80.11021
0.933691561,0.058980053,0.00697074,0.015546949,8.459876022,3.8435545,74.930595
0.939532607,0.050170156,0.007929119,0.003391588,6.326532886,3.8435545,74.930595
0.911613942,0.056823176,0.006550837,0.004248136,8.672861388,3.8435545,74.930595
0.922210371,0.058002747,0.008468777,0,6.848202019,3.8435545,74.930595
0.945918992,0.019278144,0.003389759,0.040245847,5.685495286,3.8435545,80.11021
0.943032282,0.036502269,0.005446246,0.0079114,6.701050589,3.8435545,80.11021
0.944611581,0.035930566,0.005902811,0.004328504,6.085995266,3.8435545,80.11021
0.843309273,0.085861109,0.038627225,0.07042424,2.222755716,3.840303,59.34289
0.874771319,0.032231531,0.015551985,0.080013645,2.072369377,3.839649,73.24915
0.873796188,0.039220792,0.017192976,0.099856764,2.281077527,3.839649,73.24915
0.876904997,0.040413614,0.016657287,0.081201986,2.426036644,3.839649,73.24915
0.805629692,0.085540578,0.043602746,0.113939162,1.961771301,3.825416,55.685085
0.805433602,0.075544931,0.043827564,0.121690852,1.723646069,3.825416,55.685085
0.838993554,0.096688551,0.03967397,0.062252697,2.437016352,3.819943,57.585583
0.840269311,0.080042299,0.033540003,0.066982015,2.386401466,3.819943,57.585583
0.83829887,0.071192459,0.00422435,0.072839111,16.84889149,3.802681,61.364616
0.883924401,0.02230959,0.00972444,0.079722986,2.293941437,3.747748,70.40675
0.905935567,0.001386452,0.019664842,0.110864801,0.070500508,3.72653,79.05309
0.811195749,0.071480894,0.045751687,0.129703112,1.562332174,3.7171397,50.86902
0.859495541,0.068923537,0.02489788,0.064727481,2.76813805,3.714965,76.264885
0.867480307,0.067008182,0.022823947,0.038923587,2.93574315,3.714965,76.264885
0.885005823,0.074550627,0.028345,0.042367633,2.630022846,3.714965,76.264885
0.894263982,0.068252761,0.023330323,0.036543107,2.925370392,3.714965,76.264885
0.898196083,0.069484771,0.026177074,0.020378588,2.654311781,3.714965,76.264885
0.886696864,0.074006052,0.024562942,0.014330639,3.012792141,3.714965,76.264885
0.901043559,0.082648832,0.032501737,0.014120835,2.542826822,3.710404,77.7011
0.930472648,0.088633765,0.031356938,0,2.826517688,3.710404,77.7011
0.871468337,0.020171724,0.01226823,0.094962777,1.644090446,3.7080693,73.27812
0.872610679,0.021217367,0.015858702,0.099957656,1.33781625,3.7080693,73.27812
0.874758044,0.021668716,0.01086794,0.098185946,1.993636502,3.7080693,73.27812
0.874094667,0.03542431,0.018684392,0.081243848,1.895829083,3.7080693,73.27812
0.898487267,0.004147729,0.013800497,0.097287034,0.300527471,3.7080693,73.27812
0.899734787,0.016455877,0.010999441,0.091822802,1.495928922,3.7080693,73.27812
0.89836933,0,0.01412106,0.09138635,0,3.7080693,73.27812
0.892308577,0,0.010730043,0.080492597,0,3.7080693,73.27812
0.879961376,0.017642683,0.019162779,0.078265858,0.920626512,3.7080693,73.27812
0.898626282,0.022412347,0.0174843,0.075790763,1.281782247,3.7080693,73.27812
0.898967782,0.023463209,0.017799974,0.082167235,1.318085668,3.7080693,73.27812
0.807175423,0.059512253,0.040708518,0.132047414,1.461875652,3.6665702,50.83137
0.815023571,0.066834937,0.042028864,0.133124468,1.590177311,3.6665702,47.160988
0.826958453,0.028229745,0.044898715,0.135177686,0.628728822,3.6665702,53.098923
0.818884822,0.02418218,0.044184003,0.141642141,0.547293833,3.6665702,53.098923
0.826220098,0.026875977,0.045378403,0.134224657,0.592250548,3.6665702,53.098923
0.809297753,0.024321406,0.041890329,0.148781427,0.580583287,3.6665702,53.098923
0.822524814,0.065115566,0.044011294,0.131568084,1.479485843,3.6665702,50.83137
0.814189435,0.042025178,0.045677048,0.136816342,0.920030072,3.6665702,53.098923
0.847988981,0.05836145,0.041183263,0.12658632,1.417081301,3.6665702,50.83137
0.843610383,0,0.040406304,0.145838371,0,3.6665702,53.098923
0.849016604,0.025705072,0.042839226,0.139907108,0.600021861,3.6665702,53.098923
0.840114089,0.014193517,0.045414925,0.12878979,0.312522911,3.6665702,56.667316
0.842980083,0.061520567,0.042042201,0.128201436,1.463270288,3.6665702,50.83137
0.84852998,0.039726303,0.041258506,0.13508473,0.96284002,3.6665702,53.098923
0.846208723,0.035191662,0.044600577,0.131563496,0.789022815,3.6665702,56.667316
0.846632547,0.076494647,0.019405347,0.073288528,3.941733386,3.6593819,66.83342
0.832604147,0.090310769,0.018900423,0.068728422,4.777987744,3.6593819,66.83342
0.846346784,0.074571968,0.031614814,0.061030782,2.358692026,3.6482055,56.127254
0.822860112,0.067346375,0.049961959,0.105010636,1.347926089,3.6450315,53.87471
0.819445229,0.072640298,0.044342707,0.10541863,1.638119633,3.6450315,53.87471
0.839205042,0.070964411,0.049177463,0.107839986,1.442997748,3.6450315,53.87471
0.911337701,0,0,0.115745864,0,3.6353645,77.546875
0.847967677,0.041121314,0.031133024,0.073589176,1.320783805,3.6264012,62.593765
0.859368092,0,0.008005106,0.095888407,0,3.6161683,70.43572
0.890283433,0,0.000879735,0.093453097,0,3.6161683,70.43572
0.893732828,0,0.001810016,0.095990144,0,3.6161683,70.43572
0.898061739,0.011001218,0.005650001,0.075318714,1.946773216,3.6161683,70.43572
0.856779259,0.095265367,0.002474805,0.046550722,38.47853466,3.6007679,68.66832
0.851846803,0.093393689,0.008981173,0.0552398,10.39767173,3.6007679,68.66832
0.862004139,0.093246215,0,0.055021836,93246.21544,3.6007679,68.66832
0.8555623,0.092839566,0.000178513,0.05406094,517.1732013,3.6007679,68.66832
0.854558878,0.095833747,0.009050769,0.041858467,10.58729451,3.6007679,68.66832
0.860424485,0.087190406,0,0.055891982,87190.40613,3.6007679,68.66832
0.878191745,0.077918593,0.0047036,0.05944592,16.56221406,3.6007679,68.66832
0.866088078,0.081962409,0,0.036748341,81962.40941,3.6007679,68.66832
0.853481846,0.085457867,0,0.047262381,85457.86714,3.6007679,68.66832
0.875768519,0.092912738,0.002308025,0.04106799,40.23894149,3.6007679,68.66832
0.882082144,0.081548353,0,0.045025462,81548.35295,3.6007679,68.66832
0.877332161,0.089892545,0,0.052120907,89892.54535,3.6007679,68.66832
0.884531366,0.091863536,0.004610263,0.025068102,19.92155439,3.6007679,68.66832
0.887657078,0.081126705,0.007413528,0.028388629,10.94158679,3.6007679,68.66832
0.884694572,0.093562528,0.004398572,0.034220773,21.26628097,3.6007679,68.66832
0.883108083,0.082796793,0.0076,0.051168031,10.89288153,3.6007679,68.66832
0.85837508,0.096286175,0.008783827,0.029821378,10.96050893,3.6007679,68.66832
0.880462842,0.098583332,0.000911681,0.031874272,108.0150473,3.6007679,68.66832
0.870636141,0.096438302,0,0.033161761,96438.30159,3.6007679,68.66832
0.86306075,0.099629339,0.0046432,0.02661503,21.45242221,3.6007679,68.66832
0.88392339,0.077899197,0.007326482,0.030225004,10.63110065,3.6007679,68.66832
0.88636826,0.089527555,0.002601099,0.02645617,34.40589891,3.6007679,68.66832
0.887495923,0.077789575,0.007640352,0.00180949,10.18008032,3.6007679,68.66832
0.896416598,0.092114106,0,0.011125087,92114.10579,3.6007679,68.66832
0.898724509,0.084680337,0,0.008886472,84680.33716,3.6007679,68.66832
0.899879111,0.09514509,0.005147139,0.03301373,18.48145329,3.6007679,68.66832
0.882214124,0.098296142,0,0.003360754,98296.14235,3.6007679,68.66832
0.800485216,0.064385068,0.046893282,0.114540381,1.372983347,3.5944614,54.967136
0.827715788,0.047243397,0.043217595,0.108080213,1.093126629,3.5944614,60.681072
0.812232514,0.054040176,0.047156735,0.115777655,1.145945094,3.5944614,54.967136
0.819827115,0.045266212,0.046888946,0.11484019,0.965371375,3.5944614,60.681072
0.817322024,0.055847862,0.041279605,0.113979937,1.352883818,3.5944614,54.967136
0.840505005,0.058209067,0.047725139,0.124389695,1.219647523,3.5944614,54.967136
0.818626129,0.049571985,0.048114494,0.109048519,1.030270724,3.5944614,60.681072
0.845102045,0.058859535,0.041781852,0.119141104,1.408700773,3.5944614,54.967136
0.848147123,0.026365064,0.040821531,0.12055826,0.645845891,3.5944614,60.681072
0.844183191,0.034823074,0.040897987,0.106240164,0.851440988,3.5944614,60.681072
0.83790359,0.030837729,0.042651652,0.107693062,0.722996757,3.5944614,60.681072
0.846835916,0.053933071,0.040425211,0.112687139,1.334111424,3.5944614,54.967136
0.838966334,0.045083033,0.040037763,0.105153923,1.125984674,3.5944614,60.681072
0.848250402,0.056116531,0.043123392,0.110044233,1.301271218,3.5944614,54.967136
0.891399645,0.062166831,0.020139269,0.072700501,3.086693231,3.5834515,76.314316
0.901947362,0.000978133,0.020692291,0.090226359,0.047268119,3.5732124,80.404045
0.909475265,0,0.022405255,0.087261627,0,3.5732124,80.404045
0.900599326,0.019861848,0.029298455,0.092811753,0.677891368,3.5732124,80.404045
0.902096594,0.017372533,0.022592265,0.084998216,0.768925289,3.5732124,80.404045
0.910602099,0.027564884,0.021707798,0.082452917,1.269756303,3.5732124,80.404045
0.901551907,0.027412402,0.027009062,0.082914974,1.01489595,3.5732124,80.404045
0.912038844,0.036488768,0.02894958,0.075450561,1.260381257,3.5732124,80.404045
0.920355957,0,0.021334921,0.088831356,0,3.5732124,80.404045
0.922484611,0,0.021382762,0.07794419,0,3.5732124,80.404045
0.919024898,0.007436518,0.027971061,0.078736534,0.265855193,3.5732124,80.404045
0.935519476,0.005412875,0.02150226,0.079308874,0.251723435,3.5732124,80.404045
0.915019394,0.015371589,0.026813213,0.088105225,0.573262733,3.5732124,80.404045
0.931659243,0,0.022901826,0.075692837,0,3.5732124,80.404045
0.871506832,0.05265617,0.02100856,0.060603919,2.506295734,3.5630915,76.06995
0.876895816,0.066801282,0.021989749,0.063431645,3.037699187,3.5630915,76.06995
0.874629632,0.055338433,0.020263545,0.05453736,2.730800598,3.5630915,76.06995
0.877131966,0.064035886,0.023878344,0.061992124,2.681643436,3.5630915,76.06995
0.878615035,0.064800727,0.021043387,0.038979436,3.079240426,3.5630915,76.06995
0.896839271,0.060490097,0.022819935,0.065143364,2.650640626,3.5630915,76.06995
0.897371092,0.056037905,0.021175132,0.042067788,2.646276696,3.5630915,76.06995
0.90850898,0.025315039,0.009823494,0.088115558,2.576726881,3.5430262,80.00915
0.878672873,0.047859323,0.002950372,0.072774251,16.21595886,3.5272613,74.47752
0.873955508,0.050825696,0,0.072156688,50825.69618,3.5272613,69.29791
0.873625515,0.065008316,0,0.070990898,65008.31591,3.5272613,69.29791
0.891807421,0.018136636,0,0.070999882,18136.63573,3.5272613,74.47752
0.895467516,0.039241285,0,0.072724284,39241.28549,3.5272613,74.47752
0.85160574,0.072573013,0.005455136,0.065750742,13.30117489,3.5069013,68.644264
0.855414627,0.07264799,0.003427961,0.066024513,21.18659177,3.5069013,68.644264
0.885859821,0.036474913,0,0.064041608,36474.91311,3.5069013,74.4404
0.869640366,0.034164116,0.002774074,0.063955482,12.3110638,3.5069013,74.4404
0.873311783,0.058440539,0,0.066474538,58440.53922,3.5069013,69.2608
0.884528745,0.051215262,0,0.066756737,51215.26199,3.5069013,69.2608
0.891122783,0.067424589,0.006197466,0.055315164,10.87762485,3.5069013,68.644264
0.875436024,0.063995243,0,0.055998803,63995.24279,3.5069013,69.2608
0.89195051,0.064426093,0.006049571,0.054168343,10.64793615,3.5069013,69.2608
0.871907909,0.061036673,0.003780473,0.052187964,16.14098027,3.5069013,69.2608
0.894011907,0.063230379,0,0.051661406,63230.37887,3.5069013,69.2608
0.867808467,0.058284286,0.002045102,0.056179338,28.48551698,3.5069013,69.2608
0.85751468,0.066676741,0,0.027341716,66676.74075,3.5069013,69.2608
0.890600969,0.013297418,0,0.06498294,13297.41753,3.5069013,74.4404
0.893052869,0.03820414,0,0.061305362,38204.1401,3.5069013,74.4404
0.895237791,0.035878559,0,0.066648569,35878.55888,3.5069013,74.4404
0.887792876,0.03173888,0,0.054723462,31738.88008,3.5069013,74.4404
0.898522197,0.02649444,0,0.058053363,26494.44036,3.5069013,74.4404
0.894867864,0.037807155,0,0.044168772,37807.15533,3.5069013,74.4404
0.897714001,0.044305502,0.003559272,0.054867415,12.44441629,3.5069013,74.4404
0.898089722,0.049901552,0,0.039490588,49901.55191,3.5069013,74.4404
0.883568112,0.054987659,0.003167052,0.051529133,17.35693254,3.5069013,69.2608
0.88888542,0.065031477,0,0.02514267,65031.47727,3.5069013,69.2608
0.884018756,0.065605368,0,0.009398292,65605.36758,3.5069013,69.2608
0.954490944,0.085268946,0.005430129,0.01645355,15.70003985,3.4975555,73.60389
0.902465048,0.077299904,0.006932305,0.027262194,11.14906957,3.4867265,73.60389
0.920895387,0.082531328,0,0.030746858,82531.32825,3.4867265,73.60389
0.91484116,0.082867741,0,0.00377025,82867.74112,3.4867265,73.60389
0.903556133,0.078527947,0,0.007865366,78527.94721,3.4867265,73.60389
0.91321304,0.080465859,0.0077113,0.000378895,10.43344455,3.4867265,73.60389
0.907307641,0.097335478,0,0.008479811,97335.47814,3.4867265,73.60389
0.900142731,0.090087837,0.003021634,0.032999691,29.8044157,3.4867265,73.60389
0.906863185,0.084882364,0.006365403,0.016564066,13.33286134,3.4867265,73.60389
0.915111549,0.090597408,0.005518895,0.002313784,16.41288477,3.4867265,73.60389
0.911925075,0.083077292,0,0.008353334,83077.29168,3.4867265,73.60389
0.924861623,0.080921068,0,0.004957981,80921.06784,3.4867265,73.60389
0.912434931,0.082907584,0.008007793,0,10.35206946,3.4867265,73.60389
0.916745895,0.081590543,0,0,81590.54344,3.4867265,73.60389
0.937446796,0.080995775,0,0,80995.77541,3.4867265,73.60389
0.908823331,0.081925969,0.039678504,0.006061824,2.064692347,3.462006,73.82818
0.904042948,0.088132847,0.03531717,0.001299775,2.495396772,3.462006,73.82818
0.908004095,0,0.043649231,0.106329264,0,3.4565468,78.3722
0.882934887,0.074826612,0.029987907,0.021638051,2.495143054,3.4295576,69.0841
0.951752114,0.000795735,0,0.047178751,795.7353494,3.4215598,79.61738
0.97985259,0.007588244,0,0.043691365,7588.244162,3.4215598,79.61738
0.953674817,0.006963229,0,0.041355697,6963.228621,3.4215598,79.61738
0.968709652,0.014755884,0,0.031492173,14755.88436,3.4215598,79.61738
0.952112837,0.024321286,0.001512004,0.014132892,16.07482974,3.4215598,79.61738
0.968093063,0.036175476,0,0.01610235,36175.47602,3.4215598,79.61738
0.950156183,0.03822404,0,0.017524834,38224.04005,3.4215598,79.61738
0.958545252,0.038827878,0,0.010371798,38827.87753,3.4215598,79.61738
0.97816156,0.0065965,0,0.017233059,6596.499981,3.4215598,79.61738
0.978868085,0.003166993,0,0.02365169,3166.992905,3.4215598,79.61738
0.985909804,0.004802057,0,0.022448973,4802.056555,3.4215598,79.61738
0.953999735,0.02021623,0,0.025750212,20216.22984,3.4215598,79.61738
0.98125508,0.006212402,0,0.014957371,6212.401634,3.4215598,79.61738
0.96907644,0.014308624,0,0.029554013,14308.62419,3.4215598,79.61738
0.980628809,0.01272894,0,0,12728.93992,3.4215598,79.61738
0.977413219,0.027534195,0.001727727,0,15.92744144,3.4215598,79.61738
0.966956842,0.021463142,0,0.01604735,21463.1424,3.4215598,79.61738
0.997151245,0.00406622,0,0.002367171,4066.220342,3.4215598,79.61738
0.901838495,0.019426046,0,0.071395615,19426.04635,3.41322,79.6545
0.931955378,0.019002359,0,0.07434001,19002.35856,3.41322,79.6545
0.885010461,0.066442931,0.026950613,0.059216849,2.465267323,3.4116924,69.234375
0.872539375,0.049598063,0.0228178,0.040418306,2.173561366,3.4116924,74.72312
0.895498107,0.058436541,0.023566005,0.057499773,2.479591271,3.4116924,69.234375
0.885324747,0.057113966,0.026130064,0.05658472,2.185673167,3.4116924,69.234375
0.889849058,0.062943721,0.029684193,0.028157578,2.120374326,3.4116924,69.234375
0.893585131,0.060279629,0.028818888,0.019369189,2.091598303,3.4116924,69.234375
0.878506301,0.035388303,0.028467249,0.06795378,1.243079704,3.4077528,75.3701
0.878319803,0.039106678,0.023229944,0.071717062,1.683387332,3.4077528,75.3701
0.894759116,0.031276063,0.021569441,0.067257301,1.449950064,3.4077528,75.3701
0.89455886,0.03728228,0.028970947,0.071165217,1.28684071,3.4077528,75.3701
0.865284684,0.076130701,0.017939678,0.048820189,4.243468396,3.3998704,71.68297
0.870562071,0.095144604,0.019202555,0.040423154,4.954530686,3.3998704,71.68297
0.859862856,0.083316168,0.0193407,0.039636708,4.30759285,3.3998704,71.68297
0.856968603,0.077094701,0.017361346,0.041445173,4.440339049,3.3998704,71.68297
0.868537727,0.083328109,0.016801359,0.050089189,4.959310196,3.3998704,71.68297
0.892753109,0.082670311,0.019559131,0.046183381,4.22647014,3.3998704,71.68297
0.898187758,0.076519344,0.016724734,0.000895326,4.574946747,3.3998704,71.68297
0.890460606,0.087623167,0.01837788,0,4.767600939,3.3998704,71.68297
0.887476066,0.082638642,0.018579626,0.000128328,4.447570327,3.3998704,71.68297
0.856091381,0.078146544,0.044871376,0.096758231,1.741529,3.39438,67.030785
0.901935899,0.030929792,0,0.065880768,30929.79247,3.39286,79.61738
0.909653975,0.013217887,0,0.0622827,13217.8868,3.39286,79.61738
0.912361307,0.02970533,0,0.046302683,29705.33036,3.39286,79.61738
0.903764095,0.031599279,0,0.066064618,31599.27929,3.39286,79.61738
0.91642673,0.058739144,0,0.054521411,58739.14385,3.39286,74.43778
0.905471191,0.039822357,0,0.061864156,39822.35691,3.39286,79.61738
0.904384757,0.050034683,0,0.040700999,50034.68265,3.39286,74.43778
0.914898634,0.063052431,0,0.030468425,63052.43127,3.39286,74.43778
0.921793324,0.009829939,0,0.060396077,9829.939255,3.39286,79.61738
0.942952114,0.015050211,0,0.064720306,15050.21088,3.39286,79.61738
0.914082991,0.017483251,0,0.051494346,17483.25143,3.39286,79.61738
0.931988284,0.036733639,0,0.055657847,36733.63946,3.39286,79.61738
0.929209729,0.014105476,0,0.048991704,14105.476,3.39286,79.61738
0.929920188,0.00417572,0,0.062796962,4175.72026,3.39286,79.61738
0.927612505,0.033438395,0,0.057791306,33438.3951,3.39286,79.61738
0.923441018,0.028757142,0,0.050212158,28757.14223,3.39286,79.61738
0.936173988,0.052758254,0.005237847,0.04078517,10.07058567,3.39286,74.43778
0.933901984,0.042946004,0,0.040462116,42946.00383,3.39286,79.61738
0.917782624,0.02698412,0,0.012087072,26984.12017,3.39286,79.61738
0.926768209,0.021469815,0,0.023915029,21469.81517,3.39286,79.61738
0.927714953,0.044587073,0,0.026077704,44587.07313,3.39286,79.61738
0.930514763,0.050560221,0,0.046781799,50560.22097,3.39286,74.43778
0.930646059,0.0615984,0,0.029080961,61598.39966,3.39286,74.43778
0.923256457,0.050623313,0.002292281,0.029334524,22.07462202,3.39286,74.43778
0.927634872,0.055134504,0,0.033486932,55134.50365,3.39286,74.43778
0.925759553,0.046021945,0,0,46021.94522,3.39286,79.61738
0.932426824,0.072025765,0.003041478,0.010447794,23.6733876,3.39286,73.82124
0.92982249,0.061799144,0.003326135,0.012412356,18.57428296,3.39286,74.43778
0.93183329,0.06972057,0.004748863,0,14.67843798,3.39286,73.82124
0.932215625,0.059614263,0.000599053,0.010439005,99.34840121,3.39286,74.43778
0.922691336,0.060332412,0,0.019305333,60332.41188,3.39286,74.43778
0.929818661,0.062831033,0.002869531,0,21.88829314,3.39286,74.43778
0.947049101,0.017337243,0,0.041716791,17337.24278,3.39286,79.61738
0.934140167,0.004822426,0,0.026612763,4822.425528,3.39286,79.61738
0.931200756,0.012178023,0,0.031143318,12178.0234,3.39286,79.61738
0.947653794,0.031748597,0.002497683,0.028122157,12.70613402,3.39286,79.61738
0.949468793,0.001929586,0,0.029254073,1929.586051,3.39286,79.61738
0.947985085,0.016692949,0,0.008830591,16692.94869,3.39286,79.61738
0.94556956,0.0264846,0,0,26484.6002,3.39286,79.61738
0.939080661,0.046070575,0,0.014442148,46070.57453,3.39286,79.61738
0.893381837,0.053794054,0.027980942,0.058180312,1.922456035,3.3873928,69.26334
0.895083638,0.00404106,0.020972451,0.060088599,0.192675026,3.3873928,74.75209
0.888611669,0.034778684,0.023074307,0.063975278,1.507181898,3.3873928,74.75209
0.888105881,0.054937822,0.02949952,0.058155229,1.862266226,3.3873928,69.26334
0.890993793,0.036476132,0.028997872,0.057510035,1.257846577,3.3873928,74.75209
0.852407532,0.112765815,0.049974577,0.03542323,2.256418466,3.3564668,66.28451
0.871661805,0.116058331,0.049516248,0.011807335,2.343796075,3.3564668,66.28451
0.868791524,0.115268979,0.049113467,0.009801659,2.34694552,3.3564668,66.28451
0.870279094,0.108018043,0.046940456,0.021314186,2.301122572,3.3564668,66.28451
0.90151758,0.069345026,0.032086452,0.048339982,2.161126021,3.3399034,73.36664
0.931820521,0.073076085,0.033117232,0.012588373,2.206521317,3.3399034,73.36664
0.956068506,0.005535695,0.038342292,0.042303336,0.144371937,3.3344414,79.42716
0.954736321,0,0.030410836,0.059948687,0,3.3344414,79.42716
0.964641772,0.016675701,0.037478394,0.034174865,0.444929846,3.3344414,79.42716
0.955987944,0.023005855,0.03175859,0.026879021,0.724375057,3.3344414,79.42716
0.957045065,0.032396275,0.038325029,0.012445392,0.845281291,3.3344414,79.42716
0.957890567,0.037330543,0.031458361,0.042331159,1.186627482,3.3344414,79.42716
0.950838266,0.011072378,0.038192449,0.01307043,0.289902549,3.3344414,79.42716
0.966999574,0.029734683,0.037674086,0.00751909,0.789239963,3.3344414,79.42716
0.965192839,0.039799012,0.031285161,0.013820337,1.272096399,3.3344414,79.42716
0.955107921,0.032287997,0.038915547,0,0.829672704,3.3344414,79.42716
0.958481742,0.036493867,0.037092712,0,0.983828932,3.3344414,79.42716
0.972559195,0.002494177,0.034785921,0.038079642,0.071698695,3.3344414,79.42716
0.9783386,0.015154448,0.032299955,0.032631423,0.46916409,3.3344414,79.42716
0.989313668,0.003817342,0.031701733,0.034224812,0.120410494,3.3344414,79.42716
0.988289333,0.0163674,0.039438884,0.010831765,0.414996137,3.3344414,79.42716
0.966815713,0.006341664,0.033808098,0.021639241,0.18757271,3.3344414,79.42716
0.990323677,0.009283421,0.038436621,0.012573408,0.24151912,3.3344414,79.42716
0.989816634,0.025994709,0.032380463,0,0.802765141,3.3344414,79.42716
0.98511463,0.011654037,0.030657147,0.023264531,0.380128533,3.3344414,79.42716
0.970341944,0.01820749,0.033314989,0.013889877,0.546509063,3.3344414,79.42716
0.973491623,0.018899945,0.03658091,0.02230518,0.516647293,3.3344414,79.42716
0.97695025,0.033155083,0.032888351,0.018233409,1.008079582,3.3344414,79.42716
0.963693847,0.018395806,0.037373456,0.007208418,0.492202642,3.3344414,79.42716
0.88260056,0.071554038,0.049414071,0.078641995,1.448020559,3.326311,66.79578
0.906222071,0.041469353,0.034453118,0.070562885,1.203610939,3.3180985,80.04518
0.918827468,0.027041021,0.03225081,0.067262923,0.838434197,3.3180985,80.04518
0.936243534,0.068817135,0.037110735,0.028549663,1.854322763,3.3156037,73.77439
0.921128694,0.067724214,0.038462169,0.005402586,1.760754918,3.3156037,73.77439
0.855079913,0.05818521,0.040319915,0.099068476,1.443052832,3.3084464,67.92339
0.859190765,0.044624152,0.046699277,0.077729859,0.955543616,3.3084464,73.35527
0.850103526,0.054013796,0.043047985,0.087644817,1.254705441,3.3084464,67.92339
0.867482089,0.004672745,0.043285552,0.097178849,0.107949117,3.3084464,73.35527
0.870736424,0.018396639,0.041563414,0.091569609,0.442605514,3.3084464,73.35527
0.868564502,0.020409085,0.04333031,0.099293336,0.471000884,3.3084464,73.35527
0.890213161,0.032965769,0.04952263,0.087289578,0.665657374,3.3084464,73.35527
0.861540203,0.038873715,0.040109621,0.096040974,0.969162617,3.3084464,73.35527
0.886096998,0.050538916,0.046797718,0.094456334,1.079920943,3.3084464,67.92339
0.872587423,0.042858033,0.042188819,0.079587009,1.015838267,3.3084464,73.35527
0.880131058,0.036948282,0.04474962,0.084575419,0.825648497,3.3084464,73.35527
0.882999419,0.038130066,0.042852215,0.083855771,0.889783083,3.3084464,73.35527
0.858836894,0.060578142,0.046172764,0.092816848,1.311960223,3.3084464,67.92339
0.892106134,0.040871891,0.043582729,0.079337497,0.937778665,3.3084464,73.35527
0.868459243,0.054468932,0.047462495,0.088486631,1.147596318,3.3084464,67.92339
0.891829114,0.000215005,0.040764068,0.0893299,0.005274235,3.3084464,73.35527
0.894910364,0.011960516,0.044597478,0.086457976,0.268182155,3.3084464,73.35527
0.893418835,0.034235086,0.045956656,0.098491086,0.74492673,3.3084464,73.35527
0.914227481,0.041663705,0.038377282,0.065297443,1.085606329,3.2977386,79.42716
0.900886576,0.029381579,0.034319121,0.064366968,0.856103584,3.2977386,79.42716
0.906031874,0.040258218,0.033520445,0.051507381,1.200969066,3.2977386,79.42716
0.907408243,0.03677924,0.039703038,0.054129848,0.926335005,3.2977386,79.42716
0.911143217,0.046267318,0.034141852,0.045091271,1.355109933,3.2977386,79.42716
0.900508877,0.051243663,0.037698699,0.054492965,1.359259231,3.2977386,73.9953
0.916614702,0.06238555,0.031345582,0.043932951,1.990186644,3.2977386,73.9953
0.905576911,0.065433908,0.03666852,0.049622106,1.784422279,3.2977386,73.9953
0.909873345,0.057602288,0.037352401,0.047473037,1.542089544,3.2977386,73.9953
0.900191478,0.054141021,0.038919209,0.024138379,1.391077355,3.2977386,73.9953
0.904878723,0.061261652,0.03526952,0.015534355,1.736908093,3.2977386,73.9953
0.934788581,0.016075783,0.035347165,0.056102965,0.454784096,3.2977386,79.42716
0.932789365,0,0.030280074,0.049725386,0,3.2977386,79.42716
0.922060331,0.004700277,0.030755822,0.066727568,0.152820639,3.2977386,79.42716
0.921429708,0.015810825,0.033352586,0.062452358,0.474036747,3.2977386,79.42716
0.935599364,0.017262707,0.039588189,0.049702323,0.436045998,3.2977386,79.42716
0.940337277,0.030364139,0.031127815,0.049114289,0.97543512,3.2977386,79.42716
0.919641985,0.035338811,0.032408882,0.056847149,1.090371465,3.2977386,79.42716
0.920865348,0.02130713,0.034682672,0.045322648,0.614327408,3.2977386,79.42716
0.915362411,0.031373525,0.033953521,0.043174151,0.923986683,3.2977386,79.42716
0.927072673,0.040496832,0.032244759,0.035649474,1.255880857,3.2977386,79.42716
0.922283449,0.040156978,0.031694075,0.038367123,1.266978472,3.2977386,79.42716
0.938404611,0.035536795,0.039491212,0.029617629,0.89984312,3.2977386,79.42716
0.913774552,0.030820239,0.037308362,0.044719303,0.826072535,3.2977386,79.42716
0.924565231,0.054256722,0.031809301,0.040995845,1.705633742,3.2977386,73.9953
0.933260472,0.053993176,0.030805677,0.034328954,1.752645254,3.2977386,73.9953
0.908934229,0.055042879,0.031857135,0.040789451,1.727749552,3.2977386,73.9953
0.912077373,0.044860994,0.035825605,0.037374646,1.252169841,3.2977386,79.42716
0.924328217,0.06100213,0.037778567,0.00753438,1.6146858,3.2977386,73.9953
0.9178424,0.064579321,0.034304873,0.003689324,1.882456685,3.2977386,73.9953
0.919199468,0.044439692,0.036171635,0.035803398,1.228544497,3.2977386,79.42716
0.925379378,0.06654431,0.034778476,0.012218801,1.913321263,3.2977386,73.9953
0.928038186,0.050342174,0.038580582,0.017900879,1.304823994,3.2977386,73.9953
0.918941392,0.06087521,0.032013569,0.003598535,1.901484621,3.2977386,73.9953
0.93070613,0.055295104,0.031463093,0,1.757403424,3.2977386,73.9953
0.934681847,0.057372302,0.034408438,0,1.667342019,3.2977386,73.9953
0.921686916,0.062241252,0.037520215,0.019358565,1.658828272,3.2977386,73.9953
0.92585893,0.060038412,0.039643334,0,1.514426047,3.2977386,73.9953
0.902806996,0.065817878,0.03927501,0,1.675778125,3.2977386,73.9953
0.945826332,0,0.030153121,0.049876341,0,3.2977386,79.42716
0.923642523,0.012561706,0.032467745,0.048656747,0.386886096,3.2977386,79.42716
0.940745754,0.006528135,0.034011403,0.040828648,0.191933956,3.2977386,79.42716
0.941046537,0,0.039858358,0.039701962,0,3.2977386,79.42716
0.949497954,0.015340296,0.037452563,0.029664564,0.409581747,3.2977386,79.42716
0.945426983,0.016963739,0.034649241,0.027143135,0.489570606,3.2977386,79.42716
0.943646376,0.031087356,0.034262575,0.020929841,0.90730042,3.2977386,79.42716
0.943756546,0.019135849,0.033920982,0.013340258,0.564113508,3.2977386,79.42716
0.927944339,0.041845248,0.035280588,0.014296795,1.186036433,3.2977386,79.42716
0.942152381,0.028095923,0.038673434,0.014931957,0.726472748,3.2977386,79.42716
0.940922438,0.049639069,0.030296237,0.020892722,1.638402537,3.2977386,79.42716
0.94051652,0.044399625,0.030998728,0.012787743,1.432258543,3.2977386,79.42716
0.930373743,0.051108864,0.039757306,0.00755185,1.285488965,3.2977386,73.9953
0.934351972,0.038918875,0.032351321,0,1.202970113,3.2977386,79.42716
0.946979545,0.047224864,0.033510158,0,1.409228057,3.2977386,79.42716
0.84990881,0.045883594,0.016085117,0.070932806,2.852372289,3.284803,70.88648
0.803773005,0.099759714,0.041162809,0.086998712,2.423481148,3.267562,56.78558
0.810941915,0.094677539,0.046945553,0.07642585,2.016709069,3.267562,56.78558
0.835441609,0.09712531,0.043137663,0.090757316,2.251467796,3.267562,56.78558
0.824047045,0.090333592,0.041502791,0.089864968,2.176514259,3.267562,56.78558
0.836172958,0.091718037,0.040614128,0.082020303,2.258223543,3.267562,56.78558
0.820538166,0.099140723,0.046606888,0.075343472,2.127123267,3.267562,56.78558
0.901897062,0.090287479,0.028490356,0.006079664,3.168942824,3.240891,78.81653
0.906045153,0.080693698,0.02747289,0.038685272,2.937104923,3.240891,78.81653
0.922202398,0.076989197,0.025838725,0.002216897,2.979489789,3.240891,78.81653
0.922450442,0.084104185,0.029503098,0,2.850593332,3.240891,78.81653
0.875754336,0.057811337,0.013820724,0.0606115,4.182643049,3.2221024,71.96298
0.876946075,0.062689305,0.017775918,0.062007385,3.526443923,3.2221024,71.96298
0.867478436,0.072193023,0.019206746,0.056234191,3.758537059,3.2221024,71.44889
0.888404504,0.064293596,0.01841953,0.059338352,3.490322794,3.2221024,71.96298
0.876150261,0.057708164,0.012303196,0.043770853,4.690120823,3.2221024,71.96298
0.881713401,0.070141493,0.018420885,0.050160157,3.807508965,3.2221024,71.44889
0.859158641,0.065154659,0.015589405,0.047263724,4.179151281,3.2221024,71.96298
0.899807396,0.056709112,0.016614994,0.054556469,3.412923298,3.2221024,71.96298
0.89171503,0.074141873,0.015607194,0.028263696,4.750189109,3.2221024,71.44889
0.898241456,0.055514572,0.011329648,0.05900649,4.899505611,3.2221024,71.96298
0.891891425,0.065828326,0.01840485,0.027942444,3.57648938,3.2221024,71.96298
0.887424221,0.057718281,0.01264297,0.032393917,4.564886028,3.2221024,71.96298
0.89809961,0.068043015,0.013858428,0.034920041,4.90951089,3.2221024,71.44889
0.907250958,0.011719446,0.014039363,0.08846258,0.834696773,3.1830397,79.412155
0.908294748,0.012343954,0.010715964,0.078487125,1.151814461,3.1830397,79.412155
0.90635418,0.01349883,0.017742523,0.093878039,0.760775105,3.1830397,79.412155
0.908071226,0.012609713,0.017617821,0.076387698,0.715695634,3.1830397,79.412155
0.932833905,0,0.018640485,0.076817812,0,3.1830397,79.412155
0.921160287,0.008344385,0.014993706,0.082149441,0.556488736,3.1830397,79.412155
0.820105606,0.076604896,0.044251903,0.085487737,1.731070514,3.1602807,56.275135
0.826467137,0.088201582,0.046259682,0.096808711,1.906620883,3.1602807,56.275135
0.83706509,0.079353114,0.043671555,0.090084556,1.817001886,3.1602807,56.275135
0.827191503,0.087647753,0.045291033,0.077873429,1.935169315,3.1602807,56.275135
0.828772119,0.081630793,0.045847193,0.080246078,1.780458257,3.1602807,56.275135
0.81847376,0.090258679,0.049230532,0.078468399,1.833351019,3.1602807,56.275135
0.824178488,0.108580142,0.044785832,0.066567017,2.424376457,3.1552367,55.352665
0.818189483,0.106784767,0.047370464,0.059369637,2.254200256,3.1552367,55.352665
0.822790358,0.112257615,0.049200453,0.062152106,2.281591445,3.1552367,55.352665
0.831982233,0.113496795,0.04891861,0.054255133,2.320067457,3.1552367,55.352665
0.841607903,0.105711794,0.046644318,0.051434176,2.266289473,3.1552367,55.352665
0.845111506,0.121926302,0.049829264,0.006422668,2.446832365,3.1552367,55.352665
0.90953125,0,0.009985444,0.089331867,0,3.091874,77.90558
0.907741933,0.007093525,0.006419471,0.086346397,1.104829353,3.091874,77.90558
0.915188345,0,0.002453497,0.086222033,0,3.091874,77.90558
0.902658782,0.08683223,0.018459382,0,4.703707142,3.087438,75.388885
0.916172126,0.089420923,0.018695114,0,4.782861534,3.087438,75.388885
0.919504429,0.077525407,0.016569647,0.008998272,4.67847793,3.087438,75.388885
0.93943632,0.077241366,0.018590752,0.004357962,4.154603909,3.087438,75.388885
0.891303369,0.038186198,0.017935831,0.050775041,2.128926653,3.0557058,73.01458
0.874376663,0.0393578,0.018197455,0.057735476,2.162700101,3.0557058,73.01458
0.892372752,0.008493402,0.012327874,0.073727145,0.688903271,3.0517664,73.66156
0.884503076,0.048220821,0.016857511,0.072236647,2.860325115,3.045651,77.898094
0.828344568,0.069649924,0.04060919,0.08970251,1.715084919,3.0425787,54.770107
0.847865571,0.067996474,0.044702949,0.079480452,1.521039551,3.0425787,54.770107
0.894918598,0.033129859,0.01795571,0.060035826,1.844984918,3.0314064,73.04355
0.851920491,0.044803047,0.015123169,0.066980884,2.962347733,3.025291,77.65374
0.856693671,0.049490182,0.015953435,0.056923574,3.101970279,3.025291,77.65374
0.898967452,0.064473939,0.01961863,0.030060791,3.28619544,3.025291,72.51459
0.827858654,0.060100422,0.044214455,0.09491567,1.359262772,3.0247135,55.879234
0.842644701,0.059324349,0.048520366,0.090271721,1.22264382,3.0247135,55.879234
0.842140105,0.062499002,0.041380906,0.090007524,1.510297815,3.0247135,55.879234
0.828471094,0.048671197,0.044349395,0.083281687,1.097424205,3.0247135,61.311073
0.920236062,0.073268554,0.026127364,0.026083294,2.804176906,3.020257,78.72154
0.912623376,0.068378305,0.02414854,0.010029475,2.831453703,3.020257,78.72154
0.9640337,0.040343649,0.011170321,0.008294568,3.611358965,2.9496982,81.0976
0.958902475,0.041548531,0.010531586,0.00695162,3.944760859,2.9496982,81.0976
0.9534965,0.067045921,0.018934289,0.010844775,3.540791974,2.9496982,75.39623
0.977531652,0.041891889,0.01242273,0,3.37192535,2.9496982,81.0976
0.906728612,0.057678436,0.017043515,0.03233368,3.383988087,2.90967,75.910324
0.900067998,0.056107013,0.016734751,0.011174792,3.352524393,2.90967,75.910324
0.91419603,0.067043568,0.01912229,0.02509586,3.50585948,2.90967,75.39623
0.935473177,0.055294406,0.011352302,0.011054188,4.870336786,2.90967,75.910324
0.933872908,0.051575674,0.010497677,0.019414198,4.912587688,2.90967,75.910324
0.918102722,0.064520947,0.013059296,0.022053624,4.940236246,2.90967,75.910324
0.920068772,0.056641376,0.016631763,0,3.405410004,2.90967,75.910324
0.932903719,0.065901988,0.017795927,0.001279357,3.7029982,2.90967,75.910324
0.930488838,0.068948438,0.016185663,0,4.259583205,2.90967,75.39623
0.931234473,0.050719953,0.012855773,0.01454305,3.94499868,2.90967,75.910324
0.938244054,0.044429588,0.010029637,0.011248178,4.429388423,2.90967,81.0976
0.941049302,0.056839874,0.011617344,0.013049426,4.892252875,2.90967,75.910324
0.947365518,0.063994864,0.013617415,0,4.699141984,2.90967,75.910324
0.954631848,0.046502674,0.022799821,0.016334994,2.039517526,2.889228,79.76132
0.950953442,0.059760407,0.028663815,0,2.084800001,2.889228,74.27259
0.909262154,0.035309757,0.044953663,0.084985464,0.7854526,2.8777192,78.98265
0.90000528,0.043707466,0.045353267,0.076549976,0.963690291,2.8777192,78.98265
0.907181857,0.059282457,0.041944733,0.076323862,1.413313165,2.8777192,73.55079
0.942388997,0.000313959,0.04228143,0.087813834,0.007425275,2.8777192,78.98265
0.916695556,0,0.041084565,0.079572248,0,2.8777192,78.98265
0.919416982,0.008848903,0.043868127,0.084635528,0.201711403,2.8777192,78.98265
0.927942241,0.052751469,0.020129131,0.039941237,2.620522972,2.8683834,78.52662
0.933595879,0.057209806,0.021664414,0.01214926,2.640605278,2.8683834,78.52662
0.956099186,0.006359246,0.026840293,0.054714087,0.236920246,2.8649287,80.169464
0.954826879,0,0.029261914,0.046135051,0,2.8649287,80.169464
0.954200945,0.008578988,0.024990551,0.041863354,0.343275544,2.8649287,80.169464
0.970565436,0,0.021626358,0.053200582,0,2.8649287,80.169464
0.955555126,0,0.028312416,0.048503641,0,2.8649287,80.169464
0.950549341,0.00239691,0.022761185,0.037053408,0.105302264,2.8649287,80.169464
0.960213833,0.006983935,0.022439177,0.051672189,0.311224601,2.8649287,80.169464
0.955346291,0.00745053,0.02608766,0.042426028,0.285585016,2.8649287,80.169464
0.950033755,0.02193311,0.029147845,0.05081317,0.752452124,2.8649287,80.169464
0.950856872,0.001984724,0.026610174,0.046467439,0.074582357,2.8649287,80.169464
0.958584511,0.011705107,0.022102506,0.019894539,0.529558851,2.8649287,80.169464
0.95038238,0.012251977,0.022087046,0.028229888,0.554688136,2.8649287,80.169464
0.953891592,0.010950522,0.021925612,0.023030585,0.49941694,2.8649287,80.169464
0.962374381,0.03363229,0.021235018,0.019763403,1.583738053,2.8649287,80.169464
0.956683405,0.031616985,0.025126748,0.016528385,1.258249842,2.8649287,80.169464
0.950819956,0.031493419,0.023864078,0.032101661,1.319644487,2.8649287,80.169464
0.954572804,0.015889432,0.023165796,0.013550715,0.685870929,2.8649287,80.169464
0.951972923,0.03294716,0.025538973,0,1.290023259,2.8649287,80.169464
0.955532512,0.038870167,0.020715416,0.003212931,1.876297833,2.8649287,80.169464
0.955522999,0.052556658,0.029877573,0.008252517,1.759008303,2.8649287,74.68073
0.985237095,0.015989834,0.024973287,0.025735588,0.640251867,2.8649287,80.169464
0.977493086,0.024598373,0.025516891,0.003323347,0.963965719,2.8649287,80.169464
0.985450885,0.00950613,0.020190948,0.029905668,0.470788175,2.8649287,80.169464
0.97523903,0.005367828,0.027688124,0.010150539,0.193860536,2.8649287,80.169464
0.971485858,0,0.02341362,0.018861752,0,2.8649287,80.169464
0.979998641,0,0.020741776,0.014939107,0,2.8649287,80.169464
0.976235477,0,0.02487801,0.009119815,0,2.8649287,80.169464
0.966201856,0.013582424,0.020143852,0.003773861,0.674237979,2.8649287,80.169464
0.990541604,0.026955314,0.027716267,0.007020506,0.972509799,2.8649287,80.169464
0.978863233,0.011436515,0.025238402,0,0.453121459,2.8649287,80.169464
0.990730197,0.020130434,0.02278856,0.020623545,0.883318215,2.8649287,80.169464
0.98320344,0.041699228,0.026306067,0.001634278,1.585096036,2.8649287,80.169464
0.979547409,0.023023795,0.020070817,0.006165794,1.147070793,2.8649287,80.169464
0.959184544,0.006884758,0.001890314,0.059717089,3.640197151,2.8582022,79.88244
0.960964692,0.019537388,0.005214975,0.015636475,3.74568288,2.8582022,79.88244
0.972033925,0.013384586,0.003772633,0.005732195,3.546870355,2.8582022,79.88244
0.915490202,0.056579743,0.023039068,0.037912218,2.455710781,2.8525252,74.27259
0.902307009,0.058567411,0.025603039,0.037541517,2.287428552,2.8525252,74.27259
0.904258872,0.064915513,0.028698194,0.027284822,2.261928106,2.8525252,74.27259
0.933297324,0.043675104,0.021195441,0.002674346,2.060492334,2.8525252,79.76132
0.933113966,0.050404309,0.022295415,0.050083107,2.260646292,2.8525252,74.27259
0.92437809,0.052707502,0.025742917,0.029965192,2.047376958,2.8525252,74.27259
0.916681778,0.059158368,0.028547317,0.020748876,2.072219101,2.8525252,74.27259
0.922906862,0.059866954,0.026447413,0.010171223,2.26353674,2.8525252,74.27259
0.944925154,0.048729951,0.021733862,0.002868077,2.242017932,2.8525252,79.76132
0.927300708,0.010845185,0.002511232,0.067736146,4.316952695,2.8498623,80.0201
0.905054702,0.015805652,0.020371441,0.072691869,0.775834986,2.8485858,80.78748
0.939223699,0,0.027621224,0.072374243,0,2.8485858,80.78748
0.927502002,0.019780719,0.020049045,0.071057704,0.986567299,2.8485858,80.78748
0.909821263,0.004263113,0.026415958,0.074043163,0.161377909,2.8485858,80.78748
0.924764478,0.039741319,0.009481713,0.034341414,4.19092286,2.8295023,79.88244
0.918094589,0.04426672,0.009263497,0.016925391,4.778102663,2.8295023,79.88244
0.936807528,0.020618834,0.005228281,0.021997067,3.942957576,2.8295023,79.88244
0.945080976,0.032396755,0.008857039,0.019970903,3.657328261,2.8295023,79.88244
0.938623143,0.01487471,0.003379699,0.026598496,4.399891602,2.8295023,79.88244
0.947819541,0.020240367,0.004511249,0.014747421,4.485649721,2.8295023,79.88244
0.941523661,0.034296859,0.008176994,0.013775547,4.193798291,2.8295023,79.88244
0.939914453,0.045581511,0.009973625,0.011107532,4.56974688,2.8295023,79.88244
0.903004744,0.039636694,0.021477279,0.060093954,1.845431566,2.8282259,80.169464
0.906704806,0.027554575,0.029327717,0.050455614,0.939508362,2.8282259,80.169464
0.924126154,0.033114948,0.021243271,0.046596595,1.558770778,2.8282259,80.169464
0.900224659,0.046081232,0.029954623,0.059156538,1.538316589,2.8282259,80.169464
0.944956675,0,0.020039776,0.066682212,0,2.8282259,80.169464
0.929215866,0.002942265,0.0260026,0.062917947,0.113148376,2.8282259,80.169464
0.924284007,0.015460792,0.020829387,0.048214272,0.742222991,2.8282259,80.169464
0.903466571,0.006194013,0.027604323,0.04627215,0.224377481,2.8282259,80.169464
0.916372242,0.019303665,0.020143213,0.049897088,0.95827352,2.8282259,80.169464
0.921079874,0.013163657,0.020848139,0.056778298,0.631376537,2.8282259,80.169464
0.931170059,0.019857296,0.027561267,0.063048559,0.720452228,2.8282259,80.169464
0.911473297,0.032289412,0.02682203,0.044945528,1.203794346,2.8282259,80.169464
0.909776408,0.018076492,0.021621222,0.044893161,0.836014543,2.8282259,80.169464
0.936126884,0.018409607,0.028622316,0.058717244,0.643168217,2.8282259,80.169464
0.918707366,0.019258993,0.029353563,0.060685496,0.656081767,2.8282259,80.169464
0.921402314,0.035181017,0.024537232,0.050881573,1.433722579,2.8282259,80.169464
0.92532797,0.032730107,0.0278143,0.030688117,1.176694365,2.8282259,80.169464
0.917415047,0.0142536,0.024187778,0.020767837,0.589264978,2.8282259,80.169464
0.915704891,0.03349386,0.025848535,0.042013946,1.295723864,2.8282259,80.169464
0.910034707,0.027338792,0.029115657,0.038068448,0.938939917,2.8282259,80.169464
0.919533199,0.038751131,0.020620394,0.019296742,1.879171301,2.8282259,80.169464
0.912004188,0.037993607,0.022313147,0.02515587,1.702669007,2.8282259,80.169464
0.933187776,0.036310606,0.027898561,0.030875799,1.301475868,2.8282259,80.169464
0.928906959,0.02653427,0.026673973,0.028182665,0.994725265,2.8282259,80.169464
0.911735279,0.040713455,0.020746898,0.020586185,1.962292983,2.8282259,80.169464
0.922706093,0.036535657,0.025799153,0.033254851,1.416102358,2.8282259,80.169464
0.909688925,0.041692251,0.022221341,0.007515035,1.876141277,2.8282259,80.169464
0.914803357,0.044940338,0.022492788,0.015967069,1.997899958,2.8282259,80.169464
0.923685274,0.048247055,0.024647582,0.04056416,1.957396735,2.8282259,80.169464
0.922655922,0.045712079,0.027877776,0.022165547,1.639673113,2.8282259,80.169464
0.948638725,0.04441213,0.029793093,0.027228079,1.490635407,2.8282259,80.169464
0.931929186,0.053661696,0.02931953,0.009880992,1.830174866,2.8282259,74.68073
0.942193779,0.057613025,0.029253456,0.015080123,1.969376048,2.8282259,74.68073
0.947829829,0.003062946,0.025418959,0.057986933,0.12049375,2.8282259,80.169464
0.935514086,0,0.021260268,0.0312561,0,2.8282259,80.169464
0.947003234,0,0.021665137,0.025734867,0,2.8282259,80.169464
0.93888033,0.018754559,0.026235092,0.040487005,0.714838115,2.8282259,80.169464
0.943743227,0.021141015,0.023941075,0.035501285,0.883006812,2.8282259,80.169464
0.947970194,0.010724467,0.028463127,0.02982072,0.376771318,2.8282259,80.169464
0.941999614,0.018097592,0.022299516,0.029645799,0.811532424,2.8282259,80.169464
0.949364754,0.005025533,0.024758381,0.024729339,0.202974915,2.8282259,80.169464
0.938103333,0.019428694,0.024739974,0.043507811,0.785284124,2.8282259,80.169464
0.948154746,0.018802279,0.025340381,0.026026905,0.741959522,2.8282259,80.169464
0.943479111,0.028208918,0.020682177,0.008179596,1.363858099,2.8282259,80.169464
0.93910367,0.040339027,0.020736688,0.028307438,1.945203735,2.8282259,80.169464
0.93594433,0.039089241,0.025796496,0.012483055,1.515233946,2.8282259,80.169464
0.937674767,0.039589931,0.029573216,0.007414091,1.338663784,2.8282259,80.169464
0.851833599,0.076117569,0.045493266,0.054764022,1.673124469,2.7700338,66.85825
0.854599721,0.087026239,0.048699874,0.065948544,1.786954372,2.7700338,66.85825
0.865013337,0.089150923,0.043871558,0.053564184,2.032042985,2.7700338,66.88454
0.866073456,0.086406632,0.042320495,0.041982669,2.041672515,2.7700338,66.88454
0.866567534,0.079451951,0.048134283,0.055192352,1.650596946,2.7700338,66.85825
0.88008725,0.082840028,0.044435289,0.045244656,1.864242717,2.7700338,66.85825
0.870169389,0.085215154,0.046295656,0.060179571,1.840633035,2.7700338,66.85825
0.868499974,0.093101919,0.048323445,0.036453754,1.926600905,2.7700338,66.85825
0.879419406,0.089374775,0.041791355,0.030917732,2.138543629,2.7700338,66.88454
0.864096009,0.096350664,0.045024453,0.045770786,2.139915479,2.7700338,66.88454
0.889109324,0.093116934,0.046870467,0.055556942,1.98664435,2.7700338,66.85825
0.8746677,0.085558639,0.04142795,0.055193364,2.065189681,2.7700338,66.88454
0.869512751,0.084833897,0.043340626,0.057699131,1.957330747,2.7700338,66.85825
0.884191542,0.094253213,0.045256032,0.03723995,2.082620283,2.7700338,66.88454
0.868293798,0.08460695,0.042694642,0.041188603,1.981629622,2.7700338,66.85825
0.87285079,0.094654494,0.049591804,0.033070031,1.908633621,2.7700338,66.85825
0.888103087,0.092513841,0.046734641,0.034891306,1.979513676,2.7700338,66.85825
0.87924061,0.095286843,0.049208756,0.015349544,1.936340483,2.7700338,66.85825
0.881380511,0.095563957,0.046112963,0.031857018,2.072343179,2.7700338,66.88454
0.895632803,0.078851978,0.046238235,0.01732683,1.70530456,2.7700338,66.85825
0.897529743,0.07951035,0.047956443,0.029035207,1.65793556,2.7700338,66.85825
0.880298962,0.077657667,0.044834064,0.010615726,1.732074417,2.7700338,66.85825
0.884357584,0.093981473,0.040535865,0.004782333,2.318419834,2.7700338,66.88454
0.89101216,0.088140755,0.0407431,0,2.163276518,2.7700338,66.88454
0.889289463,0.098831682,0.047914074,0.001290689,2.062642791,2.7700338,66.88454
0.851704162,0.071273244,0.049590552,0.071174162,1.43720536,2.7019649,67.12312
0.858980342,0.06766243,0.043991972,0.053609385,1.538028159,2.7019649,66.623245
0.887398352,0.070965471,0.047858758,0.026623258,1.482779563,2.7019649,66.623245
0.885760428,0.068766559,0.041400083,0.031654916,1.66098455,2.7019649,66.623245
0.897333477,0.073090474,0.04905164,0.039661397,1.49004161,2.7019649,66.623245
0.864463176,0.044108879,0.047934373,0.061353237,0.920173894,2.6841002,73.18274
0.864321971,0.040644037,0.042744369,0.074475261,0.950840708,2.6841002,73.68262
0.881778753,0.062638604,0.042689935,0.059602068,1.467257705,2.6841002,67.75086
0.896709427,0.041789139,0.042853382,0.063863432,0.975142737,2.6841002,73.18274
0.880514854,0.065843142,0.048823327,0.068050854,1.348572438,2.6841002,68.25074
0.859952796,0.059623542,0.045318021,0.053035389,1.315640574,2.6841002,67.75086
0.875824398,0.054298084,0.0496342,0.053286924,1.093943105,2.6841002,67.75086
0.886541291,0.033687725,0.041023406,0.065781763,0.821163014,2.6841002,73.18274
0.898657208,0.028583514,0.046839752,0.061406008,0.610227478,2.6841002,73.18274
0.87703819,0.033584742,0.04222217,0.066779084,0.795410259,2.6841002,73.18274
0.896713815,0.051324542,0.042322713,0.039833375,1.212666336,2.6841002,67.75086
0.898372071,0.061095207,0.045928411,0.048406759,1.330197915,2.6841002,67.75086
0.88706727,0.05279579,0.047655486,0.019735176,1.1078406,2.6841002,67.75086
0.890435636,0.063020336,0.040439414,0.020652053,1.558350391,2.6841002,67.75086
0.825596304,0.09424412,0.040094979,0.074106923,2.350463093,2.5688043,57.591877
0.842465821,0.097938185,0.041747699,0.049341973,2.345897888,2.5688043,55.952717
0.843222846,0.087536166,0.048903052,0.053867881,1.789957334,2.5688043,55.442272
0.955972282,0.048418252,0.019933652,0.00402654,2.428848668,2.567379,78.76945
0.983852315,0.030826603,0.01502711,0.023594143,2.051262791,2.567379,78.76945
0.953113087,0.046185499,0.015337378,0.002343636,3.011107061,2.5460212,81.45435
0.951718393,0.05187933,0.01692944,0.021652522,3.064263468,2.5460212,76.315216
0.952604423,0.053199652,0.016310258,0,3.26152959,2.5460212,76.315216
0.956791428,0.043713457,0.01525371,0,2.865571162,2.5460212,81.45435
0.992554757,0.031186323,0.010684309,0,2.918616844,2.5460212,81.45435
0.974663874,0.037239488,0.01314708,0,2.832313647,2.5460212,81.45435
0.959218015,0,0.013473023,0.047952928,0,2.5430796,79.177574
0.953278212,0.002282592,0.018966037,0.031621769,0.120345202,2.5430796,79.177574
0.959242701,0.005020382,0.012779348,0.03155297,0.392820397,2.5430796,79.177574
0.96200079,0.029316316,0.015372522,0.017287306,1.906935574,2.5430796,79.177574
0.952965755,0.019684647,0.017881712,0.018496153,1.100764045,2.5430796,79.177574
0.979692676,0.010901835,0.019758725,0.03441619,0.551719964,2.5430796,79.177574
0.982567887,0,0.012828244,0.023255561,0,2.5430796,79.177574
0.981124688,0,0.014196477,0.017525707,0,2.5430796,79.177574
0.964833169,0.002935375,0.016161262,0.011680869,0.181619091,2.5430796,79.177574
0.974606927,0,0.017948895,0.030546387,0,2.5430796,79.177574
0.973655032,0.001247521,0.015103947,0.008760822,0.082590224,2.5430796,79.177574
0.976448878,0.005827729,0.018168323,0.011218783,0.320745519,2.5430796,79.177574
0.994541574,0.008714537,0.012578561,0.013134267,0.692753666,2.5430796,79.177574
0.969942533,0.003483249,0.017514318,0.036711929,0.198868717,2.5430796,79.177574
0.964410924,0,0.013761216,0.029443434,0,2.5430796,79.177574
0.994870611,0.016355634,0.015816573,0,1.034016688,2.5430796,79.177574
0.971648622,0.021376058,0.015064105,0.022710301,1.418912005,2.5430796,79.177574
0.963489859,0.013854612,0.017426575,0.006949677,0.794982207,2.5430796,79.177574
0.974260524,0.032920603,0.017858324,0.010399509,1.843328636,2.5430796,79.177574
0.983953554,0.012675688,0.015739235,0.004910039,0.805304826,2.5430796,79.177574
0.968684223,0.03452462,0.018391358,0.003298231,1.877117665,2.5430796,79.177574
0.973035334,0.008288302,0.018860489,0.001860684,0.439429899,2.5430796,79.177574
0.901973157,0.03979361,0.019144559,0.064214116,2.078477318,2.5306756,78.76945
0.907846043,0.038799526,0.018500186,0.047742774,2.097137168,2.5306756,78.76945
0.900196167,0.043465076,0.019022766,0.061776254,2.284777636,2.5306756,78.76945
0.905918141,0.04676465,0.019722714,0.03510349,2.370986027,2.5306756,78.76945
0.93075205,0.040393816,0.019147753,0.042849067,2.109475039,2.5306756,78.76945
0.911739523,0.02470799,0.010153952,0.037935245,2.433097636,2.5306756,78.76945
0.928405892,0.039087152,0.018428047,0.029270306,2.120953524,2.5306756,78.76945
0.942658262,0.031028586,0.013867962,0.029177722,2.237268035,2.5306756,78.76945
0.941389121,0.031026767,0.015283316,0.018160878,2.02997427,2.5306756,78.76945
0.94520507,0.035062732,0.0172716,0.0172442,2.029962546,2.5306756,78.76945
0.929620609,0.010469118,0.017121786,0.068198476,0.611414414,2.5267363,79.79559
0.931067231,0.005844668,0.010799699,0.073105396,0.541137931,2.5267363,79.79559
0.921129003,0.015781177,0.011090441,0.074545385,1.422824751,2.5267363,79.79559
0.903267448,0.041909165,0.013474107,0.068549039,3.11011742,2.5206213,81.69871
0.902625613,0.010886831,0.013054558,0.057705048,0.833884781,2.5063763,79.177574
0.914524675,0.023153324,0.015193953,0.062174059,1.523750982,2.5063763,79.177574
0.909969197,0.006007911,0.011224286,0.062859583,0.535212271,2.5063763,79.177574
0.933491021,0.017016529,0.011912474,0.051133608,1.428343158,2.5063763,79.177574
0.935971527,0.015638446,0.016694128,0.045798478,0.936707133,2.5063763,79.177574
0.931934789,0.026891645,0.013721383,0.06602692,1.959692033,2.5063763,79.177574
0.926433885,0.029535855,0.014931599,0.041498023,1.977944729,2.5063763,79.177574
0.907237648,0.009177768,0.014050544,0.033617543,0.653150191,2.5063763,79.177574
0.929086528,0.025502277,0.019947891,0.047404033,1.278380684,2.5063763,79.177574
0.914706285,0.029795075,0.015779103,0.062114275,1.888141979,2.5063763,79.177574
0.919517127,0.027886158,0.016492031,0.024156684,1.690784339,2.5063763,79.177574
0.930017827,0.033255778,0.01670733,0.051128253,1.990371142,2.5063763,79.177574
0.939484992,0.021477754,0.019319799,0.057721986,1.111638986,2.5063763,79.177574
0.922695993,0.034080432,0.018554582,0.037548276,1.836667335,2.5063763,79.177574
0.918499761,0.023719374,0.019185968,0.020216151,1.236223153,2.5063763,79.177574
0.946864703,0.002787998,0.012240318,0.056927758,0.227753092,2.5063763,79.177574
0.942904201,0,0.016865372,0.037886801,0,2.5063763,79.177574
0.937414951,0.002794618,0.016504294,0.050951312,0.16931645,2.5063763,79.177574
0.941317073,0.004612392,0.013916762,0.035182829,0.331403263,2.5063763,79.177574
0.93986104,0.004874659,0.018131313,0.053158218,0.268838228,2.5063763,79.177574
0.927531107,0.013744129,0.016646418,0.022402788,0.825601224,2.5063763,79.177574
0.906383919,0.049753656,0.016604724,0.056794142,2.996174985,2.5002613,81.45435
0.901018563,0.063271154,0.019061022,0.042321013,3.319225752,2.5002613,76.315216
0.900208865,0.047094386,0.017382396,0.051064572,2.709159073,2.5002613,81.45435
0.91140149,0.050999293,0.017375481,0.03584973,2.934960959,2.5002613,76.315216
0.921307229,0.028926341,0.011328478,0.034227716,2.553192669,2.5002613,81.45435
0.935352493,0.044736222,0.017180284,0.047489361,2.603776488,2.5002613,81.45435
0.941734521,0.042186593,0.013887519,0.029818659,3.037515659,2.5002613,81.45435
0.9366959,0.041631049,0.016293915,0.028399613,2.554849087,2.5002613,81.45435
0.927253079,0.051071699,0.016506308,0.021801677,3.093884177,2.5002613,76.315216
0.921304731,0.039214873,0.014379123,0.04100908,2.727019364,2.5002613,81.45435
0.915838081,0.050711521,0.01617625,0.023899456,3.13474289,2.5002613,76.315216
0.93572978,0.05400178,0.017580107,0.015437104,3.071580244,2.5002613,76.315216
0.936328622,0.038667686,0.015225628,0.000774316,2.539477925,2.5002613,81.45435
0.969690291,0.022285186,0.007662441,0.020071178,2.907987133,2.4545255,80.146706
0.978423378,0.017587698,0.005937634,0.006729266,2.96157309,2.4545255,80.146706
0.969835704,0.02134759,0.008497833,0,2.511825928,2.4545255,80.146706
0.959758167,0,0.00800354,0.044499194,0,2.4515839,77.86994
0.953896142,0,0,0.032712098,0,2.4515839,77.86994
0.956511362,0.00938662,0.007205457,0.037688049,1.302529091,2.4515839,77.86994
0.953721055,0.003679851,0.00281192,0.024569781,1.308196079,2.4515839,77.86994
0.962235689,0.017251547,0.00947564,0.033435975,1.820428634,2.4515839,77.86994
0.956197114,0.002505675,0.006201072,0.02291082,0.404006186,2.4515839,77.86994
0.959644279,0,0,0.025765181,0,2.4515839,77.86994
0.995122704,0.000176864,0.008249418,0.013967032,0.02143701,2.4515839,77.86994
0.987308745,0.0044878,0.008066764,0.004280715,0.556263134,2.4515839,77.86994
0.991850143,0,0,0.018153242,0,2.4515839,77.86994
0.972955288,0.013883663,0.009500354,0,1.461229974,2.4515839,77.86994
0.920211625,0.017423795,0.007998751,0.040228356,2.178042173,2.450508,77.4618
0.943932997,0.014037797,0.006237556,0.025353714,2.250167682,2.450508,77.4618
0.918224353,0.000194583,0.000897324,0.068280827,0.216606219,2.4465687,78.381256
0.936941094,0,0.009277182,0.072966817,0,2.4465687,78.381256
0.939015986,0,0.003833524,0.067144584,0,2.4465687,78.381256
0.911210307,0.023161461,0.007374528,0.0693465,3.140312234,2.4404538,80.28437
0.933389405,0,0.009845482,0.057122776,0,2.4262087,77.86994
0.937542826,0,0.000195624,0.04677698,0,2.4262087,77.86994
0.940041846,0,0.001277265,0.031639333,0,2.4262087,77.86994
0.904663584,0.075400618,0.046481692,0.03587205,1.622122449,2.3393068,72.2894
0.918043481,0.088784696,0.043800272,0.036305266,2.026988976,2.3393068,71.9365
0.907197579,0.078896045,0.043440517,0.040407524,1.816143896,2.3393068,72.2894
0.908925973,0.083584704,0.046996919,0.021116016,1.778476702,2.3393068,72.2894
0.909216501,0.07765488,0.043201115,0.005206461,1.797478682,2.3393068,72.2894
0.906802161,0.099990958,0.044210482,0.004188068,2.261651333,2.3393068,71.9365
0.900341524,0.09813321,0.040255949,0,2.437671332,2.3393068,71.9365
0.906663125,0.087834192,0.044463905,0.004621541,1.975359942,2.3393068,72.2894
0.917333434,0.085225902,0.048453804,0.012263042,1.758874154,2.3393068,72.2894
0.925253884,0.076910859,0.044376611,0.010960093,1.733100474,2.3393068,72.2894
0.923745457,0.090737342,0.043744117,0,2.074227881,2.3393068,71.9365
0.928278795,0.07956688,0.044956768,0.00591571,1.769813859,2.3393068,72.2894
0.974267165,0.007232809,0.043635028,0.051887127,0.165753149,2.329698,78.81013
0.954329598,0,0.047325737,0.051097377,0,2.329698,78.81013
0.970884428,0.004908176,0.043210197,0.05483736,0.113585757,2.329698,78.81013
0.952553838,0.017708022,0.044802515,0.044733367,0.395237342,2.329698,78.81013
0.976207931,0.021137709,0.040890142,0.019855859,0.51692635,2.329698,78.81013
0.959968588,0.026622596,0.045712117,0.017947924,0.582384178,2.329698,78.81013
0.952806364,0.009604088,0.043669933,0.026651701,0.219919458,2.329698,78.81013
0.950580227,0.035889403,0.046148113,0.01638325,0.777683488,2.329698,78.81013
0.958970662,0.033422973,0.044982913,0.031868275,0.742998357,2.329698,78.81013
0.964558223,0.038031547,0.044738559,0.027932625,0.85006531,2.329698,78.81013
0.960715432,0.02976424,0.042022163,0.017916589,0.708281764,2.329698,78.81013
0.951906356,0.027358132,0.046123388,0.017893389,0.593138108,2.329698,78.81013
0.95397927,0.041445954,0.045899706,0.004737576,0.902948082,2.329698,78.81013
0.959022772,0.046558921,0.044468325,0.004118914,1.046989621,2.329698,78.81013
0.960305806,0.022260304,0.04193357,0.01299672,0.530834204,2.329698,78.81013
0.954632063,0.038980556,0.046954774,0,0.830154686,2.329698,78.81013
0.961877808,0,0.049665075,0.040981109,0,2.329698,78.81013
0.9812207,0,0.042306594,0.027167196,0,2.329698,78.81013
0.990634134,0.012451509,0.04928364,0.024329729,0.252644813,2.329698,78.81013
0.961006938,0.001155431,0.044445652,0.008669577,0.025995911,2.329698,78.81013
0.975036957,0.015332073,0.043514972,0.0150056,0.352332083,2.329698,78.81013
0.967575158,0.005163829,0.043233205,0.006603916,0.119438502,2.329698,78.81013
0.979148655,0.020045818,0.043749334,0.02474482,0.458186632,2.329698,78.81013
0.967417179,0.022104963,0.04024935,0.00466932,0.549186851,2.329698,78.81013
0.973232258,0.020080431,0.043557886,0.003708678,0.460995048,2.329698,78.81013
0.970088463,0.015272355,0.048399255,0,0.315542858,2.329698,78.81013
0.901733417,0.068511141,0.049083606,0.05023999,1.395776537,2.2712386,72.25063
0.905885533,0.067642888,0.048594465,0.042724833,1.391958845,2.2712386,72.25063
0.910075137,0.072257679,0.042252209,0.012340758,1.710111034,2.2712386,72.25063
0.917367139,0.067508728,0.042609936,0.023530152,1.58430522,2.2712386,72.25063
0.9275966,0.000859399,0.043879815,0.067574992,0.019584852,2.2533734,79.31
0.90392416,0.026594512,0.04326367,0.070550913,0.614693529,2.2533734,79.31
0.908250983,0.025845051,0.040553599,0.073281895,0.637290272,2.2533734,79.31
0.903904648,0.043508523,0.04005062,0.045088386,1.086311188,2.2533734,78.81013
0.906012067,0.044488131,0.046343362,0.066936618,0.959946991,2.2533734,78.81013
0.908178897,0.029855203,0.046155109,0.05498008,0.646831016,2.2533734,78.81013
0.912816438,0.055402354,0.049727193,0.037576245,1.114103493,2.2533734,73.378265
0.915334337,0.059701882,0.04089871,0.015879244,1.459714048,2.2533734,73.378265
0.923168034,0,0.048345824,0.058847828,0,2.2533734,78.81013
0.941744924,0.010680723,0.042857936,0.067349281,0.249206435,2.2533734,79.31
0.92494404,0.02028769,0.044075345,0.061124191,0.46028521,2.2533734,78.81013
0.933903832,0.010193521,0.043806616,0.069496415,0.232688319,2.2533734,79.31
0.930006657,0.014601056,0.045145241,0.066776371,0.323416878,2.2533734,78.81013
0.925497737,0.000957604,0.040218609,0.059923259,0.02380939,2.2533734,78.81013
0.925070632,0.013658198,0.048066379,0.068519291,0.284146924,2.2533734,79.31
0.911340443,0.020978272,0.045688797,0.055953503,0.459145654,2.2533734,78.81013
0.90792642,0.020925399,0.047576901,0.039230455,0.439813411,2.2533734,78.81013
0.927602805,0.029891329,0.04555935,0.036061668,0.656082066,2.2533734,78.81013
0.928437879,0.028158542,0.041003065,0.056747618,0.686725616,2.2533734,78.81013
0.92416562,0.038098948,0.04330967,0.040261851,0.879666548,2.2533734,78.81013
0.910503548,0.022264145,0.043755747,0.040712873,0.508816263,2.2533734,78.81013
0.915781402,0.030853731,0.049058233,0.046389568,0.628907728,2.2533734,78.81013
0.914960426,0.02504826,0.042988577,0.032915119,0.582658917,2.2533734,78.81013
0.913517367,0.020449512,0.048470824,0.024997295,0.421884521,2.2533734,78.81013
0.940379319,0.042138088,0.046652693,0.020451078,0.903210124,2.2533734,78.81013
0.915824972,0.057311696,0.041796932,0.036434289,1.371161037,2.2533734,73.378265
0.930142548,0.039898392,0.042930379,0.018749037,0.929352665,2.2533734,78.81013
0.930720574,0.046494561,0.040155133,0.024192589,1.15784457,2.2533734,78.81013
0.921659228,0.053272361,0.044958713,0.028783113,1.184891033,2.2533734,73.378265
0.920632358,0.053603934,0.040692306,0,1.317266612,2.2533734,73.378265
0.938814541,0.044929913,0.048380227,0.045064086,0.928664206,2.2533734,78.81013
0.929996851,0.058078324,0.043519372,0.030574273,1.334508899,2.2533734,73.378265
0.911189554,0.064238895,0.045030104,0.020125436,1.426544961,2.2533734,73.378265
0.905803268,0.05681395,0.048167548,0.012020745,1.17948231,2.2533734,73.378265
0.938691116,0.010821123,0.043481503,0.036845617,0.248861549,2.2533734,78.81013
0.940736189,0,0.047075961,0.044661554,0,2.2533734,78.81013
0.940813135,0,0.048751353,0.03663022,0,2.2533734,78.81013
0.936223825,0.015841982,0.043655463,0.059190644,0.362878284,2.2533734,78.81013
0.94435226,0.00710303,0.044564853,0.025504098,0.1593828,2.2533734,78.81013
0.943952553,0.015912303,0.043659476,0.027478463,0.364455559,2.2533734,78.81013
0.949934787,0.008220323,0.040628106,0.009522251,0.202325957,2.2533734,78.81013
0.946294919,0.049259751,0.04346469,0.000316641,1.13330195,2.2533734,78.81013
