learning_rate,max_depth,subsample,n_estimators,reg_lambda,colsample_bytree,LOO-train-RMSE,LOO-train-R2,LOO-val-RMSE,LOO-val-R2,test-RMSE,test-R2,
0.01,4,0.9,300,1,0.8,3.77265893,0.942752536,9.456729527,,2.08511677,0.972865905,
0.01,8,0.9,300,1,0.8,3.613974043,0.947511151,9.381818171,,2.086114483,0.972839932,
0.01,6,0.9,300,1,0.8,3.61683629,0.947427223,9.375028009,,2.086594474,0.972827432,
0.01,7,0.9,300,1,0.8,3.61371844,0.947518418,9.380515213,,2.089760897,0.9727449,
0.01,5,0.9,300,1,0.8,3.638441769,0.946785684,9.39300334,,2.155048756,0.971015302,
0.01,7,0.8,300,1,0.8,4.067956648,0.933533607,9.12065136,,2.307725617,0.966762916,
0.01,6,0.8,300,1,0.8,4.0702717,0.933456873,9.112430449,,2.320551883,0.966392428,
0.01,8,0.8,300,1,0.8,4.067950056,0.93353383,9.120760078,,2.329572971,0.966130623,
0.01,5,0.8,300,1,0.8,4.085785954,0.932946196,9.104946966,,2.356644755,0.965338862,
0.01,8,0.9,400,1,0.8,2.291355381,0.978865937,9.114705677,,2.387072577,0.964438029,1
0.01,7,0.9,400,1,0.8,2.291387154,0.978865263,9.115164156,,2.39459186,0.964213636,
0.01,6,0.9,400,1,0.8,2.299352048,0.978714201,9.103344793,,2.403173689,0.963956671,
0.01,4,0.8,300,1,0.8,4.198045346,0.929195027,9.084370728,,2.412202267,0.963685337,
0.01,8,0.7,300,1,0.8,4.664905265,0.912591265,8.843613024,,2.436369904,0.962954025,
0.01,7,0.7,300,1,0.8,4.66320203,0.912652714,8.843396063,,2.440553327,0.962826695,
0.01,5,0.7,300,1,0.8,4.676979128,0.912140464,8.851064796,,2.446748195,0.962637741,
0.01,6,0.7,300,1,0.8,4.664225974,0.912616329,8.850880499,,2.449592845,0.962550814,
0.01,4,0.7,300,1,0.8,4.759237225,0.909004762,8.843538876,,2.454632469,0.962396565,
0.01,5,0.9,400,1,0.8,2.338748309,0.977962538,9.15345108,,2.490831929,0.96127928,
0.01,7,0.8,400,1,0.8,2.747273988,0.96966429,8.855716343,,2.530047308,0.960050453,
0.01,4,0.9,400,1,0.8,2.524958016,0.974279745,9.309556599,,2.542394428,0.959659579,
0.01,6,0.8,400,1,0.8,2.756130434,0.969464776,8.844397898,,2.545267636,0.959568348,
0.01,8,0.8,400,1,0.8,2.746940266,0.969671711,8.856362457,,2.549404528,0.959436812,
0.01,5,0.8,400,1,0.8,2.788571763,0.968730726,8.860547657,,2.552729379,0.959330941,
0.01,3,0.8,300,1,0.8,4.615632989,0.914314328,9.162131424,,2.57668242,0.958564139,
0.01,3,0.7,300,1,0.8,5.066925324,0.896760441,8.965286608,,2.588665082,0.958177855,
0.01,8,0.6,300,1,0.8,5.351546308,0.884855238,8.743838186,,2.601212198,0.957771453,
0.01,7,0.6,300,1,0.8,5.351314333,0.884865135,8.742164726,,2.601912036,0.957748727,
0.01,6,0.6,300,1,0.8,5.351738054,0.884844511,8.742532368,,2.613142144,0.957383219,
0.01,7,0.9,400,3,0.8,5.440016249,0.881117459,9.649654741,,2.626134455,0.956958392,
0.01,8,0.9,400,3,0.8,5.440029598,0.881116916,9.649639721,,2.626134455,0.956958392,
0.01,6,0.9,400,3,0.8,5.440482239,0.881097472,9.648079987,,2.626198615,0.956956289,
0.01,5,0.9,400,3,0.8,5.445869226,0.88086505,9.658058996,,2.631696981,0.956775862,
0.01,4,0.9,400,3,0.8,5.494661931,0.878747841,9.650798674,,2.636287584,0.956624935,
0.01,3,0.9,300,1,0.8,4.295287303,0.925760057,9.528940792,,2.646260349,0.956296148,
0.01,5,0.6,300,1,0.8,5.358165801,0.884568162,8.740982647,,2.649116256,0.956201765,
0.01,4,0.8,400,1,0.8,2.939162932,0.965244884,8.885813589,,2.663873076,0.955712452,
0.01,4,0.6,300,1,0.8,5.410035449,0.882310056,8.731558437,,2.665808811,0.955648065,
0.01,4,0.9,300,3,0.8,6.892154197,0.809374987,9.667848101,,2.748148135,0.95286594,
0.01,5,0.9,300,3,0.8,6.869886741,0.810596019,9.690486069,,2.754166215,0.952659279,
0.01,7,0.9,300,3,0.8,6.867886198,0.81070502,9.687430735,,2.756202374,0.952589255,
0.01,8,0.9,300,3,0.8,6.867882612,0.810705217,9.687427874,,2.756202374,0.952589255,
0.01,6,0.9,300,3,0.8,6.868069597,0.810695322,9.685874815,,2.756202907,0.952589237,
0.01,3,0.6,300,1,0.8,5.632787842,0.872377427,8.783141012,,2.785849239,0.95156383,
0.01,5,0.8,400,3,0.8,5.964172592,0.85726732,9.316588755,,2.788151048,0.951483756,
0.01,7,0.8,400,3,0.8,5.961882752,0.857375743,9.312993641,,2.792141379,0.951344786,
0.01,8,0.8,400,3,0.8,5.961850968,0.857377482,9.313133116,,2.792141379,0.951344786,
0.01,6,0.8,400,3,0.8,5.962039945,0.857368494,9.309996958,,2.792215037,0.951342219,
0.01,8,0.7,400,1,0.8,3.328830229,0.955476739,8.554599638,,2.793351555,0.951302601,
0.01,7,0.7,400,1,0.8,3.32839513,0.955487717,8.552745457,,2.798813166,0.951111986,
0.01,6,0.7,400,1,0.8,3.333510055,0.955350844,8.559591646,,2.80496754,0.950896748,
0.01,5,0.7,400,1,0.8,3.355282448,0.954761624,8.571538563,,2.814899886,0.950548385,
0.01,4,0.7,400,1,0.8,3.47033537,0.951586149,8.58766305,,2.825806154,0.950164444,
0.01,4,0.8,400,3,0.8,6.003921911,0.855372684,9.307429667,,2.834298977,0.949864437,
0.01,4,0.9,200,1,0.8,5.857505695,0.862123623,9.620474691,,2.891877355,0.947806753,
0.01,3,0.9,200,1,0.8,6.208695407,0.845068434,9.6921035,,2.900139382,0.947508097,
0.01,8,0.6,400,1,0.8,4.051943015,0.933967076,8.410801048,,2.93277966,0.946319884,
0.01,7,0.6,400,1,0.8,4.051535632,0.933981308,8.408896084,,2.934484807,0.946257445,
0.01,6,0.6,400,1,0.8,4.053915606,0.9339023,8.408758278,,2.947856248,0.945766557,
0.01,5,0.6,400,1,0.8,4.066016665,0.933506886,8.410108681,,2.959172345,0.94534938,
0.01,4,0.6,400,1,0.8,4.138433371,0.931104669,8.434747095,,2.989609775,0.944219348,
0.01,6,0.9,200,1,0.8,5.755760135,0.866909565,9.629466171,,2.999762292,0.94383985,
0.01,7,0.9,200,1,0.8,5.754639885,0.86696123,9.634371395,,3.003487181,0.943700292,
0.01,3,0.9,300,3,0.8,7.071070866,0.799349412,9.671080818,,3.004051208,0.943679145,
0.01,8,0.9,200,1,0.8,5.754702715,0.86695828,9.635090942,,3.006002443,0.943605957,
0.01,3,0.9,400,3,0.8,5.758293359,0.866831274,9.583604212,,3.031601476,0.942641367,
0.01,5,0.9,200,1,0.8,5.764694768,0.866486605,9.611488457,,3.036636982,0.942450662,
0.01,3,0.8,400,1,0.8,3.446703289,0.952107032,9.03749239,,3.040847365,0.942290964,
0.2,5,0.6,100,10,0.8,4.602358179,0.914895644,9.074128151,,3.041715273,0.942258017,
0.01,7,0.8,300,3,0.8,7.297549389,0.786396144,9.432285299,,3.041916308,0.942250384,
0.01,8,0.8,300,3,0.8,7.297598044,0.786392958,9.432531347,,3.041916308,0.942250384,
0.01,6,0.8,300,3,0.8,7.297620896,0.786391624,9.430612078,,3.041945317,0.942249283,
0.01,4,0.8,300,3,0.8,7.318531004,0.785172949,9.461754789,,3.050855662,0.941910465,
0.01,6,0.7,400,3,0.8,6.535758781,0.828615767,9.070572729,,3.055655374,0.941727545,
0.01,7,0.7,400,3,0.8,6.535621045,0.828622977,9.070750113,,3.055655374,0.941727545,
0.01,8,0.7,400,3,0.8,6.535621969,0.828622917,9.070710773,,3.055655374,0.941727545,
0.01,5,0.8,300,3,0.8,7.298465384,0.78634356,9.435357561,,3.056744526,0.941685996,
0.2,6,0.6,100,10,0.8,4.601917887,0.914919657,8.994486809,,3.060772813,0.941532198,
0.2,7,0.6,100,10,0.8,4.601581072,0.914925573,9.002954245,,3.061484024,0.941505024,
0.2,8,0.6,100,10,0.8,4.601617927,0.914924226,9.00285244,,3.061484024,0.941505024,
0.01,4,0.7,400,3,0.8,6.563301016,0.827170674,9.072517385,,3.066143783,0.941326823,
0.01,5,0.7,400,3,0.8,6.538152079,0.828493044,9.071221228,,3.070116333,0.941174688,
0.01,4,0.6,300,3,0.6,8.638211403,0.700297497,9.594357233,,3.105313821,0.939818145,
0.01,3,0.8,400,3,0.8,6.18883138,0.846297214,9.282157059,,3.116684307,0.939376612,
0.01,3,0.6,300,3,0.6,8.685925667,0.696953419,9.607326488,,3.117388433,0.939349217,
0.01,5,0.6,300,3,0.6,8.633721148,0.700612258,9.587189655,,3.130275391,0.938846732,
0.01,7,0.6,300,3,0.6,8.633378564,0.700635318,9.587622623,,3.133992865,0.938701396,
0.01,8,0.6,300,3,0.6,8.633378564,0.700635318,9.587622623,,3.133992865,0.938701396,
0.01,6,0.6,300,3,0.6,8.633370009,0.700635903,9.587617855,,3.134079562,0.938698005,
0.01,3,0.7,400,1,0.8,3.848128451,0.940362955,8.732914801,,3.141237494,0.93841767,
0.01,3,0.8,200,1,0.8,6.568386629,0.826601946,9.379792919,,3.145025563,0.938269054,
0.4,7,0.6,100,3,1,0.09081984,0.999964546,8.804409266,,3.160444501,0.93766228,
0.4,8,0.6,100,3,1,0.087841423,0.999966527,8.746840954,,3.165007078,0.937482163,
0.3,8,0.9,100,3,1,0.016749317,0.999998815,8.853381872,,3.167835276,0.937370383,
0.3,8,0.9,200,3,1,0.001258862,0.999999993,8.854980469,,3.170772266,0.937254198,
0.3,8,0.9,300,3,1,0.001146636,0.999999995,8.85500598,,3.170903328,0.93724901,
0.3,8,0.9,400,3,1,0.001078669,0.999999995,8.855098009,,3.17114835,0.937239312,
0.3,7,0.9,100,3,1,0.018240406,0.999998557,8.836547375,,3.171408485,0.937229015,
0.3,7,0.9,200,3,1,0.001271451,0.999999993,8.838332653,,3.174966174,0.937088103,
0.3,7,0.9,300,3,1,0.001155016,0.999999994,8.83831954,,3.175252269,0.937076765,
0.3,7,0.9,400,3,1,0.001087255,0.999999995,8.838429213,,3.175463552,0.93706839,
0.01,4,0.6,400,3,0.8,7.204843831,0.791696666,9.022899141,,3.175581632,0.93706371,
0.01,3,0.8,300,3,0.8,7.446046714,0.777585695,9.433811178,,3.178055337,0.93696562,
0.3,6,0.9,100,3,1,0.022933319,0.999997671,8.785818815,,3.185068299,0.936687119,
0.01,7,0.6,400,3,0.8,7.192763612,0.792401925,8.991673222,,3.186032295,0.936648789,
0.01,8,0.6,400,3,0.8,7.192719448,0.792404481,8.991034737,,3.186032295,0.936648789,
0.01,7,0.8,200,1,0.8,6.192577696,0.845985563,9.320661182,,3.186105886,0.936645862,
0.01,6,0.6,400,3,0.8,7.192873484,0.792395641,8.990909328,,3.186906769,0.936614008,
0.3,6,0.9,200,3,1,0.001316367,0.999999993,8.789723158,,3.188088465,0.936566992,
0.3,6,0.9,300,3,1,0.001176932,0.999999994,8.789749146,,3.188138093,0.936565018,
0.3,6,0.9,400,3,1,0.001101373,0.999999995,8.789804459,,3.188305527,0.936558354,
0.01,5,0.6,400,3,0.8,7.193433129,0.792363091,8.995324364,,3.188726206,0.936541612,
0.01,3,0.6,200,1,0.6,7.732866956,0.759251887,9.476280432,,3.189243108,0.936521037,
0.01,3,0.7,400,3,0.8,6.688558978,0.820477294,9.108721724,,3.192313469,0.936398752,
0.01,6,0.8,200,1,0.8,6.193207956,0.84595337,9.317042942,,3.19343306,0.936354133,
0.4,8,0.6,200,3,1,0.003061432,0.99999995,8.737122774,,3.195262963,0.936281171,
0.4,8,0.6,300,3,1,0.001091546,0.999999995,8.736259222,,3.195854002,0.936257596,
0.4,8,0.6,400,3,1,0.000982709,0.999999996,8.736203432,,3.195952543,0.936253665,
0.01,5,0.9,400,5,0.8,7.195528431,0.792249991,9.616495247,,3.197752731,0.936181832,
0.4,7,0.6,200,3,1,0.003118521,0.999999947,8.797240973,,3.197862019,0.93617747,
0.4,7,0.6,300,3,1,0.001082379,0.999999995,8.796449661,,3.198659575,0.936145631,
0.4,7,0.6,400,3,1,0.000970375,0.999999996,8.796456337,,3.198750913,0.936141984,
0.01,6,0.9,400,5,0.8,7.194557843,0.792304633,9.614906425,,3.20193081,0.936014958,
0.01,7,0.9,400,5,0.8,7.194561501,0.792304416,9.614906425,,3.20193081,0.936014958,
0.01,8,0.9,400,5,0.8,7.194561501,0.792304416,9.614906425,,3.20193081,0.936014958,
0.01,4,0.9,400,5,0.8,7.212323343,0.79129131,9.609284153,,3.205835069,0.935858823,
0.01,8,0.8,200,1,0.8,6.192681625,0.845980601,9.322133179,,3.207342832,0.935798475,
0.01,8,0.7,200,1,0.8,6.681805753,0.820671133,9.181950922,,3.216792316,0.935419616,
0.01,7,0.7,200,1,0.8,6.680104296,0.820758495,9.182075377,,3.219629978,0.935305628,
0.01,5,0.8,200,1,0.8,6.202445309,0.845490878,9.318724985,,3.225090542,0.935085996,
0.01,6,0.7,200,1,0.8,6.680936169,0.820716644,9.187601919,,3.225907725,0.935053096,
0.01,5,0.7,200,1,0.8,6.688311879,0.820319071,9.185355778,,3.227307882,0.934996705,
0.01,4,0.6,400,3,0.6,7.407023717,0.779598687,9.226703634,,3.227359384,0.93499463,
0.01,4,0.6,400,5,0.6,8.917111743,0.680704678,9.655926447,,3.229734225,0.934898927,
0.01,3,0.7,200,1,0.8,6.965202759,0.805041984,9.256623259,,3.232689412,0.934779738,
0.01,6,0.7,300,3,0.8,7.811480817,0.755204116,9.313298931,,3.233207151,0.934758846,
0.01,7,0.7,300,3,0.8,7.811420069,0.755207898,9.313707581,,3.233207151,0.934758846,
0.01,8,0.7,300,3,0.8,7.8114217,0.755207783,9.313707581,,3.233207151,0.934758846,
0.01,5,0.7,300,3,0.8,7.812176297,0.755161183,9.31473588,,3.234052186,0.934724738,
0.01,5,0.6,400,5,0.6,8.915906088,0.680786764,9.655164461,,3.238196724,0.934557327,
0.01,6,0.6,400,5,0.6,8.915928169,0.680785229,9.655199032,,3.238235307,0.934555767,
0.01,7,0.6,400,5,0.6,8.915930326,0.680785077,9.655205469,,3.238235307,0.934555767,
0.01,8,0.6,400,5,0.6,8.915930326,0.680785077,9.655205469,,3.238235307,0.934555767,
0.01,4,0.7,300,3,0.8,7.826886697,0.754237539,9.338893642,,3.242093383,0.934399732,
0.3,7,0.6,200,3,1,0.015225599,0.999998795,8.699917793,,3.246801369,0.934209071,
0.3,7,0.6,100,3,1,0.268755305,0.999695543,8.722944975,,3.247213742,0.934192358,
0.4,5,0.6,100,10,1,1.913593252,0.9852238,8.738400688,,3.248982918,0.934120631,
0.01,4,0.6,200,1,0.6,7.609459361,0.766953403,9.473027925,,3.249640381,0.934093966,
0.01,4,0.7,200,1,0.8,6.740090866,0.817518362,9.168356171,,3.250026855,0.934078289,
0.01,3,0.6,400,5,0.6,8.948803133,0.678431602,9.679257374,,3.253591636,0.933933597,
0.3,7,0.6,300,3,1,0.001916868,0.999999982,8.697933912,,3.256460733,0.933817028,
0.01,4,0.8,200,1,0.8,6.27590466,0.841791702,9.321701994,,3.256477927,0.933816329,
0.3,7,0.6,400,3,1,0.001131911,0.999999995,8.697763443,,3.256582181,0.933812091,
0.01,5,0.6,400,3,0.6,7.400281161,0.780007608,9.217133036,,3.256645116,0.933809533,
0.01,3,0.6,400,1,0.8,4.410005122,0.921705463,8.48576581,,3.258882529,0.933718552,
0.01,7,0.6,400,3,0.6,7.400142511,0.780015379,9.218932381,,3.259384138,0.933698146,
0.01,8,0.6,400,3,0.6,7.400142511,0.780015379,9.218932381,,3.259384138,0.933698146,
0.01,6,0.6,400,3,0.6,7.400126065,0.780016323,9.21894001,,3.259834015,0.933679842,
0.3,6,0.6,100,3,1,0.266598053,0.999699827,8.62562108,,3.263456795,0.933532352,
0.4,6,0.6,100,10,1,1.91101266,0.985261084,8.710728874,,3.266393486,0.933412674,
0.01,8,0.6,200,1,0.6,7.587541804,0.768303769,9.462381582,,3.269687311,0.933278313,
0.01,7,0.6,200,1,0.6,7.587547652,0.768303418,9.462387304,,3.26984071,0.933272052,
0.01,3,0.6,400,3,0.8,7.289846859,0.786704208,9.063426008,,3.270033926,0.933264166,
0.4,8,0.6,100,10,1,1.911193187,0.985259074,8.706852665,,3.277043673,0.932977745,
0.4,7,0.6,100,10,1,1.909403463,0.985290889,8.701791992,,3.27731887,0.932966488,
0.01,3,0.7,300,3,0.8,7.916480789,0.7485473,9.361578455,,3.277403043,0.932963045,
0.01,5,0.6,200,1,0.6,7.589574566,0.768180709,9.459238272,,3.281720921,0.93278629,
0.4,6,0.6,100,3,1,0.093953318,0.9999618,8.602832556,,3.283540008,0.932711755,
0.3,8,0.6,100,3,1,0.267516496,0.99969909,8.757995605,,3.290534905,0.932424763,
0.2,8,0.9,200,3,1,0.00247536,0.999999974,8.691535711,,3.291015867,0.932405007,
0.2,8,0.9,300,3,1,0.001304749,0.999999993,8.69167614,,3.291272546,0.932394463,
0.2,8,0.9,400,3,1,0.00119648,0.999999994,8.691785097,,3.291476319,0.932386091,
0.01,6,0.6,200,1,0.6,7.587477879,0.76830754,9.462493639,,3.295898372,0.932204292,
0.2,8,0.9,100,3,1,0.157495166,0.999898503,8.68753767,,3.29653557,0.932178076,
0.3,8,0.6,200,3,1,0.014211621,0.999998907,8.724871159,,3.298498685,0.932097275,
0.01,3,0.6,400,3,0.6,7.471316273,0.775727884,9.225990763,,3.300596905,0.932010859,
0.2,7,0.9,200,3,1,0.002708938,0.999999969,8.707352161,,3.302131196,0.931947635,
0.2,7,0.9,300,3,1,0.001311481,0.999999993,8.707876444,,3.302212357,0.93194429,
0.2,7,0.9,400,3,1,0.001192463,0.999999994,8.707988977,,3.302386328,0.931937119,
0.01,6,0.8,400,5,0.8,7.661866796,0.76459396,9.474171867,,3.303821851,0.931877933,
0.01,7,0.8,400,5,0.8,7.66182707,0.764596237,9.474675646,,3.303821851,0.931877933,
0.01,8,0.8,400,5,0.8,7.661827015,0.764596241,9.474675646,,3.303821851,0.931877933,
0.01,5,0.8,400,5,0.8,7.662275718,0.76456935,9.478369226,,3.304045471,0.931868711,
0.3,6,0.6,200,3,1,0.015352515,0.99999877,8.614949465,,3.305132393,0.931823878,
0.3,8,0.6,300,3,1,0.001837471,0.999999983,8.720619202,,3.30652202,0.931766537,
0.3,8,0.6,400,3,1,0.001127024,0.999999995,8.720406294,,3.306896812,0.931751068,
0.4,6,0.6,100,10,0.8,1.925678442,0.984988707,8.993777151,,3.307051835,0.931744669,
0.01,4,0.8,400,5,0.8,7.672204292,0.763958742,9.486427298,,3.308374637,0.931690054,
0.2,7,0.9,100,3,1,0.163547899,0.999889827,8.694728136,,3.308421821,0.931688106,
0.3,6,0.6,300,3,1,0.00189428,0.999999982,8.61365056,,3.314050258,0.931455477,
0.3,6,0.6,400,3,1,0.001151447,0.999999994,8.613427639,,3.314668944,0.931429883,
0.4,5,0.6,100,3,1,0.097679817,0.999958602,8.698504686,,3.320562136,0.931185842,
0.01,4,0.7,300,3,0.6,8.053263413,0.739651059,9.469511738,,3.324188868,0.931035442,
0.4,6,0.6,200,3,1,0.003321876,0.999999938,8.598109722,,3.324282225,0.931031568,
0.4,6,0.6,300,3,1,0.001096721,0.999999995,8.59741807,,3.326471454,0.930940699,
0.4,6,0.6,400,3,1,0.000980661,0.999999996,8.597403765,,3.326589435,0.9309358,
0.01,5,0.7,300,3,0.6,8.047047634,0.740056151,9.458819618,,3.337769792,0.930470784,
0.01,6,0.7,300,3,0.6,8.046982311,0.740060113,9.459112158,,3.338789244,0.930428305,
0.01,7,0.7,300,3,0.6,8.046982762,0.740060086,9.459105959,,3.338789244,0.930428305,
0.01,8,0.7,300,3,0.6,8.046982762,0.740060086,9.459105959,,3.338789244,0.930428305,
0.01,4,0.7,400,5,0.6,8.337993813,0.720979638,9.45611762,,3.339516663,0.930397986,
0.4,4,0.6,100,3,1,0.131296216,0.999923808,8.573263407,,3.348379426,0.930028062,
0.01,8,0.6,200,1,0.8,7.268945541,0.787563016,9.147583952,,3.348564298,0.930020335,
0.2,6,0.9,100,3,1,0.182736396,0.999860769,8.737708807,,3.348854195,0.930008218,
0.01,7,0.6,200,1,0.8,7.268731645,0.787576031,9.146180382,,3.349000377,0.930002107,
0.01,6,0.6,200,1,0.8,7.269131437,0.787553081,9.148795357,,3.353498733,0.929813939,
0.01,5,0.7,400,5,0.6,8.33496362,0.721184114,9.441566696,,3.353884325,0.929797798,
0.01,6,0.7,400,5,0.6,8.335178988,0.721169881,9.449689856,,3.354180055,0.929785417,
0.01,7,0.7,400,5,0.6,8.335179014,0.721169879,9.449691763,,3.354180055,0.929785417,
0.01,8,0.7,400,5,0.6,8.335179014,0.721169879,9.449691763,,3.354180055,0.929785417,
0.01,3,0.9,400,1,0.8,3.167049242,0.959517955,9.380618687,,3.357987169,0.929625935,
0.01,3,0.9,400,5,0.8,7.334366712,0.784172287,9.642232647,,3.360948059,0.929501776,
0.1,8,0.6,200,10,0.8,4.610980723,0.914364161,8.764346123,,3.361085005,0.929496031,
0.3,6,0.6,100,10,1,2.908741656,0.965964357,8.679499502,,3.363309612,0.929402671,
0.3,7,0.6,100,10,1,2.907369575,0.965995635,8.697451944,,3.363309612,0.929402671,
0.3,8,0.6,100,10,1,2.907350923,0.965996058,8.691265697,,3.363309612,0.929402671,
0.4,4,0.6,100,10,1,1.939626929,0.984801563,8.674978962,,3.365511073,0.929310221,
0.01,4,0.8,200,1,0.6,6.597838745,0.825030416,9.515656109,,3.368109449,0.929201026,
0.2,5,0.6,100,10,1,4.597320906,0.915155865,8.774958611,,3.372639082,0.929010468,
0.01,5,0.6,200,1,0.8,7.273872782,0.787273446,9.152909508,,3.37454269,0.928930309,
0.4,5,0.6,200,3,1,0.003514858,0.999999929,8.695943117,,3.374565516,0.928929347,
0.1,6,0.6,200,10,0.8,4.611310843,0.914352871,8.764360189,,3.375277506,0.928899354,
0.1,5,0.6,200,10,0.8,4.62434911,0.91387672,8.773253441,,3.376087208,0.928865237,
0.4,5,0.6,300,3,1,0.001102896,0.999999995,8.695356369,,3.376518273,0.928847071,
0.4,5,0.6,400,3,1,0.000965373,0.999999996,8.695354939,,3.376664603,0.928840903,
0.01,4,0.7,200,1,0.6,7.057010924,0.799799094,9.539201488,,3.377000952,0.928826726,
0.1,7,0.6,200,10,0.8,4.610982679,0.914364095,8.764330864,,3.37755651,0.928803307,
0.2,4,0.6,100,10,1,4.608200191,0.914745332,8.847771168,,3.379525945,0.928720254,
0.2,6,0.9,200,3,1,0.003869696,0.999999931,8.757532597,,3.388498206,0.928341272,
0.2,6,0.9,300,3,1,0.001353077,0.999999992,8.757462502,,3.388538311,0.928339576,
0.2,6,0.9,400,3,1,0.001213878,0.999999994,8.757551193,,3.388818481,0.928327725,
0.2,4,0.6,200,10,1,1.894898678,0.985312869,8.997259016,,3.396978243,0.927982158,
0.1,4,0.8,100,10,0.8,6.060809319,0.85258566,9.54716301,,3.399518805,0.927874395,
0.2,7,0.6,100,10,1,4.591859599,0.915361416,8.766498327,,3.401969649,0.927770361,
0.2,8,0.6,100,10,1,4.591857905,0.915361483,8.765072346,,3.401969649,0.927770361,
0.01,3,0.6,200,1,0.8,7.477642211,0.77515163,9.177946558,,3.404384026,0.927667802,
0.01,3,0.8,400,5,0.8,7.75426286,0.758852364,9.509620419,,3.40573639,0.927610324,
0.01,4,0.6,200,1,0.8,7.312189563,0.785014215,9.177675238,,3.406408365,0.927581755,
0.1,7,0.8,100,5,0.8,3.450516107,0.952165293,9.412462234,,3.407217554,0.927547345,
0.01,4,0.6,300,3,0.8,8.387334661,0.717700091,9.333928099,,3.408677114,0.927485258,
0.1,8,0.8,100,5,0.8,3.450187977,0.952173982,9.409624577,,3.409029863,0.927470249,
0.1,6,0.8,100,5,0.8,3.453049113,0.952095244,9.405275345,,3.410397247,0.927412053,
0.1,5,0.8,100,10,0.8,6.040766492,0.853562718,9.464758158,,3.413262684,0.927290024,
0.1,6,0.8,100,10,0.8,6.035604175,0.85380998,9.46202445,,3.413374147,0.927285275,
0.1,7,0.8,100,10,0.8,6.035523933,0.853813933,9.462088585,,3.413456511,0.927281766,
0.1,8,0.8,100,10,0.8,6.035523659,0.853813946,9.462088108,,3.413456511,0.927281766,
0.2,6,0.8,100,10,0.8,3.02204829,0.96322558,9.516421556,,3.413865165,0.927264354,
0.2,8,0.8,100,10,0.8,3.019965986,0.963276494,9.511451006,,3.414413623,0.927240981,
0.2,7,0.8,100,10,0.8,3.020272574,0.963267647,9.507378817,,3.414731911,0.927227415,
0.01,5,0.6,300,3,0.8,8.381259991,0.718113802,9.29976367,,3.415780148,0.92718273,
0.01,6,0.6,300,3,0.8,8.380923932,0.718135994,9.298329344,,3.416628547,0.927146553,
0.01,7,0.6,300,3,0.8,8.380832368,0.718141996,9.298690786,,3.416628547,0.927146553,
0.01,8,0.6,300,3,0.8,8.380832368,0.718141996,9.298690786,,3.416628547,0.927146553,
0.01,3,0.7,400,5,0.6,8.382412337,0.717988617,9.485513668,,3.417619299,0.927104295,
0.1,6,0.7,100,10,0.8,6.725003971,0.818527253,9.427731152,,3.417637623,0.927103513,
0.2,5,0.6,200,10,1,1.872883082,0.985674338,8.87065506,,3.41800505,0.927087838,
0.1,5,0.7,100,10,0.8,6.72754087,0.818396291,9.441393013,,3.418663925,0.927059726,
0.1,7,0.7,100,10,0.8,6.724990489,0.818527905,9.427672739,,3.418704098,0.927058011,
0.1,8,0.7,100,10,0.8,6.7249924,0.818527786,9.427666779,,3.418764119,0.92705545,
0.2,3,0.6,200,10,1,2.046476897,0.982917142,8.938124056,,3.418928935,0.927048417,
0.01,3,0.6,300,3,0.8,8.451857233,0.713302973,9.355869999,,3.419609813,0.927019357,
0.01,3,0.7,200,1,0.6,7.224651904,0.790108224,9.494137516,,3.419771478,0.927012457,
0.01,3,0.7,300,3,0.6,8.125435082,0.734927909,9.498215904,,3.421567372,0.926935778,
0.1,4,0.7,100,10,0.8,6.726688681,0.81845131,9.445334549,,3.423771949,0.926841594,
0.2,5,0.9,100,3,1,0.240420888,0.999753106,8.747000933,,3.424263753,0.926820575,
0.01,3,0.8,200,1,0.6,6.793507256,0.814447583,9.51101409,,3.428561463,0.926636768,
0.4,4,0.6,200,3,1,0.006220854,0.999999796,8.58673501,,3.433352509,0.926431591,
0.1,6,0.8,200,10,0.8,3.014634064,0.963406344,9.128056765,,3.433894433,0.926408365,
0.4,4,0.6,300,3,1,0.00121701,0.999999994,8.58693099,,3.436349177,0.926303112,
0.4,4,0.6,400,3,1,0.00104524,0.999999995,8.586990118,,3.43647515,0.926297709,
0.1,4,0.6,200,10,0.8,4.62780708,0.913747731,8.744458199,,3.437811677,0.926240368,
0.2,6,0.6,100,10,1,4.592266318,0.915347008,8.767310381,,3.439520676,0.926167016,
0.1,5,0.8,100,5,0.8,3.480492274,0.951330739,9.399776697,,3.440958436,0.926105276,
0.01,4,0.7,400,5,0.8,8.162804488,0.73279676,9.363827934,,3.442936716,0.926020285,
0.01,7,0.7,200,1,0.6,7.025972401,0.801572857,9.539952393,,3.443909334,0.925978481,
0.01,8,0.7,200,1,0.6,7.025917579,0.801575889,9.54000556,,3.443909334,0.925978481,
0.01,6,0.7,200,1,0.6,7.025931989,0.801575176,9.538938875,,3.443968288,0.925975947,
0.01,5,0.7,200,1,0.6,7.028622972,0.801422358,9.533775921,,3.449218364,0.925750086,
0.01,5,0.7,400,5,0.8,8.157328423,0.733154348,9.365951529,,3.453149079,0.92558076,
0.01,6,0.7,400,5,0.8,8.157098225,0.733168395,9.364606371,,3.453491089,0.925566018,
0.01,7,0.7,400,5,0.8,8.15709837,0.733168153,9.364605179,,3.453491089,0.925566018,
0.01,8,0.7,400,5,0.8,8.15709837,0.733168153,9.364605179,,3.453491089,0.925566018,
0.3,4,0.6,100,10,1,2.941665384,0.965171555,8.806587095,,3.454189382,0.925535914,
0.2,5,0.8,100,10,0.8,3.037852561,0.962872369,9.561123133,,3.456781873,0.925424096,
0.2,8,0.6,200,10,1,1.860227123,0.985874668,8.887989998,,3.457183841,0.925406751,
0.2,7,0.6,200,10,1,1.860942594,0.985864879,8.888858557,,3.457373764,0.925398555,
0.3,5,0.9,100,3,1,0.03816979,0.999993554,8.993721247,,3.457722627,0.925383499,
0.4,8,0.6,100,10,0.8,1.925215846,0.984991385,8.996693249,,3.458149009,0.925365096,
0.01,6,0.8,200,1,0.6,6.559844285,0.827065134,9.604847775,,3.459635136,0.925300934,
0.01,7,0.8,200,1,0.6,6.559850599,0.827064998,9.603714094,,3.459665735,0.925299612,
0.01,8,0.8,200,1,0.6,6.559848553,0.827065108,9.603723631,,3.459665735,0.925299612,
0.1,8,0.8,200,10,0.8,3.011761749,0.963482779,9.114109039,,3.460715302,0.925254281,
0.1,7,0.8,200,10,0.8,3.012527054,0.963463107,9.115051031,,3.460717927,0.925254168,
0.01,5,0.8,200,1,0.6,6.562371778,0.826930944,9.591190453,,3.461718479,0.925210941,
0.3,5,0.6,100,10,1,2.910252133,0.965929059,8.701985235,,3.466873041,0.924988051,
0.3,5,0.9,200,3,1,0.001397229,0.999999992,8.994560242,,3.472800128,0.924731346,
0.3,5,0.9,300,3,1,0.001176361,0.999999994,8.994589567,,3.47299855,0.924722744,
0.3,5,0.9,400,3,1,0.001099004,0.999999995,8.994643927,,3.473248618,0.924711903,
0.1,5,0.8,200,10,0.8,3.028749627,0.963056984,9.186031103,,3.476567697,0.924567942,
0.2,6,0.7,100,10,0.8,3.795352673,0.942019344,9.412451267,,3.478882376,0.924467464,
0.2,5,0.7,100,10,0.8,3.794774002,0.942028487,9.39044714,,3.47898595,0.924462967,
0.2,7,0.7,100,10,0.8,3.7922364,0.942111962,9.418804169,,3.47904471,0.924460415,
0.2,8,0.7,100,10,0.8,3.79214479,0.942114872,9.418739319,,3.47904471,0.924460415,
0.01,7,0.6,400,1,1,4.016982715,0.935148358,8.360350723,,3.495556641,0.923741675,
0.4,7,0.6,100,10,0.8,1.925207469,0.984991638,8.996107216,,3.50016955,0.923540274,
0.01,8,0.6,400,1,1,4.016118407,0.935177475,8.352042789,,3.502685307,0.923430323,
0.2,5,0.9,200,3,1,0.008115891,0.999999674,8.772706032,,3.505662941,0.923300084,
0.2,5,0.9,300,3,1,0.001455346,0.999999991,8.771640062,,3.505682152,0.923299243,
0.2,5,0.9,400,3,1,0.001236996,0.999999994,8.771748066,,3.50592221,0.923288738,
0.01,6,0.6,400,1,1,4.021394871,0.935004646,8.369808311,,3.51033969,0.923095303,
0.1,6,0.7,200,10,0.8,3.726810928,0.944089632,9.0898211,,3.514619004,0.922907686,
0.1,7,0.7,200,10,0.8,3.726717712,0.944095377,9.069881678,,3.51546276,0.922870666,
0.1,8,0.7,200,10,0.8,3.726721138,0.944095259,9.069957018,,3.515547799,0.922866935,
0.2,4,0.7,100,10,0.8,3.847789673,0.940410306,9.446600676,,3.520918834,0.922631068,
0.2,3,0.6,100,10,1,4.71579022,0.91074282,8.736430168,,3.522190222,0.922575183,
0.01,3,0.7,400,5,0.8,8.216299498,0.729255294,9.378276815,,3.538184254,0.921870424,
0.1,5,0.7,200,10,0.8,3.731835247,0.943944396,9.109769344,,3.542451128,0.92168187,
0.1,8,0.6,100,5,1,4.910913859,0.903260415,8.670448542,,3.545574854,0.921543688,
0.1,6,0.6,100,5,1,4.912710369,0.903190282,8.679361582,,3.546717278,0.92149312,
0.4,5,0.6,100,5,1,0.43908012,0.999198308,8.644373894,,3.550242858,0.921336965,
0.3,5,0.6,100,3,1,0.283766029,0.999658755,8.757251501,,3.551981894,0.921259882,
0.4,7,0.6,200,10,1,0.350136941,0.99947993,8.784364691,,3.555518243,0.921103017,
0.01,4,0.8,300,3,0.6,7.544736232,0.771519358,9.44802331,,3.568214017,0.920538572,
0.4,3,0.6,100,10,1,2.071386744,0.982704395,8.790163155,,3.569644245,0.920474859,
0.4,8,0.6,200,10,1,0.350569056,0.99947852,8.784677734,,3.570711171,0.920427314,
0.01,4,0.9,300,5,0.8,8.465763634,0.712559818,9.777159204,,3.571156146,0.92040748,
0.1,7,0.6,100,5,0.8,4.876295083,0.904412508,9.103512287,,3.571721878,0.920382261,
0.1,8,0.6,100,5,0.8,4.876226912,0.904415401,9.103568316,,3.57185271,0.920376428,
0.1,6,0.6,100,5,0.8,4.87573827,0.904433965,9.105489969,,3.572456109,0.920349523,
0.1,3,0.7,100,10,0.8,6.817186549,0.813530694,9.44794404,,3.578629377,0.920074011,
0.1,4,0.8,200,10,0.8,3.087483232,0.961608844,9.285666466,,3.581595834,0.919941449,
0.1,6,0.6,100,10,0.8,7.356408708,0.782909417,9.19207942,,3.583567974,0.919853259,
0.1,7,0.6,100,10,0.8,7.356406961,0.782909505,9.192086096,,3.583665825,0.919848882,
0.1,8,0.6,100,10,0.8,7.356406961,0.782909505,9.192086096,,3.583665825,0.919848882,
0.01,6,0.6,400,5,0.8,8.708953638,0.695723747,9.434022179,,3.585775884,0.919754468,
0.01,7,0.6,400,5,0.8,8.708965484,0.695722858,9.433980455,,3.585775884,0.919754468,
0.01,8,0.6,400,5,0.8,8.708965484,0.695722858,9.433980455,,3.585775884,0.919754468,
0.01,5,0.6,400,5,0.8,8.710209241,0.695634058,9.434589138,,3.586161148,0.919737224,
0.01,5,0.9,300,5,0.8,8.457628655,0.713109065,9.763526907,,3.586966857,0.919701154,
0.01,4,0.6,400,5,0.8,8.714299854,0.695350558,9.439833155,,3.587267303,0.919687702,
0.1,5,0.6,100,10,0.8,7.357236392,0.782857553,9.196528072,,3.589352073,0.919594326,
0.01,5,0.6,400,1,1,4.03851982,0.934445021,8.381080027,,3.591529391,0.919496748,
0.4,4,0.6,100,10,0.8,1.97363722,0.984216468,9.000958557,,3.591923226,0.919479092,
0.01,6,0.9,300,5,0.8,8.45712434,0.713142508,9.762500277,,3.593855523,0.919392435,
0.01,7,0.9,300,5,0.8,8.457124699,0.713142481,9.762500277,,3.593855523,0.919392435,
0.01,8,0.9,300,5,0.8,8.457124699,0.713142481,9.762500277,,3.593855523,0.919392435,
0.2,6,0.6,200,10,1,1.859939655,0.985873797,8.860372066,,3.595283423,0.919328369,
0.1,4,0.8,100,5,0.8,3.578847139,0.948563507,9.502851486,,3.596628766,0.919267983,
0.1,4,0.6,100,10,0.8,7.356235253,0.782935724,9.171301241,,3.60037235,0.919099834,
0.3,7,0.6,100,10,0.8,2.953317548,0.964831494,9.059540033,,3.603417785,0.918962915,
0.3,8,0.6,100,10,0.8,2.953323525,0.964831346,9.059580088,,3.60412587,0.918931064,
0.01,5,0.8,300,3,0.6,7.536310559,0.772032758,9.458512659,,3.604471269,0.918915525,
0.2,4,0.8,100,10,0.8,3.112844101,0.961013972,9.536142349,,3.60571699,0.918859469,
0.01,6,0.8,300,3,0.6,7.536572712,0.772015582,9.45580327,,3.605966209,0.918848252,
0.01,7,0.8,300,3,0.6,7.536573407,0.772015542,9.455800648,,3.605966209,0.918848252,
0.01,8,0.8,300,3,0.6,7.536573407,0.772015542,9.455800648,,3.605966209,0.918848252,
0.1,7,0.6,100,5,1,4.911845075,0.903224996,8.67678237,,3.608117359,0.9187514,
0.3,6,0.6,100,10,0.8,2.951591885,0.964875189,9.048204899,,3.609701417,0.918680044,
0.1,6,0.6,200,10,1,4.597180909,0.914827545,8.665015335,,3.610643064,0.918637611,
0.3,5,0.6,100,10,0.8,2.953949385,0.964825252,9.042631865,,3.611335036,0.918606422,
0.3,5,0.6,200,3,1,0.018608992,0.999998255,8.728196859,,3.612389467,0.918558885,
0.1,4,0.7,200,10,0.8,3.768749098,0.942814847,9.13649559,,3.620536291,0.918191132,
0.1,4,0.6,100,5,0.8,4.919060391,0.902732511,9.146492958,,3.62421219,0.918024928,
0.3,5,0.6,300,3,1,0.002209459,0.999999975,8.72901082,,3.625606842,0.917961825,
0.3,5,0.6,400,3,1,0.001174231,0.999999994,8.728781223,,3.626774516,0.917908974,
0.1,5,0.6,100,5,1,4.915530925,0.903073413,8.700304508,,3.634686697,0.917550403,
0.1,7,0.6,200,10,1,4.600377764,0.914718154,8.660825844,,3.637380118,0.917428162,
0.1,8,0.6,200,10,1,4.600375401,0.914718235,8.660824652,,3.637380118,0.917428162,
0.01,3,0.6,400,5,0.8,8.754382976,0.692519523,9.478606453,,3.639590725,0.917327766,
0.1,3,0.8,100,10,0.8,6.210446911,0.845261562,9.487112522,,3.640561082,0.917283677,
0.4,6,0.6,200,10,1,0.352313117,0.999474044,8.791903248,,3.643542367,0.917148148,
0.3,3,0.6,100,10,1,3.07045164,0.962081656,8.808665867,,3.643755896,0.917138436,
0.1,5,0.6,100,5,0.8,4.883396534,0.904142851,9.119490862,,3.646281563,0.917023526,
0.3,4,0.6,100,3,1,0.336067854,0.999525883,8.846429586,,3.653140669,0.916711054,
0.01,3,0.9,300,5,0.8,8.543786619,0.707217254,9.822663298,,3.653695974,0.916685731,
0.01,4,0.8,400,5,0.6,7.835294391,0.75362508,9.502761116,,3.654987156,0.916626836,
0.2,6,0.6,100,5,1,2.090503104,0.982391915,8.329741716,,3.657782797,0.916499245,
0.2,4,0.6,100,10,0.8,4.616229781,0.914329402,9.116451502,,3.658107778,0.916484407,
0.1,5,0.7,100,1,1,0.579483535,0.998634137,8.718897343,,3.668877469,0.915991933,
0.01,5,0.8,400,5,0.6,7.831098561,0.753890045,9.491572371,,3.669250943,0.915974829,
0.01,6,0.8,400,5,0.6,7.831097427,0.75389007,9.490057936,,3.669677557,0.915955289,
0.01,7,0.8,400,5,0.6,7.831097315,0.753890077,9.490056744,,3.669677557,0.915955289,
0.01,8,0.8,400,5,0.6,7.831097315,0.753890077,9.490056744,,3.669677557,0.915955289,
0.3,8,0.6,200,10,1,0.770859386,0.997536202,8.950067158,,3.682442339,0.915369582,
0.3,7,0.6,200,10,1,0.770342179,0.997538732,8.953510637,,3.683977434,0.915299008,
0.4,4,0.6,200,10,1,0.38640177,0.99936648,8.853752251,,3.684463248,0.915276667,
0.1,7,0.8,100,3,0.8,1.888146061,0.985657386,9.448341131,,3.685162598,0.915244501,
0.01,4,0.6,400,1,1,4.118183553,0.931821601,8.461922045,,3.686378325,0.915188571,
0.4,3,0.6,100,10,0.8,2.1494105,0.981272698,9.123443718,,3.687323285,0.915145084,
0.2,7,0.6,200,10,0.8,1.981984176,0.983967373,8.978887081,,3.687415886,0.915140822,
0.2,8,0.6,200,10,0.8,1.979657985,0.984001829,8.982859373,,3.687415886,0.915140822,
0.3,6,0.6,200,10,1,0.770092618,0.997543221,8.945261116,,3.68754421,0.915134916,
0.1,8,0.8,100,3,0.8,1.885057244,0.985705798,9.438357353,,3.688917139,0.915071711,
0.1,4,0.6,100,5,1,4.934834872,0.902307027,8.703322411,,3.693589164,0.914856451,
0.2,6,0.6,200,10,0.8,1.984493724,0.983936043,8.960059881,,3.695823664,0.914753402,
0.4,5,0.6,100,10,0.8,1.933975198,0.984860325,8.991194601,,3.697611523,0.914670905,
0.4,3,0.6,100,3,1,0.256249935,0.999706648,8.740962744,,3.699676646,0.914575566,
0.1,3,0.6,100,10,0.8,7.403295601,0.780093544,9.243131752,,3.702579121,0.914441479,
0.1,5,0.6,200,10,1,4.597063499,0.914840101,8.676344509,,3.703099383,0.914417433,
0.1,6,0.8,100,3,0.8,1.899443778,0.985485491,9.41298461,,3.704029477,0.914374436,
0.01,4,0.9,200,1,0.6,6.193535251,0.845749862,9.747883673,,3.704484841,0.914353382,
0.2,8,0.6,100,3,1,0.907817652,0.996621416,8.670350313,,3.716892153,0.913778714,
0.4,5,0.6,200,5,1,0.034014317,0.999993757,8.6452353,,3.717954026,0.913729442,
0.2,7,0.6,100,5,1,2.089079518,0.982414215,8.344781637,,3.719363151,0.913664036,
0.2,8,0.6,100,5,1,2.089198001,0.982410906,8.345133543,,3.71951629,0.913656926,
0.2,6,0.8,200,10,0.8,0.871066066,0.996889481,9.430634499,,3.720184715,0.91362589,
0.2,5,0.6,200,10,0.8,1.995316999,0.983772295,9.0305655,,3.720251465,0.913622791,
0.01,8,0.6,300,1,1,5.273943094,0.888205887,8.545587053,,3.721760327,0.913552711,
0.01,7,0.6,300,1,1,5.273862236,0.888208104,8.550419798,,3.72312645,0.913489236,
0.3,3,0.6,100,10,0.8,3.169579431,0.959463998,9.228110313,,3.724648579,0.913418485,
0.2,7,0.8,200,10,0.8,0.864200642,0.996940438,9.429028034,,3.725510625,0.913378403,
0.3,4,0.6,100,10,0.8,2.998163045,0.963790677,9.087605114,,3.725953264,0.913357818,
0.3,4,0.9,100,3,1,0.08995524,0.999964025,9.136316061,,3.726690262,0.913323539,
0.01,3,0.8,300,3,0.6,7.637604331,0.765831842,9.459976187,,3.727488295,0.913286413,
0.1,4,0.6,200,10,1,4.609166623,0.914402226,8.634275551,,3.728663425,0.91323173,
0.01,6,0.6,300,1,1,5.275516206,0.888138056,8.553664675,,3.729614569,0.913187457,
0.2,7,0.6,100,3,1,0.907578692,0.996623055,8.657407045,,3.729811255,0.9131783,
0.2,7,0.7,100,10,1,3.79726128,0.942044076,8.853636856,,3.731505105,0.913099424,
0.2,8,0.7,100,10,1,3.797117257,0.94204858,8.852856274,,3.731571742,0.91309632,
0.2,5,0.8,200,10,0.8,0.913198327,0.996583825,9.47083354,,3.731622416,0.91309396,
0.2,6,0.7,100,10,1,3.800398334,0.941950561,8.881805773,,3.732018653,0.913075503,
0.01,6,0.8,300,5,0.8,8.831263929,0.687252213,9.642244568,,3.732091393,0.913072114,
0.01,7,0.8,300,5,0.8,8.831264096,0.6872522,9.642244568,,3.732091393,0.913072114,
0.01,8,0.8,300,5,0.8,8.831264096,0.6872522,9.642244568,,3.732091393,0.913072114,
0.01,5,0.8,300,5,0.8,8.831375277,0.687244568,9.644745579,,3.732876933,0.913035517,
0.4,8,0.6,100,5,1,0.430742232,0.999228293,8.730778456,,3.733288715,0.913016329,
0.01,3,0.9,200,1,0.6,6.424198818,0.83407456,9.788362131,,3.73707418,0.912839841,
0.2,8,0.8,200,10,0.8,0.862184463,0.99695206,9.430491686,,3.739566405,0.91272355,
0.3,7,0.6,100,5,1,0.930526255,0.996469741,8.707105637,,3.740169659,0.912695389,
0.3,6,0.6,100,5,1,0.933201821,0.996436458,8.70162344,,3.741257596,0.912644592,
0.4,5,0.6,200,10,1,0.361421038,0.999445259,8.818744888,,3.742634486,0.912580281,
0.01,4,0.8,300,5,0.8,8.83694129,0.68685127,9.662309637,,3.742638987,0.912580071,
0.1,3,0.6,100,5,0.8,5.091471682,0.895761279,9.270255804,,3.744725333,0.912482579,
0.1,5,0.6,100,3,1,3.153066362,0.960033605,8.350553036,,3.744865752,0.912476015,
0.1,8,0.6,300,10,0.8,3.02526206,0.963129659,8.764840841,,3.747070208,0.912372941,
0.4,5,0.6,300,5,1,0.004565386,0.99999987,8.636008024,,3.752660646,0.912111276,
0.01,5,0.8,300,5,0.6,9.050833461,0.671262287,9.948174219,,3.753082173,0.91209153,
0.01,3,0.8,400,5,0.6,7.896802022,0.749716972,9.507812967,,3.753271165,0.912082676,
0.01,6,0.8,300,5,0.6,9.050814879,0.671263606,9.94811676,,3.753403604,0.912076472,
0.01,7,0.8,300,5,0.6,9.050814879,0.671263606,9.94811676,,3.753403604,0.912076472,
0.01,8,0.8,300,5,0.6,9.050814879,0.671263606,9.94811676,,3.753403604,0.912076472,
0.4,5,0.6,400,5,1,0.001457286,0.999999991,8.63436079,,3.754149806,0.912041509,
0.1,6,0.6,300,10,0.8,3.025167378,0.963133004,8.76394105,,3.75612947,0.911948718,
0.4,5,0.7,100,10,0.8,1.326582022,0.992863977,9.719397783,,3.756597364,0.91192678,
0.1,8,0.6,200,5,1,2.107721128,0.981980525,8.628100157,,3.758388154,0.91184279,
0.1,7,0.6,300,10,0.8,3.025217436,0.963130597,8.764784098,,3.758744614,0.911826067,
0.01,4,0.8,300,5,0.6,9.05485395,0.670975081,9.95939682,,3.763314501,0.911611533,
0.3,4,0.9,200,3,1,0.00157221,0.999999989,9.140191078,,3.76406638,0.911576211,
0.3,4,0.9,300,3,1,0.001216199,0.999999994,9.140132427,,3.764331082,0.911563774,
0.3,4,0.9,400,3,1,0.001125731,0.999999995,9.140226841,,3.764622397,0.911550085,
0.3,7,0.8,100,3,1,0.052253216,0.999988268,8.942668438,,3.765664686,0.911501101,
0.1,6,0.7,100,1,1,0.524808719,0.998884005,8.508250713,,3.766402543,0.911466416,
0.2,4,0.9,100,3,1,0.397056136,0.999337581,9.027934074,,3.773010875,0.911155471,
0.01,5,0.9,200,1,0.6,6.153924462,0.847721768,9.850282774,,3.775205979,0.911052063,
0.3,6,0.8,100,3,1,0.059095964,0.999984931,8.881677389,,3.775390552,0.911043365,
0.4,7,0.6,300,10,1,0.090954384,0.999962948,8.700482836,,3.775636922,0.911031755,
0.3,7,0.8,200,3,1,0.001362325,0.999999992,8.946993828,,3.776944174,0.910970137,
0.3,7,0.8,300,3,1,0.001117543,0.999999995,8.947230339,,3.777084925,0.910963501,
0.3,7,0.8,400,3,1,0.001049246,0.999999995,8.947194576,,3.777258526,0.910955316,
0.01,3,0.6,400,1,1,4.402156528,0.922003554,8.545274134,,3.777747386,0.910932266,
0.01,3,0.8,300,5,0.8,8.893334931,0.682807999,9.684772959,,3.78193324,0.910734778,
0.1,6,0.9,100,10,0.8,5.493896053,0.878751119,9.576249838,,3.782618061,0.910702447,
0.1,7,0.9,100,10,0.8,5.493949821,0.878748483,9.574943066,,3.782850717,0.910691462,
0.1,8,0.9,100,10,0.8,5.493949821,0.878748483,9.574943066,,3.782850717,0.910691462,
0.3,6,0.8,200,3,1,0.001424398,0.999999991,8.887106657,,3.784641499,0.910606885,
0.3,6,0.8,300,3,1,0.001135352,0.999999995,8.8873384,,3.785073016,0.910586499,
0.3,6,0.8,400,3,1,0.001065306,0.999999995,8.887345552,,3.785285787,0.910576447,
0.01,7,0.9,200,1,0.6,6.148904881,0.847968737,9.853780136,,3.785409954,0.91057058,
0.01,8,0.9,200,1,0.6,6.148896603,0.847969128,9.853775845,,3.785409954,0.91057058,
0.01,6,0.9,200,1,0.6,6.149154107,0.847956685,9.854411707,,3.785423206,0.910569954,
0.2,5,0.6,300,10,1,0.830973949,0.997163182,8.876950979,,3.787283487,0.910482034,
0.1,5,0.8,100,3,0.8,1.954106758,0.984637054,9.455466747,,3.787626776,0.910465805,
0.2,6,0.7,100,1,1,0.033796877,0.999995113,8.922294378,,3.788640062,0.910417894,
0.4,8,0.6,300,10,1,0.091117213,0.999962823,8.699100008,,3.789157182,0.910393438,
0.3,8,0.6,100,5,1,0.929590526,0.996475881,8.709333897,,3.790747827,0.91031819,
0.4,7,0.6,100,5,1,0.43176134,0.999224874,8.733217001,,3.791811638,0.910267848,
0.1,8,0.6,300,10,1,2.987558167,0.964026541,8.727091904,,3.792645946,0.910228356,
0.1,7,0.6,200,5,1,2.107827127,0.981978676,8.62888813,,3.795193604,0.91010771,
0.3,5,0.6,200,10,1,0.777370929,0.997491707,8.964258308,,3.796488385,0.910046363,
0.1,5,0.6,300,10,0.8,3.034610091,0.962900402,8.783250093,,3.797794685,0.90998445,
0.4,6,0.6,100,5,1,0.430365867,0.999230551,8.700161457,,3.799972232,0.909881196,
0.1,5,0.9,100,10,0.8,5.496592299,0.878642305,9.589628935,,3.805342278,0.909626307,
0.4,4,0.8,100,10,0.8,0.979571023,0.996076113,9.836235046,,3.805618361,0.909613193,
0.2,6,0.7,200,1,1,0.000946594,0.999999996,8.920843124,,3.80923335,0.909441394,
0.2,6,0.7,300,1,1,0.000825232,0.999999997,8.920900345,,3.809427389,0.909432167,
0.2,6,0.7,400,1,1,0.000786058,0.999999997,8.920884371,,3.809524504,0.90942755,
0.1,8,0.7,100,1,1,0.506348208,0.998963158,8.452950001,,3.810431779,0.909384403,
0.2,6,0.6,100,3,1,0.917458552,0.996552044,8.728688717,,3.81077958,0.90936786,
0.1,7,0.6,300,10,1,2.987598307,0.964025667,8.725590582,,3.811170355,0.909349272,
0.4,6,0.7,100,10,0.8,1.31764909,0.992950908,9.761223793,,3.81131243,0.909342513,
0.2,7,0.7,200,10,1,1.184870735,0.994292075,8.891463156,,3.811965298,0.909311451,
0.1,6,0.6,200,5,1,2.111565142,0.981915771,8.671694756,,3.812431301,0.909289277,
0.3,4,0.6,200,3,1,0.027315885,0.999996484,8.826762676,,3.814210081,0.909204611,
0.1,5,0.6,100,1,1,0.93656062,0.996426081,8.514502048,,3.814977262,0.909168082,
0.2,5,0.7,100,10,1,3.792776001,0.942179279,8.91106617,,3.815281822,0.909153579,
0.1,7,0.7,100,1,1,0.510018794,0.998948683,8.471312523,,3.815504763,0.909142962,
0.1,3,0.6,200,10,0.8,4.733549078,0.909768446,8.909477472,,3.820235202,0.908917534,
0.01,5,0.6,300,1,1,5.285219743,0.887723534,8.563616505,,3.821135325,0.908874608,
0.4,6,0.6,300,10,1,0.093432174,0.999960901,8.711477509,,3.823022694,0.908784566,
0.3,4,0.6,200,10,1,0.812157394,0.997253158,9.082618351,,3.826369187,0.908624805,
0.2,4,0.8,200,10,0.8,1.017962496,0.995736733,9.471436262,,3.827623493,0.908564889,
0.4,7,0.7,100,3,1,0.035149652,0.999994247,9.271249771,,3.827967872,0.908548435,
0.01,4,0.7,300,5,0.6,9.502915909,0.637552547,9.999275188,,3.829070908,0.908495723,
0.1,3,0.6,200,10,1,4.730857599,0.909879678,8.662041063,,3.82907222,0.908495661,
0.1,6,0.6,100,3,1,3.146451095,0.960194687,8.415792227,,3.829207256,0.908489206,
0.3,7,0.6,100,1,1,0.012628572,0.999999179,8.766730785,,3.831522171,0.908378529,
0.3,5,0.7,100,10,1,2.15092295,0.981379445,8.700001831,,3.831526451,0.908378324,
0.1,6,0.6,100,1,1,0.895942603,0.996734612,8.496233225,,3.831780781,0.90836616,
0.01,3,0.8,300,5,0.6,9.101130317,0.667587647,9.995895128,,3.832260504,0.908343215,
0.4,7,0.6,400,10,1,0.021997803,0.999997704,8.660249701,,3.832447175,0.908334285,
0.4,8,0.7,100,10,0.8,1.318284014,0.992939357,9.760971069,,3.83248655,0.908332402,
0.3,4,0.6,300,3,1,0.003125119,0.999999952,8.826414108,,3.833701848,0.908274256,
0.4,7,0.7,200,3,1,0.001260721,0.999999993,9.269030094,,3.833981266,0.908260885,
0.4,7,0.7,300,3,1,0.001030576,0.999999996,9.26914382,,3.834207403,0.908250062,
0.1,4,0.7,100,5,0.8,4.25602433,0.92720509,9.337277174,,3.834307609,0.908245267,
0.4,7,0.7,400,3,1,0.00097786,0.999999996,9.269113302,,3.834475281,0.908237242,
0.3,4,0.6,400,3,1,0.001215897,0.999999994,8.82623291,,3.835143583,0.908205253,
0.4,7,0.7,100,10,0.8,1.318405438,0.992938061,9.760784864,,3.835983987,0.908165018,
0.3,7,0.6,300,1,1,0.000720653,0.999999998,8.766947985,,3.836500237,0.908140298,
0.3,7,0.6,200,1,1,0.000815383,0.999999997,8.76705718,,3.83657385,0.908136773,
0.3,7,0.6,400,1,1,0.000693639,0.999999998,8.766987562,,3.83665705,0.908132788,
0.3,6,0.6,100,1,1,0.015046385,0.999998632,8.6205163,,3.838097477,0.908063794,
0.1,4,0.6,300,10,0.8,3.050309898,0.962525433,8.747809887,,3.838620262,0.908038748,
0.01,5,0.7,300,5,0.6,9.499730937,0.637799275,9.98892663,,3.840806713,0.907933957,
0.01,6,0.7,300,5,0.6,9.499640609,0.637805667,9.995631437,,3.840818608,0.907933386,
0.01,7,0.7,300,5,0.6,9.499639747,0.637805734,9.995632391,,3.840818608,0.907933386,
0.01,8,0.7,300,5,0.6,9.499639747,0.637805734,9.995632391,,3.840818608,0.907933386,
0.3,6,0.6,300,1,1,0.000749457,0.999999998,8.618041515,,3.841174794,0.90791631,
0.3,6,0.6,200,1,1,0.000848061,0.999999997,8.61804533,,3.84118753,0.907915699,
0.3,6,0.6,400,1,1,0.000711857,0.999999998,8.618055582,,3.841213586,0.90791445,
0.4,8,0.6,400,10,1,0.021803519,0.999997748,8.658887854,,3.841799533,0.907886354,
0.3,8,0.8,100,3,1,0.050006754,0.999989358,8.926250219,,3.843386912,0.907810218,
0.2,5,0.7,100,3,1,0.581210714,0.998610344,8.971264954,,3.843703612,0.907795024,
0.1,6,0.6,300,10,1,2.985816651,0.964064648,8.726929779,,3.843734699,0.907793533,
0.3,8,0.6,100,1,1,0.012679175,0.999999174,8.790373087,,3.844402576,0.907761487,
0.01,4,0.7,400,3,0.6,6.748384788,0.817153623,9.172829618,,3.845843212,0.907692344,
0.1,4,0.9,100,10,0.8,5.528792323,0.877201268,9.578372002,,3.847249989,0.907624801,
0.2,8,0.7,200,10,1,1.184738159,0.994295438,8.894767399,,3.847469408,0.907614263,
0.2,5,0.7,200,10,1,1.191655951,0.99422601,8.966040964,,3.848458301,0.907566767,
0.01,4,0.6,300,1,1,5.343928231,0.885209526,8.622265329,,3.849455295,0.907518868,
0.3,8,0.6,400,1,1,0.000703247,0.999999998,8.790603638,,3.850208975,0.907482651,
0.3,8,0.6,300,1,1,0.000730757,0.999999998,8.790555239,,3.850297263,0.907478408,
0.3,8,0.6,200,1,1,0.000832658,0.999999997,8.790638685,,3.85030615,0.907477981,
0.1,5,0.6,200,5,1,2.121877703,0.981740576,8.711140633,,3.851765106,0.907407851,
0.4,4,0.7,100,10,0.8,1.389941331,0.992159479,9.730933428,,3.85231848,0.907381244,
0.3,8,0.8,200,3,1,0.001367866,0.999999992,8.929845095,,3.854235746,0.90728903,
0.3,8,0.8,300,3,1,0.001107124,0.999999995,8.930153131,,3.854307494,0.907285578,
0.3,8,0.8,400,3,1,0.00104839,0.999999995,8.930136442,,3.854476419,0.907277451,
0.2,8,0.7,100,3,1,0.545189592,0.998779286,8.970893497,,3.855652863,0.907220842,
0.1,6,0.7,100,5,0.8,4.175398132,0.929944224,9.346438169,,3.856127635,0.907197992,
0.1,7,0.7,100,5,0.8,4.176495376,0.929909793,9.346942425,,3.856473179,0.907181359,
0.1,8,0.7,100,5,0.8,4.1764764,0.929910389,9.346730232,,3.856473179,0.907181359,
0.4,6,0.8,100,10,0.8,0.873571871,0.996897736,9.600758076,,3.858202895,0.907098078,
0.2,7,0.7,100,3,1,0.547410281,0.998769435,8.965829964,,3.858280815,0.907094325,
0.3,7,0.7,100,10,1,2.142663581,0.981516494,8.758983011,,3.863379933,0.906848594,
0.3,8,0.7,100,10,1,2.143187337,0.981508334,8.759186144,,3.863379933,0.906848594,
0.01,3,0.6,300,1,1,5.577520525,0.874877549,8.742997637,,3.86417457,0.906810271,
0.3,6,0.7,100,10,1,2.149737609,0.981398012,8.764586086,,3.864915689,0.906774521,
0.4,6,0.7,100,3,1,0.037238837,0.999993492,9.275717497,,3.865729508,0.906735257,
0.1,8,0.9,100,3,1,1.372739711,0.992404191,8.633846636,,3.866302834,0.90670759,
0.3,5,0.8,100,3,1,0.077984173,0.999974127,9.06867075,,3.866324374,0.906706551,
0.2,3,0.6,100,10,0.8,4.743206612,0.909620125,9.102376461,,3.868110173,0.906620349,
0.1,5,0.7,100,5,0.8,4.189507493,0.929475458,9.346402407,,3.868256617,0.906613278,
0.1,4,0.8,100,3,0.8,2.130081294,0.981722047,9.516071081,,3.868497133,0.906601665,
0.2,6,0.7,200,10,1,1.186810994,0.994275375,8.907117004,,3.869522907,0.906552127,
0.1,6,0.9,100,3,1,1.412946293,0.991944705,8.563132877,,3.869747888,0.906541261,
0.4,8,0.7,100,3,1,0.034916167,0.999994345,9.313469648,,3.870692145,0.906495645,
0.01,3,0.7,300,5,0.6,9.538708266,0.634810356,10.03747151,,3.870737289,0.906493464,
0.4,6,0.7,200,3,1,0.001272987,0.999999993,9.272422552,,3.873459898,0.906361876,
0.4,6,0.7,300,3,1,0.001051063,0.999999995,9.272657156,,3.873710819,0.906349744,
0.4,8,0.7,200,3,1,0.001258433,0.999999993,9.312080383,,3.873753845,0.906347664,
0.1,4,0.6,100,3,1,3.216670255,0.958383781,8.434044123,,3.873803841,0.906345246,
0.4,6,0.7,400,3,1,0.000983485,0.999999996,9.272641659,,3.873823048,0.906344318,
0.4,8,0.7,300,3,1,0.001034712,0.999999995,9.312275171,,3.87393772,0.906338773,
0.4,8,0.7,400,3,1,0.000972034,0.999999996,9.312258244,,3.874046469,0.906333514,
0.4,6,0.7,300,1,1,0.000686588,0.999999998,9.108333588,,3.874684601,0.906302654,
0.4,6,0.7,200,1,1,0.000713887,0.999999998,9.108359814,,3.874828442,0.906295697,
0.4,6,0.7,400,1,1,0.000670676,0.999999998,9.108348131,,3.874864891,0.906293935,
0.4,6,0.7,100,1,1,0.000876728,0.999999997,9.108371019,,3.874935122,0.906290538,
0.2,8,0.7,100,1,1,0.031080504,0.999995936,8.949967623,,3.875042852,0.906285327,
0.2,8,0.6,300,10,1,0.818159386,0.99725217,8.886025667,,3.875915809,0.906243099,
0.2,7,0.6,300,10,1,0.819397445,0.997244803,8.882694244,,3.875997265,0.906239158,
0.01,4,0.9,200,3,0.8,8.764136367,0.691844569,9.864920368,,3.876471851,0.906216196,
0.1,4,0.6,200,5,1,2.175654083,0.980779497,8.723193283,,3.879171512,0.906085524,
0.4,7,0.8,100,10,0.8,0.863567961,0.996963018,9.599636555,,3.879635333,0.906063065,
0.4,8,0.8,100,10,0.8,0.864767728,0.996954608,9.573173523,,3.879887962,0.906050831,
0.1,3,0.7,100,5,0.8,4.50334194,0.918480411,9.478858232,,3.880043133,0.906043316,
0.4,6,0.6,400,10,1,0.022276996,0.999997673,8.670827379,,3.881639156,0.905966003,
0.1,5,0.7,200,1,1,0.052733806,0.999987713,8.768977165,,3.883114592,0.905894504,
0.1,7,0.9,100,3,1,1.378633809,0.992339471,8.591906662,,3.883944213,0.905854289,
0.01,6,0.9,200,3,0.8,8.751777246,0.6927155,9.828708639,,3.884432445,0.905830618,
0.01,7,0.9,200,3,0.8,8.751774944,0.692715616,9.828477612,,3.884432445,0.905830618,
0.01,8,0.9,200,3,0.8,8.751774944,0.692715616,9.828477612,,3.884432445,0.905830618,
0.2,4,0.6,300,10,1,0.85857729,0.99695694,8.989871855,,3.884511867,0.905826767,
0.2,6,0.7,100,3,1,0.552261063,0.998747008,9.005498524,,3.884604583,0.905822271,
0.01,5,0.9,400,10,0.8,9.287922045,0.653885173,10.07068943,,3.885190992,0.905793836,
0.01,6,0.9,400,10,0.8,9.28794755,0.653883284,10.07188248,,3.885195775,0.905793604,
0.01,7,0.9,400,10,0.8,9.287947674,0.653883275,10.071882,,3.885195775,0.905793604,
0.01,8,0.9,400,10,0.8,9.287947674,0.653883275,10.071882,,3.885195775,0.905793604,
0.01,5,0.7,400,3,0.6,6.738441067,0.817698874,9.172352066,,3.88773525,0.905670412,
0.2,7,0.6,100,5,0.8,2.118304853,0.981829237,8.820623636,,3.888126077,0.905651445,
0.1,3,0.8,100,5,0.8,3.913483812,0.938441679,9.566004038,,3.888325711,0.905641756,
0.2,8,0.6,100,5,0.8,2.114020804,0.981903163,8.836758614,,3.888403124,0.905637999,
0.01,6,0.7,400,3,0.6,6.738270377,0.817707945,9.172625532,,3.888754509,0.905620944,
0.01,7,0.7,400,3,0.6,6.738266881,0.817708108,9.172623863,,3.888754509,0.905620944,
0.01,8,0.7,400,3,0.6,6.738266881,0.817708108,9.172623863,,3.888754509,0.905620944,
0.3,7,0.7,100,10,0.8,2.215273381,0.980230677,9.299728394,,3.889318454,0.905593568,
0.3,8,0.7,100,10,0.8,2.214735526,0.980239717,9.299411058,,3.889408643,0.90558919,
0.01,5,0.9,200,3,0.8,8.752431622,0.692668114,9.831826677,,3.889429028,0.9055882,
0.2,8,0.7,200,1,1,0.000930313,0.999999996,8.952549934,,3.889948413,0.905562983,
0.3,6,0.7,100,10,0.8,2.220195032,0.980130272,9.302611113,,3.890025343,0.905559248,
0.2,6,0.6,100,5,0.8,2.118041486,0.981834434,8.834438562,,3.890030781,0.905558984,
0.2,8,0.7,300,1,1,0.000819027,0.999999997,8.952584028,,3.890053716,0.90555787,
0.2,8,0.7,400,1,1,0.000782353,0.999999997,8.952550173,,3.890152982,0.90555305,
0.2,4,0.7,100,10,1,3.826278406,0.941151862,8.922726269,,3.891488383,0.905488196,
0.01,7,0.7,400,1,1,3.255680684,0.957422484,8.458084574,,3.893933918,0.905369371,
0.4,8,0.6,200,5,1,0.030901558,0.999994918,8.724762678,,3.896577504,0.905240838,
0.2,4,0.7,100,3,1,0.677628983,0.998098838,9.086144209,,3.897894513,0.905176771,
0.1,5,0.9,100,3,1,1.487871864,0.99107,8.696953173,,3.898506442,0.905146996,
0.01,8,0.7,400,1,1,3.253495886,0.957478164,8.450663557,,3.898929648,0.905126402,
0.2,5,0.6,100,3,1,0.926464343,0.996469367,8.862315416,,3.900670427,0.905041665,
0.3,3,0.7,100,10,0.8,2.529762251,0.974200999,9.415687084,,3.902724982,0.904941606,
0.3,5,0.8,200,3,1,0.00156384,0.99999999,9.081268787,,3.903044652,0.904926033,
0.3,5,0.8,300,3,1,0.001113045,0.999999995,9.081512928,,3.903941214,0.90488235,
0.3,5,0.8,400,3,1,0.001040376,0.999999996,9.081495762,,3.904268802,0.904866386,
0.01,4,0.9,400,10,0.8,9.289232684,0.653787867,10.06175589,,3.904577676,0.904851333,
0.3,5,0.6,100,5,1,0.94468195,0.996358996,8.726066589,,3.90458037,0.904851202,
0.4,3,0.6,200,3,1,0.020285577,0.999997828,8.787224531,,3.904853165,0.904837906,
0.4,7,0.6,200,5,1,0.03098755,0.999994916,8.73161459,,3.905074203,0.904827132,
0.01,4,0.9,200,3,0.6,8.98709494,0.67572018,9.982378702,,3.906210285,0.904771748,
0.2,3,0.7,100,10,0.8,4.058613798,0.933742375,9.511733532,,3.907688492,0.904699661,
0.01,4,0.7,300,5,0.8,9.275041052,0.654963917,9.59921669,,3.909647279,0.904604095,
0.01,5,0.7,300,5,0.8,9.271678429,0.655211029,9.591099014,,3.910304005,0.904572044,
0.01,6,0.7,300,5,0.8,9.271324212,0.655236383,9.591545334,,3.91051398,0.904561795,
0.01,7,0.7,300,5,0.8,9.271337595,0.655235244,9.591545811,,3.91051398,0.904561795,
0.01,8,0.7,300,5,0.8,9.271337595,0.655235244,9.591545811,,3.91051398,0.904561795,
0.1,3,0.6,100,5,1,5.070547887,0.896885533,8.709785223,,3.912020072,0.904488267,
0.4,8,0.6,300,5,1,0.004105191,0.999999898,8.714389563,,3.914227451,0.904380451,
0.4,6,0.6,200,5,1,0.031416913,0.999995066,8.704031467,,3.914256373,0.904379038,
0.1,5,0.7,300,1,1,0.005314246,0.99999987,8.777069569,,3.915561676,0.904315253,
0.4,8,0.6,400,5,1,0.00139973,0.999999992,8.712841272,,3.915881461,0.904299623,
0.1,5,0.6,300,10,1,2.986586621,0.964046502,8.727280254,,3.915918595,0.904297808,
0.1,5,0.7,400,1,1,0.001090748,0.999999995,8.777906418,,3.916597067,0.904264642,
0.4,3,0.6,300,3,1,0.002221493,0.999999975,8.787179708,,3.918793677,0.904157227,
0.4,3,0.6,400,3,1,0.001151935,0.999999994,8.786957026,,3.919567315,0.904119381,
0.1,4,0.7,100,1,1,0.764067039,0.997602365,8.701187611,,3.924627566,0.903871653,
0.4,7,0.6,300,5,1,0.004131668,0.999999897,8.719918013,,3.924680157,0.903869077,
0.1,6,0.7,100,3,0.8,2.499477059,0.974824209,9.348391533,,3.92631005,0.903789215,
0.4,7,0.6,400,5,1,0.001402278,0.999999992,8.718188524,,3.92633257,0.903788111,
0.3,5,0.7,100,10,0.8,2.227371561,0.979999821,9.281330585,,3.926605687,0.903774726,
0.01,5,0.7,400,1,1,3.298067227,0.956292685,8.480485668,,3.929376122,0.903638893,
0.2,5,0.6,100,1,1,0.1151898,0.999943815,8.646733999,,3.929491226,0.903633248,
0.3,4,0.7,100,10,1,2.196963022,0.980560795,8.737824793,,3.930061076,0.903605296,
0.1,5,0.7,100,3,0.8,2.531265527,0.974168944,9.347486496,,3.930250326,0.903596012,
0.01,4,0.7,400,1,1,3.416608863,0.953079521,8.552704802,,3.931345299,0.903542288,
0.4,4,0.7,100,3,1,0.063144624,0.999982537,9.233846426,,3.932793437,0.903471213,
0.01,6,0.7,400,1,1,3.264585934,0.957187519,8.468677988,,3.934238282,0.903400274,
0.2,7,0.7,100,1,1,0.031661087,0.999995799,8.944772243,,3.93428021,0.903398215,
0.4,6,0.6,300,5,1,0.004063411,0.999999906,8.694411755,,3.93495204,0.90336522,
0.2,6,0.9,100,1,1,0.00401189,0.999999929,8.693172932,,3.935403679,0.903343036,
0.3,8,0.6,300,10,1,0.249472732,0.999739072,8.915171976,,3.935850963,0.903321063,
0.1,8,0.7,100,3,0.8,2.491814177,0.97497828,9.345025301,,3.93640536,0.903293825,
0.1,7,0.7,100,3,0.8,2.492648551,0.974960744,9.345562935,,3.936558637,0.903286294,
0.4,6,0.6,400,5,1,0.001386242,0.999999992,8.692894459,,3.936630705,0.903282753,
0.2,5,0.6,100,5,1,2.096286028,0.982262794,8.43550539,,3.936727464,0.903277999,
0.2,6,0.9,200,1,1,0.001017441,0.999999996,8.693714619,,3.937048458,0.903262225,
0.2,6,0.9,300,1,1,0.000940183,0.999999996,8.693728209,,3.937113781,0.903259015,
0.2,6,0.9,400,1,1,0.000898691,0.999999997,8.693763256,,3.937209005,0.903254335,
0.2,4,0.9,100,1,1,0.035104702,0.99999423,9.036659241,,3.940601017,0.903087565,
0.1,7,0.6,100,1,1,0.887365102,0.996799831,8.452423573,,3.946658883,0.90278937,
0.1,8,0.6,100,1,1,0.886757291,0.996805658,8.466441393,,3.948502185,0.902698544,
0.01,3,0.7,300,5,0.8,9.318659523,0.65168546,9.61129426,,3.949836866,0.902632753,
0.01,5,0.9,200,3,0.6,8.978745645,0.676324935,10.01540028,,3.950856496,0.902582476,
0.4,4,0.6,100,5,1,0.480116505,0.999040116,8.793282986,,3.952219669,0.90251524,
0.2,7,0.7,200,1,1,0.000919665,0.999999996,8.941748619,,3.95286668,0.90248332,
0.01,6,0.9,200,3,0.6,8.97890682,0.676314482,10.01490437,,3.952877986,0.902482762,
0.01,7,0.9,200,3,0.6,8.97890682,0.676314482,10.01490437,,3.952877986,0.902482762,
0.01,8,0.9,200,3,0.6,8.97890682,0.676314482,10.01490437,,3.952877986,0.902482762,
0.2,7,0.7,300,1,1,0.000808703,0.999999997,8.941742659,,3.953122981,0.902470673,
0.2,7,0.7,400,1,1,0.000777048,0.999999998,8.941687584,,3.953152009,0.902469241,
0.3,3,0.6,200,10,1,0.959425331,0.996190333,9.077815409,,3.955181953,0.902369051,
0.2,5,0.7,200,10,0.8,1.305305126,0.993055079,9.198676109,,3.956762372,0.902291013,
0.2,4,0.9,200,3,1,0.022475734,0.999997432,9.066512346,,3.958062508,0.90222679,
0.1,7,0.8,200,5,1,0.948665191,0.996346843,8.458903904,,3.95846981,0.902206667,
0.01,4,0.9,300,5,0.6,8.649078164,0.699693079,9.971510391,,3.958961635,0.902182364,
0.4,4,0.8,200,10,0.8,0.178983667,0.99985932,9.8757689,,3.959871388,0.902137403,
0.2,4,0.9,200,1,1,0.001117965,0.999999995,9.038666964,,3.961434733,0.902060116,
0.2,4,0.9,300,1,1,0.000994942,0.999999996,9.038681984,,3.961447434,0.902059488,
0.2,4,0.9,400,1,1,0.000927839,0.999999996,9.038715124,,3.961575058,0.902053177,
0.01,3,0.9,200,3,0.6,9.063716506,0.670176,10.05062435,,3.961580698,0.902052898,
0.4,7,0.9,100,3,1,0.00236251,0.999999976,9.456432581,,3.962618118,0.902001593,
0.1,6,0.7,200,1,1,0.038234599,0.999993687,8.524991274,,3.962810613,0.901992072,
0.4,7,0.9,200,3,1,0.001163323,0.999999994,9.456732512,,3.963342197,0.901965776,
0.4,7,0.9,300,3,1,0.001075213,0.999999995,9.456778526,,3.963437375,0.901961067,
0.4,7,0.9,400,3,1,0.001023639,0.999999996,9.456822395,,3.963617577,0.901952152,
0.4,4,0.7,200,3,1,0.001639037,0.999999988,9.235419989,,3.966700269,0.90179958,
0.01,6,0.9,300,5,0.6,8.64369811,0.700067557,9.968336325,,3.966820101,0.901793647,
0.01,7,0.9,300,5,0.6,8.64369811,0.700067557,9.968336325,,3.966820101,0.901793647,
0.01,8,0.9,300,5,0.6,8.64369811,0.700067557,9.968336325,,3.966820101,0.901793647,
0.01,5,0.9,300,5,0.6,8.643693374,0.700067806,9.967337351,,3.966873889,0.901790983,
0.4,4,0.7,300,3,1,0.001065404,0.999999995,9.23571372,,3.967324603,0.901768665,
0.4,4,0.7,400,3,1,0.00099274,0.999999996,9.235824108,,3.967435047,0.901763196,
0.3,4,0.7,100,10,0.8,2.293963053,0.978806013,9.386738539,,3.967957533,0.90173732,
0.2,4,0.9,300,3,1,0.001879143,0.999999985,9.062897205,,3.968092112,0.901730654,
0.2,4,0.9,400,3,1,0.001352354,0.999999992,9.063121557,,3.968361801,0.901717296,
0.1,5,0.9,100,1,0.8,0.299516257,0.999624053,9.340854883,,3.968887408,0.901691259,
0.01,3,0.7,400,3,0.6,6.844574916,0.811870818,9.206480017,,3.969789286,0.901646576,
0.01,4,0.8,200,3,0.6,9.373424308,0.647324922,10.00214909,,3.970797847,0.901596594,
0.1,8,0.7,200,1,1,0.032306551,0.999995563,8.45999217,,3.971323985,0.901570515,
0.1,6,0.8,200,5,1,0.95776245,0.996278625,8.502049322,,3.971610602,0.901556307,
0.01,3,0.9,200,3,0.8,8.860220305,0.685017952,9.852720966,,3.973825583,0.901446472,
0.01,4,0.9,300,3,0.6,7.108831352,0.79704244,9.598620529,,3.975856103,0.901345729,
0.1,4,0.8,100,1,1,0.606221712,0.998486868,8.80162859,,3.976490549,0.901314241,
0.1,7,0.7,200,1,1,0.033590529,0.999995186,8.486918926,,3.976752585,0.901301235,
0.01,3,0.9,400,10,0.8,9.33172109,0.650588749,10.06072902,,3.97710584,0.901283699,
0.1,6,0.7,300,1,1,0.003490293,0.999999945,8.528962851,,3.9784281,0.901218048,
0.1,6,0.7,400,1,1,0.001025938,0.999999996,8.529545307,,3.979286424,0.90117542,
0.1,7,0.6,100,3,1,3.146209367,0.960197438,8.411325216,,3.980516729,0.901114302,
0.1,8,0.6,100,3,1,3.144417757,0.960248011,8.401618958,,3.980516729,0.901114302,
0.3,7,0.6,300,10,1,0.248997707,0.999739976,8.917875404,,3.980746822,0.90110287,
0.4,6,0.8,200,10,0.8,0.125219414,0.999932058,9.658322334,,3.983126815,0.900984578,
0.01,6,0.8,200,3,0.6,9.367534878,0.647771557,9.987270813,,3.983173045,0.90098228,
0.01,7,0.8,200,3,0.6,9.367534738,0.647771567,9.987270575,,3.983173045,0.90098228,
0.01,8,0.8,200,3,0.6,9.367534738,0.647771567,9.987270575,,3.983173045,0.90098228,
0.01,5,0.8,200,3,0.6,9.367447633,0.647779994,9.98972271,,3.983209666,0.900980459,
0.2,5,0.6,200,1,1,0.003671818,0.999999921,8.647569656,,3.98450668,0.900915963,
0.1,5,0.8,200,5,1,0.99952896,0.995946898,8.526306152,,3.984887964,0.900896999,
0.3,6,0.6,300,10,1,0.250126965,0.999736764,8.913028831,,3.986188043,0.900832323,
0.2,5,0.6,300,1,1,0.000899174,0.999999997,8.647050619,,3.986286193,0.90082744,
0.2,8,0.7,200,3,1,0.039275826,0.999992847,8.947988625,,3.986495174,0.900817041,
0.4,5,0.8,100,10,0.8,0.895049105,0.996734771,9.538547277,,3.986505025,0.900816551,
0.2,5,0.6,400,1,1,0.00080339,0.999999997,8.647100925,,3.986623663,0.900810647,
0.2,4,0.6,100,5,1,2.139955304,0.981524537,8.501378298,,3.988128657,0.900735743,
0.1,8,0.8,200,5,1,0.944918346,0.99637641,8.445840473,,3.988204158,0.900731985,
0.1,8,0.7,300,1,1,0.002881198,0.999999963,8.461407185,,3.988322579,0.90072609,
0.1,8,0.7,400,1,1,0.000970581,0.999999996,8.461827278,,3.989268896,0.900678974,
0.1,8,0.9,200,3,1,0.158487947,0.999897307,8.47674119,,3.990251462,0.900630042,
0.1,4,0.6,300,10,1,3.003413166,0.963646528,8.714271183,,3.991564852,0.900564616,
0.3,6,0.6,200,5,1,0.106954763,0.999948082,8.720659256,,3.993848699,0.900450796,
0.4,7,0.8,200,10,0.8,0.120001064,0.999937076,9.655701876,,3.994377144,0.900424451,
0.1,7,0.7,300,1,1,0.002967145,0.99999996,8.487801313,,3.994755794,0.900405571,
0.1,3,0.7,200,10,0.8,3.962917753,0.936776929,9.160342455,,3.994975908,0.900394595,
0.1,7,0.7,400,1,1,0.000978145,0.999999996,8.48818326,,3.995926992,0.900347164,
0.2,6,0.7,200,10,0.8,1.298748269,0.993123553,9.198860168,,3.999120861,0.900187799,
0.1,6,0.8,200,5,0.8,1.073208194,0.995312296,9.295811176,,4.000741715,0.900106874,
0.2,3,0.7,100,10,1,4.020932701,0.935043693,9.032905455,,4.002473464,0.900020376,
0.4,4,0.8,400,10,0.8,0.004900865,0.999999891,9.874701262,,4.003199832,0.899984085,
0.4,3,0.6,200,10,1,0.511549406,0.998893872,8.966837997,,4.004094045,0.899939398,
0.4,6,0.8,400,10,0.8,0.003221283,0.999999955,9.662613153,,4.004776375,0.899905292,
0.1,3,0.9,100,10,0.8,5.74665704,0.867356647,9.608163118,,4.005552271,0.899866503,
0.4,6,0.8,300,10,0.8,0.020236038,0.999998159,9.663206577,,4.005693616,0.899859436,
0.4,4,0.8,300,10,0.8,0.031919038,0.99999541,9.874724388,,4.0066048,0.899813873,
0.1,7,0.9,200,3,1,0.163875285,0.999889585,8.423004503,,4.006734118,0.899807405,
0.2,8,0.7,300,3,1,0.003912262,0.999999926,8.945006723,,4.007943724,0.899746901,
0.1,7,0.8,200,5,0.8,1.056210829,0.99546354,9.275989056,,4.008578768,0.899715129,
0.2,8,0.7,400,3,1,0.001311157,0.999999993,8.944615479,,4.009261013,0.89968099,
0.3,4,0.6,100,5,1,0.996577556,0.995941471,8.729018927,,4.009378848,0.899675093,
0.2,7,0.7,200,3,1,0.039590133,0.999992766,8.941204901,,4.013612232,0.899463121,
0.01,5,0.9,300,3,0.6,7.099128725,0.797591742,9.674302454,,4.015608757,0.899363075,
0.4,5,0.6,300,10,1,0.095338538,0.999958615,8.745331039,,4.016970715,0.899294798,
0.1,5,0.9,400,1,0.8,0.001184924,0.999999994,9.406483889,,4.017376115,0.89927447,
0.1,5,0.9,300,1,0.8,0.001584201,0.999999989,9.406322241,,4.017557585,0.89926537,
0.4,8,0.9,100,3,1,0.002234483,0.999999978,9.465626001,,4.017688285,0.899258816,
0.4,8,0.9,200,3,1,0.001132082,0.999999995,9.465628386,,4.018083823,0.899238979,
0.01,6,0.9,300,3,0.6,7.099261371,0.797584361,9.67418849,,4.018166509,0.899234832,
0.01,7,0.9,300,3,0.6,7.09926013,0.797584426,9.674189444,,4.018166509,0.899234832,
0.01,8,0.9,300,3,0.6,7.099260919,0.797584381,9.674188013,,4.018166509,0.899234832,
0.4,8,0.9,300,3,1,0.001050613,0.999999995,9.465672493,,4.018297783,0.899228248,
0.1,8,0.8,200,5,0.8,1.054616174,0.995475001,9.285957575,,4.018421353,0.89922205,
0.4,8,0.9,400,3,1,0.00100637,0.999999996,9.46573782,,4.018476619,0.899219278,
0.1,8,0.9,300,3,1,0.019522145,0.999998425,8.481425638,,4.0193989,0.899173012,
0.1,5,0.9,200,1,0.8,0.018155128,0.999998596,9.406724453,,4.020800086,0.899102702,
0.4,7,0.8,400,10,0.8,0.003175123,0.999999956,9.661725521,,4.02153339,0.899065896,
0.2,7,0.7,200,10,0.8,1.298193796,0.993124941,9.206989765,,4.022090036,0.899037952,
0.2,8,0.7,200,10,0.8,1.297477615,0.993133049,9.218971491,,4.02264451,0.899010113,
0.4,7,0.8,300,10,0.8,0.019234243,0.999998346,9.662041426,,4.022755876,0.899004522,
0.1,8,0.9,400,3,1,0.002677126,0.99999997,8.482520456,,4.023224556,0.898980987,
0.2,8,0.6,200,3,1,0.105802075,0.999948893,8.719874859,,4.023978877,0.898943103,
0.1,8,0.8,100,5,1,3.400924518,0.953525409,8.700476522,,4.024721337,0.898905808,
0.4,8,0.8,200,10,0.8,0.119095657,0.999938306,9.632916212,,4.024815994,0.898901052,
0.1,7,0.8,100,5,1,3.403616347,0.953450636,8.708922739,,4.024839384,0.898899877,
0.2,6,0.6,300,10,1,0.819051208,0.997245727,8.893120766,,4.024845348,0.898899578,
0.2,4,0.6,100,3,1,1.021961548,0.99569827,8.951840162,,4.025667718,0.898858259,
0.01,4,0.6,300,5,0.6,10.00470065,0.598083484,10.17725418,,4.029142674,0.898683573,
0.4,7,0.6,100,1,1,0.002288406,0.999999967,7.699133959,,4.03008249,0.898636302,
0.4,7,0.6,400,1,1,0.000671173,0.999999998,7.698814001,,4.030926155,0.898593858,
0.4,7,0.6,300,1,1,0.000694817,0.999999998,7.698717442,,4.030989859,0.898590653,
0.4,7,0.6,200,1,1,0.000746583,0.999999998,7.69876298,,4.031121584,0.898584025,
0.2,7,0.8,300,10,0.8,0.297954327,0.999626774,9.506127596,,4.031240066,0.898578064,
0.4,8,0.6,100,1,1,0.00229661,0.999999967,7.761229124,,4.033013481,0.898488809,
0.4,8,0.6,400,1,1,0.000661705,0.999999998,7.760940161,,4.034104829,0.898433863,
0.4,8,0.6,300,1,1,0.000689883,0.999999998,7.760910835,,4.03414292,0.898431945,
0.4,8,0.6,200,1,1,0.000751437,0.999999998,7.760895815,,4.034185744,0.898429789,
0.1,6,0.8,100,5,1,3.409255086,0.953292838,8.705450888,,4.034398012,0.8984191,
0.2,8,0.8,300,10,0.8,0.295515054,0.999632166,9.525862455,,4.036447015,0.898315891,
0.1,3,0.8,200,10,0.8,3.385161196,0.953892842,9.178817987,,4.037668489,0.89825434,
0.01,3,0.6,300,5,0.6,10.0297035,0.596071704,10.18852375,,4.038667738,0.898203974,
0.2,7,0.7,300,3,1,0.003956582,0.999999924,8.939879293,,4.038894771,0.898192529,
0.3,8,0.6,200,5,1,0.107241075,0.999947784,8.736200094,,4.039010734,0.898186682,
0.2,7,0.7,400,3,1,0.001312324,0.999999993,8.939561958,,4.039845093,0.898144614,
0.2,7,0.6,200,3,1,0.106121908,0.999948998,8.676137924,,4.040121341,0.898130683,
0.1,7,0.9,300,3,1,0.020618914,0.999998225,8.430255527,,4.040274049,0.898122982,
0.2,5,0.6,100,5,0.8,2.139199908,0.981446827,8.876319408,,4.040997468,0.898086497,
0.2,6,0.8,300,10,0.8,0.303677519,0.999611125,9.517242908,,4.042305198,0.898020524,
0.2,5,0.8,300,10,0.8,0.332344948,0.99953539,9.566160202,,4.043461695,0.897962164,
0.1,5,0.6,100,10,1,7.368715931,0.782302174,8.818284149,,4.04359357,0.897955508,
0.1,7,0.9,400,3,1,0.002843893,0.999999966,8.429820175,,4.045269954,0.897870879,
0.4,8,0.8,300,10,0.8,0.019289031,0.999998344,9.636567116,,4.045822087,0.897842999,
0.4,8,0.8,400,10,0.8,0.003140098,0.999999957,9.635674238,,4.046073138,0.89783032,
0.01,6,0.6,300,5,0.6,10.00312014,0.598207423,10.17615841,,4.049715174,0.897646303,
0.01,7,0.6,300,5,0.6,10.00312078,0.598207373,10.1761596,,4.049715174,0.897646303,
0.01,8,0.6,300,5,0.6,10.00312078,0.598207373,10.1761596,,4.049715174,0.897646303,
0.01,5,0.6,300,5,0.6,10.0030808,0.598210482,10.17536877,,4.049721291,0.897645994,
0.2,8,0.9,100,1,1,0.002111292,0.999999981,8.662060966,,4.049724231,0.897645845,
0.3,7,0.6,200,5,1,0.10618492,0.999948911,8.714221478,,4.049998452,0.897631983,
0.1,6,0.6,100,10,1,7.368996911,0.782279588,8.828486557,,4.05015581,0.897624028,
0.1,7,0.6,100,10,1,7.368915375,0.782284355,8.828228111,,4.050222912,0.897620636,
0.1,8,0.6,100,10,1,7.368915375,0.782284355,8.828228111,,4.050222912,0.897620636,
0.2,8,0.9,200,1,1,0.000958237,0.999999996,8.661617746,,4.050493428,0.89760696,
0.2,8,0.9,300,1,1,0.000902939,0.999999997,8.661612978,,4.050650792,0.897599003,
0.2,8,0.9,400,1,1,0.000861414,0.999999997,8.661631575,,4.050654743,0.897598804,
0.1,4,0.6,100,10,1,7.373321993,0.782030239,8.832313414,,4.052934806,0.897483491,
0.4,4,0.6,300,10,1,0.108288392,0.999948474,8.793770428,,4.053042375,0.897478049,
0.2,7,0.8,100,3,1,0.296930133,0.999639565,8.759449244,,4.053764614,0.897441507,
0.1,5,0.8,100,3,1,1.91396802,0.985249386,8.711426134,,4.054787101,0.897389764,
0.01,3,0.9,300,5,0.6,8.714442747,0.695138344,10.03856323,,4.05501432,0.897378263,
0.3,6,0.6,300,5,1,0.019538562,0.999998041,8.701508522,,4.056053847,0.897325641,
0.1,6,0.8,100,3,1,1.861089166,0.986059898,8.575437183,,4.06084922,0.897082719,
0.01,5,0.9,400,5,1,7.059957201,0.799962949,9.53263341,,4.063109914,0.896968098,
0.4,5,0.8,200,10,0.8,0.137159735,0.999919022,9.62946558,,4.064010218,0.896922433,
0.2,6,0.7,200,3,1,0.041967121,0.9999919,8.960945721,,4.064732152,0.896885809,
0.01,7,0.9,400,5,1,7.059857133,0.799968333,9.524263725,,4.066375723,0.896802403,
0.01,8,0.9,400,5,1,7.059857133,0.799968333,9.524263725,,4.066375723,0.896802403,
0.3,6,0.6,400,5,1,0.003196176,0.999999946,8.694012165,,4.066515522,0.896795308,
0.01,6,0.9,400,5,1,7.059908339,0.799965612,9.524984941,,4.066521859,0.896794986,
0.4,7,0.8,100,3,1,0.009574946,0.99999957,9.206408262,,4.06885639,0.896676455,
0.1,8,0.9,100,1,0.8,0.1652083,0.99988886,9.211871386,,4.069216041,0.896658188,
0.2,7,0.6,300,10,0.8,0.929576987,0.996432252,9.044020176,,4.069278454,0.896655018,
0.2,8,0.6,300,10,0.8,0.927953509,0.996444327,9.03839612,,4.069392004,0.896649251,
0.2,6,0.6,300,10,0.8,0.931012351,0.996429829,9.009364605,,4.070224642,0.896606953,
0.4,7,0.8,200,3,1,0.001108134,0.999999995,9.207339525,,4.071486843,0.896542818,
0.4,7,0.8,300,3,1,0.001018342,0.999999996,9.207434893,,4.071515679,0.896541352,
0.4,7,0.8,400,3,1,0.000982532,0.999999996,9.207395554,,4.071877111,0.896522983,
0.3,5,0.8,100,10,0.8,1.617993378,0.989439973,9.440798998,,4.07199923,0.896516776,
0.2,5,0.7,200,3,1,0.048915039,0.999989065,8.93522584,,4.07227001,0.896503013,
0.3,8,0.7,200,10,1,0.40253557,0.999336182,8.946397896,,4.07304522,0.896463605,
0.4,5,0.8,100,3,1,0.016255354,0.999998726,9.361896992,,4.073611454,0.896434816,
0.4,4,0.8,100,3,1,0.034805684,0.99999451,9.296914101,,4.073962643,0.896416958,
0.3,5,0.6,100,1,1,0.017577793,0.999998248,8.776804447,,4.074028016,0.896413634,
0.4,8,0.8,100,3,1,0.009133979,0.999999616,9.253501892,,4.074190915,0.89640535,
0.4,6,0.8,100,3,1,0.011125263,0.999999407,9.372606993,,4.074392416,0.896395103,
0.2,8,0.6,300,3,1,0.01837015,0.999998242,8.69404459,,4.075352647,0.896346263,
0.3,5,0.6,300,10,1,0.257424056,0.999720919,8.950274582,,4.075811885,0.896322901,
0.4,8,0.8,200,3,1,0.001103843,0.999999995,9.254323483,,4.076330431,0.896296518,
0.4,8,0.8,300,3,1,0.001012484,0.999999996,9.254377842,,4.076500808,0.896287849,
0.4,8,0.8,400,3,1,0.000974967,0.999999996,9.254394531,,4.076668501,0.896279316,
0.4,6,0.8,300,3,1,0.001026836,0.999999996,9.373075008,,4.076934485,0.896265781,
0.4,6,0.8,200,3,1,0.001125788,0.999999995,9.372936964,,4.076990294,0.896262941,
0.4,6,0.8,400,3,1,0.000989339,0.999999996,9.373013973,,4.077211531,0.896251682,
0.2,5,0.6,400,10,1,0.386241948,0.999383698,8.870643616,,4.079262975,0.896147255,
0.1,7,0.9,100,1,0.8,0.171384407,0.99988027,9.25134182,,4.079586958,0.896130758,
0.2,6,0.7,300,3,1,0.00433253,0.99999991,8.95819747,,4.080659141,0.896076153,
0.4,5,0.6,400,10,1,0.022802247,0.999997503,8.710807791,,4.08066458,0.896075876,
0.4,5,0.8,200,3,1,0.001107588,0.999999995,9.362806559,,4.080827332,0.896067586,
0.01,6,0.8,200,3,0.8,9.11432124,0.666753744,9.646262875,,4.080848389,0.896066514,
0.01,7,0.8,200,3,0.8,9.114207909,0.666762882,9.646227589,,4.080851608,0.89606635,
0.01,8,0.8,200,3,0.8,9.114318731,0.666753996,9.646250238,,4.080851608,0.89606635,
0.4,5,0.8,300,3,1,0.001010564,0.999999996,9.362862587,,4.081009305,0.896058317,
0.4,5,0.8,400,3,1,0.000969965,0.999999996,9.362825871,,4.081247757,0.89604617,
0.2,6,0.7,400,3,1,0.001329573,0.999999992,8.957727785,,4.081818553,0.89601709,
0.1,3,0.6,100,10,1,7.42717916,0.77883244,8.869153614,,4.081987759,0.896008469,
0.1,5,0.8,100,5,1,3.433760436,0.952635288,8.708145733,,4.08203495,0.896006065,
0.4,5,0.9,100,3,1,0.005942808,0.999999837,9.81262207,,4.083548877,0.895928913,
0.4,4,0.8,200,3,1,0.001169639,0.999999994,9.304254532,,4.083671105,0.895922683,
0.4,4,0.8,300,3,1,0.001036069,0.999999996,9.304460526,,4.083768615,0.895917712,
0.4,4,0.8,400,3,1,0.000992775,0.999999996,9.304397821,,4.084043815,0.895903684,
0.2,8,0.6,400,3,1,0.002980045,0.999999954,8.691117048,,4.084875965,0.895861259,
0.4,5,0.8,400,10,0.8,0.003552408,0.999999945,9.637788296,,4.084934507,0.895858274,
0.4,5,0.9,200,3,1,0.001198976,0.999999994,9.812993765,,4.084948965,0.895857537,
0.4,5,0.9,300,3,1,0.001090668,0.999999995,9.812973976,,4.08496547,0.895856695,
0.4,5,0.9,400,3,1,0.001048682,0.999999995,9.813069344,,4.085062752,0.895851735,
0.1,7,0.7,100,5,1,4.195936886,0.929295582,8.6733216,,4.085324009,0.895838413,
0.1,8,0.7,100,5,1,4.195872441,0.929297724,8.671914454,,4.085324009,0.895838413,
0.1,6,0.7,100,5,1,4.193448185,0.929376489,8.672079201,,4.08535259,0.895836956,
0.4,5,0.8,300,10,0.8,0.022481408,0.999997763,9.637685061,,4.086213309,0.89579306,
0.3,5,0.6,400,1,1,0.00074128,0.999999998,8.776116371,,4.087474002,0.89572875,
0.3,5,0.6,300,1,1,0.000780504,0.999999997,8.776104212,,4.087502583,0.895727291,
0.3,5,0.6,200,1,1,0.000899765,0.999999997,8.776141882,,4.087547092,0.89572502,
0.4,6,0.9,100,3,1,0.003055633,0.999999958,9.486063719,,4.087810246,0.895711594,
0.1,6,0.9,100,1,0.8,0.200904335,0.999832627,9.298676729,,4.088048922,0.895699415,
0.4,6,0.9,200,3,1,0.001151127,0.999999994,9.486632824,,4.08865176,0.895668652,
0.4,6,0.9,300,3,1,0.001074671,0.999999995,9.486645699,,4.088903841,0.895655787,
0.4,6,0.9,400,3,1,0.001024879,0.999999996,9.4867239,,4.088992796,0.895651246,
0.01,3,0.8,200,3,0.6,9.436565404,0.642541843,10.03258894,,4.089476443,0.89562656,
0.1,6,0.6,300,5,1,0.991513941,0.995988049,8.763720036,,4.090221521,0.895588524,
0.2,6,0.8,100,3,1,0.317383655,0.999586416,8.771602631,,4.090664877,0.895565888,
0.1,7,0.6,300,5,1,0.989675447,0.996002611,8.727905273,,4.091134558,0.895541905,
0.2,4,0.7,200,10,0.8,1.374034433,0.99228758,9.28334713,,4.091502894,0.895523095,
0.1,3,0.6,100,3,1,3.456971112,0.951877306,8.525468349,,4.092154288,0.895489825,
0.3,8,0.6,400,10,1,0.080788113,0.999972214,8.849609728,,4.092508863,0.895471713,
0.4,6,0.7,100,10,1,1.231644615,0.993868153,9.086000795,,4.092756941,0.89545904,
0.3,8,0.6,300,5,1,0.018711295,0.99999819,8.719945192,,4.093837003,0.895403857,
0.01,4,0.8,200,3,0.8,9.123691181,0.666063198,9.683927288,,4.094789994,0.895355154,
0.2,5,0.6,300,10,0.8,0.942463336,0.996344944,9.096796989,,4.095179853,0.895335227,
0.4,8,0.7,100,10,1,1.228460938,0.993898812,9.077116842,,4.096737062,0.895255614,
0.4,6,0.6,200,10,0.8,0.462715301,0.999079448,8.955306644,,4.0973889,0.895222279,
0.1,4,0.7,100,3,0.8,2.638454523,0.971942848,9.378142595,,4.097455252,0.895218885,
0.2,7,0.8,400,10,0.8,0.105035177,0.999953055,9.521296263,,4.099431729,0.895117775,
0.2,7,0.6,300,3,1,0.018333835,0.999998278,8.652262211,,4.099890596,0.895094294,
0.4,3,0.7,100,10,0.8,1.653489995,0.98890919,9.814768076,,4.100878866,0.895043713,
0.01,5,0.6,400,3,1,7.090087007,0.798305434,8.881073818,,4.101278973,0.895023232,
0.01,6,0.6,400,3,1,7.088701544,0.798384044,8.87704216,,4.101364574,0.89501885,
0.01,7,0.6,400,3,1,7.088683479,0.798385243,8.876517639,,4.101364574,0.89501885,
0.01,8,0.6,400,3,1,7.088683479,0.798385243,8.876517639,,4.101364574,0.89501885,
0.4,5,0.7,100,10,1,1.247039878,0.99371694,9.064602251,,4.10141616,0.895016209,
0.1,5,0.8,200,5,0.8,1.136403813,0.994743374,9.318059921,,4.101848212,0.894994089,
0.3,7,0.8,100,10,0.8,1.592735666,0.989770453,9.434658289,,4.101998802,0.894986379,
0.3,8,0.8,100,10,0.8,1.589766099,0.989806822,9.435350418,,4.102086172,0.894981906,
0.2,5,0.7,300,3,1,0.00533181,0.999999862,8.932704086,,4.104639645,0.894851121,
0.01,3,0.6,400,3,1,7.208422453,0.791484265,8.951673851,,4.104813545,0.894842211,
0.01,3,0.9,300,3,0.6,7.2265539,0.790258435,9.614946957,,4.105248973,0.894819901,
0.3,8,0.6,400,5,1,0.00306534,0.999999951,8.71411252,,4.105319762,0.894816273,
0.3,7,0.6,300,5,1,0.0189221,0.999998172,8.698665142,,4.105862608,0.894788454,
0.2,5,0.7,400,3,1,0.001407381,0.999999992,8.932307835,,4.105876974,0.894787718,
0.4,7,0.7,100,10,1,1.231272872,0.993870484,9.077113743,,4.106690044,0.894746045,
0.1,5,0.7,100,5,1,4.201966482,0.929088794,8.703447695,,4.106691221,0.894745984,
0.01,7,0.7,300,1,1,4.569793773,0.916123457,8.708749523,,4.108697837,0.8946431,
0.01,4,0.6,400,3,1,7.106696415,0.797361868,8.884581432,,4.109220217,0.894616309,
0.2,6,0.8,400,10,0.8,0.107870561,0.999950123,9.529826403,,4.109535355,0.894600144,
0.1,5,0.7,200,10,1,3.684968128,0.945313508,8.726043339,,4.110486331,0.894551358,
0.1,8,0.8,100,3,1,1.835187758,0.986450886,8.543357725,,4.110883386,0.894530985,
0.2,8,0.8,400,10,0.8,0.104062892,0.999953713,9.533921003,,4.11111676,0.89451901,
0.01,5,0.8,200,3,0.8,9.114844301,0.666715488,9.649249306,,4.111169292,0.894516314,
0.2,7,0.6,400,3,1,0.002992924,0.999999955,8.649552107,,4.11155709,0.894496413,
0.2,7,0.6,200,5,1,0.435598614,0.999203631,8.402168751,,4.112211615,0.89446282,
0.2,7,0.8,200,3,1,0.010852453,0.999999484,8.766604662,,4.112460371,0.894450051,
0.1,7,0.8,100,3,1,1.838375335,0.986405057,8.53258502,,4.113401956,0.894401712,
0.3,7,0.6,400,5,1,0.003091239,0.99999995,8.691724062,,4.115729622,0.894282168,
0.01,8,0.7,300,1,1,4.569184237,0.916145321,8.706583729,,4.115795678,0.894278775,
0.01,5,0.8,400,10,0.8,9.662872598,0.625448335,9.875597935,,4.116760304,0.894229213,
0.01,6,0.8,400,10,0.8,9.662883266,0.625447366,9.875689011,,4.116782507,0.894228072,
0.01,7,0.8,400,10,0.8,9.662884058,0.625447296,9.875689011,,4.116782507,0.894228072,
0.01,8,0.8,400,10,0.8,9.662884058,0.625447296,9.875689011,,4.116782507,0.894228072,
0.01,3,0.7,400,1,1,3.822498895,0.941193446,8.764443388,,4.117443856,0.894194085,
0.2,7,0.8,300,3,1,0.001414431,0.999999992,8.76721096,,4.118535234,0.894137987,
0.2,7,0.8,400,3,1,0.001152026,0.999999995,8.767314911,,4.118691826,0.894129937,
0.1,8,0.6,400,10,0.8,2.054775407,0.982957966,8.739784002,,4.120863344,0.894018271,
0.1,8,0.9,200,1,0.8,0.004669249,0.999999907,9.230799437,,4.12254417,0.893931797,
0.1,8,0.9,400,1,0.8,0.001054912,0.999999995,9.231826067,,4.12307681,0.893904387,
0.1,8,0.9,300,1,0.8,0.001185118,0.999999994,9.231758833,,4.123096071,0.893903396,
0.2,6,0.6,100,1,1,0.103675728,0.999954273,8.739793539,,4.123145577,0.893900848,
0.2,3,0.6,300,10,1,1.005753676,0.995828363,9.021575565,,4.123482157,0.893883525,
0.2,8,0.6,100,1,1,0.098760557,0.99995903,8.75711751,,4.123920194,0.893860979,
0.1,4,0.8,200,5,1,1.135252838,0.994758467,8.657809973,,4.124455248,0.893833435,
0.2,4,0.7,200,10,1,1.231735037,0.993831739,8.976250763,,4.12571552,0.893768544,
0.3,4,0.8,100,10,0.8,1.722072362,0.988039532,9.407997131,,4.125771182,0.893765678,
0.1,7,0.6,400,10,0.8,2.054311338,0.982964977,8.740132332,,4.126959778,0.893704459,
0.2,6,0.6,200,3,1,0.109563746,0.999945452,8.749851227,,4.127033986,0.893700636,
0.1,6,0.6,400,10,0.8,2.055942927,0.982937721,8.736549854,,4.128497234,0.893625245,
0.01,4,0.8,400,10,0.8,9.664110393,0.625351764,9.869734745,,4.129899505,0.893552971,
0.2,6,0.6,200,1,1,0.003187103,0.999999941,8.730074406,,4.130856665,0.893503625,
0.4,4,0.6,400,10,1,0.026709452,0.99999674,8.760260458,,4.132578656,0.893414818,
0.3,7,0.7,200,10,1,0.40049606,0.999343443,8.920672293,,4.133191745,0.893383191,
0.1,4,0.9,400,1,0.8,0.001501509,0.999999991,9.336261034,,4.133217936,0.893381839,
0.01,6,0.7,300,1,1,4.571682707,0.916055909,8.710792294,,4.133312545,0.893376958,
0.2,6,0.8,100,10,1,2.974675315,0.964404766,8.812630053,,4.133316629,0.893376748,
0.1,6,0.9,200,3,1,0.184015552,0.999859549,8.418651457,,4.133361664,0.893374424,
0.2,6,0.6,300,1,1,0.000853857,0.999999997,8.729084492,,4.133523579,0.89336607,
0.2,6,0.6,400,1,1,0.000776816,0.999999997,8.729063272,,4.133541639,0.893365139,
0.1,4,0.9,300,1,0.8,0.006341502,0.999999794,9.336096048,,4.133633444,0.893360402,
0.3,5,0.7,200,10,1,0.413117495,0.999301097,8.904114599,,4.133897292,0.893346788,
0.1,6,0.6,200,1,1,0.116625746,0.999942303,8.521894455,,4.134454081,0.893318056,
0.1,4,0.9,200,1,0.8,0.061058542,0.99998256,9.343512297,,4.134634466,0.893308747,
0.1,7,0.9,200,1,0.8,0.005690156,0.999999861,9.271562576,,4.136731587,0.89320049,
0.1,7,0.9,400,1,0.8,0.001085569,0.999999995,9.272840261,,4.137199682,0.893176319,
0.1,7,0.9,300,1,0.8,0.001235847,0.999999994,9.27276206,,4.137278752,0.893172235,
0.1,6,0.9,400,1,0.8,0.001122288,0.999999995,9.32856822,,4.138356287,0.893116583,
0.1,6,0.9,300,1,0.8,0.001341582,0.999999993,9.328415394,,4.138582482,0.893104898,
0.1,6,0.9,200,1,0.8,0.009103552,0.999999634,9.32710886,,4.13876885,0.893095271,
0.2,7,0.9,100,1,1,0.002604194,0.99999997,8.68497323,,4.138857,0.893090717,
0.2,7,0.9,200,1,1,0.000984749,0.999999996,8.684782495,,4.139231414,0.893071373,
0.2,7,0.9,300,1,1,0.000921754,0.999999996,8.684767714,,4.1392603,0.893069881,
0.2,7,0.9,400,1,1,0.000881623,0.999999997,8.684794893,,4.139340911,0.893065716,
0.1,6,0.8,300,5,1,0.297328164,0.99963937,8.544110537,,4.140164687,0.893023149,
0.1,5,0.6,400,10,0.8,2.063680136,0.982802625,8.761458158,,4.141061393,0.892976805,
0.2,5,0.8,400,10,0.8,0.123726715,0.999934576,9.584197998,,4.141581544,0.892949917,
0.2,7,0.8,100,10,1,2.970033584,0.964513084,8.792739983,,4.141890921,0.892933923,
0.2,4,0.7,200,3,1,0.078005618,0.999972714,9.050438881,,4.142368852,0.892909213,
0.3,6,0.8,100,10,0.8,1.599188737,0.989683813,9.440942526,,4.143790137,0.892835713,
0.1,7,0.7,200,10,1,3.679270701,0.945473299,8.752849455,,4.144072731,0.892821096,
0.1,8,0.7,200,10,1,3.679083197,0.945478628,8.756407137,,4.144072731,0.892821096,
0.2,7,0.7,300,10,1,0.431733289,0.999243049,8.904210682,,4.144474204,0.892800328,
0.1,7,0.8,300,5,1,0.289742408,0.999657892,8.483185644,,4.144536638,0.892797098,
0.2,8,0.6,200,1,1,0.003029523,0.99999995,8.744477034,,4.144955658,0.89277542,
0.2,4,0.8,300,10,0.8,0.405011662,0.999308174,9.590303421,,4.145104763,0.892767706,
0.1,4,0.8,200,5,0.8,1.298573704,0.993140405,9.409299374,,4.145497566,0.892747382,
0.01,5,0.6,300,5,0.8,9.750795892,0.618487048,9.74463151,,4.145586583,0.892742775,
0.1,8,0.6,300,5,1,0.989449024,0.996004643,8.718770266,,4.146112048,0.892715583,
0.01,6,0.6,300,5,0.8,9.75060159,0.618502249,9.744393568,,4.146257417,0.89270806,
0.01,7,0.6,300,5,0.8,9.750601199,0.618502279,9.744355183,,4.146257417,0.89270806,
0.01,8,0.6,300,5,0.8,9.750601199,0.618502279,9.744355183,,4.146257417,0.89270806,
0.01,5,0.7,300,1,1,4.58992266,0.915379886,8.708743324,,4.14635805,0.892702852,
0.2,8,0.6,300,1,1,0.000840825,0.999999997,8.743725777,,4.147534624,0.89264195,
0.2,8,0.6,400,1,1,0.000759471,0.999999998,8.743719578,,4.147651069,0.892635921,
0.1,6,0.7,200,10,1,3.680586196,0.945442288,8.764157171,,4.147786127,0.892628929,
0.1,8,0.8,300,5,1,0.286276334,0.999666136,8.474268551,,4.148970516,0.892567601,
0.3,7,0.6,400,10,1,0.08028828,0.999972488,8.851783867,,4.15031148,0.892498145,
0.01,4,0.6,300,5,0.8,9.753508301,0.61827531,9.750767927,,4.151414852,0.892440978,
0.01,5,0.8,400,5,1,7.524739602,0.772915782,9.372553692,,4.15160211,0.892431275,
0.1,8,0.7,100,3,1,2.453160504,0.975804619,8.744501591,,4.152052793,0.892407919,
0.1,7,0.8,200,3,0.8,0.3758894,0.999410512,9.453971624,,4.15224575,0.892397918,
0.1,7,0.7,100,3,1,2.453330492,0.975796647,8.754530191,,4.152447753,0.892387449,
0.3,5,0.6,200,5,1,0.1161743,0.999938814,8.758658171,,4.152736185,0.892372498,
0.01,3,0.7,400,3,1,6.631534261,0.823559234,9.193877926,,4.153944872,0.892309838,
0.1,4,0.9,100,1,0.8,0.536658341,0.998800293,9.291987658,,4.155176847,0.892245951,
0.1,6,0.7,100,3,1,2.458984384,0.97568225,8.750322342,,4.155352998,0.892236814,
0.2,8,0.6,200,5,1,0.434355678,0.999207143,8.400128603,,4.157944215,0.892102373,
0.01,6,0.8,400,5,1,7.524495189,0.772931497,9.369899855,,4.158539627,0.89207147,
0.01,7,0.8,400,5,1,7.524569682,0.772927485,9.369208441,,4.158539627,0.89207147,
0.01,8,0.8,400,5,1,7.524569682,0.772927485,9.369208441,,4.158539627,0.89207147,
0.3,8,0.8,100,10,1,1.511944945,0.990795159,8.351030464,,4.159635811,0.892014563,
0.3,6,0.6,400,10,1,0.08146807,0.999971544,8.853130932,,4.159761971,0.892008012,
0.01,6,0.9,400,3,1,5.303111882,0.88701957,9.177233334,,4.160022527,0.891994483,
0.2,6,0.6,200,5,1,0.438019437,0.999194368,8.395530224,,4.16147786,0.891918901,
0.4,7,0.7,200,1,1,0.000702634,0.999999998,9.083637476,,4.1615559,0.891914847,
0.4,7,0.7,300,1,1,0.000678197,0.999999998,9.083709717,,4.161593018,0.891912919,
0.4,7,0.7,400,1,1,0.000662983,0.999999998,9.083709478,,4.161772085,0.891903617,
0.4,7,0.7,100,1,1,0.000859389,0.999999997,9.083659172,,4.161854551,0.891899334,
0.1,5,0.6,300,5,1,1.004293808,0.995882767,8.797336578,,4.162470758,0.89186732,
0.2,8,0.8,100,10,1,2.969250535,0.964531398,8.801256056,,4.165426837,0.89171368,
0.01,3,0.8,200,3,0.8,9.204931257,0.660035707,9.686026802,,4.166197207,0.891673622,
0.1,7,0.9,100,5,1,2.778226538,0.968912832,8.725588675,,4.166388039,0.891663698,
0.2,8,0.7,300,10,1,0.430355503,0.999248898,8.898461695,,4.168565868,0.891550411,
0.1,6,0.9,100,5,1,2.796472381,0.968492061,8.767967815,,4.16863296,0.89154692,
0.1,8,0.9,100,5,1,2.778891585,0.968898314,8.762211199,,4.171600657,0.891392447,
0.01,7,0.7,400,3,1,6.440308349,0.833623947,9.101819983,,4.172220031,0.891360194,
0.01,8,0.7,400,3,1,6.440308349,0.833623947,9.101819983,,4.172220031,0.891360194,
0.1,4,0.9,100,3,1,1.719314425,0.988025767,8.824674721,,4.172367954,0.89135249,
0.01,6,0.7,400,3,1,6.440372748,0.833620516,9.102432241,,4.17271248,0.891334547,
0.1,4,0.7,200,10,1,3.7102022,0.944572488,8.780437346,,4.172757938,0.891332179,
0.1,6,0.8,100,1,0.8,0.345952985,0.999503963,9.418339491,,4.172921905,0.891323639,
0.01,4,0.8,400,5,1,7.54039103,0.771970284,9.377774105,,4.173260933,0.891305979,
0.2,3,0.8,100,10,0.8,3.415664964,0.953051781,9.584136963,,4.174650337,0.891233592,
0.1,4,0.6,400,10,0.8,2.092647694,0.982327332,8.748675823,,4.174766599,0.891227534,
0.1,6,0.8,300,10,0.8,1.606862574,0.98959242,9.106577873,,4.174975265,0.89121666,
0.2,8,0.6,400,10,1,0.376215425,0.999416228,8.86789465,,4.175991692,0.891163686,
0.2,7,0.6,400,10,1,0.377734466,0.99941172,8.871142149,,4.176026622,0.891161865,
0.1,8,0.8,200,3,0.8,0.369119269,0.999433001,9.42851758,,4.177087531,0.891106558,
0.2,6,0.6,400,10,0.8,0.478949847,0.999040511,8.985229492,,4.17724999,0.891098087,
0.2,6,0.7,300,10,1,0.432683041,0.999240506,8.917190428,,4.177273677,0.891096852,
0.2,5,0.8,100,3,1,0.362439315,0.999455639,8.833435059,,4.177894271,0.891064491,
0.2,8,0.8,100,3,1,0.292946626,0.999649776,8.725592136,,4.179832066,0.890963415,
0.1,5,0.7,100,3,1,2.484851229,0.975153182,8.836664677,,4.18041248,0.890933131,
0.01,5,0.7,400,3,1,6.441597086,0.833559564,9.096550694,,4.180790874,0.890913385,
0.2,4,0.7,300,3,1,0.009852,0.999999535,9.05633688,,4.181490754,0.890876859,
0.2,5,0.9,100,10,1,2.409264871,0.976592779,8.738446941,,4.18200212,0.890850168,
0.01,7,0.9,400,3,1,5.302827572,0.887031255,9.194355602,,4.182296052,0.890834824,
0.01,8,0.9,400,3,1,5.302855269,0.887030109,9.193776722,,4.182296052,0.890834824,
0.2,6,0.8,200,3,1,0.01275059,0.999999284,8.778762102,,4.182634732,0.890817143,
0.2,4,0.7,400,3,1,0.001645947,0.999999988,9.055808783,,4.183156035,0.890789925,
0.2,6,0.6,300,3,1,0.019244372,0.999998136,8.733889818,,4.183913608,0.890750366,
0.3,5,0.8,100,10,1,1.539967923,0.990443763,8.444263573,,4.184072064,0.89074209,
0.2,8,0.6,400,10,0.8,0.475722893,0.999052613,9.008862495,,4.185137817,0.890686424,
0.1,6,0.8,200,3,0.8,0.398244424,0.999337554,9.436536789,,4.18659857,0.890610102,
0.01,3,0.8,400,10,0.8,9.695071919,0.622926635,9.905144196,,4.186905984,0.890594037,
0.2,4,0.6,100,5,0.8,2.194643798,0.980493558,8.97050643,,4.187269519,0.890575038,
0.3,6,0.8,100,10,1,1.515674289,0.990748835,8.383566017,,4.187833627,0.890545552,
0.2,6,0.8,300,3,1,0.001437599,0.999999991,8.780018091,,4.188411051,0.890515367,
0.2,6,0.8,400,3,1,0.001175073,0.999999994,8.780157089,,4.188763545,0.890496938,
0.3,7,0.8,100,10,1,1.514564605,0.990759113,8.367157812,,4.189036608,0.89048266,
0.4,4,0.6,200,5,1,0.046955064,0.999988767,8.762231588,,4.189087588,0.890479995,
0.01,4,0.7,400,3,1,6.472119084,0.831977468,9.104239454,,4.190105543,0.890426761,
0.1,6,0.8,400,5,1,0.095704813,0.999962329,8.568388462,,4.190210961,0.890421247,
0.2,7,0.6,400,10,0.8,0.47646813,0.999049824,9.017468691,,4.191574826,0.890349903,
0.01,3,0.7,400,5,1,8.087208701,0.737675121,9.326383934,,4.191958283,0.89032984,
0.01,4,0.9,400,3,1,5.374584194,0.883955699,9.268074627,,4.192873494,0.890281947,
0.1,7,0.8,400,5,1,0.090342252,0.99996658,8.498175974,,4.19335914,0.890256529,
0.01,3,0.8,400,5,1,7.658819897,0.764748467,9.419283733,,4.193583846,0.890244767,
0.01,3,0.6,400,5,1,8.596632228,0.703545018,9.133140192,,4.194791021,0.890181569,
0.2,6,0.6,400,3,1,0.003063161,0.999999953,8.731552839,,4.194865613,0.890177663,
0.2,3,0.6,100,5,1,2.343139456,0.977856497,8.644665718,,4.196485843,0.890092811,
0.01,5,0.6,300,3,1,8.225095442,0.728529086,9.114634619,,4.196505404,0.890091787,
0.1,8,0.8,400,5,1,0.088011213,0.999968317,8.483723755,,4.196760668,0.890078415,
0.01,6,0.6,300,3,1,8.224390406,0.728576282,9.110805378,,4.196880882,0.890072118,
0.01,7,0.6,300,3,1,8.224397093,0.728575775,9.110794649,,4.196880882,0.890072118,
0.01,8,0.6,300,3,1,8.224397093,0.728575775,9.110794649,,4.196880882,0.890072118,
0.1,6,0.6,300,1,1,0.01858876,0.999998353,8.523982525,,4.199141104,0.889953683,
0.2,5,0.7,300,10,1,0.438182006,0.999218848,8.976147528,,4.199727562,0.889922942,
0.1,5,0.8,200,10,1,2.934598079,0.965284248,8.760744448,,4.199772354,0.889920594,
0.1,6,0.9,300,3,1,0.027990073,0.99999652,8.419105053,,4.200991543,0.889856673,
0.3,8,0.7,300,10,1,0.102725451,0.999955796,8.923354502,,4.202387226,0.889783476,
0.01,3,0.6,300,5,0.8,9.785514599,0.615747736,9.782667141,,4.202767698,0.889763518,
0.4,6,0.6,100,1,1,0.00257496,0.999999953,7.784472075,,4.202984379,0.889752151,
0.1,8,0.7,300,10,0.8,2.23105174,0.979966153,9.01339817,,4.203258437,0.889737773,
0.4,6,0.6,300,1,1,0.000683118,0.999999998,7.783852901,,4.203816725,0.88970848,
0.4,6,0.6,400,1,1,0.000663531,0.999999998,7.783920374,,4.203821016,0.889708255,
0.4,6,0.6,200,1,1,0.000743757,0.999999998,7.783873167,,4.203912518,0.889703453,
0.3,6,0.7,200,10,1,0.406973347,0.999321376,8.953070517,,4.20398948,0.889699415,
0.01,4,0.9,400,5,0.6,7.359755693,0.782486074,9.56689846,,4.20443337,0.889676121,
0.1,6,0.7,300,10,0.8,2.232174162,0.979945288,9.028472662,,4.204720382,0.889661058,
0.2,5,0.8,100,10,1,2.992912641,0.963971792,8.858548994,,4.205528399,0.889618647,
0.2,3,0.7,200,10,1,1.457301899,0.991356513,9.109828825,,4.20555178,0.889617419,
0.1,8,0.8,200,10,1,2.91762648,0.965681956,8.689814205,,4.206576124,0.889563641,
0.3,4,0.6,300,10,1,0.279910932,0.999669028,9.064685936,,4.207181341,0.889531861,
0.01,4,0.6,300,3,1,8.2373627,0.727728323,9.129999504,,4.207948875,0.889491551,
0.1,7,0.7,300,10,0.8,2.231192153,0.979963601,9.013151646,,4.208404885,0.889467598,
0.1,6,0.9,400,3,1,0.004181608,0.99999992,8.418856859,,4.209229907,0.889424256,
0.1,6,0.6,400,1,1,0.002928121,0.999999958,8.524044514,,4.209798816,0.889394364,
0.2,5,0.9,100,1,1,0.009103547,0.999999611,8.834696054,,4.211020595,0.889330154,
0.1,5,0.8,300,10,0.8,1.632267433,0.989256026,9.168634415,,4.211387489,0.889310868,
0.01,4,0.7,300,1,1,4.674897713,0.912211345,8.763586273,,4.211620023,0.889298645,
0.4,8,0.6,200,10,0.8,0.462303143,0.999078691,8.9689604,,4.211766357,0.889290952,
0.01,6,0.9,400,5,0.6,7.353994793,0.782825716,9.599384422,,4.213180201,0.889216612,
0.01,7,0.9,400,5,0.6,7.353994793,0.782825716,9.599384422,,4.213180201,0.889216612,
0.01,8,0.9,400,5,0.6,7.353994793,0.782825716,9.599384422,,4.213180201,0.889216612,
0.01,5,0.9,400,5,0.6,7.3539732,0.782826792,9.599008198,,4.213206107,0.889215249,
0.1,5,0.7,300,10,0.8,2.238465628,0.979835013,9.060587883,,4.213543633,0.889197498,
0.2,5,0.9,200,1,1,0.001055696,0.999999995,8.835571289,,4.213885698,0.889179507,
0.2,5,0.9,300,1,1,0.000958626,0.999999996,8.835544348,,4.213927326,0.889177318,
0.2,5,0.9,400,1,1,0.00091469,0.999999997,8.835621119,,4.21403402,0.889171706,
0.4,5,0.7,200,10,0.8,0.238777587,0.999749625,9.736379147,,4.214679312,0.889137761,
0.4,6,0.6,300,10,0.8,0.158106963,0.999883145,8.914128542,,4.216145783,0.8890606,
0.1,7,0.8,200,10,1,2.918476372,0.965663008,8.685795422,,4.216203543,0.88905756,
0.1,4,0.6,300,5,1,1.053423762,0.995456964,8.806871653,,4.216956541,0.889017929,
0.1,3,0.6,300,10,0.8,3.18259626,0.959202934,8.857213259,,4.217624663,0.888982759,
0.1,5,0.6,200,1,1,0.131228346,0.99992609,8.548995733,,4.218873597,0.888917,
0.1,6,0.8,200,10,1,2.921009318,0.965596105,8.702703114,,4.218989728,0.888910884,
0.3,3,0.7,100,10,1,2.419606993,0.976409961,8.872882242,,4.219093789,0.888905404,
0.4,5,0.6,100,1,1,0.003339787,0.99999991,8.237965193,,4.219404158,0.888889058,
0.1,8,0.8,300,10,0.8,1.601413191,0.989666622,9.10620451,,4.219578727,0.888879864,
0.4,6,0.6,400,10,0.8,0.049373707,0.999987788,8.907646418,,4.219600551,0.888878715,
0.1,7,0.8,300,10,0.8,1.602132265,0.989653952,9.10875845,,4.219895714,0.888863168,
0.3,5,0.6,300,5,1,0.022352466,0.999997517,8.741200209,,4.220101821,0.888852312,
0.1,4,0.7,100,10,1,6.749636467,0.817256181,8.975561962,,4.220127169,0.888850977,
0.4,5,0.6,200,1,1,0.00076012,0.999999998,8.237484303,,4.22052372,0.888830087,
0.4,5,0.6,300,1,1,0.000700472,0.999999998,8.237484779,,4.220532465,0.888829626,
0.4,5,0.6,400,1,1,0.000675232,0.999999998,8.237485971,,4.220554526,0.888828464,
0.1,6,0.9,100,10,1,5.374955076,0.883942919,9.192453375,,4.222759678,0.888712264,
0.2,5,0.6,400,10,0.8,0.488544116,0.999002728,9.072007895,,4.222943348,0.888702583,
0.1,7,0.9,100,10,1,5.374818886,0.88394883,9.187408199,,4.223158532,0.88869124,
0.1,8,0.9,100,10,1,5.37481845,0.883948847,9.187408199,,4.223158532,0.88869124,
0.1,7,0.7,100,10,1,6.743284825,0.817605634,8.915071592,,4.223463596,0.888675159,
0.1,8,0.7,100,10,1,6.743284816,0.817605635,8.915071115,,4.223463596,0.888675159,
0.1,6,0.7,100,10,1,6.743231882,0.817608369,8.914868698,,4.223464407,0.888675116,
0.4,3,0.7,100,10,1,1.518459636,0.990658385,8.769948359,,4.223869732,0.888653747,
0.01,3,0.6,300,3,1,8.306480482,0.723102099,9.196299419,,4.224256377,0.888633361,
0.1,7,0.7,200,5,0.8,1.510661659,0.990719191,9.136442423,,4.224885467,0.888600189,
0.1,8,0.7,200,5,0.8,1.51002934,0.990726776,9.13559413,,4.225579638,0.888563579,
0.1,5,0.7,100,10,1,6.743235822,0.817607643,8.932126627,,4.22711987,0.888482326,
0.2,7,0.8,200,10,1,0.735058356,0.997806158,8.767185564,,4.227436206,0.888465635,
0.1,4,0.8,200,10,1,2.990739519,0.963959387,8.841974134,,4.227543268,0.888459985,
0.4,6,0.9,100,5,1,0.042417991,0.999991998,9.29983592,,4.227778021,0.888447597,
0.1,6,0.7,200,5,0.8,1.515151503,0.990659999,9.128081083,,4.228030811,0.888434257,
0.2,7,0.6,100,1,1,0.098114961,0.999959857,8.741568565,,4.229069384,0.88837944,
0.4,4,0.6,300,5,1,0.006735144,0.999999739,8.758418798,,4.230739195,0.888291278,
0.3,4,0.8,100,10,1,1.615764486,0.989486223,8.729748363,,4.231684723,0.888241341,
0.3,5,0.8,200,10,0.8,0.344768754,0.99950104,9.552597761,,4.231909197,0.888229484,
0.1,8,0.6,400,10,1,1.975884547,0.984229621,8.673831339,,4.232120243,0.888218336,
0.3,5,0.6,400,5,1,0.003681557,0.999999931,8.734246731,,4.232149346,0.888216798,
0.3,5,0.6,400,10,1,0.084937285,0.999968821,8.885748501,,4.232158696,0.888216304,
0.01,7,0.8,400,1,1,2.669502186,0.971362219,8.514691229,,4.232447551,0.888201045,
0.01,8,0.8,400,1,1,2.66689253,0.971418954,8.509824629,,4.232513147,0.888197579,
0.4,4,0.6,400,5,1,0.001548371,0.99999999,8.756584883,,4.23265335,0.888190172,
0.2,8,0.8,200,10,1,0.732974227,0.997819922,8.779981966,,4.232953204,0.88817433,
0.2,8,0.8,200,3,1,0.010579883,0.999999511,8.733749151,,4.237988525,0.887908127,
0.2,4,0.6,400,10,1,0.404298927,0.99931846,8.986154556,,4.238462131,0.887883072,
0.01,4,0.9,400,5,1,7.092452435,0.79813223,9.548850403,,4.239190867,0.887844515,
0.01,4,0.7,400,5,1,8.020680765,0.741995921,9.29849206,,4.239418495,0.88783247,
0.1,5,0.9,200,3,1,0.238862841,0.999758845,8.609365702,,4.239630963,0.887821227,
0.1,4,0.7,200,1,1,0.104538119,0.999952264,8.734993696,,4.242265295,0.887681777,
0.1,8,0.8,100,1,1,0.278284608,0.999687246,8.371580601,,4.242374851,0.887675976,
0.3,8,0.7,400,10,1,0.025852191,0.999997064,8.907136793,,4.243225033,0.887630951,
0.4,6,0.9,200,5,1,0.001568295,0.99999999,9.307224989,,4.243232626,0.887630549,
0.1,4,0.8,200,3,0.8,0.637005039,0.99832002,9.597087145,,4.243245612,0.887629861,
0.4,6,0.9,300,5,1,0.001335957,0.999999993,9.307277203,,4.243387767,0.887622332,
0.4,6,0.9,400,5,1,0.001246923,0.999999994,9.307378292,,4.243757003,0.887602774,
0.2,8,0.8,300,3,1,0.001441143,0.999999991,8.734662533,,4.244443752,0.887566394,
0.2,8,0.8,400,3,1,0.001180925,0.999999994,8.734788179,,4.244637789,0.887556114,
0.1,7,0.6,200,1,1,0.112151068,0.999946381,8.455821037,,4.245283744,0.887521887,
0.1,4,0.7,100,5,1,4.280750729,0.926399178,8.807019224,,4.245369636,0.887517336,
0.01,3,0.8,400,3,1,6.131401833,0.849121621,9.290440311,,4.245680756,0.887500849,
0.01,5,0.7,400,5,1,8.011379278,0.742588809,9.290953741,,4.246143258,0.887476337,
0.1,6,0.8,200,1,0.8,0.028676787,0.99999625,9.449212074,,4.246148694,0.887476049,
0.1,5,0.8,300,5,1,0.332390704,0.999548481,8.582625389,,4.246711619,0.887446212,
0.1,3,0.7,200,10,1,3.903649981,0.938629761,8.937116261,,4.24772716,0.887392374,
0.1,4,0.7,300,10,0.8,2.289259071,0.978896829,9.088021994,,4.247927293,0.887381763,
0.01,4,0.8,400,3,1,5.897138742,0.860459839,9.210952988,,4.248097679,0.887372728,
0.1,6,0.8,400,1,0.8,0.001163518,0.999999994,9.451030493,,4.24855724,0.887348359,
0.1,6,0.8,300,1,0.8,0.002390104,0.999999974,9.451048851,,4.248884192,0.88733102,
0.1,3,0.6,300,10,1,3.1433604,0.960197956,8.694263573,,4.249330818,0.887307332,
0.1,8,0.9,100,5,0.8,2.861134487,0.967039771,9.412060976,,4.249558674,0.887295246,
0.01,7,0.7,400,5,1,8.01154363,0.742579986,9.289713726,,4.250180348,0.887262268,
0.01,8,0.7,400,5,1,8.011543163,0.742580018,9.289713726,,4.250180348,0.887262268,
0.01,6,0.7,400,5,1,8.011548486,0.742579676,9.289728985,,4.250184934,0.887262025,
0.01,4,0.6,400,5,1,8.555841937,0.706366919,9.123048172,,4.250830032,0.887227799,
0.1,8,0.6,200,1,1,0.111560042,0.999946954,8.459262133,,4.252996911,0.887112798,
0.2,7,0.6,200,1,1,0.002954938,0.999999953,8.728422642,,4.255816221,0.886963082,
0.2,7,0.6,400,1,1,0.000781654,0.999999997,8.727896929,,4.257441158,0.886876747,
0.2,7,0.6,300,1,1,0.000855722,0.999999997,8.727876186,,4.257458959,0.886875801,
0.4,8,0.7,200,10,1,0.150082174,0.999905164,9.147601957,,4.257690506,0.886863496,
0.3,4,0.6,200,5,1,0.143415273,0.999905187,8.765669107,,4.258437886,0.886823774,
0.01,6,0.8,400,3,1,5.843283872,0.86299105,9.185944548,,4.258843718,0.886802201,
0.2,5,0.7,100,1,1,0.041477927,0.999992555,8.976974249,,4.258908699,0.886798747,
0.01,3,0.7,300,3,1,7.798439207,0.756001284,9.368177757,,4.259332303,0.886776227,
0.01,4,0.7,200,3,0.6,9.767905989,0.616978424,10.06650589,,4.259563817,0.886763918,
0.01,7,0.8,400,3,1,5.842952386,0.863007691,9.182618132,,4.25989046,0.886746551,
0.01,8,0.8,400,3,1,5.843185365,0.862996843,9.18277215,,4.25989046,0.886746551,
0.2,3,0.6,100,1,1,0.357401478,0.999448131,8.936824083,,4.260208648,0.886729631,
0.01,6,0.6,400,5,1,8.550764035,0.706713786,9.107984886,,4.260935094,0.886690999,
0.01,7,0.6,400,5,1,8.55076717,0.70671359,9.107993946,,4.260935094,0.886690999,
0.01,8,0.6,400,5,1,8.55076717,0.70671359,9.107993946,,4.260935094,0.886690999,
0.01,5,0.6,400,5,1,8.550823406,0.7067092,9.109687672,,4.261763688,0.886646925,
0.1,7,0.6,400,10,1,1.975754574,0.984231515,8.673782225,,4.261932124,0.886637965,
0.3,4,0.8,100,3,1,0.139832079,0.999915508,9.006349325,,4.262960044,0.886583276,
0.01,5,0.7,200,3,0.6,9.764191051,0.617273921,10.05750845,,4.263519272,0.886553517,
0.01,6,0.7,200,3,0.6,9.764131203,0.617278323,10.05837415,,4.263856267,0.886535583,
0.01,7,0.7,200,3,0.6,9.764131129,0.617278328,10.05837391,,4.263856267,0.886535583,
0.01,8,0.7,200,3,0.6,9.764131129,0.617278328,10.05837391,,4.263856267,0.886535583,
0.1,7,0.8,300,3,0.8,0.096023058,0.999960172,9.475498676,,4.264712694,0.886489998,
0.1,7,0.9,100,5,0.8,2.861800251,0.96702433,9.407581568,,4.26648069,0.886395864,
0.1,7,0.9,200,10,0.8,2.491488177,0.974954787,9.212684631,,4.266846495,0.886376382,
0.1,8,0.9,200,10,0.8,2.490660708,0.974971527,9.210936546,,4.266846495,0.886376382,
0.1,5,0.9,100,10,1,5.38263354,0.883604513,9.195167532,,4.26742245,0.886345706,
0.4,5,0.7,300,10,0.8,0.064606275,0.999980943,9.751667261,,4.268229932,0.88630269,
0.1,6,0.9,100,5,0.8,2.867621888,0.966887521,9.400040865,,4.269994461,0.886208664,
0.1,8,0.9,100,1,1,0.150984635,0.999907625,8.147904873,,4.270113412,0.886202324,
0.4,5,0.7,400,10,0.8,0.014104003,0.999999042,9.754714727,,4.270287544,0.886193042,
0.1,6,0.9,200,10,0.8,2.497062428,0.974841434,9.216311455,,4.270436469,0.886185104,
0.01,5,0.8,400,1,1,2.728485849,0.970063798,8.526049013,,4.27051347,0.886181,
0.2,6,0.8,200,10,1,0.740490986,0.997774487,8.819104309,,4.272005017,0.886101479,
0.2,4,0.6,100,1,1,0.15828146,0.999892916,8.713161707,,4.273163227,0.886039712,
0.2,5,0.7,200,1,1,0.001012742,0.999999996,8.981496572,,4.274168563,0.885986083,
0.2,5,0.7,300,1,1,0.000838303,0.999999997,8.98167038,,4.274339064,0.885976987,
0.2,5,0.7,400,1,1,0.000796231,0.999999997,8.981699705,,4.274417303,0.885972812,
0.2,5,0.6,200,3,1,0.119044632,0.999936288,8.877465725,,4.274714943,0.885956932,
0.1,7,0.8,400,3,0.8,0.02315668,0.999997685,9.47294569,,4.276230889,0.885876031,
0.1,6,0.6,400,10,1,1.974734859,0.984245007,8.675305243,,4.277127395,0.885828174,
0.1,4,0.8,100,5,1,3.527148841,0.950039232,8.84638607,,4.277379869,0.885814695,
0.3,4,0.7,200,10,1,0.450669309,0.999165347,8.918547268,,4.277486036,0.885809026,
0.1,5,0.9,200,10,0.8,2.52959399,0.974178655,9.312710762,,4.280753848,0.885634486,
0.4,6,0.7,200,10,0.8,0.223895912,0.999779249,9.748429298,,4.282834588,0.88552328,
0.2,4,0.8,400,10,0.8,0.16383785,0.999883986,9.61908865,,4.283060345,0.885511211,
0.01,5,0.8,400,3,1,5.845700447,0.862877189,9.184164991,,4.285652024,0.885372615,
0.1,4,0.7,100,3,1,2.597043166,0.972839261,8.921653509,,4.286462268,0.885329268,
0.01,3,0.7,300,5,1,9.104806558,0.667436055,9.498893366,,4.286574358,0.885323271,
0.1,6,0.7,300,10,1,2.153382158,0.98133783,8.741507168,,4.286948233,0.885303266,
0.2,7,0.7,400,10,1,0.161946515,0.999893113,8.891783352,,4.28753829,0.88527169,
0.1,8,0.8,300,3,0.8,0.093598554,0.999962285,9.452682972,,4.287888813,0.88525293,
0.3,7,0.7,300,10,1,0.103231875,0.999955449,8.893444891,,4.288040805,0.885244795,
0.4,3,0.6,100,5,1,0.652932161,0.99822489,8.778906584,,4.288755068,0.885206562,
0.3,8,0.8,200,10,0.8,0.308497048,0.999595401,9.558021069,,4.288790275,0.885204677,
0.4,7,0.6,200,10,0.8,0.461474373,0.999083024,8.969612474,,4.288845674,0.885201711,
0.1,4,0.7,300,1,1,0.014055327,0.999999072,8.745822191,,4.290894708,0.885091993,
0.1,7,0.7,300,10,1,2.150320234,0.981386152,8.730960484,,4.291124035,0.885079711,
0.1,8,0.7,300,10,1,2.149234538,0.981404294,8.731006975,,4.29151772,0.885058623,
0.1,4,0.8,300,10,0.8,1.717086822,0.988092089,9.317230225,,4.291915503,0.885037314,
0.2,3,0.7,100,5,0.8,2.016056855,0.983482155,9.552676439,,4.29263601,0.884998712,
0.1,7,0.9,200,5,1,0.652915765,0.998267723,8.369729156,,4.292730186,0.884993666,
0.2,8,0.7,400,10,1,0.161869709,0.999893223,8.891219015,,4.29429268,0.884909929,
0.1,4,0.7,400,1,1,0.001796559,0.999999985,8.746113777,,4.294518024,0.88489785,
0.4,7,0.7,200,10,0.8,0.222659067,0.999783513,9.733714581,,4.295953332,0.884820899,
0.1,5,0.6,300,1,1,0.022488711,0.999997603,8.558207035,,4.295983328,0.884819291,
0.1,8,0.8,400,3,0.8,0.022391708,0.99999784,9.449334383,,4.300186625,0.884593789,
0.1,7,0.8,100,1,0.8,0.313653832,0.999594914,9.38489151,,4.300813072,0.884560162,
0.01,3,0.7,300,1,1,5.007828423,0.899188574,8.969427576,,4.301387813,0.884529306,
0.1,6,0.8,300,3,0.8,0.104952106,0.999952516,9.472978592,,4.302446374,0.884472465,
0.3,5,0.8,300,10,0.8,0.08760086,0.999966523,9.592575073,,4.302529958,0.884467976,
0.1,7,0.6,300,1,1,0.017617519,0.999998494,8.452315807,,4.302609984,0.884463679,
0.1,8,0.9,200,5,1,0.643900672,0.99831709,8.431080456,,4.303061926,0.884439406,
0.01,4,0.7,300,5,1,9.059969527,0.67073612,9.457876787,,4.303702027,0.884405023,
0.1,7,0.8,100,1,1,0.285989956,0.999669209,8.435232878,,4.304505385,0.884361863,
0.4,8,0.7,300,10,1,0.02646401,0.999996891,9.117954607,,4.304628448,0.884355251,
0.01,5,0.8,400,10,1,9.471520706,0.640118595,9.673252211,,4.304879028,0.884341787,
0.01,6,0.8,400,10,1,9.471505381,0.640120031,9.673558578,,4.304884165,0.884341511,
0.01,7,0.8,400,10,1,9.471505381,0.640120031,9.673558578,,4.304884165,0.884341511,
0.01,8,0.8,400,10,1,9.471505381,0.640120031,9.673558578,,4.304884165,0.884341511,
0.3,5,0.8,100,5,1,0.342739236,0.999514192,8.757817745,,4.305079879,0.884330994,
0.2,5,0.8,200,3,1,0.018686917,0.999998474,8.859829426,,4.305759962,0.884294446,
0.01,4,0.8,400,10,1,9.472887883,0.640018947,9.678980455,,4.305842398,0.884290016,
0.3,5,0.8,400,10,0.8,0.020435559,0.999998102,9.595170498,,4.306145167,0.884273743,
0.1,5,0.9,100,5,1,2.822394838,0.967912904,8.743392344,,4.307039321,0.884225677,
0.1,8,0.6,300,1,1,0.017436532,0.999998519,8.457324028,,4.308058811,0.884170863,
0.01,7,0.7,300,3,1,7.671136112,0.763946388,9.296583519,,4.308836471,0.884129042,
0.01,8,0.7,300,3,1,7.671136112,0.763946388,9.296583519,,4.308836471,0.884129042,
0.01,6,0.7,300,3,1,7.67118959,0.76394315,9.296400652,,4.309103955,0.884114655,
0.1,5,0.6,400,1,1,0.003517433,0.999999939,8.558400631,,4.309972291,0.884067946,
0.2,6,0.7,400,10,1,0.164689338,0.999889119,8.898529644,,4.310064145,0.884063004,
0.1,5,0.7,200,5,0.8,1.54892656,0.99024375,9.144180775,,4.310190019,0.884056232,
0.01,3,0.8,400,10,1,9.503891939,0.637627612,9.674100027,,4.310334389,0.884048465,
0.01,3,0.7,200,3,0.6,9.818324662,0.612993773,10.09825776,,4.31077274,0.88402488,
0.1,8,0.8,100,1,0.8,0.305709454,0.999615656,9.364482164,,4.311276003,0.883997799,
0.1,6,0.7,200,5,1,1.414763623,0.991880783,8.541513319,,4.31150464,0.883985495,
0.1,8,0.8,200,1,1,0.008648292,0.999999687,8.374120474,,4.312344277,0.883940305,
0.2,5,0.7,300,10,0.8,0.544137041,0.998776799,9.253006935,,4.313072183,0.883901121,
0.1,8,0.9,200,1,1,0.002276375,0.999999979,8.139877081,,4.313538223,0.88387603,
0.1,7,0.6,400,1,1,0.002809652,0.999999961,8.451691151,,4.314030283,0.883849535,
0.1,8,0.9,300,1,1,0.001049635,0.999999995,8.139868975,,4.314169321,0.883842048,
0.1,8,0.9,400,1,1,0.000971264,0.999999996,8.139928341,,4.314186411,0.883841127,
0.01,3,0.9,400,3,1,5.719858364,0.868587872,9.257273426,,4.314349428,0.883832349,
0.1,8,0.8,300,1,1,0.001057195,0.999999995,8.374264479,,4.315007364,0.883796915,
0.1,8,0.8,400,1,1,0.000943306,0.999999996,8.374306679,,4.315012619,0.883796632,
0.4,8,0.7,200,10,0.8,0.221711438,0.999785186,9.736294985,,4.316141874,0.883735802,
0.4,8,0.7,400,10,1,0.004314311,0.999999915,9.112932796,,4.316320434,0.883726183,
0.1,6,0.8,400,3,0.8,0.026025021,0.999997076,9.471909523,,4.316891812,0.883695397,
0.1,8,0.6,400,1,1,0.002749369,0.999999962,8.456508636,,4.319117474,0.883575439,
0.01,5,0.7,300,3,1,7.672087989,0.763886251,9.297490463,,4.319279264,0.883566717,
0.2,5,0.8,300,3,1,0.001511773,0.99999999,8.862559319,,4.31942317,0.883558958,
0.01,4,0.7,300,3,1,7.690369729,0.762761144,9.324478254,,4.319491066,0.883555298,
0.4,8,0.6,300,10,0.8,0.159837387,0.9998808,8.946460838,,4.319583228,0.883550329,
0.01,4,0.9,400,1,1,2.45610596,0.975646452,8.729299421,,4.319759202,0.88354084,
0.2,5,0.8,400,3,1,0.0011961,0.999999994,8.862762451,,4.319793092,0.883539013,
0.2,6,0.6,400,10,1,0.376071184,0.999416753,8.874126673,,4.32000225,0.883527735,
0.01,6,0.8,400,1,1,2.685686826,0.971007324,8.526293154,,4.321446739,0.883449832,
0.1,4,0.8,100,3,1,2.082879792,0.982502497,8.835956926,,4.321921468,0.883424223,
0.1,3,0.7,100,10,1,6.840894865,0.812306031,8.982326136,,4.322704423,0.883381982,
0.4,5,0.7,200,10,1,0.158350911,0.999893645,9.105267401,,4.322812316,0.88337616,
0.1,4,0.8,200,1,1,0.05765905,0.999985555,8.800115347,,4.32361389,0.883332906,
0.1,3,0.6,200,5,1,2.405991645,0.976495662,8.760780926,,4.323842319,0.883320578,
0.4,6,0.7,400,10,0.8,0.012743282,0.999999214,9.759125471,,4.32450545,0.883284786,
0.3,6,0.8,200,10,0.8,0.316101119,0.99957601,9.556778908,,4.32451422,0.883284312,
0.2,7,0.6,300,5,1,0.119488889,0.999937225,8.393304348,,4.326226311,0.883191877,
0.4,8,0.6,400,10,0.8,0.050785841,0.999987017,8.928112621,,4.326394962,0.88318277,
0.01,5,0.7,300,5,1,9.055426673,0.671061987,9.446560965,,4.326460865,0.883179211,
0.1,6,0.9,200,5,1,0.674189904,0.998149907,8.413072462,,4.326987894,0.883150748,
0.1,8,0.7,200,5,1,1.415438829,0.991871941,8.500966425,,4.327049913,0.883147399,
0.3,7,0.7,400,10,1,0.026066169,0.999997026,8.878840799,,4.32731921,0.883132853,
0.1,7,0.7,200,5,1,1.4155927,0.991869897,8.493151779,,4.327646253,0.883115188,
0.01,7,0.7,300,5,1,9.055194603,0.671079274,9.445909128,,4.327894887,0.883101757,
0.01,8,0.7,300,5,1,9.055194603,0.671079274,9.445909128,,4.327894887,0.883101757,
0.01,6,0.7,300,5,1,9.055205114,0.671078496,9.445923672,,4.327895111,0.883101745,
0.01,8,0.9,400,1,1,2.197047758,0.980564826,8.585998173,,4.328560097,0.883065819,
0.4,6,0.7,300,10,0.8,0.059202392,0.999983974,9.755473137,,4.328589027,0.883064256,
0.3,4,0.8,200,3,1,0.002645547,0.999999969,9.028095245,,4.32912373,0.883035364,
0.01,7,0.9,400,1,1,2.198271583,0.980542336,8.591585274,,4.329943375,0.88299107,
0.3,4,0.8,300,3,1,0.001152813,0.999999995,9.028585196,,4.330343538,0.882969441,
0.3,4,0.8,400,3,1,0.00105229,0.999999995,9.028538465,,4.330659982,0.882952337,
0.1,5,0.8,100,1,1,0.390274517,0.999376769,8.554766655,,4.330868991,0.882941038,
0.01,5,0.9,400,3,1,5.310162048,0.886721248,9.20700943,,4.330871028,0.882940928,
0.1,5,0.8,200,3,0.8,0.466048391,0.99909704,9.520009995,,4.331312683,0.882917052,
0.1,7,0.9,100,1,1,0.161680996,0.999893573,8.13283062,,4.331828768,0.882889149,
0.2,6,0.9,100,10,1,2.376123673,0.977237707,8.495809546,,4.333246991,0.882812453,
0.01,3,0.9,400,5,1,7.282381955,0.787237717,9.569143877,,4.333722444,0.882786736,
0.1,4,0.9,100,10,1,5.416646522,0.882128092,9.182174673,,4.335973201,0.882664952,
0.01,5,0.9,400,1,1,2.266653007,0.979270823,8.637198563,,4.336930762,0.882613122,
0.01,4,0.8,400,1,1,2.888307579,0.966425892,8.570343847,,4.337699666,0.882571495,
0.2,7,0.9,100,10,1,2.371492774,0.977327112,8.479705563,,4.337727709,0.882569976,
0.1,7,0.9,300,5,1,0.161036788,0.999893944,8.356327648,,4.339205552,0.882489947,
0.01,4,0.9,400,10,1,9.173622065,0.662394868,9.909932957,,4.339387916,0.88248007,
0.01,5,0.9,400,10,1,9.173340284,0.662413228,9.900853262,,4.339615101,0.882467764,
0.01,6,0.9,400,10,1,9.173317374,0.662414993,9.900534019,,4.339656802,0.882465505,
0.01,7,0.9,400,10,1,9.173317374,0.662414993,9.900534019,,4.339656802,0.882465505,
0.01,8,0.9,400,10,1,9.173317374,0.662414993,9.900534019,,4.339656802,0.882465505,
0.4,8,0.7,300,1,1,0.000678506,0.999999998,9.070283175,,4.340117876,0.882440529,
0.4,8,0.7,100,1,1,0.000856266,0.999999997,9.070304155,,4.340138562,0.882439408,
0.4,8,0.7,200,1,1,0.000701905,0.999999998,9.070326567,,4.340159467,0.882438275,
0.4,8,0.7,400,1,1,0.000666853,0.999999998,9.070376158,,4.340300764,0.882430621,
0.4,7,0.7,200,10,1,0.150210573,0.999904943,9.130145187,,4.340908371,0.882397701,
0.1,5,0.7,300,10,1,2.159922774,0.981227838,8.706699486,,4.342059576,0.882335317,
0.01,3,0.9,400,5,0.6,7.447176402,0.777253313,9.605274668,,4.34217534,0.882329042,
0.3,8,0.8,100,5,1,0.28769603,0.999663535,8.760347128,,4.343819725,0.882239901,
0.1,8,0.9,300,5,1,0.156578344,0.99990022,8.430796499,,4.34429243,0.88221427,
0.1,4,0.8,400,1,1,0.001205302,0.999999994,8.804342031,,4.344550103,0.882200297,
0.2,6,0.7,300,10,0.8,0.535244009,0.998814568,9.253073454,,4.34510196,0.882170369,
0.1,4,0.8,300,1,1,0.005195192,0.999999868,8.804294825,,4.345327841,0.882158118,
0.1,4,0.8,300,3,0.8,0.215197417,0.99980247,9.648346186,,4.346599658,0.882089126,
0.1,4,0.8,400,3,0.8,0.063828919,0.999982036,9.652243614,,4.348194135,0.882002603,
0.3,4,0.6,300,5,1,0.030848382,0.99999539,8.761437178,,4.348723941,0.881973846,
0.1,6,0.6,200,3,1,0.947197293,0.996316124,8.550275564,,4.349373471,0.881938587,
0.3,8,0.8,300,10,0.8,0.072598113,0.999976689,9.579170227,,4.350068127,0.881900872,
0.2,5,0.6,300,3,1,0.022420806,0.999997499,8.87341857,,4.352310836,0.881779067,
0.01,3,0.9,400,10,1,9.221955029,0.658799643,9.907388792,,4.354431463,0.881663834,
0.1,5,0.9,300,3,1,0.048386783,0.999989494,8.619542122,,4.355291733,0.881617072,
0.2,8,0.6,300,5,1,0.119148176,0.999937532,8.394319057,,4.355973032,0.881580032,
0.2,5,0.7,100,5,0.8,1.535199187,0.990451788,9.53286624,,4.35700011,0.881524182,
0.4,7,0.7,300,10,0.8,0.058199626,0.999984556,9.733249426,,4.358110463,0.881463789,
0.3,5,0.7,300,10,1,0.109165341,0.999950018,8.87671792,,4.358711664,0.881431082,
0.1,5,0.6,200,3,1,0.970218235,0.996130522,8.461064577,,4.358893169,0.881421207,
0.3,7,0.8,200,10,0.8,0.31044358,0.999590437,9.539856434,,4.359300937,0.88139902,
0.1,7,0.9,400,5,1,0.039962715,0.999993364,8.363311882,,4.359929581,0.881364812,
0.1,5,0.8,400,5,1,0.119939892,0.999940477,8.622787952,,4.360054596,0.881358008,
0.4,7,0.7,400,10,0.8,0.012471998,0.999999254,9.735622883,,4.361089062,0.881301703,
0.1,8,0.9,400,5,1,0.037876464,0.99999408,8.435074444,,4.361689681,0.881269006,
0.3,8,0.8,400,10,0.8,0.016002489,0.999998858,9.581079483,,4.361974581,0.881253495,
0.2,6,0.7,100,5,1,1.46929829,0.991308881,8.85248518,,4.363773886,0.88115551,
0.2,5,0.6,400,3,1,0.003481573,0.999999941,8.870181084,,4.364007987,0.881142758,
0.2,5,0.7,400,10,1,0.170390045,0.999880557,8.960902805,,4.364090265,0.881138276,
0.2,8,0.8,300,10,1,0.202423986,0.999833087,8.849005337,,4.365519976,0.881060383,
0.3,4,0.6,400,5,1,0.004970975,0.999999879,8.760107517,,4.366654739,0.880998541,
0.4,8,0.7,300,10,0.8,0.057822339,0.999984706,9.73409152,,4.366735337,0.880994148,
0.4,8,0.7,400,10,0.8,0.012369987,0.999999264,9.737385273,,4.367527099,0.880950989,
0.1,4,0.9,100,5,1,2.95611711,0.96479688,9.039763088,,4.367595646,0.880947252,
0.2,7,0.8,300,10,1,0.203960732,0.999830399,8.835959311,,4.368127355,0.880918264,
0.3,4,0.8,200,10,0.8,0.420684047,0.999261548,9.464329958,,4.369149677,0.880862517,
0.01,6,0.9,400,1,1,2.222948496,0.980088885,8.627116318,,4.369797948,0.88082716,
0.2,8,0.7,100,5,1,1.462999468,0.99137894,8.846480131,,4.372564759,0.8806762,
0.1,7,0.9,200,1,1,0.002777707,0.999999968,8.125295162,,4.373020039,0.88065135,
0.1,7,0.9,300,1,1,0.00108418,0.999999995,8.125499964,,4.373290499,0.880636587,
0.1,7,0.9,400,1,1,0.000993165,0.999999996,8.125577688,,4.373342396,0.880633754,
0.3,7,0.8,200,10,1,0.203198257,0.999830277,8.473221416,,4.373833202,0.88060696,
0.01,3,0.8,300,5,1,8.734272613,0.694012708,9.639425383,,4.373984147,0.88059872,
0.2,7,0.7,100,5,1,1.464896334,0.99135721,8.838749647,,4.374405923,0.880575691,
0.4,4,0.9,100,3,1,0.017030004,0.999998575,9.643369913,,4.375163033,0.880534348,
0.1,5,0.9,400,3,1,0.008336072,0.99999968,8.623292685,,4.376816029,0.88044406,
0.1,5,0.8,100,10,1,6.012513463,0.854899654,8.996929874,,4.378253482,0.880365517,
0.1,6,0.8,100,10,1,6.007608235,0.855144167,8.968372097,,4.378975752,0.880326042,
0.1,7,0.8,100,10,1,6.007273614,0.855160683,8.968257418,,4.379005116,0.880324437,
0.1,8,0.8,100,10,1,6.006831806,0.855181106,8.972265234,,4.379005116,0.880324437,
0.1,7,0.8,200,1,0.8,0.022031188,0.999997772,9.413030148,,4.380055369,0.880267024,
0.01,4,0.8,400,3,0.6,6.195320317,0.845884637,9.219114418,,4.380530271,0.880241059,
0.1,7,0.8,400,1,0.8,0.001131534,0.999999995,9.41541791,,4.38090924,0.880220337,
0.1,7,0.8,300,1,0.8,0.001950744,0.999999983,9.41535902,,4.381158083,0.880206729,
0.4,4,0.9,200,3,1,0.001273727,0.999999993,9.644690514,,4.382248141,0.880147111,
0.4,4,0.9,300,3,1,0.001135551,0.999999995,9.644629478,,4.382400296,0.880138788,
0.4,4,0.9,400,3,1,0.001076832,0.999999995,9.644748449,,4.38255883,0.880130116,
0.1,8,0.8,200,1,0.8,0.019762048,0.99999819,9.389136076,,4.385940011,0.879945084,
0.3,6,0.8,300,10,0.8,0.075844533,0.99997475,9.580847263,,4.386284692,0.879926213,
0.1,8,0.8,400,1,0.8,0.001119759,0.999999995,9.392091036,,4.386295118,0.879925642,
0.1,3,0.8,100,3,1,2.525273757,0.97426011,9.000017281,,4.386339987,0.879923186,
0.1,8,0.8,300,1,0.8,0.001822235,0.999999985,9.391959429,,4.386465901,0.879916292,
0.1,5,0.7,200,5,1,1.443725017,0.991548487,8.542171116,,4.386673195,0.879904942,
0.3,4,0.6,400,10,1,0.096668078,0.99995965,9.007944937,,4.386988326,0.879887686,
0.1,3,0.8,200,10,1,3.288642611,0.956456571,8.898111935,,4.387513663,0.879858918,
0.2,4,0.6,200,1,1,0.006213027,0.999999807,8.749985456,,4.387687754,0.879849384,
0.2,7,0.7,300,10,0.8,0.532335757,0.998828391,9.254131556,,4.388001466,0.879832202,
0.01,6,0.7,200,3,0.8,9.484674395,0.639032006,9.624715548,,4.388080136,0.879827893,
0.01,7,0.7,200,3,0.8,9.48467171,0.6390322,9.624765615,,4.388080136,0.879827893,
0.01,8,0.7,200,3,0.8,9.48467171,0.6390322,9.624765615,,4.388080136,0.879827893,
0.01,5,0.7,200,3,0.8,9.485162628,0.638995256,9.623362999,,4.388114104,0.879826033,
0.2,8,0.7,300,10,0.8,0.531727005,0.998830479,9.253061056,,4.389668604,0.879740874,
0.1,7,0.8,200,1,1,0.00971796,0.999999604,8.446117163,,4.390357403,0.87970313,
0.2,4,0.6,300,1,1,0.000993464,0.999999996,8.750604391,,4.390836331,0.879676883,
0.2,6,0.6,300,5,1,0.121760309,0.999934632,8.383328438,,4.390866668,0.879675221,
0.3,6,0.8,200,10,1,0.210535581,0.99981751,8.487960453,,4.391059771,0.879664637,
0.2,4,0.6,400,1,1,0.000841853,0.999999997,8.750653744,,4.39126073,0.879653622,
0.01,4,0.7,200,3,0.8,9.491930274,0.638476275,9.653724174,,4.392442022,0.879588865,
0.1,7,0.8,300,1,1,0.001113296,0.999999995,8.446280956,,4.392779304,0.879570372,
0.1,7,0.8,400,1,1,0.000956225,0.999999996,8.446328878,,4.39291307,0.879563038,
0.1,8,0.8,300,10,1,1.489187541,0.991058394,8.630853291,,4.393336487,0.87953982,
0.2,5,0.7,400,10,0.8,0.247699773,0.999742263,9.252218246,,4.393940937,0.879506671,
0.4,6,0.7,200,10,1,0.151214052,0.999903809,9.113251801,,4.3948975,0.879454202,
0.2,4,0.8,100,3,1,0.510806137,0.998916175,8.83009696,,4.395481053,0.879422188,
0.3,6,0.7,300,10,1,0.104653227,0.999954376,8.919211025,,4.396178508,0.879383919,
0.1,4,0.9,100,5,0.8,3.037413634,0.962848748,9.57188344,,4.396566571,0.879362624,
0.3,5,0.8,200,5,1,0.017201715,0.999998691,8.805181742,,4.396774417,0.879351218,
0.01,4,0.8,300,5,1,8.667425916,0.69872418,9.599606142,,4.397621477,0.879304726,
0.3,6,0.8,400,10,0.8,0.017062078,0.999998711,9.585395813,,4.397692602,0.879300822,
0.01,6,0.8,300,5,1,8.659438917,0.699271753,9.573224649,,4.398526578,0.879255039,
0.01,7,0.8,300,5,1,8.659325807,0.699279871,9.57322751,,4.398526578,0.879255039,
0.01,8,0.8,300,5,1,8.659325807,0.699279871,9.57322751,,4.398526578,0.879255039,
0.01,5,0.8,300,5,1,8.659230966,0.699286356,9.574662313,,4.398583414,0.879251918,
0.1,5,0.8,100,1,0.8,0.441148858,0.999193861,9.394365311,,4.399642087,0.879193787,
0.1,7,0.6,400,5,1,0.480548169,0.999051573,8.722240448,,4.400460309,0.879148849,
0.4,4,0.7,200,10,0.8,0.290818822,0.999632477,9.734795094,,4.400577806,0.879142395,
0.4,8,0.9,100,1,1,0.000872323,0.999999997,9.437144279,,4.401726143,0.879079311,
0.2,4,0.8,100,10,1,3.045653905,0.962686484,8.869834776,,4.401811812,0.879074604,
0.4,8,0.9,200,1,1,0.00081488,0.999999997,9.437202692,,4.401875833,0.879071087,
0.2,5,0.6,200,5,1,0.448745895,0.99915208,8.51518178,,4.401966564,0.879066101,
0.4,8,0.9,300,1,1,0.000786855,0.999999997,9.437205553,,4.401968174,0.879066013,
0.4,8,0.9,400,1,1,0.000754001,0.999999998,9.437192917,,4.402091576,0.879059232,
0.4,5,0.7,300,10,1,0.029966517,0.999995941,9.081726189,,4.402432271,0.879040512,
0.2,8,0.9,100,10,1,2.371034999,0.977334476,8.506092062,,4.403424125,0.878986002,
0.3,8,0.8,200,5,1,0.010362987,0.999999529,8.780797243,,4.404970807,0.878900976,
0.3,4,0.6,100,1,1,0.025920511,0.999996479,8.737324209,,4.405167403,0.878890166,
0.1,6,0.6,400,5,1,0.482130426,0.999045189,8.756131649,,4.40529281,0.87888327,
0.1,6,0.8,300,10,1,1.495617089,0.99097837,8.649335022,,4.405634179,0.878864499,
0.4,7,0.6,300,10,0.8,0.158115852,0.999883434,8.938377256,,4.406723292,0.8788046,
0.3,5,0.8,300,5,1,0.001685434,0.999999988,8.808083773,,4.407196131,0.87877859,
0.1,7,0.8,300,5,0.8,0.378382956,0.999408832,9.342623949,,4.407255719,0.878775312,
0.01,7,0.9,300,5,1,8.32507521,0.72200891,9.755968914,,4.407311522,0.878772242,
0.01,8,0.9,300,5,1,8.32507521,0.72200891,9.755968914,,4.407311522,0.878772242,
0.01,6,0.9,300,5,1,8.325067205,0.722009403,9.755969391,,4.407451701,0.878764531,
0.3,5,0.8,400,5,1,0.001360816,0.999999992,8.808256388,,4.40766741,0.878752663,
0.1,7,0.9,200,10,1,2.360827691,0.977496695,8.713132372,,4.408415262,0.878711516,
0.1,8,0.9,200,10,1,2.359771902,0.977518212,8.714585533,,4.409305018,0.878662551,
0.1,6,0.9,200,10,1,2.37135074,0.977294644,8.72100853,,4.410118533,0.878617773,
0.1,6,0.9,100,3,0.8,1.449689117,0.991512321,9.444433088,,4.410204095,0.878613063,
0.2,6,0.9,100,5,1,0.6736511,0.998156819,8.439971323,,4.410329034,0.878606186,
0.1,6,0.8,300,5,0.8,0.394775245,0.999352769,9.392701626,,4.411024278,0.87856791,
0.1,5,0.6,400,10,1,1.978630895,0.98418383,8.661178942,,4.411704766,0.87853044,
0.01,4,0.9,300,5,1,8.340135362,0.721011251,9.782350883,,4.411734746,0.878528789,
0.3,8,0.8,300,5,1,0.001551207,0.99999999,8.782595634,,4.412396267,0.878492358,
0.3,8,0.8,400,5,1,0.001283249,0.999999993,8.78266573,,4.412854478,0.878467121,
0.2,4,0.7,300,10,0.8,0.602960199,0.998488279,9.290655375,,4.413361289,0.878439203,
0.4,7,0.7,300,10,1,0.026825912,0.999996795,9.108089085,,4.413626392,0.878424599,
0.1,8,0.8,300,5,0.8,0.374552133,0.999420217,9.348238707,,4.414250456,0.878390216,
0.01,5,0.9,300,5,1,8.325215469,0.721998994,9.761152611,,4.414849338,0.878357216,
0.1,5,0.8,300,10,1,1.518310102,0.990704527,8.679389353,,4.414872402,0.878355945,
0.2,8,0.9,100,5,1,0.651961707,0.998280909,8.451104755,,4.414934483,0.878352524,
0.4,7,0.6,400,10,0.8,0.050191523,0.999987327,8.925160761,,4.415009104,0.878348412,
0.2,7,0.6,400,5,1,0.031965018,0.999995379,8.39095211,,4.415744343,0.878307891,
0.3,6,0.8,100,5,0.8,0.365031998,0.99944102,9.641819,,4.416171838,0.878284328,
0.1,6,0.8,100,1,1,0.308847951,0.999613106,8.489755392,,4.416588312,0.878261369,
0.01,3,0.6,300,1,0.6,5.850075783,0.862029241,9.077520247,,4.418505668,0.878155647,
0.3,3,0.6,100,5,1,1.197772159,0.99414152,8.827634811,,4.418779492,0.878140544,
0.1,7,0.8,300,10,1,1.491480617,0.991031101,8.624045725,,4.419602073,0.87809517,
0.01,3,0.7,200,3,0.8,9.554982115,0.633628389,9.693999987,,4.420189959,0.878062737,
0.2,5,0.9,100,10,0.8,2.489054485,0.975012699,9.210594654,,4.42095746,0.878020388,
0.01,6,0.9,300,3,1,6.734124339,0.817993207,9.343237267,,4.421787087,0.877974603,
0.2,5,0.8,200,10,1,0.770929587,0.997586682,8.825679655,,4.421920362,0.877967247,
0.4,5,0.7,400,10,1,0.005144384,0.999999875,9.080032225,,4.422096392,0.877957531,
0.1,5,0.8,300,3,0.8,0.134026141,0.999922795,9.567710876,,4.422224723,0.877950448,
0.01,3,0.9,300,5,1,8.446846449,0.713815495,9.821095572,,4.422248606,0.877949129,
0.3,7,0.8,300,10,0.8,0.073353056,0.999976194,9.573098898,,4.423146937,0.877899538,
0.2,4,0.6,200,5,1,0.503069474,0.998933065,8.634410143,,4.423480793,0.877881105,
0.3,4,0.6,300,1,1,0.00080501,0.999999997,8.735843153,,4.423557953,0.877876844,
0.1,3,0.7,100,5,1,4.519595855,0.917979095,9.018608799,,4.423589359,0.87787511,
0.3,4,0.6,400,1,1,0.000747337,0.999999998,8.735843868,,4.423718053,0.877868004,
0.3,4,0.6,200,1,1,0.000993603,0.999999996,8.735789747,,4.423767844,0.877865255,
0.1,6,0.8,200,3,1,0.308785999,0.999605649,8.47335803,,4.424300714,0.87783583,
0.1,4,0.9,200,10,0.8,2.619233415,0.972312733,9.297010422,,4.425037451,0.87779514,
0.1,6,0.9,300,5,1,0.174478131,0.999874231,8.429556723,,4.425232726,0.877784355,
0.4,6,0.9,100,1,1,0.000906883,0.999999997,9.470851421,,4.425754425,0.877755536,
0.4,6,0.9,200,1,1,0.00082876,0.999999997,9.470882177,,4.425825093,0.877751632,
0.4,6,0.9,300,1,1,0.000794716,0.999999997,9.47088623,,4.425841556,0.877750723,
0.4,6,0.9,400,1,1,0.00076914,0.999999998,9.47085166,,4.426014375,0.877741176,
0.3,8,0.8,200,10,1,0.200401224,0.999835161,8.435476656,,4.426205426,0.877730621,
0.1,5,0.8,400,3,0.8,0.034262521,0.999994903,9.569178343,,4.427135507,0.87767923,
0.4,7,0.7,400,10,1,0.004301609,0.999999917,9.10480773,,4.42739423,0.877664933,
0.3,5,0.9,100,5,1,0.207186074,0.999817177,8.982677221,,4.427745983,0.877645493,
0.01,4,0.9,300,3,1,6.778658524,0.815569657,9.432673206,,4.428082963,0.877626869,
0.1,4,0.6,200,3,1,1.057619628,0.995383401,8.582787037,,4.428906976,0.87758132,
0.3,5,0.7,400,10,1,0.028636186,0.999996398,8.870778198,,4.428960363,0.877578369,
0.1,3,0.8,200,5,1,1.584060049,0.989788671,8.776297922,,4.429417476,0.877553097,
0.3,6,0.7,400,10,1,0.026422294,0.999997023,8.905476923,,4.429512784,0.877547828,
0.01,7,0.9,300,3,1,6.734157834,0.81799164,9.348145113,,4.429584753,0.877543849,
0.01,8,0.9,300,3,1,6.734147256,0.817992207,9.348143206,,4.429584753,0.877543849,
0.1,7,0.9,100,3,0.8,1.434847824,0.99168836,9.400764103,,4.430741449,0.877479886,
0.1,4,0.7,300,10,1,2.201852449,0.980486203,8.773506756,,4.431181505,0.877455548,
0.1,8,0.8,200,3,1,0.284807855,0.999666324,8.423441048,,4.433772326,0.877312208,
0.3,7,0.8,400,10,0.8,0.016463101,0.999998785,9.574883461,,4.434852557,0.877252418,
0.2,7,0.8,400,10,1,0.061283995,0.999984528,8.862987633,,4.435244967,0.877230695,
0.2,8,0.8,400,10,1,0.060138217,0.999985173,8.874966974,,4.435404853,0.877221843,
0.2,6,0.7,400,10,0.8,0.238243885,0.999762575,9.261270523,,4.435773454,0.877201436,
0.1,4,0.6,400,10,1,1.999976287,0.98384218,8.686584826,,4.437858573,0.877085961,
0.1,5,0.8,200,3,1,0.358722925,0.999466707,8.656625509,,4.438526282,0.877048971,
0.2,8,0.6,400,5,1,0.031996352,0.999995375,8.390662909,,4.439427474,0.876999039,
0.1,8,0.9,100,3,0.8,1.430666721,0.991736967,9.383271093,,4.439769198,0.876980102,
0.2,8,0.9,200,5,1,0.037110205,0.999994261,8.465434666,,4.442103562,0.876850704,
0.1,5,0.9,200,10,1,2.401641645,0.976712884,8.751055946,,4.442133009,0.876849071,
0.01,3,0.6,300,5,1,9.576648841,0.632004051,9.365866652,,4.442644385,0.876820715,
0.1,4,0.6,100,1,1,1.063558482,0.995380892,8.739326239,,4.445002884,0.876689895,
0.01,5,0.8,400,3,0.6,6.181339852,0.846580565,9.262918587,,4.445623233,0.876655474,
0.3,6,0.8,200,5,0.8,0.029088334,0.999995988,9.67756629,,4.44656014,0.876603479,
0.01,6,0.8,400,3,0.6,6.181206541,0.846585839,9.261304493,,4.447044593,0.876576589,
0.01,7,0.8,400,3,0.6,6.181207562,0.846585791,9.26135766,,4.447044593,0.876576589,
0.01,8,0.8,400,3,0.6,6.181207562,0.846585791,9.26135766,,4.447044593,0.876576589,
0.1,8,0.6,400,5,1,0.479973477,0.99905398,8.712100744,,4.447754393,0.876537187,
0.4,3,0.6,300,10,1,0.180896085,0.999857625,8.946886654,,4.447871645,0.876530677,
0.3,6,0.8,400,5,0.8,0.001471073,0.999999991,9.680747271,,4.44949965,0.876440276,
0.4,7,0.9,100,1,1,0.000904545,0.999999997,9.423210621,,4.449601433,0.876434623,
0.4,7,0.9,200,1,1,0.00085153,0.999999997,9.423263073,,4.449710921,0.876428542,
0.4,7,0.9,300,1,1,0.000807718,0.999999997,9.423247814,,4.44974153,0.876426842,
0.3,6,0.8,300,5,0.8,0.002584225,0.99999997,9.680585384,,4.449810471,0.876423013,
0.4,7,0.9,400,1,1,0.000786903,0.999999997,9.423293352,,4.449867855,0.876419826,
0.1,3,0.8,100,3,0.8,2.578455422,0.973100005,9.559235573,,4.449922821,0.876416773,
0.4,4,0.6,200,10,0.8,0.516239306,0.998845869,8.972925301,,4.451465242,0.876331086,
0.2,8,0.9,300,5,1,0.002764182,0.999999968,8.465694542,,4.452589116,0.876268632,
0.2,8,0.9,400,5,1,0.001623539,0.999999989,8.46581542,,4.452863887,0.87625336,
0.1,6,0.9,400,5,1,0.046366723,0.999990854,8.4339112,,4.455823054,0.876088833,
0.4,8,0.9,100,5,1,0.034150132,0.999995084,9.234055519,,4.456451697,0.876053867,
0.3,7,0.9,100,1,1,0.000954359,0.999999996,8.609264612,,4.458364964,0.875947418,
0.3,7,0.9,100,10,1,1.061776074,0.995441493,8.449606657,,4.458399646,0.875945488,
0.1,5,0.9,100,5,0.8,2.910691117,0.965892823,9.454136848,,4.458458344,0.875942221,
0.3,7,0.9,200,1,1,0.000863349,0.999999997,8.609347343,,4.45856009,0.875936559,
0.3,7,0.9,300,1,1,0.000835528,0.999999997,8.609346151,,4.458638148,0.875932215,
0.3,7,0.9,400,1,1,0.000805013,0.999999997,8.609342575,,4.458668353,0.875930534,
0.3,8,0.9,100,10,1,1.06052213,0.995454532,8.489500523,,4.458974235,0.87591351,
0.4,6,0.7,300,10,1,0.026536054,0.999996839,9.088624592,,4.462782112,0.875701484,
0.1,7,0.8,200,3,1,0.29092874,0.999651308,8.43109786,,4.464189155,0.875623093,
0.3,5,0.8,200,10,1,0.22753227,0.999786184,8.583326216,,4.46455809,0.875602535,
0.3,7,0.8,300,10,1,0.034039605,0.999995105,8.49202549,,4.465320204,0.875560061,
0.1,4,0.7,200,5,0.8,1.658702341,0.988798759,9.123483658,,4.465568071,0.875546246,
0.1,4,0.9,200,10,1,2.490021708,0.974975079,8.736678829,,4.466797148,0.875477728,
0.01,4,0.6,300,5,1,9.545850554,0.634381451,9.345005264,,4.468157938,0.875401846,
0.3,6,0.9,100,10,1,1.07053842,0.99536479,8.524684668,,4.468241371,0.875397193,
0.4,8,0.9,200,5,1,0.00149187,0.999999991,9.241238356,,4.468958344,0.875357202,
0.4,8,0.9,300,5,1,0.001324241,0.999999993,9.241263628,,4.469312477,0.875337448,
0.4,8,0.9,400,5,1,0.001253162,0.999999993,9.241384983,,4.469483564,0.875327903,
0.1,5,0.9,200,5,1,0.735705392,0.99779605,8.392040491,,4.46995591,0.87530155,
0.01,5,0.6,300,5,1,9.542500481,0.634634719,9.331967583,,4.469977496,0.875300346,
0.01,6,0.6,300,5,1,9.542270027,0.634652356,9.330228558,,4.470407523,0.875276352,
0.01,7,0.6,300,5,1,9.542275108,0.63465198,9.33021306,,4.470407523,0.875276352,
0.01,8,0.6,300,5,1,9.542275108,0.63465198,9.33021306,,4.470407523,0.875276352,
0.2,6,0.8,300,10,1,0.209076906,0.999821513,8.898425694,,4.470794,0.875254786,
0.4,8,0.8,100,10,1,0.77779788,0.997565692,8.693084831,,4.471087742,0.875238393,
0.3,4,0.8,300,10,0.8,0.115352081,0.999942666,9.507090807,,4.471363611,0.875222997,
0.4,7,0.8,100,10,1,0.77676364,0.997572167,8.703143711,,4.471738002,0.8752021,
0.4,4,0.7,300,10,0.8,0.082968719,0.999969144,9.770373583,,4.47291131,0.875136602,
0.3,4,0.8,400,10,0.8,0.028392916,0.999996411,9.509926796,,4.473003952,0.87513143,
0.3,8,0.7,100,3,1,0.128362369,0.999930566,9.092952251,,4.473479453,0.87510488,
0.4,6,0.7,400,10,1,0.004364121,0.999999912,9.085036869,,4.474083319,0.875071159,
0.2,6,0.6,400,5,1,0.033049078,0.999995045,8.384363174,,4.474528822,0.875046279,
0.1,4,0.8,300,5,1,0.442933282,0.999195159,8.741597652,,4.475019924,0.875018849,
0.2,6,0.9,200,5,1,0.043397676,0.999992025,8.430606956,,4.475577358,0.87498771,
0.3,5,0.7,100,3,1,0.145899541,0.999909442,9.152742624,,4.477546988,0.874877654,
0.2,4,0.7,100,1,1,0.073710345,0.999976948,9.076189041,,4.478034138,0.874850426,
0.3,7,0.7,100,3,1,0.129772518,0.999928772,9.093167782,,4.478522736,0.874823115,
0.4,4,0.7,400,10,0.8,0.018750927,0.999998313,9.768775463,,4.479202367,0.87478512,
0.1,5,0.8,200,1,0.8,0.046551737,0.999990378,9.426213026,,4.481166431,0.874675286,
0.2,7,0.9,100,5,1,0.658602175,0.998242588,8.439813251,,4.481677392,0.874646704,
0.1,4,0.6,100,10,0.6,7.530864928,0.772206129,9.512273073,,4.481686791,0.874646178,
0.1,8,0.9,300,10,1,1.078318223,0.995299289,8.668679466,,4.48250756,0.87460026,
0.1,5,0.8,300,5,0.8,0.447133846,0.999168086,9.44192791,,4.482758981,0.874586192,
0.2,7,0.7,400,10,0.8,0.234936069,0.999769234,9.265282631,,4.48291009,0.874577737,
0.1,4,0.8,300,5,0.8,0.575850012,0.998622442,9.506066322,,4.483671234,0.874535143,
0.01,4,0.6,300,1,0.6,5.667392631,0.870594784,9.053720827,,4.484411483,0.874493711,
0.2,4,0.6,200,3,1,0.163506474,0.999878684,8.9605124,,4.485773765,0.874417447,
0.3,7,0.8,100,5,1,0.292175462,0.999650772,8.773999214,,4.487050246,0.874345965,
0.2,8,0.7,400,10,0.8,0.233782035,0.999771231,9.264029741,,4.487462462,0.874322876,
0.3,7,0.8,400,10,1,0.005878058,0.99999985,8.489392157,,4.487955405,0.874295264,
0.1,5,0.8,400,1,0.8,0.001228677,0.999999994,9.42863822,,4.48838231,0.874271348,
0.1,5,0.8,300,1,0.8,0.004031445,0.999999925,9.428658009,,4.48866001,0.87425579,
0.1,5,0.8,200,1,1,0.022524217,0.99999784,8.544239044,,4.489428952,0.874212704,
0.1,6,0.6,100,10,0.6,7.52827689,0.772356937,9.504457827,,4.489707271,0.874197107,
0.1,7,0.6,100,10,0.6,7.528298852,0.772355627,9.504465694,,4.489707271,0.874197107,
0.1,8,0.6,100,10,0.6,7.528298852,0.772355627,9.504465694,,4.489707271,0.874197107,
0.1,5,0.6,100,10,0.6,7.52803438,0.772371525,9.5058459,,4.489707792,0.874197078,
0.4,5,0.7,100,1,1,0.00094249,0.999999996,9.295416355,,4.491564612,0.874092999,
0.4,5,0.7,200,1,1,0.00073705,0.999999998,9.295471907,,4.491641115,0.87408871,
0.4,5,0.7,300,1,1,0.000707936,0.999999998,9.295484781,,4.491693122,0.874085795,
0.4,5,0.7,400,1,1,0.000693159,0.999999998,9.295501947,,4.491914016,0.87407341,
0.2,4,0.9,100,10,1,2.515516291,0.974500654,8.653152695,,4.492689982,0.874029899,
0.1,5,0.6,400,5,1,0.492976732,0.999000226,8.802207232,,4.493886862,0.873962772,
0.1,6,0.9,300,10,1,1.096580765,0.995137284,8.690555325,,4.493892489,0.873962456,
0.3,8,0.7,100,5,1,0.542702214,0.998800252,9.014164209,,4.494934624,0.873903993,
0.2,4,0.7,400,10,0.8,0.288776651,0.999646358,9.290245533,,4.495077291,0.873895988,
0.1,7,0.9,300,10,1,1.082281605,0.995264246,8.677951326,,4.495331741,0.873881711,
0.1,7,0.8,400,5,0.8,0.143670806,0.999913673,9.367987633,,4.497071762,0.873784059,
0.1,5,0.8,300,1,1,0.001436703,0.999999991,8.545382738,,4.497184368,0.873777738,
0.1,5,0.8,400,1,1,0.001025255,0.999999996,8.545462132,,4.497431427,0.873763869,
0.01,3,0.6,200,3,0.6,10.27248195,0.576171375,10.19777725,,4.497536923,0.873757947,
0.1,4,0.7,200,5,1,1.540483392,0.990359762,8.703470583,,4.498515266,0.873703018,
0.3,5,0.9,100,10,1,1.109349297,0.995023109,8.474487181,,4.498525866,0.873702423,
0.01,4,0.6,200,3,0.6,10.23966043,0.578879805,10.17381022,,4.498564005,0.873700281,
0.2,6,0.9,300,5,1,0.003572805,0.999999946,8.432543392,,4.499349871,0.87365615,
0.3,8,0.7,200,10,0.8,0.515323466,0.998896406,9.316157103,,4.499369565,0.873655044,
0.3,7,0.7,100,5,1,0.541919956,0.99880475,9.011728764,,4.499460077,0.873649961,
0.1,6,0.8,400,5,0.8,0.152419039,0.999902373,9.415994406,,4.499541285,0.8736454,
0.01,5,0.6,200,3,0.6,10.23710214,0.579090387,10.16324161,,4.499941962,0.873622896,
0.1,3,0.8,100,1,1,1.152501781,0.994509817,8.887612581,,4.50037421,0.873598616,
0.2,6,0.9,400,5,1,0.001737369,0.999999987,8.432869072,,4.500655812,0.873582797,
0.1,5,0.8,400,10,0.8,0.935428105,0.996455821,9.246419668,,4.501492898,0.873535767,
0.1,8,0.8,400,5,0.8,0.141038302,0.999917011,9.372586727,,4.50156451,0.873531744,
0.01,8,0.6,300,1,0.6,5.628573776,0.87237607,9.076359148,,4.502278729,0.873491609,
0.01,6,0.6,200,3,0.6,10.23691357,0.579106307,10.16262863,,4.502391971,0.873485245,
0.01,7,0.6,200,3,0.6,10.23691357,0.579106307,10.16262863,,4.502585362,0.873474377,
0.01,8,0.6,200,3,0.6,10.23691357,0.579106307,10.16262863,,4.502585362,0.873474377,
0.01,7,0.6,300,1,0.6,5.62858371,0.872375575,9.076369877,,4.503160937,0.873442027,
0.3,6,0.8,300,10,1,0.036788586,0.999994187,8.501628752,,4.504696243,0.873355715,
0.1,4,0.8,100,10,1,6.030611078,0.854013138,8.989008179,,4.506047516,0.873279724,
0.2,7,0.9,200,5,1,0.038727281,0.999993729,8.442268009,,4.51012607,0.873050224,
0.1,6,0.8,200,1,1,0.012926583,0.999999284,8.50143218,,4.510446732,0.873032172,
0.4,5,0.9,200,1,1,0.000840172,0.999999997,9.24280858,,4.510776812,0.873013588,
0.4,5,0.9,100,1,1,0.000924169,0.999999996,9.242776155,,4.51079617,0.873012498,
0.4,5,0.9,300,1,1,0.000816154,0.999999997,9.24275136,,4.510858602,0.873008983,
0.4,5,0.9,400,1,1,0.000786349,0.999999997,9.242809534,,4.51096789,0.873002829,
0.3,5,0.8,100,5,0.8,0.410733795,0.9992961,9.691679478,,4.512165721,0.872935375,
0.2,6,0.9,200,10,1,0.491272681,0.999016737,8.413159122,,4.512385521,0.872922995,
0.1,6,0.8,400,10,0.8,0.901349529,0.996711662,9.173645973,,4.512902403,0.872893881,
0.3,4,0.7,200,10,0.8,0.604176272,0.998476422,9.386348724,,4.513111423,0.872882107,
0.1,6,0.8,300,3,1,0.059279056,0.999985098,8.491814852,,4.513122951,0.872881457,
0.01,5,0.6,300,1,0.6,5.631403352,0.872251531,9.070764418,,4.513126639,0.87288125,
0.2,4,0.9,100,10,0.8,2.585730601,0.973016652,9.55021286,,4.513179422,0.872878276,
0.01,5,0.7,400,10,1,9.817728226,0.613307082,9.559362879,,4.51335259,0.872868521,
0.01,6,0.7,400,10,1,9.81777279,0.61330374,9.560302248,,4.51335259,0.872868521,
0.01,7,0.7,400,10,1,9.817779061,0.61330326,9.560300102,,4.51335259,0.872868521,
0.01,8,0.7,400,10,1,9.817779061,0.61330326,9.560300102,,4.51335259,0.872868521,
0.3,6,0.8,100,5,1,0.303799165,0.99962259,8.805753231,,4.513710065,0.872848381,
0.3,8,0.7,200,3,1,0.003482798,0.999999944,9.096169949,,4.513898872,0.872837744,
0.2,5,0.9,200,10,1,0.529260964,0.998855388,8.517073746,,4.514241171,0.872818457,
0.3,7,0.7,200,3,1,0.003754909,0.999999933,9.098968744,,4.515242624,0.872762022,
0.3,8,0.7,300,3,1,0.001185424,0.999999994,9.096433401,,4.51544858,0.872750414,
0.3,8,0.7,400,3,1,0.00107746,0.999999995,9.096498728,,4.515515814,0.872746625,
0.1,6,0.8,300,1,1,0.001167975,0.999999994,8.502552271,,4.5156967,0.872736429,
0.1,6,0.8,400,1,1,0.000985535,0.999999996,8.502647161,,4.515710352,0.87273566,
0.01,4,0.7,400,10,1,9.819297788,0.613186427,9.567811718,,4.515861708,0.872727129,
0.3,7,0.7,400,3,1,0.001065883,0.999999995,9.099719524,,4.516740016,0.872677616,
0.3,7,0.7,300,3,1,0.001187183,0.999999994,9.09967804,,4.516787822,0.872674921,
0.3,6,0.7,200,10,0.8,0.517852217,0.998882501,9.29946208,,4.517546551,0.872632141,
0.1,3,0.8,200,5,0.8,1.745370478,0.987591931,9.405068398,,4.517829055,0.872616211,
0.2,4,0.7,200,1,1,0.001607283,0.999999988,9.073535919,,4.518671595,0.872568694,
0.1,8,0.7,200,3,1,0.514297376,0.998911297,8.691578865,,4.518767602,0.872563279,
0.2,4,0.7,300,1,1,0.000898309,0.999999997,9.073473215,,4.519287124,0.872533975,
0.2,4,0.7,400,1,1,0.000832633,0.999999997,9.073519468,,4.519384696,0.872528471,
0.3,5,0.7,100,5,1,0.563940258,0.998700839,9.04878211,,4.520841312,0.872446288,
0.2,8,0.9,200,10,1,0.477144593,0.999074692,8.340495815,,4.520909085,0.872442464,
0.1,8,0.8,300,3,1,0.050222645,0.999989365,8.436382055,,4.5214701,0.872410804,
0.4,5,0.9,100,5,1,0.062010727,0.999982833,9.529539108,,4.521931482,0.872384763,
0.2,7,0.9,300,5,1,0.002875899,0.999999965,8.442999954,,4.522947682,0.8723274,
0.2,7,0.9,400,5,1,0.001602627,0.999999989,8.443123932,,4.523613706,0.872289796,
0.1,5,0.9,100,3,0.8,1.530417291,0.990532855,9.477807875,,4.524205489,0.87225638,
0.1,4,0.8,300,10,1,1.586842383,0.989848695,8.7809056,,4.524278869,0.872252236,
0.01,6,0.6,300,1,0.6,5.62867543,0.872371968,9.077591295,,4.524755023,0.872225345,
0.2,7,0.9,200,10,1,0.480870552,0.999059362,8.40406703,,4.524806277,0.87222245,
0.4,7,0.9,100,5,1,0.036587003,0.999994233,9.255874395,,4.528318817,0.87202399,
0.3,8,0.8,300,10,1,0.032972997,0.999995423,8.447526093,,4.528560681,0.872010319,
0.1,6,0.9,100,1,1,0.194659329,0.999843888,8.282127142,,4.528784719,0.871997654,
0.3,8,0.9,100,1,1,0.000924582,0.999999996,8.582700729,,4.530900745,0.871878011,
0.3,8,0.9,200,1,1,0.000844493,0.999999997,8.582790852,,4.531047475,0.871869713,
0.3,8,0.9,300,1,1,0.000812182,0.999999997,8.582760572,,4.531242716,0.87185867,
0.3,8,0.9,400,1,1,0.000788612,0.999999997,8.582780838,,4.531263242,0.871857509,
0.2,7,0.7,100,5,0.8,1.509208019,0.990783972,9.424298048,,4.531795876,0.871827382,
0.3,6,0.8,400,10,1,0.006633865,0.999999802,8.499394054,,4.532084632,0.871811048,
0.2,8,0.7,100,5,0.8,1.509033418,0.990786631,9.42835784,,4.532384041,0.87179411,
0.2,5,0.9,100,5,1,0.72745985,0.99784343,8.60005641,,4.532515414,0.871786678,
0.1,3,0.6,100,10,0.6,7.574483045,0.769577249,9.500931263,,4.53449395,0.871674718,
0.3,5,0.8,200,5,0.8,0.037263379,0.999993779,9.731711388,,4.534894604,0.87165204,
0.1,8,0.8,400,3,1,0.008919256,0.999999664,8.437771559,,4.534929444,0.871650068,
0.1,7,0.8,300,3,1,0.052314722,0.999988474,8.435950394,,4.534945875,0.871649138,
0.2,6,0.7,100,5,0.8,1.512016746,0.990746598,9.456898928,,4.535347838,0.871626383,
0.4,4,0.7,100,10,1,1.293611964,0.993222798,9.072360392,,4.535892395,0.871595554,
0.2,4,0.7,300,10,1,0.472737617,0.999087179,9.027047987,,4.536423823,0.871565464,
0.1,4,0.8,400,10,0.8,1.027767836,0.995710453,9.391433716,,4.536549828,0.871558329,
0.1,8,0.9,400,10,1,0.489998599,0.999025353,8.710551014,,4.537560338,0.871501103,
0.3,5,0.7,200,3,1,0.004999775,0.999999889,9.156523943,,4.537659318,0.871495497,
0.2,4,0.7,100,5,1,1.569602841,0.990041402,9.06334877,,4.538740627,0.871434245,
0.3,4,0.7,300,10,1,0.130051798,0.999928625,8.879627342,,4.538772936,0.871432414,
0.01,3,0.9,300,3,1,7.008988627,0.802841815,9.528099403,,4.538923538,0.871423882,
0.1,7,0.7,200,3,1,0.517290752,0.99889723,8.706504345,,4.539460271,0.871393472,
0.3,5,0.7,300,3,1,0.001223042,0.999999994,9.157606125,,4.539607723,0.871385117,
0.3,5,0.9,200,5,1,0.006227527,0.999999808,9.014546871,,4.539951141,0.871365657,
0.3,5,0.7,400,3,1,0.00109126,0.999999995,9.157658577,,4.539957641,0.871365289,
0.1,7,0.9,400,10,1,0.494028713,0.999008714,8.723860254,,4.540646105,0.871326272,
0.4,7,0.9,200,5,1,0.001525982,0.99999999,9.263558388,,4.540921644,0.871310655,
0.3,5,0.9,300,5,1,0.00160973,0.999999989,9.01479435,,4.540932055,0.871310065,
0.3,5,0.9,400,5,1,0.00138959,0.999999992,9.01495862,,4.54116137,0.871297067,
0.4,7,0.9,300,5,1,0.001318036,0.999999993,9.263589382,,4.541238529,0.871292693,
0.4,7,0.9,400,5,1,0.001237418,0.999999994,9.263720512,,4.541505435,0.871277564,
0.3,7,0.7,200,10,0.8,0.516035167,0.998894504,9.306475878,,4.54183273,0.871259009,
0.3,5,0.8,400,5,0.8,0.001505996,0.99999999,9.731501818,,4.542565043,0.87121749,
0.3,5,0.8,300,5,0.8,0.003095443,0.999999957,9.73128891,,4.542713377,0.87120908,
0.4,3,0.6,400,10,1,0.053576038,0.99998681,8.932508821,,4.542795922,0.871204399,
0.1,6,0.8,400,3,1,0.011462764,0.999999434,8.493122339,,4.542833004,0.871202296,
0.01,3,0.7,400,10,1,9.838355019,0.611673182,9.568145027,,4.543019417,0.871191726,
0.4,5,0.9,200,5,1,0.001639051,0.999999989,9.532489538,,4.543106388,0.871186794,
0.4,5,0.9,300,5,1,0.001363892,0.999999992,9.532524586,,4.543331877,0.871174007,
0.4,5,0.9,400,5,1,0.001260424,0.999999993,9.532676697,,4.543582981,0.871159767,
0.3,8,0.6,200,10,0.8,0.920601207,0.996476138,9.116625071,,4.544094748,0.871130741,
0.1,3,0.6,200,3,1,1.353218457,0.992443725,8.520606756,,4.547658185,0.870928546,
0.2,6,0.8,400,10,1,0.064319795,0.999982927,8.923830862,,4.549187571,0.870841717,
0.2,7,0.6,200,5,0.8,0.528440538,0.998801614,8.819731712,,4.551290181,0.870722297,
0.3,7,0.8,200,5,1,0.01092813,0.999999478,8.80008626,,4.55148523,0.870711216,
0.1,8,0.8,400,10,1,0.779247614,0.997547584,8.707079525,,4.551751873,0.870696067,
0.1,7,0.8,400,3,1,0.009437742,0.999999625,8.432903881,,4.551896268,0.870687863,
0.1,6,0.8,400,10,1,0.787390389,0.997495735,8.716893787,,4.553069663,0.870621186,
0.4,5,0.6,200,10,0.8,0.474376731,0.999016852,8.932451124,,4.553684384,0.870586248,
0.1,3,0.7,100,3,1,2.975687975,0.96429945,9.085701704,,4.554648099,0.870531466,
0.01,6,0.9,400,10,0.6,9.511480806,0.636837213,10.35900019,,4.554694428,0.870528832,
0.01,7,0.9,400,10,0.6,9.511480806,0.636837213,10.35900019,,4.554694428,0.870528832,
0.01,8,0.9,400,10,0.6,9.511480806,0.636837213,10.35900019,,4.554694428,0.870528832,
0.3,8,0.8,400,10,1,0.005734074,0.999999858,8.444448109,,4.555184047,0.870500995,
0.3,7,0.6,200,10,0.8,0.921257152,0.996471437,9.117074251,,4.557115028,0.87039118,
0.2,6,0.6,200,5,0.8,0.533219109,0.998782691,8.847435951,,4.558468182,0.870314198,
0.1,7,0.6,200,5,0.8,2.178634605,0.98068229,8.848363161,,4.558687044,0.870301745,
0.3,7,0.8,300,5,1,0.001588892,0.999999989,8.802328587,,4.558893344,0.870290006,
0.1,8,0.6,200,5,0.8,2.178721038,0.98068095,8.844659805,,4.559063494,0.870280324,
0.3,7,0.8,400,5,1,0.001308561,0.999999993,8.802413225,,4.559178242,0.870273794,
0.3,6,0.7,100,5,1,0.543036752,0.998799651,9.009640455,,4.5593485,0.870264105,
0.01,7,0.8,300,3,1,7.154098466,0.794695204,9.354517565,,4.559682152,0.870245116,
0.01,8,0.8,300,3,1,7.154102558,0.79469497,9.355362043,,4.559682152,0.870245116,
0.3,8,0.9,200,10,1,0.098129879,0.999960518,8.554650307,,4.560651119,0.870189962,
0.1,3,0.7,100,1,1,1.260867635,0.993505894,8.821546316,,4.56065316,0.870189846,
0.3,5,0.7,200,10,0.8,0.532824763,0.998820197,9.272274017,,4.560714146,0.870186374,
0.1,8,0.8,400,10,0.8,0.88928259,0.996802108,9.154853106,,4.561425483,0.870145877,
0.01,3,0.8,300,3,1,7.350664044,0.783222176,9.470337734,,4.561765302,0.870126528,
0.3,3,0.6,100,3,1,0.555488683,0.998690263,8.953220129,,4.561996833,0.870113345,
0.01,3,0.9,400,10,0.6,9.553564966,0.633612329,10.37145732,,4.562003839,0.870112946,
0.01,5,0.9,400,10,0.6,9.511470133,0.636838292,10.35682581,,4.562162264,0.870103924,
0.01,6,0.8,300,3,1,7.154278684,0.794684876,9.354734764,,4.562483932,0.870085606,
0.1,6,0.6,200,5,0.8,2.181487938,0.98063878,8.857942104,,4.563163267,0.870046916,
0.3,6,0.6,200,10,0.8,0.918635102,0.996489725,9.082346201,,4.564778488,0.869954901,
0.01,5,0.9,300,3,1,6.737376778,0.817818076,9.373060808,,4.564866424,0.86994989,
0.01,3,0.8,400,3,0.6,6.323811013,0.83938933,9.221519108,,4.565987095,0.869886028,
0.1,6,0.9,200,1,1,0.004439386,0.999999916,8.287975788,,4.566169507,0.869875632,
0.1,4,0.8,200,1,0.8,0.09972762,0.999955123,9.516521454,,4.566892782,0.869834405,
0.2,4,0.6,300,3,1,0.034886752,0.999994093,8.963392496,,4.567076522,0.869823931,
0.1,3,0.6,400,10,0.8,2.241585655,0.979720425,8.804792404,,4.56724384,0.869814393,
0.1,6,0.9,300,1,1,0.001142228,0.999999995,8.288233519,,4.567247549,0.869814182,
0.1,6,0.9,400,1,1,0.001018976,0.999999996,8.288315773,,4.567306094,0.869810844,
0.3,7,0.9,100,5,1,0.153713203,0.999901985,8.910005207,,4.567898653,0.86977706,
0.2,6,0.9,100,10,0.8,2.457298094,0.975643433,9.09739399,,4.569503503,0.869685541,
0.3,7,0.9,200,10,1,0.10025698,0.999958714,8.517365932,,4.571225782,0.86958729,
0.1,6,0.7,200,3,1,0.526653938,0.998854638,8.722844124,,4.571925809,0.869547345,
0.2,5,0.7,100,5,1,1.487230381,0.991082147,8.858670712,,4.572093492,0.869537775,
0.1,7,0.8,400,10,0.8,0.890712652,0.996790601,9.155843735,,4.572364492,0.869522309,
0.2,8,0.6,200,5,0.8,0.525188968,0.998815728,8.86178565,,4.573316359,0.869467978,
0.1,3,0.8,200,3,1,0.916805861,0.996522717,8.888967514,,4.573883579,0.869435597,
0.01,4,0.9,400,10,0.6,9.513468158,0.636686679,10.35887239,,4.574424259,0.869404727,
0.01,4,0.8,300,3,1,7.186962366,0.792803781,9.402533398,,4.574850949,0.869380363,
0.1,7,0.8,400,10,1,0.780788287,0.997538299,8.700196619,,4.575655289,0.869334428,
0.1,6,0.9,400,10,1,0.50734409,0.998953564,8.719889154,,4.575687168,0.869332608,
0.3,6,0.9,100,5,1,0.165929642,0.999884282,8.951120014,,4.576862804,0.869265454,
0.2,7,0.9,100,10,0.8,2.451026566,0.975765603,9.101775169,,4.577155516,0.869248731,
0.2,3,0.8,200,10,0.8,1.369832801,0.992337312,9.527039051,,4.577683392,0.869218571,
0.1,6,0.7,300,5,1,0.552446802,0.998758496,8.55467927,,4.577714671,0.869216784,
0.2,3,0.6,400,10,1,0.52808681,0.998835283,8.993457909,,4.577729764,0.869215921,
0.3,6,0.8,200,5,1,0.012518962,0.999999322,8.833011866,,4.578313634,0.869182557,
0.1,4,0.8,300,1,0.8,0.012876932,0.999999175,9.521613598,,4.579662556,0.869105459,
0.01,5,0.6,200,3,0.8,9.928955606,0.604216154,9.762860756,,4.579726585,0.869101799,
0.1,4,0.8,400,1,0.8,0.001893219,0.999999983,9.521551132,,4.580934101,0.869032764,
0.01,6,0.6,200,3,0.8,9.928550347,0.604248136,9.760932665,,4.581511167,0.868999765,
0.01,7,0.6,200,3,0.8,9.928542712,0.604248793,9.761208754,,4.581511167,0.868999765,
0.01,8,0.6,200,3,0.8,9.928542712,0.604248793,9.761208754,,4.581511167,0.868999765,
0.01,3,0.6,200,3,0.8,9.982617862,0.599900023,9.822349529,,4.581655466,0.868991513,
0.01,4,0.7,400,10,0.8,10.06409312,0.593693313,9.941051702,,4.582182588,0.868961366,
0.2,3,0.6,100,5,0.8,2.457008152,0.975534056,9.00914526,,4.582385132,0.868949782,
0.1,3,0.9,100,10,1,5.69858897,0.869578872,9.204833736,,4.582833019,0.868924162,
0.01,4,0.6,200,3,0.8,9.932717365,0.603916269,9.795365553,,4.583132916,0.868907007,
0.1,4,0.8,100,1,0.8,0.686735644,0.998027401,9.453052998,,4.583165767,0.868905127,
0.01,5,0.7,400,10,0.8,10.06278576,0.593798772,9.933814268,,4.583387096,0.868892466,
0.01,6,0.7,400,10,0.8,10.06277759,0.593799497,9.933913689,,4.583434355,0.868889762,
0.01,7,0.7,400,10,0.8,10.06277759,0.593799497,9.933913689,,4.583434355,0.868889762,
0.01,8,0.7,400,10,0.8,10.06277759,0.593799497,9.933913689,,4.583434355,0.868889762,
0.2,3,0.6,200,1,1,0.034373325,0.999994099,8.997775316,,4.584468623,0.868830584,
0.2,3,0.6,100,3,1,1.297974661,0.993095149,8.712065697,,4.585157059,0.868791187,
0.3,6,0.8,300,5,1,0.001594429,0.999999989,8.835885048,,4.587861733,0.868636347,
0.1,7,0.7,300,5,1,0.548674404,0.998774911,8.514529104,,4.588058946,0.868625053,
0.3,6,0.8,400,5,1,0.00130972,0.999999993,8.836008787,,4.588345968,0.868608616,
0.2,3,0.6,200,5,1,0.694361755,0.99799681,8.737524509,,4.58875926,0.868584945,
0.1,5,0.8,400,5,0.8,0.183620687,0.99985815,9.477848768,,4.589141667,0.868563041,
0.2,4,0.6,400,3,1,0.005590878,0.999999847,8.961493969,,4.589822267,0.868524052,
0.01,5,0.8,300,3,1,7.156231966,0.794573719,9.35788022,,4.590758342,0.868470418,
0.3,8,0.9,300,10,1,0.010005517,0.999999586,8.573370695,,4.59082405,0.868466653,
0.2,3,0.8,100,10,1,3.351072984,0.954817269,8.951368923,,4.590885604,0.868463126,
0.01,3,0.9,400,1,1,3.169414545,0.959425601,8.940384026,,4.59106925,0.868452602,
0.1,3,0.7,100,3,0.8,2.992645732,0.963784125,9.478736877,,4.591415312,0.86843277,
0.3,3,0.6,100,5,0.8,1.331897363,0.992679175,9.354208469,,4.592125436,0.86839207,
0.1,8,0.7,400,10,0.8,1.373314744,0.992400184,9.006000042,,4.592188541,0.868388452,
0.2,8,0.9,100,10,0.8,2.450905769,0.975768014,9.113381147,,4.593514571,0.868312434,
0.1,8,0.6,200,3,1,0.939726559,0.99637646,8.476222754,,4.594806168,0.868238368,
0.4,7,0.9,100,10,1,0.473454167,0.999091496,9.097053051,,4.59593707,0.8681735,
0.3,5,0.9,100,10,0.8,1.195989922,0.994184089,9.648751259,,4.596216457,0.868157472,
0.3,8,0.9,400,10,1,0.002389893,0.999999976,8.57484436,,4.597103782,0.868106561,
0.1,5,0.8,400,10,1,0.814844765,0.997318008,8.750874634,,4.597523268,0.86808249,
0.1,6,0.7,400,10,1,1.254761199,0.993663902,8.739418621,,4.598191026,0.868044167,
0.2,3,0.8,100,5,1,1.566453716,0.990014679,8.705822105,,4.59892575,0.868001994,
0.2,4,0.6,200,10,0.8,2.027263073,0.983227665,9.075018883,,4.599262335,0.867982672,
0.4,7,0.8,200,10,1,0.060698563,0.999984705,8.777063723,,4.600525108,0.867910169,
0.4,4,0.8,100,1,1,0.001041098,0.999999996,9.397688866,,4.600547536,0.867908881,
0.2,6,0.9,300,10,1,0.108952971,0.999951035,8.430349579,,4.600613767,0.867905078,
0.4,4,0.8,200,1,1,0.000803749,0.999999997,9.397972107,,4.600750207,0.867897242,
0.4,4,0.8,300,1,1,0.000768,0.999999998,9.397985697,,4.600836861,0.867892266,
0.4,4,0.8,400,1,1,0.000746626,0.999999998,9.397968054,,4.600854583,0.867891248,
0.3,7,0.9,100,10,0.8,1.146508356,0.994662928,9.505169868,,4.602061329,0.867821938,
0.1,6,0.7,400,10,0.8,1.374940115,0.992381072,9.026626587,,4.602405559,0.867802164,
0.4,8,0.8,200,10,1,0.059701594,0.999985221,8.773927565,,4.602655159,0.867787825,
0.1,5,0.8,300,3,1,0.07885578,0.999973669,8.668477535,,4.603939787,0.867714012,
0.1,5,0.6,300,3,1,0.353765935,0.999470505,8.532340527,,4.605340629,0.867633498,
0.1,4,0.6,400,5,1,0.53606504,0.998812657,8.815706253,,4.606100893,0.867589792,
0.3,3,0.6,300,10,1,0.394277386,0.999336961,9.071010227,,4.606537282,0.867564701,
0.2,3,0.6,300,1,1,0.004125697,0.999999909,9.000301361,,4.606773009,0.867551147,
0.1,4,0.9,200,3,1,0.419214033,0.999252715,8.80825305,,4.607440717,0.86751275,
0.1,3,0.9,100,3,1,2.317841799,0.978195078,9.098488684,,4.6078605,0.867488607,
0.3,7,0.9,200,5,1,0.002645703,0.99999997,8.909523363,,4.607893749,0.867486694,
0.3,7,0.9,300,5,1,0.001457558,0.999999991,8.909418697,,4.609021957,0.867421797,
0.2,3,0.6,400,1,1,0.000989059,0.999999996,8.999697685,,4.609281543,0.867406862,
0.3,7,0.9,400,5,1,0.001321786,0.999999993,8.909557695,,4.609315632,0.867404901,
0.3,4,0.7,400,10,1,0.037217606,0.999993943,8.884923334,,4.609909714,0.867370719,
0.3,7,0.9,300,10,1,0.010683394,0.999999527,8.53546834,,4.609930989,0.867369495,
0.2,5,0.6,300,5,1,0.13022322,0.999925685,8.519340515,,4.610339207,0.867346005,
0.1,7,0.7,300,5,0.8,0.645401992,0.998287723,9.196437359,,4.61042963,0.867340801,
0.1,3,0.9,200,10,0.8,3.046080155,0.96256037,9.444900274,,4.610557543,0.86733344,
0.1,8,0.7,200,3,0.8,0.610504731,0.998449628,9.330887794,,4.610801524,0.867319399,
0.1,3,0.7,300,10,0.8,2.51276349,0.974557208,9.123151779,,4.610859091,0.867316086,
0.1,7,0.7,400,10,0.8,1.373958322,0.992392911,9.006475449,,4.611631652,0.867271619,
0.3,5,0.8,300,10,1,0.042099024,0.999992383,8.604284878,,4.613394839,0.867170106,
0.3,5,0.6,200,10,0.8,0.929784835,0.996399629,9.050235987,,4.61356515,0.867160299,
0.1,6,0.7,200,3,0.8,0.627524946,0.998357288,9.341450453,,4.614100647,0.867129459,
0.1,8,0.7,300,5,1,0.547891738,0.99877908,8.520993586,,4.614348898,0.867115161,
0.4,3,0.6,200,5,1,0.102933262,0.999951208,8.820473671,,4.614837709,0.867087006,
0.2,8,0.9,300,10,1,0.10093621,0.999958495,8.366949549,,4.615809249,0.867031037,
0.1,7,0.6,200,3,1,0.944623089,0.99633952,8.490187645,,4.615898445,0.867025898,
0.3,7,0.9,400,10,1,0.002531559,0.999999972,8.537206173,,4.616164965,0.867010542,
0.1,4,0.8,400,5,0.8,0.260548854,0.999713389,9.546149731,,4.616270862,0.86700444,
0.1,8,0.7,400,10,1,1.252360074,0.993685031,8.713246698,,4.616386344,0.866997786,
0.3,6,0.9,200,5,1,0.00341205,0.999999947,8.954735994,,4.617321654,0.866943886,
0.3,6,0.9,300,5,1,0.001532912,0.99999999,8.954773664,,4.618442573,0.866879276,
0.3,6,0.9,400,5,1,0.00135461,0.999999992,8.954855919,,4.618740973,0.866862074,
0.1,7,0.7,400,10,1,1.252698577,0.99368193,8.717001553,,4.619516957,0.866817333,
0.3,6,0.9,100,10,0.8,1.150106082,0.994629254,9.531488657,,4.620034139,0.866787511,
0.3,8,0.9,100,5,1,0.14838243,0.999909671,8.867623444,,4.620848626,0.866740537,
0.3,8,0.9,100,10,0.8,1.142259619,0.994705987,9.513721704,,4.620896228,0.866737792,
0.2,5,0.9,300,10,1,0.13626074,0.99992267,8.583039875,,4.621007587,0.866731369,
0.1,3,0.7,300,10,1,2.420230587,0.976382489,8.878069515,,4.621227302,0.866718695,
0.01,3,0.7,400,10,0.8,10.08601032,0.59190982,9.931135635,,4.622269344,0.866658581,
0.1,4,0.9,100,1,1,0.51241501,0.99890161,8.771941662,,4.623073986,0.866612153,
0.1,6,0.6,300,3,1,0.333943011,0.999528943,8.612603903,,4.623484932,0.866588438,
0.3,4,0.8,200,10,1,0.280824695,0.999671891,8.903666611,,4.624410488,0.866535019,
0.4,4,0.6,300,10,0.8,0.194456154,0.999824753,8.966870546,,4.624698315,0.866518404,
0.1,4,0.8,200,3,1,0.511298654,0.998914572,8.776093245,,4.625329844,0.866481946,
0.2,4,0.9,100,5,1,0.889541748,0.996748524,8.832430124,,4.626066552,0.86643941,
0.3,6,0.9,200,10,1,0.106358278,0.999953318,8.588512659,,4.62682336,0.866395707,
0.1,7,0.7,200,3,0.8,0.612568191,0.998438891,9.349136829,,4.626884314,0.866392186,
0.2,7,0.9,300,10,1,0.103175462,0.99995651,8.431659689,,4.627543163,0.866354133,
0.1,6,0.7,300,5,0.8,0.652430901,0.998244122,9.198899031,,4.62794692,0.866330811,
0.4,4,0.6,400,10,0.8,0.062772434,0.999980672,8.97559309,,4.629308242,0.866252161,
0.2,6,0.9,400,10,1,0.025656479,0.999997204,8.432874908,,4.630800528,0.866165918,
0.1,5,0.7,200,3,0.8,0.67981624,0.998066764,9.348718882,,4.632227599,0.866083418,
0.1,8,0.7,300,5,0.8,0.643899375,0.998295028,9.192618132,,4.632352399,0.866076203,
0.3,8,0.9,200,5,1,0.002515315,0.999999973,8.871317501,,4.632914265,0.866043713,
0.4,7,0.8,100,5,1,0.091228273,0.999965038,9.086798668,,4.632977535,0.866040054,
0.3,8,0.9,300,5,1,0.001459614,0.999999991,8.871267195,,4.633144916,0.866030374,
0.3,8,0.9,400,5,1,0.001341469,0.999999993,8.871401901,,4.633419477,0.866014496,
0.3,3,0.6,100,1,1,0.088449021,0.999963838,9.089217901,,4.634113352,0.865974363,
0.01,6,0.9,300,1,1,3.52025313,0.950182261,8.893838997,,4.634498284,0.865952096,
0.1,5,0.9,100,1,1,0.284122008,0.999662486,8.419031143,,4.634945733,0.865926211,
0.1,4,0.9,100,3,0.8,1.762181145,0.987396107,9.614864464,,4.63571138,0.865881912,
0.1,5,0.7,100,1,0.8,0.640653183,0.998319122,9.167322159,,4.635737261,0.865880415,
0.01,7,0.9,300,1,1,3.509697243,0.95048989,8.868662233,,4.636973146,0.865808893,
0.2,4,0.7,100,5,0.8,1.637583537,0.989119888,9.617170572,,4.63797318,0.865751006,
0.3,4,0.7,300,10,0.8,0.219209384,0.999792695,9.389950037,,4.639495975,0.865662835,
0.2,8,0.9,400,10,1,0.021506246,0.999998085,8.376464357,,4.639746903,0.865648303,
0.1,5,0.7,300,5,1,0.575729354,0.99864994,8.575180645,,4.640790651,0.865587849,
0.1,5,0.9,300,5,1,0.216722015,0.999803745,8.421364546,,4.64110806,0.865569462,
0.3,5,0.8,400,10,1,0.007854015,0.999999724,8.607490416,,4.641552972,0.865543687,
0.01,8,0.9,300,1,1,3.509842087,0.950484577,8.861881609,,4.641791086,0.865529891,
0.1,5,0.6,200,5,0.8,2.197652917,0.980363496,8.88414526,,4.642342122,0.865497963,
0.1,3,0.7,200,5,1,1.871838593,0.985745308,8.922521944,,4.642532408,0.865486937,
0.2,7,0.9,400,10,1,0.022647019,0.999997863,8.437716475,,4.644352611,0.865381439,
0.1,6,0.7,100,1,0.8,0.575409733,0.998638175,9.130989313,,4.645674361,0.865304805,
0.2,5,0.8,300,10,1,0.232783953,0.999777721,8.90973937,,4.646264786,0.865270565,
0.1,5,0.7,400,10,0.8,1.389156444,0.992221933,9.054677486,,4.646308919,0.865268006,
0.1,5,0.8,400,3,1,0.016755016,0.9999988,8.670752525,,4.647942672,0.865173239,
0.01,5,0.9,300,10,1,10.12132086,0.588895626,9.815081587,,4.649765123,0.865067488,
0.01,6,0.9,300,10,1,10.12131631,0.588896007,9.814629784,,4.649769365,0.865067242,
0.01,7,0.9,300,10,1,10.12131631,0.588896007,9.814629784,,4.649769365,0.865067242,
0.01,8,0.9,300,10,1,10.12131631,0.588896007,9.814629784,,4.649769365,0.865067242,
0.3,8,0.7,200,5,1,0.037748657,0.99999356,9.010746241,,4.649837826,0.865063268,
0.4,3,0.8,100,10,0.8,1.298915349,0.993140631,9.922281027,,4.650294769,0.865036746,
0.01,4,0.9,300,10,1,10.12230771,0.588817323,9.836331596,,4.650302514,0.865036297,
0.3,8,0.7,300,10,0.8,0.165044511,0.999882707,9.311988592,,4.651654898,0.864957786,
0.3,8,0.8,200,1,1,0.000810081,0.999999997,8.510887623,,4.651941737,0.864941131,
0.3,8,0.8,400,1,1,0.000761985,0.999999998,8.510892391,,4.652026076,0.864936234,
0.3,8,0.8,100,1,1,0.000989895,0.999999996,8.510807037,,4.652039609,0.864935448,
0.3,8,0.8,300,1,1,0.000774869,0.999999998,8.510945797,,4.652064212,0.864934019,
0.4,8,0.8,300,10,1,0.005622842,0.999999864,8.776028271,,4.652764232,0.864893368,
0.1,8,0.7,100,1,0.8,0.550720097,0.998754379,9.074762344,,4.653430735,0.864854658,
0.01,5,0.9,300,1,1,3.544701548,0.949461714,8.867697353,,4.65452802,0.864790915,
0.2,8,0.8,100,5,1,0.978253977,0.996144304,8.480539913,,4.654978782,0.864764726,
0.2,4,0.8,200,3,1,0.038249573,0.999993642,8.854740143,,4.656148742,0.864696738,
0.3,7,0.7,200,5,1,0.037176878,0.999993806,9.009017229,,4.656300607,0.864687912,
0.4,8,0.8,400,10,1,0.001941445,0.999999984,8.776202316,,4.657566947,0.864614302,
0.4,7,0.8,300,10,1,0.005932978,0.999999845,8.779922123,,4.658205642,0.864577169,
0.2,7,0.8,100,5,1,0.980480565,0.996124104,8.465472336,,4.658816715,0.864541636,
0.01,8,0.6,200,1,1,7.151936742,0.794395994,8.98572051,,4.661004389,0.86441439,
0.4,7,0.8,200,5,1,0.002008224,0.999999982,9.091185808,,4.662479404,0.864328562,
0.01,7,0.6,200,1,1,7.151955188,0.794394736,8.98625123,,4.663034841,0.864296235,
0.4,7,0.8,300,5,1,0.001284642,0.999999993,9.091519833,,4.66376155,0.864253935,
0.4,7,0.8,400,10,1,0.001995396,0.999999983,8.780158396,,4.663787157,0.864252444,
0.4,7,0.8,400,5,1,0.001182277,0.999999994,9.091512918,,4.663997524,0.864240198,
0.01,4,0.8,400,10,0.6,9.903520613,0.606409,10.33582519,,4.664117046,0.864233239,
0.2,7,0.8,100,3,0.8,0.349351754,0.99948984,9.61600399,,4.664980519,0.864182965,
0.3,6,0.7,100,3,1,0.133847081,0.999923142,9.115228891,,4.666023721,0.864122215,
0.01,6,0.8,400,10,0.6,9.901793636,0.60654426,10.33309029,,4.666160738,0.864114235,
0.01,7,0.8,400,10,0.6,9.901793636,0.60654426,10.33309029,,4.666160738,0.864114235,
0.01,8,0.8,400,10,0.6,9.901793636,0.60654426,10.33309029,,4.666160738,0.864114235,
0.01,5,0.8,400,10,0.6,9.90183286,0.606541213,10.33275316,,4.666256631,0.864108649,
0.1,3,0.6,100,1,1,1.472064534,0.991099246,8.847869396,,4.667961383,0.864009339,
0.3,8,0.7,300,5,1,0.003897307,0.999999926,9.010267735,,4.668005904,0.864006745,
0.1,4,0.8,400,5,1,0.183430361,0.999860106,8.793952227,,4.668265431,0.863991623,
0.3,4,0.9,100,5,1,0.319904835,0.999568859,9.001542807,,4.668331935,0.863987748,
0.3,8,0.7,400,5,1,0.001524736,0.99999999,9.010663509,,4.668467476,0.86397985,
0.01,6,0.6,200,1,1,7.152303518,0.794376106,8.989967461,,4.668680763,0.863967421,
0.2,3,0.7,200,10,0.8,1.636235081,0.989081852,9.218473434,,4.669177163,0.863938492,
0.1,3,0.8,100,10,1,6.200867183,0.845711624,9.090205898,,4.669401596,0.863925411,
0.3,8,0.7,400,10,0.8,0.053018874,0.999987337,9.307494879,,4.670878571,0.863839315,
0.2,4,0.8,300,3,1,0.002508429,0.999999972,8.860010386,,4.671163516,0.863822701,
0.2,4,0.8,400,3,1,0.001300454,0.999999993,8.860166311,,4.671475149,0.863804531,
0.3,6,0.9,300,10,1,0.012939095,0.999999275,8.606553078,,4.672009847,0.863773351,
0.01,3,0.8,400,10,0.6,9.927854477,0.604454839,10.33363793,,4.672162488,0.863764449,
0.3,7,0.7,300,5,1,0.003915657,0.999999926,9.00900507,,4.672925574,0.863719944,
0.3,7,0.7,400,5,1,0.00153304,0.99999999,9.009469748,,4.674051258,0.863654278,
0.01,3,0.8,400,1,1,3.430334623,0.952536087,8.882387629,,4.674800376,0.86361057,
0.1,7,0.7,100,1,0.8,0.557051994,0.998725179,9.119908571,,4.674809611,0.863610031,
0.3,6,0.7,300,10,0.8,0.169955897,0.99987541,9.29434514,,4.676492757,0.8635118,
0.4,3,0.7,200,10,1,0.323096198,0.999558347,8.88611805,,4.676867919,0.8634899,
0.1,4,0.6,200,5,0.8,2.271257716,0.979005162,8.952451468,,4.677230722,0.86346872,
0.1,3,0.8,100,5,1,3.891034006,0.939164459,9.03411829,,4.677818267,0.863434416,
0.1,7,0.9,200,3,0.8,0.215269043,0.999807179,9.329752798,,4.678278987,0.863407514,
0.01,3,0.9,300,10,1,10.15948011,0.585770493,9.837106457,,4.67859436,0.863389097,
0.3,6,0.9,400,10,1,0.002946576,0.999999954,8.608681202,,4.678898527,0.863371334,
0.1,3,0.9,200,10,1,2.954413993,0.964751297,8.964108219,,4.681872954,0.863197566,
0.3,4,0.7,400,10,0.8,0.071942417,0.999976798,9.407005548,,4.683556096,0.863099187,
0.4,5,0.6,300,10,0.8,0.166372765,0.999870429,8.922064543,,4.685446587,0.862988646,
0.4,5,0.6,400,10,0.8,0.052314523,0.999986346,8.916024923,,4.686423708,0.862931494,
0.1,5,0.9,300,10,1,1.13144638,0.994822971,8.661016216,,4.688581882,0.862805221,
0.01,4,0.9,300,1,1,3.699100494,0.944939975,8.967850323,,4.692017844,0.862604065,
0.1,3,0.9,100,5,0.8,3.524555021,0.949929107,9.631251926,,4.692114025,0.862598432,
0.4,3,0.6,300,5,1,0.01829287,0.999998334,8.840664625,,4.69250842,0.862575332,
0.2,5,0.6,400,5,1,0.035838027,0.999994251,8.507474899,,4.692790846,0.862558789,
0.2,5,0.9,400,10,1,0.040422383,0.999992631,8.601250048,,4.69297375,0.862548075,
0.3,5,0.7,300,10,0.8,0.182471365,0.999856657,9.275450945,,4.69350433,0.862516994,
0.3,7,0.7,300,10,0.8,0.165747282,0.999882079,9.309574127,,4.693997626,0.862488093,
0.1,4,0.7,400,10,0.8,1.446655817,0.991557998,9.119496822,,4.694172187,0.862477865,
0.2,4,0.8,100,1,1,0.050596512,0.99998833,8.999428749,,4.694507619,0.86245821,
0.01,7,0.8,300,1,1,3.975503637,0.936539831,8.778824682,,4.696218166,0.862357959,
0.01,8,0.8,300,1,1,3.975160645,0.936551183,8.779989119,,4.696337269,0.862350978,
0.01,4,0.9,200,5,0.8,10.04337306,0.595294966,10.03343342,,4.696810846,0.862323215,
0.2,6,0.6,300,5,0.8,0.184614495,0.999843473,8.846177816,,4.698290548,0.862236453,
0.2,7,0.6,300,5,0.8,0.180507454,0.999851255,8.807528257,,4.700620975,0.862099753,
0.3,6,0.7,400,10,0.8,0.054644456,0.999986538,9.293383121,,4.700927388,0.862081774,
0.01,5,0.9,200,5,0.8,10.03922104,0.595627435,9.999412756,,4.701500349,0.862048153,
0.4,3,0.6,400,5,1,0.002764466,0.999999962,8.838746071,,4.701537107,0.862045996,
0.01,6,0.7,200,3,1,9.283698376,0.654151091,9.486079321,,4.701589816,0.862042902,
0.01,7,0.7,200,3,1,9.283833802,0.654141123,9.485207424,,4.701589816,0.862042902,
0.01,8,0.7,200,3,1,9.283833802,0.654141123,9.485207424,,4.701589816,0.862042902,
0.4,6,0.8,100,10,1,0.782754269,0.997532815,8.664554234,,4.702373719,0.861996895,
0.2,6,0.8,100,5,1,0.992778345,0.996024441,8.409222479,,4.703846595,0.861910431,
0.2,4,0.8,100,5,1,1.163834431,0.994506539,8.75612855,,4.704395214,0.861878218,
0.01,6,0.9,200,5,0.8,10.03918856,0.595629989,9.999022703,,4.70449668,0.861872259,
0.01,7,0.9,200,5,0.8,10.03918856,0.595629989,9.999022703,,4.70449668,0.861872259,
0.01,8,0.9,200,5,0.8,10.03918856,0.595629989,9.999022703,,4.70449668,0.861872259,
0.1,6,0.9,200,5,0.8,0.757206171,0.997658404,9.302552223,,4.708163369,0.861656862,
0.2,4,0.8,200,10,1,0.836146296,0.99714641,8.959023352,,4.708821483,0.861618184,
0.01,4,0.7,200,3,1,9.291132333,0.653594467,9.520830736,,4.70889706,0.861613741,
0.2,6,0.7,200,5,1,0.204245286,0.99982334,8.908622026,,4.70912553,0.861600312,
0.3,7,0.7,400,10,0.8,0.052683761,0.999987595,9.3082757,,4.709596243,0.861572643,
0.01,5,0.8,300,1,1,4.004097896,0.935608538,8.778053875,,4.70991525,0.861553889,
0.4,6,0.8,100,5,1,0.095711969,0.999961582,9.099867105,,4.710174081,0.861538672,
0.1,5,0.7,300,5,0.8,0.682914088,0.998077134,9.236354589,,4.711371626,0.861468257,
0.2,5,0.9,200,5,1,0.068710451,0.999979371,8.681113482,,4.71166474,0.861451019,
0.01,5,0.7,200,3,1,9.284227662,0.654113084,9.482999191,,4.711877187,0.861438524,
0.01,3,0.6,200,1,1,7.377870856,0.781126224,9.08116292,,4.712140981,0.861423009,
0.1,3,0.6,200,5,0.8,2.521947418,0.97411944,9.082639217,,4.712197676,0.861419675,
0.2,6,0.6,400,5,0.8,0.063063591,0.999980917,8.825576305,,4.713360577,0.861351267,
0.2,7,0.8,200,3,0.8,0.026810665,0.999996602,9.652671337,,4.713978496,0.861314911,
0.2,6,0.8,100,3,0.8,0.369595402,0.999426299,9.664675474,,4.714536938,0.861282051,
0.2,8,0.6,300,5,0.8,0.177355176,0.999856549,8.842755079,,4.714994361,0.861255131,
0.3,6,0.7,200,3,1,0.003994752,0.999999925,9.110784531,,4.715845499,0.861205035,
0.3,6,0.7,400,3,1,0.001082041,0.999999995,9.111400127,,4.717256434,0.86112197,
0.3,6,0.7,300,3,1,0.001204073,0.999999994,9.111332655,,4.717312742,0.861118655,
0.2,7,0.8,400,3,0.8,0.001339174,0.999999992,9.653604031,,4.717974651,0.861079678,
0.2,7,0.8,300,3,0.8,0.002397546,0.999999974,9.653457642,,4.718175905,0.861067826,
0.2,7,0.6,400,5,0.8,0.061130664,0.999982246,8.781703711,,4.718627023,0.861041257,
0.2,4,0.8,300,1,1,0.000897447,0.999999997,9.003007412,,4.719734145,0.860976042,
0.2,4,0.8,200,1,1,0.001065365,0.999999995,9.002925396,,4.719764783,0.860974238,
0.2,4,0.8,400,1,1,0.000853505,0.999999997,9.003026009,,4.719839015,0.860969864,
0.1,5,0.7,400,10,1,1.267632751,0.993536295,8.708428259,,4.720727941,0.86091749,
0.3,3,0.8,100,10,1,1.892305808,0.985567588,8.629052038,,4.721021169,0.860900211,
0.3,5,0.7,200,5,1,0.046695639,0.999990275,9.046804905,,4.721824194,0.860852887,
0.2,8,0.6,400,5,0.8,0.060100572,0.999982895,8.814236879,,4.722741669,0.860798807,
0.2,4,0.7,400,10,1,0.194969537,0.999842262,9.003908033,,4.723708583,0.860741803,
0.4,5,0.9,100,10,1,0.526363141,0.998869861,9.119096994,,4.724716984,0.86068234,
0.1,5,0.7,200,3,1,0.562705544,0.998684179,8.790233612,,4.725190843,0.860654393,
0.3,8,0.6,300,10,0.8,0.353835324,0.999463288,9.138842821,,4.725278604,0.860649217,
0.3,6,0.7,200,5,1,0.039048677,0.999993306,9.006887436,,4.72614857,0.8605979,
0.2,3,0.8,100,5,0.8,1.687783511,0.988396611,9.690476179,,4.727670148,0.860508125,
0.3,5,0.9,200,10,1,0.13139096,0.999927878,8.582592602,,4.727680552,0.860507511,
0.1,5,0.9,400,5,1,0.071970321,0.999977385,8.46020627,,4.728601027,0.860453188,
0.1,4,0.8,400,10,1,0.879462354,0.996874097,8.839175816,,4.729196596,0.860418034,
0.3,3,0.6,200,1,1,0.003383112,0.999999937,9.110788345,,4.730139966,0.860362341,
0.4,5,0.8,100,5,1,0.117639631,0.999942462,9.079689026,,4.730154009,0.860361512,
0.1,7,0.9,300,3,0.8,0.03854123,0.999993591,9.333490963,,4.730793592,0.860323747,
0.3,5,0.7,400,10,0.8,0.058922252,0.999984336,9.284186363,,4.730994692,0.860311872,
0.1,8,0.7,300,3,1,0.136917195,0.999920997,8.724887133,,4.73102743,0.860309939,
0.3,3,0.6,300,1,1,0.000884689,0.999999997,9.110719681,,4.731569381,0.860277933,
0.3,3,0.6,400,1,1,0.000778013,0.999999998,9.110705376,,4.731856244,0.860260991,
0.1,7,0.9,400,3,0.8,0.007315458,0.999999768,9.331197853,,4.73188339,0.860259388,
0.01,6,0.8,300,1,1,3.982024303,0.936329145,8.784192915,,4.733141674,0.860185059,
0.1,7,0.6,100,3,0.8,3.163475135,0.95964979,8.89145875,,4.733193964,0.86018197,
0.4,8,0.9,100,10,1,0.471458807,0.999099447,9.113633156,,4.734783522,0.860088043,
0.01,5,0.6,200,1,1,7.158036165,0.794045489,8.993590708,,4.735492696,0.860046128,
0.1,6,0.9,200,3,0.8,0.237596338,0.999764187,9.405781145,,4.737194523,0.859945518,
0.1,7,0.7,400,5,0.8,0.293459743,0.999643655,9.228908777,,4.737716532,0.85991465,
0.2,7,0.7,200,5,1,0.2007742,0.999829702,8.912530899,,4.738336225,0.859878001,
0.2,5,0.9,300,5,1,0.006624245,0.999999794,8.682414532,,4.739523049,0.859807799,
0.01,3,0.7,200,3,1,9.361527907,0.648293446,9.547367916,,4.740700308,0.859738145,
0.2,5,0.9,400,5,1,0.002001505,0.999999982,8.683653355,,4.742351518,0.85964042,
0.01,3,0.9,200,5,0.8,10.09203616,0.591353768,10.06471727,,4.743282648,0.859585297,
0.3,4,0.7,100,5,1,0.630929674,0.998365671,9.184942722,,4.744551802,0.859510146,
0.1,7,0.7,300,3,1,0.138528313,0.999918707,8.735528708,,4.744905776,0.859489183,
0.1,5,0.9,200,1,1,0.009455643,0.999999619,8.429962397,,4.745420932,0.85945867,
0.2,4,0.6,300,5,1,0.157253378,0.999891956,8.66044879,,4.746024959,0.85942289,
0.1,8,0.9,200,3,0.8,0.207528054,0.999821086,9.300084229,,4.746388791,0.859401336,
0.4,3,0.6,200,10,0.8,0.67841399,0.998037765,9.180464983,,4.746702352,0.859382758,
0.1,6,0.7,400,5,0.8,0.299164795,0.999627676,9.229722023,,4.747084466,0.859360118,
0.2,7,0.8,100,5,0.8,1.048558323,0.995565899,9.613401413,,4.748207451,0.85929357,
0.1,3,0.6,400,10,1,2.157948362,0.9811906,8.618753071,,4.748900219,0.859252508,
0.3,6,0.9,200,10,0.8,0.156389259,0.999894463,9.668263912,,4.749250463,0.859231746,
0.2,8,0.7,200,5,1,0.200954114,0.99982941,8.9204247,,4.74951903,0.859215825,
0.4,6,0.9,100,10,1,0.484370285,0.999047176,9.105946541,,4.749629924,0.859209251,
0.3,6,0.7,300,5,1,0.004233038,0.999999917,9.009058714,,4.749919813,0.859192065,
0.1,5,0.9,300,1,1,0.001223976,0.999999994,8.429656982,,4.750572262,0.859153379,
0.1,5,0.9,400,1,1,0.001068365,0.999999995,8.429768085,,4.750655176,0.859148463,
0.3,6,0.7,400,5,1,0.001545825,0.99999999,9.009809256,,4.751198424,0.859116247,
0.1,7,0.9,200,5,0.8,0.736226005,0.997790794,9.255784988,,4.75150891,0.859097833,
0.4,6,0.8,200,5,1,0.00223362,0.999999978,9.105334282,,4.752633084,0.859031153,
0.4,6,0.8,300,5,1,0.00132052,0.999999993,9.105798244,,4.75328573,0.858992433,
0.2,4,0.8,100,5,0.8,1.249201438,0.993650277,9.776409864,,4.753382449,0.858986695,
0.4,6,0.8,400,5,1,0.001211808,0.999999994,9.105804443,,4.75368333,0.858968843,
0.4,7,0.9,200,10,1,0.021706613,0.999998034,9.153516293,,4.753744858,0.858965192,
0.3,5,0.7,300,5,1,0.005445598,0.999999862,9.049375296,,4.753949154,0.858953069,
0.2,5,0.6,200,5,0.8,0.557561554,0.998661705,8.871851444,,4.754165937,0.858940205,
0.3,5,0.6,300,10,0.8,0.361425113,0.99943446,9.056798458,,4.754733321,0.858906534,
0.2,8,0.8,100,3,0.8,0.346292548,0.999501114,9.620471001,,4.754891878,0.858897124,
0.3,7,0.8,100,1,1,0.001026204,0.999999996,8.524875641,,4.75503733,0.858888491,
0.3,7,0.8,200,1,1,0.000844848,0.999999997,8.524981737,,4.755112551,0.858884026,
0.3,7,0.8,300,1,1,0.000796609,0.999999997,8.525010586,,4.755113439,0.858883974,
0.3,7,0.8,400,1,1,0.000774677,0.999999998,8.52500248,,4.755185746,0.858879682,
0.3,7,0.9,200,10,0.8,0.148456059,0.999904834,9.638049841,,4.756075204,0.858826884,
0.3,5,0.7,400,5,1,0.001645822,0.999999989,9.049401522,,4.756266216,0.858815544,
0.4,4,0.6,100,1,1,0.005732853,0.999999801,8.029858561,,4.757053844,0.85876878,
0.1,8,0.7,400,5,0.8,0.292447848,0.999645692,9.226612806,,4.757255792,0.858756789,
0.2,5,0.8,400,10,1,0.076598478,0.999975549,8.91878974,,4.75837278,0.858690454,
0.01,4,0.8,300,1,1,4.128095813,0.93154173,8.789332504,,4.759735441,0.858609509,
0.1,4,0.9,200,5,1,0.903517684,0.996650756,8.759559155,,4.760108524,0.858587343,
0.2,5,0.8,100,3,0.8,0.429613994,0.999226985,9.770746231,,4.7605446,0.858561432,
0.1,6,0.7,400,5,1,0.217473555,0.999806277,8.556030388,,4.761430546,0.858508783,
0.4,4,0.6,300,1,1,0.000733201,0.999999998,8.03024909,,4.762003403,0.858474735,
0.4,4,0.6,200,1,1,0.000787982,0.999999997,8.030168743,,4.762050493,0.858471936,
0.01,4,0.6,200,1,1,7.198854158,0.791679642,9.011309614,,4.762052192,0.858471835,
0.4,4,0.6,400,1,1,0.00069371,0.999999998,8.030269117,,4.762076276,0.858470403,
0.1,6,0.7,300,3,0.8,0.21247721,0.999804818,9.3855474,,4.76251012,0.858444614,
0.3,8,0.6,400,10,0.8,0.142963718,0.999909146,9.108068228,,4.763661899,0.858376138,
0.3,8,0.8,100,5,0.8,0.351706853,0.999481393,9.6970613,,4.764129831,0.858348313,
0.2,6,0.8,200,3,0.8,0.030243484,0.999995741,9.691208601,,4.764511852,0.858325595,
0.3,7,0.6,300,10,0.8,0.354450606,0.999461542,9.134310007,,4.765232984,0.858282705,
0.2,5,0.8,200,3,0.8,0.041148429,0.999992294,9.799926758,,4.765738845,0.858252615,
0.1,8,0.7,300,3,0.8,0.201454569,0.999825985,9.362798929,,4.76700968,0.858177008,
0.1,6,0.7,300,3,1,0.144411855,0.999911278,8.749629498,,4.767090563,0.858172196,
0.4,5,0.8,100,10,1,0.809569226,0.997358261,8.634254808,,4.767864369,0.858126148,
0.4,7,0.9,300,10,1,0.002425321,0.999999975,9.158434629,,4.768057191,0.858114673,
0.3,3,0.7,200,10,1,0.651030074,0.998247056,9.131449337,,4.768285059,0.858101111,
0.4,7,0.9,400,10,1,0.00189597,0.999999985,9.158705711,,4.768543539,0.858085726,
0.2,6,0.8,400,3,0.8,0.001351982,0.999999992,9.691879034,,4.768884106,0.858065454,
0.2,6,0.8,300,3,0.8,0.00264103,0.999999968,9.691756487,,4.768892928,0.858064929,
0.1,5,0.7,300,3,0.8,0.24401289,0.999741795,9.409994364,,4.769230219,0.858044851,
0.1,8,0.9,200,5,0.8,0.730158411,0.997831071,9.219782352,,4.769463304,0.858030975,
0.4,5,0.8,100,5,0.8,0.163581124,0.999884582,10.19762659,,4.769916701,0.858003982,
0.2,5,0.8,400,3,0.8,0.001401679,0.999999992,9.800250053,,4.771905782,0.857885531,
0.3,5,0.9,200,10,0.8,0.191450359,0.999845039,9.79671669,,4.772112805,0.8578732,
0.2,5,0.8,300,3,0.8,0.003404364,0.999999947,9.800093651,,4.772115154,0.85787306,
0.1,5,0.7,400,1,0.8,0.001986835,0.999999983,9.216038704,,4.773110041,0.857813793,
0.1,7,0.7,300,3,0.8,0.202559862,0.999824055,9.377302408,,4.773869394,0.857768549,
0.1,5,0.7,300,1,0.8,0.015466981,0.999998929,9.214713573,,4.773893833,0.857767093,
0.1,7,0.7,400,5,1,0.213600845,0.999813395,8.513858671,,4.774032894,0.857758806,
0.1,5,0.6,400,3,1,0.133256218,0.999922704,8.518714905,,4.774761756,0.85771537,
0.1,8,0.7,400,5,1,0.212324977,0.999815692,8.516981478,,4.774914344,0.857706276,
0.2,5,0.8,100,5,1,1.02980216,0.995722103,8.462628365,,4.777686509,0.857541006,
0.01,3,0.9,100,1,0.6,9.910064276,0.60546329,10.79363354,,4.779430546,0.857436981,
0.1,6,0.6,400,3,1,0.122841857,0.999934676,8.591544628,,4.780694737,0.857361553,
0.1,8,0.6,100,3,0.8,3.163647275,0.959642916,8.888355017,,4.781166017,0.857333429,
0.1,5,0.7,200,1,0.8,0.100326233,0.999955956,9.204497576,,4.781760903,0.857297925,
0.3,7,0.8,100,5,0.8,0.350331829,0.999489674,9.702682972,,4.782582756,0.857248868,
0.3,6,0.6,300,10,0.8,0.353854854,0.999459806,9.107222557,,4.782657658,0.857244396,
0.4,8,0.8,100,5,1,0.089593316,0.999966258,9.051260233,,4.783765735,0.857178239,
0.3,4,0.9,100,10,1,1.202401363,0.99414097,8.55453372,,4.784384008,0.857141319,
0.4,5,0.8,200,5,0.8,0.007971193,0.999999697,10.19757485,,4.784426087,0.857138806,
0.4,5,0.8,400,5,0.8,0.001293697,0.999999993,10.19706345,,4.784713936,0.857121616,
0.4,5,0.8,300,5,0.8,0.001469948,0.999999991,10.19704795,,4.784770704,0.857118225,
0.1,5,0.7,400,3,0.8,0.084659547,0.99996809,9.422809124,,4.785241593,0.857090101,
0.3,8,0.9,200,10,0.8,0.144670145,0.999910183,9.633793592,,4.785787526,0.857057491,
0.1,4,0.9,300,10,1,1.231816037,0.99385069,8.648216839,,4.78691821,0.85698994,
0.4,5,0.8,200,5,1,0.002840178,0.999999965,9.095473289,,4.787220953,0.85697185,
0.1,6,0.6,100,3,0.8,3.167718315,0.959542024,8.888037205,,4.787432389,0.856959216,
0.1,4,0.9,300,3,1,0.113958028,0.999940586,8.79701972,,4.788300385,0.856907343,
0.4,5,0.8,300,5,1,0.001338557,0.999999993,9.096097231,,4.789064297,0.856861682,
0.4,5,0.8,400,5,1,0.001238335,0.999999994,9.096107721,,4.789482262,0.856836696,
0.3,6,0.9,300,10,0.8,0.026824492,0.999996735,9.694198847,,4.790424041,0.856780389,
0.1,5,0.7,400,5,1,0.237435048,0.999768659,8.581594343,,4.792103175,0.856679969,
0.1,8,0.7,400,3,1,0.035942467,0.999994411,8.725567818,,4.793229387,0.856612596,
0.3,6,0.9,400,10,0.8,0.005493201,0.999999846,9.695927143,,4.793376297,0.856603807,
0.1,8,0.9,300,3,0.8,0.036240256,0.999994359,9.303110237,,4.793419114,0.856601245,
0.3,7,0.9,300,10,0.8,0.023275673,0.999997563,9.654937267,,4.793910052,0.85657187,
0.4,5,0.7,100,5,1,0.234408218,0.999768042,9.209858179,,4.794737595,0.856522347,
0.3,7,0.6,400,10,0.8,0.142770022,0.999909438,9.105921984,,4.797019978,0.856385719,
0.1,8,0.9,400,3,0.8,0.006846112,0.999999797,9.299474831,,4.797231122,0.856373076,
0.2,8,0.8,100,1,1,0.008133581,0.999999728,8.593508244,,4.79772337,0.856343599,
0.3,7,0.9,400,10,0.8,0.00462926,0.999999903,9.657739162,,4.798474965,0.856298586,
0.3,5,0.9,300,10,1,0.020948818,0.999997997,8.609578724,,4.800180965,0.856196388,
0.1,6,0.7,400,3,0.8,0.070624543,0.999978034,9.394310951,,4.800590786,0.856171832,
0.2,8,0.8,200,1,1,0.000898515,0.999999997,8.594508886,,4.801739294,0.856103004,
0.2,8,0.8,400,1,1,0.000815597,0.999999997,8.594572783,,4.801805869,0.856099014,
0.2,8,0.8,300,1,1,0.000836255,0.999999997,8.594616652,,4.801808026,0.856098884,
0.1,6,0.9,400,3,0.8,0.009068419,0.999999638,9.402628298,,4.801925132,0.856091865,
0.01,6,0.6,200,3,1,9.72628345,0.620208355,9.44203661,,4.803310214,0.856008835,
0.01,7,0.6,200,3,1,9.726296277,0.62020716,9.442013006,,4.803310214,0.856008835,
0.01,8,0.6,200,3,1,9.726296277,0.62020716,9.442013006,,4.803310214,0.856008835,
0.01,5,0.6,200,3,1,9.726902938,0.620158036,9.445387583,,4.803565046,0.855993556,
0.1,6,0.9,300,3,0.8,0.044961942,0.999991202,9.405001516,,4.803707724,0.855985001,
0.2,6,0.7,300,5,1,0.041423504,0.999992174,8.897648096,,4.806896131,0.855793761,
0.4,4,0.7,100,1,1,0.001240299,0.999999993,9.244354486,,4.807067253,0.855783493,
0.4,4,0.7,400,1,1,0.00071128,0.999999998,9.244584084,,4.807411467,0.855762839,
0.4,4,0.7,300,1,1,0.000731577,0.999999998,9.244556904,,4.807535717,0.855755383,
0.4,4,0.7,200,1,1,0.000769172,0.999999998,9.244466782,,4.807542113,0.855755,
0.01,4,0.6,200,3,1,9.734197462,0.619605759,9.469451885,,4.807863319,0.855735724,
0.1,7,0.7,400,3,1,0.036623363,0.999994183,8.734784842,,4.807940259,0.855731107,
0.3,8,0.8,200,5,0.8,0.026765363,0.999996608,9.73546505,,4.809151437,0.855658411,
0.3,5,0.9,400,10,1,0.0039651,0.999999918,8.612735863,,4.810564222,0.855573592,
0.3,5,0.6,400,10,0.8,0.147895051,0.999901444,9.037862539,,4.811782749,0.855500416,
0.1,8,0.7,400,3,0.8,0.066248431,0.99998084,9.367968082,,4.812515142,0.855456425,
0.3,8,0.8,400,5,0.8,0.001476119,0.999999991,9.736649752,,4.813978618,0.855368501,
0.3,8,0.8,300,5,0.8,0.002449768,0.999999973,9.736333132,,4.814199203,0.855355246,
0.2,8,0.8,200,5,1,0.08930483,0.999966508,8.561403389,,4.814241759,0.855352688,
0.3,3,0.7,200,10,0.8,0.823706429,0.997191047,9.410695553,,4.815475599,0.855278536,
0.1,7,0.7,400,3,0.8,0.066800242,0.999980521,9.38276124,,4.816108976,0.855240463,
0.1,6,0.7,400,1,0.8,0.001615776,0.999999989,9.172443628,,4.818003743,0.855126537,
0.1,6,0.7,300,1,0.8,0.011272264,0.999999408,9.171645403,,4.818889444,0.855073268,
0.4,8,0.9,200,10,1,0.021005704,0.999998174,9.185985804,,4.819181582,0.855055695,
0.1,4,0.7,400,10,1,1.320285575,0.992982941,8.78420269,,4.819569752,0.855032345,
0.2,8,0.8,200,3,0.8,0.02567614,0.999996957,9.666228294,,4.821825064,0.854896638,
0.1,6,0.7,200,1,0.8,0.075335458,0.999974123,9.164580584,,4.821863238,0.85489434,
0.3,8,0.9,300,10,0.8,0.022560176,0.999997725,9.654078007,,4.822170814,0.854875828,
0.4,8,0.8,200,5,1,0.001857575,0.999999985,9.057693005,,4.822303686,0.85486783,
0.4,8,0.8,300,5,1,0.001262857,0.999999993,9.058123112,,4.823118176,0.8548188,
0.01,3,0.8,200,3,1,9.037457817,0.672261787,9.691094503,,4.823188234,0.854814582,
0.4,8,0.8,400,5,1,0.00117656,0.999999994,9.058148623,,4.823362596,0.854804085,
0.2,8,0.8,400,3,0.8,0.001333328,0.999999992,9.667509794,,4.825030122,0.854703674,
0.2,8,0.8,300,3,0.8,0.002329003,0.999999976,9.667349815,,4.825078821,0.854700741,
0.3,8,0.9,400,10,0.8,0.004361031,0.999999916,9.655945778,,4.826684842,0.854604,
0.2,6,0.7,400,5,1,0.007681055,0.999999713,8.900526047,,4.826728214,0.854601387,
0.1,6,0.7,400,3,1,0.040110415,0.999992872,8.749758959,,4.826802881,0.854596888,
0.3,7,0.8,200,5,0.8,0.026827281,0.999996625,9.739379883,,4.827372254,0.854562582,
0.4,8,0.9,300,10,1,0.002377439,0.999999976,9.190555573,,4.827532084,0.854552952,
0.2,7,0.8,200,5,1,0.090094298,0.999966114,8.538416977,,4.827551625,0.854551774,
0.4,8,0.9,400,10,1,0.001866272,0.999999986,9.190892458,,4.828110422,0.8545181,
0.1,3,0.7,100,10,0.6,6.897457044,0.809064739,9.594141722,,4.831893734,0.854290012,
0.3,7,0.8,400,5,0.8,0.001473726,0.999999991,9.74059701,,4.832127692,0.854275901,
0.3,7,0.8,300,5,0.8,0.002481797,0.999999972,9.74042511,,4.832492678,0.854253886,
0.2,3,0.9,100,3,1,0.816649275,0.997223611,8.78181529,,4.832695576,0.854241647,
0.1,5,0.7,100,10,0.6,6.834680869,0.812528716,9.565294504,,4.832826223,0.854233766,
0.1,6,0.7,100,10,0.6,6.834477008,0.812539776,9.564043283,,4.832923769,0.854227882,
0.1,7,0.7,100,10,0.6,6.834284388,0.812550335,9.564012766,,4.832923769,0.854227882,
0.1,8,0.7,100,10,0.6,6.834284388,0.812550335,9.564012766,,4.832923769,0.854227882,
0.2,7,0.7,300,5,1,0.039325228,0.999993055,8.905413151,,4.833197675,0.854211358,
0.01,3,0.9,300,1,1,4.288366109,0.925950962,9.105541582,,4.834806607,0.854114278,
0.1,4,0.9,400,3,1,0.027291002,0.999996495,8.797460556,,4.83485537,0.854111335,
0.3,4,0.6,200,10,0.8,0.97254418,0.996078149,9.095247269,,4.835166539,0.854092556,
0.1,3,0.6,300,5,1,1.292910369,0.993159561,8.883954163,,4.835257114,0.85408709,
0.1,5,0.6,100,3,0.8,3.177131947,0.959296755,8.922801256,,4.837904832,0.853927246,
0.3,6,0.6,400,10,0.8,0.14286406,0.999908031,9.073358059,,4.838308097,0.853902893,
0.1,3,0.8,300,5,0.8,0.967285933,0.996156602,9.536314011,,4.839787596,0.85381353,
0.2,7,0.8,100,1,1,0.008700884,0.999999689,8.583935499,,4.840192531,0.853789067,
0.2,5,0.6,300,5,0.8,0.19808443,0.999818413,8.873501062,,4.842587787,0.853644321,
0.1,5,0.7,400,5,0.8,0.325582392,0.999559272,9.262246609,,4.843230511,0.853605469,
0.2,7,0.8,200,1,1,0.000913511,0.999999997,8.585262775,,4.844516266,0.85352773,
0.2,7,0.8,300,1,1,0.000850703,0.999999997,8.585324287,,4.844624828,0.853521165,
0.2,7,0.8,400,1,1,0.000824715,0.999999997,8.58530283,,4.844667589,0.85351858,
0.1,5,0.9,400,10,1,0.542236344,0.998801991,8.6567589,,4.847677502,0.85333651,
0.01,4,0.9,100,1,0.6,9.784312232,0.615390537,10.69512947,,4.847790504,0.853329672,
0.2,8,0.7,300,5,1,0.039571001,0.999992917,8.912534714,,4.848046478,0.853314183,
0.1,3,0.8,300,10,0.8,2.07860134,0.982528374,9.160338163,,4.848101124,0.853310876,
0.2,4,0.6,400,5,1,0.045545378,0.999990746,8.657459736,,4.848217687,0.853303822,
0.3,5,0.9,400,10,0.8,0.008846978,0.999999562,9.831730366,,4.849285713,0.853239183,
0.1,4,0.7,100,10,0.6,6.843969892,0.812025661,9.535089731,,4.849706164,0.853213733,
0.3,5,0.9,300,10,0.8,0.042135635,0.999991143,9.825294733,,4.850534113,0.853163609,
0.2,7,0.7,400,5,1,0.007517774,0.99999971,8.907590628,,4.850714451,0.85315269,
0.2,8,0.8,300,5,1,0.010192684,0.999999541,8.558286781,,4.851268669,0.853119132,
0.4,3,0.7,200,10,0.8,0.461420651,0.999089216,9.780470133,,4.851405418,0.853110852,
0.1,5,0.9,200,3,0.8,0.31868321,0.999571946,9.462618113,,4.852243591,0.853060091,
0.3,3,0.8,100,10,0.8,2.053049823,0.98293543,9.644881487,,4.85547285,0.852864444,
0.1,3,0.8,300,10,1,1.928060917,0.9849772,8.85799634,,4.856292236,0.85281478,
0.2,8,0.8,400,5,1,0.001895792,0.999999985,8.558162088,,4.857270689,0.852755464,
0.3,5,0.9,100,1,1,0.00108516,0.999999995,8.975287199,,4.857916707,0.852716294,
0.3,5,0.9,200,1,1,0.000908683,0.999999997,8.975366831,,4.858018452,0.852710125,
0.1,8,0.7,400,1,0.8,0.001403469,0.999999992,9.117740154,,4.858027485,0.852709577,
0.3,5,0.9,300,1,1,0.000872728,0.999999997,8.975262165,,4.858047124,0.852708386,
0.3,5,0.9,400,1,1,0.00084259,0.999999997,8.975264788,,4.858085366,0.852706067,
0.1,8,0.7,300,1,0.8,0.009042473,0.99999961,9.116895914,,4.858389646,0.852687615,
0.2,5,0.6,400,5,0.8,0.068138782,0.999977775,8.851957321,,4.859263961,0.85263459,
0.1,7,0.7,400,1,0.8,0.001453777,0.999999991,9.165405035,,4.859582391,0.852615275,
0.1,7,0.7,300,1,0.8,0.009722615,0.999999556,9.164545536,,4.860038029,0.852587636,
0.2,6,0.8,100,5,0.8,1.059206076,0.995469715,9.628152132,,4.860046815,0.852587103,
0.2,3,0.9,100,1,1,0.172818328,0.999861257,9.049463749,,4.860092017,0.852584361,
0.1,8,0.7,200,1,0.8,0.062044147,0.999982112,9.107083559,,4.860144228,0.852581194,
0.3,4,0.8,300,10,1,0.061852857,0.999983668,8.93981802,,4.860347693,0.852568851,
0.1,4,0.7,300,5,0.8,0.785066008,0.997453044,9.191079855,,4.86078215,0.852542492,
0.4,4,0.9,100,5,1,0.117997552,0.9999405,9.331162691,,4.860865033,0.852537463,
0.01,6,0.9,100,1,0.6,9.756748401,0.617548237,10.73937018,,4.861617139,0.852491827,
0.1,7,0.7,200,1,0.8,0.065962473,0.999979825,9.155642033,,4.861637624,0.852490584,
0.01,7,0.9,100,1,0.6,9.756531581,0.617565071,10.73816808,,4.861672955,0.85248844,
0.01,8,0.9,100,1,0.6,9.756521178,0.617565851,10.73816808,,4.861672955,0.85248844,
0.1,3,0.7,200,5,0.8,2.013060461,0.983494052,9.154003143,,4.863153549,0.852398579,
0.2,8,0.7,400,5,1,0.007482624,0.999999711,8.914223194,,4.863749441,0.852362405,
0.01,4,0.8,200,3,1,8.940003505,0.67934651,9.664741144,,4.863913842,0.852352424,
0.3,3,0.6,400,10,1,0.161649142,0.999884855,9.041512127,,4.864490783,0.852317395,
0.2,4,0.8,200,5,0.8,0.270567069,0.999684188,9.873258591,,4.864715103,0.852303774,
0.2,7,0.8,300,5,1,0.010349584,0.999999535,8.537598248,,4.864768534,0.85230053,
0.01,5,0.9,100,1,0.6,9.760233295,0.617274108,10.74094303,,4.865309967,0.852267651,
0.2,5,0.7,200,5,0.8,0.314182709,0.999573192,9.564078331,,4.86691674,0.852170057,
0.3,4,0.9,200,5,1,0.01495222,0.999998946,9.048439741,,4.869379851,0.852020388,
0.2,7,0.8,400,5,1,0.001888905,0.999999985,8.537013407,,4.870330802,0.851962584,
0.4,4,0.7,200,10,1,0.184823428,0.999855603,9.135169859,,4.870985613,0.851922774,
0.01,6,0.8,200,3,1,8.929705972,0.680097802,9.600390778,,4.872009622,0.851860509,
0.01,7,0.8,200,3,1,8.929693354,0.680098804,9.599786625,,4.872026455,0.851859485,
0.01,8,0.8,200,3,1,8.929693354,0.680098804,9.599786625,,4.872026455,0.851859485,
0.2,3,0.7,300,10,1,0.673757911,0.99813591,9.167626495,,4.872437473,0.851834489,
0.01,4,0.7,400,10,0.6,10.32116905,0.572510336,10.33670161,,4.872580597,0.851825784,
0.2,4,0.7,200,5,1,0.281943393,0.999660091,9.157861233,,4.874905675,0.85168434,
0.01,5,0.7,400,10,0.6,10.32020349,0.572591556,10.33963917,,4.875540373,0.851645717,
0.01,6,0.7,400,10,0.6,10.3201669,0.572594468,10.33901546,,4.875580358,0.851643284,
0.01,7,0.7,400,10,0.6,10.32016687,0.57259447,10.3390188,,4.875580358,0.851643284,
0.01,8,0.7,400,10,0.6,10.32016687,0.57259447,10.3390188,,4.875580358,0.851643284,
0.01,3,0.6,200,3,1,9.787451167,0.615413505,9.516625385,,4.875830041,0.851628088,
0.3,4,0.9,300,5,1,0.001864314,0.999999985,9.050490379,,4.875975567,0.851619231,
0.3,4,0.9,400,5,1,0.001464858,0.999999991,9.050842285,,4.876218413,0.851604451,
0.1,3,0.8,300,5,1,0.82678363,0.997176473,8.885930414,,4.876460765,0.8515897,
0.4,6,0.8,200,10,1,0.062900484,0.999983586,8.77873003,,4.87680944,0.851568476,
0.2,7,0.8,200,5,0.8,0.151463103,0.999902013,9.707088709,,4.877411471,0.851531827,
0.2,5,0.8,100,5,0.8,1.116223886,0.994956261,9.734158754,,4.878206463,0.851483424,
0.1,4,0.9,400,10,1,0.635102082,0.998344307,8.734782457,,4.881798678,0.851264614,
0.2,5,0.9,200,10,0.8,0.634944377,0.99834249,9.258582115,,4.881955457,0.85125506,
0.2,6,0.8,100,1,1,0.01062924,0.999999528,8.723409653,,4.881989649,0.851252977,
0.2,6,0.8,200,5,1,0.098265717,0.999959287,8.484765291,,4.882912659,0.851196726,
0.1,4,0.6,300,3,1,0.426160554,0.99922499,8.703975201,,4.883699486,0.851148766,
0.1,7,0.6,300,3,1,0.328520693,0.999545082,8.560391903,,4.884643897,0.851091191,
0.4,5,0.7,200,5,1,0.010941247,0.999999435,9.226258516,,4.884962898,0.85107174,
0.2,6,0.8,200,1,1,0.00092704,0.999999996,8.724614382,,4.885380638,0.851046268,
0.2,6,0.8,300,1,1,0.000861148,0.999999997,8.724749804,,4.885480144,0.8510402,
0.2,6,0.8,400,1,1,0.000829469,0.999999997,8.724745035,,4.885623131,0.851031481,
0.2,4,0.9,200,10,1,0.623001828,0.998405744,8.610844965,,4.887209002,0.850934755,
0.01,5,0.8,200,3,1,8.930509789,0.680040174,9.599700317,,4.887927106,0.850890946,
0.4,5,0.7,300,5,1,0.001548319,0.99999999,9.227286816,,4.889738203,0.850780428,
0.1,3,0.9,100,5,1,3.49784725,0.950680871,9.088893528,,4.889744435,0.850780048,
0.4,5,0.7,400,5,1,0.001290499,0.999999993,9.227537394,,4.890118854,0.850757195,
0.2,8,0.8,100,5,0.8,1.044480276,0.995599828,9.616876602,,4.893996872,0.850520392,
0.01,3,0.7,400,10,0.6,10.3377579,0.571122931,10.33402322,,4.894267687,0.850503848,
0.3,3,0.9,100,10,1,1.682893682,0.988423882,8.820055122,,4.894522556,0.850488278,
0.1,8,0.6,300,3,1,0.326127329,0.999551611,8.531440973,,4.896373451,0.850375179,
0.3,6,0.9,100,1,1,0.001014719,0.999999996,8.751514912,,4.896974804,0.850338424,
0.3,6,0.9,200,1,1,0.000901848,0.999999997,8.751614571,,4.897056477,0.850333432,
0.3,6,0.9,300,1,1,0.000859545,0.999999997,8.751654387,,4.89719491,0.85032497,
0.3,6,0.9,400,1,1,0.000821443,0.999999997,8.75169301,,4.897296007,0.85031879,
0.3,4,0.8,400,10,1,0.013252423,0.999999173,8.944326515,,4.898368748,0.850253208,
0.1,4,0.8,300,3,1,0.146639997,0.999908884,8.812549829,,4.90056402,0.850118956,
0.4,8,0.8,100,1,1,0.000839887,0.999999997,9.309604645,,4.902411326,0.850005937,
0.4,8,0.8,200,1,1,0.000761014,0.999999998,9.30971694,,4.902415269,0.850005696,
0.4,8,0.8,300,1,1,0.00073157,0.999999998,9.30970192,,4.90248233,0.850001592,
0.4,8,0.8,400,1,1,0.000720288,0.999999998,9.309671402,,4.902502123,0.850000381,
0.01,7,0.9,200,5,1,9.874134174,0.608794202,9.852949009,,4.903753905,0.849923771,
0.01,8,0.9,200,5,1,9.874134174,0.608794202,9.852949009,,4.903753905,0.849923771,
0.01,3,0.9,200,5,1,9.936104583,0.603828127,9.891313181,,4.903766991,0.84992297,
0.01,6,0.9,200,5,1,9.874146682,0.608793189,9.852949009,,4.903909344,0.849914257,
0.1,8,0.9,300,10,0.8,1.195458353,0.994217864,9.138038874,,4.904014571,0.849907815,
0.2,7,0.8,400,5,0.8,0.004508552,0.999999911,9.714071035,,4.905005091,0.849847178,
0.2,7,0.8,300,5,0.8,0.027405532,0.999996661,9.713181257,,4.905570657,0.849812549,
0.2,4,0.8,400,5,0.8,0.011331865,0.999999405,9.906236172,,4.907203986,0.849712522,
0.01,4,0.9,200,5,1,9.878202257,0.60847177,9.897086248,,4.907532494,0.849692399,
0.1,7,0.9,300,10,0.8,1.198352734,0.994188217,9.140033484,,4.907704598,0.849681857,
0.1,4,0.7,200,3,0.8,0.817990379,0.997222421,9.43188262,,4.908653796,0.849623705,
0.2,5,0.7,300,5,0.8,0.087834956,0.999965371,9.572478056,,4.911034853,0.849477783,
0.01,5,0.9,200,5,1,9.87418575,0.608789926,9.853799686,,4.911683096,0.849438043,
0.2,4,0.8,300,5,0.8,0.058742628,0.999984387,9.902427673,,4.912880372,0.849364632,
0.3,3,0.6,200,5,1,0.261379763,0.999698384,8.826829672,,4.914299862,0.849277572,
0.1,3,0.8,100,1,0.8,1.18595777,0.994182319,9.649091244,,4.916478056,0.849143932,
0.4,4,0.9,200,5,1,0.002043292,0.999999982,9.352072954,,4.916814291,0.849123297,
0.4,4,0.9,300,5,1,0.001449519,0.999999991,9.35220027,,4.916932545,0.849116039,
0.4,4,0.9,400,5,1,0.001334615,0.999999993,9.35235858,,4.917119545,0.849104562,
0.2,5,0.7,400,5,0.8,0.021088979,0.999997924,9.576696873,,4.917177372,0.849101013,
0.3,3,0.8,100,5,0.8,0.885720901,0.996739976,9.843562365,,4.919622661,0.848950893,
0.1,4,0.7,200,3,1,0.67815323,0.998089008,8.860549927,,4.919817331,0.848938939,
0.4,6,0.9,200,10,1,0.024419229,0.999997413,9.209342241,,4.922040499,0.848802385,
0.3,7,0.6,100,5,0.8,0.986913097,0.995996417,8.787127495,,4.922426433,0.848778673,
0.3,3,0.7,100,5,0.8,1.056380469,0.995383571,10.10237622,,4.922780196,0.848756937,
0.2,3,0.7,100,5,1,1.897182383,0.985434384,8.775034189,,4.923541996,0.848710124,
0.1,8,0.6,300,5,0.8,1.075112267,0.995245275,8.931663752,,4.924203906,0.848669443,
0.2,3,0.9,100,5,1,1.474544377,0.991023469,8.763373251,,4.925420653,0.848594647,
0.1,5,0.7,300,3,1,0.165220467,0.999882889,8.824368238,,4.927240081,0.84848277,
0.4,5,0.9,200,10,1,0.036653854,0.99999398,9.236845493,,4.927266147,0.848481167,
0.2,6,0.8,300,5,1,0.011952471,0.999999375,8.495447159,,4.928456155,0.84840797,
0.4,4,0.8,100,5,0.8,0.250090791,0.999727321,10.21283436,,4.928888584,0.848381367,
0.2,3,0.9,200,1,1,0.005072375,0.999999862,9.07691884,,4.92988628,0.84831998,
0.01,5,0.8,200,5,1,10.13330052,0.58798365,9.638097143,,4.930900051,0.848257591,
0.01,6,0.8,200,5,1,10.13320366,0.587991254,9.636907673,,4.930900051,0.848257591,
0.01,7,0.8,200,5,1,10.13319446,0.587992043,9.63690815,,4.930900051,0.848257591,
0.01,8,0.8,200,5,1,10.13319446,0.587992043,9.63690815,,4.930900051,0.848257591,
0.1,7,0.6,300,5,0.8,1.075632875,0.995241089,8.935444117,,4.931042052,0.848248851,
0.2,3,0.9,100,10,1,2.976519134,0.964234907,9.098802557,,4.932031877,0.848187922,
0.1,4,0.7,100,1,0.8,0.848040934,0.997035053,9.06268239,,4.932250924,0.848174437,
0.2,3,0.9,300,1,1,0.001142413,0.999999995,9.077064276,,4.933074845,0.848123708,
0.2,3,0.9,400,1,1,0.001000664,0.999999996,9.077193499,,4.933122786,0.848120756,
0.1,4,0.9,200,3,0.8,0.508198664,0.99891231,9.636777163,,4.933153143,0.848118887,
0.1,4,0.7,300,5,1,0.657216072,0.998232592,8.736209507,,4.934915179,0.848010369,
0.2,6,0.8,400,5,1,0.002051821,0.999999982,8.496854544,,4.934931603,0.848009358,
0.1,5,0.9,400,3,0.8,0.01606663,0.999998803,9.466100454,,4.935010545,0.848004495,
0.1,5,0.9,300,3,0.8,0.072139305,0.999977047,9.464044571,,4.935304823,0.847986367,
0.1,6,0.9,300,10,0.8,1.211066593,0.99406153,9.192364216,,4.935760304,0.847958307,
0.01,4,0.8,200,5,1,10.13674803,0.587704672,9.669064617,,4.937206233,0.847869213,
0.4,6,0.8,300,10,1,0.006030036,0.999999842,8.784942265,,4.937761413,0.847834997,
0.3,4,0.6,300,10,0.8,0.395879253,0.999321931,9.110203981,,4.937940503,0.847823959,
0.4,4,0.8,200,5,0.8,0.013952523,0.999999056,10.22002411,,4.938449508,0.847792585,
0.4,6,0.9,300,10,1,0.00255547,0.999999972,9.214017153,,4.939143539,0.847749801,
0.4,4,0.8,400,5,0.8,0.001348056,0.999999992,10.21988416,,4.93937198,0.847735717,
0.4,4,0.8,300,5,0.8,0.001612127,0.999999989,10.21993351,,4.939459087,0.847730346,
0.4,6,0.9,400,10,1,0.001929756,0.999999985,9.214271545,,4.939807406,0.84770887,
0.2,7,0.7,200,5,0.8,0.277291508,0.999668301,9.434643745,,4.940781319,0.847648814,
0.2,3,0.8,100,3,1,0.90800087,0.996554943,8.985967398,,4.941377085,0.84761207,
0.4,6,0.8,400,10,1,0.001994685,0.999999983,8.785476799,,4.941399851,0.847610666,
0.4,5,0.8,200,10,1,0.072890858,0.999977574,8.760180349,,4.942502705,0.847542636,
0.3,3,0.6,200,3,1,0.078948193,0.999970685,9.048032045,,4.944411596,0.847424849,
0.1,6,0.6,300,5,0.8,1.077785775,0.995224714,8.939890862,,4.945189958,0.847376808,
0.4,5,0.9,300,10,1,0.003287648,0.999999951,9.240278244,,4.945911707,0.847332254,
0.4,5,0.9,400,10,1,0.002105242,0.999999981,9.240824223,,4.946697067,0.847283766,
0.1,3,0.8,200,3,0.8,1.070916112,0.995256036,9.57596302,,4.947125756,0.847257296,
0.4,3,0.6,300,10,0.8,0.293180852,0.999617192,9.282153845,,4.947172089,0.847254435,
0.1,4,0.9,200,5,0.8,1.022834281,0.995707269,9.527810335,,4.948099221,0.847197178,
0.01,4,0.7,300,1,0.6,5.040393804,0.897751652,9.241570587,,4.952278146,0.84693897,
0.3,4,0.8,100,5,0.8,0.518397162,0.998881761,9.84430027,,4.954361026,0.846810191,
0.01,7,0.7,200,1,1,6.551556986,0.827588274,9.104635592,,4.9551138,0.846763635,
0.4,3,0.7,300,10,1,0.089590429,0.999964667,8.874765272,,4.956158565,0.84669901,
0.01,4,0.8,100,1,0.6,10.12196479,0.588580168,10.64975066,,4.956201846,0.846696332,
0.2,8,0.7,200,5,0.8,0.274774767,0.999674893,9.424451828,,4.956985108,0.846647873,
0.2,4,0.9,200,10,0.8,0.770889495,0.997546583,9.559235334,,4.958994863,0.846523498,
0.01,3,0.8,200,5,1,10.18691707,0.583576097,9.700680351,,4.961719604,0.846354795,
0.1,3,0.8,200,1,0.8,0.312208282,0.999574244,9.836880922,,4.962111776,0.846330506,
0.3,4,0.7,200,5,1,0.067086369,0.999980324,9.176451206,,4.96241358,0.846311813,
0.3,6,0.6,100,5,0.8,0.981809412,0.996034721,8.812069178,,4.965517016,0.846119523,
0.01,8,0.7,200,1,1,6.550549753,0.827640454,9.101308222,,4.966689369,0.846046852,
0.1,4,0.9,200,1,1,0.03846143,0.999993253,8.739416361,,4.966883059,0.846034845,
0.3,4,0.6,400,10,0.8,0.166458298,0.999875362,9.09607172,,4.968268571,0.845948935,
0.01,3,0.8,300,1,1,4.583725383,0.915490817,9.051383247,,4.970802353,0.845791765,
0.01,6,0.7,200,1,1,6.553723132,0.827479076,9.109898443,,4.971100187,0.845773286,
0.4,4,0.7,300,10,1,0.040255402,0.999992815,9.131561155,,4.971223958,0.845765605,
0.2,3,0.6,200,10,0.8,2.196940632,0.980376817,9.103354454,,4.972762765,0.845670106,
0.01,7,0.7,300,1,0.6,4.994893927,0.899605309,9.294856663,,4.974753897,0.845546492,
0.01,8,0.7,300,1,0.6,4.994846303,0.899607183,9.294938202,,4.974753897,0.845546492,
0.1,4,0.8,400,3,1,0.038390653,0.999993579,8.82193327,,4.974791467,0.845544159,
0.01,6,0.7,300,1,0.6,4.994960374,0.899602532,9.293074007,,4.974927024,0.845535741,
0.4,3,0.7,300,10,0.8,0.151510711,0.999896892,9.834383011,,4.975242959,0.845516122,
0.1,5,0.9,300,10,0.8,1.256674224,0.993601375,9.333727121,,4.975981595,0.845470249,
0.2,6,0.7,200,5,0.8,0.285521002,0.999649428,9.437115669,,4.9759895,0.845469758,
0.2,5,0.7,200,5,1,0.221063513,0.999791743,8.902184248,,4.976270295,0.845452317,
0.2,8,0.8,200,5,0.8,0.149875322,0.99990382,9.711687803,,4.97756388,0.845371957,
0.01,6,0.8,200,5,0.8,10.34991602,0.570195944,9.993140678,,4.978414908,0.845319078,
0.01,7,0.8,200,5,0.8,10.34991602,0.570195944,9.993140678,,4.978414908,0.845319078,
0.01,8,0.8,200,5,0.8,10.34991602,0.570195944,9.993140678,,4.978414908,0.845319078,
0.01,5,0.8,200,5,0.8,10.34996519,0.570192143,9.993756275,,4.978419379,0.8453188,
0.3,6,0.8,100,1,1,0.001062436,0.999999995,8.558765888,,4.978492209,0.845314274,
0.3,6,0.8,300,1,1,0.000800329,0.999999997,8.558989286,,4.978562992,0.845309876,
0.3,6,0.8,200,1,1,0.000857453,0.999999997,8.558945894,,4.978584247,0.845308555,
0.3,6,0.8,400,1,1,0.000781597,0.999999997,8.558956623,,4.978645551,0.845304745,
0.01,5,0.7,300,1,0.6,4.997312981,0.899506123,9.286613579,,4.978687047,0.845302167,
0.3,4,0.8,200,5,0.8,0.058200758,0.999985047,9.87945199,,4.98140216,0.845133393,
0.01,4,0.8,200,5,0.8,10.35310981,0.569932268,10.01901362,,4.98144822,0.845130529,
0.01,5,0.7,200,1,1,6.563417404,0.826966961,9.104899998,,4.983995537,0.8449721,
0.01,6,0.9,300,10,0.8,10.31552755,0.573020841,10.35751198,,4.984656338,0.844930989,
0.01,7,0.9,300,10,0.8,10.31552755,0.573020841,10.35751198,,4.984656338,0.844930989,
0.01,8,0.9,300,10,0.8,10.31552755,0.573020841,10.35751198,,4.984656338,0.844930989,
0.01,5,0.9,300,10,0.8,10.31566636,0.573009172,10.35923145,,4.984656529,0.844930977,
0.2,3,0.8,300,10,0.8,0.671458984,0.998138843,9.6661973,,4.985254417,0.844893775,
0.01,6,0.9,200,3,1,8.615375108,0.702223552,9.73227869,,4.985445407,0.84488189,
0.01,7,0.9,200,3,1,8.615348201,0.702225444,9.732235775,,4.985445407,0.84488189,
0.01,8,0.9,200,3,1,8.615348201,0.702225444,9.732235775,,4.985445407,0.84488189,
0.01,5,0.9,200,3,1,8.616439373,0.702146478,9.734161482,,4.985507407,0.844878032,
0.2,4,0.9,200,5,1,0.133024904,0.999920045,8.96002841,,4.985690701,0.844866625,
0.4,3,0.6,400,10,0.8,0.106312274,0.999947003,9.273517847,,4.985856277,0.844856321,
0.1,4,0.9,400,3,0.8,0.043955696,0.999990796,9.667619705,,4.987484936,0.844754947,
0.1,6,0.9,300,5,0.8,0.230107324,0.999776707,9.365488768,,4.989278356,0.84464328,
0.01,5,0.8,100,1,0.6,10.10181633,0.590224988,10.65349634,,4.989430939,0.844633778,
0.01,7,0.8,100,1,0.6,10.09922322,0.590432733,10.659638,,4.989452583,0.84463243,
0.01,8,0.8,100,1,0.6,10.09922322,0.590432733,10.659638,,4.989452583,0.84463243,
0.01,6,0.8,100,1,0.6,10.09920018,0.590434473,10.66057165,,4.989465091,0.844631651,
0.1,4,0.6,200,1,1,0.198479512,0.999830535,8.761101484,,4.989647154,0.844620312,
0.3,4,0.8,400,5,0.8,0.001634724,0.999999989,9.87900877,,4.990879531,0.844543549,
0.3,4,0.8,300,5,0.8,0.005509938,0.999999863,9.879198313,,4.991463141,0.84450719,
0.4,3,0.7,400,10,1,0.01975118,0.999998226,8.875497456,,4.992968822,0.844413367,
0.3,4,0.8,100,5,1,0.439350171,0.999197367,8.94947958,,4.994674528,0.844307045,
0.1,4,0.9,300,3,0.8,0.150956121,0.99989747,9.657983541,,4.995250116,0.844271159,
0.2,4,0.8,300,10,1,0.284598979,0.999661759,9.047289009,,4.995382764,0.844262888,
0.1,4,0.9,300,1,1,0.003337313,0.999999944,8.739653349,,4.996909462,0.84416768,
0.01,4,0.9,200,3,1,8.631903677,0.701063871,9.797870741,,4.997179949,0.844150809,
0.2,7,0.7,300,5,0.8,0.073855843,0.999975146,9.435259819,,4.997599672,0.844124628,
0.1,4,0.9,400,1,1,0.001246613,0.999999994,8.740100861,,4.998223708,0.844085698,
0.1,3,0.7,200,3,1,1.062954532,0.995311735,9.02001214,,4.998589257,0.844062891,
0.4,4,0.7,400,10,1,0.007105048,0.999999765,9.133596296,,4.998848705,0.844046703,
0.1,5,0.7,400,3,1,0.049250574,0.999989064,8.839543819,,4.999481829,0.844007196,
0.01,3,0.7,300,1,0.6,5.278614056,0.887777984,9.19871294,,5.002793424,0.843800473,
0.01,3,0.9,200,3,1,8.751559129,0.692694675,9.811070786,,5.004101914,0.843718753,
0.4,3,0.7,400,10,0.8,0.040980521,0.999991987,9.836116314,,5.004555578,0.843690416,
0.2,4,0.8,200,5,1,0.182708081,0.999860412,8.848770857,,5.005969787,0.843602062,
0.3,4,0.7,300,5,1,0.008624954,0.999999663,9.188867331,,5.00598831,0.843600904,
0.4,5,0.7,100,3,1,0.041565572,0.999992214,9.346890211,,5.006413999,0.843574304,
0.01,3,0.8,100,1,0.6,10.22653523,0.580011791,10.62200112,,5.006716566,0.843555396,
0.3,4,0.7,400,5,1,0.001795984,0.999999986,9.190080166,,5.007176974,0.843526622,
0.2,3,0.8,200,10,1,1.17760892,0.994318792,9.016319866,,5.007250517,0.843522026,
0.3,3,0.6,300,3,1,0.01238432,0.999999201,9.0559659,,5.007678089,0.843495301,
0.1,4,0.7,400,5,0.8,0.396154799,0.999346154,9.214114904,,5.007696371,0.843494158,
0.4,5,0.8,300,10,1,0.007467166,0.999999756,8.76778471,,5.008775307,0.843426711,
0.01,4,0.9,300,10,0.8,10.31698976,0.572900653,10.36629389,,5.009136128,0.843404152,
0.2,8,0.8,300,5,0.8,0.027126846,0.999996706,9.716061831,,5.009628711,0.843373352,
0.01,4,0.6,400,10,1,10.29231463,0.575001198,9.641247492,,5.010293126,0.843331803,
0.3,3,0.7,300,10,0.8,0.343959292,0.999496077,9.432051659,,5.010984796,0.843288544,
0.2,8,0.8,400,5,0.8,0.004517241,0.99999991,9.717395067,,5.011737306,0.843241473,
0.2,8,0.7,300,5,0.8,0.074486293,0.999974811,9.423936844,,5.012265079,0.843208456,
0.2,7,0.7,400,5,0.8,0.018091848,0.999998403,9.439936161,,5.012315142,0.843205324,
0.4,5,0.8,400,10,1,0.002173848,0.99999998,8.769037123,,5.012509171,0.843193184,
0.01,3,0.7,200,1,1,6.867292055,0.810480161,9.213174572,,5.015484767,0.843006957,
0.1,3,0.9,100,3,0.8,2.360058781,0.977354179,9.901667233,,5.01609003,0.842969064,
0.3,3,0.6,400,3,1,0.001838994,0.999999984,9.053470612,,5.016826442,0.842922953,
0.3,8,0.6,100,5,0.8,0.986839834,0.995998962,8.792833328,,5.020133522,0.842715795,
0.1,3,0.8,300,3,1,0.382071894,0.999378968,8.977772713,,5.021771357,0.842613149,
0.01,5,0.6,400,10,1,10.29218075,0.575012709,9.641932707,,5.022374743,0.842575326,
0.01,6,0.6,400,10,1,10.29215021,0.575015424,9.641890984,,5.022374743,0.842575326,
0.01,7,0.6,400,10,1,10.29215021,0.575015424,9.641890984,,5.022374743,0.842575326,
0.01,8,0.6,400,10,1,10.29215021,0.575015424,9.641890984,,5.022374743,0.842575326,
0.4,5,0.7,200,3,1,0.001308238,0.999999993,9.345181465,,5.02277804,0.842550042,
0.4,5,0.7,300,3,1,0.001029704,0.999999996,9.34536767,,5.023227097,0.842521888,
0.1,3,0.8,300,1,0.8,0.077754914,0.999971604,9.871871233,,5.023309857,0.842516699,
0.4,5,0.7,400,3,1,0.000972042,0.999999996,9.345400333,,5.02335363,0.842513954,
0.1,4,0.6,100,3,0.8,3.251618431,0.957350891,8.900758505,,5.025629247,0.842371237,
0.2,8,0.7,400,5,0.8,0.018138437,0.99999841,9.42676878,,5.025884089,0.84235525,
0.01,3,0.8,200,5,0.8,10.39370078,0.566531207,10.06830762,,5.026539077,0.842314158,
0.2,6,0.8,200,5,0.8,0.159628967,0.999890479,9.717604876,,5.02689636,0.842291741,
0.2,3,0.9,100,10,0.8,3.01140201,0.96337998,9.605049372,,5.027046984,0.84228229,
0.1,5,0.9,200,5,0.8,0.841080045,0.997109659,9.366717339,,5.027172896,0.842274389,
0.1,4,0.7,300,3,0.8,0.332364644,0.999527489,9.511001587,,5.028691353,0.842179093,
0.01,4,0.7,200,1,1,6.622148586,0.823854246,9.120837326,,5.030238573,0.842081961,
0.01,3,0.6,400,10,1,10.30963679,0.573563561,9.654877882,,5.030560554,0.842061744,
0.2,5,0.8,200,5,1,0.120246624,0.999939376,8.592215776,,5.030718986,0.842051796,
0.1,3,0.8,400,1,0.8,0.019309402,0.999998171,9.875965834,,5.032052786,0.841968031,
0.2,8,0.9,200,10,0.8,0.563930951,0.998694621,9.110610962,,5.034828211,0.841793658,
0.1,7,0.9,300,5,0.8,0.211958376,0.999812171,9.283660889,,5.035225109,0.841768714,
0.1,3,0.8,400,5,0.8,0.516180849,0.998894919,9.59094739,,5.036405525,0.841694517,
0.2,6,0.9,200,10,0.8,0.58145732,0.998609477,9.1494596,,5.037224017,0.841643058,
0.3,8,0.7,200,1,1,0.000765027,0.999999998,8.748870611,,5.037273871,0.841639924,
0.3,8,0.7,400,1,1,0.00071091,0.999999998,8.748912096,,5.037303392,0.841638068,
0.3,8,0.7,300,1,1,0.000721135,0.999999998,8.748909235,,5.037321282,0.841636943,
0.3,8,0.7,100,1,1,0.002416552,0.999999966,8.749215364,,5.037444052,0.841629223,
0.01,3,0.9,300,10,0.8,10.34813303,0.570288422,10.37106131,,5.037844271,0.841604058,
0.2,5,0.9,300,10,0.8,0.193031482,0.999841385,9.341236115,,5.03801913,0.841593062,
0.2,7,0.9,200,10,0.8,0.567199314,0.998677431,9.106317282,,5.038919056,0.841536465,
0.4,4,0.8,100,10,1,0.884026466,0.996838341,8.808430548,,5.040020543,0.841467179,
0.2,5,0.8,100,1,0.8,0.030276512,0.999995998,9.965024233,,5.041675558,0.841363045,
0.2,5,0.8,400,1,0.8,0.000898139,0.999999997,9.964307308,,5.044024711,0.841215178,
0.2,5,0.8,200,1,0.8,0.001138519,0.999999995,9.964120388,,5.044156959,0.841206852,
0.2,5,0.8,300,1,0.8,0.000937423,0.999999996,9.964354753,,5.044212608,0.841203348,
0.2,6,0.7,300,5,0.8,0.077228272,0.999973033,9.439603567,,5.045481124,0.84112347,
0.1,8,0.9,300,5,0.8,0.205734708,0.999824828,9.259181499,,5.047228601,0.841013399,
0.1,6,0.9,400,5,0.8,0.075245365,0.99997534,9.394616127,,5.047884329,0.840972085,
0.01,5,0.8,300,10,1,10.38335102,0.567381718,9.766648989,,5.049557982,0.840866615,
0.01,6,0.8,300,10,1,10.38335654,0.56738131,9.76677702,,5.049557982,0.840866615,
0.01,7,0.8,300,10,1,10.38335654,0.56738131,9.76677702,,5.049557982,0.840866615,
0.01,8,0.8,300,10,1,10.38335654,0.56738131,9.76677702,,5.049557982,0.840866615,
0.2,4,0.7,300,5,1,0.070640348,0.999977565,9.174286842,,5.049626947,0.840862268,
0.2,4,0.6,300,10,0.8,0.974419477,0.996071864,9.124449968,,5.050050961,0.840835541,
0.01,4,0.8,300,10,1,10.38447256,0.567289396,9.783205729,,5.05056292,0.840803269,
0.1,3,0.6,100,3,0.8,3.502599609,0.950464133,9.051728725,,5.05280756,0.840661732,
0.1,4,0.6,300,5,0.8,1.169718316,0.994374342,9.046658754,,5.054041504,0.840583899,
0.2,6,0.7,400,5,0.8,0.018805007,0.999998283,9.44141221,,5.055235223,0.840508585,
0.1,7,0.6,400,3,1,0.119313218,0.999938544,8.544554234,,5.05572235,0.840477846,
0.2,5,0.8,200,5,0.8,0.1905516,0.999844716,9.822161674,,5.056877498,0.840404941,
0.2,6,0.8,400,5,0.8,0.004868497,0.999999894,9.731227875,,5.057301875,0.840378153,
0.2,3,0.7,200,5,0.8,0.661203061,0.998147424,9.530040503,,5.057434629,0.840369773,
0.01,3,0.8,300,10,1,10.41023978,0.565118139,9.791463833,,5.057804948,0.840346395,
0.2,6,0.8,300,5,0.8,0.029163114,0.999996199,9.730327368,,5.058452929,0.840305485,
0.1,4,0.7,400,3,0.8,0.12418478,0.999932325,9.53320694,,5.061881521,0.840088931,
0.2,4,0.9,300,5,1,0.015779248,0.99999881,8.967231989,,5.062753831,0.840033812,
0.1,5,0.6,300,5,0.8,1.098410853,0.995050327,8.957996845,,5.064235329,0.839940177,
0.3,8,0.7,100,5,0.8,0.621756018,0.998410424,9.86877346,,5.064680184,0.839912056,
0.3,6,0.7,100,5,0.8,0.62631491,0.99839321,9.866480112,,5.067667707,0.839723137,
0.1,3,0.9,300,10,1,1.749499927,0.987533734,8.89171278,,5.068325582,0.83968152,
0.2,5,0.7,300,5,1,0.047520692,0.999989645,8.907936811,,5.069670131,0.839596449,
0.2,5,0.8,400,5,0.8,0.00612089,0.999999834,9.833830118,,5.070713045,0.839530447,
0.3,7,0.7,100,5,0.8,0.62107584,0.998414812,9.86377573,,5.071009707,0.83951167,
0.2,4,0.9,400,5,1,0.002575601,0.99999997,8.971320868,,5.071063097,0.83950829,
0.1,8,0.6,400,3,1,0.118129055,0.999939698,8.515770197,,5.071535297,0.8394784,
0.2,5,0.8,300,5,0.8,0.036211666,0.999994221,9.834025383,,5.071780909,0.839462852,
0.1,3,0.8,400,3,1,0.140383489,0.99991172,8.998659134,,5.074342212,0.839300665,
0.2,4,0.6,200,5,0.8,0.629486133,0.998303204,9.046519518,,5.075738545,0.839212212,
0.1,3,0.9,200,5,1,1.491863048,0.990877478,8.84331214,,5.076623083,0.839156167,
0.1,3,0.7,400,10,0.8,1.694397178,0.988401158,9.107924223,,5.077209046,0.839119034,
0.1,7,0.9,400,5,0.8,0.065404206,0.999981655,9.306656361,,5.078971186,0.839007341,
0.3,3,0.8,200,5,0.8,0.158253477,0.999886132,9.933082581,,5.080294542,0.838923435,
0.1,8,0.6,400,5,0.8,0.569936307,0.998642253,8.908583879,,5.0807893,0.83889206,
0.2,4,0.7,200,5,0.8,0.394252988,0.999334384,9.598264456,,5.082079334,0.838810237,
0.2,6,0.9,100,3,0.8,0.224067053,0.999785997,9.730258226,,5.08435713,0.838665714,
0.2,5,0.9,400,10,0.8,0.067740264,0.999978924,9.366312504,,5.088043886,0.838431657,
0.2,5,0.7,400,5,1,0.009099003,0.999999607,8.915110826,,5.091089403,0.838238181,
0.2,4,0.8,100,3,0.8,0.599491931,0.998501075,9.938676119,,5.093667329,0.83807432,
0.2,4,0.7,400,5,1,0.015690426,0.999998853,9.183427095,,5.095660716,0.837947557,
0.1,7,0.9,400,10,0.8,0.584387333,0.998602981,9.218994617,,5.095704355,0.837944781,
0.1,8,0.9,400,5,0.8,0.062941161,0.99998325,9.284058809,,5.096400911,0.837900474,
0.3,3,0.7,400,10,0.8,0.131539916,0.999923944,9.438221693,,5.096721072,0.837880107,
0.3,3,0.6,300,5,1,0.070763091,0.999976895,8.860181808,,5.097475869,0.837832085,
0.4,4,0.9,100,10,1,0.615529044,0.998437774,9.159620523,,5.097580256,0.837825443,
0.1,7,0.6,400,5,0.8,0.570587903,0.998640088,8.914867163,,5.098862753,0.83774383,
0.4,3,0.8,100,10,1,1.16832073,0.994451107,8.922632093,,5.100790968,0.837621088,
0.1,4,0.9,300,5,1,0.354692163,0.999470973,8.827370882,,5.101017834,0.837606643,
0.1,4,0.6,400,3,1,0.17217813,0.999870191,8.689605236,,5.101383706,0.837583347,
0.2,5,0.9,400,1,0.8,0.000944762,0.999999996,10.04095936,,5.10423914,0.837401475,
0.2,5,0.9,200,1,0.8,0.001121741,0.999999995,10.04085588,,5.104380583,0.837392463,
0.2,5,0.9,300,1,0.8,0.000999092,0.999999996,10.04089141,,5.10444922,0.83738809,
0.2,5,0.9,100,1,0.8,0.015044596,0.999998967,10.03973198,,5.104919936,0.837358098,
0.01,4,0.9,200,5,0.6,10.27127325,0.576487219,10.58167286,,5.10526419,0.837336161,
0.3,4,0.9,100,10,0.8,1.335752572,0.992718661,9.737431526,,5.105938218,0.837293207,
0.1,4,0.6,300,1,1,0.04147893,0.999992071,8.786666632,,5.106637052,0.837248665,
0.2,6,0.9,200,3,0.8,0.009637539,0.999999581,9.77020216,,5.108986727,0.83709886,
0.2,6,0.9,400,3,0.8,0.001310071,0.999999993,9.772020578,,5.109253817,0.837081827,
0.2,6,0.9,300,3,0.8,0.001569131,0.99999999,9.771836281,,5.109478647,0.837067488,
0.2,7,0.9,100,3,0.8,0.200236929,0.999831698,9.708991051,,5.109771653,0.837048801,
0.01,5,0.6,400,10,0.8,10.52265888,0.555734773,10.10163353,,5.111670025,0.8369277,
0.01,6,0.6,400,10,0.8,10.52264709,0.555735755,10.10124419,,5.112082776,0.836901364,
0.01,7,0.6,400,10,0.8,10.52264709,0.555735755,10.10124419,,5.112082776,0.836901364,
0.01,8,0.6,400,10,0.8,10.52264709,0.555735755,10.10124419,,5.112082776,0.836901364,
0.01,4,0.6,400,10,0.8,10.52349436,0.55566457,10.10495971,,5.112926293,0.836847535,
0.2,5,0.8,300,5,1,0.015912895,0.999998916,8.610336542,,5.114706323,0.836733915,
0.01,6,0.9,200,5,0.6,10.26796238,0.576762728,10.57320423,,5.114803322,0.836727722,
0.01,7,0.9,200,5,0.6,10.26796238,0.576762728,10.57320423,,5.114803322,0.836727722,
0.01,8,0.9,200,5,0.6,10.26796238,0.576762728,10.57320423,,5.114803322,0.836727722,
0.01,5,0.9,200,5,0.6,10.267973,0.576761894,10.57304235,,5.114856776,0.836724309,
0.1,6,0.9,400,10,0.8,0.599266508,0.998528392,9.289109707,,5.115597857,0.836676993,
0.2,3,0.6,200,3,1,0.328021487,0.999541494,8.913681746,,5.116078266,0.836646316,
0.3,5,0.6,100,5,0.8,0.988580112,0.99598187,8.912406206,,5.116526351,0.8366177,
0.4,3,0.8,200,10,0.8,0.322972769,0.999558405,10.06657648,,5.117213656,0.836573803,
0.2,3,0.8,100,3,0.8,1.028945551,0.995628457,9.77165699,,5.121492175,0.836300406,
0.1,6,0.6,400,5,0.8,0.571957567,0.998634923,8.929019213,,5.122252859,0.836251775,
0.3,6,0.7,100,1,1,0.002784156,0.999999955,8.810583115,,5.123714447,0.836158313,
0.3,6,0.7,200,1,1,0.000807216,0.999999997,8.810237646,,5.124300703,0.836120817,
0.3,6,0.7,300,1,1,0.000758125,0.999999998,8.810249567,,5.124307765,0.836120366,
0.3,6,0.7,400,1,1,0.000740954,0.999999998,8.81024456,,5.124411991,0.836113699,
0.1,8,0.9,400,10,0.8,0.578003907,0.998635937,9.20736289,,5.125439757,0.836047954,
0.2,5,0.8,400,5,1,0.002470074,0.999999972,8.613111019,,5.126273035,0.83599464,
0.2,4,0.7,300,5,0.8,0.120916879,0.999935677,9.633185387,,5.12752817,0.835914319,
0.3,3,0.6,200,10,0.8,1.157915372,0.994435553,9.267976046,,5.129811647,0.835768139,
0.01,3,0.6,400,10,0.8,10.53937073,0.554314014,10.11928366,,5.130844172,0.83570202,
0.1,4,0.6,400,1,1,0.006996931,0.999999764,8.785677671,,5.131149441,0.835682469,
0.2,3,0.7,100,3,1,1.031485601,0.995617891,9.255578394,,5.133780047,0.835513943,
0.01,4,0.9,400,3,0.6,5.696209326,0.869579264,9.416051025,,5.133839224,0.835510151,
0.1,4,0.9,300,10,0.8,1.374578735,0.992320939,9.338550806,,5.134221797,0.835485634,
0.2,6,0.9,400,1,0.8,0.000935512,0.999999996,10.04710913,,5.135282686,0.83541764,
0.2,6,0.9,200,1,0.8,0.001083014,0.999999995,10.04708385,,5.135357362,0.835412853,
0.2,6,0.9,300,1,0.8,0.000987612,0.999999996,10.04706502,,5.13539504,0.835410438,
0.2,6,0.9,100,1,0.8,0.006590658,0.999999805,10.04729986,,5.135740032,0.835388323,
0.1,3,0.6,300,5,0.8,1.429862151,0.991601091,9.175427675,,5.136450737,0.835342761,
0.2,4,0.7,400,5,0.8,0.03137678,0.999995392,9.638106585,,5.137709957,0.835262018,
0.3,3,0.6,200,5,0.8,0.400496492,0.999283886,9.450456858,,5.137717389,0.835261542,
0.2,3,0.7,300,10,0.8,0.821896099,0.997202576,9.262373562,,5.138158098,0.835233278,
0.01,3,0.9,200,5,0.6,10.32100949,0.572404458,10.60276456,,5.13957212,0.835142578,
0.2,4,0.9,300,10,1,0.20115051,0.999829949,8.713023777,,5.14072415,0.835068665,
0.4,6,0.8,200,1,1,0.000785381,0.999999997,9.351599932,,5.14545487,0.834764971,
0.4,6,0.8,100,1,1,0.00089805,0.999999997,9.351495028,,5.145551109,0.83475879,
0.4,6,0.8,300,1,1,0.000761689,0.999999998,9.351632357,,5.145580175,0.834756923,
0.4,6,0.8,400,1,1,0.000743458,0.999999998,9.351631403,,5.145631297,0.834753639,
0.1,3,0.9,200,3,1,0.865454651,0.996894648,8.944072008,,5.145847064,0.834739781,
0.1,4,0.9,300,5,0.8,0.433978489,0.999205301,9.604034662,,5.145890881,0.834736966,
0.3,3,0.6,400,5,1,0.014786457,0.999998915,8.85494113,,5.14639576,0.834704536,
0.2,7,0.9,400,3,0.8,0.001274155,0.999999993,9.733359098,,5.146396846,0.834704466,
0.2,7,0.9,200,3,0.8,0.007642663,0.99999974,9.732492924,,5.146406511,0.834703845,
0.2,7,0.9,300,3,0.8,0.001487391,0.999999991,9.733237982,,5.14657187,0.834693223,
0.3,3,0.6,300,5,0.8,0.140935468,0.999909962,9.51527071,,5.149080689,0.834532018,
0.1,5,0.9,400,10,0.8,0.648431492,0.998273937,9.444672108,,5.150099919,0.834466505,
0.3,3,0.8,300,5,0.8,0.027744019,0.999996275,9.930498123,,5.152749044,0.834296166,
0.3,5,0.7,100,5,0.8,0.660440505,0.998204973,9.801823854,,5.152935784,0.834284155,
0.2,8,0.9,100,3,0.8,0.192995845,0.99984438,9.719485521,,5.153568359,0.834243466,
0.2,4,0.8,400,10,1,0.100337609,0.999957386,9.048286552,,5.153596729,0.834241641,
0.2,3,0.6,300,5,1,0.282497393,0.999661873,8.790947437,,5.154333108,0.834194268,
0.1,4,0.7,300,1,0.8,0.031899091,0.999995258,9.150658846,,5.15668102,0.834043178,
0.2,4,0.8,300,5,1,0.029629943,0.999996214,8.890504837,,5.156730205,0.834040012,
0.1,4,0.7,400,1,0.8,0.004882883,0.999999886,9.15239501,,5.159939238,0.833833394,
0.3,3,0.8,400,5,0.8,0.004794727,0.999999888,9.928231001,,5.163138336,0.833627287,
0.1,3,0.8,400,5,1,0.426826513,0.999232771,8.919024343,,5.165376675,0.833483003,
0.01,5,0.9,400,3,0.6,5.682827111,0.870183874,9.497859831,,5.16822341,0.833299412,
0.1,4,0.7,200,1,0.8,0.171368027,0.999870687,9.133215666,,5.168912553,0.833254952,
0.1,4,0.7,400,5,1,0.296694853,0.999636775,8.748810406,,5.17094435,0.833123838,
0.3,4,0.6,100,5,0.8,1.067635497,0.995304438,9.022331476,,5.176461925,0.832767523,
0.01,6,0.9,400,3,0.6,5.682320247,0.87020673,9.497701283,,5.17700072,0.832732708,
0.01,7,0.9,400,3,0.6,5.682304755,0.870207421,9.497678156,,5.17700072,0.832732708,
0.01,8,0.9,400,3,0.6,5.682306729,0.870207332,9.497676249,,5.17700072,0.832732708,
0.2,7,0.9,400,1,0.8,0.000925673,0.999999996,10.07006574,,5.179616234,0.832563653,
0.2,7,0.9,300,1,0.8,0.000972298,0.999999996,10.07004046,,5.17975327,0.832554793,
0.2,7,0.9,200,1,0.8,0.001055818,0.999999995,10.07002807,,5.179881768,0.832546485,
0.2,7,0.9,100,1,0.8,0.004130538,0.999999925,10.0699029,,5.179991208,0.832539409,
0.2,4,0.8,400,5,1,0.004616605,0.999999897,8.895271063,,5.181993733,0.832409907,
0.2,8,0.9,100,1,0.8,0.003421874,0.999999947,10.05536509,,5.182261062,0.832392615,
0.2,8,0.9,400,1,0.8,0.000904253,0.999999997,10.05560017,,5.182362638,0.832386045,
0.2,8,0.9,300,1,0.8,0.000954928,0.999999996,10.05554533,,5.182463439,0.832379524,
0.2,8,0.9,200,1,0.8,0.001029545,0.999999996,10.05554557,,5.182497253,0.832377337,
0.2,8,0.9,200,3,0.8,0.00709585,0.999999774,9.737938881,,5.183268635,0.832327434,
0.2,8,0.9,400,3,0.8,0.00127623,0.999999993,9.738538742,,5.184138649,0.832271142,
0.2,8,0.9,300,3,0.8,0.001476996,0.999999991,9.73841548,,5.184331008,0.832258694,
0.2,3,0.8,400,10,0.8,0.320860399,0.999567849,9.717413425,,5.190271014,0.831874091,
0.1,4,0.7,300,3,1,0.234179411,0.999764646,8.891708851,,5.190433257,0.83186358,
0.1,3,0.7,200,1,1,0.295620033,0.99962703,8.852381229,,5.193542817,0.83166206,
0.2,4,0.8,200,3,0.8,0.071963175,0.999977148,10.0159924,,5.1941938,0.831619857,
0.3,3,0.6,400,5,0.8,0.03700377,0.999993496,9.504003763,,5.194299154,0.831613026,
0.2,4,0.9,300,10,0.8,0.282560437,0.999651691,9.649393559,,5.194338753,0.831610459,
0.2,6,0.9,300,10,0.8,0.153736991,0.999900279,9.206623316,,5.194689562,0.831587713,
0.01,6,0.8,200,5,0.6,10.60971743,0.5481632,10.51177926,,5.194779095,0.831581908,
0.01,7,0.8,200,5,0.6,10.60971743,0.5481632,10.51177926,,5.194779095,0.831581908,
0.01,8,0.8,200,5,0.6,10.60971743,0.5481632,10.51177926,,5.194779095,0.831581908,
0.01,5,0.8,200,5,0.6,10.60972781,0.548162335,10.51175494,,5.194870275,0.831575996,
0.3,4,0.9,200,10,1,0.198914175,0.999828632,8.691115856,,5.196764993,0.831453115,
0.2,4,0.6,300,5,0.8,0.249421843,0.999720054,9.069952965,,5.198778828,0.83132246,
0.2,5,0.9,100,3,0.8,0.291169589,0.999639636,9.829685688,,5.198881141,0.831315821,
0.1,3,0.7,400,10,1,1.551252077,0.990273115,8.881487961,,5.200429597,0.831215323,
0.2,4,0.9,100,3,0.8,0.447898811,0.99914137,10.06599736,,5.201294515,0.831159175,
0.4,6,0.9,400,5,0.8,0.001293164,0.999999993,10.01036358,,5.210487598,0.830561808,
0.01,4,0.8,200,5,0.6,10.6122731,0.547943529,10.52530832,,5.210572662,0.830556276,
0.2,4,0.8,400,3,0.8,0.001574545,0.99999999,10.01716638,,5.210652707,0.83055107,
0.2,4,0.6,400,5,0.8,0.090294525,0.999962123,9.075723886,,5.210654055,0.830550982,
0.4,6,0.9,300,5,0.8,0.0014253,0.999999992,10.01021314,,5.210707635,0.830547497,
0.4,6,0.9,200,5,0.8,0.001936624,0.999999983,10.01042438,,5.21079485,0.830541825,
0.2,4,0.8,300,3,0.8,0.007210419,0.999999754,10.01724935,,5.21127761,0.830510424,
0.1,5,0.6,400,5,0.8,0.591634316,0.998545661,8.953878403,,5.212974759,0.830400011,
0.4,6,0.9,100,5,0.8,0.064881026,0.999981425,9.999806643,,5.214049846,0.83033005,
0.2,7,0.7,100,3,0.8,0.592505039,0.998543418,9.644189119,,5.215051907,0.830264828,
0.2,6,0.7,100,3,0.8,0.59354624,0.998535636,9.642665863,,5.215488228,0.830236424,
0.2,3,0.8,200,5,0.8,0.524129657,0.99884573,9.843618155,,5.21553698,0.830233251,
0.2,8,0.7,100,3,0.8,0.591714615,0.998545652,9.650890589,,5.217241687,0.830122255,
0.01,4,0.7,100,1,0.6,10.47340203,0.559602487,10.63765235,,5.218031528,0.830070816,
0.1,3,0.8,400,10,1,1.210151707,0.994048604,8.917498941,,5.220588041,0.829904265,
0.1,4,0.9,400,5,0.8,0.193538676,0.999835527,9.645391226,,5.221782232,0.829826439,
0.3,5,0.8,100,1,1,0.001205197,0.999999994,8.887501478,,5.223862604,0.829690817,
0.01,3,0.7,100,1,0.6,10.56004568,0.55224104,10.59826727,,5.224183474,0.829669894,
0.3,5,0.8,200,1,1,0.000853905,0.999999997,8.8877635,,5.224266176,0.829664501,
0.3,5,0.8,300,1,1,0.000806017,0.999999997,8.887778521,,5.224315895,0.829661259,
0.3,5,0.8,400,1,1,0.00077615,0.999999998,8.887736559,,5.224463631,0.829651625,
0.2,3,0.7,300,5,0.8,0.247975813,0.999731056,9.593796253,,5.225625469,0.829575851,
0.1,3,0.8,400,10,0.8,1.377268581,0.992287706,9.1985569,,5.227795799,0.829434259,
0.01,4,0.8,300,1,0.6,4.525897077,0.917556837,9.281738873,,5.227814321,0.82943305,
0.2,4,0.6,400,10,0.8,0.515557734,0.998882002,9.108474493,,5.228392192,0.82939534,
0.1,4,0.9,400,5,1,0.139758858,0.999915822,8.870815754,,5.232294824,0.829140556,
0.2,4,0.9,400,10,1,0.071353522,0.999975964,8.736586924,,5.234437761,0.829000573,
0.1,4,0.6,400,5,0.8,0.657671977,0.998200307,9.030222178,,5.234498466,0.828996607,
0.3,7,0.7,300,1,1,0.000744351,0.999999998,8.791934252,,5.234556095,0.828992841,
0.3,7,0.7,400,1,1,0.000726911,0.999999998,8.791929722,,5.234579421,0.828991317,
0.3,7,0.7,200,1,1,0.00078286,0.999999997,8.791876078,,5.234590047,0.828990623,
0.3,7,0.7,100,1,1,0.002383083,0.999999967,8.792104483,,5.234594057,0.828990361,
0.2,6,0.9,400,10,0.8,0.045490287,0.999990976,9.221880913,,5.236824999,0.828844564,
0.01,3,0.8,200,5,0.6,10.64532883,0.545111181,10.53787012,,5.24093408,0.828575864,
0.2,8,0.9,300,10,0.8,0.142021665,0.999915402,9.179059744,,5.244318575,0.828354388,
0.3,3,0.7,100,5,1,0.919323643,0.99650785,9.05635416,,5.246013458,0.828243423,
0.2,7,0.9,300,10,0.8,0.145269331,0.999911041,9.167542219,,5.248115303,0.828105765,
0.3,4,0.8,200,5,1,0.0297099,0.999996184,8.988134384,,5.249562294,0.828010964,
0.2,3,0.7,400,5,0.8,0.078434886,0.999972195,9.604181528,,5.253040082,0.827783006,
0.01,6,0.7,100,1,0.6,10.45837608,0.560866764,10.61719103,,5.253907937,0.827726097,
0.01,7,0.7,100,1,0.6,10.45832246,0.560871306,10.61721272,,5.253912703,0.827725785,
0.01,8,0.7,100,1,0.6,10.45827783,0.560874983,10.61723061,,5.253912703,0.827725785,
0.01,6,0.7,200,5,1,10.43836305,0.562712198,9.721874933,,5.256619213,0.827548248,
0.01,7,0.7,200,5,1,10.438351,0.562713247,9.721874933,,5.256619213,0.827548248,
0.01,8,0.7,200,5,1,10.438351,0.562713247,9.721874933,,5.256619213,0.827548248,
0.1,3,0.8,300,3,0.8,0.480240513,0.999019411,9.70878458,,5.257042816,0.827520453,
0.01,5,0.7,100,1,0.6,10.46012575,0.560718132,10.62344499,,5.259135356,0.827383116,
0.01,5,0.7,200,5,1,10.43848085,0.562702289,9.721625309,,5.259860256,0.827335527,
0.2,5,0.9,100,5,0.8,0.807095531,0.997325837,9.830129862,,5.260219994,0.827311908,
0.3,4,0.7,100,3,1,0.201756224,0.999830769,9.259527683,,5.261114432,0.827253176,
0.01,4,0.7,200,5,1,10.44051189,0.562532719,9.737561922,,5.261477338,0.827229344,
0.2,5,0.7,100,3,0.8,0.642193463,0.998291077,9.738526106,,5.263960842,0.827066204,
0.2,6,0.9,100,5,0.8,0.736450511,0.997781442,9.682095051,,5.26408196,0.827058246,
0.2,4,0.7,100,3,0.8,0.778391618,0.997483775,9.831157684,,5.268158062,0.826790316,
0.3,4,0.8,300,5,1,0.002095838,0.999999981,8.991237879,,5.270190004,0.826656676,
0.3,4,0.8,400,5,1,0.001436534,0.999999991,8.991532564,,5.270630648,0.826627688,
0.2,5,0.9,400,3,0.8,0.00134546,0.999999993,9.854571342,,5.270962221,0.826605874,
0.2,5,0.9,300,3,0.8,0.001720583,0.999999988,9.854364872,,5.271230151,0.826588246,
0.01,3,0.7,200,5,1,10.47647632,0.559491845,9.764237146,,5.271431668,0.826574986,
0.2,5,0.9,200,3,0.8,0.016942521,0.999998663,9.855695248,,5.27147131,0.826572378,
0.3,8,0.7,200,5,0.8,0.073566936,0.999975,9.860268116,,5.272683583,0.826492603,
0.2,3,0.7,400,10,1,0.341604508,0.999514535,9.163772459,,5.27670891,0.82622758,
0.2,8,0.9,400,10,0.8,0.040153722,0.999993052,9.192871809,,5.276882931,0.826216118,
0.2,7,0.9,400,10,0.8,0.041717578,0.999992431,9.182109356,,5.277365442,0.826184336,
0.3,8,0.7,400,5,0.8,0.002151597,0.999999979,9.858562231,,5.277714524,0.82616134,
0.3,8,0.7,300,5,0.8,0.012237553,0.999999272,9.859553099,,5.27784051,0.826153041,
0.2,4,0.9,400,10,0.8,0.114416441,0.999935518,9.679148197,,5.278465001,0.826111898,
0.2,5,0.8,100,1,1,0.017744347,0.999998611,8.719403505,,5.281324188,0.825923467,
0.1,3,0.9,200,3,0.8,0.953737036,0.996234336,9.652871008,,5.282525375,0.825844274,
0.3,7,0.6,200,5,0.8,0.170580521,0.999859088,8.819457054,,5.282811891,0.825825381,
0.1,3,0.6,300,3,1,0.667220796,0.998123437,8.646783113,,5.28555188,0.825644659,
0.01,8,0.8,300,1,0.6,4.466543519,0.919715373,9.396642561,,5.285913934,0.825620772,
0.01,7,0.8,300,1,0.6,4.466556124,0.919714932,9.396605606,,5.28593027,0.825619694,
0.01,6,0.8,300,1,0.6,4.466791094,0.919706072,9.396885509,,5.286166751,0.825604091,
0.2,3,0.7,400,10,0.8,0.451028902,0.999148979,9.256390333,,5.286722889,0.825567394,
0.01,5,0.8,300,10,0.8,10.62950621,0.546646369,10.30451987,,5.287140032,0.825539866,
0.01,6,0.8,300,10,0.8,10.62950885,0.546646172,10.30461572,,5.28714752,0.825539372,
0.01,7,0.8,300,10,0.8,10.62950885,0.546646172,10.30461572,,5.28714752,0.825539372,
0.01,8,0.8,300,10,0.8,10.62950885,0.546646172,10.30461572,,5.28714752,0.825539372,
0.3,4,0.7,100,5,0.8,0.760304222,0.9976165,10.05804777,,5.288903817,0.825423447,
0.01,5,0.8,300,1,0.6,4.473027792,0.919484536,9.38683259,,5.289302986,0.825397095,
0.2,5,0.8,300,1,1,0.000850287,0.999999997,8.721064568,,5.291241383,0.825269096,
0.2,5,0.8,400,1,1,0.000820305,0.999999997,8.721007109,,5.291347637,0.825262079,
0.2,5,0.8,200,1,1,0.000923484,0.999999996,8.720950127,,5.291350052,0.825261919,
0.1,3,0.8,400,3,0.8,0.19843843,0.999826359,9.762565851,,5.291352173,0.825261779,
0.01,4,0.8,300,10,0.8,10.63038683,0.546571755,10.30579303,,5.291441214,0.825255898,
0.4,3,0.8,300,10,0.8,0.079980667,0.999970595,10.1206305,,5.291587443,0.82524624,
0.2,4,0.9,200,3,0.8,0.038818215,0.999992901,10.11046219,,5.291775647,0.825233809,
0.3,6,0.7,200,5,0.8,0.077319101,0.999972619,9.863867521,,5.292044022,0.825216082,
0.01,6,0.9,200,1,1,5.648081273,0.871851167,9.267960424,,5.29763868,0.824846329,
0.2,4,0.9,400,3,0.8,0.001529201,0.99999999,10.1055367,,5.298066001,0.824818071,
0.2,4,0.9,300,3,0.8,0.003251727,0.99999995,10.10508847,,5.298161174,0.824811777,
0.3,6,0.7,300,5,0.8,0.012849572,0.999999222,9.870791435,,5.299490243,0.824723873,
0.3,3,0.8,100,5,1,0.773375408,0.997503654,9.03853941,,5.299819396,0.824702099,
0.4,5,0.9,100,5,0.8,0.088931363,0.999964767,10.26727033,,5.2999841,0.824691203,
0.3,6,0.7,400,5,0.8,0.002209171,0.999999978,9.870485067,,5.300616161,0.824649387,
0.01,7,0.9,200,1,1,5.644862265,0.871998867,9.269939775,,5.300811548,0.82463646,
0.01,8,0.9,200,1,1,5.64496638,0.871992727,9.265822048,,5.301518067,0.82458971,
0.4,5,0.9,400,5,0.8,0.001308993,0.999999993,10.27369547,,5.301722006,0.824576214,
0.4,5,0.9,300,5,0.8,0.001449455,0.999999991,10.27360272,,5.301896808,0.824564646,
0.4,5,0.9,200,5,0.8,0.002247126,0.999999977,10.27359653,,5.30203159,0.824555727,
0.3,3,0.7,300,10,1,0.2470443,0.999742624,9.108349676,,5.30385339,0.824435139,
0.1,3,0.7,300,1,1,0.069543609,0.999977922,8.898246765,,5.304217943,0.824411004,
0.1,3,0.9,300,10,0.8,1.857713973,0.985963208,9.465436459,,5.30671178,0.824245855,
0.3,7,0.6,400,5,0.8,0.009693045,0.999999465,8.819693089,,5.307692873,0.824180863,
0.3,7,0.6,300,5,0.8,0.044775059,0.999989424,8.822916269,,5.310878177,0.823969771,
0.3,7,0.7,200,5,0.8,0.073642104,0.99997496,9.850631237,,5.310937273,0.823965854,
0.4,3,0.8,400,10,0.8,0.018543818,0.999998279,10.12270737,,5.313605329,0.82378894,
0.2,3,0.6,300,3,1,0.092737562,0.999961952,8.951512098,,5.315924519,0.823635088,
0.2,3,0.9,200,3,1,0.11271671,0.999940449,8.900242329,,5.317344211,0.823540874,
0.3,7,0.7,300,5,0.8,0.012365516,0.999999257,9.852957487,,5.319680226,0.823385796,
0.01,3,0.8,300,10,0.8,10.65253675,0.544661431,10.32572887,,5.320303724,0.823344393,
0.3,7,0.7,400,5,0.8,0.002209849,0.999999978,9.851896763,,5.32047622,0.823332938,
0.01,5,0.6,400,10,0.6,10.79385052,0.53227784,10.44730325,,5.320849388,0.823308154,
0.01,6,0.6,400,10,0.6,10.79391948,0.532272074,10.44746323,,5.320849388,0.823308154,
0.01,7,0.6,400,10,0.6,10.79391948,0.532272074,10.44746323,,5.320849388,0.823308154,
0.01,8,0.6,400,10,0.6,10.79391948,0.532272074,10.44746323,,5.320849388,0.823308154,
0.2,3,0.8,200,5,1,0.405039241,0.999311902,8.818717356,,5.321790886,0.823245619,
0.01,4,0.6,400,10,0.6,10.79392442,0.532273083,10.44906421,,5.3227673,0.823180754,
0.01,5,0.7,200,5,0.8,10.66679042,0.543383059,10.06761382,,5.324121918,0.823090743,
0.01,6,0.7,200,5,0.8,10.66694884,0.543368902,10.06714199,,5.324202544,0.823085385,
0.01,7,0.7,200,5,0.8,10.66694884,0.543368902,10.06714199,,5.324202544,0.823085385,
0.01,8,0.7,200,5,0.8,10.66694884,0.543368902,10.06714199,,5.324202544,0.823085385,
0.4,6,0.8,100,5,0.8,0.13531876,0.999920826,10.17461634,,5.324626543,0.823057206,
0.01,4,0.7,200,5,0.8,10.66890325,0.543205659,10.08142851,,5.325786966,0.822980074,
0.1,3,0.8,200,1,1,0.220467941,0.999791923,8.995831728,,5.326918489,0.822904846,
0.4,8,0.7,100,5,1,0.211562939,0.99981356,9.148586273,,5.327221282,0.822884712,
0.3,6,0.6,200,5,0.8,0.172817837,0.999857706,8.841378212,,5.327343113,0.822876611,
0.4,7,0.7,100,5,1,0.211817365,0.99981298,9.155351162,,5.329705467,0.822719489,
0.01,8,0.8,200,1,1,6.075515811,0.851781892,9.088335629,,5.330656883,0.82265619,
0.01,7,0.8,200,1,1,6.075648066,0.851775826,9.090396042,,5.330799255,0.822646717,
0.1,4,0.7,400,3,1,0.077769541,0.999973095,8.913742065,,5.331559286,0.822596142,
0.3,4,0.9,300,10,1,0.037859417,0.999993274,8.707820177,,5.334675072,0.82238873,
0.1,3,0.7,300,5,0.8,1.115670907,0.99486699,9.178154707,,5.335521466,0.822332366,
0.01,5,0.9,200,1,1,5.657972001,0.871378868,9.2541362,,5.337711312,0.822186497,
0.3,5,0.7,100,1,1,0.003773613,0.999999919,8.805804968,,5.340181032,0.822021913,
0.01,3,0.8,300,1,0.6,4.811747549,0.906762895,9.283374901,,5.340597426,0.821994157,
0.3,5,0.7,300,1,1,0.000769133,0.999999998,8.806006193,,5.341739607,0.821918009,
0.3,5,0.7,200,1,1,0.00081319,0.999999997,8.805947065,,5.34174742,0.821917488,
0.3,5,0.7,400,1,1,0.000749769,0.999999998,8.805996895,,5.341804395,0.821913689,
0.4,3,0.9,100,10,1,1.016447755,0.995710261,8.950451727,,5.342066011,0.821896245,
0.01,6,0.8,200,1,1,6.078837983,0.851619172,9.101324434,,5.347820798,0.821512311,
0.1,3,0.7,400,1,1,0.01544072,0.999998839,8.901786327,,5.348008421,0.821499787,
0.2,3,0.6,400,5,1,0.098924981,0.999957462,8.81784606,,5.348263502,0.821482758,
0.3,3,0.6,300,10,0.8,0.545899313,0.998728156,9.347514868,,5.350171311,0.821355376,
0.01,3,0.9,400,3,0.6,5.871828991,0.861401564,9.431089754,,5.350735553,0.821317693,
0.1,5,0.9,300,5,0.8,0.288851908,0.999646152,9.463081121,,5.350795142,0.821313714,
0.4,6,0.8,400,5,0.8,0.001308908,0.999999993,10.17176843,,5.351752403,0.821249774,
0.4,6,0.8,300,5,0.8,0.001461526,0.999999991,10.17177677,,5.351972348,0.821235081,
0.4,6,0.8,200,5,0.8,0.005888087,0.999999833,10.17152739,,5.352023331,0.821231675,
0.1,4,0.9,400,10,0.8,0.765345092,0.997580466,9.425584555,,5.353502008,0.82113288,
0.3,3,0.9,100,3,1,0.273216204,0.999662222,8.96747613,,5.354667093,0.821055018,
0.3,4,0.9,400,10,1,0.006506668,0.999999776,8.715485334,,5.355703045,0.820985771,
0.3,6,0.9,100,3,0.8,0.036039799,0.999994168,9.634010553,,5.355776611,0.820980853,
0.01,3,0.6,400,10,0.6,10.80644286,0.531192696,10.45789261,,5.358738493,0.820782794,
0.1,3,0.9,100,1,1,1.036129378,0.99558095,8.845110416,,5.359098168,0.820758735,
0.3,6,0.6,400,5,0.8,0.009696455,0.999999488,8.849858522,,5.359154671,0.820754955,
0.1,3,0.6,400,5,0.8,0.888282458,0.996729148,9.134041071,,5.359398609,0.820738637,
0.3,6,0.9,400,3,0.8,0.001139254,0.999999995,9.637938499,,5.360029413,0.820696437,
0.3,6,0.9,200,3,0.8,0.001474867,0.999999991,9.637777328,,5.360136244,0.820689289,
0.3,6,0.9,300,3,0.8,0.001234463,0.999999994,9.63780427,,5.36015637,0.820687943,
0.3,6,0.6,300,5,0.8,0.045459919,0.999989385,8.8533988,,5.363749861,0.820447438,
0.01,3,0.7,200,5,0.8,10.70091324,0.540457606,10.12199901,,5.367746015,0.820179794,
0.2,3,0.8,200,3,0.8,0.207384777,0.999811721,9.995893717,,5.368155857,0.820152333,
0.3,5,0.7,200,5,0.8,0.09226131,0.99996103,9.77855587,,5.37213623,0.819885528,
0.4,6,0.7,100,5,1,0.21471064,0.999807252,9.166486979,,5.375382047,0.819667814,
0.01,3,0.9,100,1,0.8,9.583664687,0.631144785,10.44170735,,5.380165982,0.81934669,
0.4,7,0.8,100,5,0.8,0.130225859,0.999925748,10.09504104,,5.383350851,0.819132746,
0.2,3,0.6,400,3,1,0.020638596,0.999998041,8.954807281,,5.384020004,0.819087779,
0.4,7,0.7,200,5,1,0.008748095,0.999999638,9.163802385,,5.384657871,0.81904491,
0.3,3,0.8,200,10,1,0.498220976,0.998972621,8.799457426,,5.38768813,0.818841185,
0.4,7,0.7,300,5,1,0.001460449,0.999999991,9.164174557,,5.38792374,0.81882534,
0.4,7,0.7,400,5,1,0.001271981,0.999999993,9.1644032,,5.388241195,0.81880399,
0.3,5,0.7,400,5,0.8,0.002397497,0.999999975,9.78401494,,5.389666659,0.818708106,
0.4,8,0.7,200,5,1,0.008558307,0.999999655,9.154016018,,5.389721568,0.818704412,
0.3,5,0.7,300,5,0.8,0.01526879,0.999998915,9.785256386,,5.390796486,0.81863209,
0.2,6,0.9,200,5,0.8,0.077215563,0.99997372,9.775043249,,5.390928484,0.818623208,
0.4,8,0.8,100,5,0.8,0.129698216,0.999926895,10.18033028,,5.391281457,0.818599456,
0.1,3,0.9,200,5,0.8,1.587325435,0.98971019,9.501582623,,5.391813622,0.818563643,
0.3,3,0.7,100,3,0.8,0.515950562,0.998859226,10.26206589,,5.39222531,0.818535935,
0.4,7,0.9,100,5,0.8,0.05841596,0.999984921,10.00182915,,5.392336507,0.81852845,
0.3,5,0.9,100,3,0.8,0.058943353,0.999984504,9.736589909,,5.392909724,0.818489867,
0.4,8,0.7,300,5,1,0.001484712,0.999999991,9.154107571,,5.392940946,0.818487765,
0.4,8,0.7,400,5,1,0.001283721,0.999999993,9.154217243,,5.393197427,0.8184705,
0.2,4,0.9,100,1,0.8,0.048326486,0.999989477,10.25495028,,5.393899221,0.818423253,
0.3,5,0.9,400,3,0.8,0.001145718,0.999999995,9.736209631,,5.394885656,0.818356834,
0.3,5,0.9,300,3,0.8,0.001250541,0.999999994,9.736096144,,5.395038771,0.818346523,
0.3,5,0.9,200,3,0.8,0.001597505,0.999999989,9.736036301,,5.395050163,0.818345756,
0.2,4,0.9,400,1,0.8,0.000987937,0.999999996,10.26104641,,5.39518048,0.81833698,
0.2,4,0.9,300,1,0.8,0.001055873,0.999999995,10.26094484,,5.395304655,0.818328618,
0.2,4,0.9,200,1,0.8,0.001307568,0.999999993,10.26095819,,5.395317067,0.818327782,
0.2,4,0.9,100,5,0.8,0.977580492,0.996051879,9.939464092,,5.395362165,0.818324745,
0.4,7,0.9,400,5,0.8,0.001293409,0.999999993,10.00874019,,5.395664481,0.818304385,
0.4,7,0.9,300,5,0.8,0.00142865,0.999999992,10.00856686,,5.395900437,0.818288493,
0.4,7,0.9,200,5,0.8,0.001820263,0.999999986,10.00861001,,5.396022819,0.81828025,
0.4,8,0.9,100,5,0.8,0.054302787,0.999987161,9.981582642,,5.396402064,0.818254706,
0.4,4,0.7,100,5,1,0.276702401,0.999682003,9.094706297,,5.396560551,0.81824403,
0.4,8,0.9,400,5,0.8,0.001287839,0.999999993,9.98769784,,5.397478131,0.818182217,
0.4,8,0.9,200,5,0.8,0.001821034,0.999999986,9.987726688,,5.397598781,0.818174089,
0.4,8,0.9,300,5,0.8,0.001422658,0.999999992,9.987600327,,5.397603252,0.818173787,
0.01,5,0.8,200,1,1,6.089562862,0.851077368,9.097050066,,5.398745058,0.818096852,
0.1,3,0.6,400,5,1,0.744493799,0.997712408,8.838132257,,5.400714021,0.817964145,
0.4,4,0.8,100,5,1,0.177889491,0.999866114,9.286981344,,5.40364801,0.817766306,
0.2,6,0.9,400,5,0.8,0.00218402,0.999999978,9.785449743,,5.403793624,0.817756485,
0.2,6,0.9,300,5,0.8,0.009202082,0.999999611,9.78400445,,5.40391141,0.81774854,
0.2,3,0.9,300,3,1,0.015139971,0.99999887,8.892337322,,5.406728527,0.817558471,
0.2,5,0.9,200,5,0.8,0.107166919,0.999950528,9.924911737,,5.408461768,0.817441481,
0.3,3,0.6,400,10,0.8,0.25345799,0.999717549,9.355858803,,5.409020363,0.817403769,
0.3,4,0.7,200,3,1,0.008764387,0.999999664,9.244862556,,5.410225794,0.817322375,
0.4,7,0.8,400,5,0.8,0.001312757,0.999999993,10.09360719,,5.410398791,0.817310692,
0.3,8,0.9,400,3,0.8,0.001126566,0.999999995,9.557056427,,5.410426117,0.817308847,
0.3,8,0.9,300,3,0.8,0.001212746,0.999999994,9.556959629,,5.410521723,0.81730239,
0.4,7,0.8,300,5,0.8,0.001486772,0.999999991,10.09359765,,5.410567294,0.817299313,
0.3,8,0.9,200,3,0.8,0.001408425,0.999999992,9.556936979,,5.410641298,0.817294315,
0.4,7,0.8,200,5,0.8,0.005625371,0.999999844,10.09375882,,5.410795288,0.817283915,
0.4,4,0.7,100,5,0.8,0.375096566,0.999409234,10.06131005,,5.411062321,0.81726588,
0.1,3,0.9,300,3,0.8,0.394893692,0.9993304,9.749139547,,5.412065261,0.817198134,
0.4,8,0.8,400,5,0.8,0.001318689,0.999999993,10.17962813,,5.41270958,0.817154605,
0.4,8,0.8,200,5,0.8,0.005622957,0.999999847,10.17967391,,5.412839531,0.817145826,
0.4,8,0.8,300,5,0.8,0.001479164,0.999999991,10.17962837,,5.412958928,0.817137759,
0.01,3,0.9,200,1,1,6.184315486,0.84626763,9.514914503,,5.413086965,0.817129108,
0.3,8,0.9,100,3,0.8,0.029289749,0.999996214,9.552809477,,5.415692235,0.816953037,
0.3,4,0.7,300,3,1,0.001263024,0.999999993,9.246662855,,5.416166442,0.81692098,
0.2,3,0.7,100,3,0.8,1.159679114,0.994398374,9.758821964,,5.416307369,0.816911453,
0.2,3,0.9,400,3,1,0.002577601,0.999999969,8.894815445,,5.416325481,0.816910228,
0.3,4,0.7,400,3,1,0.00109668,0.999999995,9.246723652,,5.416430412,0.816903134,
0.1,3,0.7,300,5,1,0.953038408,0.996267309,9.004783268,,5.417468859,0.81683292,
0.3,7,0.9,100,3,0.8,0.031231109,0.999995609,9.558443785,,5.419187271,0.816716701,
0.4,4,0.8,200,10,1,0.105489566,0.999952398,8.893827553,,5.419880762,0.816669789,
0.4,5,0.8,300,1,1,0.00077224,0.999999998,9.470591545,,5.420403692,0.81663441,
0.4,5,0.8,200,1,1,0.00080569,0.999999997,9.470583677,,5.420561236,0.816623751,
0.4,5,0.8,400,1,1,0.000745026,0.999999998,9.470537901,,5.420575399,0.816622793,
0.4,5,0.8,100,1,1,0.000933029,0.999999996,9.470457315,,5.420579225,0.816622534,
0.3,7,0.9,400,3,0.8,0.001117744,0.999999995,9.562730789,,5.423410046,0.816430951,
0.3,7,0.9,300,3,0.8,0.001209696,0.999999994,9.562604904,,5.423553184,0.816421261,
0.3,7,0.9,200,3,0.8,0.001401934,0.999999992,9.562583208,,5.42367251,0.816413183,
0.01,4,0.9,200,1,1,5.758953808,0.86666,9.37292551,,5.426213485,0.816241123,
0.2,5,0.9,400,5,0.8,0.002731947,0.999999965,9.934197187,,5.428817661,0.8160647,
0.2,5,0.9,300,5,0.8,0.014988463,0.99999895,9.932653904,,5.429416162,0.816024142,
0.2,3,0.9,100,3,0.8,0.895141359,0.996682868,10.04299498,,5.429846141,0.815995001,
0.1,5,0.9,400,5,0.8,0.106745502,0.999950367,9.497727394,,5.430179905,0.815972379,
0.3,3,0.7,400,10,1,0.085658156,0.999968572,9.112931604,,5.430426039,0.815955696,
0.4,3,0.9,100,1,1,0.003423317,0.999999938,9.450542688,,5.433013215,0.815780289,
0.2,3,0.8,300,5,0.8,0.1596309,0.999887979,9.931546926,,5.433578762,0.815741934,
0.4,3,0.9,200,1,1,0.000942393,0.999999996,9.450556755,,5.434137326,0.815704049,
0.4,3,0.9,300,1,1,0.000862464,0.999999997,9.450626612,,5.434260755,0.815695677,
0.4,3,0.9,400,1,1,0.000828387,0.999999997,9.450664997,,5.434439587,0.815683547,
0.3,3,0.8,100,3,1,0.345558952,0.999482993,9.26484704,,5.435817568,0.815590062,
0.1,3,0.9,400,3,0.8,0.170958084,0.999868059,9.812957525,,5.436001835,0.81557756,
0.1,3,0.9,400,10,1,1.142218907,0.994637301,8.932753201,,5.436181582,0.815565363,
0.2,3,0.6,300,10,0.8,1.149370626,0.994581171,9.192883492,,5.436415077,0.815549519,
0.2,3,0.8,300,3,0.8,0.04090138,0.999992242,10.0156281,,5.438214241,0.815427413,
0.1,3,0.9,400,10,0.8,1.242158074,0.993695655,9.512435198,,5.443764637,0.81505046,
0.4,3,0.8,100,3,1,0.114402882,0.9999393,9.215978622,,5.447060479,0.814826443,
0.4,6,0.7,200,5,1,0.008627083,0.999999651,9.172641039,,5.448730456,0.814712883,
0.01,4,0.8,200,1,1,6.172527512,0.846971419,9.154439678,,5.450680239,0.814580253,
0.3,8,0.6,200,5,0.8,0.168200557,0.999862216,8.813191414,,5.450757833,0.814574973,
0.4,6,0.7,300,5,1,0.001496279,0.99999999,9.173282623,,5.453406879,0.814394698,
0.4,6,0.7,400,5,1,0.001279806,0.999999993,9.173444986,,5.453676862,0.81437632,
0.2,3,0.8,400,3,0.8,0.007777234,0.99999971,10.01678896,,5.454272604,0.814335764,
0.1,6,0.8,100,10,0.6,6.214048107,0.845076131,9.748349428,,5.462067872,0.81380468,
0.1,7,0.8,100,10,0.6,6.213861241,0.845085141,9.748305798,,5.462067872,0.81380468,
0.1,8,0.8,100,10,0.6,6.213859729,0.845085214,9.748310328,,5.462067872,0.81380468,
0.01,3,0.8,200,1,1,6.502268978,0.830094133,9.319602242,,5.462080109,0.813803846,
0.3,8,0.6,400,5,0.8,0.009441016,0.999999496,8.802724123,,5.462211787,0.813794869,
0.1,5,0.8,100,10,0.6,6.214819854,0.845036376,9.747260094,,5.462992066,0.813741666,
0.3,8,0.6,300,5,0.8,0.043630447,0.999989996,8.80628705,,5.46705934,0.813464219,
0.2,7,0.7,200,3,0.8,0.070124562,0.999976583,9.665929794,,5.468879563,0.813339986,
0.3,3,0.7,200,5,0.8,0.254878086,0.999715026,10.11304951,,5.470408791,0.813235582,
0.2,3,0.8,400,5,0.8,0.047024631,0.999989782,9.950095892,,5.470800806,0.813208814,
0.1,4,0.8,100,10,0.6,6.223357627,0.844622759,9.734662409,,5.47080639,0.813208433,
0.1,3,0.8,100,10,0.6,6.324372842,0.839518591,9.695531845,,5.471199224,0.813181606,
0.2,3,0.7,200,5,1,0.512483919,0.99889885,8.908078547,,5.47335167,0.813034584,
0.4,4,0.9,200,10,1,0.062124656,0.999982664,9.246335745,,5.473386706,0.81303219,
0.2,8,0.7,200,3,0.8,0.069048588,0.999977102,9.674925327,,5.477916392,0.812722599,
0.2,7,0.7,300,3,0.8,0.011400442,0.999999353,9.667444229,,5.478757366,0.812665093,
0.2,5,0.7,200,3,0.8,0.091248165,0.999962365,9.782484055,,5.479222431,0.812633287,
0.2,7,0.7,400,3,0.8,0.001878359,0.999999984,9.667335033,,5.47926026,0.8126307,
0.2,6,0.7,200,3,0.8,0.072618739,0.99997514,9.665019512,,5.483388017,0.812348287,
0.2,8,0.7,400,3,0.8,0.001814621,0.999999986,9.677749872,,5.487317123,0.812079269,
0.2,8,0.7,300,3,0.8,0.010831969,0.99999942,9.677793264,,5.48760253,0.81205972,
0.1,3,0.7,200,3,0.8,1.214297026,0.993892986,9.363836527,,5.489784949,0.811910202,
0.2,4,0.7,200,3,0.8,0.143318946,0.999907371,9.858593702,,5.489887943,0.811903145,
0.2,5,0.7,300,3,0.8,0.014400771,0.999999036,9.791652203,,5.492424922,0.811729259,
0.2,6,0.7,300,3,0.8,0.011368072,0.999999371,9.674200058,,5.492745255,0.811707297,
0.2,5,0.7,400,3,0.8,0.002110112,0.99999998,9.791228771,,5.493846831,0.811631765,
0.2,6,0.7,400,3,0.8,0.001876692,0.999999985,9.674671412,,5.493871854,0.811630049,
0.4,4,0.8,300,10,1,0.01299648,0.999999263,8.910634155,,5.500758626,0.811157495,
0.2,4,0.7,300,3,0.8,0.025400523,0.999996985,9.865936041,,5.502478138,0.811039414,
0.1,3,0.7,400,5,0.8,0.665159279,0.998164448,9.216381311,,5.505085264,0.810860309,
0.4,4,0.8,400,10,1,0.00249488,0.999999972,8.911454554,,5.505375386,0.810840373,
0.4,4,0.8,200,5,1,0.004944932,0.999999894,9.314368963,,5.507172544,0.810716856,
0.2,4,0.7,400,3,0.8,0.003543943,0.99999994,9.864777565,,5.507175689,0.810716639,
0.01,4,0.9,100,1,0.8,9.409741077,0.644413443,10.37308214,,5.508732739,0.810609592,
0.4,4,0.8,300,5,1,0.001362487,0.999999992,9.315363646,,5.509102502,0.810584166,
0.4,4,0.8,400,5,1,0.001234065,0.999999994,9.315322399,,5.509700723,0.810543027,
0.1,3,0.9,200,1,0.8,0.247950619,0.999729281,9.669688225,,5.513178093,0.810303806,
0.3,3,0.8,200,10,0.8,0.67213102,0.998120028,9.704834938,,5.513369268,0.810290649,
0.3,4,0.9,100,1,1,0.001728005,0.999999986,9.474830389,,5.519043063,0.80989999,
0.4,4,0.7,200,5,1,0.016697734,0.9999987,9.099729538,,5.519181544,0.80989045,
0.3,4,0.9,200,1,1,0.000954726,0.999999996,9.475016356,,5.519600734,0.809861571,
0.3,4,0.9,400,1,1,0.000864882,0.999999997,9.475084066,,5.519800332,0.809847819,
0.3,4,0.9,300,1,1,0.000909536,0.999999997,9.475048304,,5.519808573,0.809847251,
0.4,3,0.8,200,3,1,0.002373977,0.99999997,9.225866795,,5.524294421,0.809538058,
0.3,4,0.7,200,5,0.8,0.127972591,0.999926707,10.03599381,,5.524749337,0.809506688,
0.4,3,0.8,300,3,1,0.001120547,0.999999995,9.225795269,,5.525220771,0.809474177,
0.4,3,0.8,400,3,1,0.00103304,0.999999996,9.225760221,,5.52548613,0.809455876,
0.4,4,0.9,300,10,1,0.005153546,0.999999876,9.255078316,,5.526080262,0.809414897,
0.01,8,0.9,100,1,0.8,9.357964171,0.648341227,10.30852149,,5.526905086,0.809357999,
0.4,4,0.7,300,5,1,0.001826774,0.999999986,9.102277756,,5.527302199,0.809330602,
0.4,4,0.7,400,5,1,0.001330618,0.999999993,9.102531672,,5.527902658,0.809289173,
0.01,7,0.9,100,1,0.8,9.357913989,0.648344893,10.31096027,,5.528108377,0.809274979,
0.4,4,0.9,400,10,1,0.00218202,0.99999998,9.256361008,,5.528718872,0.809232851,
0.01,6,0.9,100,1,0.8,9.358633342,0.648290022,10.31549356,,5.530824516,0.809087514,
0.1,3,0.8,300,1,1,0.045894713,0.999990293,9.024343967,,5.534984507,0.808800217,
0.3,3,0.7,300,5,0.8,0.058869802,0.999984114,10.13731194,,5.535538745,0.808761924,
0.3,3,0.7,200,3,0.8,0.071044697,0.99997548,10.27559185,,5.53595153,0.808733402,
0.1,3,0.8,400,1,1,0.009973762,0.999999513,9.029891014,,5.54272972,0.808264744,
0.3,4,0.7,300,5,0.8,0.022190886,0.99999773,10.04650593,,5.543949372,0.808180354,
0.3,4,0.7,400,5,0.8,0.003313826,0.99999995,10.04633141,,5.545169655,0.808095901,
0.01,5,0.9,100,1,0.8,9.364558152,0.647835513,10.31784008,,5.545376912,0.808081556,
0.4,4,0.7,200,5,0.8,0.041535653,0.999991995,10.06913686,,5.55200466,0.807622526,
0.4,4,0.7,400,5,0.8,0.001579181,0.999999989,10.06709528,,5.552438157,0.807592483,
0.4,4,0.7,300,5,0.8,0.004297423,0.999999911,10.06745291,,5.552951444,0.807556908,
0.3,4,0.9,200,10,0.8,0.284119797,0.999654801,9.897427797,,5.553353237,0.807529058,
0.2,3,0.9,200,10,1,1.100235609,0.995011437,8.916215534,,5.558414326,0.807178078,
0.3,3,0.7,300,3,0.8,0.009540769,0.99999951,10.28409123,,5.558842263,0.807148387,
0.3,5,0.6,200,5,0.8,0.180797624,0.999845175,8.912685394,,5.559179548,0.807124983,
0.3,3,0.7,400,3,0.8,0.001715181,0.999999987,10.28272104,,5.560755308,0.807015626,
0.3,4,0.7,100,3,0.8,0.287169129,0.999643981,10.10454917,,5.561928812,0.806934165,
0.3,3,0.7,400,5,0.8,0.011577959,0.999999342,10.1353786,,5.564403234,0.806762343,
0.01,3,0.7,200,5,0.6,10.98452665,0.515608273,10.59234471,,5.564646619,0.806745438,
0.01,4,0.7,200,5,0.6,10.95977682,0.517789594,10.56728263,,5.56494639,0.806724616,
0.01,5,0.7,200,5,0.6,10.95765176,0.517983236,10.55872769,,5.568536406,0.806475167,
0.01,6,0.7,200,5,0.6,10.9571203,0.518027387,10.56449361,,5.568563997,0.806473249,
0.01,7,0.7,200,5,0.6,10.9571203,0.518027387,10.56449361,,5.568563997,0.806473249,
0.01,8,0.7,200,5,0.6,10.9571203,0.518027387,10.56449361,,5.568563997,0.806473249,
0.1,3,0.9,300,1,0.8,0.056510765,0.999985411,9.670233011,,5.572667649,0.806187912,
0.3,5,0.6,400,5,0.8,0.010343091,0.99999942,8.924923658,,5.575125755,0.806016893,
0.3,3,0.9,200,3,1,0.011913324,0.999999286,8.974523783,,5.578017505,0.805815608,
0.2,6,0.8,100,1,0.8,0.018313458,0.99999848,9.876017809,,5.579093638,0.805740675,
0.1,3,0.9,300,3,1,0.328734081,0.999520423,8.999976635,,5.579449173,0.805715915,
0.3,3,0.9,300,3,1,0.001627919,0.999999989,8.974131584,,5.579828526,0.805689495,
0.01,3,0.6,100,1,0.6,10.91277832,0.521728857,10.62842579,,5.579848182,0.805688126,
0.3,3,0.9,400,3,1,0.001282784,0.999999993,8.974344254,,5.580107832,0.805670042,
0.2,6,0.8,400,1,0.8,0.000887865,0.999999997,9.876332521,,5.580441478,0.805646802,
0.2,6,0.8,300,1,0.8,0.000931599,0.999999996,9.876358509,,5.580514523,0.805641714,
0.2,6,0.8,200,1,0.8,0.00105096,0.999999995,9.876266003,,5.580552261,0.805639085,
0.2,3,0.8,200,3,1,0.120269671,0.999935813,9.123819828,,5.581331841,0.805584779,
0.3,5,0.6,300,5,0.8,0.049320186,0.999987693,8.927278996,,5.581383459,0.805581183,
0.1,3,0.9,400,1,0.8,0.013023381,0.99999918,9.684334755,,5.586354642,0.805234702,
0.4,3,0.8,100,5,0.8,0.482993143,0.999019537,10.08090472,,5.594083776,0.804695384,
0.4,3,0.8,200,10,1,0.224630819,0.999785262,8.967927332,,5.59678492,0.80450673,
0.3,3,0.8,200,3,1,0.016375751,0.999998689,9.32165575,,5.597880067,0.804430217,
0.3,4,0.8,100,3,0.8,0.192600121,0.999837858,9.923569441,,5.60226572,0.804123659,
0.01,4,0.7,300,10,1,10.73023305,0.537958625,9.927853804,,5.602822499,0.804084723,
0.01,5,0.7,300,10,1,10.72930033,0.538039609,9.923147421,,5.602937377,0.804076689,
0.01,6,0.7,300,10,1,10.72923473,0.538045121,9.921560507,,5.602937377,0.804076689,
0.01,7,0.7,300,10,1,10.7292385,0.538044807,9.921560745,,5.602937377,0.804076689,
0.01,8,0.7,300,10,1,10.7292385,0.538044807,9.921560745,,5.602937377,0.804076689,
0.4,7,0.8,200,1,1,0.000781605,0.999999997,9.318127871,,5.603122363,0.804063751,
0.4,7,0.8,300,1,1,0.000751985,0.999999998,9.318114519,,5.603160948,0.804061053,
0.4,7,0.8,100,1,1,0.000871273,0.999999997,9.318002462,,5.603200156,0.804058311,
0.2,4,0.8,100,1,0.8,0.076460478,0.999972964,10.00012541,,5.603222454,0.804056751,
0.4,7,0.8,400,1,1,0.000740281,0.999999998,9.3180902,,5.603329958,0.804049232,
0.4,5,0.9,100,10,0.8,0.594942322,0.998536372,9.958899021,,5.604524518,0.803965675,
0.1,3,0.9,100,1,0.8,1.077581833,0.995157349,9.549372196,,5.605466442,0.803899776,
0.3,3,0.8,300,3,1,0.001618187,0.999999989,9.322416544,,5.607631817,0.803748241,
0.3,3,0.8,400,3,1,0.001193745,0.999999994,9.322536469,,5.607728016,0.803741508,
0.2,8,0.9,100,5,0.8,0.709586969,0.997950646,9.592205286,,5.612909164,0.803378682,
0.2,4,0.8,200,1,0.8,0.001726739,0.999999986,10.00518608,,5.61777073,0.803037931,
0.2,4,0.8,400,1,0.8,0.000914446,0.999999997,10.00526094,,5.617882893,0.803030066,
0.2,4,0.8,300,1,0.8,0.000985511,0.999999996,10.00527668,,5.618007195,0.80302135,
0.01,4,0.6,100,1,0.6,10.85302727,0.527008463,10.64347215,,5.626991195,0.802390852,
0.3,4,0.6,200,5,0.8,0.230335701,0.99975661,9.006372929,,5.627225758,0.802374377,
0.01,7,0.6,100,1,0.6,10.84164586,0.5280097,10.62553425,,5.629115684,0.802241608,
0.01,8,0.6,100,1,0.6,10.84162914,0.528011183,10.62553186,,5.629515615,0.802213506,
0.01,6,0.6,100,1,0.6,10.84161614,0.528011743,10.62581153,,5.62954305,0.802211579,
0.01,5,0.6,100,1,0.6,10.84244228,0.52794205,10.62854667,,5.630173681,0.802167263,
0.2,7,0.9,100,5,0.8,0.715171849,0.997915967,9.613149643,,5.631204052,0.802094846,
0.2,3,0.8,300,5,1,0.10365779,0.999952729,8.861940498,,5.633096576,0.801961801,
0.01,3,0.7,300,10,1,10.74711963,0.536493595,9.942922573,,5.633171863,0.801956507,
0.3,4,0.7,200,3,0.8,0.024914537,0.99999708,10.10804963,,5.633451071,0.801936874,
0.3,4,0.8,100,1,1,0.003472989,0.999999939,9.151157141,,5.634361971,0.801872818,
0.3,4,0.8,300,1,1,0.000818856,0.999999997,9.151631355,,5.635673774,0.80178055,
0.3,4,0.8,200,1,1,0.000877002,0.999999997,9.151544333,,5.635762124,0.801774335,
0.3,4,0.8,400,1,1,0.000792625,0.999999997,9.151594639,,5.635764316,0.801774181,
0.3,4,0.7,400,3,0.8,0.001274912,0.999999993,10.10901809,,5.635906853,0.801764154,
0.3,4,0.7,300,3,0.8,0.00227024,0.999999976,10.10912657,,5.636007468,0.801757076,
0.2,4,0.9,200,5,0.8,0.180585463,0.999860043,10.07456899,,5.636703694,0.801708094,
0.1,3,0.7,300,3,1,0.480620669,0.999018837,9.056264162,,5.643725464,0.801213753,
0.1,3,0.7,100,1,0.8,1.322717032,0.992776416,9.24442935,,5.644910874,0.801130238,
0.3,4,0.8,200,3,0.8,0.007732926,0.999999719,9.951173544,,5.650025284,0.800769714,
0.1,3,0.6,200,1,1,0.442749649,0.99916516,8.958440781,,5.650490867,0.800736878,
0.2,8,0.8,100,1,0.8,0.01268809,0.999999272,9.868493795,,5.651143624,0.800690837,
0.3,4,0.8,400,3,0.8,0.001147161,0.999999995,9.951553822,,5.651270642,0.800681877,
0.3,4,0.8,300,3,0.8,0.001290408,0.999999993,9.951526165,,5.651482187,0.800666955,
0.2,8,0.8,400,1,0.8,0.000874403,0.999999997,9.868949413,,5.653694413,0.80051087,
0.3,4,0.9,300,10,0.8,0.068594982,0.999976841,9.936739922,,5.653721138,0.800508984,
0.2,8,0.8,300,1,0.8,0.000908598,0.999999997,9.868989468,,5.653743954,0.800507374,
0.2,8,0.8,200,1,0.8,0.001010051,0.999999996,9.868912697,,5.653828884,0.80050138,
0.3,4,0.9,400,10,0.8,0.01555959,0.99999874,9.945771933,,5.655100334,0.800411642,
0.4,3,0.8,100,5,1,0.390197332,0.999340756,9.188506126,,5.656081521,0.800342377,
0.3,5,0.8,100,3,0.8,0.11383896,0.999942875,9.84865284,,5.659213676,0.800121188,
0.2,3,0.8,300,10,1,0.546655621,0.998759873,9.149609442,,5.668182536,0.799487141,
0.2,7,0.8,100,1,0.8,0.014231761,0.999999079,9.877268553,,5.668589674,0.799458334,
0.2,7,0.8,200,1,0.8,0.001013982,0.999999996,9.877734661,,5.670957443,0.799290767,
0.2,7,0.8,400,1,0.8,0.000875311,0.999999997,9.877800226,,5.670964124,0.799290294,
0.2,7,0.8,300,1,0.8,0.000914954,0.999999997,9.877805471,,5.670992762,0.799288267,
0.4,4,0.9,300,1,1,0.000842974,0.999999997,9.468310356,,5.671866147,0.799226439,
0.4,4,0.9,400,1,1,0.000813659,0.999999997,9.468410254,,5.67190591,0.799223624,
0.4,4,0.9,200,1,1,0.000881277,0.999999997,9.46826911,,5.671908716,0.799223426,
0.4,4,0.9,100,1,1,0.001007899,0.999999996,9.468240976,,5.671910892,0.799223272,
0.2,4,0.9,300,5,0.8,0.031652475,0.9999952,10.09789705,,5.673985793,0.799076348,
0.2,4,0.9,400,5,0.8,0.005684559,0.999999832,10.10298467,,5.674389193,0.799047777,
0.3,4,0.6,400,5,0.8,0.015084296,0.999998846,9.046343327,,5.674459383,0.799042806,
0.4,6,0.9,100,10,0.8,0.549529126,0.998759886,9.83847785,,5.675969117,0.798935859,
0.3,4,0.6,300,5,0.8,0.069115447,0.999976802,9.051441669,,5.67758624,0.798821274,
0.01,4,0.9,300,1,0.6,4.131452751,0.93124417,9.59822237,,5.678780844,0.798736606,
0.3,5,0.8,200,3,0.8,0.003841246,0.999999929,9.845191956,,5.680041922,0.798647208,
0.3,5,0.8,400,3,0.8,0.001145455,0.999999995,9.845166683,,5.680094335,0.798643491,
0.2,3,0.8,400,5,1,0.024886651,0.999997044,8.859027023,,5.680096089,0.798643367,
0.3,5,0.8,300,3,0.8,0.001261313,0.999999993,9.845202446,,5.680185927,0.798636998,
0.4,5,0.9,200,10,0.8,0.061374402,0.999983519,10.00178266,,5.684283494,0.798346375,
0.3,4,0.9,100,3,0.8,0.115569874,0.999940255,9.96118784,,5.688657209,0.798035935,
0.1,3,0.9,300,5,1,0.768303764,0.997544748,8.817840099,,5.689734126,0.79795946,
0.01,4,0.6,200,5,1,10.85817921,0.526700564,9.929440002,,5.691356535,0.797844221,
0.4,5,0.9,400,10,0.8,0.00250038,0.999999971,10.00458503,,5.694047354,0.797653021,
0.4,5,0.9,300,10,0.8,0.006822056,0.999999779,10.00356817,,5.694084966,0.797650348,
0.01,5,0.6,200,5,1,10.85617454,0.5268741,9.918700676,,5.694646866,0.79761041,
0.2,3,0.6,200,5,0.8,0.882103252,0.996712797,9.030962706,,5.696065845,0.797509535,
0.01,6,0.6,200,5,1,10.85598822,0.526889389,9.916012506,,5.696768897,0.797459546,
0.01,7,0.6,200,5,1,10.85598991,0.526889247,9.915994625,,5.696768897,0.797459546,
0.01,8,0.6,200,5,1,10.85598991,0.526889247,9.915994625,,5.696768897,0.797459546,
0.2,3,0.8,300,3,1,0.01811268,0.999998444,9.134670734,,5.699711899,0.797250224,
0.3,3,0.9,200,10,1,0.459130318,0.999122698,8.867137785,,5.700855255,0.797168873,
0.4,7,0.9,100,10,0.8,0.54226928,0.9987958,9.835259438,,5.704098169,0.796938048,
0.2,3,0.6,400,10,0.8,0.665926561,0.998165627,9.129262209,,5.704163485,0.796933397,
0.01,3,0.6,200,5,1,10.88078178,0.524729289,9.943822842,,5.705685056,0.796825048,
0.1,3,0.6,400,3,1,0.329459244,0.999532571,8.649702787,,5.707184956,0.796718213,
0.2,3,0.8,400,3,1,0.002850731,0.999999961,9.134698868,,5.708808635,0.796602531,
0.3,4,0.9,200,3,0.8,0.002652069,0.999999969,9.958568096,,5.715164898,0.796149348,
0.3,4,0.9,400,3,0.8,0.001207216,0.999999994,9.958513498,,5.715292365,0.796140254,
0.3,4,0.9,300,3,0.8,0.001343464,0.999999993,9.958374262,,5.715426609,0.796130677,
0.01,5,0.6,200,5,0.8,11.06090441,0.50880492,10.25122641,,5.717511662,0.795981903,
0.01,4,0.6,200,5,0.8,11.06235185,0.508676689,10.26715181,,5.717947888,0.79595077,
0.01,6,0.6,200,5,0.8,11.06089668,0.508805291,10.25095437,,5.719034119,0.795873236,
0.01,7,0.6,200,5,0.8,11.06089614,0.508805337,10.25092314,,5.719034119,0.795873236,
0.01,8,0.6,200,5,0.8,11.06089614,0.508805337,10.25092314,,5.719034119,0.795873236,
0.3,3,0.9,100,5,1,0.664542602,0.998118548,9.151524305,,5.724615471,0.795474617,
0.1,3,0.9,400,3,1,0.124529058,0.999926271,9.021670818,,5.72589751,0.795382999,
0.01,3,0.9,300,10,0.6,10.64404694,0.545235627,10.76527448,,5.72857177,0.795191823,
0.4,5,0.7,100,5,0.8,0.297724467,0.999624361,10.09540653,,5.72905919,0.795156969,
0.01,5,0.9,300,1,0.6,4.071744667,0.933220088,9.686714764,,5.729838643,0.795101226,
0.4,3,0.8,200,5,0.8,0.049648725,0.999988251,10.18257689,,5.73202692,0.794944691,
0.2,3,0.9,200,10,0.8,1.234854434,0.993753658,9.609911442,,5.73338942,0.794847196,
0.01,6,0.9,300,1,0.6,4.056028073,0.933728929,9.684357042,,5.73349233,0.794839832,
0.01,7,0.9,300,1,0.6,4.054875547,0.933766546,9.68142664,,5.733612201,0.794831253,
0.01,8,0.9,300,1,0.6,4.054720694,0.93377158,9.681405182,,5.733612201,0.794831253,
0.4,6,0.9,200,10,0.8,0.045462803,0.999990835,9.909273863,,5.738831411,0.79445756,
0.4,3,0.8,300,10,1,0.043839767,0.999990901,8.979407663,,5.738889147,0.794453424,
0.01,3,0.8,100,1,0.8,9.881134966,0.607944523,10.27773068,,5.74258116,0.794188869,
0.2,7,0.9,200,5,0.8,0.069947336,0.999978373,9.704185247,,5.744119258,0.794078605,
0.4,6,0.9,400,10,0.8,0.002346146,0.999999975,9.916748285,,5.745398074,0.793986906,
0.4,6,0.9,300,10,0.8,0.005071048,0.999999874,9.916450262,,5.745661835,0.793967991,
0.2,8,0.9,200,5,0.8,0.064358452,0.999982053,9.671299696,,5.747203663,0.7938574,
0.4,3,0.8,400,5,0.8,0.001713806,0.999999988,10.17960548,,5.749430872,0.793697596,
0.4,3,0.8,300,5,0.8,0.005340085,0.999999853,10.18000364,,5.749517165,0.793691403,
0.01,6,0.9,300,10,0.6,10.61006879,0.54813598,10.75123544,,5.749767737,0.793673421,
0.01,7,0.9,300,10,0.6,10.61006879,0.54813598,10.75123544,,5.749767737,0.793673421,
0.01,8,0.9,300,10,0.6,10.61006879,0.54813598,10.75123544,,5.749767737,0.793673421,
0.01,3,0.6,200,5,0.8,11.08545126,0.50661382,10.27944181,,5.753579177,0.793399788,
0.01,4,0.9,300,10,0.6,10.61144661,0.54802052,10.73638864,,5.755331404,0.793273931,
0.2,7,0.9,300,5,0.8,0.007766483,0.999999727,9.710444689,,5.755693892,0.793247889,
0.3,7,0.8,100,3,0.8,0.079046051,0.999971705,9.59569788,,5.755925026,0.793231284,
0.2,7,0.9,400,5,0.8,0.002015441,0.999999983,9.711681843,,5.755987802,0.793226773,
0.4,3,0.8,400,10,1,0.007870764,0.999999686,8.979078407,,5.756671867,0.793177623,
0.3,5,0.7,100,3,0.8,0.205504654,0.999817736,9.953308344,,5.758425323,0.793051609,
0.01,5,0.9,300,10,0.6,10.61003957,0.548139041,10.74854393,,5.758546084,0.793042929,
0.1,3,0.7,300,3,0.8,0.60092269,0.998464314,9.424210072,,5.760061787,0.792933969,
0.2,3,0.7,200,3,1,0.194927203,0.999838616,9.194695349,,5.760827247,0.792878931,
0.2,8,0.9,400,5,0.8,0.001952239,0.999999984,9.67907238,,5.764897003,0.792586185,
0.2,8,0.9,300,5,0.8,0.007182132,0.999999771,9.678135633,,5.76490979,0.792585265,
0.4,7,0.9,200,10,0.8,0.042255235,0.999992066,9.895999432,,5.767942138,0.792367007,
0.3,7,0.8,200,3,0.8,0.002619951,0.999999967,9.597377777,,5.767967623,0.792365172,
0.3,3,0.8,300,10,0.8,0.236939071,0.999755598,9.798609734,,5.768021503,0.792361293,
0.3,7,0.8,400,3,0.8,0.001142181,0.999999995,9.597528934,,5.768107815,0.792355078,
0.3,7,0.8,300,3,0.8,0.001243824,0.999999994,9.597575903,,5.768176276,0.792350149,
0.3,3,0.8,300,10,1,0.15698917,0.999893145,8.854585047,,5.775685233,0.791809164,
0.4,7,0.9,400,10,0.8,0.002115269,0.999999981,9.902112722,,5.77579866,0.791800987,
0.3,8,0.8,100,3,0.8,0.078193303,0.999972563,9.575274706,,5.775879353,0.79179517,
0.4,7,0.9,300,10,0.8,0.004253551,0.99999992,9.901488304,,5.775941968,0.791790655,
0.4,3,0.7,100,5,0.8,0.590184814,0.998538467,10.16935802,,5.776368459,0.791759906,
0.1,3,0.9,300,5,0.8,0.855925794,0.996983412,9.562077045,,5.78395794,0.79121234,
0.3,8,0.8,200,3,0.8,0.002629565,0.999999967,9.576294184,,5.786592192,0.791022116,
0.3,8,0.8,300,3,0.8,0.001260304,0.999999993,9.57662487,,5.786767801,0.791009431,
0.3,4,0.9,100,5,0.8,0.385530882,0.999366268,10.07758307,,5.786789815,0.791007841,
0.3,8,0.8,400,3,0.8,0.001146983,0.999999995,9.576589823,,5.786796464,0.791007361,
0.4,8,0.9,100,10,0.8,0.542022471,0.998797005,9.817425489,,5.78737763,0.790965381,
0.4,5,0.7,400,5,0.8,0.001532089,0.99999999,10.07415867,,5.790522179,0.790738163,
0.4,5,0.7,300,5,0.8,0.002971603,0.99999996,10.07423449,,5.790938487,0.790708072,
0.3,5,0.7,400,3,0.8,0.001180189,0.999999994,9.950531483,,5.791372332,0.790676712,
0.3,5,0.7,300,3,0.8,0.001590465,0.999999989,9.950287104,,5.79156024,0.790663128,
0.3,5,0.7,200,3,0.8,0.0155151,0.999998824,9.950528383,,5.792709584,0.790580033,
0.2,3,0.7,100,1,1,0.234846245,0.999764111,9.3975811,,5.792820063,0.790572045,
0.4,5,0.7,200,5,0.8,0.028348668,0.999996186,10.07543373,,5.79334496,0.79053409,
0.3,3,0.7,100,3,1,0.415177796,0.999278112,9.31461072,,5.794785522,0.790429906,
0.4,4,0.9,100,5,0.8,0.152891488,0.999895065,10.11685371,,5.797323878,0.790246265,
0.01,8,0.8,100,1,0.8,9.696961381,0.622513185,10.16373585,,5.798640332,0.790150993,
0.01,7,0.8,100,1,0.8,9.697048527,0.62250628,10.16371534,,5.798869796,0.790134384,
0.01,6,0.8,100,1,0.8,9.697751947,0.622446752,10.1670625,,5.799436416,0.790093369,
0.01,5,0.8,100,1,0.8,9.702549311,0.622073581,10.18079732,,5.800458995,0.79001934,
0.2,3,0.9,100,5,0.8,1.501637092,0.990793505,10.0063436,,5.80124644,0.789962324,
0.2,3,0.9,200,3,0.8,0.147408365,0.999904604,10.16182041,,5.8032084,0.789820232,
0.2,3,0.7,300,5,1,0.164447347,0.999883281,8.901327724,,5.809243615,0.789382839,
0.3,4,0.7,100,1,1,0.007757528,0.999999721,9.066320419,,5.809801204,0.789342406,
0.2,3,0.9,200,5,1,0.367013856,0.999411174,8.869365692,,5.813024691,0.78910858,
0.01,4,0.8,100,1,0.8,9.736301879,0.619417767,10.24188111,,5.813565315,0.789069352,
0.3,4,0.7,200,1,1,0.00083967,0.999999997,9.066792727,,5.813708109,0.78905899,
0.3,4,0.7,300,1,1,0.000771654,0.999999998,9.066905499,,5.81386102,0.789047893,
0.3,4,0.7,400,1,1,0.000748115,0.999999998,9.066911459,,5.813893128,0.789045563,
0.01,8,0.7,100,1,0.8,10.07236484,0.592744334,10.14570878,,5.815040546,0.788962288,
0.4,6,0.7,100,5,0.8,0.273042318,0.999688975,10.12971306,,5.817317852,0.788796961,
0.01,4,0.7,300,10,0.8,11.00448537,0.514043267,10.34864996,,5.817616408,0.788775282,
0.01,7,0.7,100,1,0.8,10.07240123,0.592741311,10.14590047,,5.81770668,0.788768727,
0.01,5,0.7,300,10,0.8,11.00332384,0.514143864,10.34162806,,5.817826992,0.78875999,
0.01,6,0.7,300,10,0.8,11.00332762,0.514143573,10.34173201,,5.817869703,0.788756888,
0.01,7,0.7,300,10,0.8,11.00332762,0.514143573,10.34173201,,5.817869703,0.788756888,
0.01,8,0.7,300,10,0.8,11.00332762,0.514143573,10.34173201,,5.817869703,0.788756888,
0.01,4,0.7,100,1,0.8,10.10022002,0.590469779,10.18258594,,5.817923823,0.788752958,
0.3,3,0.8,200,5,1,0.091216825,0.999962737,9.157926083,,5.818787018,0.788690269,
0.3,6,0.8,100,3,0.8,0.086718977,0.999966423,9.645375967,,5.819196131,0.788660554,
0.01,6,0.7,100,1,0.8,10.07267571,0.592721122,10.1503167,,5.821267426,0.788510078,
0.3,3,0.8,400,10,0.8,0.076182918,0.999973022,9.813611031,,5.824662579,0.78826331,
0.01,3,0.7,100,1,0.8,10.21743528,0.580823905,10.25200937,,5.829622993,0.787902517,
0.2,5,0.7,100,1,0.8,0.060121449,0.999983717,9.824663877,,5.830979692,0.787803785,
0.01,5,0.7,100,1,0.8,10.07608902,0.592438841,10.15283154,,5.831233364,0.787785322,
0.3,6,0.8,400,3,0.8,0.001126838,0.999999995,9.644033909,,5.832628365,0.787683774,
0.3,6,0.8,300,3,0.8,0.001232309,0.999999994,9.644083738,,5.832718668,0.787677199,
0.3,6,0.8,200,3,0.8,0.002810129,0.999999962,9.644056559,,5.832787318,0.787672202,
0.4,4,0.9,200,5,0.8,0.004329851,0.999999911,10.1392374,,5.834746675,0.787529527,
0.4,4,0.9,400,5,0.8,0.001371076,0.999999992,10.13925338,,5.83511645,0.787502595,
0.4,4,0.9,300,5,0.8,0.001609475,0.999999989,10.1390655,,5.835260092,0.787492133,
0.4,3,0.7,100,1,1,0.008966542,0.999999606,9.475678682,,5.835340371,0.787486286,
0.2,5,0.7,400,1,0.8,0.000867675,0.999999997,9.81876564,,5.835485948,0.787475682,
0.2,5,0.7,300,1,0.8,0.000932685,0.999999996,9.818679094,,5.835740886,0.787457113,
0.2,5,0.7,200,1,0.8,0.00224568,0.999999975,9.818488836,,5.835880594,0.787446936,
0.2,3,0.8,100,1,1,0.193712815,0.999833313,8.966343641,,5.8366691,0.787389495,
0.4,3,0.7,200,1,1,0.000808133,0.999999997,9.475778818,,5.837379884,0.787337708,
0.4,3,0.7,300,1,1,0.000735212,0.999999998,9.475963354,,5.837421862,0.78733465,
0.4,3,0.7,400,1,1,0.000710325,0.999999998,9.475997686,,5.837541745,0.787325915,
0.2,3,0.6,300,5,0.8,0.407361883,0.999276971,9.131675482,,5.84221383,0.786985351,
0.1,7,0.6,200,3,0.8,1.019316496,0.995694542,8.881696463,,5.842689191,0.786950685,
0.01,3,0.9,300,1,0.6,4.477247781,0.919266178,9.565135355,,5.843900968,0.786862302,
0.01,3,0.7,300,10,0.8,11.02130622,0.512543732,10.34679411,,5.846989369,0.786636964,
0.3,8,0.9,100,5,0.8,0.189921751,0.999849969,9.88041234,,5.85027563,0.786397058,
0.4,7,0.7,100,5,0.8,0.268419684,0.999696785,10.08537078,,5.851994681,0.786271509,
0.4,8,0.7,100,5,0.8,0.270494035,0.999690759,10.08097124,,5.851994681,0.786271509,
0.2,3,0.9,300,3,0.8,0.029085298,0.99999613,10.16046691,,5.852897692,0.786205543,
0.2,3,0.9,400,3,0.8,0.005539612,0.999999854,10.16711545,,5.860976464,0.785614934,
0.3,3,0.7,200,5,1,0.157729128,0.99989212,9.027148247,,5.862279267,0.785519614,
0.3,6,0.9,100,5,0.8,0.211497133,0.999810139,9.886229277,,5.86533991,0.785295599,
0.2,3,0.6,400,5,0.8,0.164418747,0.999878847,9.162724733,,5.866166557,0.785235075,
0.3,3,0.8,400,10,1,0.043861351,0.999990961,8.851614828,,5.869233366,0.78501046,
0.1,3,0.7,400,3,0.8,0.279598863,0.999660087,9.489133358,,5.87632769,0.784490417,
0.1,6,0.6,200,3,0.8,1.03075583,0.995599491,8.87110424,,5.876798026,0.784455917,
0.3,6,0.9,200,5,0.8,0.008608713,0.99999966,9.90149498,,5.877748923,0.784386159,
0.3,6,0.9,400,5,0.8,0.001454498,0.999999991,9.90278697,,5.878045268,0.784364417,
0.3,6,0.9,300,5,0.8,0.001774259,0.999999987,9.902644634,,5.878207274,0.78435253,
0.4,8,0.9,200,10,0.8,0.041173133,0.999992518,9.879314423,,5.878971444,0.784296458,
0.3,8,0.9,200,5,0.8,0.007070269,0.999999777,9.894406796,,5.881774143,0.784090743,
0.3,8,0.9,400,5,0.8,0.001432032,0.999999992,9.895432949,,5.882709003,0.784022104,
0.3,8,0.9,300,5,0.8,0.001710768,0.999999988,9.895333529,,5.882894629,0.784008473,
0.2,3,0.7,400,5,1,0.04466831,0.999991047,8.90037858,,5.889159898,0.783548167,
0.4,8,0.9,300,10,0.8,0.004145991,0.999999924,9.884132385,,5.891089588,0.783406295,
0.4,8,0.9,400,10,0.8,0.002135972,0.999999981,9.884877205,,5.891156646,0.783401364,
0.3,7,0.7,100,3,0.8,0.174858521,0.999866215,9.910974741,,5.89477257,0.783135391,
0.3,8,0.7,100,3,0.8,0.173657525,0.999867988,9.897564888,,5.895640924,0.783071494,
0.3,7,0.9,100,5,0.8,0.193517805,0.9998432,9.863584995,,5.897616308,0.782926103,
0.3,4,0.9,200,5,0.8,0.028973957,0.999996113,10.10638213,,5.899207087,0.782808983,
0.2,3,0.7,200,3,0.8,0.296904771,0.999610208,9.807473898,,5.899533946,0.782784914,
0.1,3,0.7,400,3,1,0.205154971,0.999817434,9.071080923,,5.902230144,0.782586326,
0.3,5,0.9,100,5,0.8,0.263046564,0.999703997,9.942143679,,5.905674369,0.78233251,
0.1,3,0.7,400,5,1,0.533767608,0.998818045,9.027321453,,5.906435788,0.782276379,
0.3,3,0.8,300,5,1,0.011873316,0.999999296,9.162738562,,5.907569457,0.782192792,
0.3,4,0.9,400,5,0.8,0.001606919,0.999999989,10.10468435,,5.908041691,0.782157969,
0.3,4,0.9,300,5,0.8,0.002486618,0.999999973,10.10422254,,5.908151128,0.782149899,
0.2,3,0.7,300,3,1,0.035668341,0.999994251,9.207153673,,5.909697241,0.782035865,
0.3,3,0.8,400,5,1,0.002223435,0.999999978,9.161067486,,5.912165383,0.781853764,
0.01,3,0.8,300,10,0.6,10.95564153,0.518263861,10.73643584,,5.914168258,0.781705936,
0.4,6,0.7,400,5,0.8,0.001509765,0.999999991,10.1000421,,5.918757626,0.781367014,
0.4,6,0.7,300,5,0.8,0.002565296,0.99999997,10.10006237,,5.919051144,0.781345329,
0.4,6,0.7,200,5,0.8,0.022780638,0.999997626,10.10058379,,5.919088292,0.781342584,
0.3,6,0.7,100,3,0.8,0.180574282,0.999857444,9.913181782,,5.922286244,0.781106249,
0.1,8,0.6,200,3,0.8,1.014817053,0.995732098,8.89584446,,5.923178582,0.78104028,
0.01,3,0.6,400,1,0.6,4.603189791,0.914424516,8.808970327,,5.925250609,0.780887062,
0.2,3,0.8,400,10,1,0.243551678,0.999745981,9.155891056,,5.92576238,0.78084921,
0.01,4,0.8,300,10,0.6,10.93760052,0.519864785,10.71642799,,5.926142678,0.780821081,
0.01,6,0.8,300,10,0.6,10.93598664,0.520005392,10.71207685,,5.927812151,0.780697572,
0.01,7,0.8,300,10,0.6,10.93598664,0.520005392,10.71207685,,5.927812151,0.780697572,
0.01,8,0.8,300,10,0.6,10.93598664,0.520005392,10.71207685,,5.927812151,0.780697572,
0.01,5,0.8,300,10,0.6,10.93602543,0.520002049,10.71238251,,5.927847477,0.780694958,
0.4,7,0.7,400,5,0.8,0.00150401,0.999999991,10.0687108,,5.928363447,0.780656779,
0.4,7,0.7,300,5,0.8,0.002508475,0.999999972,10.06870174,,5.928732809,0.780629446,
0.2,3,0.7,400,3,1,0.00577738,0.999999842,9.205454464,,5.928803535,0.780624212,
0.4,3,0.8,200,5,1,0.021356929,0.999997707,9.211562395,,5.929460325,0.780575605,
0.4,7,0.7,200,5,0.8,0.021943128,0.999997723,10.06869626,,5.929719323,0.780556436,
0.1,3,0.6,300,1,1,0.138891284,0.999912863,9.023813486,,5.929951385,0.780539259,
0.4,8,0.7,400,5,0.8,0.001507084,0.99999999,10.05223632,,5.930957296,0.780464798,
0.3,7,0.7,400,3,0.8,0.001196163,0.999999994,9.88753891,,5.931108038,0.780453638,
0.3,7,0.7,300,3,0.8,0.001487009,0.999999991,9.887349844,,5.93114725,0.780450735,
0.3,7,0.7,200,3,0.8,0.011250692,0.999999368,9.888689756,,5.9312332,0.780444372,
0.4,8,0.7,300,5,0.8,0.002519691,0.999999971,10.05223608,,5.931367454,0.780434433,
0.4,8,0.7,200,5,0.8,0.022312259,0.999997652,10.05250454,,5.931610634,0.780416428,
0.3,7,0.9,200,5,0.8,0.00731613,0.999999759,9.876116276,,5.931932058,0.78039263,
0.3,7,0.9,400,5,0.8,0.001409851,0.999999992,9.877203703,,5.93246846,0.780352912,
0.3,7,0.9,300,5,0.8,0.001697084,0.999999988,9.877062321,,5.93266213,0.78033857,
0.1,3,0.9,400,5,0.8,0.44398086,0.999164831,9.639914513,,5.935849338,0.780102489,
0.3,8,0.7,400,3,0.8,0.001205903,0.999999994,9.886968851,,5.938168448,0.77993063,
0.3,8,0.7,300,3,0.8,0.001491132,0.999999991,9.886789799,,5.938306911,0.779920366,
0.3,8,0.7,200,3,0.8,0.011663759,0.999999315,9.887120485,,5.938950474,0.779872662,
0.2,3,0.7,300,3,0.8,0.071603243,0.999976251,9.850831509,,5.941170478,0.779708062,
0.3,5,0.9,200,5,0.8,0.013737275,0.999999107,9.968039989,,5.942275538,0.779626106,
0.4,3,0.8,300,5,1,0.002093349,0.99999998,9.210951328,,5.942320522,0.779622769,
0.3,5,0.9,400,5,0.8,0.001505904,0.999999991,9.9672966,,5.942509241,0.779608771,
0.3,5,0.9,300,5,0.8,0.001947405,0.999999983,9.967023849,,5.942654129,0.779598024,
0.4,3,0.8,400,5,1,0.00138313,0.999999992,9.210982323,,5.942686875,0.779595595,
0.2,6,0.7,100,1,0.8,0.045631731,0.99999024,9.736641169,,5.945706792,0.779371531,
0.01,4,0.6,200,5,0.6,11.36810297,0.481010265,10.72805305,,5.948719401,0.779147895,
0.01,3,0.6,200,5,0.6,11.38467965,0.479502611,10.72948523,,5.951678153,0.778928147,
0.2,6,0.7,400,1,0.8,0.000862062,0.999999997,9.736129761,,5.952691131,0.778852888,
0.2,6,0.7,300,1,0.8,0.000922053,0.999999996,9.736043215,,5.952789435,0.778845584,
0.01,6,0.6,200,5,0.6,11.36700614,0.481106732,10.72586174,,5.952807803,0.778844219,
0.01,7,0.6,200,5,0.6,11.36700614,0.481106732,10.72586174,,5.952807803,0.778844219,
0.01,8,0.6,200,5,0.6,11.36700614,0.481106732,10.72586174,,5.952807803,0.778844219,
0.01,5,0.6,200,5,0.6,11.36702126,0.481105459,10.72579713,,5.952809087,0.778844123,
0.2,6,0.7,200,1,0.8,0.001725544,0.999999986,9.735940695,,5.952873356,0.778839348,
0.3,3,0.7,300,5,1,0.026238533,0.999996832,9.039108515,,5.953514573,0.778791701,
0.2,3,0.7,400,3,0.8,0.015156833,0.999998888,9.855045557,,5.959599488,0.778339288,
0.1,3,0.7,300,1,0.8,0.122667081,0.999930051,9.463079929,,5.960283325,0.778288416,
0.4,3,0.7,100,5,1,0.471927031,0.999074853,9.175771952,,5.964277992,0.777991128,
0.3,6,0.7,400,3,0.8,0.001182896,0.999999994,9.89286685,,5.967000249,0.77778842,
0.3,6,0.7,300,3,0.8,0.001523537,0.99999999,9.892781734,,5.967091952,0.77778159,
0.3,6,0.7,200,3,0.8,0.012300821,0.999999252,9.894411564,,5.967285338,0.777767186,
0.3,3,0.7,400,5,1,0.00417541,0.999999917,9.038546085,,5.970491753,0.777528296,
0.1,3,0.9,400,5,1,0.377010293,0.999382564,8.881886959,,5.972828292,0.777354135,
0.1,3,0.7,200,1,0.8,0.415181366,0.999253998,9.405097246,,5.973020822,0.777339781,
0.1,3,0.7,400,1,0.8,0.033110564,0.999994735,9.481479883,,5.980683699,0.776768106,
0.2,3,0.8,200,1,1,0.007237691,0.999999727,9.014811277,,5.982065312,0.776664955,
0.2,3,0.7,200,1,1,0.013566162,0.999999087,9.402442932,,5.986952607,0.776299881,
0.3,3,0.9,300,10,1,0.130140476,0.999924255,8.919780607,,5.988164631,0.776209298,
0.2,3,0.8,300,1,1,0.001070926,0.999999995,9.01444149,,5.989594975,0.776102375,
0.2,3,0.8,400,1,1,0.000918822,0.999999997,9.01444602,,5.989619716,0.776100525,
0.2,3,0.7,300,1,1,0.00133277,0.999999992,9.402565718,,5.993059321,0.775843298,
0.2,3,0.7,400,1,1,0.000892801,0.999999997,9.40255785,,5.993462207,0.775813159,
0.01,4,0.6,400,1,0.6,4.379272287,0.922602586,8.782156343,,6.00542668,0.774917198,
0.4,4,0.9,100,10,0.8,0.710509791,0.997886618,10.18199611,,6.006704828,0.774821378,
0.01,8,0.6,400,1,0.6,4.326117325,0.924484851,8.792966957,,6.014526634,0.77423455,
0.3,3,0.9,100,10,0.8,1.757017932,0.98739549,9.673343182,,6.015214509,0.774182906,
0.01,7,0.6,400,1,0.6,4.326165738,0.924483191,8.792991514,,6.01575365,0.774142425,
0.1,5,0.6,200,3,0.8,1.063991441,0.995322885,8.992334604,,6.022129108,0.773663446,
0.01,5,0.6,400,1,0.6,4.331451326,0.924301597,8.794216986,,6.022424855,0.773641215,
0.2,3,0.8,100,1,0.8,0.253187825,0.999702421,10.39504528,,6.023659521,0.773548393,
0.01,6,0.6,400,1,0.6,4.326717554,0.924464301,8.79314291,,6.023762751,0.773540631,
0.1,7,0.6,300,3,0.8,0.39455312,0.999337381,8.964432001,,6.024430796,0.773490399,
0.1,3,0.6,400,1,1,0.037960533,0.999993136,9.032942295,,6.031326789,0.772971544,
0.4,3,0.8,100,1,1,0.004728043,0.999999878,9.805650949,,6.035846672,0.772631146,
0.4,3,0.8,200,1,1,0.000835691,0.999999997,9.806303024,,6.036637473,0.772571564,
0.4,3,0.8,300,1,1,0.000776135,0.999999998,9.806368589,,6.036704418,0.772566519,
0.4,3,0.8,400,1,1,0.000747737,0.999999998,9.806332827,,6.036807737,0.772558734,
0.4,3,0.7,200,5,0.8,0.09485541,0.999958458,10.22769499,,6.042309251,0.772143998,
0.2,8,0.7,100,1,0.8,0.03964276,0.999992481,9.733167171,,6.042651548,0.772118181,
0.1,6,0.6,300,3,0.8,0.40765648,0.99929333,8.95127964,,6.046688536,0.771813592,
0.2,8,0.7,400,1,0.8,0.000854989,0.999999997,9.732561827,,6.047781717,0.771731077,
0.2,7,0.7,100,1,0.8,0.040854122,0.999992131,9.727867126,,6.047793209,0.771730209,
0.2,8,0.7,300,1,0.8,0.000910611,0.999999997,9.732499838,,6.047935534,0.771719465,
0.2,8,0.7,200,1,0.8,0.001481825,0.99999999,9.732381582,,6.04805774,0.77171024,
0.2,7,0.7,400,1,0.8,0.000861178,0.999999997,9.726928949,,6.054603801,0.771215797,
0.2,7,0.7,300,1,0.8,0.000915695,0.999999997,9.726926565,,6.054752849,0.771204533,
0.2,7,0.7,200,1,0.8,0.001536279,0.999999989,9.726764917,,6.05483218,0.771198538,
0.4,3,0.9,200,10,1,0.186534708,0.999843341,9.017232656,,6.055325345,0.771161264,
0.4,5,0.9,100,3,0.8,0.010698631,0.999999446,9.724784613,,6.060845267,0.770743864,
0.4,5,0.9,400,3,0.8,0.001069559,0.999999995,9.725639105,,6.061407397,0.770701336,
0.4,5,0.9,300,3,0.8,0.001146995,0.999999995,9.725508451,,6.061451561,0.770697995,
0.4,5,0.9,200,3,0.8,0.001276794,0.999999993,9.725419521,,6.061501761,0.770694197,
0.3,3,0.9,400,10,1,0.035567086,0.999993979,8.934930201,,6.063797477,0.77052047,
0.1,7,0.6,400,3,0.8,0.165771028,0.99987922,8.950496912,,6.064147035,0.770494012,
0.2,3,0.9,300,5,1,0.093877515,0.999958761,8.894328356,,6.067824408,0.770215577,
0.1,6,0.6,400,3,0.8,0.173290388,0.999868963,8.941300631,,6.068465094,0.77016705,
0.3,3,0.7,200,3,1,0.032832176,0.999995053,9.323171616,,6.077435308,0.769487084,
0.4,3,0.7,300,5,0.8,0.014305175,0.999998974,10.23541403,,6.079323427,0.769343832,
0.4,3,0.7,400,5,0.8,0.002385607,0.999999973,10.23243856,,6.081761098,0.769158819,
0.1,8,0.6,300,3,0.8,0.392330905,0.999343052,8.973320246,,6.089794406,0.768548587,
0.2,3,0.9,400,5,1,0.02317763,0.999997234,8.910954952,,6.097321442,0.767976082,
0.2,3,0.8,200,1,0.8,0.017001047,0.99999845,10.43663883,,6.100238902,0.76775399,
0.3,3,0.7,300,3,1,0.003276546,0.999999945,9.328363657,,6.100724223,0.767717034,
0.3,3,0.7,400,3,1,0.0012651,0.999999993,9.32801199,,6.101828818,0.767632913,
0.2,3,0.8,300,1,0.8,0.001634069,0.999999987,10.43655896,,6.109705054,0.767032647,
0.2,3,0.8,400,1,0.8,0.001017255,0.999999996,10.43634391,,6.109935293,0.767015088,
0.2,4,0.7,400,1,0.8,0.000902519,0.999999997,9.897279263,,6.111873225,0.76686727,
0.2,4,0.7,300,1,0.8,0.000990614,0.999999996,9.897221088,,6.111988501,0.766858475,
0.2,4,0.7,200,1,0.8,0.005682903,0.999999841,9.897156954,,6.112295185,0.766835078,
0.2,4,0.7,100,1,0.8,0.120152144,0.999936897,9.894746304,,6.11573461,0.766572598,
0.1,3,0.9,200,1,1,0.193042622,0.999830729,8.914865017,,6.116362494,0.766524665,
0.2,3,0.9,300,10,1,0.494919947,0.998960983,9.000544424,,6.12230387,0.766070853,
0.3,3,0.8,100,3,0.8,0.422470675,0.999240135,10.16661048,,6.124386937,0.765911641,
0.1,8,0.6,400,3,0.8,0.164926331,0.999879882,8.955582142,,6.125258174,0.765845034,
0.2,3,0.9,300,10,0.8,0.568557345,0.998652081,9.698261023,,6.143666424,0.764435507,
0.3,3,0.9,100,5,0.8,0.757890071,0.997617142,10.03446078,,6.169204637,0.762473031,
0.4,3,0.9,300,10,1,0.032253636,0.999994993,9.022062302,,6.172073068,0.762252098,
0.01,5,0.6,300,10,1,11.17542751,0.498739434,10.07484625,,6.177420018,0.761839991,
0.01,6,0.6,300,10,1,11.17540039,0.498741967,10.07477615,,6.177420018,0.761839991,
0.01,7,0.6,300,10,1,11.17540039,0.498741967,10.07477615,,6.177420018,0.761839991,
0.01,8,0.6,300,10,1,11.17540039,0.498741967,10.07477615,,6.177420018,0.761839991,
0.1,5,0.6,300,3,0.8,0.439421485,0.999184813,9.07164669,,6.178831308,0.761731159,
0.01,4,0.6,300,10,1,11.17527512,0.498752661,10.07727097,,6.186104005,0.761169928,
0.01,4,0.7,300,10,0.6,11.31318134,0.486293966,10.76571937,,6.187015048,0.761099577,
0.01,5,0.7,300,10,0.6,11.31210958,0.486392757,10.7616591,,6.188832166,0.760959226,
0.01,6,0.7,300,10,0.6,11.31206894,0.486396327,10.76096458,,6.188864269,0.760956747,
0.01,7,0.7,300,10,0.6,11.31206829,0.486396386,10.76096554,,6.188864269,0.760956747,
0.01,8,0.7,300,10,0.6,11.31206829,0.486396386,10.76096554,,6.188864269,0.760956747,
0.01,3,0.7,300,10,0.6,11.32604616,0.485111082,10.76164813,,6.189991745,0.760869642,
0.4,4,0.9,200,10,0.8,0.100349615,0.999953906,10.26174378,,6.190856148,0.76080285,
0.4,3,0.9,400,10,1,0.006121754,0.999999813,9.026712656,,6.193064977,0.760632134,
0.01,3,0.6,300,10,1,11.19036475,0.497393453,10.09580324,,6.201653813,0.75996774,
0.1,5,0.6,400,3,0.8,0.192451629,0.999840389,9.071880817,,6.213561339,0.759045104,
0.4,6,0.9,400,3,0.8,0.001048622,0.999999995,9.52325964,,6.217796159,0.758716549,
0.4,6,0.9,200,3,0.8,0.001215187,0.999999994,9.523152351,,6.217914979,0.758707327,
0.4,6,0.9,300,3,0.8,0.001110285,0.999999995,9.523171425,,6.217942802,0.758705168,
0.4,6,0.9,100,3,0.8,0.005585876,0.999999853,9.522178411,,6.218138432,0.758689984,
0.4,4,0.9,300,10,0.8,0.013850915,0.999999042,10.26424503,,6.221014848,0.75846668,
0.4,4,0.9,400,10,0.8,0.002776996,0.999999965,10.26685929,,6.223049949,0.758308627,
0.3,3,0.9,100,3,0.8,0.317469106,0.999570428,10.06872225,,6.239542483,0.757025853,
0.4,3,0.7,100,3,1,0.152794314,0.999900326,9.199893713,,6.254253542,0.755878775,
0.1,4,0.6,200,3,0.8,1.174911961,0.99429134,8.970266342,,6.262061424,0.755268867,
0.1,3,0.9,300,1,1,0.038632625,0.999992554,8.902077436,,6.266099168,0.754953162,
0.2,3,0.9,200,5,0.8,0.435555637,0.999205869,10.17172909,,6.271139421,0.754558788,
0.1,3,0.9,400,1,1,0.007505656,0.999999717,8.904966831,,6.2809944,0.753786769,
0.2,3,0.9,400,10,1,0.218145727,0.999771137,9.024325962,,6.290106222,0.753071889,
0.4,8,0.9,100,3,0.8,0.00399034,0.999999928,9.48265028,,6.295883225,0.75261811,
0.4,8,0.9,400,3,0.8,0.001050608,0.999999995,9.483081579,,6.296051868,0.752604857,
0.4,8,0.9,300,3,0.8,0.001120571,0.999999995,9.482946634,,6.296120812,0.752599439,
0.4,8,0.9,200,3,0.8,0.001226856,0.999999994,9.482945919,,6.296149128,0.752597213,
0.3,3,0.9,200,5,1,0.080106672,0.999969733,9.20670104,,6.296812271,0.752545095,
0.2,3,0.9,400,10,0.8,0.269461782,0.999680477,9.769701958,,6.302658276,0.752085404,
0.3,3,0.8,200,3,0.8,0.038753149,0.999992664,10.23365998,,6.311840243,0.751362534,
0.3,3,0.8,100,1,1,0.032229545,0.999994737,9.581963301,,6.3233031,0.750458619,
0.3,3,0.8,300,3,0.8,0.003902599,0.999999916,10.23605967,,6.330339451,0.749902948,
0.3,3,0.8,400,3,0.8,0.001414565,0.999999992,10.23562837,,6.331032307,0.749848199,
0.01,7,0.6,100,1,0.8,10.47826611,0.559332107,10.25571008,,6.334022391,0.749611855,
0.01,8,0.6,100,1,0.8,10.47832489,0.559326713,10.25644178,,6.334022391,0.749611855,
0.01,6,0.6,100,1,0.8,10.47841665,0.559320051,10.25748701,,6.334161503,0.749600856,
0.01,4,0.9,100,3,0.8,11.45098383,0.473739103,10.76104398,,6.335276259,0.749512712,
0.01,5,0.9,100,3,0.8,11.44547754,0.474247184,10.736443,,6.335657152,0.749482591,
0.01,6,0.9,100,3,0.8,11.44534669,0.474258875,10.73401136,,6.33566226,0.749482188,
0.01,7,0.9,100,3,0.8,11.44534467,0.474259055,10.73417039,,6.33566226,0.749482188,
0.01,8,0.9,100,3,0.8,11.44534467,0.474259055,10.73417039,,6.33566226,0.749482188,
0.3,3,0.8,300,1,1,0.000822873,0.999999997,9.58507061,,6.336255237,0.749435292,
0.3,3,0.8,200,1,1,0.000962557,0.999999996,9.584965229,,6.336270374,0.749434094,
0.3,3,0.8,400,1,1,0.000792871,0.999999997,9.585049391,,6.336427168,0.749421694,
0.3,3,0.9,300,5,1,0.00877879,0.999999615,9.202976465,,6.337172785,0.749362718,
0.3,3,0.9,200,3,0.8,0.022849042,0.999997568,10.12099862,,6.338788433,0.749234903,
0.3,3,0.9,400,5,1,0.002046361,0.999999982,9.203109741,,6.339759274,0.749158083,
0.4,7,0.9,100,3,0.8,0.004389009,0.999999911,9.478129625,,6.342576606,0.74893509,
0.4,7,0.9,400,3,0.8,0.001037432,0.999999996,9.478691101,,6.342577183,0.748935045,
0.4,7,0.9,300,3,0.8,0.001097089,0.999999995,9.478633642,,6.342664252,0.748928151,
0.4,7,0.9,200,3,0.8,0.00119693,0.999999994,9.47863555,,6.342781506,0.748918868,
0.01,5,0.9,200,10,1,11.38422139,0.479750634,10.25109551,,6.343262607,0.748880778,
0.01,6,0.9,200,10,1,11.38422281,0.479750506,10.25109027,,6.343262607,0.748880778,
0.01,7,0.9,200,10,1,11.38422281,0.479750506,10.25109027,,6.343262607,0.748880778,
0.01,8,0.9,200,10,1,11.38422281,0.479750506,10.25109027,,6.343262607,0.748880778,
0.01,4,0.9,200,10,1,11.38455746,0.479717377,10.25954483,,6.343441988,0.748866575,
0.01,5,0.6,100,1,0.8,10.48156856,0.559053254,10.26194186,,6.34417846,0.748808258,
0.3,3,0.9,300,3,0.8,0.002618935,0.999999968,10.12337422,,6.345783025,0.74868118,
0.3,3,0.9,400,3,0.8,0.00143544,0.999999991,10.1238873,,6.346004736,0.748663618,
0.1,7,0.6,100,1,0.8,0.902494587,0.996654368,8.318537951,,6.346602115,0.748616297,
0.01,3,0.9,100,3,0.8,11.4967705,0.469494092,10.74291081,,6.34846599,0.748468622,
0.1,8,0.6,100,1,0.8,0.899317612,0.996678501,8.321211338,,6.352753238,0.748128779,
0.01,4,0.6,100,1,0.8,10.5017118,0.557349917,10.30027242,,6.356581097,0.747825157,
0.1,5,0.6,100,1,0.8,0.956357176,0.996234722,8.330263138,,6.360818493,0.747488838,
0.01,3,0.6,100,1,0.8,10.59221087,0.54965002,10.36015673,,6.366971286,0.747000095,
0.01,3,0.9,200,10,1,11.41076113,0.477307502,10.28615497,,6.374735659,0.746382664,
0.4,3,0.7,200,5,1,0.04556797,0.999990798,9.194077015,,6.375299147,0.746337826,
0.01,5,0.6,300,10,0.8,11.41313203,0.477172429,10.47695775,,6.377268328,0.746181101,
0.01,4,0.6,300,10,0.8,11.41380355,0.477111859,10.47994895,,6.377890936,0.746131538,
0.01,6,0.6,300,10,0.8,11.41312252,0.477173278,10.47657342,,6.378049645,0.746118903,
0.01,7,0.6,300,10,0.8,11.41312252,0.477173278,10.47657342,,6.378049645,0.746118903,
0.01,8,0.6,300,10,0.8,11.41312252,0.477173278,10.47657342,,6.378049645,0.746118903,
0.4,3,0.7,200,3,1,0.005602278,0.999999844,9.20645237,,6.391637234,0.745036031,
0.4,3,0.7,300,3,1,0.001183243,0.999999994,9.206857681,,6.393619085,0.744877894,
0.4,3,0.7,400,3,1,0.001034112,0.999999996,9.206944466,,6.393905215,0.744855058,
0.1,6,0.6,100,1,0.8,0.913093727,0.996573652,8.344183922,,6.396044046,0.744684332,
0.01,3,0.6,300,10,0.8,11.42668491,0.475923758,10.49379606,,6.398509762,0.744487443,
0.4,8,0.8,100,3,0.8,0.016846272,0.999998592,10.00850081,,6.398557125,0.74448366,
0.4,8,0.8,200,3,0.8,0.001217241,0.999999994,10.00959373,,6.399303018,0.744424084,
0.4,8,0.8,300,3,0.8,0.001064203,0.999999995,10.00980425,,6.399331049,0.744421845,
0.4,8,0.8,400,3,0.8,0.001029074,0.999999996,10.0097661,,6.39933512,0.74442152,
0.4,3,0.7,300,5,1,0.004787321,0.999999888,9.20281291,,6.403927623,0.744054555,
0.4,5,0.8,400,3,0.8,0.001013671,0.999999996,10.14436197,,6.40519867,0.743952945,
0.4,5,0.8,300,3,0.8,0.001075886,0.999999995,10.1443944,,6.405455838,0.743932384,
0.4,5,0.8,200,3,0.8,0.001231664,0.999999994,10.14421296,,6.40558716,0.743921885,
0.4,5,0.8,100,3,0.8,0.026459956,0.999996674,10.14194536,,6.40602769,0.743886661,
0.4,3,0.7,400,5,1,0.001538336,0.99999999,9.202643394,,6.406266664,0.743867552,
0.2,3,0.6,100,3,0.8,1.400741295,0.991886253,9.205064297,,6.415630625,0.743118234,
0.1,3,0.9,100,10,0.6,5.824318479,0.863745367,9.81000948,,6.423971669,0.742449849,
0.4,3,0.9,100,3,1,0.086374141,0.99996405,9.422465801,,6.424000866,0.742447508,
0.1,4,0.9,100,10,0.6,5.666159464,0.871013067,9.873452187,,6.425002502,0.742367186,
0.01,5,0.9,100,3,1,11.25219273,0.491756784,10.14481733,,6.426718193,0.742229574,
0.01,6,0.9,100,3,1,11.25203749,0.491770577,10.1455159,,6.426726032,0.742228946,
0.01,7,0.9,100,3,1,11.25203809,0.491770525,10.1455159,,6.426726032,0.742228946,
0.01,8,0.9,100,3,1,11.25203809,0.491770525,10.1455159,,6.426726032,0.742228946,
0.2,3,0.9,300,5,0.8,0.130548141,0.999925013,10.23090911,,6.428516081,0.742085331,
0.01,4,0.9,100,3,1,11.25756424,0.491262569,10.20028208,,6.436193256,0.74146894,
0.4,3,0.9,100,5,0.8,0.350498711,0.999477423,10.20540309,,6.436831293,0.74141768,
0.01,3,0.9,100,3,1,11.30181805,0.487215334,10.20404504,,6.441364545,0.741053329,
0.2,3,0.9,400,5,0.8,0.039865475,0.999992502,10.26113582,,6.455285292,0.739932875,
0.4,7,0.7,100,3,0.8,0.053749165,0.999986041,9.731419086,,6.463773123,0.739248519,
0.3,3,0.9,200,5,0.8,0.114325244,0.999941446,10.16614652,,6.466313814,0.739043494,
0.1,4,0.6,300,3,0.8,0.528787988,0.998819462,9.052088022,,6.466933039,0.738993512,
0.4,3,0.9,100,5,1,0.290583704,0.999622109,9.357269287,,6.474475771,0.738384305,
0.4,3,0.9,400,3,1,0.001133438,0.999999995,9.424974918,,6.475171852,0.738328049,
0.4,3,0.9,200,3,1,0.001726923,0.999999987,9.424884796,,6.475194026,0.738326256,
0.4,3,0.9,300,3,1,0.001205673,0.999999994,9.424884081,,6.475210633,0.738324914,
0.4,7,0.7,400,3,0.8,0.001068162,0.999999995,9.723381519,,6.475596541,0.738293723,
0.4,7,0.7,200,3,0.8,0.002092781,0.999999979,9.723022223,,6.475694926,0.73828577,
0.4,7,0.7,300,3,0.8,0.001149519,0.999999994,9.723326921,,6.475759164,0.738280578,
0.2,3,0.9,100,1,0.8,0.200525565,0.999821264,10.4437952,,6.476552732,0.73821643,
0.4,7,0.8,100,3,0.8,0.0171854,0.999998529,10.05488157,,6.477976326,0.738101333,
0.4,7,0.8,400,3,0.8,0.001007099,0.999999996,10.05560517,,6.47891353,0.738025547,
0.4,7,0.8,200,3,0.8,0.001219693,0.999999994,10.05554152,,6.478939711,0.73802343,
0.4,7,0.8,300,3,0.8,0.001054768,0.999999995,10.05565596,,6.478941016,0.738023324,
0.1,5,0.9,100,10,0.6,5.64822328,0.871836894,9.832272768,,6.497737277,0.736501062,
0.1,6,0.9,100,10,0.6,5.646488856,0.871914095,9.856760025,,6.497781384,0.736497484,
0.1,7,0.9,100,10,0.6,5.646245957,0.871924753,9.864259958,,6.497781384,0.736497484,
0.1,8,0.9,100,10,0.6,5.64623787,0.871925127,9.86429143,,6.497781384,0.736497484,
0.3,3,0.9,300,5,0.8,0.019987496,0.999998108,10.1641264,,6.497983464,0.736481094,
0.4,6,0.7,100,3,0.8,0.058191707,0.999983658,9.741532803,,6.499524402,0.736356097,
0.4,3,0.9,200,5,0.8,0.029753497,0.999995807,10.27723813,,6.499850753,0.736329621,
0.3,3,0.9,400,5,0.8,0.003661422,0.999999937,10.16698432,,6.502203445,0.736138709,
0.4,4,0.8,100,3,0.8,0.055175723,0.999985429,9.965125799,,6.502555816,0.73611011,
0.4,3,0.9,300,5,0.8,0.003257246,0.999999951,10.27786231,,6.506388217,0.735798961,
0.4,3,0.9,400,5,0.8,0.001677445,0.999999988,10.27856779,,6.506657883,0.735777061,
0.01,4,0.7,400,1,0.6,3.748591882,0.94334214,9.017526741,,6.512058524,0.735338259,
0.2,6,0.6,100,3,0.8,0.958609547,0.996197533,9.111745358,,6.512848547,0.735274039,
0.4,4,0.8,400,3,0.8,0.001065517,0.999999995,9.969923258,,6.514651531,0.735127448,
0.4,4,0.8,300,3,0.8,0.00111552,0.999999995,9.970024109,,6.514876534,0.735109152,
0.4,4,0.8,200,3,0.8,0.001490161,0.99999999,9.969933271,,6.514943005,0.735103746,
0.4,6,0.7,400,3,0.8,0.001064923,0.999999995,9.73789978,,6.516167899,0.735004129,
0.4,6,0.7,200,3,0.8,0.002360223,0.999999973,9.737430573,,6.516200433,0.735001483,
0.4,6,0.7,300,3,0.8,0.001162712,0.999999994,9.73786974,,6.516404549,0.734984881,
0.4,5,0.7,100,3,0.8,0.068687111,0.999978359,9.793334484,,6.52246983,0.734491314,
0.2,5,0.6,100,3,0.8,0.977386295,0.996040672,9.120411396,,6.52341269,0.734414547,
0.1,4,0.6,400,3,0.8,0.247002469,0.999737481,9.046759129,,6.52540077,0.734252643,
0.1,3,0.6,200,3,0.8,1.504692094,0.990647135,9.157827854,,6.53079588,0.733813029,
0.2,3,0.9,200,1,0.8,0.010096643,0.999999515,10.47640729,,6.531152911,0.733783923,
0.4,5,0.7,400,3,0.8,0.001081518,0.999999995,9.787237167,,6.533583287,0.733585758,
0.4,5,0.7,300,3,0.8,0.00118241,0.999999994,9.787168264,,6.533652448,0.733580117,
0.4,5,0.7,200,3,0.8,0.002634159,0.999999966,9.786782742,,6.533708518,0.733575545,
0.01,8,0.7,400,1,0.6,3.679914495,0.945412452,9.046659822,,6.535217557,0.733452463,
0.01,7,0.7,400,1,0.6,3.680216717,0.945403606,9.046445961,,6.535276548,0.73344765,
0.01,6,0.7,400,1,0.6,3.681083741,0.945377953,9.046770687,,6.535467883,0.733432042,
0.2,3,0.9,400,1,0.8,0.001087785,0.999999995,10.47846651,,6.536720311,0.733329865,
0.2,3,0.9,300,1,0.8,0.001398594,0.999999992,10.4782629,,6.536764533,0.733326257,
0.4,4,0.7,100,3,0.8,0.101984525,0.999954458,9.870699644,,6.537945313,0.733229906,
0.01,5,0.7,400,1,0.6,3.688529079,0.945155622,9.041938181,,6.541526566,0.732937571,
0.4,6,0.8,100,3,0.8,0.019100668,0.999998209,10.08559585,,6.541529943,0.732937296,
0.4,6,0.8,400,3,0.8,0.001033572,0.999999996,10.086272,,6.542135224,0.732887871,
0.4,6,0.8,300,3,0.8,0.001073104,0.999999995,10.08627486,,6.542265787,0.73287721,
0.4,6,0.8,200,3,0.8,0.001221588,0.999999994,10.08613801,,6.542329782,0.732871984,
0.2,7,0.6,100,3,0.8,0.950872519,0.996253768,9.138502121,,6.55731561,0.731646818,
0.4,4,0.7,400,3,0.8,0.001078602,0.999999995,9.869082212,,6.559390814,0.731476939,
0.4,4,0.7,300,3,0.8,0.001188243,0.999999994,9.869000673,,6.559407166,0.7314756,
0.4,4,0.7,200,3,0.8,0.004133845,0.999999918,9.868490934,,6.559599911,0.731459819,
0.4,3,0.9,100,10,0.8,1.113608666,0.99484272,9.924914122,,6.569960151,0.730610884,
0.2,8,0.6,100,3,0.8,0.949641146,0.996258553,9.150716543,,6.58184702,0.729635203,
0.01,3,0.7,400,1,0.6,4.038444044,0.934168572,8.964877243,,6.607924829,0.727488545,
0.3,3,0.9,100,1,1,0.025756813,0.999996547,9.298967361,,6.612942465,0.727074532,
0.2,4,0.6,100,3,0.8,1.081951282,0.995168829,9.101453543,,6.624471811,0.726122038,
0.3,3,0.9,200,1,1,0.001071268,0.999999995,9.301071167,,6.627421524,0.725878081,
0.3,3,0.9,400,1,1,0.000887246,0.999999997,9.30121088,,6.627673024,0.725857276,
0.3,3,0.9,300,1,1,0.000937642,0.999999996,9.30114007,,6.627673128,0.725857267,
0.01,5,0.6,300,10,0.6,11.72746068,0.44783233,10.92177196,,6.630699579,0.725606842,
0.01,6,0.6,300,10,0.6,11.72744487,0.447833766,10.92175455,,6.630699579,0.725606842,
0.01,7,0.6,300,10,0.6,11.72744487,0.447833766,10.92175455,,6.630699579,0.725606842,
0.01,8,0.6,300,10,0.6,11.72744487,0.447833766,10.92175455,,6.630699579,0.725606842,
0.4,8,0.7,100,3,0.8,0.05117672,0.999987861,9.759391785,,6.631215384,0.72556415,
0.01,4,0.6,300,10,0.6,11.72773667,0.447806195,10.92269297,,6.633165995,0.725402672,
0.4,8,0.7,400,3,0.8,0.001041388,0.999999996,9.754437447,,6.642968855,0.724590442,
0.4,8,0.7,200,3,0.8,0.002168182,0.999999978,9.754179239,,6.643063875,0.724582564,
0.4,8,0.7,300,3,0.8,0.001132079,0.999999995,9.754366398,,6.643185086,0.724572513,
0.1,8,0.6,400,1,0.8,0.008044114,0.999999664,8.362634897,,6.653203877,0.723741125,
0.1,8,0.6,300,1,0.8,0.036559279,0.99999337,8.360846519,,6.655143669,0.723580011,
0.3,3,0.9,200,10,0.8,0.557995457,0.998695051,9.750129938,,6.657920972,0.723349253,
0.1,8,0.6,200,1,0.8,0.153284652,0.999892899,8.340240479,,6.667760557,0.722530938,
0.1,7,0.6,400,1,0.8,0.008236941,0.999999651,8.358984232,,6.667865488,0.722522205,
0.01,3,0.6,300,10,0.6,11.73794509,0.446850984,10.93228645,,6.668635731,0.722458095,
0.1,7,0.6,300,1,0.8,0.037453524,0.999993093,8.355811596,,6.669913959,0.722351688,
0.1,7,0.6,200,1,0.8,0.156042287,0.999889438,8.336108446,,6.675822254,0.721859581,
0.3,6,0.9,100,1,0.8,0.001104602,0.999999995,10.40830183,,6.677486629,0.721720875,
0.3,6,0.9,400,1,0.8,0.000867885,0.999999997,10.4084971,,6.677522905,0.721717851,
0.3,6,0.9,200,1,0.8,0.000952049,0.999999996,10.4083817,,6.677524679,0.721717704,
0.3,6,0.9,300,1,0.8,0.00091065,0.999999997,10.40842485,,6.677530413,0.721717226,
0.1,3,0.6,100,1,0.8,1.505267916,0.990688553,8.619954586,,6.696711556,0.7201162,
0.1,5,0.6,300,1,0.8,0.048815008,0.999988694,8.386252165,,6.708489332,0.719130849,
0.01,5,0.8,200,10,1,11.63564021,0.456506169,10.30118222,,6.709068329,0.719082364,
0.01,6,0.8,200,10,1,11.63563553,0.456506637,10.30132313,,6.709068329,0.719082364,
0.01,7,0.8,200,10,1,11.63563553,0.456506637,10.30132313,,6.709068329,0.719082364,
0.01,8,0.8,200,10,1,11.63563553,0.456506637,10.30132313,,6.709068329,0.719082364,
0.01,4,0.8,200,10,1,11.63624751,0.456448763,10.30853171,,6.709447414,0.719050618,
0.4,3,0.9,200,5,1,0.013434513,0.999999068,9.379586458,,6.710362377,0.718973987,
0.01,3,0.8,200,10,1,11.65513686,0.454672176,10.31887407,,6.711321048,0.718893684,
0.1,5,0.6,400,1,0.8,0.010949097,0.999999408,8.391069889,,6.713835601,0.718682998,
0.01,4,0.9,100,3,0.6,11.7381646,0.44674691,11.26561995,,6.714982268,0.718586897,
0.01,3,0.9,100,3,0.6,11.7844949,0.442406411,11.28321023,,6.722095777,0.717990352,
0.4,3,0.9,300,5,1,0.001914988,0.999999984,9.381345749,,6.722353052,0.717968764,
0.4,3,0.9,400,5,1,0.001472961,0.999999991,9.3816576,,6.722681809,0.717941178,
0.3,8,0.9,100,1,0.8,0.0009866,0.999999996,10.39023924,,6.727067305,0.71757306,
0.3,8,0.9,400,1,0.8,0.000823916,0.999999997,10.39028764,,6.727082698,0.717571767,
0.3,8,0.9,300,1,0.8,0.000858879,0.999999997,10.39024234,,6.727174225,0.717564082,
0.3,8,0.9,200,1,0.8,0.000897117,0.999999997,10.39027715,,6.727185274,0.717563154,
0.3,7,0.9,400,1,0.8,0.000841199,0.999999997,10.39477324,,6.727541774,0.717533219,
0.3,7,0.9,300,1,0.8,0.000872136,0.999999997,10.39469028,,6.727670499,0.717522409,
0.3,7,0.9,200,1,0.8,0.000910893,0.999999997,10.39470053,,6.727727045,0.717517661,
0.3,7,0.9,100,1,0.8,0.001000563,0.999999996,10.39463973,,6.727748309,0.717515875,
0.1,5,0.6,200,1,0.8,0.194154276,0.99983135,8.351268291,,6.730129236,0.717315899,
0.01,6,0.9,100,3,0.6,11.73324847,0.447206004,11.27852292,,6.731597042,0.717192582,
0.01,7,0.9,100,3,0.6,11.73324847,0.447206004,11.27852292,,6.731597042,0.717192582,
0.01,8,0.9,100,3,0.6,11.73324847,0.447206004,11.27852292,,6.731597042,0.717192582,
0.01,5,0.9,100,3,0.6,11.73342719,0.447189123,11.27921052,,6.731626898,0.717190073,
0.4,4,0.9,100,3,0.8,0.026375041,0.99999665,10.12020135,,6.751871855,0.715486448,
0.1,6,0.6,300,1,0.8,0.039917473,0.999992206,8.384171724,,6.752824854,0.715406127,
0.1,6,0.6,400,1,0.8,0.008807933,0.999999603,8.387575626,,6.754042387,0.715303493,
0.1,6,0.6,200,1,0.8,0.1653521,0.999875708,8.361240625,,6.754210051,0.715289358,
0.3,5,0.9,100,1,0.8,0.001224439,0.999999994,10.50422359,,6.760877494,0.714726974,
0.3,5,0.9,400,1,0.8,0.000897925,0.999999997,10.50442934,,6.760884918,0.714726348,
0.3,5,0.9,300,1,0.8,0.000925928,0.999999996,10.50442362,,6.760903997,0.714724738,
0.3,5,0.9,200,1,0.8,0.000963743,0.999999996,10.50438738,,6.760989968,0.714717483,
0.01,5,0.8,100,3,1,11.47221135,0.471738804,10.13135264,,6.76170361,0.714657255,
0.01,6,0.8,100,3,1,11.47211288,0.471747984,10.13125513,,6.76170361,0.714657255,
0.01,7,0.8,100,3,1,11.47211288,0.471747984,10.13125513,,6.76170361,0.714657255,
0.01,8,0.8,100,3,1,11.47211288,0.471747984,10.13125513,,6.76170361,0.714657255,
0.4,4,0.9,400,3,0.8,0.001110337,0.999999995,10.12357235,,6.762760035,0.714568086,
0.4,4,0.9,200,3,0.8,0.001369168,0.999999992,10.12351966,,6.762888253,0.714557263,
0.4,4,0.9,300,3,0.8,0.001178786,0.999999994,10.12343597,,6.762918137,0.71455474,
0.01,4,0.8,100,3,1,11.47556705,0.471423706,10.18316148,,6.764694166,0.714404797,
0.01,3,0.8,100,3,1,11.51211225,0.468007324,10.22743557,,6.767542982,0.714164201,
0.01,5,0.9,200,10,0.8,11.60306508,0.459567192,10.81629176,,6.781554326,0.712979402,
0.01,6,0.9,200,10,0.8,11.60304977,0.459568588,10.81603475,,6.781554326,0.712979402,
0.01,7,0.9,200,10,0.8,11.60304977,0.459568588,10.81603475,,6.781554326,0.712979402,
0.01,8,0.9,200,10,0.8,11.60304977,0.459568588,10.81603475,,6.781554326,0.712979402,
0.01,4,0.9,200,10,0.8,11.6041886,0.459462843,10.83392568,,6.782429289,0.712905334,
0.2,5,0.6,200,3,0.8,0.184777579,0.99983922,9.181491137,,6.793898725,0.711933529,
0.01,3,0.9,200,10,0.8,11.62495278,0.457503208,10.82442923,,6.799118483,0.711490716,
0.2,5,0.6,300,3,0.8,0.048226936,0.99998855,9.188211918,,6.800405682,0.711381465,
0.2,5,0.6,400,3,0.8,0.010448733,0.999999445,9.184988499,,6.801046522,0.711327066,
0.3,3,0.7,100,1,1,0.044777805,0.999990581,9.170154333,,6.801992974,0.711246715,
0.2,6,0.6,200,3,0.8,0.165410532,0.999869196,9.136860371,,6.813971137,0.710228843,
0.2,6,0.6,300,3,0.8,0.04286363,0.999990619,9.131997347,,6.817372095,0.709939513,
0.2,6,0.6,400,3,0.8,0.009074243,0.999999568,9.125743628,,6.819717001,0.70973994,
0.3,3,0.7,200,1,1,0.001133542,0.999999994,9.170886517,,6.823645904,0.7094054,
0.3,3,0.7,400,1,1,0.000769005,0.999999998,9.171088696,,6.82399596,0.709375584,
0.3,3,0.7,300,1,1,0.000821045,0.999999997,9.171018362,,6.824043372,0.709371546,
0.1,3,0.6,300,3,0.8,0.806430767,0.997257364,9.291976213,,6.830831539,0.708793057,
0.2,7,0.6,200,3,0.8,0.157905526,0.999879905,9.136327744,,6.842449283,0.707801657,
0.2,7,0.6,300,3,0.8,0.039586923,0.999991752,9.129444122,,6.851013528,0.707069748,
0.2,7,0.6,400,3,0.8,0.008483175,0.999999606,9.125516415,,6.85183029,0.706999899,
0.01,6,0.7,100,1,1,9.923675497,0.604664922,9.944664936,,6.857160982,0.706543816,
0.01,8,0.7,100,1,1,9.922891581,0.604726648,9.944381933,,6.85809656,0.706463734,
0.01,7,0.7,100,1,1,9.922935144,0.604722764,9.944452505,,6.858099621,0.706463472,
0.01,6,0.8,100,3,0.8,11.70094352,0.450592279,10.67723651,,6.863763432,0.705978433,
0.01,7,0.8,100,3,0.8,11.70094352,0.450592279,10.67723651,,6.863763432,0.705978433,
0.01,8,0.8,100,3,0.8,11.70094352,0.450592279,10.67723651,,6.863763432,0.705978433,
0.01,5,0.8,100,3,0.8,11.70118876,0.450570015,10.67436523,,6.865486704,0.705830775,
0.01,4,0.8,400,1,0.6,3.250376457,0.957380195,9.105287189,,6.86571276,0.705811403,
0.01,4,0.8,100,3,0.8,11.70496661,0.450215029,10.70132132,,6.869889173,0.705453385,
0.01,5,0.7,100,1,1,9.926888582,0.604403585,9.948153238,,6.870732231,0.705381088,
0.01,3,0.8,100,3,0.8,11.73900352,0.446986399,10.72536511,,6.873917804,0.705107828,
0.01,4,0.7,100,1,1,9.950084569,0.602524063,10.00360511,,6.875404302,0.704980272,
0.2,3,0.7,200,1,0.8,0.033081242,0.999994609,10.17392182,,6.896768415,0.703143979,
0.2,3,0.7,300,1,0.8,0.003408236,0.999999942,10.1781137,,6.898371971,0.70300592,
0.2,3,0.7,400,1,0.8,0.00107038,0.999999995,10.1777184,,6.898809567,0.70296824,
0.1,3,0.6,400,3,0.8,0.426250647,0.999227782,9.29824996,,6.901116214,0.702769579,
0.2,3,0.7,100,1,0.8,0.31851437,0.999537943,10.16725349,,6.901788827,0.702711637,
0.01,5,0.8,400,1,0.6,3.177795797,0.959268129,9.187195892,,6.91014081,0.701991694,
0.01,7,0.8,400,1,0.6,3.16244465,0.959656193,9.187688227,,6.918706249,0.701252446,
0.01,8,0.8,400,1,0.6,3.16194201,0.95966939,9.187740202,,6.918788476,0.701245344,
0.01,6,0.8,400,1,0.6,3.164103135,0.95961424,9.191856022,,6.919340449,0.701197674,
0.01,3,0.7,100,1,1,10.05037933,0.594373026,10.07824729,,6.921369677,0.701022389,
0.3,3,0.9,300,10,0.8,0.191953333,0.999834391,9.813026428,,6.924030456,0.700792473,
0.2,4,0.6,300,3,0.8,0.072924872,0.999975571,9.210438251,,6.929089608,0.700355072,
0.2,4,0.6,200,3,0.8,0.254474927,0.999711965,9.159773111,,6.934496564,0.699887248,
0.2,4,0.6,400,3,0.8,0.016041658,0.999998789,9.213115692,,6.934966501,0.69984657,
0.1,4,0.6,100,1,0.8,1.091252644,0.995084462,8.292904854,,6.945293718,0.698951957,
0.3,3,0.6,100,3,0.8,0.674079719,0.998058056,9.301701307,,6.960523017,0.697630263,
0.2,8,0.6,400,3,0.8,0.008465004,0.999999607,9.1321702,,6.964495043,0.697285069,
0.3,3,0.9,400,10,0.8,0.066826999,0.999977626,9.847840548,,6.964681595,0.697268852,
0.2,8,0.6,200,3,0.8,0.157308156,0.999880461,9.142388821,,6.965477869,0.697199625,
0.2,8,0.6,300,3,0.8,0.039302908,0.999991829,9.135611534,,6.966115393,0.697144194,
0.2,3,0.6,100,1,0.8,0.465326545,0.999068555,8.765187025,,6.991895762,0.694898414,
0.4,3,0.9,200,10,0.8,0.259471498,0.999700713,10.08338618,,6.993391295,0.694767881,
0.4,3,0.9,100,3,0.8,0.110445955,0.999945799,9.597651005,,7.002522252,0.693970305,
0.2,3,0.6,400,3,0.8,0.044213788,0.99999091,9.570330143,,7.00983399,0.693330884,
0.2,3,0.6,300,3,0.8,0.160534924,0.999882827,9.562914371,,7.013283513,0.693028988,
0.4,3,0.6,100,5,0.8,0.794335467,0.997338684,9.673654079,,7.014302385,0.692939789,
0.2,3,0.6,200,3,0.8,0.460807592,0.999053746,9.429465532,,7.034065246,0.691207062,
0.4,3,0.9,200,3,0.8,0.003842202,0.99999993,9.617765188,,7.039009955,0.690772767,
0.4,3,0.9,400,3,0.8,0.001208862,0.999999994,9.61843276,,7.039400484,0.690738454,
0.4,3,0.9,300,3,0.8,0.001349745,0.999999992,9.618305206,,7.039464658,0.690732815,
0.01,3,0.8,400,1,0.6,3.605184016,0.947513509,9.139841194,,7.044908302,0.690254316,
0.01,5,0.8,200,10,0.8,11.86191657,0.435133771,10.76212926,,7.050848549,0.689731742,
0.01,6,0.8,200,10,0.8,11.86192027,0.43513345,10.76224751,,7.050848549,0.689731742,
0.01,7,0.8,200,10,0.8,11.86192027,0.43513345,10.76224751,,7.050848549,0.689731742,
0.01,8,0.8,200,10,0.8,11.86192027,0.43513345,10.76224751,,7.050848549,0.689731742,
0.01,4,0.8,200,10,0.8,11.8627659,0.43505386,10.77209754,,7.051240751,0.689697224,
0.01,3,0.8,200,10,0.8,11.87843873,0.43354663,10.77219243,,7.067108369,0.688299085,
0.01,6,0.7,100,3,1,11.70354992,0.450195768,10.3261549,,7.080617641,0.68710627,
0.01,7,0.7,100,3,1,11.70354992,0.450195768,10.3261549,,7.080617641,0.68710627,
0.01,8,0.7,100,3,1,11.70354992,0.450195768,10.3261549,,7.080617641,0.68710627,
0.01,5,0.7,100,3,1,11.70378271,0.450177354,10.32602448,,7.081389023,0.687038091,
0.4,3,0.9,300,10,0.8,0.064895536,0.999979979,10.09621,,7.087842659,0.686467395,
0.01,4,0.7,100,3,1,11.70688282,0.449884197,10.34949179,,7.089757383,0.686297975,
0.4,3,0.9,400,10,0.8,0.015881149,0.999998766,10.10494947,,7.098566076,0.685517971,
0.01,7,0.9,100,1,1,9.27063117,0.654899653,9.965858202,,7.099110061,0.685469769,
0.01,8,0.9,100,1,1,9.2703887,0.654917728,9.965939741,,7.099621143,0.68542448,
0.01,4,0.8,100,3,0.6,12.01337626,0.420629842,11.24451442,,7.101780349,0.685233107,
0.01,5,0.9,100,1,1,9.274973491,0.654558151,9.971855383,,7.102047464,0.685209429,
0.01,6,0.9,100,1,1,9.270909592,0.654878204,9.965694647,,7.102435054,0.685175069,
0.2,3,0.6,200,1,0.8,0.083716447,0.999967118,8.921069622,,7.104034203,0.685033284,
0.01,5,0.8,100,3,0.6,12.01022492,0.420934434,11.23243995,,7.10939492,0.684557756,
0.01,6,0.8,100,3,0.6,12.01048106,0.420908717,11.23014255,,7.109398382,0.684557448,
0.01,7,0.8,100,3,0.6,12.01048106,0.420908717,11.23014255,,7.109398382,0.684557448,
0.01,8,0.8,100,3,0.6,12.01048106,0.420908717,11.23014255,,7.109398382,0.684557448,
0.01,3,0.7,100,3,1,11.73639265,0.447080072,10.3703465,,7.119630772,0.683648777,
0.2,3,0.6,300,1,0.8,0.012970412,0.999999175,8.946050167,,7.129032853,0.682812688,
0.01,4,0.8,100,1,1,9.634810745,0.627319225,9.930624704,,7.132422729,0.682510969,
0.4,3,0.8,100,3,0.8,0.160084487,0.999881678,10.19462299,,7.134176746,0.682354795,
0.2,3,0.6,400,1,0.8,0.001715895,0.999999986,8.945412397,,7.139674051,0.681865077,
0.01,8,0.8,100,1,1,9.595147202,0.630442365,9.847934942,,7.144662187,0.681420392,
0.01,7,0.8,100,1,1,9.595233686,0.630435692,9.848855476,,7.145630407,0.68133404,
0.4,5,0.6,100,5,0.8,0.52425621,0.99884017,9.529109478,,7.145734328,0.681324771,
0.01,6,0.8,100,1,1,9.596291998,0.630351163,9.847917776,,7.149100814,0.681024433,
0.4,3,0.7,100,3,0.8,0.224988391,0.999773974,9.870083809,,7.152171781,0.680750336,
0.01,7,0.6,100,1,1,10.31857573,0.572611747,10.01155971,,7.162272627,0.679847962,
0.01,8,0.6,100,1,1,10.31856184,0.572612967,10.0119612,,7.162272627,0.679847962,
0.01,6,0.6,100,1,1,10.31864512,0.572606528,10.01260541,,7.162293642,0.679846083,
0.01,3,0.8,100,1,1,9.762187719,0.617300756,10.02999781,,7.1647669,0.679624936,
0.01,4,0.9,100,1,1,9.318120161,0.651268237,10.08523486,,7.169396087,0.679210811,
0.01,5,0.8,100,1,1,9.600540995,0.630009234,9.844200354,,7.169799241,0.679174732,
0.01,3,0.8,100,3,0.6,12.04948484,0.417153031,11.22741146,,7.170289885,0.679130821,
0.4,3,0.8,200,3,0.8,0.006797153,0.999999721,10.2177155,,7.185505281,0.677767604,
0.4,3,0.8,300,3,0.8,0.001300265,0.999999993,10.21719122,,7.186942663,0.677638673,
0.4,3,0.8,400,3,0.8,0.001124883,0.999999995,10.21710014,,7.186975785,0.677635702,
0.01,6,0.7,100,3,0.8,11.9491074,0.42698113,10.77981396,,7.187991236,0.677544601,
0.01,7,0.7,100,3,0.8,11.9491074,0.42698113,10.77981396,,7.187991236,0.677544601,
0.01,8,0.7,100,3,0.8,11.9491074,0.42698113,10.77981396,,7.187991236,0.677544601,
0.01,5,0.7,100,3,0.8,11.94919074,0.426973706,10.77874608,,7.188032785,0.677540873,
0.4,3,0.7,200,3,0.8,0.016586639,0.999998485,9.871436119,,7.189219873,0.677434358,
0.01,4,0.7,100,3,0.8,11.95198745,0.426706028,10.80123944,,7.189434077,0.677415136,
0.4,3,0.7,400,3,0.8,0.001144132,0.999999995,9.872212172,,7.191664091,0.677214986,
0.4,3,0.7,300,3,0.8,0.001696952,0.999999987,9.872019768,,7.191751482,0.677207141,
0.3,3,0.6,200,3,0.8,0.150075884,0.999888796,9.426419973,,7.207915254,0.675754529,
0.3,3,0.6,300,3,0.8,0.031091904,0.999995148,9.46754241,,7.209980688,0.675568677,
0.01,4,0.7,200,10,1,11.90935663,0.430573735,10.48918672,,7.210592248,0.675513637,
0.01,5,0.7,200,10,1,11.90890637,0.430619844,10.48626561,,7.210607905,0.675512228,
0.01,6,0.7,200,10,1,11.90890483,0.430620045,10.48641796,,7.210607905,0.675512228,
0.01,7,0.7,200,10,1,11.9089051,0.43062002,10.4864182,,7.210607905,0.675512228,
0.01,8,0.7,200,10,1,11.9089051,0.43062002,10.4864182,,7.210607905,0.675512228,
0.01,3,0.7,100,3,0.8,11.98073784,0.423925795,10.8211164,,7.212832278,0.675311997,
0.01,3,0.9,100,1,1,9.479337991,0.639057533,10.07906864,,7.216849952,0.674950182,
0.01,3,0.6,100,1,1,10.42440533,0.563728863,10.1013758,,7.217332478,0.674906715,
0.3,3,0.6,400,3,0.8,0.005213353,0.999999859,9.467176676,,7.220845857,0.674590128,
0.01,5,0.6,100,1,1,10.32128864,0.572382868,10.01272128,,7.229167744,0.673839639,
0.3,5,0.8,400,1,0.8,0.000822577,0.999999997,9.785839796,,7.229816143,0.673781128,
0.3,5,0.8,200,1,0.8,0.000913611,0.999999997,9.78579855,,7.229943857,0.673769603,
0.3,5,0.8,100,1,0.8,0.002352983,0.999999972,9.785556316,,7.229960653,0.673768087,
0.3,5,0.8,300,1,0.8,0.000845754,0.999999997,9.785900116,,7.230003066,0.67376426,
0.01,3,0.7,200,10,1,11.92185908,0.429370148,10.49715014,,7.233421183,0.673455719,
0.4,4,0.6,100,5,0.8,0.580610504,0.998568056,9.461817026,,7.248002408,0.672137887,
0.01,4,0.6,100,1,1,10.34110475,0.570723477,10.04160235,,7.24939934,0.672011495,
0.1,3,0.6,200,1,0.8,0.550787121,0.998685435,8.803405523,,7.262637755,0.670812496,
0.1,5,0.6,100,5,0.6,5.114808053,0.894691815,9.367415905,,7.283885172,0.668883551,
0.1,6,0.6,100,5,0.6,5.108809477,0.894934889,9.338775635,,7.284944833,0.668787202,
0.1,7,0.6,100,5,0.6,5.106659213,0.895043084,9.336587429,,7.284944833,0.668787202,
0.1,8,0.6,100,5,0.6,5.106644957,0.89504355,9.335916519,,7.284944833,0.668787202,
0.1,3,0.6,300,1,0.8,0.210133232,0.99979963,8.902689457,,7.288009664,0.668508456,
0.4,8,0.6,100,5,0.8,0.511101052,0.998882007,9.542898655,,7.288660507,0.668449247,
0.2,3,0.6,100,10,0.6,4.865308012,0.904624665,9.462806225,,7.29074608,0.66825948,
0.3,8,0.6,100,3,0.8,0.321954779,0.999551394,9.005483627,,7.292859793,0.668067098,
0.3,7,0.6,100,3,0.8,0.323202944,0.999547059,9.028109312,,7.292921049,0.668061522,
0.4,3,0.6,200,5,0.8,0.196040002,0.999816064,9.752282381,,7.297243574,0.667667924,
0.4,3,0.6,300,5,0.8,0.047093336,0.999988979,9.783522606,,7.302785073,0.667162989,
0.2,5,0.6,100,10,0.6,4.7743429,0.908178813,9.432966948,,7.30356893,0.667091534,
0.2,6,0.6,100,10,0.6,4.776276675,0.908104539,9.415932178,,7.304670884,0.666991069,
0.2,7,0.6,100,10,0.6,4.776617677,0.908090848,9.420482874,,7.304813699,0.666978047,
0.2,8,0.6,100,10,0.6,4.776617677,0.908090848,9.420482874,,7.304813699,0.666978047,
0.2,4,0.6,100,10,0.6,4.781048882,0.907919137,9.403255224,,7.310066245,0.666498954,
0.1,3,0.6,400,1,0.8,0.068856669,0.999978012,8.928451061,,7.311181808,0.666397158,
0.4,3,0.6,400,5,0.8,0.008753343,0.999999593,9.784029245,,7.312390231,0.66628687,
0.1,4,0.6,100,5,0.6,5.129336358,0.894090318,9.308438063,,7.319568411,0.665631372,
0.3,4,0.9,400,1,0.8,0.000903441,0.999999997,10.45901895,,7.33169014,0.664522978,
0.3,4,0.9,200,1,0.8,0.001016248,0.999999996,10.45889854,,7.331733038,0.664519052,
0.3,4,0.9,300,1,0.8,0.000942165,0.999999996,10.45895815,,7.331762194,0.664516384,
0.3,4,0.9,100,1,0.8,0.003959998,0.999999924,10.45863509,,7.331785731,0.66451423,
0.4,5,0.6,300,5,0.8,0.014462323,0.999998937,9.512527227,,7.334813355,0.664237099,
0.4,5,0.6,400,5,0.8,0.00245684,0.999999971,9.510287762,,7.337279288,0.664011297,
0.1,5,0.6,200,10,0.6,4.766551014,0.90828629,9.216298819,,7.337723079,0.663970651,
0.1,6,0.6,200,10,0.6,4.764630228,0.908353754,9.215738535,,7.337790116,0.663964511,
0.1,7,0.6,200,10,0.6,4.766059307,0.908299764,9.213876486,,7.337790116,0.663964511,
0.1,8,0.6,200,10,0.6,4.766053565,0.908299978,9.213953018,,7.337790116,0.663964511,
0.1,4,0.6,200,10,0.6,4.776257397,0.907919354,9.226211309,,7.340145646,0.663748733,
0.4,5,0.6,200,5,0.8,0.076719776,0.999970323,9.508325338,,7.345808352,0.663229717,
0.4,4,0.6,300,5,0.8,0.020310515,0.999997918,9.444862604,,7.349756983,0.662867568,
0.4,7,0.6,100,5,0.8,0.509083485,0.99889406,9.545578241,,7.350240923,0.66282317,
0.4,4,0.6,400,5,0.8,0.00321176,0.999999947,9.442745686,,7.352379206,0.662626963,
0.01,4,0.9,400,1,0.6,2.861043405,0.966926539,9.458985443,,7.353743012,0.662501791,
0.3,4,0.6,100,3,0.8,0.427583242,0.999216978,9.162967205,,7.354076857,0.662471147,
0.2,5,0.6,100,1,0.8,0.144724237,0.999906149,7.840993643,,7.355995304,0.662295023,
0.4,6,0.6,100,5,0.8,0.514311251,0.998877126,9.5709548,,7.359682954,0.661956347,
0.1,3,0.6,100,5,0.6,5.240130746,0.889486945,9.324166536,,7.363989864,0.661560582,
0.4,4,0.6,200,5,0.8,0.103060739,0.999947108,9.433054209,,7.365588738,0.661413602,
0.01,4,0.9,100,5,1,12.08079041,0.414018074,10.51249809,,7.3656684,0.661406278,
0.01,5,0.9,100,5,1,12.07986722,0.41411317,10.50873919,,7.365670006,0.66140613,
0.01,6,0.9,100,5,1,12.07983416,0.414116395,10.50793977,,7.365670006,0.66140613,
0.01,7,0.9,100,5,1,12.07983416,0.414116395,10.50793977,,7.365670006,0.66140613,
0.01,8,0.9,100,5,1,12.07983416,0.414116395,10.50793977,,7.365670006,0.66140613,
0.3,7,0.6,300,3,0.8,0.005315976,0.99999984,9.000931501,,7.368846705,0.661114007,
0.1,3,0.6,200,10,0.6,4.854263709,0.904927574,9.221647978,,7.369392724,0.661063783,
0.3,7,0.6,400,3,0.8,0.001387744,0.999999992,8.999975681,,7.369598137,0.661044888,
0.01,3,0.9,100,5,1,12.10543272,0.411608885,10.53799887,,7.371031728,0.660913003,
0.3,8,0.6,300,3,0.8,0.005012098,0.999999852,8.976381779,,7.372844665,0.660746183,
0.3,8,0.6,400,3,0.8,0.001366276,0.999999992,8.975269079,,7.373370674,0.660697774,
0.2,5,0.6,200,1,0.8,0.014461951,0.999998934,7.858206034,,7.373874796,0.660651375,
0.2,5,0.6,300,1,0.8,0.001416669,0.999999991,7.861714363,,7.37511636,0.660537091,
0.2,5,0.6,400,1,0.8,0.00090608,0.999999997,7.861881495,,7.375195346,0.66052982,
0.3,7,0.6,200,3,0.8,0.035599745,0.999992933,9.004938364,,7.375851552,0.660469409,
0.3,5,0.6,100,3,0.8,0.357954778,0.999436491,9.033435583,,7.377792744,0.660290668,
0.3,8,0.6,200,3,0.8,0.034192617,0.999993294,8.981442451,,7.377898749,0.660280906,
0.01,6,0.9,400,1,0.6,2.751080348,0.969417685,9.516348476,,7.382240195,0.659880981,
0.3,6,0.6,100,3,0.8,0.329704824,0.99952496,8.963105202,,7.382435717,0.659862964,
0.01,5,0.9,400,1,0.6,2.774892882,0.968890121,9.525132771,,7.382648162,0.659843387,
0.01,7,0.9,400,1,0.6,2.748216896,0.969481263,9.512955303,,7.38378035,0.659739048,
0.01,8,0.9,400,1,0.6,2.748031827,0.969485337,9.512897367,,7.38378035,0.659739048,
0.01,3,0.9,200,10,0.6,11.92780881,0.428779999,11.21695561,,7.398667147,0.658365632,
0.4,8,0.6,300,5,0.8,0.012725532,0.999999114,9.526992083,,7.402500498,0.658011529,
0.4,8,0.6,400,5,0.8,0.002286186,0.999999974,9.524534702,,7.403646095,0.65790567,
0.3,4,0.6,200,1,0.8,0.002501577,0.999999967,8.60576129,,7.407298173,0.657568089,
0.3,4,0.6,400,1,0.8,0.000788277,0.999999997,8.606048822,,7.407387507,0.65755983,
0.3,4,0.6,300,1,0.8,0.000864851,0.999999997,8.605981112,,7.40742592,0.657556278,
0.01,4,0.9,200,10,0.6,11.90453498,0.431013222,11.18845577,,7.407499931,0.657549435,
0.01,6,0.9,200,10,0.6,11.90330542,0.43112966,11.19255204,,7.407515884,0.65754796,
0.01,7,0.9,200,10,0.6,11.90330542,0.43112966,11.19255204,,7.407515884,0.65754796,
0.01,8,0.9,200,10,0.6,11.90330542,0.43112966,11.19255204,,7.407515884,0.65754796,
0.01,5,0.9,200,10,0.6,11.90352433,0.431109418,11.1935174,,7.40753697,0.65754601,
0.4,8,0.6,200,5,0.8,0.068523457,0.999974946,9.523536444,,7.411770101,0.657154499,
0.1,4,0.6,300,1,0.8,0.080208508,0.999970036,8.453052998,,7.413125044,0.657029137,
0.1,4,0.6,400,1,0.8,0.018977773,0.99999827,8.463939428,,7.42017602,0.656376395,
0.2,8,0.6,100,1,0.8,0.117529401,0.999936564,7.922404766,,7.420222197,0.656372118,
0.01,6,0.7,100,3,0.6,12.27647481,0.395016687,11.22622986,,7.429259293,0.655534599,
0.01,7,0.7,100,3,0.6,12.27647481,0.395016687,11.22622986,,7.429259293,0.655534599,
0.01,8,0.7,100,3,0.6,12.27647481,0.395016687,11.22622986,,7.429259293,0.655534599,
0.01,5,0.7,100,3,0.6,12.27652728,0.395011476,11.22601242,,7.429452358,0.655516695,
0.01,4,0.7,100,3,0.6,12.27855962,0.394810585,11.23388739,,7.432128573,0.655268473,
0.3,4,0.6,100,1,0.8,0.053506262,0.999986547,8.591063499,,7.435133497,0.654989656,
0.1,4,0.6,200,1,0.8,0.284193858,0.999638724,8.397894382,,7.435517243,0.654954041,
0.2,6,0.6,100,1,0.8,0.124541676,0.999929608,7.872112513,,7.436632506,0.654850526,
0.2,8,0.6,200,1,0.8,0.011486092,0.999999319,7.94341588,,7.437692887,0.65475209,
0.2,8,0.6,300,1,0.8,0.00124996,0.999999993,7.946511984,,7.438669386,0.654661428,
0.2,8,0.6,400,1,0.8,0.000886427,0.999999997,7.946697474,,7.4387782,0.654651325,
0.3,4,0.8,100,1,0.8,0.007899962,0.999999662,10.07723784,,7.439773433,0.65455891,
0.3,4,0.8,400,1,0.8,0.000824329,0.999999997,10.07730937,,7.441643016,0.654385273,
0.3,4,0.8,200,1,0.8,0.00092937,0.999999996,10.07721996,,7.4417465,0.65437566,
0.3,4,0.8,300,1,0.8,0.000848213,0.999999997,10.07733154,,7.441869339,0.65436425,
0.01,3,0.6,100,3,1,12.04465162,0.417632895,10.61080666,,7.442491306,0.654306473,
0.01,5,0.6,100,3,1,12.01871442,0.420154828,10.56268759,,7.442900271,0.654268481,
0.01,6,0.6,100,3,1,12.01849462,0.420174965,10.56370707,,7.442931899,0.654265542,
0.01,7,0.6,100,3,1,12.01849462,0.420174965,10.56370707,,7.442931899,0.654265542,
0.01,8,0.6,100,3,1,12.01849462,0.420174965,10.56370707,,7.442931899,0.654265542,
0.01,4,0.6,100,3,1,12.02104658,0.419942421,10.57830353,,7.443499151,0.654212841,
0.2,6,0.6,200,1,0.8,0.012423492,0.999999205,7.901520252,,7.448955339,0.653705722,
0.3,5,0.6,300,3,0.8,0.007034639,0.999999702,9.042481661,,7.449401527,0.653664235,
0.3,4,0.6,300,3,0.8,0.010293135,0.999999443,9.194468737,,7.449503707,0.653654734,
0.2,6,0.6,300,1,0.8,0.00130326,0.999999992,7.905735731,,7.449774552,0.653629549,
0.2,6,0.6,400,1,0.8,0.000882189,0.999999997,7.905865908,,7.449775296,0.65362948,
0.3,5,0.6,400,3,0.8,0.001470375,0.999999991,9.041228056,,7.45058379,0.653554295,
0.3,4,0.6,400,3,0.8,0.001704355,0.999999987,9.194244146,,7.450775132,0.653536501,
0.3,4,0.6,200,3,0.8,0.065457388,0.999978348,9.185246468,,7.454929113,0.65315007,
0.3,5,0.6,200,3,0.8,0.046558325,0.999987649,9.043195963,,7.459869936,0.652690162,
0.01,5,0.7,200,10,0.8,12.13890202,0.408389352,10.8364572,,7.462193152,0.652473804,
0.01,6,0.7,200,10,0.8,12.13890823,0.408388784,10.83660574,,7.462193215,0.652473798,
0.01,7,0.7,200,10,0.8,12.13890823,0.408388784,10.83660574,,7.462193215,0.652473798,
0.01,8,0.7,200,10,0.8,12.13890823,0.408388784,10.83660574,,7.462193215,0.652473798,
0.01,4,0.7,200,10,0.8,12.13955312,0.408327912,10.84120722,,7.462355374,0.652458693,
0.01,3,0.7,100,3,0.6,12.30439659,0.392268417,11.22853608,,7.466756743,0.652048606,
0.2,7,0.6,100,1,0.8,0.117996202,0.999936419,7.93201828,,7.467078596,0.652018609,
0.4,6,0.6,300,5,0.8,0.013495195,0.999998976,9.547368765,,7.471117906,0.651642026,
0.4,6,0.6,400,5,0.8,0.002380917,0.999999972,9.544114828,,7.473311893,0.651437397,
0.3,6,0.6,300,3,0.8,0.005792155,0.999999816,8.939060688,,7.479284232,0.650880063,
0.3,6,0.6,400,3,0.8,0.001400765,0.999999992,8.938220739,,7.480264845,0.65078851,
0.01,3,0.7,200,10,0.8,12.15051267,0.407253484,10.84353609,,7.483269221,0.650507939,
0.2,7,0.6,200,1,0.8,0.011804706,0.999999287,7.956016064,,7.483996676,0.650439987,
0.2,7,0.6,400,1,0.8,0.00088033,0.999999997,7.95958209,,7.485516987,0.650297952,
0.2,7,0.6,300,1,0.8,0.001259178,0.999999993,7.959390402,,7.485534991,0.65029627,
0.2,4,0.6,200,1,0.8,0.024134584,0.999997248,8.169459581,,7.487117726,0.650148372,
0.3,6,0.6,200,3,0.8,0.038858066,0.999991833,8.939257383,,7.488581132,0.650011597,
0.4,6,0.6,200,5,0.8,0.073338691,0.999970794,9.546022177,,7.488985608,0.649973789,
0.2,4,0.6,100,1,0.8,0.208940913,0.999810004,8.134809494,,7.490434755,0.649838313,
0.2,4,0.6,300,1,0.8,0.002186661,0.999999978,8.174736738,,7.491471507,0.649741375,
0.2,4,0.6,400,1,0.8,0.000950845,0.999999996,8.175048351,,7.491883633,0.649702836,
0.4,7,0.6,300,5,0.8,0.012954916,0.999999051,9.528854847,,7.491964182,0.649695304,
0.4,7,0.6,400,5,0.8,0.002315467,0.999999972,9.526534081,,7.493650709,0.649537571,
0.3,8,0.8,300,1,0.8,0.000831031,0.999999997,9.65420866,,7.495096023,0.649402369,
0.3,8,0.8,400,1,0.8,0.000808765,0.999999997,9.654136896,,7.495100609,0.64940194,
0.3,8,0.8,100,1,0.8,0.001270653,0.999999993,9.653944969,,7.495114276,0.649400661,
0.3,8,0.8,200,1,0.8,0.000882952,0.999999997,9.654175043,,7.495143657,0.649397913,
0.4,7,0.6,200,5,0.8,0.069771937,0.999973339,9.52678299,,7.500916684,0.648857612,
0.3,7,0.8,400,1,0.8,0.000801619,0.999999997,9.65626955,,7.545387009,0.644681668,
0.3,7,0.8,100,1,0.8,0.001302061,0.999999992,9.656182766,,7.545431041,0.644677521,
0.3,7,0.8,300,1,0.8,0.000834271,0.999999997,9.656311512,,7.545474849,0.644673395,
0.3,7,0.8,200,1,0.8,0.000892294,0.999999997,9.656294346,,7.545494963,0.6446715,
0.01,3,0.8,200,10,0.6,12.1886366,0.403536844,11.22529883,,7.545767974,0.644645787,
0.01,4,0.8,200,10,0.6,12.17492497,0.404899509,11.21648593,,7.551687734,0.644088008,
0.01,6,0.8,200,10,0.6,12.17384921,0.405004172,11.21206326,,7.553061822,0.643958474,
0.01,7,0.8,200,10,0.6,12.17384921,0.405004172,11.21206326,,7.553061822,0.643958474,
0.01,8,0.8,200,10,0.6,12.17384921,0.405004172,11.21206326,,7.553061822,0.643958474,
0.01,5,0.8,200,10,0.6,12.17385681,0.405003424,11.21240516,,7.553070056,0.643957698,
0.01,3,0.6,100,3,0.8,12.26688866,0.396012193,10.89194651,,7.563365704,0.642986388,
0.01,4,0.6,100,3,0.8,12.24605988,0.398088876,10.86460681,,7.572793449,0.642095798,
0.01,5,0.6,100,3,0.8,12.24436088,0.398256864,10.85250039,,7.573132654,0.642063734,
0.01,6,0.6,100,3,0.8,12.24410723,0.398280272,10.85337181,,7.573132654,0.642063734,
0.01,7,0.6,100,3,0.8,12.24410723,0.398280272,10.85337181,,7.573132654,0.642063734,
0.01,8,0.6,100,3,0.8,12.24410723,0.398280272,10.85337181,,7.573132654,0.642063734,
0.3,6,0.8,400,1,0.8,0.000797972,0.999999997,9.677045822,,7.598198698,0.639690371,
0.3,6,0.8,100,1,0.8,0.001462492,0.99999999,9.676958084,,7.598204146,0.639689855,
0.3,6,0.8,300,1,0.8,0.000825964,0.999999997,9.677115917,,7.598266069,0.639683982,
0.3,6,0.8,200,1,0.8,0.000893169,0.999999997,9.677076578,,7.598276587,0.639682984,
0.4,3,0.6,100,1,1,0.022345066,0.999997492,8.685096025,,7.674572671,0.632410599,
0.4,3,0.6,300,1,1,0.000751853,0.999999998,8.690695763,,7.692683922,0.630673601,
0.4,3,0.6,200,1,1,0.000923817,0.999999996,8.690669537,,7.692703274,0.630671743,
0.4,3,0.6,400,1,1,0.000712093,0.999999998,8.690773249,,7.692786474,0.630663754,
0.01,3,0.9,400,1,0.6,3.308374182,0.955785751,9.483968134,,7.701332283,0.629842717,
0.01,3,0.9,100,5,0.8,12.32225685,0.390481238,11.14068789,,7.716280884,0.628404341,
0.01,5,0.9,100,5,0.8,12.29716119,0.392966397,11.1320693,,7.720856978,0.627963466,
0.01,6,0.9,100,5,0.8,12.29712201,0.392970225,11.13132043,,7.720856978,0.627963466,
0.01,7,0.9,100,5,0.8,12.29712201,0.392970225,11.13132043,,7.720856978,0.627963466,
0.01,8,0.9,100,5,0.8,12.29712201,0.392970225,11.13132043,,7.720856978,0.627963466,
0.01,4,0.9,100,5,0.8,12.29914241,0.39277301,11.1385426,,7.721251232,0.62792547,
0.01,5,0.8,100,5,1,12.27988166,0.394604142,10.59958954,,7.738088166,0.626301012,
0.01,6,0.8,100,5,1,12.27984832,0.394607317,10.59958858,,7.738088166,0.626301012,
0.01,7,0.8,100,5,1,12.27984832,0.394607317,10.59958858,,7.738088166,0.626301012,
0.01,8,0.8,100,5,1,12.27984832,0.394607317,10.59958858,,7.738088166,0.626301012,
0.01,4,0.8,100,5,1,12.28060486,0.394530115,10.60432787,,7.740148311,0.626102002,
0.01,3,0.8,100,5,1,12.29926354,0.392670302,10.6122746,,7.74533045,0.625601174,
0.1,4,0.7,200,10,0.6,3.976616045,0.93630178,9.322618961,,7.753466722,0.624814168,
0.1,3,0.7,200,10,0.6,4.099390349,0.932309918,9.287796497,,7.757079188,0.624464477,
0.01,5,0.6,200,10,1,12.28826905,0.393660246,10.7895896,,7.775185624,0.622709294,
0.01,6,0.6,200,10,1,12.28826424,0.393660708,10.78954287,,7.775185624,0.622709294,
0.01,7,0.6,200,10,1,12.28826424,0.393660708,10.78954287,,7.775185624,0.622709294,
0.01,8,0.6,200,10,1,12.28826424,0.393660708,10.78954287,,7.775185624,0.622709294,
0.01,4,0.6,200,10,1,12.28829438,0.393657896,10.78955741,,7.775338317,0.622694475,
0.01,3,0.6,200,10,1,12.2973971,0.392750832,10.79766722,,7.781090543,0.622136004,
0.1,8,0.7,200,10,0.6,3.960786289,0.936804782,9.30790329,,7.801365785,0.620164233,
0.1,7,0.7,200,10,0.6,3.960188842,0.9368243,9.310383081,,7.801370621,0.620163762,
0.1,6,0.7,200,10,0.6,3.959817476,0.936835277,9.308389425,,7.801661569,0.62013543,
0.1,5,0.7,200,10,0.6,3.962452015,0.936751417,9.307322741,,7.81151409,0.619175381,
0.01,6,0.6,100,3,0.6,12.57356005,0.365318864,11.21987743,,7.819644278,0.618382248,
0.01,7,0.6,100,3,0.6,12.57356005,0.365318864,11.21987743,,7.819669756,0.618379761,
0.01,8,0.6,100,3,0.6,12.57356005,0.365318864,11.21987743,,7.819669756,0.618379761,
0.01,5,0.6,100,3,0.6,12.57353859,0.365321824,11.21992369,,7.819901184,0.618357172,
0.01,4,0.6,100,3,0.6,12.57535432,0.365137238,11.21941061,,7.823729036,0.617983451,
0.01,3,0.6,100,3,0.6,12.59121308,0.363546538,11.22602005,,7.825477626,0.617812672,
0.01,4,0.7,200,10,0.6,12.45405941,0.377248062,11.23278279,,7.861985279,0.61423837,
0.01,3,0.7,200,10,0.6,12.46236542,0.376404905,11.23737426,,7.862193433,0.614217943,
0.01,5,0.7,200,10,0.6,12.45329101,0.377327582,11.22862096,,7.863759939,0.614064197,
0.01,6,0.7,200,10,0.6,12.45324931,0.377331628,11.22791047,,7.863766867,0.614063517,
0.01,7,0.7,200,10,0.6,12.45324931,0.377331628,11.22791047,,7.863766867,0.614063517,
0.01,8,0.7,200,10,0.6,12.45324931,0.377331628,11.22791047,,7.863766867,0.614063517,
0.01,6,0.6,200,10,0.8,12.47405675,0.375158119,11.01963015,,7.952841127,0.60527086,
0.01,7,0.6,200,10,0.8,12.47405675,0.375158119,11.01963015,,7.952841127,0.60527086,
0.01,8,0.6,200,10,0.8,12.47405675,0.375158119,11.01963015,,7.952841127,0.60527086,
0.01,4,0.6,200,10,0.8,12.47465294,0.375099087,11.02376838,,7.95286493,0.605268497,
0.01,5,0.6,200,10,0.8,12.47406557,0.375157258,11.01999803,,7.952908197,0.605264202,
0.01,3,0.6,200,10,0.8,12.48279129,0.374275133,11.03167028,,7.960183991,0.604541616,
0.3,5,0.7,400,1,0.8,0.000774902,0.999999998,9.904664755,,7.971029399,0.603463292,
0.3,5,0.7,300,1,0.8,0.00080392,0.999999997,9.90465188,,7.971199221,0.603446396,
0.3,5,0.7,200,1,0.8,0.000865339,0.999999997,9.904523611,,7.97126165,0.603440184,
0.3,5,0.7,100,1,0.8,0.007431369,0.999999695,9.904594183,,7.971833467,0.603383288,
0.3,8,0.6,200,1,0.8,0.001311256,0.999999991,8.932586546,,7.976466645,0.602922132,
0.3,8,0.6,400,1,0.8,0.000760876,0.999999998,8.93252408,,7.976553396,0.602913494,
0.3,8,0.6,300,1,0.8,0.000811586,0.999999997,8.932502861,,7.976587341,0.602910115,
0.3,8,0.6,100,1,0.8,0.025651981,0.999996624,8.930163975,,7.978359762,0.602733626,
0.3,3,0.9,100,1,0.8,0.037993337,0.999993514,10.24139309,,7.979765004,0.602593671,
0.4,5,0.6,100,3,0.8,0.147784831,0.999897044,8.977166176,,7.988421954,0.601730941,
0.3,3,0.9,400,1,0.8,0.0009337,0.999999996,10.24955702,,7.995746121,0.601000302,
0.3,3,0.9,300,1,0.8,0.000982413,0.999999996,10.24951243,,7.99586083,0.600988854,
0.3,3,0.9,200,1,0.8,0.001196135,0.999999994,10.2494123,,7.995976199,0.600977339,
0.4,5,0.6,300,3,0.8,0.001657585,0.999999987,8.962145805,,8.014315253,0.599144895,
0.4,5,0.6,400,3,0.8,0.001142357,0.999999995,8.962142944,,8.014407132,0.599135704,
0.4,5,0.6,200,3,0.8,0.013492913,0.999998886,8.962456942,,8.015843313,0.598992021,
0.3,7,0.7,400,1,0.8,0.000758977,0.999999998,9.857165337,,8.021271334,0.598448743,
0.3,7,0.7,300,1,0.8,0.000782487,0.999999997,9.857169867,,8.021470267,0.598428825,
0.3,7,0.7,200,1,0.8,0.000840851,0.999999997,9.857099533,,8.021637151,0.598412116,
0.3,7,0.7,100,1,0.8,0.004538052,0.999999871,9.857189655,,8.021842821,0.598391523,
0.3,8,0.7,400,1,0.8,0.000753837,0.999999998,9.861327887,,8.028755666,0.59769905,
0.3,8,0.7,300,1,0.8,0.000773474,0.999999998,9.861348391,,8.028902027,0.597684382,
0.3,8,0.7,200,1,0.8,0.000829406,0.999999997,9.861223459,,8.029083847,0.597666161,
0.3,8,0.7,100,1,0.8,0.004478082,0.999999871,9.861172438,,8.029453524,0.597629111,
0.3,6,0.6,200,1,0.8,0.001378778,0.999999991,8.903543348,,8.031001094,0.597473993,
0.3,6,0.6,300,1,0.8,0.000817902,0.999999997,8.903675671,,8.03108213,0.59746587,
0.3,6,0.6,400,1,0.8,0.000764074,0.999999998,8.903771276,,8.03125495,0.597448545,
0.3,7,0.6,200,1,0.8,0.001370218,0.999999991,8.907442207,,8.036475769,0.596925008,
0.3,7,0.6,300,1,0.8,0.000801788,0.999999997,8.907397623,,8.036651675,0.596907362,
0.3,7,0.6,400,1,0.8,0.000751202,0.999999998,8.907497044,,8.036702056,0.596902308,
0.3,6,0.6,100,1,0.8,0.027095395,0.999996416,8.897597904,,8.038305781,0.596741416,
0.3,7,0.6,100,1,0.8,0.026828499,0.999996405,8.904196377,,8.040088084,0.59656257,
0.4,4,0.6,200,3,0.8,0.020327952,0.999997654,9.160418034,,8.048920275,0.595675716,
0.01,5,0.8,100,5,0.8,12.51577188,0.371237601,11.09064169,,8.049312215,0.595636338,
0.01,6,0.8,100,5,0.8,12.51572856,0.371241794,11.09021444,,8.049312215,0.595636338,
0.01,7,0.8,100,5,0.8,12.51572856,0.371241794,11.09021444,,8.049312215,0.595636338,
0.01,8,0.8,100,5,0.8,12.51572856,0.371241794,11.09021444,,8.049312215,0.595636338,
0.01,4,0.8,100,5,0.8,12.51691343,0.371122972,11.09785528,,8.04961162,0.595606256,
0.01,3,0.8,100,5,0.8,12.53372699,0.369413872,11.09512944,,8.052715169,0.595294365,
0.4,4,0.6,300,3,0.8,0.002110847,0.999999978,9.16222167,,8.053032279,0.595262491,
0.4,4,0.6,400,3,0.8,0.001166858,0.999999994,9.162237167,,8.053638375,0.595201565,
0.3,6,0.7,400,1,0.8,0.000774607,0.999999998,9.867029905,,8.055276253,0.595036899,
0.3,6,0.7,300,1,0.8,0.000801385,0.999999997,9.867037773,,8.055380468,0.595026421,
0.3,6,0.7,200,1,0.8,0.000858097,0.999999997,9.866922617,,8.055637206,0.595000606,
0.3,6,0.7,100,1,0.8,0.005171112,0.999999846,9.866547108,,8.055921446,0.594972025,
0.4,4,0.6,100,3,0.8,0.19441971,0.999830621,9.143556118,,8.068001831,0.593756382,
0.3,5,0.6,200,1,0.8,0.001585206,0.999999987,8.829899426,,8.083822426,0.592161609,
0.3,5,0.6,300,1,0.8,0.00083927,0.999999997,8.829938526,,8.083837522,0.592160086,
0.3,5,0.6,400,1,0.8,0.000775826,0.999999998,8.830007906,,8.083851305,0.592158695,
0.3,5,0.6,100,1,0.8,0.035030336,0.999993993,8.822456951,,8.09301086,0.591233947,
0.4,6,0.6,100,3,0.8,0.127180014,0.999928676,9.02431345,,8.099795481,0.590548298,
0.4,7,0.6,100,3,0.8,0.123864068,0.999928314,9.012593746,,8.10033842,0.590493404,
0.4,7,0.6,300,3,0.8,0.001531174,0.999999989,9.005414963,,8.120628389,0.588439346,
0.4,7,0.6,200,3,0.8,0.010948305,0.999999259,9.007523298,,8.120770712,0.588424919,
0.4,7,0.6,400,3,0.8,0.001110645,0.999999995,9.005496025,,8.120963717,0.588405356,
0.01,6,0.7,100,5,1,12.49525504,0.373158958,10.7971179,,8.125127034,0.587983229,
0.01,7,0.7,100,5,1,12.49525504,0.373158958,10.7971179,,8.125127034,0.587983229,
0.01,8,0.7,100,5,1,12.49525504,0.373158958,10.7971179,,8.125127034,0.587983229,
0.01,5,0.7,100,5,1,12.49532936,0.373151617,10.79697628,,8.125615634,0.587933674,
0.4,6,0.6,200,3,0.8,0.011831183,0.999999261,9.019635201,,8.128170088,0.587674551,
0.4,6,0.6,300,3,0.8,0.001551211,0.999999989,9.01997304,,8.128194836,0.58767204,
0.4,6,0.6,400,3,0.8,0.001137005,0.999999995,9.020128727,,8.128348723,0.587656427,
0.01,4,0.7,100,5,1,12.49597857,0.373089536,10.79934425,,8.13384134,0.587098968,
0.4,8,0.6,100,3,0.8,0.122932853,0.999929945,9.008517742,,8.134211946,0.587061341,
0.01,3,0.7,100,5,1,12.51062784,0.37159108,10.80528612,,8.145602067,0.585904077,
0.4,8,0.6,200,3,0.8,0.010871924,0.999999276,8.995934248,,8.149187303,0.585539473,
0.4,8,0.6,300,3,0.8,0.001520201,0.99999999,8.994750977,,8.149419954,0.585515808,
0.4,8,0.6,400,3,0.8,0.001109064,0.999999995,8.994765282,,8.149525749,0.585505046,
0.01,3,0.9,100,5,0.6,12.6268394,0.359848475,11.52050347,,8.162252244,0.584209465,
0.4,3,0.6,200,3,0.8,0.053516392,0.999984679,9.315991163,,8.166579798,0.583768451,
0.3,4,0.7,400,1,0.8,0.000787466,0.999999997,10.19036317,,8.18004012,0.582395238,
0.3,4,0.7,300,1,0.8,0.000833408,0.999999997,10.19035816,,8.18006213,0.582392991,
0.3,4,0.7,200,1,0.8,0.000932538,0.999999996,10.19020462,,8.180064965,0.582392701,
0.01,4,0.9,100,5,0.6,12.59592073,0.362942971,11.51996775,,8.181038068,0.582293338,
0.4,3,0.6,100,3,0.8,0.343438434,0.999476306,9.239675999,,8.18115468,0.58228143,
0.01,5,0.9,100,5,0.6,12.59456208,0.363082255,11.52077456,,8.183777272,0.582013575,
0.01,6,0.9,100,5,0.6,12.59455246,0.363083216,11.52062101,,8.183777272,0.582013575,
0.01,7,0.9,100,5,0.6,12.59455246,0.363083216,11.52062101,,8.183777272,0.582013575,
0.01,8,0.9,100,5,0.6,12.59455246,0.363083216,11.52062101,,8.183777272,0.582013575,
0.4,3,0.6,300,3,0.8,0.007325105,0.999999696,9.323237419,,8.184366827,0.58195335,
0.3,4,0.7,100,1,0.8,0.016706602,0.999998676,10.18869543,,8.184880969,0.581900825,
0.4,3,0.6,400,3,0.8,0.00135893,0.999999992,9.322217703,,8.190834712,0.581292347,
0.3,3,0.6,200,1,0.8,0.011849387,0.999999245,9.788942337,,8.200160241,0.58033838,
0.3,3,0.6,300,1,0.8,0.001127724,0.999999995,9.792417526,,8.204490914,0.579894999,
0.3,3,0.6,400,1,0.8,0.000846373,0.999999997,9.79257226,,8.204546658,0.57988929,
0.1,5,0.7,100,5,0.6,4.380575917,0.922795781,9.399250984,,8.21260175,0.579063969,
0.1,6,0.7,100,5,0.6,4.375606448,0.922966296,9.391709328,,8.216549464,0.578659193,
0.1,7,0.7,100,5,0.6,4.375332556,0.922975805,9.396179676,,8.216549464,0.578659193,
0.1,8,0.7,100,5,0.6,4.375283509,0.922977554,9.396074533,,8.216549464,0.578659193,
0.01,5,0.6,200,10,0.6,12.78218662,0.343869864,11.35926671,,8.218792506,0.578429117,
0.01,6,0.6,200,10,0.6,12.78217269,0.343871243,11.35925789,,8.218792506,0.578429117,
0.01,7,0.6,200,10,0.6,12.78217269,0.343871243,11.35925789,,8.218792506,0.578429117,
0.01,8,0.6,200,10,0.6,12.78217269,0.343871243,11.35925789,,8.218792506,0.578429117,
0.01,4,0.6,200,10,0.6,12.78248552,0.343838355,11.36315675,,8.221745875,0.578126085,
0.1,4,0.7,100,5,0.6,4.412985473,0.921659174,9.330070734,,8.228295365,0.577453683,
0.01,3,0.6,200,10,0.6,12.78885757,0.343191224,11.36269541,,8.23872854,0.576381457,
0.2,3,0.7,100,10,0.6,4.115501718,0.931796077,9.415731668,,8.239836553,0.576267506,
0.1,3,0.7,100,5,0.6,4.607859484,0.914580039,9.359726429,,8.242196754,0.576024725,
0.01,5,0.7,100,5,0.8,12.73341311,0.349121243,11.20081563,,8.261446301,0.574042035,
0.01,6,0.7,100,5,0.8,12.73337025,0.349125484,11.20010943,,8.261446301,0.574042035,
0.01,7,0.7,100,5,0.8,12.73337025,0.349125484,11.20010943,,8.261446301,0.574042035,
0.01,8,0.7,100,5,0.8,12.73337025,0.349125484,11.20010943,,8.261446301,0.574042035,
0.3,3,0.6,100,1,0.8,0.150149483,0.99989486,9.731179953,,8.264349809,0.573742574,
0.01,4,0.7,100,5,0.8,12.73424634,0.349036724,11.20469136,,8.265097987,0.573665392,
0.01,3,0.7,100,5,0.8,12.74687519,0.347734632,11.20762939,,8.271957989,0.572957386,
0.3,3,0.8,100,1,0.8,0.051087657,0.999987728,10.13523483,,8.30195027,0.569855049,
0.3,3,0.8,200,1,0.8,0.001314498,0.999999992,10.14171457,,8.330041194,0.566939201,
0.3,3,0.8,400,1,0.8,0.000854223,0.999999997,10.14181948,,8.330053239,0.566937948,
0.3,3,0.8,300,1,0.8,0.000904884,0.999999997,10.1419127,,8.330056361,0.566937624,
0.2,4,0.7,100,10,0.6,3.96566807,0.936647646,9.54014349,,8.337857767,0.566126086,
0.4,6,0.8,400,1,0.8,0.000750502,0.999999998,9.897924662,,8.380304379,0.561697285,
0.4,6,0.8,200,1,0.8,0.000819111,0.999999997,9.897896767,,8.380431174,0.561684022,
0.4,6,0.8,300,1,0.8,0.000779325,0.999999997,9.897956133,,8.380444942,0.561682582,
0.4,6,0.8,100,1,0.8,0.000966705,0.999999996,9.897700787,,8.380462233,0.561680773,
0.4,7,0.8,400,1,0.8,0.000751828,0.999999998,9.826215982,,8.394670001,0.560193309,
0.4,7,0.8,100,1,0.8,0.000924609,0.999999996,9.82601285,,8.394680813,0.560192176,
0.4,7,0.8,300,1,0.8,0.000771681,0.999999998,9.826303482,,8.394887596,0.560170509,
0.4,7,0.8,200,1,0.8,0.00080763,0.999999997,9.826225758,,8.394974592,0.560161393,
0.1,3,0.8,100,5,0.6,4.033299146,0.934558785,9.360193968,,8.418196141,0.55772473,
0.2,5,0.7,100,10,0.6,3.942318365,0.937397643,9.48080039,,8.422425461,0.557280219,
0.01,4,0.8,100,5,0.6,12.82959065,0.339175639,11.52378745,,8.424662822,0.557044976,
0.01,5,0.8,100,5,0.6,12.82827394,0.339311934,11.52156181,,8.428146179,0.556678602,
0.01,6,0.8,100,5,0.6,12.82826531,0.3393128,11.52157111,,8.428151433,0.55667805,
0.01,7,0.8,100,5,0.6,12.82826531,0.3393128,11.52157111,,8.428151433,0.55667805,
0.01,8,0.8,100,5,0.6,12.82826531,0.3393128,11.52157111,,8.428151433,0.55667805,
0.01,3,0.8,100,5,0.6,12.8494816,0.337121447,11.52560134,,8.445341823,0.554867771,
0.2,6,0.7,100,10,0.6,3.9375913,0.937558337,9.489014626,,8.450287332,0.554346289,
0.2,7,0.7,100,10,0.6,3.937427504,0.937564194,9.490149021,,8.450478734,0.5543261,
0.2,8,0.7,100,10,0.6,3.937373876,0.937566031,9.4901371,,8.450478734,0.5543261,
0.4,8,0.8,400,1,0.8,0.000762111,0.999999998,9.80188489,,8.478478676,0.551367802,
0.4,8,0.8,100,1,0.8,0.000925274,0.999999996,9.801719904,,8.478522678,0.551363145,
0.4,8,0.8,300,1,0.8,0.000792409,0.999999997,9.80197382,,8.478610405,0.551353861,
0.4,8,0.8,200,1,0.8,0.000815369,0.999999997,9.801930666,,8.478614704,0.551353406,
0.01,6,0.6,100,5,1,12.79528845,0.342677085,10.9833066,,8.483114061,0.550877112,
0.01,7,0.6,100,5,1,12.79528845,0.342677085,10.9833066,,8.483114061,0.550877112,
0.01,8,0.6,100,5,1,12.79528845,0.342677085,10.9833066,,8.483114061,0.550877112,
0.01,5,0.6,100,5,1,12.79529796,0.342676236,10.98332186,,8.483134399,0.550874959,
0.01,4,0.6,100,5,1,12.79650079,0.342552789,10.98368044,,8.486400505,0.550529055,
0.01,3,0.6,100,5,1,12.80564419,0.341607107,10.98757834,,8.49828589,0.549269186,
0.4,4,0.6,400,1,0.8,0.000724114,0.999999998,8.376290293,,8.570182482,0.541610445,
0.4,4,0.6,300,1,0.8,0.000759037,0.999999998,8.376266212,,8.570227039,0.541605678,
0.4,4,0.6,200,1,0.8,0.00088012,0.999999997,8.376212568,,8.57024993,0.541603229,
0.4,4,0.6,100,1,0.8,0.014008038,0.999998932,8.375528545,,8.580308913,0.540526549,
0.4,4,0.9,100,1,0.8,0.001136137,0.999999995,10.20529866,,8.611048435,0.537228464,
0.4,4,0.9,400,1,0.8,0.000855153,0.999999997,10.20560288,,8.611055332,0.537227722,
0.4,4,0.9,300,1,0.8,0.000888559,0.999999997,10.2054739,,8.611080427,0.537225025,
0.4,4,0.9,200,1,0.8,0.00093401,0.999999996,10.20544887,,8.611156716,0.537216825,
0.4,5,0.8,400,1,0.8,0.000765733,0.999999998,10.05226064,,8.613011185,0.537017477,
0.4,5,0.8,100,1,0.8,0.00102575,0.999999996,10.05218077,,8.613126042,0.537005129,
0.4,5,0.8,200,1,0.8,0.000830275,0.999999997,10.05237603,,8.613145037,0.537003087,
0.4,5,0.8,300,1,0.8,0.000787656,0.999999997,10.05236936,,8.613186168,0.536998665,
0.4,5,0.9,400,1,0.8,0.000825714,0.999999997,10.15978932,,8.640226915,0.534086954,
0.4,5,0.9,100,1,0.8,0.001001745,0.999999996,10.15960693,,8.640387491,0.534069636,
0.4,5,0.9,200,1,0.8,0.000885135,0.999999997,10.15975904,,8.640467042,0.534061056,
0.4,5,0.9,300,1,0.8,0.000847103,0.999999997,10.15975213,,8.640510757,0.534056341,
0.01,4,0.7,100,5,0.6,13.05914299,0.315328318,11.51560683,,8.655943363,0.532390434,
0.01,5,0.6,100,5,0.8,13.00091943,0.32144414,11.28150792,,8.656550237,0.532324863,
0.01,6,0.6,100,5,0.8,13.00093072,0.321442996,11.28150864,,8.656550237,0.532324863,
0.01,7,0.6,100,5,0.8,13.00093072,0.321442996,11.28150864,,8.656550237,0.532324863,
0.01,8,0.6,100,5,0.8,13.00093072,0.321442996,11.28150864,,8.656550237,0.532324863,
0.01,3,0.7,100,5,0.6,13.072936,0.313880559,11.52349205,,8.659278222,0.532030054,
0.01,6,0.7,100,5,0.6,13.05841151,0.315408776,11.51429815,,8.660206623,0.531929703,
0.01,7,0.7,100,5,0.6,13.05841151,0.315408776,11.51429815,,8.660206623,0.531929703,
0.01,8,0.7,100,5,0.6,13.05841151,0.315408776,11.51429815,,8.660206623,0.531929703,
0.01,5,0.7,100,5,0.6,13.05841427,0.31540832,11.51428671,,8.660216773,0.531928605,
0.01,4,0.6,100,5,0.8,13.0016868,0.321362964,11.28443761,,8.660622384,0.531884759,
0.01,3,0.6,100,5,0.8,13.01102333,0.320377359,11.28951569,,8.666928751,0.53120278,
0.4,3,0.9,100,1,0.8,0.006788782,0.999999761,10.33509851,,8.713100674,0.526194564,
0.4,3,0.9,400,1,0.8,0.000857925,0.999999997,10.33599997,,8.716048649,0.525873897,
0.4,3,0.9,300,1,0.8,0.000903615,0.999999997,10.33598995,,8.716146845,0.525863214,
0.4,3,0.9,200,1,0.8,0.000982809,0.999999996,10.33589196,,8.716170191,0.525860674,
0.1,5,0.8,200,10,0.6,3.326614467,0.955387586,9.558929682,,8.728050513,0.524567269,
0.1,6,0.8,200,10,0.6,3.323243248,0.955472983,9.556465149,,8.733756104,0.523945478,
0.1,4,0.8,200,10,0.6,3.353186933,0.95468287,9.531942368,,8.737273118,0.523561994,
0.4,8,0.9,400,1,0.8,0.00079362,0.999999997,9.970445871,,8.740937432,0.523162285,
0.4,8,0.9,100,1,0.8,0.000921782,0.999999996,9.970323086,,8.74093983,0.523162024,
0.4,8,0.9,200,1,0.8,0.000849464,0.999999997,9.970361233,,8.741020778,0.523153192,
0.4,8,0.9,300,1,0.8,0.000816694,0.999999997,9.970364809,,8.741056943,0.523149246,
0.4,6,0.9,300,1,0.8,0.000818846,0.999999997,10.09870815,,8.74402372,0.522825498,
0.4,6,0.9,400,1,0.8,0.000800156,0.999999997,10.09874678,,8.744070943,0.522820344,
0.4,6,0.9,200,1,0.8,0.000862172,0.999999997,10.09866071,,8.744093915,0.522817837,
0.4,6,0.9,100,1,0.8,0.000954073,0.999999996,10.0985415,,8.744163173,0.522810277,
0.1,7,0.8,200,10,0.6,3.323619379,0.955463944,9.549870491,,8.744619804,0.522760437,
0.1,8,0.8,200,10,0.6,3.323548609,0.955465831,9.55003047,,8.744729818,0.522748429,
0.4,7,0.9,400,1,0.8,0.000810883,0.999999997,10.05891633,,8.756948334,0.521413824,
0.4,7,0.9,100,1,0.8,0.000926855,0.999999996,10.05879283,,8.75702354,0.521405604,
0.4,7,0.9,300,1,0.8,0.000837948,0.999999997,10.058846,,8.757043159,0.521403459,
0.4,7,0.9,200,1,0.8,0.000864464,0.999999997,10.05886483,,8.757043627,0.521403408,
0.1,6,0.6,300,10,0.6,3.229624422,0.957772652,9.067394018,,8.770313687,0.519951818,
0.1,7,0.6,300,10,0.6,3.230244335,0.957757382,9.064413309,,8.770365844,0.519946109,
0.1,8,0.6,300,10,0.6,3.230383226,0.95775409,9.062506914,,8.770365844,0.519946109,
0.1,5,0.6,300,10,0.6,3.230855059,0.957745505,9.062826157,,8.777764256,0.51913585,
0.4,5,0.7,400,1,0.8,0.000730126,0.999999998,10.10737634,,8.793303045,0.517431848,
0.4,5,0.7,300,1,0.8,0.000753025,0.999999998,10.10737205,,8.793423407,0.517418638,
0.4,5,0.7,200,1,0.8,0.000790054,0.999999997,10.10736394,,8.793424311,0.517418538,
0.4,5,0.7,100,1,0.8,0.001371935,0.999999991,10.10715914,,8.793718935,0.5173862,
0.1,4,0.6,300,10,0.6,3.237621866,0.957594522,9.08615613,,8.799065863,0.516799125,
0.1,5,0.8,100,5,0.6,3.71820974,0.944354017,9.575328827,,8.817489386,0.51477355,
0.1,6,0.8,100,5,0.6,3.706937069,0.944683745,9.594284773,,8.818696109,0.514640729,
0.1,7,0.8,100,5,0.6,3.705702645,0.944721476,9.592319727,,8.81880865,0.514628341,
0.1,8,0.8,100,5,0.6,3.705782683,0.944719292,9.590572596,,8.81880865,0.514628341,
0.4,4,0.8,200,1,0.8,0.00084286,0.999999997,10.06505942,,8.820937905,0.514393932,
0.4,4,0.8,400,1,0.8,0.000764057,0.999999998,10.06515932,,8.821047932,0.514381818,
0.4,4,0.8,300,1,0.8,0.000797378,0.999999997,10.06522202,,8.821138906,0.514371801,
0.4,4,0.8,100,1,0.8,0.001295542,0.999999993,10.06497979,,8.821250812,0.51435948,
0.1,3,0.6,300,10,0.6,3.338756065,0.95492705,9.097174168,,8.82173412,0.514306263,
0.1,3,0.8,200,10,0.6,3.547544469,0.949308745,9.433100462,,8.822880086,0.514180069,
0.1,4,0.8,100,5,0.6,3.765533614,0.942920113,9.624923468,,8.858558281,0.510242981,
0.2,4,0.8,100,10,0.6,3.313757102,0.955808978,9.59332943,,8.876870768,0.508216029,
0.2,8,0.8,100,10,0.6,3.263634208,0.957129585,9.616635323,,8.889559255,0.506809124,
0.4,6,0.6,200,1,0.8,0.00081887,0.999999997,8.99661624,,8.944768119,0.500664149,
0.4,6,0.6,400,1,0.8,0.000683795,0.999999998,8.996512051,,8.944907295,0.50064861,
0.4,6,0.6,300,1,0.8,0.000727768,0.999999998,8.99646842,,8.945035077,0.500634343,
0.4,6,0.6,100,1,0.8,0.007330158,0.999999582,8.997798796,,8.947205815,0.500391947,
0.01,4,0.6,100,5,0.6,13.31188483,0.288513315,11.5674767,,8.982440058,0.496449269,
0.01,5,0.6,100,5,0.6,13.31127192,0.288578911,11.56850715,,8.983323045,0.496350265,
0.01,6,0.6,100,5,0.6,13.31125844,0.288580324,11.5685174,,8.983323045,0.496350265,
0.01,7,0.6,100,5,0.6,13.31125844,0.288580324,11.5685174,,8.983323045,0.496350265,
0.01,8,0.6,100,5,0.6,13.31125844,0.288580324,11.5685174,,8.983323045,0.496350265,
0.01,3,0.6,100,5,0.6,13.32079975,0.28756749,11.5739562,,8.986125558,0.49603597,
0.01,4,0.9,100,10,1,13.17907485,0.302469845,11.23914046,,9.011729875,0.493159973,
0.01,5,0.9,100,10,1,13.1788951,0.302490851,11.23926754,,9.011729875,0.493159973,
0.01,6,0.9,100,10,1,13.1788951,0.302490851,11.23926754,,9.011729875,0.493159973,
0.01,7,0.9,100,10,1,13.1788951,0.302490851,11.23926754,,9.011729875,0.493159973,
0.01,8,0.9,100,10,1,13.1788951,0.302490851,11.23926754,,9.011729875,0.493159973,
0.01,3,0.9,100,10,1,13.19024867,0.301285245,11.24578352,,9.011982719,0.493131531,
0.2,3,0.8,100,10,0.6,3.549543984,0.949285946,9.355602026,,9.025357122,0.49162596,
0.4,6,0.7,300,1,0.8,0.00073708,0.999999998,10.08436656,,9.055728983,0.488198672,
0.4,6,0.7,400,1,0.8,0.000713052,0.999999998,10.08434963,,9.055770091,0.488194026,
0.4,6,0.7,100,1,0.8,0.001177603,0.999999994,10.08409476,,9.055779061,0.488193012,
0.4,6,0.7,200,1,0.8,0.000773252,0.999999998,10.08429384,,9.055796662,0.488191022,
0.2,7,0.8,100,10,0.6,3.263842963,0.957124089,9.618985653,,9.058484803,0.487887124,
0.2,6,0.8,100,10,0.6,3.265263599,0.957085652,9.60709548,,9.059062153,0.487821842,
0.2,5,0.8,100,10,0.6,3.276713547,0.956772204,9.596975327,,9.062714751,0.48740874,
0.4,5,0.6,400,1,0.8,0.000705418,0.999999998,8.376934853,,9.15670328,0.476721541,
0.4,5,0.6,300,1,0.8,0.000735325,0.999999998,8.376912441,,9.156841871,0.4767057,
0.4,5,0.6,200,1,0.8,0.000832729,0.999999997,8.376807775,,9.157001467,0.476687459,
0.4,5,0.6,100,1,0.8,0.00810553,0.999999503,8.377113667,,9.163596093,0.475933437,
0.4,8,0.7,400,1,0.8,0.000726565,0.999999998,10.02939081,,9.167569079,0.475478907,
0.4,8,0.7,300,1,0.8,0.0007399,0.999999998,10.02935743,,9.16768265,0.475465912,
0.4,8,0.7,200,1,0.8,0.000778292,0.999999998,10.02935195,,9.167781489,0.475454601,
0.4,8,0.7,100,1,0.8,0.001085304,0.999999995,10.02932572,,9.167870424,0.475444424,
0.4,7,0.7,400,1,0.8,0.000720457,0.999999998,10.05155516,,9.173306415,0.47482218,
0.4,7,0.7,300,1,0.8,0.000735567,0.999999998,10.05153704,,9.173420134,0.474809159,
0.4,7,0.7,100,1,0.8,0.001128897,0.999999994,10.05149031,,9.1736327,0.47478482,
0.4,7,0.7,200,1,0.8,0.000763093,0.999999998,10.05160117,,9.173700764,0.474777026,
0.01,5,0.8,100,10,1,13.35291186,0.2839681,11.29742165,,9.331667729,0.456533088,
0.01,6,0.8,100,10,1,13.35291051,0.283968248,11.29739375,,9.331667729,0.456533088,
0.01,7,0.8,100,10,1,13.35291051,0.283968248,11.29739375,,9.331667729,0.456533088,
0.01,8,0.8,100,10,1,13.35291051,0.283968248,11.29739375,,9.331667729,0.456533088,
0.01,4,0.8,100,10,1,13.35316808,0.283939239,11.29813476,,9.33168551,0.456531017,
0.01,3,0.8,100,10,1,13.36143606,0.283046942,11.30009313,,9.33605933,0.456021443,
0.01,3,0.9,100,10,0.8,13.3785871,0.281169064,11.66662641,,9.337855295,0.455812134,
0.01,5,0.9,100,10,0.8,13.36604653,0.282516149,11.67522593,,9.341653433,0.455369351,
0.01,6,0.9,100,10,0.8,13.36603836,0.282517019,11.67497821,,9.341653433,0.455369351,
0.01,7,0.9,100,10,0.8,13.36603836,0.282517019,11.67497821,,9.341653433,0.455369351,
0.01,8,0.9,100,10,0.8,13.36603836,0.282517019,11.67497821,,9.341653433,0.455369351,
0.01,4,0.9,100,10,0.8,13.36690005,0.282425779,11.67633004,,9.34186194,0.455345038,
0.4,8,0.6,400,1,0.8,0.000700298,0.999999998,8.893641348,,9.348058992,0.45462219,
0.4,8,0.6,300,1,0.8,0.000727385,0.999999998,8.89366209,,9.348217036,0.454603749,
0.4,8,0.6,200,1,0.8,0.000818388,0.999999997,8.893781538,,9.348302097,0.454593823,
0.4,8,0.6,100,1,0.8,0.006767591,0.999999659,8.894434328,,9.350367419,0.454352803,
0.1,3,0.9,200,10,0.6,3.205441605,0.958579692,9.636344671,,9.378256637,0.45109296,
0.1,6,0.9,200,10,0.6,2.835890221,0.967509849,9.726602316,,9.388477776,0.449895826,
0.1,7,0.9,200,10,0.6,2.835001338,0.967529915,9.728113651,,9.39907264,0.448653544,
0.1,8,0.9,200,10,0.6,2.834842554,0.967533452,9.728076696,,9.399446324,0.448609703,
0.1,4,0.9,200,10,0.6,2.885503042,0.966372717,9.782986403,,9.410871593,0.44726843,
0.4,4,0.7,400,1,0.8,0.00072624,0.999999998,10.39891958,,9.461716666,0.441279698,
0.4,4,0.7,300,1,0.8,0.000745633,0.999999998,10.3989594,,9.461725779,0.441278622,
0.4,4,0.7,200,1,0.8,0.000789303,0.999999997,10.3988533,,9.461726614,0.441278523,
0.4,4,0.7,100,1,0.8,0.002610326,0.999999967,10.39855433,,9.462970546,0.441131603,
0.4,3,0.6,300,1,0.8,0.000817605,0.999999997,9.453650446,,9.479985275,0.439120069,
0.4,3,0.6,400,1,0.8,0.000734575,0.999999998,9.453716965,,9.480000961,0.439118213,
0.4,3,0.6,200,1,0.8,0.002298163,0.999999971,9.453560085,,9.480117046,0.439104477,
0.1,5,0.9,200,10,0.6,2.844588739,0.967315042,9.728193521,,9.492261382,0.437666506,
0.4,7,0.6,200,1,0.8,0.000826902,0.999999997,8.887329931,,9.510112564,0.435549464,
0.4,7,0.6,400,1,0.8,0.000715116,0.999999998,8.887387867,,9.510126015,0.435547867,
0.4,7,0.6,300,1,0.8,0.000725351,0.999999998,8.887385721,,9.510167449,0.435542949,
0.4,3,0.6,100,1,0.8,0.059635184,0.999981274,9.448879452,,9.511121203,0.435429727,
0.4,7,0.6,100,1,0.8,0.007211312,0.999999596,8.888472195,,9.514443724,0.435035215,
0.4,3,0.8,100,1,0.8,0.011548009,0.999999298,10.15299988,,9.561823887,0.429394366,
0.4,3,0.8,400,1,0.8,0.000767399,0.999999998,10.1517694,,9.56372493,0.429167452,
0.4,3,0.8,300,1,0.8,0.000801174,0.999999997,10.1517942,,9.563931783,0.429142759,
0.4,3,0.8,200,1,0.8,0.000873545,0.999999997,10.15166569,,9.564012559,0.429133116,
0.1,4,0.7,300,10,0.6,2.573345307,0.97323159,9.274067402,,9.580201734,0.427198847,
0.01,5,0.8,100,10,0.8,13.54387502,0.263344329,11.64254422,,9.584118357,0.426730401,
0.01,6,0.8,100,10,0.8,13.54387287,0.263344574,11.64254303,,9.584118357,0.426730401,
0.01,7,0.8,100,10,0.8,13.54387287,0.263344574,11.64254303,,9.584118357,0.426730401,
0.01,8,0.8,100,10,0.8,13.54387287,0.263344574,11.64254303,,9.584118357,0.426730401,
0.01,4,0.8,100,10,0.8,13.54431227,0.263295766,11.64365096,,9.584375422,0.426699648,
0.01,3,0.8,100,10,0.8,13.551582,0.262494387,11.64302416,,9.58604636,0.426499732,
0.1,7,0.6,400,10,0.6,2.352873318,0.977456707,8.949638128,,9.598240868,0.425039693,
0.1,8,0.6,400,10,0.6,2.353010228,0.977454252,8.948272228,,9.598240868,0.425039693,
0.1,6,0.6,400,10,0.6,2.352398854,0.977464978,8.952138901,,9.599251855,0.424918565,
0.1,5,0.6,400,10,0.6,2.35437127,0.977427467,8.953115463,,9.617427461,0.422738739,
0.1,8,0.7,300,10,0.6,2.547405176,0.973761814,9.259310246,,9.621999949,0.422189705,
0.1,7,0.7,300,10,0.6,2.547321371,0.97376355,9.260079861,,9.622029938,0.422186103,
0.3,3,0.7,200,1,0.8,0.002914041,0.999999955,10.50212836,,9.627280881,0.421555281,
0.3,3,0.7,400,1,0.8,0.000827981,0.999999997,10.50217891,,9.627402062,0.421540719,
0.3,3,0.7,300,1,0.8,0.000891566,0.999999997,10.50205612,,9.627441068,0.421536032,
0.3,3,0.7,100,1,0.8,0.075980248,0.999972831,10.49682021,,9.638630103,0.420190666,
0.1,5,0.7,300,10,0.6,2.550592279,0.973695433,9.255723953,,9.638990604,0.420147293,
0.3,4,0.7,100,10,0.6,2.430937171,0.97599893,9.531215191,,9.645439626,0.419371126,
0.1,6,0.7,300,10,0.6,2.548160976,0.973747775,9.255235672,,9.653050859,0.418454414,
0.1,3,0.7,300,10,0.6,2.739783897,0.969674232,9.231250048,,9.683284132,0.414805918,
0.01,5,0.7,100,10,1,13.53482186,0.264320233,11.42344112,,9.700476147,0.412726128,
0.01,6,0.7,100,10,1,13.53482046,0.26432039,11.42341323,,9.700476147,0.412726128,
0.01,7,0.7,100,10,1,13.53482046,0.26432039,11.42341323,,9.700476147,0.412726128,
0.01,8,0.7,100,10,1,13.53482046,0.26432039,11.42341323,,9.700476147,0.412726128,
0.01,4,0.7,100,10,1,13.53502307,0.264297213,11.42342825,,9.700540621,0.412718322,
0.01,3,0.7,100,10,1,13.54077656,0.263670169,11.42565103,,9.703058831,0.412413372,
0.1,4,0.6,400,10,0.6,2.362874398,0.977291568,8.971585274,,9.717366949,0.410679185,
0.1,3,0.6,400,10,0.6,2.4840222,0.974925592,8.962414742,,9.730948912,0.409030646,
0.3,3,0.7,100,3,0.6,0.697322338,0.997911471,9.328278065,,9.734055764,0.408653222,
0.1,8,0.9,100,5,0.6,3.12969933,0.960482953,9.672580242,,9.746789795,0.407105018,
0.1,7,0.9,100,5,0.6,3.129783384,0.960481066,9.673022747,,9.746848989,0.407097816,
0.1,6,0.9,100,5,0.6,3.131593719,0.960436014,9.672502279,,9.754707456,0.406141368,
0.1,5,0.9,100,5,0.6,3.161497581,0.959694963,9.749316931,,9.776452198,0.403490812,
0.3,3,0.8,100,10,0.6,2.18911158,0.980566711,9.424956083,,9.78964899,0.401879324,
0.1,3,0.9,100,5,0.6,3.596257771,0.94784458,9.599339247,,9.801161863,0.400471687,
0.01,3,0.9,100,10,0.6,13.65771915,0.250886782,11.87641139,,9.805632034,0.399924689,
0.01,4,0.9,100,10,0.6,13.64293006,0.252502697,11.85768218,,9.807071839,0.399748453,
0.01,5,0.9,100,10,0.6,13.64248175,0.252551687,11.86646504,,9.807402131,0.39970802,
0.01,6,0.9,100,10,0.6,13.64247926,0.25255195,11.86646767,,9.807402131,0.39970802,
0.01,7,0.9,100,10,0.6,13.64247926,0.25255195,11.86646767,,9.807402131,0.39970802,
0.01,8,0.9,100,10,0.6,13.64247926,0.25255195,11.86646767,,9.807402131,0.39970802,
0.1,4,0.9,100,5,0.6,3.2374805,0.957717092,9.760910749,,9.841289753,0.395552463,
0.01,5,0.7,100,10,0.8,13.72288463,0.243784418,11.68823905,,9.843712875,0.395254772,
0.01,6,0.7,100,10,0.8,13.72288344,0.243784554,11.68823857,,9.843712875,0.395254772,
0.01,7,0.7,100,10,0.8,13.72288344,0.243784554,11.68823857,,9.843712875,0.395254772,
0.01,8,0.7,100,10,0.8,13.72288344,0.243784554,11.68823857,,9.843712875,0.395254772,
0.01,4,0.7,100,10,0.8,13.72291971,0.243781024,11.68862338,,9.843884559,0.395233677,
0.01,3,0.7,100,10,0.8,13.72778554,0.243244699,11.68566389,,9.861927953,0.393014627,
0.2,7,0.7,100,1,0.6,0.169190326,0.99986938,9.06265831,,9.905365575,0.387655823,
0.2,8,0.7,100,1,0.6,0.168990093,0.99986972,9.037900448,,9.906743961,0.387485389,
0.2,7,0.7,400,1,0.6,0.001045067,0.999999995,9.080720425,,9.941032636,0.383238048,
0.2,7,0.7,300,1,0.6,0.001883915,0.999999984,9.080518246,,9.941398512,0.383192648,
0.2,7,0.7,200,1,0.6,0.016771316,0.999998673,9.079194307,,9.941828381,0.383139305,
0.2,8,0.7,400,1,0.6,0.001046766,0.999999995,9.057266712,,9.945753637,0.382652108,
0.2,8,0.7,300,1,0.6,0.001930216,0.999999983,9.057006121,,9.945877205,0.382636768,
0.2,8,0.7,200,1,0.6,0.016800434,0.999998668,9.055609465,,9.946324249,0.382581269,
0.3,5,0.7,100,10,0.6,2.411824505,0.976373179,9.478443384,,9.950328733,0.382084011,
0.3,7,0.7,100,10,0.6,2.415161586,0.976322526,9.41672349,,9.959436808,0.38095227,
0.3,8,0.7,100,10,0.6,2.415098157,0.976323773,9.41657424,,9.959436808,0.38095227,
0.3,6,0.7,100,10,0.6,2.412265357,0.976380741,9.406033516,,9.960449432,0.38082638,
0.3,3,0.7,200,3,0.6,0.197414742,0.999818416,9.490181208,,9.970243345,0.379608139,
0.01,4,0.8,100,10,0.6,13.82444933,0.232543015,11.90240355,,9.97296634,0.37926922,
0.01,5,0.8,100,10,0.6,13.82425576,0.232565523,11.90368314,,9.974002158,0.379140272,
0.01,6,0.8,100,10,0.6,13.82425576,0.232565523,11.90368314,,9.974007326,0.379139628,
0.01,7,0.8,100,10,0.6,13.82425576,0.232565523,11.90368314,,9.974007326,0.379139628,
0.01,8,0.8,100,10,0.6,13.82425576,0.232565523,11.90368314,,9.974007326,0.379139628,
0.01,3,0.8,100,10,0.6,13.83235033,0.23165537,11.90231318,,9.989261189,0.377239136,
0.3,3,0.7,300,3,0.6,0.049803609,0.999987879,9.517003298,,10.00229899,0.375612443,
0.2,6,0.7,100,1,0.6,0.175758607,0.999859676,9.065509319,,10.00623924,0.37512041,
0.3,3,0.7,400,3,0.6,0.011976252,0.999999224,9.524243832,,10.00692554,0.37503469,
0.2,4,0.7,100,1,0.6,0.262611401,0.999699696,9.08984375,,10.01114551,0.374507477,
0.2,6,0.7,400,1,0.6,0.001037595,0.999999996,9.087243795,,10.02623183,0.372620881,
0.2,6,0.7,300,1,0.6,0.001945197,0.999999983,9.087058306,,10.02650301,0.372586944,
0.4,4,0.7,100,5,0.6,0.560528462,0.998619046,9.492113352,,10.02723531,0.372495292,
0.2,6,0.7,200,1,0.6,0.0179742,0.999998468,9.085719824,,10.02802545,0.372396395,
0.01,5,0.6,100,10,1,13.78623444,0.236714064,11.57374187,,10.02808577,0.372388844,
0.01,6,0.6,100,10,1,13.78623169,0.236714383,11.57375522,,10.02808577,0.372388844,
0.01,7,0.6,100,10,1,13.78623169,0.236714383,11.57375522,,10.02808577,0.372388844,
0.01,8,0.6,100,10,1,13.78623169,0.236714383,11.57375522,,10.02808577,0.372388844,
0.01,4,0.6,100,10,1,13.78630281,0.236706283,11.5735559,,10.0282628,0.372366685,
0.01,3,0.6,100,10,1,13.79053916,0.236232261,11.57015867,,10.03316418,0.371753016,
0.3,8,0.7,100,3,0.6,0.352643263,0.999444308,9.179051638,,10.03639767,0.371348007,
0.3,6,0.7,100,3,0.6,0.358892976,0.999427132,9.177615643,,10.03702422,0.371269514,
0.3,3,0.7,100,10,0.6,2.641868878,0.971655283,9.33474493,,10.0396178,0.370944542,
0.4,7,0.7,100,5,0.6,0.474195046,0.998997725,9.52315712,,10.0422321,0.37061689,
0.2,4,0.7,300,1,0.6,0.004207156,0.999999917,9.159030676,,10.051791,0.369418137,
0.2,4,0.7,400,1,0.6,0.001190703,0.999999994,9.159547091,,10.05227072,0.369357947,
0.2,7,0.9,100,10,0.6,2.653675067,0.97155855,9.505387545,,10.05346233,0.369208424,
0.2,8,0.9,100,10,0.6,2.652988042,0.971573218,9.51127243,,10.05357074,0.36919482,
0.2,4,0.7,200,1,0.6,0.035659889,0.999993985,9.153926849,,10.05390515,0.369152854,
0.4,8,0.7,100,5,0.6,0.474281277,0.998997794,9.523873568,,10.05445257,0.369084155,
0.3,7,0.7,100,3,0.6,0.352186461,0.999445815,9.180761099,,10.06664596,0.367552959,
0.4,6,0.7,100,5,0.6,0.483789288,0.998959447,9.49845767,,10.0725162,0.366815137,
0.2,5,0.7,100,1,0.6,0.201240925,0.999820263,9.083304644,,10.07497777,0.366505618,
0.3,5,0.7,100,3,0.6,0.379148485,0.999355107,9.291593075,,10.09164661,0.364407677,
0.4,7,0.7,100,3,0.6,0.151096496,0.999891425,9.161487579,,10.09416141,0.364090863,
0.4,5,0.7,100,3,0.6,0.170248226,0.999858868,9.18367815,,10.10055626,0.363284886,
0.2,5,0.7,400,1,0.6,0.001086274,0.999999995,9.106110096,,10.11069997,0.362005374,
0.2,5,0.7,300,1,0.6,0.002332404,0.999999975,9.1057055,,10.11106096,0.361959814,
0.2,5,0.7,200,1,0.6,0.021922538,0.99999777,9.103008509,,10.11269761,0.361753243,
0.4,8,0.7,100,3,0.6,0.149308577,0.99989378,9.138578176,,10.11728238,0.36117439,
0.1,7,0.7,100,3,0.6,2.755647514,0.969242222,9.426760197,,10.1345381,0.35899341,
0.1,8,0.7,100,3,0.6,2.755216634,0.969252004,9.424745083,,10.1345381,0.35899341,
0.4,4,0.7,100,3,0.6,0.21936981,0.999776729,9.097530365,,10.13460608,0.35898481,
0.4,7,0.7,400,3,0.6,0.001264687,0.999999993,9.170616627,,10.13515603,0.35891524,
0.4,7,0.7,200,3,0.6,0.018155041,0.999998275,9.168590784,,10.13528763,0.358898592,
0.4,7,0.7,300,3,0.6,0.002106144,0.99999998,9.170355558,,10.13542166,0.358881636,
0.2,6,0.9,100,10,0.6,2.65379225,0.971555608,9.511899948,,10.13657028,0.358736315,
0.01,3,0.7,100,10,0.6,13.99961821,0.212986995,11.91279073,,10.14775036,0.357320977,
0.1,5,0.7,100,3,0.6,2.774100513,0.968828039,9.402449369,,10.14891384,0.357173598,
0.4,5,0.7,400,3,0.6,0.001283339,0.999999993,9.189272881,,10.14926689,0.357128873,
0.4,5,0.7,200,3,0.6,0.02002544,0.999997808,9.188361883,,10.14929344,0.357125509,
0.4,5,0.7,300,3,0.6,0.002391409,0.999999973,9.18903923,,10.14970358,0.35707355,
0.01,4,0.7,100,10,0.6,13.99554333,0.213451882,11.90931268,,10.15015186,0.357016757,
0.01,6,0.7,100,10,0.6,13.99538843,0.213469903,11.90923877,,10.15173697,0.356815917,
0.01,7,0.7,100,10,0.6,13.99538843,0.213469903,11.90923877,,10.15173697,0.356815917,
0.01,8,0.7,100,10,0.6,13.99538843,0.213469903,11.90923877,,10.15173697,0.356815917,
0.01,5,0.7,100,10,0.6,13.99540057,0.213468576,11.90924211,,10.15174864,0.356814438,
0.4,5,0.7,100,5,0.6,0.502939613,0.998880792,9.410818577,,10.15364378,0.356574274,
0.2,5,0.9,100,10,0.6,2.666686958,0.971278025,9.56104207,,10.15577027,0.35630474,
0.1,3,0.7,100,3,0.6,3.100598377,0.961117665,9.350215435,,10.15869071,0.355934479,
0.3,6,0.7,300,3,0.6,0.01099343,0.999999415,9.202732563,,10.16412303,0.355245471,
0.3,6,0.8,100,10,0.6,1.849271037,0.986107241,9.549479485,,10.1649107,0.355145536,
0.3,7,0.8,100,10,0.6,1.848557417,0.986120454,9.564652205,,10.16496092,0.355139165,
0.3,6,0.7,400,3,0.6,0.00212744,0.999999979,9.202978611,,10.16559206,0.355059083,
0.3,6,0.7,200,3,0.6,0.064837322,0.999980271,9.193415165,,10.1688256,0.354648724,
0.01,5,0.6,100,10,0.8,13.93227614,0.220536176,11.75638981,,10.17012614,0.354483639,
0.01,6,0.6,100,10,0.8,13.93227614,0.220536176,11.75638981,,10.17012675,0.354483562,
0.01,7,0.6,100,10,0.8,13.93227614,0.220536176,11.75638981,,10.17012675,0.354483562,
0.01,8,0.6,100,10,0.8,13.93227614,0.220536176,11.75638981,,10.17012675,0.354483562,
0.3,8,0.7,300,3,0.6,0.010788942,0.999999439,9.205594778,,10.17018669,0.354475953,
0.4,8,0.7,400,3,0.6,0.001286549,0.999999993,9.146737337,,10.17020943,0.354473066,
0.01,4,0.6,100,10,0.8,13.93236613,0.220525946,11.75649233,,10.17022668,0.354470877,
0.4,8,0.7,300,3,0.6,0.002088397,0.99999998,9.146376133,,10.17066122,0.354415713,
0.3,8,0.7,200,3,0.6,0.063200437,0.999981226,9.195860147,,10.17146863,0.354313208,
0.4,8,0.7,200,3,0.6,0.017583508,0.999998393,9.145282984,,10.17189378,0.354259229,
0.3,8,0.7,400,3,0.6,0.002106064,0.999999979,9.205579042,,10.17234799,0.354201558,
0.1,4,0.7,100,3,0.6,2.819902364,0.967807245,9.348832369,,10.17350494,0.354054651,
0.01,3,0.6,100,10,0.8,13.93690572,0.220007464,11.75874586,,10.1784748,0.353423396,
0.2,3,0.9,100,10,0.6,3.086495431,0.961560218,9.582559109,,10.18735503,0.352294689,
0.4,6,0.7,100,3,0.6,0.155373165,0.999884884,9.114158392,,10.18836367,0.352166425,
0.4,4,0.7,200,3,0.6,0.028600108,0.99999582,9.129498243,,10.18879945,0.352111005,
0.3,7,0.7,300,3,0.6,0.010901332,0.999999429,9.209608316,,10.19010593,0.351944841,
0.4,4,0.7,400,3,0.6,0.001314824,0.999999993,9.132617712,,10.19075495,0.351862287,
0.4,4,0.7,300,3,0.6,0.003155437,0.999999952,9.132228374,,10.19081344,0.351854848,
0.3,7,0.7,400,3,0.6,0.002125908,0.999999979,9.209557533,,10.19148811,0.351769026,
0.3,7,0.7,200,3,0.6,0.063166591,0.999981279,9.199345827,,10.19286015,0.351594476,
0.3,5,0.7,300,3,0.6,0.012342354,0.999999264,9.312459707,,10.21163445,0.349203671,
0.3,5,0.7,400,3,0.6,0.00223344,0.999999976,9.313218355,,10.21324579,0.348998271,
0.3,5,0.7,200,3,0.6,0.07339991,0.999974152,9.303446531,,10.21358309,0.34895527,
0.2,4,0.9,100,10,0.6,2.721811744,0.970073031,9.57496953,,10.22001063,0.348135591,
0.1,6,0.7,100,3,0.6,2.759056623,0.969168775,9.435616255,,10.22321273,0.347727046,
0.4,6,0.7,400,3,0.6,0.001276708,0.999999993,9.129546881,,10.22350777,0.347689397,
0.4,6,0.7,300,3,0.6,0.002203858,0.999999978,9.129556417,,10.22371015,0.347663571,
0.4,6,0.7,200,3,0.6,0.018422085,0.999998202,9.12872386,,10.22476987,0.34752833,
0.4,7,0.7,200,5,0.6,0.102575385,0.999947928,9.538845062,,10.22684437,0.347263545,
0.4,7,0.7,300,5,0.6,0.02129263,0.999997732,9.549077272,,10.22787112,0.347132471,
0.4,7,0.7,400,5,0.6,0.00417545,0.9999999,9.548519135,,10.23126014,0.346699743,
0.4,6,0.7,100,10,0.6,1.572941207,0.98982382,9.305287123,,10.24074084,0.345488433,
0.3,3,0.6,100,10,0.6,3.324765058,0.955116282,9.327343702,,10.26866698,0.341913905,
0.4,6,0.7,200,5,0.6,0.105237846,0.999945209,9.533351898,,10.26950734,0.341806189,
0.4,6,0.7,300,5,0.6,0.021783012,0.999997615,9.544460535,,10.27043566,0.341687188,
0.4,8,0.7,300,5,0.6,0.021273423,0.99999773,9.545171738,,10.27251049,0.341421177,
0.4,6,0.7,400,5,0.6,0.00427627,0.999999896,9.543784142,,10.27334227,0.34131452,
0.4,8,0.7,400,5,0.6,0.004166182,0.9999999,9.544972181,,10.27444394,0.341173244,
0.4,8,0.7,200,5,0.6,0.102318578,0.999948161,9.534761429,,10.27644122,0.340917076,
0.4,4,0.7,200,5,0.6,0.13555064,0.999911686,9.540719271,,10.28375415,0.339978707,
0.4,4,0.7,300,5,0.6,0.029696906,0.99999576,9.557379723,,10.29261731,0.338840526,
0.4,4,0.7,400,5,0.6,0.005929403,0.999999817,9.560386181,,10.29860539,0.338070998,
0.4,8,0.7,100,10,0.6,1.572700819,0.989824979,9.303941727,,10.30212312,0.337618726,
0.4,7,0.7,100,10,0.6,1.57274895,0.989824399,9.303759098,,10.30213645,0.337617012,
0.1,3,0.8,300,10,0.6,2.259206799,0.979328376,9.454268217,,10.30836606,0.336815694,
0.1,5,0.8,300,10,0.6,1.984108713,0.983999084,9.554722309,,10.31700997,0.335703024,
0.1,6,0.8,300,10,0.6,1.97534754,0.984140247,9.545015335,,10.34023612,0.332708663,
0.3,5,0.8,100,10,0.6,1.85530688,0.986020206,9.529449463,,10.34123269,0.332580032,
0.4,5,0.7,300,5,0.6,0.023822702,0.999997147,9.442523718,,10.34126255,0.332576178,
0.4,5,0.7,200,5,0.6,0.112785817,0.999936665,9.43354702,,10.34316101,0.332331103,
0.4,5,0.7,400,5,0.6,0.004527749,0.999999882,9.442289114,,10.34398424,0.332224817,
0.3,8,0.7,100,5,0.6,0.857753467,0.996897775,9.403154135,,10.35378584,0.330958696,
0.1,8,0.8,300,10,0.6,1.97345486,0.984171109,9.548343897,,10.35813789,0.330396136,
0.1,7,0.8,300,10,0.6,1.973890964,0.98416473,9.547411919,,10.3634679,0.329706839,
0.4,4,0.7,100,10,0.6,1.609304216,0.989350638,9.311568499,,10.37392571,0.328353367,
0.3,7,0.7,100,5,0.6,0.856682497,0.996903939,9.403770685,,10.37651408,0.328018163,
0.3,4,0.7,100,3,0.6,0.451946429,0.999089178,9.217298985,,10.38047664,0.327504836,
0.1,4,0.8,300,10,0.6,2.020938943,0.983413595,9.51920867,,10.3839488,0.327054876,
0.01,5,0.6,100,10,0.6,14.18525835,0.191955389,11.95096114,,10.39091107,0.326152175,
0.01,6,0.6,100,10,0.6,14.1852453,0.191956832,11.95095685,,10.39091107,0.326152175,
0.01,7,0.6,100,10,0.6,14.1852453,0.191956832,11.95095685,,10.39091107,0.326152175,
0.01,8,0.6,100,10,0.6,14.1852453,0.191956832,11.95095685,,10.39091107,0.326152175,
0.01,4,0.6,100,10,0.6,14.1853583,0.191943598,11.95047763,,10.39409517,0.325739135,
0.1,5,0.6,100,3,0.6,3.419348004,0.952660352,9.160089254,,10.39559505,0.325544529,
0.3,6,0.6,100,10,0.6,3.179763059,0.958940817,9.398750305,,10.39792696,0.325241911,
0.3,7,0.6,100,10,0.6,3.178086932,0.95897798,9.40121007,,10.39806373,0.32522416,
0.3,8,0.6,100,10,0.6,3.178076541,0.958978237,9.401245594,,10.39806373,0.32522416,
0.01,3,0.6,100,10,0.6,14.18800771,0.191646399,11.95299724,,10.39885478,0.325121486,
0.3,8,0.8,100,10,0.6,1.848784462,0.986116599,9.569204807,,10.4141586,0.32313361,
0.3,4,0.7,100,5,0.6,0.951369617,0.996166793,9.499574423,,10.43476598,0.320452214,
0.3,6,0.7,100,5,0.6,0.862139199,0.996864767,9.380139351,,10.43556342,0.320348346,
0.3,5,0.7,100,5,0.6,0.879562291,0.996731401,9.38285327,,10.45202067,0.318202986,
0.2,6,0.6,200,10,0.6,2.332804115,0.977711263,9.268131495,,10.46323576,0.316739056,
0.2,7,0.6,200,10,0.6,2.332754758,0.977709835,9.29104805,,10.46386239,0.316657213,
0.2,8,0.6,200,10,0.6,2.332683109,0.977711326,9.291279554,,10.46386239,0.316657213,
0.2,4,0.6,200,10,0.6,2.344592427,0.97750229,9.284752846,,10.47166657,0.315637529,
0.2,5,0.6,200,10,0.6,2.333978341,0.97769549,9.281641483,,10.4875182,0.313564035,
0.4,3,0.7,100,3,0.6,0.405852921,0.99926767,8.849339008,,10.50457264,0.311329702,
0.2,3,0.7,100,1,0.6,0.490447727,0.998955127,8.993296862,,10.50459343,0.311326976,
0.1,6,0.6,100,3,0.6,3.412181756,0.952857375,9.106893063,,10.50677356,0.311041091,
0.1,7,0.6,100,3,0.6,3.412114964,0.952865116,9.129873514,,10.50687201,0.31102818,
0.1,8,0.6,100,3,0.6,3.412178902,0.952863175,9.130210638,,10.50687201,0.31102818,
0.4,3,0.6,200,1,0.6,0.012972085,0.999999051,9.210321188,,10.51396601,0.31009751,
0.4,3,0.6,400,1,0.6,0.000854086,0.999999997,9.215062857,,10.51867469,0.309479427,
0.4,3,0.6,300,1,0.6,0.001262863,0.999999993,9.215076685,,10.51877598,0.309466127,
0.2,3,0.7,100,5,0.6,2.092288672,0.982087598,9.16384387,,10.52352406,0.308842585,
0.1,4,0.7,400,10,0.6,1.799731492,0.986822428,9.236139536,,10.52367311,0.308823007,
0.3,4,0.7,300,3,0.6,0.017180679,0.999998578,9.285336494,,10.52427586,0.30874383,
0.3,4,0.8,100,10,0.6,1.904910329,0.985252526,9.677181005,,10.52557779,0.308572791,
0.3,4,0.7,400,3,0.6,0.003025801,0.999999953,9.286491632,,10.52606858,0.30850831,
0.3,4,0.7,200,3,0.6,0.096090379,0.999955397,9.268070459,,10.52640952,0.308463514,
0.4,3,0.7,100,5,0.6,0.759368427,0.997546298,9.252582073,,10.54227816,0.30637695,
0.2,8,0.7,100,3,0.6,0.862863677,0.996840701,9.21121192,,10.54628676,0.305849363,
0.4,3,0.6,100,1,0.6,0.1392071,0.999903278,9.166561842,,10.54903043,0.305488141,
0.3,4,0.9,100,10,0.6,1.493451273,0.99085921,9.694287062,,10.55756914,0.304363369,
0.1,8,0.7,400,10,0.6,1.768324067,0.987268711,9.224932194,,10.56308859,0.303635827,
0.1,7,0.7,400,10,0.6,1.768520115,0.987265951,9.222842693,,10.56314116,0.303628896,
0.1,3,0.7,100,1,0.6,1.447055022,0.991332748,8.870790005,,10.56901229,0.302854577,
0.2,7,0.7,100,3,0.6,0.862391296,0.996842451,9.216899633,,10.57343994,0.302270347,
0.1,5,0.7,400,10,0.6,1.772044244,0.987212886,9.227063894,,10.57794125,0.301676148,
0.1,4,0.8,100,3,0.6,2.298636908,0.978585272,9.464166164,,10.58472093,0.300780713,
0.1,3,0.6,100,3,0.6,3.632909728,0.946639779,9.041719675,,10.59087239,0.299967754,
0.2,3,0.7,300,1,0.6,0.021631877,0.999997691,9.137341738,,10.59295071,0.299692983,
0.2,3,0.7,200,1,0.6,0.106627042,0.999946713,9.10652709,,10.5930847,0.299675267,
0.4,3,0.7,200,3,0.6,0.074325958,0.999972451,8.89691186,,10.59364336,0.299601397,
0.2,3,0.7,400,1,0.6,0.004009817,0.999999914,9.140389442,,10.59446084,0.299493297,
0.4,3,0.7,300,3,0.6,0.0127106,0.999999109,8.90433383,,10.6039767,0.298234353,
0.4,3,0.7,400,3,0.6,0.002412018,0.999999969,8.904999971,,10.6068689,0.297851492,
0.1,4,0.6,100,3,0.6,3.463478848,0.951438243,9.105663538,,10.61077724,0.297333953,
0.1,6,0.7,400,10,0.6,1.769042182,0.987258219,9.22892499,,10.61412748,0.296890163,
0.2,4,0.9,400,1,0.6,0.001128105,0.999999995,9.189632654,,10.61703133,0.296505393,
0.2,4,0.9,300,1,0.6,0.001425781,0.999999991,9.189489841,,10.61718641,0.296484841,
0.2,4,0.9,200,1,0.6,0.008314372,0.999999674,9.187692404,,10.617629,0.296426187,
0.2,6,0.8,100,1,0.6,0.096206136,0.999958529,9.181459665,,10.61953134,0.296174047,
0.2,4,0.9,100,1,0.6,0.130225052,0.999923853,9.146928549,,10.62112065,0.295963364,
0.2,8,0.8,100,1,0.6,0.087020629,0.999965365,9.1395998,,10.63023183,0.29475495,
0.2,8,0.8,400,1,0.6,0.001030455,0.999999996,9.151493549,,10.63609654,0.293976567,
0.2,8,0.8,300,1,0.6,0.001180516,0.999999994,9.151488781,,10.63619935,0.293962917,
0.2,8,0.8,200,1,0.6,0.005323862,0.999999864,9.151024342,,10.63640951,0.293935015,
0.2,7,0.8,100,1,0.6,0.087320782,0.999965157,9.177446365,,10.63851751,0.293655122,
0.2,6,0.8,400,1,0.6,0.001042543,0.999999996,9.19415617,,10.63921959,0.29356189,
0.2,6,0.8,300,1,0.6,0.001209794,0.999999994,9.194168806,,10.63944231,0.293532312,
0.2,6,0.8,200,1,0.6,0.006057661,0.999999828,9.194097996,,10.64010028,0.29344493,
0.1,8,0.9,100,1,0.6,0.39825448,0.999325183,9.646648407,,10.64501694,0.292791798,
0.2,7,0.8,400,1,0.6,0.001032076,0.999999996,9.190791607,,10.64501919,0.292791499,
0.2,7,0.8,300,1,0.6,0.00119417,0.999999994,9.190732956,,10.64519455,0.292768199,
0.2,7,0.8,200,1,0.6,0.005308331,0.999999867,9.190515995,,10.64545636,0.292733411,
0.1,6,0.9,100,1,0.6,0.431168151,0.999208799,9.62812829,,10.64590686,0.292673548,
0.2,4,0.8,400,1,0.6,0.001107777,0.999999995,9.370095491,,10.64643977,0.292602733,
0.2,4,0.8,300,1,0.6,0.00195549,0.999999982,9.370053291,,10.64653521,0.29259005,
0.2,4,0.8,200,1,0.6,0.018583087,0.9999983,9.369251013,,10.64701051,0.292526886,
0.2,5,0.9,100,1,0.6,0.067343466,0.999979657,9.306574106,,10.64778952,0.292423354,
0.2,5,0.9,400,1,0.6,0.001098469,0.999999995,9.318780422,,10.65117046,0.291973936,
0.2,5,0.9,300,1,0.6,0.001211116,0.999999994,9.318711042,,10.65144768,0.291937079,
0.2,5,0.9,200,1,0.6,0.003000585,0.999999957,9.318366289,,10.65151134,0.291928617,
0.2,4,0.8,100,1,0.6,0.202769873,0.999818177,9.344788313,,10.65165567,0.291909427,
0.1,7,0.9,100,1,0.6,0.404731321,0.999304704,9.647909403,,10.6518234,0.291887126,
0.1,3,0.7,400,10,0.6,1.969290131,0.9842486,9.193386316,,10.65570281,0.291371241,
0.3,6,0.9,100,10,0.6,1.402951756,0.991954673,9.57805872,,10.66679524,0.289895129,
0.3,7,0.9,100,10,0.6,1.397104104,0.992021048,9.549400091,,10.66753151,0.289797097,
0.3,8,0.9,100,10,0.6,1.397380247,0.992019087,9.519512177,,10.66763875,0.289782817,
0.3,3,0.7,100,5,0.6,1.185923766,0.994134684,9.329652548,,10.67010758,0.289454045,
0.2,5,0.8,100,1,0.6,0.12270697,0.999932951,9.198633432,,10.67304956,0.289062166,
0.2,3,0.6,200,10,0.6,2.457816198,0.975287776,9.332612276,,10.67471108,0.288840799,
0.2,4,0.7,100,5,0.6,1.837052559,0.986147152,9.330809116,,10.68062483,0.288052621,
0.3,4,0.6,200,1,0.6,0.016996655,0.999998452,9.096261501,,10.68410121,0.28758909,
0.3,5,0.6,100,10,0.6,3.176845794,0.959008176,9.403606176,,10.68529207,0.287430269,
0.3,4,0.6,400,1,0.6,0.000915805,0.999999997,9.098046064,,10.68635091,0.287289041,
0.3,4,0.6,300,1,0.6,0.001668191,0.999999987,9.098033905,,10.68638398,0.287284629,
0.3,4,0.6,100,1,0.6,0.168319769,0.999865683,9.076084614,,10.69208126,0.28652448,
0.1,5,0.9,100,1,0.6,0.51792377,0.998861724,9.727432728,,10.69578926,0.28602953,
0.1,4,0.9,100,1,0.6,0.694795051,0.997941652,9.594355822,,10.69762549,0.285784363,
0.2,5,0.8,300,1,0.6,0.001303965,0.999999993,9.21830821,,10.70319242,0.285040829,
0.2,5,0.8,400,1,0.6,0.001061418,0.999999995,9.218426466,,10.70325725,0.285032168,
0.2,5,0.8,200,1,0.6,0.008590217,0.999999648,9.217612505,,10.70394027,0.284940915,
0.2,4,0.7,100,3,0.6,0.995150966,0.99581659,9.033304214,,10.7041875,0.284907883,
0.3,4,0.7,100,1,0.6,0.07143584,0.999977246,8.710902214,,10.70893021,0.28427407,
0.3,5,0.9,100,10,0.6,1.413771229,0.991823934,9.603377581,,10.71807894,0.283050647,
0.2,8,0.7,100,5,0.6,1.760982122,0.987294147,9.272787094,,10.7263748,0.28194037,
0.2,7,0.7,100,5,0.6,1.76089415,0.987294593,9.263652563,,10.72703151,0.281852443,
0.3,4,0.7,200,1,0.6,0.003453199,0.999999939,8.717472553,,10.7276155,0.281774248,
0.3,4,0.7,400,1,0.6,0.000886054,0.999999997,8.717738867,,10.72764751,0.281769961,
0.3,4,0.7,300,1,0.6,0.000986585,0.999999996,8.717590332,,10.72797627,0.281725939,
0.1,4,0.7,100,1,0.6,1.088710533,0.995031285,9.172701597,,10.72993779,0.281463254,
0.3,3,0.6,200,1,0.6,0.053556879,0.999984105,9.346042395,,10.72999158,0.28145605,
0.1,7,0.7,100,1,0.6,0.877715791,0.99674673,9.294561625,,10.73165289,0.28123353,
0.1,8,0.7,100,1,0.6,0.873176157,0.996788034,9.290752172,,10.73168418,0.281229339,
0.2,6,0.7,100,5,0.6,1.760117541,0.987302449,9.279548883,,10.73374569,0.280953167,
0.3,3,0.6,400,1,0.6,0.001266265,0.999999993,9.360208035,,10.74189099,0.279861455,
0.3,3,0.6,300,1,0.6,0.00754155,0.999999663,9.361118793,,10.74293401,0.2797216,
0.2,5,0.7,100,5,0.6,1.772032448,0.987133601,9.274238348,,10.74361029,0.279630913,
0.1,6,0.7,100,1,0.6,0.893093671,0.996638697,9.302286625,,10.74664843,0.279223435,
0.1,5,0.7,100,1,0.6,0.952133297,0.996174615,9.284726381,,10.76591392,0.276636849,
0.4,5,0.7,100,10,0.6,1.575975709,0.989806963,9.351208925,,10.76700312,0.276490475,
0.3,4,0.8,100,5,0.6,0.73718119,0.997649853,9.450388908,,10.77278122,0.275713726,
0.1,8,0.8,100,3,0.6,2.177110702,0.98079704,9.527484655,,10.77823058,0.274980787,
0.1,7,0.8,100,3,0.6,2.178583998,0.980769177,9.527826548,,10.77828898,0.274972931,
0.2,7,0.9,100,1,0.6,0.039585053,0.999992795,9.216764212,,10.77934292,0.274831132,
0.1,6,0.8,100,3,0.6,2.184004115,0.980673754,9.529909849,,10.78081304,0.274633317,
0.2,7,0.9,400,1,0.6,0.001042357,0.999999996,9.22100091,,10.7821676,0.274451027,
0.2,7,0.9,200,1,0.6,0.001657902,0.999999988,9.220818043,,10.78218647,0.274448488,
0.2,7,0.9,300,1,0.6,0.001126327,0.999999995,9.22092104,,10.78235889,0.274425283,
0.2,8,0.9,100,1,0.6,0.038137646,0.999993199,9.197841167,,10.78276233,0.274370984,
0.2,8,0.9,200,1,0.6,0.001559671,0.999999989,9.201428175,,10.78562847,0.273985178,
0.2,8,0.9,400,1,0.6,0.001033156,0.999999996,9.201582432,,10.7856334,0.273984513,
0.2,8,0.9,300,1,0.6,0.001106515,0.999999995,9.201499701,,10.78579862,0.27396227,
0.2,6,0.7,100,3,0.6,0.86735812,0.996805423,9.175639153,,10.78984976,0.27341677,
0.1,5,0.8,100,3,0.6,2.209977205,0.980213566,9.534781456,,10.79439894,0.272803962,
0.2,3,0.7,100,3,0.6,1.280236973,0.993177007,9.124403477,,10.79642307,0.272531213,
0.2,5,0.7,100,3,0.6,0.895394465,0.996593211,9.214707851,,10.79988424,0.272064707,
0.1,8,0.9,400,1,0.6,0.002017583,0.999999982,9.71948719,,10.80085812,0.271933418,
0.1,8,0.9,300,1,0.6,0.0107413,0.999999489,9.717742443,,10.80096457,0.271919067,
0.1,8,0.9,200,1,0.6,0.063868401,0.99998232,9.706871986,,10.80361212,0.271562087,
0.2,6,0.9,100,1,0.6,0.044869516,0.999990881,9.225478172,,10.80478676,0.271403677,
0.1,7,0.9,400,1,0.6,0.0020855,0.999999981,9.724321365,,10.80535055,0.271327639,
0.1,7,0.9,300,1,0.6,0.011186944,0.999999443,9.7223351,,10.80555578,0.271299959,
0.1,7,0.9,200,1,0.6,0.066106377,0.999981056,9.711103439,,10.80838796,0.270917918,
0.2,6,0.9,200,1,0.6,0.001898779,0.999999984,9.232373953,,10.80887755,0.270851866,
0.2,6,0.9,400,1,0.6,0.001058198,0.999999995,9.232519388,,10.80889706,0.270849234,
0.2,6,0.9,300,1,0.6,0.001149486,0.999999995,9.232465506,,10.80905811,0.270827505,
0.3,3,0.6,100,1,0.6,0.315906806,0.999518992,9.262676239,,10.81131697,0.270522711,
0.3,8,0.7,300,5,0.6,0.070816456,0.999976925,9.49996829,,10.81340359,0.2702411,
0.3,7,0.7,300,5,0.6,0.070749003,0.999976919,9.50116086,,10.81993431,0.269359363,
0.3,8,0.7,200,5,0.6,0.231120871,0.999763615,9.469484091,,10.82094,0.269223534,
0.3,8,0.7,400,5,0.6,0.020455306,0.999997909,9.501028299,,10.82157781,0.269137384,
0.1,6,0.9,400,1,0.6,0.002340524,0.999999975,9.703345299,,10.82287609,0.268962008,
0.1,6,0.9,300,1,0.6,0.012718135,0.999999261,9.702060223,,10.82405331,0.268802968,
0.3,7,0.7,200,5,0.6,0.230804234,0.999763937,9.468463182,,10.82755004,0.268330462,
0.3,7,0.7,400,5,0.6,0.020256566,0.99999794,9.502515316,,10.82832924,0.26822515,
0.1,6,0.9,200,1,0.6,0.074230715,0.999975705,9.693309069,,10.82927714,0.268097027,
0.3,5,0.7,300,5,0.6,0.076484576,0.999972628,9.451534033,,10.83008681,0.267987578,
0.1,4,0.9,400,1,0.6,0.011299593,0.999999386,9.721768379,,10.83408726,0.267446694,
0.2,8,0.8,200,10,0.6,1.263855648,0.993410413,9.531835079,,10.83577162,0.267218897,
0.1,4,0.9,300,1,0.6,0.04585257,0.999990229,9.712424278,,10.83734443,0.267006155,
0.3,5,0.7,400,5,0.6,0.022006196,0.999997556,9.454604387,,10.83868093,0.266825354,
0.3,5,0.7,200,5,0.6,0.249197963,0.999721968,9.413153172,,10.84205042,0.26636943,
0.4,3,0.7,200,5,0.6,0.226940499,0.999761526,9.335305929,,10.84227779,0.26633866,
0.1,3,0.9,300,10,0.6,2.021337013,0.983427826,9.682214022,,10.8483319,0.265519107,
0.1,4,0.9,200,1,0.6,0.177832467,0.999858635,9.686859369,,10.85439844,0.264697413,
0.4,3,0.7,100,10,0.6,1.810541089,0.986503586,9.136939049,,10.85840177,0.264154923,
0.2,4,0.7,200,10,0.6,1.7229771,0.987815151,9.470650673,,10.85978703,0.26396716,
0.3,6,0.7,200,5,0.6,0.237061329,0.9997511,9.445230961,,10.86314981,0.263511258,
0.3,6,0.7,300,5,0.6,0.072463381,0.999975807,9.481003046,,10.86444573,0.263335529,
0.4,3,0.7,300,5,0.6,0.062823722,0.999980055,9.370967627,,10.86449201,0.263329253,
0.3,6,0.7,400,5,0.6,0.02081935,0.999997887,9.480645418,,10.87072696,0.262483484,
0.4,3,0.7,400,5,0.6,0.016664935,0.999998457,9.376158476,,10.87221255,0.262281892,
0.3,6,0.8,100,5,0.6,0.599663259,0.998440032,9.489930391,,10.87312567,0.26215797,
0.3,3,0.7,100,1,0.6,0.18772547,0.999845974,8.617271662,,10.87509768,0.261890309,
0.2,7,0.7,200,10,0.6,1.677188634,0.988444555,9.432493925,,10.87682259,0.261656145,
0.2,8,0.7,200,10,0.6,1.677469105,0.988440963,9.43804884,,10.87698413,0.261634213,
0.3,7,0.8,100,5,0.6,0.588253456,0.998497893,9.493448019,,10.8783181,0.261453094,
0.1,5,0.9,400,1,0.6,0.003801591,0.999999929,9.835081339,,10.87987737,0.261241356,
0.1,5,0.9,200,1,0.6,0.10270104,0.999953443,9.822042704,,10.88015056,0.261204255,
0.1,3,0.8,100,3,0.6,2.664742351,0.971271015,9.298275709,,10.88053215,0.261152432,
0.1,5,0.9,300,1,0.6,0.019617181,0.999998175,9.832336187,,10.88087089,0.261106426,
0.3,4,0.6,100,10,0.6,3.194758892,0.958580899,9.309549332,,10.88111843,0.261072806,
0.4,3,0.9,100,5,0.6,0.526739747,0.998793897,9.479760408,,10.8891191,0.25998577,
0.3,3,0.7,200,1,0.6,0.018807115,0.999998283,8.644696712,,10.89182188,0.259618368,
0.3,3,0.7,400,1,0.6,0.000979183,0.999999996,8.647757053,,10.89306425,0.259449457,
0.3,3,0.7,300,1,0.6,0.001827533,0.999999984,8.64757514,,10.89359486,0.259377309,
0.3,8,0.8,100,5,0.6,0.587538969,0.99850398,9.497784376,,10.89463822,0.259235432,
0.2,6,0.7,200,10,0.6,1.679068998,0.988417473,9.431679964,,10.90260764,0.258151298,
0.1,4,0.6,200,5,0.6,2.581324285,0.972864438,9.072550535,,10.90267094,0.258142684,
0.4,4,0.8,100,10,0.6,1.22726769,0.993741051,9.277589798,,10.90272089,0.258135886,
0.3,6,0.7,400,1,0.6,0.000888563,0.999999997,8.583556414,,10.90655977,0.257613369,
0.3,6,0.7,200,1,0.6,0.001577991,0.999999989,8.583323002,,10.90666176,0.257599485,
0.3,6,0.7,300,1,0.6,0.000959125,0.999999996,8.583470583,,10.90674125,0.257588664,
0.3,6,0.7,100,1,0.6,0.039623958,0.999992761,8.581824064,,10.90840199,0.257362556,
0.3,3,0.9,200,3,0.6,0.098914226,0.999954574,9.745160818,,10.91040197,0.257090217,
0.3,4,0.7,200,5,0.6,0.296814212,0.999604409,9.536322355,,10.91568118,0.256371099,
0.3,6,0.8,100,3,0.6,0.235960083,0.999744035,9.386910439,,10.91793159,0.25606445,
0.3,3,0.9,400,3,0.6,0.004327434,0.999999909,9.788284779,,10.92057652,0.255703961,
0.3,3,0.9,300,3,0.6,0.021958417,0.999997605,9.779756069,,10.92110591,0.255631798,
0.4,3,0.9,200,5,0.6,0.116495916,0.999937578,9.62648201,,10.92121262,0.255617252,
0.3,8,0.6,100,1,0.6,0.096364196,0.999954774,8.815872908,,10.92148898,0.255579578,
0.3,4,0.7,300,5,0.6,0.095600084,0.999957133,9.582477331,,10.92371137,0.255276587,
0.4,3,0.9,400,5,0.6,0.005919757,0.999999826,9.666641474,,10.92388831,0.255252461,
0.4,3,0.9,300,5,0.6,0.02800016,0.999996168,9.657612324,,10.92397452,0.255240705,
0.3,8,0.6,400,1,0.6,0.00085059,0.999999997,8.819221258,,10.92435213,0.255189216,
0.3,8,0.6,300,1,0.6,0.001119566,0.999999994,8.819050074,,10.92453219,0.255164664,
0.3,8,0.6,200,1,0.6,0.007948439,0.999999656,8.818804264,,10.92549576,0.255033265,
0.3,7,0.6,100,1,0.6,0.096950571,0.999954144,8.823023558,,10.92784844,0.254712391,
0.1,7,0.6,200,5,0.6,2.541630509,0.973666252,9.084833384,,10.93054523,0.254344498,
0.1,8,0.6,200,5,0.6,2.542012965,0.973660194,9.087423801,,10.93054523,0.254344498,
0.3,4,0.7,400,5,0.6,0.028616586,0.999995812,9.585385799,,10.93339096,0.253956191,
0.1,5,0.6,200,5,0.6,2.55340236,0.973416718,9.132841349,,10.93444097,0.253812888,
0.2,4,0.8,200,10,0.6,1.349384333,0.99251376,9.538134813,,10.93521179,0.25370768,
0.3,7,0.7,200,1,0.6,0.001468222,0.99999999,8.600380659,,10.93601341,0.25359826,
0.3,7,0.7,400,1,0.6,0.000887847,0.999999997,8.60065484,,10.93606487,0.253591235,
0.3,7,0.7,300,1,0.6,0.000950417,0.999999996,8.600569487,,10.93615937,0.253578336,
0.3,8,0.7,200,1,0.6,0.001478751,0.99999999,8.618575335,,10.9365096,0.253530527,
0.3,8,0.7,400,1,0.6,0.000894325,0.999999997,8.618899107,,10.93653567,0.253526968,
0.3,8,0.7,300,1,0.6,0.000956766,0.999999996,8.61882019,,10.93657943,0.253520995,
0.3,7,0.6,400,1,0.6,0.000852193,0.999999997,8.828648806,,10.93703522,0.253458772,
0.3,7,0.6,300,1,0.6,0.001115953,0.999999995,8.828485966,,10.93708432,0.25345207,
0.3,7,0.6,200,1,0.6,0.008104492,0.999999645,8.828386784,,10.93745118,0.253401987,
0.3,8,0.7,100,1,0.6,0.036953804,0.999993567,8.61597538,,10.9376024,0.253381342,
0.3,7,0.7,100,1,0.6,0.037595913,0.999993379,8.598349094,,10.93857604,0.253248411,
0.3,5,0.6,100,1,0.6,0.111829426,0.999938271,8.674580097,,10.9389404,0.253198662,
0.3,6,0.6,100,1,0.6,0.100565399,0.999951738,8.821058273,,10.93902881,0.253186591,
0.2,5,0.7,200,10,0.6,1.681179151,0.988384879,9.409883022,,10.93980169,0.253081057,
0.3,7,0.8,100,3,0.6,0.220844113,0.999773781,9.416318655,,10.94154952,0.25284237,
0.1,7,0.9,300,10,0.6,1.592400218,0.989651578,9.739026546,,10.94421506,0.252478287,
0.3,8,0.8,100,3,0.6,0.219579656,0.999776517,9.415513754,,10.94988298,0.251703815,
0.1,6,0.6,200,5,0.6,2.543111214,0.973620257,9.08836627,,10.95077378,0.251582059,
0.3,6,0.6,300,1,0.6,0.001138472,0.999999994,8.828993082,,10.95466569,0.251049989,
0.3,6,0.6,400,1,0.6,0.000860984,0.999999997,8.829155684,,10.95471185,0.251043676,
0.3,6,0.6,200,1,0.6,0.008366929,0.99999963,8.828794003,,10.95505947,0.250996144,
0.3,5,0.8,100,5,0.6,0.62834659,0.998284809,9.446657181,,10.95806266,0.250585428,
0.3,5,0.6,300,1,0.6,0.001202334,0.999999994,8.681966543,,10.96789946,0.249239359,
0.3,5,0.6,400,1,0.6,0.000880378,0.999999997,8.682136536,,10.96791385,0.249237389,
0.1,8,0.9,300,10,0.6,1.590881688,0.989673147,9.739420414,,10.96811961,0.24920922,
0.3,5,0.6,200,1,0.6,0.009945697,0.999999454,8.680591345,,10.96864148,0.249137771,
0.3,6,0.8,400,3,0.6,0.001540558,0.99999999,9.421018362,,10.97154215,0.248740586,
0.3,6,0.8,300,3,0.6,0.003485758,0.999999942,9.42076993,,10.97172848,0.248715069,
0.1,6,0.9,300,10,0.6,1.596781883,0.989599262,9.738073111,,10.97327045,0.248503882,
0.3,6,0.8,200,3,0.6,0.031366638,0.999995255,9.415903091,,10.97354628,0.248466103,
0.3,3,0.9,100,3,0.6,0.489452226,0.998951384,9.572905064,,10.97522217,0.248236535,
0.2,7,0.8,200,10,0.6,1.264365689,0.993405512,9.526996613,,10.9756156,0.248182637,
0.1,3,0.9,400,1,0.6,0.056080596,0.999984695,9.68081069,,10.97568834,0.248172672,
0.4,8,0.9,100,5,0.6,0.160936161,0.99988181,9.416522503,,10.97806443,0.247847116,
0.3,3,0.8,100,5,0.6,1.054399434,0.995311075,9.308608532,,10.98026531,0.247545503,
0.1,3,0.6,200,5,0.6,2.741752803,0.969421426,9.104039907,,10.98169607,0.247349395,
0.3,4,0.8,400,5,0.6,0.011146426,0.999999364,9.595957041,,10.98597681,0.246762504,
0.3,7,0.8,400,3,0.6,0.001486205,0.999999991,9.447588205,,10.98937064,0.246297047,
0.3,7,0.8,300,3,0.6,0.003289581,0.999999947,9.447449684,,10.98941592,0.246290836,
0.3,7,0.8,200,3,0.6,0.029755972,0.9999957,9.443720341,,10.98982049,0.246235339,
0.3,4,0.8,300,5,0.6,0.049831138,0.999987748,9.594206095,,10.9907038,0.246114166,
0.2,8,0.7,200,3,0.6,0.234210584,0.999755447,9.295922041,,10.9913617,0.246023908,
0.1,3,0.9,300,1,0.6,0.151807635,0.999891895,9.649365425,,10.99445435,0.245599555,
0.3,8,0.8,400,3,0.6,0.001507049,0.999999991,9.441286564,,10.99551566,0.245453901,
0.3,8,0.8,300,3,0.6,0.003246387,0.999999951,9.441265106,,10.99555257,0.245448836,
0.3,8,0.8,200,3,0.6,0.029061427,0.999995991,9.437330484,,10.99825484,0.245077913,
0.2,8,0.7,300,3,0.6,0.069987767,0.999977523,9.330180168,,10.99860229,0.245030214,
0.3,5,0.8,100,3,0.6,0.266177769,0.999674965,9.429768085,,11.0008933,0.244715661,
0.4,7,0.8,100,5,0.6,0.300359137,0.999580258,9.434909344,,11.00097373,0.244704617,
0.2,4,0.8,100,3,0.6,0.798175453,0.997282362,9.331454992,,11.00179695,0.244591572,
0.1,3,0.8,400,10,0.6,1.616875047,0.98935721,9.461902618,,11.0021803,0.244538928,
0.2,8,0.7,400,3,0.6,0.020225495,0.999998002,9.333082199,,11.0036626,0.244335351,
0.2,3,0.7,200,10,0.6,1.906660481,0.985127332,9.282236338,,11.01206889,0.243180325,
0.4,8,0.9,200,5,0.6,0.017990003,0.999998416,9.444133282,,11.01422535,0.242883884,
0.4,8,0.9,400,5,0.6,0.001624084,0.999999989,9.44644475,,11.01437278,0.242863615,
0.4,8,0.9,300,5,0.6,0.002220827,0.999999978,9.446261883,,11.01465788,0.242824419,
0.3,4,0.8,200,5,0.6,0.206984559,0.999799098,9.574853659,,11.01631506,0.242596563,
0.1,3,0.8,100,1,0.6,1.274078104,0.993261671,9.040556669,,11.01810539,0.242350363,
0.4,4,0.9,100,3,0.6,0.084506167,0.999964815,9.081385136,,11.02209897,0.241801034,
0.4,4,0.9,200,3,0.6,0.004600681,0.99999989,9.091690779,,11.02384877,0.241560281,
0.4,4,0.9,400,3,0.6,0.001286748,0.999999993,9.091943264,,11.02389755,0.241553569,
0.4,4,0.9,300,3,0.6,0.001453058,0.999999991,9.091801643,,11.02409337,0.241526624,
0.2,6,0.8,200,10,0.6,1.268333076,0.993357043,9.53233242,,11.02416445,0.241516843,
0.4,7,0.9,100,5,0.6,0.161883494,0.999880408,9.385136127,,11.03182469,0.2404624,
0.2,7,0.7,300,3,0.6,0.069839493,0.999977611,9.335220575,,11.04031073,0.239293427,
0.3,5,0.8,300,3,0.6,0.004198715,0.999999915,9.461268902,,11.04181832,0.239085659,
0.3,5,0.8,400,3,0.6,0.001605113,0.999999989,9.461282015,,11.04194818,0.239067762,
0.4,7,0.8,400,5,0.6,0.001853797,0.999999985,9.48797226,,11.04396606,0.238789621,
0.3,6,0.9,100,3,0.6,0.120132928,0.999933932,9.653590918,,11.04478102,0.238677274,
0.3,5,0.8,200,3,0.6,0.036408044,0.999993508,9.458865404,,11.0448683,0.238665241,
0.4,7,0.8,300,5,0.6,0.006460276,0.999999791,9.488118649,,11.04534076,0.238600105,
0.2,7,0.7,200,3,0.6,0.235016126,0.999754596,9.300811768,,11.04545133,0.238584861,
0.2,7,0.7,400,3,0.6,0.020045816,0.999998034,9.337898731,,11.04584696,0.238530314,
0.3,5,0.7,200,1,0.6,0.001803964,0.999999985,8.741629124,,11.04781201,0.23825936,
0.3,5,0.7,400,1,0.6,0.000877405,0.999999997,8.742040396,,11.04794733,0.238240699,
0.3,5,0.7,300,1,0.6,0.000941371,0.999999996,8.742021799,,11.04815602,0.238211921,
0.1,3,0.9,100,1,0.6,1.09154445,0.995045786,9.49349618,,11.04849662,0.23816495,
0.1,4,0.9,300,10,0.6,1.671895555,0.988596768,9.789528608,,11.04973361,0.237994351,
0.3,7,0.9,100,3,0.6,0.109275004,0.999944146,9.631697655,,11.05007661,0.237947043,
0.3,8,0.9,100,3,0.6,0.105850511,0.999947866,9.58236289,,11.05197398,0.23768532,
0.4,7,0.8,200,5,0.6,0.04910719,0.999988328,9.481931686,,11.05322919,0.237512153,
0.3,5,0.7,100,1,0.6,0.047291056,0.999989863,8.737948656,,11.05442427,0.237347264,
0.1,3,0.7,400,1,0.6,0.119802867,0.999934171,9.154906988,,11.06229483,0.236260886,
0.4,7,0.9,200,5,0.6,0.018101602,0.999998396,9.412740231,,11.06497302,0.235891038,
0.4,7,0.9,400,5,0.6,0.00162337,0.999999989,9.415081263,,11.06549134,0.235819449,
0.4,7,0.9,300,5,0.6,0.002190114,0.999999979,9.414939165,,11.0659591,0.235754842,
0.4,6,0.9,100,5,0.6,0.172404306,0.999864161,9.504769325,,11.06610668,0.235734456,
0.3,6,0.9,200,3,0.6,0.010125678,0.999999508,9.673320293,,11.06715895,0.235589103,
0.3,6,0.9,400,3,0.6,0.001410021,0.999999992,9.674096107,,11.06737773,0.23555888,
0.3,6,0.9,300,3,0.6,0.001738032,0.999999987,9.673868418,,11.0675593,0.235533796,
0.3,7,0.9,200,3,0.6,0.00891319,0.99999962,9.640873909,,11.06859556,0.235390636,
0.3,7,0.9,400,3,0.6,0.001381754,0.999999992,9.64107275,,11.06881922,0.235359735,
0.3,7,0.9,300,3,0.6,0.001667972,0.999999988,9.6409235,,11.06902603,0.235331161,
0.3,8,0.9,200,3,0.6,0.008678715,0.999999639,9.592785597,,11.07220428,0.23489198,
0.3,8,0.9,400,3,0.6,0.001384966,0.999999992,9.593249321,,11.07258328,0.2348396,
0.3,8,0.9,300,3,0.6,0.001692706,0.999999988,9.593100786,,11.07272618,0.23481985,
0.3,3,0.8,200,10,0.6,0.956880493,0.996161823,9.351964951,,11.07285896,0.234801498,
0.1,3,0.7,300,1,0.6,0.283112743,0.99964614,9.105803728,,11.07667344,0.234274201,
0.3,3,0.9,100,10,0.6,1.869414539,0.985768784,9.593110561,,11.07935414,0.233903526,
0.1,3,0.9,200,1,0.6,0.376542881,0.99936348,9.5677526,,11.0803709,0.233762909,
0.4,8,0.8,100,5,0.6,0.295343883,0.999594232,9.398182392,,11.08304104,0.23339357,
0.1,3,0.7,200,1,0.6,0.629885394,0.998293431,8.989979029,,11.08387862,0.233277695,
0.1,5,0.8,400,10,0.6,1.325613513,0.992790614,9.587075233,,11.08417189,0.233237121,
0.4,6,0.9,400,5,0.6,0.001637818,0.999999989,9.538727999,,11.0949462,0.231745741,
0.4,6,0.9,200,5,0.6,0.019160781,0.99999818,9.536880493,,11.09540793,0.231681796,
0.4,6,0.9,300,5,0.6,0.002329134,0.999999976,9.53856802,,11.09550427,0.231668454,
0.4,8,0.8,100,10,0.6,1.15608666,0.994476585,9.236353636,,11.09729934,0.231419827,
0.3,3,0.8,300,10,0.6,0.491990329,0.998946616,9.557671309,,11.10089728,0.230921371,
0.4,6,0.8,100,10,0.6,1.157375138,0.994464491,9.214015007,,11.10136426,0.230856666,
0.3,3,0.8,400,10,0.6,0.250165088,0.999717316,9.618517637,,11.10431128,0.23044825,
0.4,7,0.9,100,3,0.6,0.031660446,0.999995043,9.048399925,,11.10516682,0.230329663,
0.4,5,0.9,100,3,0.6,0.049564735,0.999987925,9.1766572,,11.1067772,0.230106425,
0.2,5,0.8,200,10,0.6,1.278580456,0.993244464,9.543241739,,11.10693541,0.230084492,
0.4,5,0.9,400,3,0.6,0.001229034,0.999999994,9.178012371,,11.1069497,0.230082511,
0.4,5,0.9,200,3,0.6,0.002399047,0.999999973,9.177884817,,11.1071078,0.230060592,
0.4,5,0.9,300,3,0.6,0.00137024,0.999999992,9.17788887,,11.10717127,0.230051793,
0.4,7,0.9,400,3,0.6,0.001238099,0.999999994,9.048351526,,11.10856715,0.229858256,
0.4,7,0.9,200,3,0.6,0.001856403,0.999999985,9.048159122,,11.10865487,0.229846093,
0.4,7,0.9,300,3,0.6,0.001334749,0.999999993,9.048276901,,11.10871389,0.229837909,
0.1,5,0.9,300,10,0.6,1.61648107,0.989339544,9.755078077,,11.11038323,0.229606423,
0.3,8,0.8,400,5,0.6,0.006249602,0.999999804,9.580074787,,11.11565719,0.228874857,
0.2,3,0.8,100,1,0.6,0.440191554,0.999145531,9.406757116,,11.11736256,0.228638226,
0.3,8,0.8,300,5,0.6,0.030126551,0.999995535,9.578153372,,11.11766343,0.228596474,
0.4,8,0.9,100,3,0.6,0.030737829,0.999995395,9.033164024,,11.11934546,0.22836304,
0.4,8,0.9,400,3,0.6,0.001241248,0.999999994,9.034038305,,11.1210342,0.228128639,
0.4,8,0.9,200,3,0.6,0.001835363,0.999999986,9.033866167,,11.12115457,0.22811193,
0.4,8,0.9,300,3,0.6,0.001347207,0.999999992,9.033928871,,11.12115845,0.228111391,
0.2,3,0.8,300,1,0.6,0.013883967,0.999999,9.497957706,,11.12475155,0.227612536,
0.2,3,0.8,400,1,0.6,0.002310373,0.999999974,9.499328613,,11.12544538,0.227516189,
0.1,8,0.8,400,10,0.6,1.30798063,0.992984644,9.588407516,,11.12547582,0.227511961,
0.1,7,0.8,400,10,0.6,1.308711516,0.992976255,9.585668802,,11.12778136,0.227191762,
0.2,3,0.8,200,1,0.6,0.077865248,0.999970757,9.483407736,,11.12841058,0.227104363,
0.4,4,0.7,400,1,0.6,0.000817708,0.999999997,8.854265451,,11.12857971,0.22708087,
0.4,4,0.7,200,1,0.6,0.001019394,0.999999996,8.854082346,,11.12860567,0.227077264,
0.2,8,0.9,100,3,0.6,0.391099422,0.999346948,9.56035471,,11.12866485,0.227069042,
0.4,4,0.7,300,1,0.6,0.000868515,0.999999997,8.854228497,,11.12885289,0.227042922,
0.3,4,0.9,100,5,0.6,0.568198516,0.998610699,9.59907198,,11.12900555,0.227021717,
0.3,8,0.8,200,5,0.6,0.140461224,0.999907388,9.553900719,,11.12902406,0.227019145,
0.1,6,0.8,400,10,0.6,1.31243714,0.992935828,9.575847149,,11.12962416,0.226935781,
0.4,4,0.7,100,1,0.6,0.018892966,0.999998286,8.854342461,,11.13155681,0.226667275,
0.2,6,0.9,100,3,0.6,0.415513902,0.999263342,9.559469223,,11.13652143,0.225977315,
0.4,8,0.8,400,5,0.6,0.001850542,0.999999985,9.450624943,,11.13880978,0.225659187,
0.4,8,0.8,300,5,0.6,0.006491471,0.999999783,9.450566053,,11.14038715,0.225439862,
0.4,5,0.8,100,10,0.6,1.164775943,0.994385728,9.230356932,,11.14320451,0.225048046,
0.3,7,0.8,400,5,0.6,0.006292831,0.999999791,9.577794075,,11.14454875,0.224861065,
0.3,7,0.8,300,5,0.6,0.030218444,0.999995499,9.576615572,,11.14458546,0.224855959,
0.4,8,0.8,200,5,0.6,0.049330425,0.999988007,9.444961548,,11.14680493,0.224547185,
0.2,7,0.9,100,3,0.6,0.396810082,0.99932804,9.56764245,,11.14814186,0.224361161,
0.4,5,0.8,100,3,0.6,0.10063281,0.999948656,9.353586674,,11.14861127,0.22429584,
0.3,7,0.8,200,5,0.6,0.140437629,0.999907517,9.549903154,,11.14925064,0.224206864,
0.3,6,0.8,300,5,0.6,0.030944313,0.999995231,9.589892149,,11.15439666,0.223490553,
0.3,6,0.8,200,5,0.6,0.144649523,0.999901449,9.565737486,,11.15480767,0.223433327,
0.3,6,0.8,400,5,0.6,0.006346936,0.999999795,9.592139721,,11.15483356,0.223429723,
0.4,5,0.8,200,3,0.6,0.007104701,0.999999733,9.368115902,,11.15649019,0.223199046,
0.4,5,0.8,400,3,0.6,0.001224151,0.999999994,9.368054152,,11.15651635,0.223195402,
0.4,5,0.8,300,3,0.6,0.001446881,0.999999991,9.368024111,,11.15680134,0.223155716,
0.2,4,0.9,100,3,0.6,0.622444785,0.998337344,9.569887161,,11.15869895,0.222891432,
0.1,4,0.8,400,10,0.6,1.372273751,0.992282922,9.555140972,,11.1698834,0.221332848,
0.1,3,0.8,400,1,0.6,0.088613103,0.999962638,9.350062132,,11.17059961,0.22123299,
0.1,3,0.8,300,1,0.6,0.224708312,0.999770971,9.316982269,,11.17444339,0.220696954,
0.4,5,0.9,100,5,0.6,0.208142221,0.999805783,9.49957037,,11.17966177,0.219968926,
0.4,7,0.8,100,10,0.6,1.156322934,0.99447452,9.233116627,,11.18350292,0.219432822,
0.2,3,0.8,200,10,0.6,1.635850853,0.989063663,9.254159927,,11.18361306,0.219417447,
0.4,4,0.8,100,5,0.6,0.42040862,0.999205895,9.461534977,,11.18443291,0.219302997,
0.1,4,0.7,400,1,0.6,0.042826294,0.99999155,9.322050333,,11.1957639,0.217720341,
0.1,4,0.7,300,1,0.6,0.133596847,0.999920367,9.306912899,,11.20019977,0.217100325,
0.4,3,0.9,200,3,0.6,0.026880402,0.999996421,9.372835159,,11.20199802,0.216848907,
0.3,5,0.8,300,5,0.6,0.033731357,0.999994497,9.540649414,,11.20445336,0.216505556,
0.4,5,0.9,200,5,0.6,0.023783454,0.999997342,9.53290081,,11.20454999,0.216492042,
0.1,8,0.7,200,1,0.6,0.236114028,0.999755291,9.371182442,,11.20491998,0.216440296,
0.4,3,0.9,100,3,0.6,0.234723134,0.999749823,9.29624033,,11.20505127,0.216421934,
0.3,5,0.8,400,5,0.6,0.006985638,0.999999752,9.542775154,,11.20601726,0.216286823,
0.1,7,0.7,200,1,0.6,0.239499213,0.999747291,9.37885499,,11.20604452,0.216283009,
0.4,5,0.9,400,5,0.6,0.001689403,0.999999988,9.535407543,,11.20633214,0.216242779,
0.4,5,0.9,300,5,0.6,0.002704704,0.999999966,9.535173655,,11.20675777,0.216183242,
0.1,7,0.7,300,1,0.6,0.073434885,0.999975968,9.403585196,,11.20792706,0.216019669,
0.4,3,0.9,400,3,0.6,0.001566685,0.99999999,9.379896641,,11.2082173,0.215979065,
0.1,8,0.7,300,1,0.6,0.072308849,0.999976716,9.397146463,,11.20825603,0.215973647,
0.4,3,0.9,300,3,0.6,0.003755011,0.999999932,9.378892422,,11.20875177,0.215904291,
0.1,7,0.7,400,1,0.6,0.020302556,0.999998125,9.407797098,,11.21054771,0.215653004,
0.1,8,0.7,400,1,0.6,0.019940671,0.999998195,9.400960445,,11.21078073,0.215620397,
0.3,5,0.8,200,5,0.6,0.154475251,0.999889005,9.519132614,,11.21427505,0.21513135,
0.4,4,0.8,400,5,0.6,0.002284238,0.999999977,9.537735939,,11.21783655,0.214632744,
0.1,4,0.7,200,1,0.6,0.380159152,0.999369661,9.259616375,,11.21890466,0.214483179,
0.4,6,0.9,100,3,0.6,0.03617862,0.999993271,9.053586245,,11.22002682,0.214326029,
0.4,4,0.8,300,5,0.6,0.011993861,0.999999268,9.538291216,,11.22041327,0.214271906,
0.4,6,0.9,400,3,0.6,0.001237732,0.999999994,9.053363085,,11.22422175,0.213738426,
0.4,6,0.9,200,3,0.6,0.001969114,0.999999983,9.053080797,,11.22436268,0.213718681,
0.4,6,0.9,300,3,0.6,0.001355105,0.999999992,9.053233385,,11.22436556,0.213718278,
0.4,4,0.8,200,5,0.6,0.076498535,0.999971657,9.532214642,,11.22484445,0.213651183,
0.4,8,0.8,100,3,0.6,0.076968381,0.999970691,9.192183018,,11.22790315,0.213222574,
0.3,3,0.9,100,5,0.6,0.891271703,0.99665153,9.405411482,,11.22835678,0.213158998,
0.1,6,0.7,300,1,0.6,0.076918422,0.99997358,9.414707422,,11.22888265,0.213085294,
0.1,6,0.7,200,1,0.6,0.249108837,0.999727547,9.384231567,,11.22893504,0.213077952,
0.3,3,0.8,200,5,0.6,0.374903957,0.999363206,9.493229389,,11.2289429,0.21307685,
0.3,3,0.8,300,5,0.6,0.127586844,0.999920536,9.583333492,,11.2295962,0.212985281,
0.1,6,0.7,400,1,0.6,0.02129062,0.999997935,9.419468641,,11.2296121,0.212983052,
0.2,4,0.7,200,3,0.6,0.328357069,0.999524325,9.13821888,,11.23074231,0.212824625,
0.1,5,0.7,300,1,0.6,0.089856305,0.999963694,9.404694796,,11.23113006,0.212770268,
0.4,6,0.8,100,5,0.6,0.304100834,0.999574144,9.387803555,,11.23251264,0.212576436,
0.3,4,0.7,200,10,0.6,0.90715063,0.996499162,9.496558189,,11.23268939,0.212551655,
0.1,5,0.7,400,1,0.6,0.025454438,0.999996989,9.410861969,,11.23303772,0.212502816,
0.2,7,0.8,100,3,0.6,0.601472958,0.998437702,9.271796465,,11.23406989,0.212358087,
0.3,3,0.8,400,5,0.6,0.040772691,0.99999136,9.59815526,,11.23413609,0.212348806,
0.2,8,0.8,100,3,0.6,0.596317998,0.99846654,9.294898987,,11.23570649,0.21212858,
0.4,8,0.8,400,3,0.6,0.001203204,0.999999994,9.20169425,,11.2374343,0.211886246,
0.4,8,0.8,200,3,0.6,0.005311089,0.999999856,9.201570511,,11.23749849,0.211877243,
0.4,8,0.8,300,3,0.6,0.001403619,0.999999992,9.201682091,,11.23764706,0.211856404,
0.2,4,0.7,300,3,0.6,0.106589313,0.99994873,9.18825841,,11.23826297,0.211770009,
0.3,4,0.9,400,5,0.6,0.005223559,0.999999868,9.793003082,,11.23899839,0.211666843,
0.4,6,0.8,100,3,0.6,0.084452144,0.999964807,9.201115131,,11.23900768,0.21166554,
0.3,6,0.8,200,10,0.6,0.633371244,0.998271787,9.556915998,,11.23996689,0.211530971,
0.3,4,0.9,300,5,0.6,0.025479352,0.999996856,9.787488937,,11.24384896,0.210986233,
0.3,3,0.7,200,5,0.6,0.436677702,0.999166226,9.420045853,,11.244475,0.210898368,
0.3,4,0.9,200,5,0.6,0.123160466,0.999929783,9.759697437,,11.24488778,0.210840432,
0.1,5,0.7,200,1,0.6,0.284917487,0.999643278,9.375430107,,11.24557834,0.210743503,
0.4,7,0.8,100,3,0.6,0.078157766,0.999969641,9.198997498,,11.24641745,0.210625715,
0.3,3,0.7,300,5,0.6,0.164639487,0.999875117,9.513822794,,11.24684735,0.210565365,
0.2,6,0.8,100,3,0.6,0.616816699,0.998367416,9.320333242,,11.24719121,0.210517092,
0.1,3,0.8,200,1,0.6,0.548657445,0.998697454,9.218139648,,11.24788873,0.210419167,
0.2,4,0.7,400,3,0.6,0.032422213,0.999995023,9.198694229,,11.24808969,0.210390952,
0.4,6,0.8,400,3,0.6,0.001187237,0.999999994,9.211486816,,11.25062447,0.210035031,
0.4,6,0.8,300,3,0.6,0.001385364,0.999999992,9.21155405,,11.25089067,0.209997649,
0.4,6,0.8,200,3,0.6,0.005845347,0.999999825,9.211763144,,11.25093305,0.209991698,
0.2,4,0.8,300,3,0.6,0.059527081,0.999982939,9.489966393,,11.25236128,0.209791112,
0.4,7,0.8,400,3,0.6,0.001194962,0.999999994,9.210232258,,11.2529539,0.209707875,
0.4,7,0.8,200,3,0.6,0.00533789,0.999999855,9.210175276,,11.25296679,0.209706064,
0.4,7,0.8,300,3,0.6,0.0013923,0.999999992,9.210277557,,11.25316821,0.209677773,
0.2,4,0.8,400,3,0.6,0.0142194,0.999999006,9.489123344,,11.25733327,0.209092631,
0.2,5,0.7,300,3,0.6,0.077792862,0.999972236,9.340073824,,11.25791035,0.209011541,
0.2,5,0.7,200,3,0.6,0.259852797,0.999699735,9.309389353,,11.26156732,0.208497575,
0.1,3,0.9,400,10,0.6,1.450033113,0.99143372,9.742460489,,11.26167979,0.208481766,
0.2,5,0.7,400,3,0.6,0.022207248,0.999997632,9.347336292,,11.2625223,0.208363331,
0.2,4,0.8,200,3,0.6,0.226481233,0.999766561,9.46570611,,11.26406125,0.208146973,
0.2,6,0.7,300,3,0.6,0.072100429,0.99997639,9.295931578,,11.26533506,0.207967866,
0.1,7,0.7,200,5,0.6,1.941535689,0.984553903,9.315442324,,11.2664964,0.207804558,
0.2,6,0.7,200,3,0.6,0.239789247,0.999745102,9.267042398,,11.2720976,0.207016674,
0.3,3,0.7,400,5,0.6,0.058714886,0.999982576,9.532072783,,11.27305353,0.20688217,
0.2,6,0.7,400,3,0.6,0.020378273,0.999998024,9.296641827,,11.27363369,0.206800533,
0.3,7,0.8,200,10,0.6,0.631058298,0.998288726,9.579611778,,11.27978949,0.205934067,
0.2,5,0.8,100,3,0.6,0.66904405,0.998074244,9.258029699,,11.28379247,0.205370369,
0.2,4,0.9,400,3,0.6,0.006947485,0.999999764,9.743594885,,11.29026446,0.204458565,
0.2,6,0.9,400,3,0.6,0.002408755,0.999999974,9.637313843,,11.290843,0.204377032,
0.2,6,0.9,200,3,0.6,0.077970782,0.999972465,9.626317501,,11.29119034,0.204328079,
0.2,6,0.9,300,3,0.6,0.012175283,0.999999297,9.636079311,,11.29126116,0.204318098,
0.4,6,0.8,400,5,0.6,0.001861784,0.999999985,9.444128513,,11.29155303,0.204276962,
0.4,6,0.8,300,5,0.6,0.006669759,0.999999778,9.444007874,,11.29261179,0.204127732,
0.2,4,0.9,300,3,0.6,0.032795814,0.999994818,9.737104654,,11.29536531,0.203739564,
0.2,4,0.9,200,3,0.6,0.144627401,0.999905908,9.710756779,,11.29671283,0.203549567,
0.4,6,0.8,200,5,0.6,0.050303401,0.999987758,9.43567276,,11.29696608,0.203513857,
0.2,8,0.9,400,3,0.6,0.00218361,0.999999979,9.61767745,,11.29790557,0.203381376,
0.2,8,0.9,300,3,0.6,0.010867682,0.999999453,9.616424799,,11.29851985,0.203294747,
0.2,8,0.9,200,3,0.6,0.070237479,0.999977937,9.605907917,,11.30061796,0.202998826,
0.2,7,0.9,400,3,0.6,0.002194972,0.999999979,9.627114296,,11.30364807,0.202571359,
0.2,7,0.9,300,3,0.6,0.011147323,0.999999427,9.625640631,,11.30429496,0.202480085,
0.2,7,0.9,200,3,0.6,0.071714382,0.999977081,9.614842892,,11.30455251,0.202443744,
0.1,6,0.7,200,5,0.6,1.944370694,0.984507202,9.298957109,,11.31382542,0.201134766,
0.1,3,0.8,200,5,0.6,1.92817445,0.984842523,9.262449503,,11.3150436,0.200962727,
0.4,4,0.7,200,10,0.6,0.546223529,0.99868825,9.275181055,,11.31611195,0.200811832,
0.4,6,0.7,200,10,0.6,0.500466461,0.998902382,9.285166502,,11.31812988,0.200526779,
0.2,8,0.8,300,10,0.6,0.628817669,0.99832221,9.63668704,,11.32054917,0.200184961,
0.3,6,0.8,400,10,0.6,0.110085822,0.999945184,9.690523386,,11.32115472,0.200099393,
0.2,3,0.8,100,5,0.6,1.786487805,0.986961178,9.319602489,,11.3254753,0.199488732,
0.3,6,0.8,300,10,0.6,0.264860997,0.999685059,9.679327011,,11.32680593,0.199300617,
0.4,5,0.6,400,1,0.6,0.000800838,0.999999997,8.828570127,,11.33555999,0.198062479,
0.4,5,0.6,300,1,0.6,0.000869837,0.999999997,8.828515053,,11.33581354,0.198026603,
0.4,5,0.6,200,1,0.6,0.001821267,0.999999983,8.828578234,,11.33609388,0.197986936,
0.3,3,0.9,200,5,0.6,0.275927611,0.999661288,9.620448828,,11.33763855,0.197768354,
0.3,7,0.8,400,10,0.6,0.108944398,0.999946369,9.698657751,,11.341477,0.197225058,
0.3,5,0.9,100,3,0.6,0.154234657,0.999893149,9.66207242,,11.34228444,0.197110749,
0.1,4,0.8,100,1,0.6,0.904994463,0.996556879,9.376358986,,11.34444902,0.19680427,
0.4,5,0.6,100,1,0.6,0.040343612,0.999991676,8.825983286,,11.34450163,0.19679682,
0.3,7,0.8,300,10,0.6,0.261965612,0.99969252,9.687072754,,11.34665809,0.196491433,
0.3,3,0.9,300,5,0.6,0.095522466,0.999957771,9.686222076,,11.34944823,0.19609622,
0.4,6,0.7,300,10,0.6,0.205735636,0.999810103,9.36220479,,11.34994954,0.196025199,
0.4,4,0.7,300,10,0.6,0.231874271,0.99975605,9.360379934,,11.35230155,0.195691956,
0.2,8,0.8,100,5,0.6,1.331698104,0.9926877,9.411934376,,11.35275306,0.195627976,
0.3,3,0.9,400,5,0.6,0.030653998,0.999995468,9.717779636,,11.35347823,0.195525213,
0.4,4,0.9,100,5,0.6,0.282934967,0.999636701,9.588401318,,11.35367157,0.195497812,
0.2,7,0.8,100,5,0.6,1.331199726,0.992687824,9.38242197,,11.35445766,0.195386407,
0.2,5,0.9,100,3,0.6,0.482382857,0.999000726,9.560667515,,11.35587487,0.195185539,
0.3,5,0.9,200,3,0.6,0.013531388,0.999999119,9.6726439,,11.35874206,0.19477908,
0.2,3,0.9,100,3,0.6,1.014527196,0.99568372,9.60618329,,11.35941485,0.194683689,
0.3,5,0.9,400,3,0.6,0.00145094,0.999999991,9.672205687,,11.35947337,0.19467539,
0.4,3,0.8,100,10,0.6,1.473121281,0.991064765,9.067274094,,11.35953879,0.194666115,
0.3,5,0.9,300,3,0.6,0.001899396,0.999999984,9.672045946,,11.35970367,0.194642737,
0.1,8,0.7,200,5,0.6,1.941229692,0.984558735,9.314225435,,11.36012565,0.194582902,
0.1,6,0.8,100,1,0.6,0.652378217,0.998178782,9.352483387,,11.36381983,0.194058992,
0.4,6,0.7,400,10,0.6,0.083098167,0.999967255,9.372576714,,11.36609285,0.193736548,
0.4,8,0.7,200,10,0.6,0.499488137,0.998906372,9.28979826,,11.37048845,0.193112816,
0.1,5,0.8,100,1,0.6,0.726085749,0.997756412,9.353082418,,11.3719974,0.192898641,
0.4,4,0.7,400,10,0.6,0.095397311,0.999956736,9.370281219,,11.37306973,0.192746421,
0.4,7,0.7,200,10,0.6,0.500090181,0.998903866,9.287189245,,11.37443866,0.192552079,
0.4,7,0.7,300,10,0.6,0.206016911,0.999809744,9.36420989,,11.37824153,0.192012073,
0.2,3,0.7,200,3,0.6,0.508284244,0.998873263,9.279268026,,11.3836088,0.191249615,
0.2,4,0.8,300,10,0.6,0.721668732,0.997808041,9.670603275,,11.38567276,0.19095632,
0.2,7,0.6,300,10,0.6,1.298428803,0.992915595,9.328952551,,11.38730147,0.190724837,
0.2,8,0.6,300,10,0.6,1.298248268,0.992918037,9.326831818,,11.38730147,0.190724837,
0.4,8,0.7,300,10,0.6,0.206070656,0.999809781,9.364777565,,11.38778978,0.190655429,
0.3,8,0.9,100,5,0.6,0.37796535,0.999387709,9.633635521,,11.38894442,0.190491297,
0.3,7,0.9,100,5,0.6,0.385532578,0.999361846,9.613266706,,11.39289232,0.189929979,
0.3,5,0.9,100,5,0.6,0.449566675,0.999130526,9.628031969,,11.39375408,0.189807427,
0.2,6,0.6,300,10,0.6,1.299074485,0.992909405,9.299632072,,11.39532212,0.18958441,
0.4,4,0.9,400,5,0.6,0.001861053,0.999999985,9.650880575,,11.39993025,0.188928832,
0.4,7,0.7,400,10,0.6,0.082615871,0.999967994,9.373374224,,11.39993631,0.18892797,
0.4,4,0.9,300,5,0.6,0.004694,0.999999892,9.650271177,,11.40116076,0.188753728,
0.1,8,0.8,100,1,0.6,0.609189889,0.998413738,9.346487875,,11.40148762,0.188707212,
0.3,6,0.9,100,5,0.6,0.398016121,0.999317687,9.65644145,,11.40215609,0.188612078,
0.2,3,0.7,300,3,0.6,0.202885274,0.999809315,9.408889055,,11.40527261,0.188168469,
0.4,4,0.9,200,5,0.6,0.037906334,0.999993038,9.646034718,,11.40544774,0.188143537,
0.1,7,0.8,100,1,0.6,0.621900723,0.998349353,9.357673044,,11.4055647,0.188126885,
0.2,6,0.8,100,5,0.6,1.338133421,0.992619655,9.406310558,,11.41461116,0.186838482,
0.4,8,0.7,400,10,0.6,0.082440354,0.99996816,9.37270093,,11.41502735,0.186779182,
0.3,4,0.8,100,3,0.6,0.358113669,0.999432415,9.303966999,,11.41551064,0.186710321,
0.2,3,0.7,400,3,0.6,0.077664921,0.999969995,9.445300579,,11.41600103,0.186640444,
0.3,4,0.9,100,3,0.6,0.238058056,0.999738994,9.6668818,,11.41917601,0.186187963,
0.4,5,0.8,100,5,0.6,0.334244154,0.999487035,9.428995132,,11.42017395,0.186045716,
0.4,3,0.7,400,1,0.8,0.000752923,0.999999998,10.83743715,,11.42577114,0.185247659,
0.4,3,0.7,200,1,0.8,0.000912699,0.999999997,10.83721542,,11.42590548,0.1852285,
0.4,3,0.7,300,1,0.8,0.00078572,0.999999997,10.83737254,,11.42593714,0.185223985,
0.3,4,0.8,400,3,0.6,0.00172867,0.999999987,9.373181581,,11.42733416,0.185024732,
0.3,4,0.8,300,3,0.6,0.007505093,0.99999971,9.373478174,,11.42776721,0.184962962,
0.3,4,0.8,200,3,0.6,0.055898608,0.999984873,9.368006229,,11.43004509,0.184638009,
0.4,3,0.7,100,1,0.8,0.020068745,0.999998162,10.8356092,,11.43042813,0.18458336,
0.2,8,0.8,400,10,0.6,0.344437616,0.999485252,9.683085918,,11.43279504,0.184245627,
0.4,4,0.6,300,1,0.6,0.000917819,0.999999997,9.007259369,,11.43407811,0.184062517,
0.4,4,0.6,400,1,0.6,0.000803947,0.999999997,9.007336855,,11.43409436,0.184060198,
0.3,6,0.7,200,10,0.6,0.871300713,0.996789248,9.427244663,,11.43414683,0.184052709,
0.3,7,0.7,200,10,0.6,0.869386985,0.99679734,9.432634115,,11.43424092,0.184039281,
0.3,8,0.7,200,10,0.6,0.869450184,0.996795065,9.442052364,,11.43424092,0.184039281,
0.4,4,0.6,200,1,0.6,0.003001236,0.999999947,9.006877184,,11.43471747,0.183971265,
0.3,4,0.9,400,3,0.6,0.001528555,0.99999999,9.73921752,,11.43484887,0.18395251,
0.3,4,0.9,300,3,0.6,0.003054685,0.999999957,9.738717318,,11.43544677,0.18386717,
0.3,4,0.9,200,3,0.6,0.02588587,0.999996774,9.733116627,,11.43575411,0.1838233,
0.2,7,0.8,300,10,0.6,0.629552231,0.998316265,9.627506256,,11.43990851,0.183230189,
0.3,5,0.8,200,10,0.6,0.646732268,0.998209938,9.491031408,,11.44106012,0.183065739,
0.3,5,0.7,200,10,0.6,0.872542904,0.996774791,9.485700846,,11.44607015,0.182350113,
0.2,4,0.8,400,10,0.6,0.421064194,0.999239906,9.726768732,,11.44687904,0.182234543,
0.4,4,0.6,100,1,0.6,0.060259054,0.999981529,9.001184225,,11.44716926,0.182193075,
0.2,5,0.9,200,3,0.6,0.094910866,0.999958681,9.637742758,,11.4486447,0.181982245,
0.2,5,0.9,400,3,0.6,0.00317888,0.99999995,9.64854908,,11.450848,0.181667358,
0.2,5,0.9,300,3,0.6,0.016380599,0.999998652,9.647357702,,11.45194522,0.181510526,
0.4,5,0.7,400,1,0.6,0.000804648,0.999999997,8.645392418,,11.45220574,0.181473285,
0.4,5,0.7,100,1,0.6,0.010933726,0.999999444,8.646015644,,11.45227887,0.181462833,
0.4,5,0.7,200,1,0.6,0.000911651,0.999999997,8.645176888,,11.45245468,0.1814377,
0.4,5,0.7,300,1,0.6,0.000833714,0.999999997,8.645334959,,11.45249545,0.181431872,
0.1,3,0.7,200,5,0.6,2.262442987,0.979124415,9.19540906,,11.45366854,0.18126417,
0.3,4,0.9,200,10,0.6,0.522902283,0.998809455,9.74763608,,11.4547555,0.181108766,
0.2,5,0.6,300,10,0.6,1.300758299,0.992889062,9.315305233,,11.45775474,0.180679884,
0.2,4,0.6,300,10,0.6,1.319123679,0.992711715,9.32977128,,11.46166226,0.18012095,
0.2,3,0.8,100,3,0.6,1.146310478,0.994484264,9.105489492,,11.47811249,0.177765816,
0.2,5,0.8,100,5,0.6,1.366535315,0.992292131,9.497546673,,11.48017788,0.177469882,
0.3,4,0.9,400,10,0.6,0.0855755,0.999965022,9.898258448,,11.48168646,0.177253694,
0.3,3,0.8,100,3,0.6,0.616456009,0.99831315,9.357244968,,11.48275314,0.177100817,
0.3,6,0.9,200,10,0.6,0.434012747,0.999175002,9.682749987,,11.4835039,0.176993208,
0.1,5,0.7,200,5,0.6,1.956210396,0.984324189,9.324313164,,11.48419325,0.176894396,
0.3,4,0.7,300,10,0.6,0.452307078,0.999106122,9.58189106,,11.48505936,0.176770237,
0.4,5,0.8,400,5,0.6,0.001988204,0.999999982,9.487040043,,11.48528411,0.176738017,
0.4,5,0.8,300,5,0.6,0.007462941,0.999999726,9.487129927,,11.48539149,0.176722624,
0.4,5,0.8,200,5,0.6,0.055574872,0.999985068,9.483489752,,11.48697059,0.176496228,
0.3,8,0.9,200,10,0.6,0.424957263,0.999209179,9.61853981,,11.49179506,0.175804347,
0.4,8,0.7,100,1,0.6,0.008142346,0.999999688,8.545559168,,11.49771147,0.174955474,
0.2,8,0.8,300,3,0.6,0.02977766,0.999995723,9.397771835,,11.49823771,0.17487995,
0.4,8,0.7,400,1,0.6,0.000798815,0.999999997,8.544790268,,11.49833175,0.174866453,
0.4,8,0.7,300,1,0.6,0.000823133,0.999999997,8.544791937,,11.49841395,0.174854656,
0.4,8,0.7,200,1,0.6,0.000909039,0.999999997,8.544699669,,11.49854635,0.174835653,
0.2,4,0.8,100,5,0.6,1.457266838,0.991252412,9.489407301,,11.4990442,0.174764198,
0.2,8,0.8,400,3,0.6,0.006195609,0.999999808,9.398718596,,11.49929522,0.174728167,
0.3,7,0.9,200,10,0.6,0.425664668,0.999206556,9.646749496,,11.4995585,0.174690378,
0.2,6,0.8,300,10,0.6,0.636280463,0.998278902,9.636639595,,11.50042252,0.174566354,
0.1,4,0.7,200,5,0.6,2.010113348,0.983471789,9.280161142,,11.50100192,0.174483179,
0.3,4,0.9,300,10,0.6,0.209043714,0.9997994,9.857255697,,11.50190905,0.17435295,
0.2,7,0.8,300,3,0.6,0.030238914,0.999995535,9.377450943,,11.50526594,0.173870941,
0.2,7,0.8,400,3,0.6,0.006254885,0.999999805,9.377919674,,11.50598351,0.17376789,
0.2,3,0.8,300,10,0.6,0.968699878,0.996107144,9.445966482,,11.50807528,0.173467447,
0.2,3,0.9,100,5,0.6,1.573772488,0.989880816,9.642308474,,11.51040616,0.173132596,
0.4,6,0.7,100,1,0.6,0.009077498,0.999999614,8.490449905,,11.51108942,0.173034427,
0.4,3,0.8,100,3,0.6,0.314541904,0.999559128,8.959031582,,11.51232202,0.172857315,
0.4,6,0.7,400,1,0.6,0.000825775,0.999999997,8.489622116,,11.51262611,0.172813618,
0.2,8,0.8,200,3,0.6,0.136630685,0.9999145,9.37148881,,11.51286131,0.17277982,
0.4,6,0.7,300,1,0.6,0.000850531,0.999999997,8.489530802,,11.51288165,0.172776896,
0.4,6,0.7,200,1,0.6,0.000931806,0.999999996,8.48951745,,11.51302478,0.172756328,
0.2,7,0.8,200,3,0.6,0.138228688,0.999911467,9.35478735,,11.51312431,0.172742026,
0.2,3,0.9,300,3,0.6,0.12217492,0.999929921,9.868276119,,11.5166428,0.172236316,
0.2,3,0.9,400,3,0.6,0.039635554,0.999992242,9.905582428,,11.51803619,0.172036003,
0.2,3,0.9,200,3,0.6,0.333724169,0.999505646,9.784438372,,11.52123915,0.171575455,
0.3,8,0.8,200,10,0.6,0.631472731,0.998285888,9.582309008,,11.52310325,0.17130736,
0.4,4,0.8,100,3,0.6,0.150060222,0.999891147,9.461909533,,11.52524596,0.170999142,
0.3,4,0.7,400,10,0.6,0.234666951,0.999751502,9.601740837,,11.52602355,0.170887277,
0.3,8,0.9,200,5,0.6,0.068680281,0.999978845,9.698836088,,11.52723146,0.170713488,
0.4,7,0.7,100,1,0.6,0.008274871,0.999999681,8.623616695,,11.52914631,0.17043795,
0.3,8,0.9,400,5,0.6,0.002306113,0.999999977,9.714419127,,11.53015247,0.170293151,
0.4,7,0.7,400,1,0.6,0.000806049,0.999999997,8.622730255,,11.53085778,0.17019164,
0.4,7,0.7,300,1,0.6,0.000838825,0.999999997,8.622696161,,11.53117184,0.170146437,
0.4,7,0.7,200,1,0.6,0.000935617,0.999999996,8.622704029,,11.53126058,0.170133664,
0.3,8,0.9,300,5,0.6,0.010229795,0.999999513,9.712908745,,11.53134343,0.170121739,
0.4,4,0.8,200,3,0.6,0.012059656,0.999999198,9.478924036,,11.53258195,0.169943465,
0.4,4,0.8,400,3,0.6,0.001229953,0.999999994,9.478863239,,11.53310336,0.169868405,
0.4,4,0.8,300,3,0.6,0.001593263,0.999999989,9.478767633,,11.53324729,0.169847685,
0.3,5,0.8,300,10,0.6,0.276515057,0.99965859,9.599744797,,11.53387435,0.169757413,
0.3,5,0.8,400,10,0.6,0.115456975,0.999939708,9.616322756,,11.53468465,0.169640754,
0.1,6,0.9,100,3,0.6,1.744608821,0.987617378,9.484741688,,11.5416242,0.168641323,
0.2,6,0.8,300,3,0.6,0.031833579,0.999995074,9.413322687,,11.54420385,0.16826965,
0.2,6,0.8,400,3,0.6,0.006648491,0.999999775,9.413585901,,11.54539362,0.168098202,
0.1,5,0.9,100,3,0.6,1.798744699,0.986836223,9.477588892,,11.54789122,0.167738235,
0.2,6,0.8,200,3,0.6,0.144365663,0.999904089,9.391009808,,11.54967936,0.167480471,
0.3,6,0.9,400,10,0.6,0.055677113,0.999985397,9.763772726,,11.55003542,0.167429139,
0.3,7,0.9,200,5,0.6,0.070578288,0.999977351,9.681084871,,11.55157945,0.167206525,
0.3,6,0.9,300,10,0.6,0.150930711,0.99989468,9.747065544,,11.55200158,0.167145659,
0.3,8,0.9,300,10,0.6,0.144314164,0.999903709,9.681051493,,11.55390455,0.166871241,
0.1,8,0.9,100,3,0.6,1.737809917,0.987708489,9.474939823,,11.55503641,0.166708002,
0.3,7,0.9,400,5,0.6,0.002363224,0.999999976,9.698172331,,11.55508897,0.166700422,
0.1,7,0.9,100,3,0.6,1.738989189,0.987692856,9.472369432,,11.55521959,0.166681582,
0.3,7,0.9,300,5,0.6,0.010542702,0.999999476,9.696093082,,11.55637826,0.166514455,
0.3,8,0.9,400,10,0.6,0.052115165,0.99998724,9.698219776,,11.55679071,0.16645496,
0.3,5,0.9,200,5,0.6,0.087557516,0.999964774,9.712962866,,11.55703401,0.166419862,
0.1,4,0.9,100,3,0.6,1.914295294,0.985094226,9.520484209,,11.55804182,0.166274475,
0.3,5,0.9,400,5,0.6,0.002955544,0.999999959,9.73162055,,11.56064598,0.165898737,
0.3,7,0.9,400,10,0.6,0.052399268,0.999987181,9.724637508,,11.56215543,0.165680909,
0.3,5,0.9,300,5,0.6,0.014636185,0.999998922,9.728950262,,11.56225412,0.165666666,
0.3,3,0.8,200,3,0.6,0.146088628,0.999894829,9.529555082,,11.56272855,0.165598195,
0.3,7,0.9,300,10,0.6,0.144705226,0.999903392,9.708511353,,11.56448719,0.165344357,
0.3,6,0.9,200,5,0.6,0.074397128,0.999974776,9.734775305,,11.56458358,0.165330444,
0.1,7,0.9,400,10,0.6,0.997623836,0.995886085,9.779164553,,11.56576713,0.165159591,
0.3,6,0.9,400,5,0.6,0.00241144,0.999999975,9.749940634,,11.5677095,0.164879158,
0.3,6,0.9,300,5,0.6,0.011217112,0.999999404,9.747998953,,11.5686511,0.164743197,
0.2,7,0.8,400,10,0.6,0.345202286,0.999481817,9.675607681,,11.56908385,0.164680707,
0.1,6,0.9,400,10,0.6,1.004679486,0.995832585,9.772135735,,11.57304198,0.164109034,
0.3,8,0.8,400,10,0.6,0.108657513,0.999946628,9.701813936,,11.57723289,0.163503527,
0.1,8,0.9,400,10,0.6,0.996332419,0.995898684,9.780167341,,11.57925753,0.163210926,
0.3,3,0.8,300,3,0.6,0.032184417,0.9999946,9.54882431,,11.58090358,0.162973002,
0.2,5,0.8,300,3,0.6,0.03768062,0.999993187,9.362926006,,11.58196927,0.162818946,
0.3,3,0.8,400,3,0.6,0.006552424,0.999999765,9.554899216,,11.58289649,0.162684896,
0.2,5,0.8,400,3,0.6,0.007932319,0.999999685,9.362658262,,11.58373672,0.162563413,
0.2,3,0.9,200,10,0.6,1.40135425,0.991967088,9.533644199,,11.58467128,0.162428281,
0.3,8,0.9,100,1,0.6,0.00399876,0.99999992,8.937453032,,11.58503714,0.162375377,
0.3,8,0.9,400,1,0.6,0.000957641,0.999999996,8.937706709,,11.58504212,0.162374657,
0.3,8,0.9,200,1,0.6,0.001063082,0.999999995,8.937539577,,11.58522165,0.162348696,
0.3,8,0.9,300,1,0.6,0.000988758,0.999999996,8.937618256,,11.58527023,0.16234167,
0.2,6,0.7,300,10,0.6,0.902963049,0.996594778,9.427793503,,11.58566551,0.162284508,
0.3,8,0.8,300,10,0.6,0.262285804,0.999691591,9.690495014,,11.58568859,0.162281172,
0.2,5,0.8,200,3,0.6,0.166506424,0.999872506,9.345002174,,11.59185694,0.161388913,
0.4,3,0.8,200,3,0.6,0.044575252,0.999990008,9.025994539,,11.59186601,0.1613876,
0.2,3,0.8,400,10,0.6,0.610682697,0.998424324,9.547431707,,11.59218349,0.161341663,
0.4,5,0.9,100,10,0.6,0.819183932,0.997190614,9.429425001,,11.59256569,0.16128636,
0.4,3,0.8,400,3,0.6,0.001635042,0.999999989,9.035820246,,11.59605273,0.160781714,
0.4,3,0.8,300,3,0.6,0.006383355,0.999999771,9.03519249,,11.59607499,0.160778493,
0.1,4,0.9,400,10,0.6,1.101371993,0.994997308,9.825984955,,11.59818306,0.160473338,
0.1,6,0.8,300,1,0.6,0.037062233,0.999993699,9.445148945,,11.60740305,0.159138042,
0.1,6,0.8,400,1,0.6,0.00808314,0.999999694,9.447151899,,11.60767728,0.15909831,
0.2,7,0.7,300,10,0.6,0.900025852,0.996617959,9.429609299,,11.60822345,0.159019176,
0.2,8,0.7,300,10,0.6,0.900799258,0.996612125,9.43525815,,11.60832025,0.159005149,
0.2,4,0.7,300,10,0.6,0.952219362,0.996220497,9.467463493,,11.61313429,0.158307474,
0.3,8,0.8,400,1,0.6,0.000893987,0.999999997,8.735603094,,11.61334626,0.158276747,
0.3,8,0.8,200,1,0.6,0.001058269,0.999999995,8.735469103,,11.61357848,0.158243084,
0.3,8,0.8,300,1,0.6,0.000929607,0.999999996,8.735595703,,11.61357991,0.158242878,
0.3,8,0.8,100,1,0.6,0.012556654,0.99999925,8.733869076,,11.61405012,0.158174713,
0.2,5,0.8,300,10,0.6,0.649110695,0.998205474,9.646264791,,11.61661459,0.157802909,
0.1,6,0.8,200,1,0.6,0.151654571,0.999897585,9.426609993,,11.62205079,0.157014483,
0.2,6,0.8,400,10,0.6,0.350542102,0.999465831,9.685253143,,11.62285914,0.156897215,
0.3,6,0.9,400,1,0.6,0.000979068,0.999999996,8.952896595,,11.62923942,0.155971331,
0.3,6,0.9,100,1,0.6,0.004855072,0.999999886,8.952624559,,11.6293504,0.155955221,
0.3,6,0.9,200,1,0.6,0.001118005,0.999999995,8.952771902,,11.62937383,0.15595182,
0.3,6,0.9,300,1,0.6,0.001016036,0.999999996,8.952855587,,11.629455,0.155940038,
0.4,6,0.8,400,10,0.6,0.036631931,0.999993565,9.340539217,,11.63285185,0.155446883,
0.3,5,0.9,200,10,0.6,0.453541837,0.999099899,9.681988955,,11.63498158,0.155137614,
0.1,5,0.8,400,1,0.6,0.010909867,0.999999429,9.479369164,,11.63866793,0.154602169,
0.1,5,0.8,300,1,0.6,0.047192066,0.999989849,9.474337578,,11.63873766,0.154592039,
0.4,6,0.8,300,10,0.6,0.116989253,0.999936775,9.340586662,,11.64090701,0.154276857,
0.2,3,0.7,300,5,0.6,0.454396367,0.999110275,9.26550889,,11.64213772,0.154098023,
0.4,6,0.8,200,10,0.6,0.360712661,0.999427619,9.271941662,,11.64459622,0.153740723,
0.4,4,0.8,200,10,0.6,0.428766732,0.999182557,9.30730176,,11.64834022,0.153196452,
0.3,7,0.8,400,1,0.6,0.000884155,0.999999997,8.743440151,,11.65137423,0.152755267,
0.3,7,0.8,100,1,0.6,0.013308688,0.999999162,8.741828918,,11.65150372,0.152736434,
0.3,7,0.8,200,1,0.6,0.001048354,0.999999995,8.74337244,,11.65163545,0.152717276,
0.3,7,0.8,300,1,0.6,0.000920157,0.999999997,8.743461609,,11.65164344,0.152716114,
0.4,4,0.8,400,10,0.6,0.048932094,0.999988065,9.382926702,,11.65217888,0.15263824,
0.1,5,0.8,200,1,0.6,0.185471529,0.999847708,9.450269938,,11.6552342,0.152193807,
0.2,3,0.9,200,1,0.6,0.044249007,0.999989864,9.375253677,,11.65544979,0.152162444,
0.2,3,0.9,100,1,0.6,0.321028081,0.999523622,9.289192438,,11.65569466,0.152126819,
0.2,3,0.9,400,1,0.6,0.001598221,0.999999989,9.386792183,,11.65614422,0.152061413,
0.3,5,0.9,100,1,0.6,0.007557645,0.999999716,8.959690332,,11.65696398,0.15194214,
0.3,5,0.9,400,1,0.6,0.001001319,0.999999996,8.960378885,,11.6570312,0.151932359,
0.4,4,0.8,300,10,0.6,0.150363396,0.999892706,9.383092403,,11.65710657,0.151921391,
0.3,5,0.9,200,1,0.6,0.001173171,0.999999994,8.960366011,,11.65719491,0.151908539,
0.3,5,0.9,300,1,0.6,0.001043454,0.999999996,8.960366011,,11.65726551,0.151898265,
0.2,3,0.9,300,1,0.6,0.007210817,0.999999697,9.385364056,,11.65796754,0.151796112,
0.2,3,0.7,200,5,0.6,0.894600056,0.996637752,9.124217033,,11.6590417,0.1516398,
0.2,7,0.9,100,5,0.6,0.983445848,0.996000167,9.583988905,,11.66129281,0.151312167,
0.2,5,0.7,300,10,0.6,0.905844206,0.996568735,9.421234846,,11.66222326,0.15117673,
0.4,7,0.6,100,1,0.6,0.034821144,0.999993626,8.567030907,,11.66512761,0.150753896,
0.4,8,0.6,100,1,0.6,0.034674631,0.999993605,8.566902399,,11.66512761,0.150753896,
0.4,6,0.6,400,1,0.6,0.000780725,0.999999998,8.578408957,,11.66628523,0.150585334,
0.4,6,0.6,300,1,0.6,0.000851639,0.999999997,8.578321934,,11.66632323,0.150579799,
0.4,6,0.6,200,1,0.6,0.001742854,0.999999984,8.578249693,,11.66673922,0.150519223,
0.2,3,0.7,400,5,0.6,0.232104227,0.999755616,9.340361595,,11.66840378,0.150276805,
0.4,7,0.6,400,1,0.6,0.000791032,0.999999997,8.568229675,,11.66978654,0.150075401,
0.4,8,0.6,400,1,0.6,0.000785952,0.999999997,8.568018198,,11.66978654,0.150075401,
0.4,6,0.6,100,1,0.6,0.036561729,0.999992953,8.57825923,,11.66993525,0.150053739,
0.4,7,0.6,300,1,0.6,0.000844914,0.999999997,8.568248272,,11.67002365,0.150040862,
0.4,8,0.6,300,1,0.6,0.000850983,0.999999997,8.567980289,,11.67002365,0.150040862,
0.4,7,0.6,200,1,0.6,0.001670129,0.999999985,8.568078518,,11.67029775,0.150000935,
0.4,8,0.6,200,1,0.6,0.001671898,0.999999985,8.56785512,,11.67029775,0.150000935,
0.1,3,0.9,100,3,0.6,2.38673683,0.976862678,9.438156366,,11.67518385,0.149289034,
0.1,4,0.8,400,1,0.6,0.024382234,0.999997155,9.562795401,,11.67556437,0.149233579,
0.2,8,0.9,100,5,0.6,0.982966147,0.996005801,9.584661722,,11.67570769,0.149212693,
0.1,4,0.8,300,1,0.6,0.087073664,0.999965284,9.551329613,,11.67849357,0.14880664,
0.2,6,0.9,100,5,0.6,0.990638944,0.995945825,9.600292921,,11.67945644,0.148666276,
0.3,6,0.7,300,10,0.6,0.418723875,0.999243391,9.493503809,,11.68585395,0.147733372,
0.1,7,0.8,300,1,0.6,0.033805508,0.999994803,9.430352926,,11.68597071,0.147716341,
0.1,7,0.8,400,1,0.6,0.007288601,0.999999754,9.432109833,,11.68616899,0.147687418,
0.3,7,0.9,400,1,0.6,0.000957167,0.999999996,8.948698997,,11.68877908,0.147306651,
0.3,7,0.9,200,1,0.6,0.001080493,0.999999995,8.948472977,,11.68901575,0.147272119,
0.3,7,0.9,100,1,0.6,0.00410469,0.999999916,8.94835186,,11.6890164,0.147272025,
0.3,7,0.9,300,1,0.6,0.000997608,0.999999996,8.948620081,,11.68905482,0.14726642,
0.3,8,0.7,300,10,0.6,0.418280104,0.999241825,9.518741846,,11.69000263,0.147128125,
0.3,7,0.7,300,10,0.6,0.418365558,0.999241719,9.507952452,,11.69019889,0.147099488,
0.1,7,0.8,200,1,0.6,0.139462068,0.999913847,9.410924911,,11.69673652,0.146145269,
0.1,4,0.8,200,1,0.6,0.285404032,0.99963908,9.517239809,,11.69720587,0.146076743,
0.3,5,0.7,300,10,0.6,0.420789997,0.99923216,9.568561554,,11.69805792,0.145952335,
0.1,8,0.8,400,1,0.6,0.007101886,0.999999767,9.415454388,,11.70024652,0.145632736,
0.3,5,0.9,400,10,0.6,0.062000744,0.99998164,9.777385235,,11.70027122,0.145629129,
0.1,8,0.8,300,1,0.6,0.03276545,0.999995116,9.413338423,,11.70060952,0.145579723,
0.3,4,0.8,200,10,0.6,0.722480704,0.997778507,9.684405327,,11.70077733,0.145555213,
0.4,3,0.8,100,5,0.6,0.675458934,0.998024489,9.420000792,,11.70389839,0.145099324,
0.3,5,0.9,300,10,0.6,0.166382065,0.999872842,9.75899744,,11.70570965,0.1448347,
0.2,4,0.9,100,5,0.6,1.156585983,0.994470318,9.762635946,,11.71094381,0.144069761,
0.2,5,0.9,100,5,0.6,1.033896521,0.9955853,9.558449745,,11.71164469,0.143967306,
0.2,3,0.8,300,3,0.6,0.156611934,0.999884925,9.445815086,,11.71167,0.143963607,
0.1,8,0.8,200,1,0.6,0.134735414,0.999919643,9.39227581,,11.71224509,0.143879535,
0.1,6,0.8,200,5,0.6,1.486821959,0.990875816,9.558367968,,11.71361021,0.143679954,
0.2,3,0.6,300,10,0.6,1.432096254,0.991458326,9.380568981,,11.71710846,0.1431684,
0.1,7,0.8,200,5,0.6,1.482700154,0.99092669,9.545821428,,11.71971895,0.142786565,
0.1,8,0.8,200,5,0.6,1.482275071,0.990932918,9.543892384,,11.71971895,0.142786565,
0.3,6,0.8,100,1,0.6,0.014937553,0.99999896,8.782648087,,11.7200455,0.142738794,
0.3,6,0.8,400,1,0.6,0.000900213,0.999999997,8.784421444,,11.72192459,0.142463881,
0.2,3,0.8,400,3,0.6,0.053433507,0.999986026,9.471183062,,11.722006,0.14245197,
0.3,6,0.8,200,1,0.6,0.001076552,0.999999995,8.784333229,,11.72222015,0.142420636,
0.3,6,0.8,300,1,0.6,0.000940327,0.999999996,8.784446239,,11.7222855,0.142411075,
0.2,5,0.8,400,10,0.6,0.363509938,0.999423424,9.709179163,,11.72351085,0.142231775,
0.1,5,0.9,400,10,0.6,1.033035482,0.995598139,9.793495417,,11.72693166,0.141731125,
0.3,3,0.9,400,10,0.6,0.201525112,0.999818084,9.860821962,,11.72700328,0.14172064,
0.3,5,0.7,400,10,0.6,0.211879921,0.999799972,9.594055891,,11.72775122,0.141611157,
0.3,6,0.7,400,10,0.6,0.210338578,0.999803423,9.525444031,,11.72889394,0.141443871,
0.2,3,0.8,200,3,0.6,0.432456088,0.999171907,9.345164776,,11.73095333,0.141142348,
0.3,8,0.7,400,10,0.6,0.208466339,0.999806378,9.548152208,,11.73312632,0.140824137,
0.4,8,0.8,200,10,0.6,0.357525786,0.999437325,9.290119886,,11.73448257,0.140625499,
0.3,7,0.7,400,10,0.6,0.209253431,0.999804961,9.531976223,,11.73479912,0.140579133,
0.4,7,0.9,100,10,0.6,0.77915703,0.997462705,9.391126394,,11.74097728,0.139673956,
0.4,8,0.8,400,10,0.6,0.036420726,0.999993695,9.356254339,,11.74101663,0.139668188,
0.4,8,0.8,300,10,0.6,0.114901393,0.999939349,9.356583595,,11.74163176,0.139578038,
0.1,3,0.8,300,5,0.6,1.182362857,0.994222111,9.44315052,,11.74213446,0.139504362,
0.4,5,0.8,200,10,0.6,0.370169669,0.999393771,9.264988184,,11.74259035,0.139437543,
0.4,5,0.7,200,10,0.6,0.504207414,0.998887691,9.325509071,,11.7433152,0.139331297,
0.3,4,0.8,300,10,0.6,0.329430196,0.999522627,9.811050177,,11.7469314,0.138801153,
0.3,4,0.8,400,10,0.6,0.143358525,0.999908386,9.833919525,,11.748239,0.138609414,
0.3,3,0.9,200,10,0.6,0.809835581,0.997267352,9.605998993,,11.75126674,0.138165364,
0.2,3,0.6,100,5,0.6,2.650642623,0.971260314,9.191325903,,11.75172096,0.138098738,
0.2,3,0.9,400,10,0.6,0.496125364,0.998948804,9.773747444,,11.75586259,0.137491115,
0.4,5,0.7,300,10,0.6,0.208011519,0.999804322,9.407306671,,11.75795675,0.137183799,
0.4,6,0.9,100,10,0.6,0.791121496,0.997384539,9.380677462,,11.76157705,0.13665239,
0.4,5,0.8,300,10,0.6,0.121617215,0.999931303,9.334199667,,11.76304567,0.136436772,
0.2,8,0.9,200,10,0.6,0.948636927,0.996243924,9.517948151,,11.76353593,0.136364786,
0.2,5,0.9,200,10,0.6,0.978784636,0.995999644,9.589663506,,11.76493752,0.136158975,
0.2,6,0.9,200,10,0.6,0.954117545,0.996200286,9.514696598,,11.76673064,0.135895635,
0.4,5,0.8,400,10,0.6,0.037904315,0.999993069,9.334183455,,11.76799036,0.135710607,
0.2,3,0.7,300,10,0.6,1.130792272,0.994704551,9.32399559,,11.76907406,0.135551418,
0.4,5,0.7,400,10,0.6,0.084031433,0.999966407,9.420238256,,11.77077712,0.135301217,
0.3,3,0.9,300,10,0.6,0.401139375,0.999306405,9.785458803,,11.77314279,0.134953611,
0.2,7,0.9,200,10,0.6,0.95075308,0.996226866,9.512962103,,11.77730258,0.134342212,
0.4,8,0.9,100,10,0.6,0.778030225,0.997472116,9.379556179,,11.77914838,0.134070849,
0.3,4,0.8,100,1,0.6,0.039373492,0.999992764,8.746109724,,11.78419694,0.133328413,
0.2,3,0.9,300,10,0.6,0.812713145,0.997241812,9.636718035,,11.78835754,0.13271632,
0.3,3,0.8,100,1,0.6,0.132165998,0.999918676,8.938365459,,11.79075371,0.132363706,
0.3,4,0.8,400,1,0.6,0.000943327,0.999999996,8.751603842,,11.79397489,0.131889573,
0.3,4,0.8,300,1,0.6,0.001003581,0.999999996,8.751593113,,11.79407806,0.131874385,
0.3,4,0.8,200,1,0.6,0.001579583,0.999999989,8.751292229,,11.79413006,0.13186673,
0.1,4,0.8,200,5,0.6,1.59566661,0.98953386,9.601788521,,11.79904769,0.131142633,
0.4,7,0.8,200,10,0.6,0.358456091,0.999435098,9.289660931,,11.79965648,0.13105297,
0.4,3,0.8,200,5,0.6,0.169379005,0.999861208,9.555091858,,11.80178263,0.130739796,
0.3,5,0.8,100,1,0.6,0.020538911,0.999997961,8.753883123,,11.80404497,0.130406499,
0.4,3,0.8,300,5,0.6,0.04005332,0.99999152,9.584789276,,11.80435297,0.130361118,
0.3,3,0.8,200,1,0.6,0.009510261,0.999999475,8.976194382,,11.80632097,0.130071124,
0.3,3,0.8,400,1,0.6,0.000975626,0.999999996,8.977812767,,11.80637133,0.130063704,
0.3,3,0.8,300,1,0.6,0.001277296,0.999999993,8.97772193,,11.80670291,0.130014838,
0.4,3,0.8,400,5,0.6,0.00890101,0.999999551,9.59115839,,11.80715775,0.129947807,
0.2,4,0.6,100,5,0.6,2.45806053,0.975249652,9.211899281,,11.80838685,0.129766656,
0.3,5,0.8,400,1,0.6,0.000910926,0.999999997,8.75591445,,11.80843738,0.129759208,
0.3,5,0.8,200,1,0.6,0.001172164,0.999999994,8.755732298,,11.80853119,0.129745381,
0.3,5,0.8,300,1,0.6,0.000963738,0.999999996,8.755953074,,11.80858077,0.129738073,
0.4,7,0.8,400,10,0.6,0.036469909,0.999993681,9.356228828,,11.81006555,0.129519211,
0.2,7,0.6,400,10,0.6,0.848332038,0.996920751,9.301712513,,11.81175263,0.129270495,
0.2,8,0.6,400,10,0.6,0.848311423,0.996921336,9.30009985,,11.81175263,0.129270495,
0.4,7,0.8,300,10,0.6,0.114889547,0.99993935,9.356670141,,11.81270279,0.129130403,
0.2,7,0.6,100,5,0.6,2.425645038,0.975906625,9.167959452,,11.81875246,0.128238172,
0.2,8,0.6,100,5,0.6,2.425569787,0.975907971,9.167678833,,11.81875246,0.128238172,
0.1,3,0.8,400,5,0.6,0.787011313,0.997397366,9.539502382,,11.82386082,0.127484415,
0.2,5,0.6,100,5,0.6,2.436266216,0.975713495,9.180415869,,11.82576706,0.12720306,
0.2,6,0.7,400,10,0.6,0.547565454,0.998725157,9.471120119,,11.82887438,0.12674433,
0.2,6,0.6,100,5,0.6,2.42592149,0.975903758,9.16604948,,11.84078808,0.124984408,
0.2,4,0.7,200,5,0.6,0.673351474,0.998055803,9.338173389,,11.84173591,0.124844317,
0.1,5,0.8,200,5,0.6,1.504854799,0.990660647,9.522987366,,11.8455787,0.124276226,
0.2,6,0.6,400,10,0.6,0.851695211,0.996894728,9.275111914,,11.84960694,0.123680523,
0.2,7,0.7,400,10,0.6,0.544116679,0.998748677,9.463526964,,11.85697226,0.122590802,
0.3,3,0.7,200,10,0.6,1.095010974,0.994980743,9.25588727,,11.85948344,0.122219112,
0.2,8,0.7,400,10,0.6,0.545265776,0.998741434,9.471166134,,11.86031593,0.122095873,
0.2,4,0.7,400,10,0.6,0.593514732,0.998508702,9.494507074,,11.86681033,0.121134176,
0.2,4,0.6,400,10,0.6,0.874980373,0.996738577,9.324953794,,11.86962661,0.120716973,
0.2,7,0.7,200,5,0.6,0.57839311,0.998560499,9.338561535,,11.87841296,0.119414734,
0.2,6,0.7,200,5,0.6,0.579415223,0.998558965,9.345850229,,11.88017378,0.119153645,
0.2,4,0.7,300,5,0.6,0.315287968,0.999563467,9.432957411,,11.88045807,0.119111487,
0.2,5,0.7,400,10,0.6,0.553236143,0.998701165,9.457341671,,11.88290742,0.11874823,
0.2,8,0.7,200,5,0.6,0.577364729,0.998565777,9.345815659,,11.89049871,0.117621912,
0.2,4,0.7,400,5,0.6,0.145801242,0.999903168,9.460110903,,11.89328328,0.117208584,
0.2,5,0.7,200,5,0.6,0.599275909,0.998461285,9.345287323,,11.89578534,0.116837109,
0.1,3,0.9,200,5,0.6,1.683570568,0.988472353,9.561715364,,11.89651567,0.116728664,
0.2,5,0.6,400,10,0.6,0.852540051,0.996886801,9.300167084,,11.9090405,0.114867843,
0.4,4,0.9,100,10,0.6,0.892933258,0.99664578,9.413560629,,11.91267396,0.114327651,
0.2,4,0.9,200,10,0.6,1.052872112,0.995383486,9.612359762,,11.93265421,0.111354213,
0.4,5,0.9,400,10,0.6,0.015596329,0.999998827,9.548269749,,11.93636419,0.11080155,
0.4,5,0.9,200,10,0.6,0.224786198,0.999770319,9.500049353,,11.93681344,0.110734614,
0.3,4,0.9,100,1,0.6,0.0205218,0.999997939,9.014091969,,11.93793351,0.110567721,
0.3,4,0.9,400,1,0.6,0.000980413,0.999999996,9.018897295,,11.94015115,0.110237242,
0.3,4,0.9,300,1,0.6,0.001048921,0.999999995,9.018835783,,11.94031499,0.110212823,
0.3,4,0.9,200,1,0.6,0.001212991,0.999999994,9.018813133,,11.94035773,0.110206454,
0.4,5,0.9,300,10,0.6,0.058815307,0.999983562,9.539205313,,11.94100215,0.110110407,
0.2,7,0.7,300,5,0.6,0.2474683,0.999731219,9.407711029,,11.95394548,0.108180188,
0.2,8,0.7,300,5,0.6,0.246852105,0.999733243,9.412051439,,11.95876975,0.107460216,
0.2,6,0.7,300,5,0.6,0.248614532,0.999729351,9.402607918,,11.95933508,0.107375828,
0.2,7,0.7,400,5,0.6,0.108393273,0.999946929,9.427109241,,11.96081198,0.107155347,
0.2,8,0.7,400,5,0.6,0.108142586,0.999947394,9.431286573,,11.97289653,0.105350274,
0.2,5,0.7,300,5,0.6,0.26279445,0.999697058,9.414235115,,11.97356335,0.105250618,
0.2,6,0.7,400,5,0.6,0.109667885,0.999945126,9.425060987,,11.98108063,0.104126775,
0.2,5,0.7,400,5,0.6,0.117135019,0.999937817,9.431303501,,11.9862104,0.103359465,
0.4,3,0.7,200,10,0.6,0.718064161,0.997787275,9.0694592,,11.99950583,0.101369206,
0.4,6,0.9,200,10,0.6,0.203411992,0.999809764,9.469302177,,12.00780295,0.10012605,
0.4,6,0.9,400,10,0.6,0.013335606,0.999999123,9.513172626,,12.00922717,0.099912574,
0.4,6,0.9,300,10,0.6,0.051587444,0.999987095,9.507483959,,12.01342934,0.09928256,
0.1,8,0.6,300,5,0.6,1.454618982,0.991226996,9.154167414,,12.01369457,0.099242789,
0.1,7,0.6,300,5,0.6,1.454416345,0.991229123,9.150410891,,12.01369594,0.099242583,
0.1,5,0.6,300,5,0.6,1.467291022,0.991073015,9.175008774,,12.01429202,0.099153196,
0.1,6,0.6,300,5,0.6,1.459065229,0.991168344,9.147017479,,12.01440945,0.099135585,
0.1,4,0.6,300,5,0.6,1.502646783,0.990665099,9.132833004,,12.02208099,0.097984763,
0.4,3,0.7,300,10,0.6,0.331300898,0.999508614,9.218611002,,12.02748843,0.097173141,
0.2,3,0.7,400,10,0.6,0.749720222,0.997634843,9.371751308,,12.03579403,0.095925814,
0.2,3,0.8,300,5,0.6,0.374109821,0.999375946,9.572149038,,12.04037136,0.095238027,
0.2,3,0.8,200,5,0.6,0.789732651,0.997351043,9.387167692,,12.04378636,0.094724721,
0.4,3,0.7,400,10,0.6,0.152918043,0.999888973,9.263759613,,12.0440439,0.094686005,
0.3,3,0.7,300,10,0.6,0.596174278,0.998479787,9.374985695,,12.04468947,0.094588951,
0.1,7,0.9,200,5,0.6,1.150101011,0.994554384,9.696846008,,12.05941148,0.092374262,
0.1,8,0.9,200,5,0.6,1.149340286,0.994561552,9.69126749,,12.06766825,0.09113098,
0.2,3,0.9,400,5,0.6,0.136681051,0.999912976,9.893010378,,12.07384427,0.090200456,
0.2,3,0.9,200,5,0.6,0.649357429,0.998230319,9.678931475,,12.07442647,0.090112713,
0.2,3,0.8,400,5,0.6,0.172364781,0.999862956,9.620913267,,12.07743971,0.089658521,
0.3,3,0.7,400,10,0.6,0.329762414,0.999515596,9.42816329,,12.07800822,0.089572816,
0.2,4,0.6,100,1,0.6,0.442817879,0.999128355,8.698051691,,12.07854924,0.089491251,
0.2,3,0.9,300,5,0.6,0.300646617,0.999600479,9.82275629,,12.08820116,0.088035502,
0.4,8,0.9,400,10,0.6,0.012449949,0.999999268,9.501371145,,12.09513069,0.08698964,
0.1,3,0.6,300,5,0.6,1.670180275,0.988525546,9.190652132,,12.09960991,0.08631328,
0.4,8,0.9,300,10,0.6,0.048352822,0.999988928,9.495940924,,12.10126966,0.086062595,
0.4,8,0.9,200,10,0.6,0.195865891,0.999825853,9.455794811,,12.10217825,0.085925349,
0.2,5,0.9,300,10,0.6,0.447747785,0.999120309,9.682692289,,12.10369463,0.08569627,
0.2,3,0.6,400,10,0.6,0.973878397,0.995996843,9.372980356,,12.1195062,0.083305923,
0.4,7,0.9,400,10,0.6,0.012525282,0.999999257,9.522746086,,12.11954278,0.083300389,
0.4,7,0.9,200,10,0.6,0.196885514,0.99982357,9.482192993,,12.12133359,0.083029462,
0.4,7,0.9,300,10,0.6,0.048593734,0.999988791,9.517459869,,12.12496395,0.082480111,
0.1,6,0.9,200,5,0.6,1.161362091,0.994452965,9.697108507,,12.13306942,0.081252988,
0.2,4,0.6,200,1,0.6,0.098255833,0.999953832,8.738750935,,12.13420112,0.081081589,
0.4,3,0.9,100,10,0.6,1.273590694,0.993270878,9.398304701,,12.13625548,0.080770411,
0.2,5,0.9,400,10,0.6,0.235268791,0.999748141,9.729966164,,12.13825612,0.080467319,
0.4,4,0.6,100,10,0.6,2.260429282,0.978953288,9.300422192,,12.1392557,0.080315867,
0.2,4,0.6,400,1,0.6,0.00305391,0.999999953,8.756860256,,12.14211822,0.07988208,
0.2,6,0.9,300,10,0.6,0.424572575,0.999211591,9.583539486,,12.14253341,0.079819154,
0.2,4,0.6,300,1,0.6,0.018818822,0.99999829,8.755801678,,12.14441544,0.079533885,
0.2,7,0.9,300,10,0.6,0.41732273,0.999240245,9.593458652,,12.15419873,0.078050271,
0.2,8,0.9,300,10,0.6,0.414512436,0.999250873,9.593712568,,12.15488599,0.077946005,
0.1,5,0.9,200,5,0.6,1.212120445,0.993968449,9.81005621,,12.18190226,0.073842611,
0.2,3,0.6,100,1,0.6,0.715751788,0.997740275,9.005755424,,12.19004825,0.07260356,
0.4,3,0.8,200,10,0.6,0.59148325,0.998480045,9.083545208,,12.19097275,0.072462887,
0.2,6,0.9,400,10,0.6,0.217321962,0.99978506,9.622849703,,12.19239451,0.072246528,
0.2,4,0.9,400,5,0.6,0.047899353,0.999989201,9.948721886,,12.19357474,0.072066906,
0.3,3,0.9,100,1,0.6,0.081953196,0.999968671,9.107577562,,12.19689198,0.071561951,
0.3,3,0.9,200,1,0.6,0.004455277,0.999999883,9.128857851,,12.20301023,0.070630264,
0.4,3,0.7,200,1,0.6,0.003372957,0.999999941,8.467744827,,12.2030978,0.070616927,
0.3,3,0.9,400,1,0.6,0.001042136,0.999999996,9.129325867,,12.20362163,0.070537136,
0.3,3,0.9,300,1,0.6,0.001234962,0.999999994,9.12924552,,12.20391548,0.070492374,
0.4,3,0.7,400,1,0.6,0.000861642,0.999999997,8.468078136,,12.20411719,0.070461647,
0.4,3,0.7,300,1,0.6,0.000940812,0.999999996,8.467943668,,12.20443603,0.070413077,
0.2,3,0.6,400,1,0.6,0.013411825,0.999999032,9.253218412,,12.20733206,0.069971855,
0.2,7,0.9,400,10,0.6,0.210009414,0.999802421,9.628111362,,12.21506405,0.068793344,
0.2,4,0.9,300,5,0.6,0.137405786,0.999913022,9.922645807,,12.21575803,0.06868753,
0.4,3,0.7,100,1,0.6,0.075297039,0.999973395,8.467503548,,12.21649577,0.068575037,
0.2,3,0.6,300,1,0.6,0.059233513,0.999982305,9.248724937,,12.2196663,0.068091512,
0.2,3,0.6,200,1,0.6,0.219702484,0.999769554,9.178869247,,12.2204389,0.067973667,
0.2,8,0.9,400,10,0.6,0.207357,0.999807944,9.629404545,,12.22082828,0.067914272,
0.2,7,0.9,200,5,0.6,0.265214982,0.99969074,9.648201227,,12.22161406,0.067794404,
0.1,7,0.7,300,5,0.6,1.062916324,0.995288889,9.324437618,,12.22325817,0.067543577,
0.2,7,0.9,300,5,0.6,0.073660607,0.999975076,9.696362495,,12.22473018,0.067318979,
0.4,4,0.9,400,10,0.6,0.023549886,0.999997242,9.57550478,,12.22482798,0.067304055,
0.2,7,0.9,400,5,0.6,0.021532957,0.999997861,9.705434561,,12.22486225,0.067298826,
0.2,4,0.9,200,5,0.6,0.393033944,0.999332722,9.834581137,,12.225025,0.067273991,
0.2,7,0.8,300,5,0.6,0.147468828,0.999900767,9.524192333,,12.22954238,0.066584545,
0.2,7,0.8,400,5,0.6,0.051014047,0.999987995,9.530164242,,12.23236795,0.066153173,
0.1,3,0.6,100,1,0.6,1.704585245,0.987894133,8.875463486,,12.23384833,0.065927129,
0.2,7,0.8,200,5,0.6,0.417064774,0.999233426,9.454394102,,12.2346874,0.065798996,
0.4,4,0.9,300,10,0.6,0.079159514,0.999969521,9.564258337,,12.24012806,0.064967948,
0.4,4,0.9,200,10,0.6,0.265915117,0.999677967,9.506124496,,12.24058479,0.064898167,
0.4,3,0.8,300,10,0.6,0.243717078,0.999721993,9.225399017,,12.24370187,0.064421857,
0.2,8,0.8,300,5,0.6,0.146216305,0.99990212,9.54791832,,12.24442909,0.064310716,
0.2,8,0.8,200,5,0.6,0.415405911,0.99923902,9.477796555,,12.24583489,0.064095847,
0.1,6,0.7,300,5,0.6,1.067646477,0.995246194,9.320155621,,12.2464058,0.064008581,
0.2,8,0.8,400,5,0.6,0.050524388,0.99998812,9.5556252,,12.24668414,0.063966033,
0.4,3,0.6,100,10,0.6,2.399551615,0.976316297,9.518720388,,12.24725395,0.063878928,
0.2,8,0.9,200,5,0.6,0.263974577,0.999694396,9.657042742,,12.25503012,0.062689806,
0.4,3,0.8,400,10,0.6,0.099788816,0.999950644,9.2678895,,12.25547543,0.062621686,
0.2,6,0.9,200,5,0.6,0.275347301,0.999666154,9.69004035,,12.25602025,0.062538341,
0.4,4,0.8,100,1,0.6,0.007002197,0.999999729,8.58949852,,12.25616924,0.062515548,
0.4,4,0.8,400,1,0.6,0.000810109,0.999999997,8.588939905,,12.25638629,0.062482344,
0.4,4,0.8,300,1,0.6,0.000838371,0.999999997,8.589033604,,12.25647772,0.062468356,
0.4,4,0.8,200,1,0.6,0.000942478,0.999999996,8.588901043,,12.25657276,0.062453816,
0.2,4,0.9,300,10,0.6,0.520779681,0.998823747,9.717770576,,12.25671518,0.062432027,
0.1,4,0.6,100,1,0.6,1.402050257,0.991701653,8.891649961,,12.26408624,0.061304001,
0.2,6,0.9,400,5,0.6,0.023797279,0.999997292,9.748411179,,12.26528996,0.061119726,
0.2,8,0.9,300,5,0.6,0.073041635,0.999975664,9.704754829,,12.26631843,0.060962265,
0.2,8,0.9,400,5,0.6,0.021358172,0.999997915,9.714185953,,12.26696673,0.060863003,
0.1,3,0.9,400,5,0.6,0.674134805,0.998095472,9.734163046,,12.26810619,0.060688525,
0.1,7,0.8,300,5,0.6,0.748280529,0.997628494,9.636761189,,12.26844613,0.06063647,
0.1,8,0.8,300,5,0.6,0.7461606,0.997642791,9.633430243,,12.26886184,0.060572808,
0.2,6,0.9,300,5,0.6,0.080040067,0.999970413,9.737905264,,12.26981445,0.060426921,
0.2,6,0.8,200,5,0.6,0.423804959,0.99920956,9.465883255,,12.27378055,0.059819405,
0.2,6,0.8,300,5,0.6,0.152376527,0.999893901,9.540560961,,12.27889779,0.059035273,
0.2,6,0.8,400,5,0.6,0.052820906,0.999987132,9.546876669,,12.28013368,0.058845845,
0.2,4,0.9,400,10,0.6,0.28516294,0.999634103,9.802349091,,12.2856283,0.058003436,
0.4,4,0.9,100,1,0.6,0.002908553,0.999999956,8.858110399,,12.28567037,0.057996985,
0.1,3,0.9,300,5,0.6,1.030781785,0.995627367,9.611198187,,12.2861139,0.05792897,
0.4,4,0.9,400,1,0.6,0.000924406,0.999999996,8.858140678,,12.28622939,0.057911258,
0.4,4,0.9,200,1,0.6,0.001045013,0.999999995,8.858026714,,12.28637513,0.057888908,
0.4,4,0.9,300,1,0.6,0.000966181,0.999999996,8.858084888,,12.28639239,0.05788626,
0.1,8,0.6,100,1,0.6,1.234046528,0.993539586,8.987306833,,12.28697538,0.057796852,
0.1,6,0.8,300,5,0.6,0.756494306,0.99757741,9.639045,,12.28831732,0.057591033,
0.1,7,0.6,100,1,0.6,1.237743934,0.993501636,8.997847795,,12.28847663,0.057566596,
0.2,4,0.8,200,5,0.6,0.542163346,0.998729339,9.584079504,,12.2888172,0.057514358,
0.1,6,0.6,100,1,0.6,1.255245356,0.993321538,8.971658707,,12.28955797,0.057400728,
0.1,4,0.9,200,5,0.6,1.306401221,0.992989866,9.801096439,,12.30195267,0.055498442,
0.2,4,0.8,400,5,0.6,0.08143473,0.999969175,9.696969509,,12.30559854,0.054938524,
0.2,5,0.9,400,5,0.6,0.028460265,0.999996121,9.737061977,,12.30752482,0.054642628,
0.2,4,0.8,300,5,0.6,0.215684599,0.999790676,9.682249784,,12.30769545,0.054616414,
0.2,5,0.9,200,5,0.6,0.310339451,0.999579393,9.664522409,,12.30951204,0.054337322,
0.2,5,0.9,300,5,0.6,0.093574984,0.99995946,9.722353697,,12.31542801,0.053428129,
0.1,5,0.6,100,1,0.6,1.296845795,0.992883027,8.883129358,,12.3213089,0.052523894,
0.1,8,0.7,300,5,0.6,1.061893804,0.995298256,9.330350876,,12.33050232,0.051109468,
0.4,8,0.9,100,1,0.6,0.001134077,0.999999995,8.731696243,,12.34034961,0.049593272,
0.4,8,0.9,200,1,0.6,0.000949592,0.999999996,8.731793995,,12.34039169,0.04958679,
0.4,8,0.9,400,1,0.6,0.000884344,0.999999997,8.731851215,,12.34045503,0.049577033,
0.4,8,0.9,300,1,0.6,0.00090386,0.999999997,8.73182189,,12.34045745,0.04957666,
0.1,4,0.8,300,5,0.6,0.890830565,0.996679194,9.718190432,,12.34172749,0.049381021,
0.1,3,0.9,400,3,0.6,0.350415481,0.999468511,9.765265942,,12.34460527,0.048937649,
0.2,5,0.8,200,5,0.6,0.45031441,0.999105118,9.567196846,,12.36665555,0.045536986,
0.1,5,0.8,300,5,0.6,0.786249562,0.997386098,9.623275518,,12.37763979,0.043840697,
0.1,7,0.6,400,5,0.6,0.958558753,0.996143804,9.116336346,,12.38216155,0.043141968,
0.1,8,0.6,400,5,0.6,0.958768608,0.996142723,9.122267962,,12.38223163,0.043131136,
0.1,3,0.7,300,5,0.6,1.387605207,0.992069844,9.216299295,,12.38750149,0.042316479,
0.1,3,0.9,300,3,0.6,0.605615566,0.998454458,9.640096426,,12.38798569,0.04224161,
0.1,6,0.6,400,5,0.6,0.961247281,0.996118652,9.125803232,,12.38835958,0.042183796,
0.2,5,0.8,300,5,0.6,0.165072372,0.999874033,9.644777298,,12.38858916,0.042148295,
0.1,4,0.8,200,3,0.6,0.91339503,0.996526193,9.579696178,,12.39050687,0.041851728,
0.2,5,0.8,400,5,0.6,0.058101461,0.999983792,9.647901773,,12.39250645,0.041542451,
0.2,7,0.6,100,1,0.6,0.315673839,0.999546795,8.450762033,,12.3930373,0.041460336,
0.4,5,0.6,100,10,0.6,2.241290343,0.979355757,9.321060181,,12.39344959,0.041396558,
0.4,5,0.9,400,1,0.6,0.0009317,0.999999996,8.795878649,,12.39372314,0.04135424,
0.4,5,0.9,100,1,0.6,0.001421696,0.999999991,8.795566797,,12.39383827,0.041336429,
0.4,5,0.9,200,1,0.6,0.001039315,0.999999995,8.795762777,,12.39389428,0.041327764,
0.4,5,0.9,300,1,0.6,0.000970027,0.999999996,8.795795918,,12.39390771,0.041325687,
0.2,8,0.6,100,1,0.6,0.313225159,0.999553024,8.446351528,,12.39687312,0.040866881,
0.4,7,0.9,200,1,0.6,0.000960488,0.999999996,8.734181995,,12.39714191,0.040825288,
0.4,7,0.9,300,1,0.6,0.000906522,0.999999997,8.734223003,,12.39715998,0.040822492,
0.4,7,0.9,100,1,0.6,0.00116163,0.999999994,8.734173651,,12.39720228,0.040815947,
0.4,7,0.9,400,1,0.6,0.000891359,0.999999997,8.73425209,,12.39726493,0.040806251,
0.1,5,0.6,400,5,0.6,0.971380316,0.996040181,9.139439344,,12.40155427,0.040142392,
0.1,4,0.6,400,5,0.6,1.008814285,0.995747996,9.103765726,,12.40836447,0.039087909,
0.4,3,0.8,100,1,0.6,0.037981511,0.999992117,8.897931576,,12.41137029,0.038622308,
0.4,3,0.8,200,1,0.6,0.001567523,0.999999988,8.904834032,,12.41192502,0.038536368,
0.4,3,0.8,400,1,0.6,0.00087208,0.999999997,8.9049263,,12.41202766,0.038520465,
0.4,3,0.8,300,1,0.6,0.000935485,0.999999996,8.905001163,,12.41224723,0.038486448,
0.1,4,0.7,300,5,0.6,1.144091573,0.994566786,9.341802597,,12.42740228,0.036137046,
0.1,3,0.7,200,3,0.6,1.426758286,0.991591956,9.2638731,,12.42918933,0.03585982,
0.4,6,0.6,100,10,0.6,2.245985656,0.979223539,9.305304289,,12.43005488,0.035725533,
0.4,7,0.6,100,10,0.6,2.245951347,0.979222667,9.297274113,,12.43097857,0.035582216,
0.4,8,0.6,100,10,0.6,2.245951347,0.979222667,9.297274113,,12.43097857,0.035582216,
0.1,5,0.7,300,5,0.6,1.08524869,0.995095057,9.374098778,,12.44038844,0.034121593,
0.4,6,0.9,200,1,0.6,0.000991905,0.999999996,8.696331263,,12.44255919,0.033784488,
0.4,6,0.9,400,1,0.6,0.000899465,0.999999997,8.696396351,,12.44263669,0.033772451,
0.4,6,0.9,100,1,0.6,0.001224503,0.999999994,8.696152687,,12.44270027,0.033762576,
0.4,6,0.9,300,1,0.6,0.000937341,0.999999996,8.69631052,,12.44287002,0.033736212,
0.2,6,0.6,100,1,0.6,0.320563691,0.999531564,8.50672555,,12.45534082,0.031798376,
0.1,7,0.8,400,5,0.6,0.420163278,0.999239481,9.686825275,,12.46136416,0.030861715,
0.1,6,0.8,400,5,0.6,0.427142795,0.999211916,9.689462185,,12.4622942,0.030717049,
0.1,8,0.8,400,5,0.6,0.418593469,0.999245566,9.682602644,,12.47112205,0.02934335,
0.1,7,0.9,300,5,0.6,0.524105483,0.998844266,9.788294554,,12.48096488,0.027810565,
0.1,3,0.9,200,3,0.6,1.068527302,0.995308582,9.468391895,,12.48481193,0.02721115,
0.3,4,0.6,100,5,0.6,1.366082476,0.99202881,8.815154314,,12.48629971,0.026979287,
0.1,8,0.9,300,5,0.6,0.521986999,0.998855478,9.780637503,,12.48837487,0.026655838,
0.1,4,0.8,400,5,0.6,0.545750116,0.998735788,9.789251804,,12.48922059,0.026524003,
0.2,7,0.6,200,1,0.6,0.055765054,0.999984653,8.467149973,,12.49075815,0.026284297,
0.3,7,0.6,100,5,0.6,1.311990233,0.992649917,8.881222963,,12.49174839,0.026129902,
0.3,8,0.6,100,5,0.6,1.311406112,0.992655397,8.879571438,,12.492012,0.0260888,
0.2,8,0.6,200,1,0.6,0.055146725,0.999985012,8.468227863,,12.4927093,0.02598007,
0.2,7,0.6,400,1,0.6,0.001641956,0.999999987,8.469030142,,12.4935437,0.025849953,
0.2,7,0.6,300,1,0.6,0.009853425,0.999999489,8.46899724,,12.49504022,0.025616566,
0.3,6,0.6,100,5,0.6,1.315734826,0.992609309,8.904096365,,12.49514151,0.025600768,
0.1,3,0.6,400,5,0.6,1.162976575,0.994385075,9.138554811,,12.49537702,0.025564038,
0.2,8,0.6,400,1,0.6,0.001629086,0.999999987,8.472008705,,12.49559161,0.025530568,
0.2,8,0.6,300,1,0.6,0.009731852,0.999999498,8.471907616,,12.4974803,0.025235966,
0.1,4,0.8,300,3,0.6,0.466902366,0.999068186,9.731436968,,12.50053321,0.024759673,
0.3,5,0.6,100,5,0.6,1.320654691,0.992527894,8.88009882,,12.50688953,0.023767633,
0.1,3,0.8,200,3,0.6,1.249399008,0.99357368,9.268013,,12.50745822,0.023678852,
0.1,4,0.8,400,3,0.6,0.233000813,0.999762035,9.781085968,,12.51907653,0.02186418,
0.2,6,0.6,200,1,0.6,0.057756675,0.999983555,8.528334141,,12.54032464,0.018541064,
0.2,6,0.6,400,1,0.6,0.001698518,0.999999986,8.532984734,,12.54503548,0.017803544,
0.2,6,0.6,300,1,0.6,0.010136732,0.99999946,8.532971382,,12.54649818,0.01757449,
0.4,5,0.8,400,1,0.6,0.000816254,0.999999997,8.536046028,,12.55421828,0.016365109,
0.1,7,0.7,400,5,0.6,0.650904684,0.998203242,9.357325315,,12.55442362,0.016332931,
0.4,5,0.8,200,1,0.6,0.000923112,0.999999996,8.536088467,,12.55449197,0.016322219,
0.4,5,0.8,300,1,0.6,0.000842163,0.999999997,8.536107779,,12.55453892,0.016314863,
0.4,5,0.8,100,1,0.6,0.003076288,0.999999951,8.53568387,,12.55487314,0.016262488,
0.1,5,0.8,400,5,0.6,0.453687134,0.999112726,9.678858757,,12.55864471,0.015671355,
0.1,8,0.8,200,3,0.6,0.724266845,0.997796218,9.62353301,,12.5611084,0.015285117,
0.1,6,0.8,200,3,0.6,0.738811363,0.997707622,9.62237072,,12.56417355,0.01480448,
0.1,7,0.9,400,5,0.6,0.271247436,0.999684441,9.8438375,,12.56831776,0.014154452,
0.4,8,0.8,200,1,0.6,0.000903104,0.999999997,8.489289761,,12.56890837,0.014061796,
0.4,8,0.8,400,1,0.6,0.000816351,0.999999997,8.489289284,,12.56894685,0.014055759,
0.4,8,0.8,100,1,0.6,0.002133123,0.999999978,8.489204407,,12.56900794,0.014046175,
0.4,8,0.8,300,1,0.6,0.000837726,0.999999997,8.489333153,,12.56907599,0.0140355,
0.2,5,0.6,100,1,0.6,0.350502246,0.999456793,8.564560175,,12.57468654,0.013155078,
0.1,7,0.8,200,3,0.6,0.728402656,0.997770275,9.621771097,,12.57481866,0.013134341,
0.1,3,0.8,400,3,0.6,0.422108181,0.999230186,9.573522806,,12.57541624,0.013040543,
0.1,8,0.9,400,5,0.6,0.269341919,0.999690671,9.836466789,,12.58257407,0.011916685,
0.4,7,0.8,200,1,0.6,0.000922563,0.999999996,8.466129065,,12.58298872,0.01185156,
0.4,7,0.8,400,1,0.6,0.000827043,0.999999997,8.466132402,,12.58303349,0.011844528,
0.4,7,0.8,300,1,0.6,0.000851992,0.999999997,8.466169119,,12.58308644,0.011836212,
0.4,7,0.8,100,1,0.6,0.002190982,0.999999977,8.465682507,,12.58339202,0.011788216,
0.4,3,0.9,200,10,0.6,0.476214709,0.999013722,9.505630016,,12.58535243,0.011480278,
0.3,7,0.6,100,3,0.6,0.597901984,0.998412204,8.945518732,,12.58550522,0.011456275,
0.3,8,0.6,100,3,0.6,0.598212663,0.998405439,8.948306799,,12.58593988,0.011387993,
0.1,3,0.8,300,3,0.6,0.719059375,0.997818993,9.47043848,,12.58724058,0.011183646,
0.1,6,0.7,400,5,0.6,0.655983091,0.998174628,9.359600544,,12.58857185,0.010974473,
0.1,6,0.9,300,5,0.6,0.541939689,0.998761777,9.795917273,,12.60204482,0.008856323,
0.2,5,0.6,200,1,0.6,0.06673126,0.999978845,8.588758469,,12.60656684,0.008144886,
0.4,3,0.9,300,10,0.6,0.19930804,0.999814823,9.627313137,,12.60793368,0.007929796,
0.2,5,0.6,400,1,0.6,0.001916694,0.999999982,8.599272013,,12.61041379,0.007539456,
0.1,5,0.8,200,3,0.6,0.788683894,0.99739336,9.630807638,,12.6113798,0.007387397,
0.2,5,0.6,300,1,0.6,0.011632501,0.999999331,8.598441839,,12.61249849,0.007211291,
0.4,3,0.9,400,10,0.6,0.080225083,0.999968406,9.676716089,,12.61561182,0.0067211,
0.1,4,0.7,200,3,0.6,1.152471384,0.994457072,9.398985386,,12.61629209,0.006613977,
0.1,5,0.9,300,5,0.6,0.601698869,0.998474651,9.924714804,,12.61717475,0.006474973,
0.4,6,0.8,400,1,0.6,0.000813462,0.999999997,8.467339516,,12.62969266,0.004502578,
0.4,6,0.8,100,1,0.6,0.00235432,0.999999974,8.467218637,,12.62973553,0.004495821,
0.4,6,0.8,200,1,0.6,0.000906826,0.999999997,8.467409134,,12.62978354,0.004488252,
0.4,6,0.8,300,1,0.6,0.000833272,0.999999997,8.467407227,,12.62985783,0.004476541,
0.3,5,0.6,100,3,0.6,0.616647399,0.99831388,8.949910641,,12.6503201,0.001248131,
0.1,3,0.7,300,3,0.6,0.838774094,0.997043644,9.368552446,,12.66251832,-0.000678913,
0.1,5,0.7,200,3,0.6,1.061934554,0.995265517,9.445700645,,12.66427596,-0.000956735,
0.1,8,0.7,400,5,0.6,0.650287052,0.998206805,9.363684654,,12.66766587,-0.001492668,
0.1,3,0.7,400,3,0.6,0.516232135,0.998851707,9.441999912,,12.66975962,-0.001823756,
0.1,8,0.7,200,3,0.6,1.02563073,0.995584649,9.467076063,,12.66987122,-0.001841404,
0.1,7,0.7,200,3,0.6,1.026158531,0.995580315,9.474948168,,12.67443977,-0.002564029,
0.1,4,0.9,300,5,0.6,0.702271188,0.997928888,9.880100012,,12.67786391,-0.00310581,
0.1,3,0.7,400,5,0.6,0.941487433,0.996306555,9.248939753,,12.67854005,-0.003212809,
0.1,6,0.8,300,3,0.6,0.323537853,0.999547283,9.745654106,,12.67859999,-0.003222295,
0.1,8,0.8,300,3,0.6,0.310146412,0.999584759,9.741714954,,12.68693914,-0.004542436,
0.1,6,0.8,400,3,0.6,0.147972937,0.999903674,9.774400473,,12.69254939,-0.005431064,
0.1,4,0.9,400,5,0.6,0.411509674,0.999274367,9.982308626,,12.69338504,-0.005563458,
0.1,6,0.9,400,5,0.6,0.286678509,0.99964527,9.854839563,,12.69923787,-0.006490989,
0.1,5,0.9,400,5,0.6,0.330853776,0.999528511,10.00029325,,12.70160114,-0.006865631,
0.1,8,0.8,400,3,0.6,0.140245058,0.999913633,9.774987698,,12.70222969,-0.006965284,
0.1,7,0.8,300,3,0.6,0.31344213,0.99957579,9.745354414,,12.70682337,-0.007693742,
0.1,5,0.8,300,3,0.6,0.367839491,0.999413666,9.769408941,,12.71384506,-0.008807736,
0.1,7,0.8,400,3,0.6,0.142144961,0.999911248,9.773601294,,12.72493223,-0.010567974,
0.4,8,0.6,100,3,0.6,0.301168216,0.999577264,9.130754709,,12.72631508,-0.010787628,
0.4,7,0.6,100,3,0.6,0.299072631,0.999584439,9.109513998,,12.73446473,-0.012082615,
0.1,5,0.8,400,3,0.6,0.171525342,0.999870393,9.805828571,,12.73518787,-0.012197563,
0.3,4,0.6,100,3,0.6,0.684079398,0.997914551,9.009507656,,12.73935017,-0.012859312,
0.1,6,0.7,200,3,0.6,1.034231146,0.995511362,9.484659672,,12.74920239,-0.014426547,
0.3,3,0.6,100,3,0.6,0.873075957,0.996689191,8.95366168,,12.75035128,-0.014609385,
0.1,4,0.7,400,5,0.6,0.732722243,0.997739922,9.389759064,,12.75205582,-0.01488068,
0.1,5,0.7,400,5,0.6,0.673261943,0.998080022,9.400491476,,12.7531594,-0.015056347,
0.4,4,0.6,300,3,0.6,0.01481951,0.999998736,9.203799725,,12.76666772,-0.017207807,
0.4,4,0.6,400,3,0.6,0.002662696,0.999999961,9.201496363,,12.76687596,-0.017240993,
0.4,4,0.6,200,3,0.6,0.079042483,0.999966748,9.194746494,,12.77013459,-0.017760341,
0.4,4,0.6,100,3,0.6,0.358137677,0.999399994,9.145271778,,12.78121689,-0.019527593,
0.4,8,0.6,300,3,0.6,0.010315493,0.999999426,9.122804642,,12.80650594,-0.023566081,
0.4,8,0.6,200,3,0.6,0.058984321,0.999981833,9.116616964,,12.80661048,-0.023582791,
0.4,8,0.6,400,3,0.6,0.001998669,0.999999981,9.12101984,,12.80764942,-0.023748875,
0.4,7,0.6,300,3,0.6,0.010315271,0.999999418,9.104683161,,12.81308018,-0.024617249,
0.4,7,0.6,400,3,0.6,0.001962602,0.999999982,9.102845192,,12.81430034,-0.024812402,
0.4,7,0.6,200,3,0.6,0.059050331,0.999981432,9.0995543,,12.81725126,-0.02528445,
0.3,6,0.6,100,3,0.6,0.601631998,0.998388184,8.952939749,,12.84115565,-0.029112363,
0.4,6,0.6,100,3,0.6,0.305790752,0.999566777,9.128074884,,12.8513416,-0.030745648,
0.1,7,0.9,200,3,0.6,0.519399682,0.998872341,9.59088254,,12.86939984,-0.033644417,
0.1,6,0.9,200,3,0.6,0.53468099,0.998807837,9.603233814,,12.87804921,-0.035034284,
0.1,8,0.9,200,3,0.6,0.516278476,0.99888557,9.597262383,,12.90303492,-0.039054482,
0.1,4,0.7,300,3,0.6,0.610553274,0.998412834,9.520241499,,12.91144108,-0.040408784,
0.3,7,0.6,200,10,0.6,1.278183983,0.993130859,9.348785639,,12.93139219,-0.043626605,
0.3,8,0.6,200,10,0.6,1.277987557,0.993133052,9.348652601,,12.93139219,-0.043626605,
0.4,6,0.6,300,3,0.6,0.010780663,0.999999386,9.126121044,,12.93181951,-0.04369558,
0.4,6,0.6,200,3,0.6,0.061151555,0.999980738,9.115918636,,12.93213017,-0.043745724,
0.4,6,0.6,400,3,0.6,0.002081309,0.99999998,9.124684334,,12.93322326,-0.043922178,
0.1,4,0.7,400,3,0.6,0.341549079,0.999493598,9.583691835,,12.93957515,-0.044947832,
0.1,6,0.9,400,3,0.6,0.083413269,0.99996932,9.729776621,,12.94207498,-0.045351624,
0.1,7,0.9,400,3,0.6,0.076454772,0.999974591,9.719733,,12.94364614,-0.04560545,
0.1,5,0.9,200,3,0.6,0.612824006,0.998433153,9.600711584,,12.94822427,-0.046345236,
0.1,7,0.9,300,3,0.6,0.191330924,0.999842729,9.685954094,,12.94869129,-0.046420716,
0.1,5,0.7,300,3,0.6,0.528524356,0.998801289,9.558594704,,12.951136,-0.046815881,
0.1,7,0.7,300,3,0.6,0.495956805,0.998945173,9.56810379,,12.95430314,-0.047327932,
0.3,3,0.6,200,10,0.6,1.452155998,0.991193489,9.221215725,,12.954453,-0.047352165,
0.3,8,0.6,200,3,0.6,0.146791365,0.999895484,8.951463461,,12.95570153,-0.047554059,
0.3,8,0.6,300,3,0.6,0.039203603,0.99999212,8.968342066,,12.95618041,-0.0476315,
0.1,6,0.9,300,3,0.6,0.204129792,0.999820222,9.694796562,,12.95742963,-0.047833534,
0.3,7,0.6,200,3,0.6,0.14774286,0.999893586,8.948126554,,12.95808831,-0.047940068,
0.1,8,0.7,300,3,0.6,0.494960886,0.998948835,9.561988831,,12.95833122,-0.047979356,
0.3,8,0.6,400,3,0.6,0.009458289,0.999999542,8.966002703,,12.95895342,-0.048079997,
0.3,7,0.6,300,3,0.6,0.039520997,0.999992143,8.968880415,,12.96465448,-0.049002369,
0.3,7,0.6,400,3,0.6,0.009542593,0.999999541,8.967777252,,12.96719287,-0.049413183,
0.1,5,0.9,400,3,0.6,0.103329503,0.999952765,9.725244522,,12.98400448,-0.052136019,
0.1,8,0.9,400,3,0.6,0.075673617,0.999975138,9.726224184,,12.98878185,-0.052910412,
0.1,5,0.7,400,3,0.6,0.283167346,0.999648935,9.604388237,,12.99099865,-0.053269844,
0.1,8,0.9,300,3,0.6,0.189353,0.999846504,9.692615509,,12.9923167,-0.053483583,
0.1,5,0.9,300,3,0.6,0.247555148,0.999736513,9.685839176,,12.99542233,-0.053987283,
0.1,7,0.7,400,3,0.6,0.260648589,0.999704405,9.605158806,,12.99621683,-0.054116162,
0.1,8,0.7,400,3,0.6,0.26038489,0.999705034,9.60008049,,12.9970637,-0.054253545,
0.4,3,0.6,100,5,0.6,1.022548047,0.995463485,9.309238672,,13.0039918,-0.055377786,
0.3,5,0.6,200,3,0.6,0.163170764,0.999868363,8.972599506,,13.02210789,-0.058320365,
0.3,6,0.6,200,10,0.6,1.280599136,0.993090658,9.361107111,,13.02427481,-0.05867261,
0.1,6,0.7,300,3,0.6,0.504229304,0.998912096,9.575314999,,13.02483976,-0.058764455,
0.1,4,0.9,200,3,0.6,0.726276699,0.997789405,9.591588259,,13.02498136,-0.058787477,
0.3,5,0.6,300,3,0.6,0.044448218,0.999989791,8.992639303,,13.02857627,-0.059372011,
0.3,5,0.6,400,3,0.6,0.010615492,0.9999994,8.98913908,,13.03472355,-0.060371934,
0.3,3,0.6,100,5,0.6,1.546934319,0.989909701,8.912296057,,13.05921298,-0.064360097,
0.1,6,0.7,400,3,0.6,0.26632948,0.999690426,9.61030674,,13.06129848,-0.064700072,
0.1,4,0.9,400,3,0.6,0.157412967,0.999889731,9.772507906,,13.06657067,-0.065559776,
0.3,5,0.6,200,10,0.6,1.287100419,0.993010275,9.368571043,,13.08761762,-0.068995237,
0.1,4,0.9,300,3,0.6,0.335874692,0.999509045,9.705351591,,13.09151162,-0.069631455,
0.3,4,0.6,200,3,0.6,0.198104795,0.999802673,9.027706623,,13.10670225,-0.072115172,
0.4,5,0.6,100,3,0.6,0.309142887,0.999552903,9.088784933,,13.11237242,-0.073043001,
0.4,5,0.6,200,3,0.6,0.062589803,0.999979575,9.070210218,,13.11452309,-0.073395027,
0.4,5,0.6,400,3,0.6,0.002117723,0.999999977,9.076597452,,13.11462929,-0.073412412,
0.4,5,0.6,300,3,0.6,0.011106136,0.999999342,9.077889204,,13.11541395,-0.073540862,
0.3,4,0.6,400,3,0.6,0.014555425,0.999998833,9.052095652,,13.12060954,-0.074391584,
0.3,4,0.6,300,3,0.6,0.0576435,0.999982694,9.056040764,,13.1249138,-0.075096615,
0.1,6,0.6,200,1,0.6,0.417139771,0.999219491,9.080840826,,13.12917882,-0.075795447,
0.1,8,0.6,200,1,0.6,0.398985142,0.99928491,9.058727741,,13.14608787,-0.078568261,
0.1,5,0.6,200,1,0.6,0.458728915,0.999062927,8.962087393,,13.15019997,-0.07924312,
0.3,3,0.6,200,3,0.6,0.3142221,0.999522192,9.002526999,,13.15289897,-0.079686183,
0.1,7,0.6,200,1,0.6,0.402170713,0.999271574,9.06961894,,13.15354873,-0.07979286,
0.1,6,0.6,300,1,0.6,0.165076009,0.999872964,9.158749104,,13.15763454,-0.080463782,
0.1,5,0.6,400,1,0.6,0.071592214,0.999975896,9.067483425,,13.15821382,-0.080558922,
0.1,5,0.6,300,1,0.6,0.186416688,0.999840094,9.05436635,,13.15881169,-0.080657118,
0.1,6,0.6,400,1,0.6,0.062794252,0.999981352,9.169169903,,13.16085765,-0.080993191,
0.1,4,0.6,400,1,0.6,0.096774215,0.999956845,9.146222591,,13.16269502,-0.081295045,
0.3,3,0.6,300,3,0.6,0.107948751,0.999940997,9.088548899,,13.16738432,-0.082065618,
0.3,3,0.6,400,3,0.6,0.033106385,0.999994118,9.08846426,,13.16867469,-0.082277708,
0.1,4,0.6,200,1,0.6,0.549093219,0.998678862,8.998077393,,13.17567261,-0.083428273,
0.3,6,0.6,300,3,0.6,0.040364316,0.999991636,8.960945368,,13.18124758,-0.084345321,
0.1,8,0.6,300,1,0.6,0.156315931,0.999884894,9.124267101,,13.18299277,-0.084632472,
0.3,6,0.6,400,3,0.6,0.009835758,0.999999499,8.958593607,,13.18335622,-0.08469228,
0.3,6,0.6,200,3,0.6,0.149073591,0.999891444,8.945329189,,13.1873351,-0.085347122,
0.1,8,0.6,400,1,0.6,0.059267246,0.999983226,9.13224721,,13.18840964,-0.085524003,
0.1,7,0.6,300,1,0.6,0.158202139,0.999881588,9.128026485,,13.19680549,-0.08690655,
0.1,4,0.6,300,1,0.6,0.239284217,0.999742715,9.122981787,,13.19950478,-0.08735123,
0.1,7,0.6,400,1,0.6,0.060001236,0.999982701,9.136315584,,13.20078205,-0.087561679,
0.1,3,0.6,400,1,0.6,0.19766501,0.999820512,9.259412289,,13.22783731,-0.092024205,
0.1,3,0.6,200,1,0.6,0.796050105,0.997258807,9.008636951,,13.2359508,-0.093364234,
0.1,3,0.6,300,1,0.6,0.410224652,0.999247796,9.222465754,,13.30190557,-0.104287856,
0.3,7,0.6,300,10,0.6,0.663785354,0.998045874,9.412840366,,13.31567787,-0.106575716,
0.3,8,0.6,300,10,0.6,0.664515193,0.998041493,9.414066076,,13.31567787,-0.106575716,
0.4,3,0.9,100,1,0.6,0.02155851,0.999997376,8.960508108,,13.32384354,-0.107933319,
0.4,3,0.9,200,1,0.6,0.001190568,0.999999994,8.963746309,,13.32961325,-0.108893077,
0.4,3,0.9,400,1,0.6,0.000924989,0.999999997,8.963975668,,13.32971212,-0.108909529,
0.4,3,0.9,300,1,0.6,0.001001101,0.999999996,8.963888407,,13.32987682,-0.108936931,
0.3,4,0.6,200,10,0.6,1.311110229,0.992787442,9.295770168,,13.34092414,-0.110775786,
0.4,3,0.6,200,3,0.6,0.149212259,0.999888143,9.18071866,,13.3483842,-0.112018395,
0.3,3,0.6,300,10,0.6,0.809708405,0.997161474,9.327811718,,13.36021264,-0.11399006,
0.2,5,0.6,100,3,0.6,1.328471792,0.992495614,9.020165682,,13.37045239,-0.11569832,
0.4,3,0.6,400,3,0.6,0.008288986,0.999999607,9.211458445,,13.37298893,-0.116121683,
0.4,3,0.6,300,3,0.6,0.037839208,0.999992451,9.213108063,,13.37800827,-0.116959678,
0.3,3,0.6,400,10,0.6,0.511336527,0.998838054,9.348518848,,13.38577873,-0.118257599,
0.3,7,0.6,400,10,0.6,0.395764231,0.999286057,9.3932302,,13.39250871,-0.119382337,
0.3,8,0.6,400,10,0.6,0.39596679,0.99928521,9.392543554,,13.39250871,-0.119382337,
0.3,6,0.6,400,5,0.6,0.064457066,0.999978089,8.94257164,,13.42688925,-0.125136953,
0.2,3,0.6,100,3,0.6,1.603849415,0.989139127,8.945106983,,13.43722319,-0.126869531,
0.3,6,0.6,200,5,0.6,0.4083066,0.999233535,8.911322355,,13.44078992,-0.127467836,
0.3,4,0.6,400,5,0.6,0.076487372,0.999970237,8.875426292,,13.4430431,-0.127845879,
0.3,6,0.6,300,5,0.6,0.160067504,0.999874929,8.946973085,,13.44834306,-0.128735368,
0.3,6,0.6,300,10,0.6,0.665387084,0.998038348,9.408075809,,13.45188135,-0.129329391,
0.4,8,0.6,100,5,0.6,0.785294519,0.997311141,9.154096603,,13.46758203,-0.131967176,
0.3,4,0.6,300,5,0.6,0.187854873,0.999829079,8.887875795,,13.4688012,-0.132172131,
0.4,7,0.6,100,5,0.6,0.786069155,0.997307486,9.155135393,,13.46926141,-0.132249502,
0.4,4,0.6,100,5,0.6,0.837467423,0.996949998,9.15971303,,13.4762485,-0.1334245,
0.3,4,0.6,200,5,0.6,0.461553613,0.999012457,8.844522476,,13.48035127,-0.134114735,
0.3,8,0.6,400,5,0.6,0.063755988,0.999979058,8.8934865,,13.49403172,-0.136417802,
0.4,5,0.6,100,5,0.6,0.791431648,0.99726386,9.194155931,,13.49510647,-0.136598833,
0.4,6,0.6,100,5,0.6,0.78743303,0.997301432,9.1804564,,13.49781864,-0.137055733,
0.3,8,0.6,300,5,0.6,0.159561643,0.999876288,8.899493933,,13.50048039,-0.137504228,
0.3,7,0.6,400,5,0.6,0.063951833,0.999978927,8.891818523,,13.5026235,-0.137865398,
0.2,4,0.6,100,3,0.6,1.377278125,0.991946868,8.897018433,,13.50781353,-0.138740295,
0.3,7,0.6,200,5,0.6,0.409382289,0.999229287,8.860600948,,13.5102662,-0.139153864,
0.3,8,0.6,200,5,0.6,0.408415871,0.999232853,8.859419823,,13.51163667,-0.139384985,
0.3,5,0.6,400,5,0.6,0.066070601,0.999977057,8.889115095,,13.51183487,-0.139418411,
0.3,5,0.6,200,5,0.6,0.420220479,0.999181476,8.853868008,,13.51216737,-0.139474491,
0.1,5,0.6,200,3,0.6,1.443877269,0.991297246,9.123614311,,13.51251728,-0.139533506,
0.3,5,0.6,300,10,0.6,0.669096558,0.998010499,9.443074942,,13.51310357,-0.139632395,
0.3,7,0.6,300,5,0.6,0.160034563,0.999875433,8.895831347,,13.51391517,-0.139769292,
0.2,6,0.6,100,3,0.6,1.308249036,0.992738878,8.956380606,,13.51408083,-0.139797236,
0.3,5,0.6,300,5,0.6,0.16546279,0.999865129,8.899827957,,13.51657645,-0.140218243,
0.3,6,0.6,400,10,0.6,0.396726046,0.999281793,9.382121801,,13.53123972,-0.142693485,
0.2,7,0.6,100,3,0.6,1.307926429,0.992730958,9.01973033,,13.53404792,-0.143167831,
0.2,8,0.6,100,3,0.6,1.307816297,0.992731986,9.016940117,,13.53460001,-0.143261098,
0.4,3,0.6,400,5,0.6,0.044719959,0.999989291,9.381462097,,13.55544265,-0.146784944,
0.3,5,0.6,400,10,0.6,0.400356669,0.999270574,9.420567274,,13.55934524,-0.147445355,
0.4,3,0.6,300,5,0.6,0.133954692,0.99990975,9.39146328,,13.56374274,-0.148189743,
0.4,3,0.6,200,5,0.6,0.364483125,0.999357345,9.330824852,,13.59391183,-0.153303134,
0.4,3,0.6,100,3,0.6,0.524866012,0.998774498,9.055759668,,13.60438802,-0.155081413,
0.1,3,0.6,200,3,0.6,1.718496876,0.987815799,8.913690567,,13.67586109,-0.167250146,
0.3,4,0.6,300,10,0.6,0.690936757,0.997893648,9.37255764,,13.7123365,-0.173484883,
0.1,8,0.6,200,3,0.6,1.414022659,0.991655911,9.084913492,,13.72580374,-0.175791036,
0.1,6,0.6,200,3,0.6,1.424323693,0.991526452,9.079411507,,13.72824976,-0.176210138,
0.1,7,0.6,200,3,0.6,1.416177796,0.991630468,9.091590643,,13.73088472,-0.176661697,
0.3,4,0.6,400,10,0.6,0.419309518,0.999198341,9.346700191,,13.74680653,-0.179392104,
0.2,5,0.6,200,5,0.6,0.916710045,0.996385369,9.264198542,,13.76908175,-0.183217356,
0.2,8,0.6,200,5,0.6,0.899559715,0.996520536,9.218539953,,13.78443129,-0.185856888,
0.2,7,0.6,200,5,0.6,0.899703225,0.996519616,9.218524456,,13.7962057,-0.187883628,
0.2,6,0.6,200,5,0.6,0.898976855,0.996519729,9.204601526,,13.8239016,-0.192657771,
0.1,5,0.6,300,3,0.6,0.762323682,0.997496246,9.272754908,,13.8908883,-0.204244337,
0.2,8,0.6,400,5,0.6,0.229354047,0.999756175,9.28471899,,13.89354924,-0.204705752,
0.2,5,0.6,400,5,0.6,0.238079545,0.999732703,9.354646921,,13.90487086,-0.206669941,
0.2,3,0.6,200,5,0.6,1.149353323,0.994425276,9.11644578,,13.90612623,-0.206887834,
0.2,7,0.6,400,5,0.6,0.229972649,0.999755234,9.285959005,,13.9063448,-0.206925773,
0.2,7,0.6,300,5,0.6,0.429389802,0.999166015,9.294250488,,13.91760058,-0.208880333,
0.2,6,0.6,400,5,0.6,0.229264165,0.999755529,9.289798021,,13.93108083,-0.21122325,
0.2,8,0.6,300,5,0.6,0.429583284,0.99916514,9.292412281,,13.93172502,-0.21133527,
0.4,6,0.6,400,5,0.6,0.019999284,0.999997834,9.252904415,,13.93756649,-0.212351291,
0.1,4,0.6,200,3,0.6,1.504013687,0.99059202,9.041702032,,13.9378194,-0.21239529,
0.2,5,0.6,300,5,0.6,0.443443482,0.999102566,9.34829092,,13.93916994,-0.212630257,
0.4,6,0.6,300,5,0.6,0.069146421,0.999976262,9.261739492,,13.94067954,-0.212892926,
0.4,7,0.6,400,5,0.6,0.019898992,0.999997791,9.202363253,,13.94782652,-0.214136874,
0.4,7,0.6,300,5,0.6,0.068687705,0.999976602,9.210992336,,13.95039898,-0.214584773,
0.4,6,0.6,200,5,0.6,0.219758148,0.999770485,9.229484797,,13.95169901,-0.214811156,
0.4,8,0.6,400,5,0.6,0.019829586,0.999997801,9.204962492,,13.95429038,-0.215262473,
0.4,8,0.6,300,5,0.6,0.068368034,0.999976771,9.212523937,,13.95996502,-0.216251069,
0.4,4,0.6,400,5,0.6,0.024637497,0.999996859,9.182041883,,13.96501375,-0.217130962,
0.4,4,0.6,300,5,0.6,0.084529764,0.999965123,9.187369823,,13.96594431,-0.217293175,
0.4,7,0.6,200,5,0.6,0.215986249,0.999779136,9.186359882,,13.96741974,-0.21755039,
0.4,8,0.6,200,5,0.6,0.215354022,0.999779887,9.187153816,,13.96926896,-0.217872806,
0.4,4,0.6,200,10,0.6,0.841402369,0.996948292,9.296762705,,13.97147124,-0.218256837,
0.2,6,0.6,300,5,0.6,0.429346151,0.999164856,9.293845892,,13.97280038,-0.218488638,
0.1,5,0.6,400,3,0.6,0.464860101,0.999053296,9.303737402,,13.97297546,-0.218519175,
0.4,4,0.6,200,5,0.6,0.257299301,0.999682377,9.133526564,,13.98009025,-0.219760388,
0.2,4,0.6,200,5,0.6,0.963553707,0.996046473,9.276678324,,13.98738874,-0.221034303,
0.4,5,0.6,400,5,0.6,0.020544082,0.999997763,9.217478752,,14.01525165,-0.225903755,
0.4,5,0.6,300,5,0.6,0.071337448,0.999975053,9.226779938,,14.02270977,-0.227208815,
0.1,3,0.6,300,3,0.6,1.025212996,0.995603111,9.090019703,,14.02955274,-0.228406842,
0.4,5,0.6,200,5,0.6,0.2216092,0.999766058,9.192986727,,14.03222273,-0.228874447,
0.4,4,0.6,400,10,0.6,0.2105777,0.999789963,9.376839876,,14.04061416,-0.23034465,
0.2,3,0.6,400,5,0.6,0.364477801,0.999406484,9.258652449,,14.04940332,-0.231885476,
0.3,3,0.6,400,5,0.6,0.124335842,0.999923193,9.069055796,,14.07718628,-0.236762447,
0.2,4,0.6,400,5,0.6,0.263660194,0.999681759,9.357032537,,14.07736686,-0.236794178,
0.1,3,0.6,400,3,0.6,0.676839343,0.998063333,9.117100954,,14.08115855,-0.237460519,
0.2,3,0.6,300,5,0.6,0.620791365,0.998314083,9.25388217,,14.08263912,-0.237720761,
0.3,3,0.6,300,5,0.6,0.284087086,0.999618661,9.058965206,,14.09170392,-0.23931468,
0.4,4,0.6,300,10,0.6,0.403712504,0.999257181,9.384237051,,14.09740315,-0.240317337,
0.2,4,0.6,300,5,0.6,0.477309313,0.998985772,9.362988949,,14.10769977,-0.242129832,
0.1,6,0.6,300,3,0.6,0.74222078,0.99761507,9.203608751,,14.12530449,-0.245231826,
0.1,8,0.6,300,3,0.6,0.731181943,0.997687353,9.198814869,,14.12975388,-0.24601643,
0.1,7,0.6,300,3,0.6,0.732891648,0.997677389,9.204008818,,14.13227378,-0.246460899,
0.3,3,0.6,200,5,0.6,0.614944145,0.998303006,8.93164444,,14.13491432,-0.246926731,
0.4,3,0.6,200,10,0.6,0.973082462,0.995914843,9.440568924,,14.15865459,-0.251118796,
0.4,5,0.6,200,10,0.6,0.80866918,0.997174988,9.334341288,,14.20142914,-0.258689697,
0.4,7,0.6,200,10,0.6,0.804578936,0.997191844,9.331857681,,14.20786232,-0.259830316,
0.4,8,0.6,400,10,0.6,0.19498374,0.999813979,9.380678892,,14.21179247,-0.260527396,
0.4,6,0.6,400,10,0.6,0.196776411,0.999811161,9.406639576,,14.22002825,-0.261988779,
0.1,6,0.6,400,3,0.6,0.447276011,0.999118754,9.227724791,,14.22138569,-0.262229729,
0.4,5,0.6,400,10,0.6,0.196044362,0.999814348,9.408131123,,14.22179972,-0.262303225,
0.1,7,0.6,400,3,0.6,0.440396556,0.999147747,9.221440792,,14.22373145,-0.262646163,
0.4,7,0.6,400,10,0.6,0.194123605,0.999817742,9.376814127,,14.2305149,-0.263850788,
0.4,6,0.6,200,10,0.6,0.806743893,0.997165995,9.344389915,,14.23338195,-0.2643601,
0.1,8,0.6,400,3,0.6,0.438856074,0.999153454,9.208813667,,14.23608827,-0.264840955,
0.1,4,0.6,300,3,0.6,0.825244564,0.997097849,9.173058033,,14.23870273,-0.265305574,
0.4,8,0.6,200,10,0.6,0.805004036,0.997182082,9.332194567,,14.24253088,-0.265986034,
0.4,3,0.6,400,10,0.6,0.278019957,0.999635691,9.561101675,,14.24598982,-0.266601023,
0.4,8,0.6,300,10,0.6,0.37810367,0.999331218,9.398120403,,14.26463942,-0.269919439,
0.4,6,0.6,300,10,0.6,0.380725828,0.999324192,9.427580357,,14.26779675,-0.270481668,
0.4,5,0.6,300,10,0.6,0.379662919,0.999336575,9.420318365,,14.26793054,-0.270505495,
0.4,7,0.6,300,10,0.6,0.375957975,0.999346513,9.39071703,,14.27790696,-0.272282842,
0.4,3,0.6,300,10,0.6,0.507862252,0.998828286,9.559636116,,14.2823055,-0.273066856,
0.1,4,0.6,400,3,0.6,0.516472137,0.998847802,9.210925102,,14.30182992,-0.276549891,
0.2,5,0.6,400,3,0.6,0.066960901,0.999977847,9.115315199,,14.43344372,-0.300153115,
0.2,5,0.6,300,3,0.6,0.169908336,0.999861765,9.116001606,,14.44470281,-0.302182328,
0.2,5,0.6,200,3,0.6,0.431937041,0.999142525,9.072473288,,14.49574462,-0.31140137,
0.2,4,0.6,400,3,0.6,0.083088046,0.999966552,9.091032982,,14.50066808,-0.312292353,
0.2,4,0.6,300,3,0.6,0.206366385,0.999799907,9.090019226,,14.51484735,-0.314860021,
0.2,4,0.6,200,3,0.6,0.495459477,0.998877767,8.992508411,,14.52455025,-0.316618526,
0.2,3,0.6,400,3,0.6,0.144263664,0.999897556,9.180048466,,14.53542985,-0.318591689,
0.2,3,0.6,300,3,0.6,0.318119575,0.999520003,9.162488461,,14.55122474,-0.321458934,
0.2,3,0.6,200,3,0.6,0.674520858,0.997949791,9.015356779,,14.59067976,-0.328634809,
0.2,7,0.6,400,3,0.6,0.060675348,0.999981993,9.137346506,,14.60493924,-0.331233027,
0.2,7,0.6,300,3,0.6,0.155775614,0.999883183,9.142191887,,14.60811465,-0.331811965,
0.2,6,0.6,400,3,0.6,0.061840015,0.999981343,9.074257374,,14.62046498,-0.33406486,
0.2,6,0.6,300,3,0.6,0.159036593,0.999879576,9.075573444,,14.62108086,-0.334177256,
0.2,8,0.6,300,3,0.6,0.15570383,0.999883029,9.146523237,,14.62673804,-0.335209893,
0.2,8,0.6,400,3,0.6,0.060522707,0.999982047,9.141851902,,14.63012172,-0.335827728,
0.2,7,0.6,200,3,0.6,0.404519435,0.999252869,9.09397769,,14.63495203,-0.336709953,
0.2,6,0.6,200,3,0.6,0.408995511,0.999238401,9.034213781,,14.63639046,-0.336972728,
0.2,8,0.6,200,3,0.6,0.404435871,0.999252914,9.09929657,,14.65323625,-0.340052084,
