learning_rate,max_depth,subsample,n_estimators,reg_lambda,colsample_bytree,CV-10-train-RMSE,CV-10-train-R2,CV-10-validation-RMSE,CV-10-validation-R2,test-RMSE,test-R2
0.01,3,0.6,100,1,0.6,12.245278838981848,0.385177711151589,15.048318234519389,-0.5224716288826641,8.098905996933,0.5906382210128431
0.01,3,0.7,100,1,0.6,12.068637257968051,0.40278889510646626,15.008054605010383,-0.5126863331594047,7.952925166639022,0.6052625176440777
0.01,3,0.8,100,1,0.6,11.870092524603965,0.42220310510603126,15.020167231109975,-0.5144072517011257,8.043503344017974,0.5962197539516083
0.01,3,0.9,100,1,0.6,11.655932293524266,0.4421319763911895,14.999900880749433,-0.49914229751895817,7.650814034932014,0.6346830133346875
0.01,3,0.6,100,3,0.6,13.4110806444735,0.26202601728300945,15.32003983313231,-0.5882991629602214,9.584244589795732,0.42671529955521914
0.01,3,0.7,100,3,0.6,13.27552206284966,0.27692472752591685,15.294381675125933,-0.5797474950716983,9.368584808941762,0.4522245553001275
0.01,3,0.8,100,3,0.6,13.111642864111317,0.2946971813892454,15.269598176103816,-0.5726510428182994,9.228022457909686,0.4685384369342993
0.01,3,0.9,100,3,0.6,12.934546848346631,0.3130774751618354,15.269713825428417,-0.5678055862121417,9.041384137888565,0.48981883918472846
0.01,3,0.6,100,5,0.6,13.907008882537639,0.2058207342350354,15.464659182820835,-0.631793429622511,10.339064955288645,0.3328598127390765
0.01,3,0.7,100,5,0.6,13.7912857975256,0.21906279948246143,15.448095790338433,-0.6259611075814899,10.16452261071391,0.3551947757558195
0.01,3,0.8,100,5,0.6,13.65568979180443,0.23442234909665274,15.44402962092324,-0.6242210034324586,10.09069611186889,0.3645274001002715
0.01,3,0.9,100,5,0.6,13.519420684364016,0.24929911869744886,15.445321259340691,-0.6193079695710169,9.98156177086584,0.37819877627540754
0.01,3,0.6,100,10,0.6,14.499690218386338,0.1355723631963288,15.6089026435363,-0.6801359979512436,11.262076813784324,0.20842595575218448
0.01,3,0.7,100,10,0.6,14.411095123781024,0.14621109482206882,15.599158798656424,-0.6749223590908412,11.137284961559068,0.22587117572061732
0.01,3,0.8,100,10,0.6,14.313397331447547,0.1579053058639137,15.587497006049025,-0.6710912045565445,11.052185734804556,0.23765610909579094
0.01,3,0.9,100,10,0.6,14.218076679305264,0.16897701489223232,15.595215412571932,-0.6676801765892051,10.964099772981768,0.24975945162842983
0.01,3,0.6,200,1,0.6,9.888753879607387,0.5994511552155324,14.313046709113006,-0.32946029671227645,5.6878989652563945,0.798089770849996
0.01,3,0.7,200,1,0.6,9.590056429454355,0.6233760397554547,14.290447071646664,-0.3267762538389208,5.827875136347742,0.7880296818804324
0.01,3,0.8,200,1,0.6,9.269183068274089,0.6482479037519417,14.302521034964954,-0.32473535008242954,6.019061329729607,0.7738939870575814
0.01,3,0.9,200,1,0.6,9.006595462180547,0.6673925011030918,14.256091391264079,-0.3104633551724634,6.699682936217426,0.7198677721515379
0.01,3,0.6,200,3,0.6,11.77063926977363,0.43264961217643305,14.891694721382432,-0.47039256305869814,6.975470334530604,0.696330225413943
0.01,3,0.7,200,3,0.6,11.530967675318283,0.45554947175113175,14.842840787982704,-0.45833231826237136,6.683558563647315,0.7212145585267646
0.01,3,0.8,200,3,0.6,11.243739976226202,0.4824681252731538,14.78828367758003,-0.4445906814217032,6.591388699043168,0.728850741548495
0.01,3,0.9,200,3,0.6,10.9881927955764,0.5053356058430507,14.762865325245013,-0.4382911820429616,6.8150089811687,0.710140565930272
0.01,3,0.6,200,5,0.6,12.589397142560852,0.3506007435603392,15.161526371533776,-0.5421173236255857,8.21039567551695,0.5792900831213178
0.01,3,0.7,200,5,0.6,12.375370618096762,0.3726174077532113,15.1218687151691,-0.5296557982851031,7.887285334675317,0.6117515954899415
0.01,3,0.8,200,5,0.6,12.137729895441698,0.3966474448899824,15.09333385081552,-0.5237425161111806,7.739544230853363,0.6261603615393624
0.01,3,0.9,200,5,0.6,11.932572614156989,0.4166204748432419,15.051107367125434,-0.5123128583863803,7.7751247515218465,0.6227152016045148
0.01,3,0.6,200,10,0.6,13.591426266074237,0.24201607802594874,15.415344645804712,-0.6174534203675879,9.791464323765405,0.40165747939000274
0.01,3,0.7,200,10,0.6,13.419346568484439,0.2612595998317041,15.401609038729072,-0.6100572636992011,9.506582574077003,0.4359684149710522
0.01,3,0.8,200,10,0.6,13.23904093997408,0.2812305397780118,15.37296675934024,-0.6023016584389476,9.343567845426785,0.4551461025998341
0.01,3,0.9,200,10,0.6,13.087595591694457,0.2975567665136504,15.362687756836237,-0.5977035246663848,9.315652824423454,0.4583968710394408
0.01,3,0.6,300,1,0.6,8.168712098923725,0.7266635958277753,13.93150781104453,-0.2467935795066119,5.719020463382267,0.7958742112170991
0.01,3,0.7,300,1,0.6,7.810996494524164,0.7500453139234377,13.924075735166358,-0.2486258538139144,6.286494387980892,0.7533553842201618
0.01,3,0.8,300,1,0.6,7.410770919871732,0.7750881652555479,13.845601827929036,-0.22961354232481357,7.0890124858578885,0.686363890885384
0.01,3,0.9,300,1,0.6,7.122793709989052,0.7917181622953294,13.746125378090287,-0.2087794959503384,8.654990439156325,0.5324933854974014
0.01,3,0.6,300,3,0.6,10.483117100909778,0.5502277160097616,14.606943044569766,-0.4005007746600121,5.577627488653438,0.805842761437903
0.01,3,0.7,300,3,0.6,10.176882691378173,0.5760406613184419,14.572135893423944,-0.393371394876547,5.509329231542891,0.8105685746079351
0.01,3,0.8,300,3,0.6,9.789081080900754,0.6078661092911215,14.46632338069098,-0.3688241294997766,5.868617170123204,0.7850556000147919
0.01,3,0.9,300,3,0.6,9.470929572940168,0.6326130557961509,14.3890122356735,-0.35139128764997896,6.593271538288685,0.7286958111065551
0.01,3,0.6,300,5,0.6,11.526990595811913,0.4561773160133228,14.95790568958937,-0.48693955419855606,6.6952913387301365,0.7202349014012397
0.01,3,0.7,300,5,0.6,11.246286565563997,0.48238048850361065,14.914838353153144,-0.4755164402503894,6.263035494734113,0.7551927243086507
0.01,3,0.8,300,5,0.6,10.919588816385698,0.5121327368182202,14.845846151307693,-0.4609574591239743,6.3258112962089985,0.7502606139090304
0.01,3,0.9,300,5,0.6,10.656120653797597,0.5351383478452412,14.779143322186986,-0.4465589183234663,6.605648231177603,0.7276762868134663
0.01,3,0.6,300,10,0.6,12.826407996310298,0.3259161231484434,15.314474112508512,-0.5839399955143003,8.656438577242463,0.5323369276070868
0.01,3,0.7,300,10,0.6,12.59434456050933,0.3502577259494717,15.312004453376733,-0.5804891634107288,8.174991416422646,0.5829105684419716
0.01,3,0.8,300,10,0.6,12.340912997470422,0.37635077837293884,15.261153629229398,-0.5688468380565227,8.060434350912606,0.5945181070663432
0.01,3,0.9,300,10,0.6,12.147281119527946,0.3956771509141324,15.22433861419132,-0.5590445054230537,8.060709791614704,0.594490394384698
0.01,3,0.6,400,1,0.6,6.909045839264918,0.8042954929748136,13.561948866139696,-0.17842454287103465,6.770178787329994,0.7139415043809096
0.01,3,0.7,400,1,0.6,6.513051762523574,0.8260314351885183,13.506908304273287,-0.17241516818380137,7.548557884218973,0.6443829669450322
0.01,3,0.8,400,1,0.6,6.119175908404028,0.846432668451369,13.37117084411113,-0.14567283699598377,8.558609127580887,0.5428476463726948
0.01,3,0.9,400,1,0.6,5.791086112485442,0.8619308395744637,13.367263631382158,-0.14332242355991318,10.638262951601119,0.29368892423608606
0.01,3,0.6,400,3,0.6,9.452454755264784,0.6341860642546477,14.269551379520873,-0.327165365273437,5.130901559985522,0.8356983443110582
0.01,3,0.7,400,3,0.6,9.080577003300073,0.6622777747205844,14.18188755092493,-0.31112253296349035,5.57625895284276,0.8059380272249265
0.01,3,0.8,400,3,0.6,8.669803079871777,0.6921520816634436,14.050950462397903,-0.28255040084345606,6.327927482220806,0.7500934943507878
0.01,3,0.9,400,3,0.6,8.28165478315484,0.7187511780655808,14.052511326389126,-0.2795755858172816,7.523214700757321,0.6467668232590669
0.01,3,0.6,400,5,0.6,10.624207735524923,0.5381688381348277,14.67032778925709,-0.4170803442514524,5.684882457241273,0.7983038753281138
0.01,3,0.7,400,5,0.6,10.288813073424027,0.5667747666146374,14.600363425373654,-0.4046264017267408,5.468739343367024,0.8133495578321437
0.01,3,0.8,400,5,0.6,9.932169912340528,0.5962970087843191,14.518848113331277,-0.38820262179814835,5.7710042901001115,0.7921464869099735
0.01,3,0.9,400,5,0.6,9.606629498918357,0.6220503236830994,14.522401290848032,-0.38849792747959266,6.315716139336186,0.7510570798308308
0.01,3,0.6,400,10,0.6,12.13322768941438,0.3974413265565619,15.130964341265042,-0.531441782597715,7.6760005746805895,0.6322738015143536
0.01,3,0.7,400,10,0.6,11.854530102313154,0.42484756906615606,15.08465441451241,-0.5206778445161788,7.225991077173926,0.6741262210787489
0.01,3,0.8,400,10,0.6,11.56991093644686,0.45222247212653083,14.98169515561437,-0.49720276378868056,7.123136980679136,0.6833371128623074
0.01,3,0.9,400,10,0.6,11.329801032390382,0.47458920997029425,15.00269792919821,-0.5010828124276725,7.05609979901753,0.6892694138458724
0.01,4,0.6,100,1,0.6,12.23660341863759,0.3859806505172948,15.063662551895135,-0.527036307660432,8.118583061017134,0.5886466376550338
0.01,4,0.7,100,1,0.6,12.059969619125614,0.4035936282599578,15.010644971159627,-0.5128158644472074,7.974921928068496,0.6030759123392234
0.01,4,0.8,100,1,0.6,11.8506853718727,0.42396116688867025,15.00704498319207,-0.5095657888921103,8.089455901710435,0.5915929798003282
0.01,4,0.9,100,1,0.6,11.623180420809273,0.44504700930249125,15.008220754870887,-0.5017315861920929,7.750082426227921,0.6251416252634856
0.01,4,0.6,100,3,0.6,13.410189238764266,0.2621030727405973,15.323131775388314,-0.5894792096054969,9.565986452208097,0.4288974519061234
0.01,4,0.7,100,3,0.6,13.27465355919272,0.27699429020276567,15.30049836162778,-0.58175225371695,9.355146787907671,0.4537948540986332
0.01,4,0.8,100,3,0.6,13.10988525788242,0.29487657584727095,15.286634129377711,-0.5775399251299355,9.212957797214354,0.4702722326768429
0.01,4,0.9,100,3,0.6,12.927755222471651,0.31373863561064985,15.296331473800052,-0.5756292202481381,8.996862332555239,0.494830961467009
0.01,4,0.6,100,5,0.6,13.907176210032825,0.20579155148493644,15.465531903904028,-0.6322587861185681,10.34437354904287,0.33217455049187905
0.01,4,0.7,100,5,0.6,13.791323174304344,0.21905100414816542,15.44983982774138,-0.6266891590749994,10.149649138376274,0.35708044737624
0.01,4,0.8,100,5,0.6,13.654904461674738,0.2345023692372991,15.450407402616197,-0.6261982208986071,10.09368284945587,0.36415115830864964
0.01,4,0.9,100,5,0.6,13.515969011992983,0.24964813137453032,15.4565339919428,-0.6226040310928476,9.969024606686467,0.3797598001772272
0.01,4,0.6,100,10,0.6,14.499842551977334,0.1355445252707521,15.610093215224278,-0.6805511949613237,11.259241762435952,0.2088244383115564
0.01,4,0.7,100,10,0.6,14.410875376450926,0.14623529413751654,15.598325428124394,-0.6746538118026681,11.13247857665051,0.2265391945867854
0.01,4,0.8,100,10,0.6,14.312797126587403,0.15796969193581362,15.585892362394892,-0.6706751877074268,11.048228866721981,0.23820187521019442
0.01,4,0.9,100,10,0.6,14.21790282388057,0.168995443247895,15.596494353205042,-0.6680850620534061,10.967951231699104,0.249232271454226
0.01,4,0.6,200,1,0.6,9.885707687134275,0.5996841179728779,14.345150207112102,-0.33727499946382233,5.746560171506639,0.7939035591144767
0.01,4,0.7,200,1,0.6,9.587371143906072,0.6235658947623011,14.314065641071753,-0.3324221618095313,5.836955935994427,0.7873685971553928
0.01,4,0.8,200,1,0.6,9.25776546217549,0.649034771803634,14.322049978943696,-0.329683439279748,5.992257638489614,0.7759032643749302
0.01,4,0.9,200,1,0.6,8.980682929378748,0.6691699009948947,14.307911740974589,-0.32389032874880125,6.515634463224749,0.7350475142059748
0.01,4,0.6,200,3,0.6,11.771626114480698,0.4325534993005743,14.889810050609068,-0.47111107257515317,6.9650124335223405,0.6972400903222002
0.01,4,0.7,200,3,0.6,11.532990777955039,0.4553589489171843,14.85427473915646,-0.4615983536646466,6.666794801574444,0.7226113089905507
0.01,4,0.8,200,3,0.6,11.245239044429443,0.48233393911502953,14.809629215972766,-0.4505016864817234,6.572679469684696,0.7303878361476102
0.01,4,0.9,200,3,0.6,10.986537968210715,0.5054678997299509,14.796872423316525,-0.4479203508952703,6.763056697947538,0.7145430431648823
0.01,4,0.6,200,5,0.6,12.589995477289055,0.35053423824245894,15.161040260777545,-0.5420242336299402,8.216330304461248,0.57868166917875
0.01,4,0.7,200,5,0.6,12.37648179421852,0.37250122466071617,15.125658383583566,-0.530874872180448,7.87044046156184,0.6134081886269702
0.01,4,0.8,200,5,0.6,12.138684689974164,0.3965565448406333,15.103310675701469,-0.5267286320722224,7.751664036488363,0.6249886100268648
0.01,4,0.9,200,5,0.6,11.93172973591643,0.4166924135815453,15.06470161569772,-0.5163319751884167,7.77314188185705,0.6229076129707122
0.01,4,0.6,200,10,0.6,13.592061122196332,0.24193886308909035,15.416925176468231,-0.617975269752221,9.788530114894947,0.40201603635632144
0.01,4,0.7,200,10,0.6,13.419581804519524,0.2612316340165187,15.401107736191411,-0.609938451563124,9.502560468507776,0.43644558216672136
0.01,4,0.8,200,10,0.6,13.238434256286322,0.2812903799216035,15.371217410281167,-0.6018638309316877,9.341026157928335,0.45544249044770324
0.01,4,0.9,200,10,0.6,13.087233143072362,0.29759187508483115,15.364333423297358,-0.598200369704313,9.327050814856655,0.45707072375979296
0.01,4,0.6,300,1,0.6,8.168907504234676,0.7266585301776068,13.97800845223864,-0.2564216551867282,5.743965472659213,0.7940896312877765
0.01,4,0.7,300,1,0.6,7.813540564888063,0.74989466626649,13.972231205168807,-0.25874402434637794,6.282083318520255,0.7537013909979551
0.01,4,0.8,300,1,0.6,7.4065152289576535,0.7753182425106692,13.8918655581604,-0.23943975103502915,6.905890685540927,0.7023581645380852
0.01,4,0.9,300,1,0.6,7.113419837434843,0.7922429228025945,13.84527563019257,-0.22969344058767321,7.977749966449933,0.6027943508152468
0.01,4,0.6,300,3,0.6,10.482608711280745,0.5502631556337028,14.60595028925197,-0.4010970322345527,5.575184125860391,0.8060128311191165
0.01,4,0.7,300,3,0.6,10.18033153397953,0.5757597900726382,14.58885617294798,-0.3977187951085697,5.49513183988489,0.8115436359008751
0.01,4,0.8,300,3,0.6,9.793658820139502,0.6075214669066118,14.493654398739789,-0.3759000788748546,5.820999726980194,0.7885295289109298
0.01,4,0.9,300,3,0.6,9.47385720785547,0.6324131106034243,14.430316706729858,-0.3621666291827588,6.498305309677374,0.736454989296091
0.01,4,0.6,300,5,0.6,11.527986511255095,0.4560812887433158,14.958593693643042,-0.48715259376792075,6.707454171715509,0.7192175216503917
0.01,4,0.7,300,5,0.6,11.24883992235522,0.4821514863755615,14.920790181143522,-0.47721055709621796,6.260877182947588,0.7553614218636393
0.01,4,0.8,300,5,0.6,10.922781551089573,0.5118686234943682,14.854433890911233,-0.464211676092546,6.349371879546258,0.748396833003107
0.01,4,0.9,300,5,0.6,10.657994703749882,0.5349852714130303,14.791510084082205,-0.45024498843693406,6.611416503627519,0.7272004748504194
0.01,4,0.6,300,10,0.6,12.827198063576688,0.325831494261391,15.316056219131145,-0.5844534127867443,8.654833307978432,0.5325103604897357
0.01,4,0.7,300,10,0.6,12.595047195115345,0.3501827749366013,15.311720944600932,-0.5804485916500329,8.172886175879754,0.5831253602319446
0.01,4,0.8,300,10,0.6,12.34045457772321,0.3763880897306266,15.25968661627424,-0.5684731693969023,8.0694063335359,0.5936149296356459
0.01,4,0.9,300,10,0.6,12.147149167710811,0.39568690766307213,15.226764964842307,-0.5597625176436564,8.094260951880717,0.5911076569126297
0.01,4,0.6,400,1,0.6,6.91111994188424,0.8042062512093967,13.633025218446758,-0.19152712799208318,6.777264753657181,0.7133423882555263
0.01,4,0.7,400,1,0.6,6.519707980009277,0.8257270347181613,13.577224165218734,-0.185558061278252,7.515997329084314,0.6474442443718648
0.01,4,0.8,400,1,0.6,6.124018536213116,0.8462214530630394,13.431878647508139,-0.15621614219918994,8.209684468938583,0.5793629660158902
0.01,4,0.9,400,1,0.6,5.80376716274983,0.8614059998151437,13.466601012646635,-0.1611057389379343,9.703279479797908,0.4123866476925503
0.01,4,0.6,400,3,0.6,9.451696229589697,0.6342498414660502,14.268974153358917,-0.3275397137753857,5.139615000352527,0.8351398271453714
0.01,4,0.7,400,3,0.6,9.084970083652433,0.6619728697176133,14.213237822584773,-0.3184331225308914,5.564178370758666,0.8067779602841526
0.01,4,0.8,400,3,0.6,8.678112583707243,0.69160770240274,14.087933389296586,-0.2911436309926894,6.246621396988108,0.7564742195224763
0.01,4,0.9,400,3,0.6,8.291981974955439,0.7181288099712774,14.105906145935625,-0.292161198065367,7.371045728799229,0.6609117148993207
0.01,4,0.6,400,5,0.6,10.624831866879118,0.5381165016181411,14.674214921226678,-0.4180097522484484,5.698211620444945,0.7973569455246876
0.01,4,0.7,400,5,0.6,10.291526925838722,0.5665561441407453,14.609458688106804,-0.4069305768764595,5.4659172598262495,0.8135421459946498
0.01,4,0.8,400,5,0.6,9.937339636836729,0.5959071321168956,14.532707424417179,-0.3925472571968524,5.775859477074469,0.7917966025125449
0.01,4,0.9,400,5,0.6,9.612565413702113,0.6216236524322607,14.534508817801816,-0.3918895029675581,6.2867144943714575,0.7533381125888953
0.01,4,0.6,400,10,0.6,12.13396615108905,0.3973692443057522,15.132341410037716,-0.5319012295413661,7.674844165584325,0.6323845909508148
0.01,4,0.7,400,10,0.6,11.855287773864882,0.424774780899721,15.084694574709152,-0.5207107566937775,7.223504936161449,0.6743504197489832
0.01,4,0.8,400,10,0.6,11.570132971167956,0.4521997342855162,14.982358631787614,-0.49740530070193734,7.138700843475154,0.68195180128992
0.01,4,0.9,400,10,0.6,11.330965115064412,0.4744894947844215,15.005768591513297,-0.5020057884598732,7.102789735790974,0.6851436244602322
0.01,5,0.6,100,1,0.6,12.236159393618912,0.3860134869917774,15.062932534302004,-0.5268564548231686,8.158313813009029,0.5846106207933992
0.01,5,0.7,100,1,0.6,12.059279439345866,0.4036492439226992,15.007201582509555,-0.5121812747130602,7.999268950455704,0.6006486355688816
0.01,5,0.8,100,1,0.6,11.850572740597489,0.423965844032934,15.004222507740838,-0.5092336474978333,8.12016092071586,0.5884867277396644
0.01,5,0.9,100,1,0.6,11.623084518414348,0.4450511999066763,15.00855345213412,-0.5021143171700688,7.805402555450036,0.6197710436989695
0.01,5,0.6,100,3,0.6,13.410360808242581,0.26208195778964094,15.323523187233238,-0.5896282626971723,9.575564745030489,0.42775320482257595
0.01,5,0.7,100,3,0.6,13.274706695576219,0.2769888436406891,15.300804234424357,-0.5818626306892483,9.361782574793006,0.4530197114973571
0.01,5,0.8,100,3,0.6,13.110025347240944,0.2948624862498333,15.287366748648651,-0.5778036725729706,9.225110011148363,0.4688738520802731
0.01,5,0.9,100,3,0.6,12.92792491277281,0.3137218401692641,15.296463566678565,-0.5758357979794434,9.026056039139704,0.49154722021043395
0.01,5,0.6,100,5,0.6,13.907311474126516,0.20577407037165069,15.465693261105113,-0.6323279126628585,10.34227922957734,0.33244493868845826
0.01,5,0.7,100,5,0.6,13.791371217421906,0.21904589893591675,15.450075767153587,-0.6267795783069315,10.153174579965604,0.3566337385409655
0.01,5,0.8,100,5,0.6,13.655027365215853,0.23448951271933796,15.451067104137499,-0.6264493847929371,10.100502516354572,0.363291661881443
0.01,5,0.9,100,5,0.6,13.516185290310114,0.24962609515299122,15.458693259355837,-0.6232342823726882,9.979097338305754,0.37850578194140994
0.01,5,0.6,100,10,0.6,14.499933581439596,0.1355319923956284,15.610192761066525,-0.6805983518997636,11.260298072992141,0.20867597959328144
0.01,5,0.7,100,10,0.6,14.41088753508233,0.14623395216744986,15.598434718871076,-0.6746984900913698,11.134442419051032,0.22626628337636845
0.01,5,0.8,100,10,0.6,14.312832050572709,0.15796590060059337,15.586580705590881,-0.6708827829525622,11.050059952307173,0.23794934004356183
0.01,5,0.9,100,10,0.6,14.217916870569407,0.16899392391065754,15.59653240765896,-0.6681003695198395,10.970980697190338,0.24881747401617071
0.01,5,0.6,200,1,0.6,9.885024365360952,0.5997358413805851,14.344584348067027,-0.337019820298468,5.804659944015745,0.7897150750591808
0.01,5,0.7,200,1,0.6,9.586849386828726,0.6236003039060272,14.312424088780313,-0.3321907315278854,5.874474797162097,0.7846263021254125
0.01,5,0.8,200,1,0.6,9.257102715350666,0.6490777091312505,14.318729890775382,-0.32912408629525436,6.040679276807304,0.7722669142354034
0.01,5,0.9,200,1,0.6,8.980198983327812,0.6691991486456815,14.311156521652773,-0.32483919391451266,6.590102688576031,0.7289565361796042
0.01,5,0.6,200,3,0.6,11.771744003326408,0.4325420554558771,14.890202154164333,-0.47122000461274893,6.983767757364127,0.6956073565616879
0.01,5,0.7,200,3,0.6,11.53310669143649,0.4553484652405162,14.854616383590564,-0.4617001330025186,6.676014850231438,0.7218435320253027
0.01,5,0.8,200,3,0.6,11.245159328448466,0.48233984271287395,14.809911180191216,-0.45058536360143203,6.597076940229642,0.7283825464641095
0.01,5,0.9,200,3,0.6,10.986720023004128,0.5054509420930989,14.796845764306084,-0.44802519463808216,6.81209583015425,0.7103883202125505
0.01,5,0.6,200,5,0.6,12.590109524139606,0.3505219458219192,15.161195421580178,-0.5420728176034819,8.21908135212965,0.5783994845994973
0.01,5,0.7,200,5,0.6,12.376582800245856,0.3724914654180352,15.125924477308743,-0.530962332277872,7.875107658820164,0.6129495522319794
0.01,5,0.8,200,5,0.6,12.138929085140978,0.39653356385540045,15.10382588581361,-0.526898299059863,7.760789244887587,0.6241051684119747
0.01,5,0.9,200,5,0.6,11.932249680478623,0.4166456260795249,15.067016740048421,-0.5169768804545349,7.789612581989466,0.6213078593530801
0.01,5,0.6,200,10,0.6,13.592146796913559,0.24192851298556567,15.417009739249997,-0.6180088302376108,9.790482818329384,0.40177743019257883
0.01,5,0.7,200,10,0.6,13.419624716510082,0.26122717332317424,15.401248779153892,-0.6099909752033816,9.504937434721153,0.43616361240662915
0.01,5,0.8,200,10,0.6,13.238429948558409,0.28129102632987746,15.371713499535852,-0.6019932456035262,9.343451966491205,0.4551596170729365
0.01,5,0.9,200,10,0.6,13.087254190411267,0.29758975942626575,15.364360942714526,-0.5982104180797263,9.330793039736315,0.4566349652160411
0.01,5,0.6,300,1,0.6,8.167779760321334,0.7267343153140459,13.981408120254494,-0.25703587299332187,5.80970617121346,0.7893492976437114
0.01,5,0.7,300,1,0.6,7.812844872022858,0.7499401021932679,13.976640250211144,-0.2597776650752396,6.339755919609626,0.7491583489311908
0.01,5,0.8,300,1,0.6,7.404989238119631,0.7754074988037927,13.89165616190551,-0.23949423781635168,6.968202087347667,0.696962726732083
0.01,5,0.9,300,1,0.6,7.113093956779541,0.7922635109248832,13.852707042331101,-0.23132984677408358,8.054928818281763,0.5950718319148269
0.01,5,0.6,300,3,0.6,10.482963169464075,0.5502329136646803,14.6066850483421,-0.40127525969491673,5.597471938550774,0.8044587329316049
0.01,5,0.7,300,3,0.6,10.18026928388368,0.5757644534409068,14.589451806570622,-0.3978716054000852,5.520432701093478,0.8098042472240063
0.01,5,0.8,300,3,0.6,9.79244909028338,0.6076137251656789,14.49217001737387,-0.3754807429480806,5.8562371039149514,0.7859615098941694
0.01,5,0.9,300,3,0.6,9.47436304445915,0.6323760243680576,14.43125378324731,-0.3624840598206703,6.5549892877923295,0.7318371901802321
0.01,5,0.6,300,5,0.6,11.528182872413785,0.4560623559927003,14.958878992886778,-0.48723080272423297,6.711136287464942,0.7189091610306383
0.01,5,0.7,300,5,0.6,11.248691786045708,0.48216529624841825,14.92112610803849,-0.47731452246005396,6.270972856352311,0.7545718256502838
0.01,5,0.8,300,5,0.6,10.922912354189739,0.511856830899389,14.855096921614205,-0.4644050517087178,6.3631581207028285,0.7473030468101707
0.01,5,0.9,300,5,0.6,10.658637806184379,0.5349330067399783,14.793559844574014,-0.450801044254336,6.6340295221774515,0.7253311718580451
0.01,5,0.6,300,10,0.6,12.827275337342067,0.3258230308144482,15.316126470884655,-0.5844771448037039,8.657105945221996,0.5322648158748216
0.01,5,0.7,300,10,0.6,12.595086772168633,0.35017807590827316,15.311884745841956,-0.580506863960949,8.175654286901146,0.5828429261739736
0.01,5,0.8,300,10,0.6,12.340444242835693,0.37639012622619766,15.260184170679523,-0.5686174127491218,8.072446280978479,0.5933086810950918
0.01,5,0.9,300,10,0.6,12.147206875867521,0.3956809241996653,15.226780390979012,-0.5597689734485334,8.098279923034848,0.5907015087751
0.01,5,0.6,400,1,0.6,6.910154421581071,0.8042620664277743,13.64184204611179,-0.19314013105471908,6.842150080876909,0.7078272103992387
0.01,5,0.7,400,1,0.6,6.518969764666288,0.8257670762084339,13.593601967409631,-0.18856435099469615,7.57740387022118,0.6416598708879919
0.01,5,0.8,400,1,0.6,6.123219592854426,0.8462635828961826,13.439311200853478,-0.15811490892331165,8.261413101947944,0.5740454584488299
0.01,5,0.9,400,1,0.6,5.803888292300195,0.8614037775171781,13.47689992319845,-0.16314243967599756,9.767679416445532,0.4045608727331559
0.01,5,0.6,400,3,0.6,9.451673969518211,0.63425195054585,14.269991771831087,-0.32773254563815235,5.173215918694283,0.8329771901920291
0.01,5,0.7,400,3,0.6,9.084840815052324,0.6619823252041794,14.214500529278826,-0.31870180067956627,5.598721881338572,0.8043713925433911
0.01,5,0.8,400,3,0.6,8.676636737167083,0.691708611735453,14.087020990426842,-0.29093050906282913,6.282649404711737,0.753657000461758
0.01,5,0.9,400,3,0.6,8.292404592432455,0.7181029764191684,14.107691083509113,-0.29262569706462244,7.4217802608245504,0.6562277958322724
0.01,5,0.6,400,5,0.6,10.624979912852579,0.5381038869276091,14.674549482673555,-0.4180830395713097,5.70873766387087,0.796607587706075
0.01,5,0.7,400,5,0.6,10.291292394910482,0.5665760423508426,14.609733560700889,-0.4070129190271906,5.482824503058352,0.8123868544678645
0.01,5,0.8,400,5,0.6,9.937397960389422,0.5959027871055795,14.533692552038755,-0.392799217466039,5.795968709251988,0.7903443168825168
0.01,5,0.9,400,5,0.6,9.613284111295167,0.6215713631192926,14.536385727647817,-0.39238689813973987,6.313320892542526,0.7512458681323005
0.01,5,0.6,400,10,0.6,12.134107609661395,0.39735444384546853,15.132427792157515,-0.5319229042274826,7.679462118614584,0.6319420695425186
0.01,5,0.7,400,10,0.6,11.855341929935074,0.42476935334131494,15.084839067890218,-0.5207555279960555,7.227459978754724,0.6739937201784196
0.01,5,0.8,400,10,0.6,11.570245588163015,0.4521903540140902,14.982816986552839,-0.49753980140398674,7.142320555211438,0.6816291838573217
0.01,5,0.9,400,10,0.6,11.331003512075576,0.4744861832375685,15.005861430941156,-0.5020293759952226,7.106995618644144,0.6847706326769409
0.01,6,0.6,100,1,0.6,12.236014785022096,0.38602721899838915,15.062937915722241,-0.5268584113227563,8.158368225884727,0.5846050797939844
0.01,6,0.7,100,1,0.6,12.059279439345866,0.4036492439226992,15.007201582509555,-0.5121812747130602,8.009303049364268,0.5996461328798675
0.01,6,0.8,100,1,0.6,11.850583590233024,0.42396485409105134,15.004433249871227,-0.509308331379668,8.129808943075203,0.5875082624227066
0.01,6,0.9,100,1,0.6,11.623088503007356,0.4450508492263737,15.008826928475262,-0.5022095963167444,7.813954329877877,0.6189374124998623
0.01,6,0.6,100,3,0.6,13.410360808242581,0.26208195778964094,15.323523187233238,-0.5896282626971723,9.575564745030489,0.42775320482257595
0.01,6,0.7,100,3,0.6,13.274706695576219,0.2769888436406891,15.300804234424357,-0.5818626306892483,9.361782574793006,0.4530197114973571
0.01,6,0.8,100,3,0.6,13.110025347240944,0.2948624862498333,15.287366748648651,-0.5778036725729706,9.225110011148363,0.4688738520802731
0.01,6,0.9,100,3,0.6,12.92792491277281,0.3137218401692641,15.296463566678565,-0.5758357979794434,9.026056039139704,0.49154722021043395
0.01,6,0.6,100,5,0.6,13.907311474126516,0.20577407037165069,15.465693261105113,-0.6323279126628585,10.344292000655505,0.33218507986294776
0.01,6,0.7,100,5,0.6,13.791371217421906,0.21904589893591675,15.450075767153587,-0.6267795783069315,10.153174579965604,0.3566337385409655
0.01,6,0.8,100,5,0.6,13.655027365215853,0.23448951271933796,15.451067104137499,-0.6264493847929371,10.100502516354572,0.363291661881443
0.01,6,0.9,100,5,0.6,13.516185290310114,0.24962609515299122,15.458693259355837,-0.6232342823726882,9.981980299683933,0.3781466306907343
0.01,6,0.6,100,10,0.6,14.499933581439596,0.1355319923956284,15.610192761066525,-0.6805983518997636,11.260298072992141,0.20867597959328144
0.01,6,0.7,100,10,0.6,14.41088753508233,0.14623395216744986,15.598434718871076,-0.6746984900913698,11.134442419051032,0.22626628337636845
0.01,6,0.8,100,10,0.6,14.312832050572709,0.15796590060059337,15.586580705590881,-0.6708827829525622,11.050059952307173,0.23794934004356183
0.01,6,0.9,100,10,0.6,14.217916870569407,0.16899392391065754,15.59653240765896,-0.6681003695198395,10.973092328008727,0.24852827966443058
0.01,6,0.6,200,1,0.6,9.88493491269591,0.5997428181170064,14.344593590837704,-0.33702227137206425,5.804654122587229,0.7897154968437665
0.01,6,0.7,200,1,0.6,9.586877396501814,0.6235981793075676,14.3124821672139,-0.3322057575487879,5.882871339493525,0.7840101834674086
0.01,6,0.8,200,1,0.6,9.257122401939103,0.6490762833963986,14.318268440568001,-0.3290025475224644,6.05997419600889,0.7708097571801414
0.01,6,0.9,200,1,0.6,8.980305973932609,0.6691917807283967,14.311115906854436,-0.3248287082174395,6.60963302539984,0.7273476343556673
0.01,6,0.6,200,3,0.6,11.771744003326408,0.4325420554558771,14.890202154164333,-0.47122000461274893,6.983767757364127,0.6956073565616879
0.01,6,0.7,200,3,0.6,11.53310669143649,0.4553484652405162,14.854616383590564,-0.4617001330025186,6.676014850231438,0.7218435320253027
0.01,6,0.8,200,3,0.6,11.245159328448466,0.48233984271287395,14.809911180191216,-0.45058536360143203,6.597076940229642,0.7283825464641095
0.01,6,0.9,200,3,0.6,10.986720023004128,0.5054509420930989,14.796845764306084,-0.44802519463808216,6.81476537136123,0.7101612882327841
0.01,6,0.6,200,5,0.6,12.590109524139606,0.3505219458219192,15.161195421580178,-0.5420728176034819,8.221521169555244,0.5781491449537061
0.01,6,0.7,200,5,0.6,12.376582800245856,0.3724914654180352,15.125924477308743,-0.530962332277872,7.875107658820164,0.6129495522319794
0.01,6,0.8,200,5,0.6,12.138929085140978,0.39653356385540045,15.10382588581361,-0.526898299059863,7.760789244887587,0.6241051684119747
0.01,6,0.9,200,5,0.6,11.932249680478623,0.4166456260795249,15.067016740048421,-0.5169768804545349,7.793170838619938,0.6209618109281652
0.01,6,0.6,200,10,0.6,13.592146796913559,0.24192851298556567,15.417009739249997,-0.6180088302376108,9.790482818329384,0.40177743019257883
0.01,6,0.7,200,10,0.6,13.419624716510082,0.26122717332317424,15.401248779153892,-0.6099909752033816,9.504937434721153,0.43616361240662915
0.01,6,0.8,200,10,0.6,13.238429948558409,0.28129102632987746,15.371713499535852,-0.6019932456035262,9.343451966491205,0.4551596170729365
0.01,6,0.9,200,10,0.6,13.087254190411267,0.29758975942626575,15.364360942714526,-0.5982104180797263,9.333278543162987,0.4563454473742936
0.01,6,0.6,300,1,0.6,8.16772277326475,0.7267380154296891,13.981622865692206,-0.25708992466708747,5.809803300255464,0.7893422540957776
0.01,6,0.7,300,1,0.6,7.812834815659062,0.7499408208768006,13.976843127794979,-0.25982691256173335,6.354430214429988,0.7479957854485134
0.01,6,0.8,300,1,0.6,7.404929204797606,0.7754110777618062,13.89123419245244,-0.23941465899033787,6.995167870333061,0.6946127808828013
0.01,6,0.9,300,1,0.6,7.113131207810573,0.7922615612035735,13.853040961981971,-0.2314130900842855,8.074262017843708,0.5931257062089126
0.01,6,0.6,300,3,0.6,10.482963169464075,0.5502329136646803,14.6066850483421,-0.40127525969491673,5.599200646606206,0.8043379334114009
0.01,6,0.7,300,3,0.6,10.180243808900439,0.5757665129865203,14.589454167318326,-0.3978722394266422,5.527240204271091,0.8093348794860362
0.01,6,0.8,300,3,0.6,9.792415746186204,0.60761628768663,14.49217571245851,-0.3754822816319474,5.866753507416432,0.7851920956304114
0.01,6,0.9,300,3,0.6,9.474355956174723,0.6323765424158332,14.431255308349597,-0.36248446928828154,6.561601227053646,0.7312959321024026
0.01,6,0.6,300,5,0.6,11.528182872413785,0.4560623559927003,14.958878992886778,-0.48723080272423297,6.713958684989916,0.7186726833679523
0.01,6,0.7,300,5,0.6,11.248691786045708,0.48216529624841825,14.92112610803849,-0.47731452246005396,6.270972856352311,0.7545718256502838
0.01,6,0.8,300,5,0.6,10.922912354189739,0.511856830899389,14.855096921614205,-0.4644050517087178,6.364112410260575,0.7472272466676647
0.01,6,0.9,300,5,0.6,10.658637806184379,0.5349330067399783,14.793559844574014,-0.450801044254336,6.638150682003202,0.7249898089715263
0.01,6,0.6,300,10,0.6,12.827275337342067,0.3258230308144482,15.316126470884655,-0.5844771448037039,8.657105945221996,0.5322648158748216
0.01,6,0.7,300,10,0.6,12.595086772168633,0.35017807590827316,15.311884745841956,-0.580506863960949,8.175654286901146,0.5828429261739736
0.01,6,0.8,300,10,0.6,12.340444242835693,0.37639012622619766,15.260184170679523,-0.5686174127491218,8.072446280978479,0.5933086810950918
0.01,6,0.9,300,10,0.6,12.147206875867521,0.3956809241996653,15.226780390979012,-0.5597689734485334,8.101171439555866,0.5904091739470427
0.01,6,0.6,400,1,0.6,6.909971814941848,0.8042720197588693,13.642134494130403,-0.19320700462923426,6.842351770947812,0.7078099850480005
0.01,6,0.7,400,1,0.6,6.519052364541132,0.825762791043083,13.594057189649785,-0.18866740937955878,7.588679741309573,0.6405925914977856
0.01,6,0.8,400,1,0.6,6.123341441518349,0.8462577546667441,13.439001734638797,-0.158095022024811,8.283252272780814,0.571790447223265
0.01,6,0.9,400,1,0.6,5.804017881904106,0.8613978311008014,13.47833372967715,-0.16343754027409352,9.78267519410945,0.4027311798164359
0.01,6,0.6,400,3,0.6,9.451673969518211,0.63425195054585,14.269991771831087,-0.32773254563815235,5.176572575613795,0.8327603733550759
0.01,6,0.7,400,3,0.6,9.084843801680098,0.6619821104985919,14.214514457954678,-0.3187049590920969,5.606887649704374,0.8038003254752627
0.01,6,0.8,400,3,0.6,8.676638402398845,0.6917084987006696,14.087043798301815,-0.2909357085935942,6.295361548104703,0.7526591043588651
0.01,6,0.9,400,3,0.6,8.292411927625405,0.7181025072647773,14.10770463819281,-0.2926288474575848,7.427757344908622,0.6556738633012628
0.01,6,0.6,400,5,0.6,10.624979912852579,0.5381038869276091,14.674549482673555,-0.4180830395713097,5.7098304903752295,0.796529709230339
0.01,6,0.7,400,5,0.6,10.291292394910482,0.5665760423508426,14.609733560700889,-0.4070129190271906,5.482824503058352,0.8123868544678645
0.01,6,0.8,400,5,0.6,9.937397960389422,0.5959027871055795,14.533692552038755,-0.392799217466039,5.798471756862591,0.7901631939336605
0.01,6,0.9,400,5,0.6,9.613284111295167,0.6215713631192926,14.536385727647817,-0.39238689813973987,6.318454801330866,0.7508411365185748
0.01,6,0.6,400,10,0.6,12.134107609661395,0.39735444384546853,15.132427792157515,-0.5319229042274826,7.679462118614584,0.6319420695425186
0.01,6,0.7,400,10,0.6,11.855341929935074,0.42476935334131494,15.084839067890218,-0.5207555279960555,7.227459978754724,0.6739937201784196
0.01,6,0.8,400,10,0.6,11.570245588163015,0.4521903540140902,14.982816986552839,-0.49753980140398674,7.142320555211438,0.6816291838573217
0.01,6,0.9,400,10,0.6,11.331003512075576,0.4744861832375685,15.005861430941156,-0.5020293759952226,7.110273029497469,0.6844798278356241
0.01,7,0.6,100,1,0.6,12.236014785022096,0.38602721899838915,15.062937915722241,-0.5268584113227563,8.158368225884727,0.5846050797939844
0.01,7,0.7,100,1,0.6,12.059279439345866,0.4036492439226992,15.007201582509555,-0.5121812747130602,8.009303049364268,0.5996461328798675
0.01,7,0.8,100,1,0.6,11.850583590233024,0.42396485409105134,15.004433249871227,-0.509308331379668,8.129808943075203,0.5875082624227066
0.01,7,0.9,100,1,0.6,11.623088503007356,0.4450508492263737,15.008826928475262,-0.5022095963167444,7.813954329877877,0.6189374124998623
0.01,7,0.6,100,3,0.6,13.410360808242581,0.26208195778964094,15.323523187233238,-0.5896282626971723,9.575564745030489,0.42775320482257595
0.01,7,0.7,100,3,0.6,13.274706695576219,0.2769888436406891,15.300804234424357,-0.5818626306892483,9.361782574793006,0.4530197114973571
0.01,7,0.8,100,3,0.6,13.110025347240944,0.2948624862498333,15.287366748648651,-0.5778036725729706,9.225110011148363,0.4688738520802731
0.01,7,0.9,100,3,0.6,12.92792491277281,0.3137218401692641,15.296463566678565,-0.5758357979794434,9.026056039139704,0.49154722021043395
0.01,7,0.6,100,5,0.6,13.907311474126516,0.20577407037165069,15.465693261105113,-0.6323279126628585,10.344292000655505,0.33218507986294776
0.01,7,0.7,100,5,0.6,13.791371217421906,0.21904589893591675,15.450075767153587,-0.6267795783069315,10.153174579965604,0.3566337385409655
0.01,7,0.8,100,5,0.6,13.655027365215853,0.23448951271933796,15.451067104137499,-0.6264493847929371,10.100502516354572,0.363291661881443
0.01,7,0.9,100,5,0.6,13.516185290310114,0.24962609515299122,15.458693259355837,-0.6232342823726882,9.981980299683933,0.3781466306907343
0.01,7,0.6,100,10,0.6,14.499933581439596,0.1355319923956284,15.610192761066525,-0.6805983518997636,11.260298072992141,0.20867597959328144
0.01,7,0.7,100,10,0.6,14.41088753508233,0.14623395216744986,15.598434718871076,-0.6746984900913698,11.134442419051032,0.22626628337636845
0.01,7,0.8,100,10,0.6,14.312832050572709,0.15796590060059337,15.586580705590881,-0.6708827829525622,11.050059952307173,0.23794934004356183
0.01,7,0.9,100,10,0.6,14.217916870569407,0.16899392391065754,15.59653240765896,-0.6681003695198395,10.973092328008727,0.24852827966443058
0.01,7,0.6,200,1,0.6,9.88493491269591,0.5997428181170064,14.344593590837704,-0.33702227137206425,5.804654122587229,0.7897154968437665
0.01,7,0.7,200,1,0.6,9.586877396501814,0.6235981793075676,14.3124821672139,-0.3322057575487879,5.882871339493525,0.7840101834674086
0.01,7,0.8,200,1,0.6,9.257122401939103,0.6490762833963986,14.318268440568001,-0.3290025475224644,6.05997419600889,0.7708097571801414
0.01,7,0.9,200,1,0.6,8.980305973932609,0.6691917807283967,14.311115906854436,-0.3248287082174395,6.60963302539984,0.7273476343556673
0.01,7,0.6,200,3,0.6,11.771744003326408,0.4325420554558771,14.890202154164333,-0.47122000461274893,6.983767757364127,0.6956073565616879
0.01,7,0.7,200,3,0.6,11.53310669143649,0.4553484652405162,14.854616383590564,-0.4617001330025186,6.676014850231438,0.7218435320253027
0.01,7,0.8,200,3,0.6,11.245159328448466,0.48233984271287395,14.809911180191216,-0.45058536360143203,6.597076940229642,0.7283825464641095
0.01,7,0.9,200,3,0.6,10.986720023004128,0.5054509420930989,14.796845764306084,-0.44802519463808216,6.81476537136123,0.7101612882327841
0.01,7,0.6,200,5,0.6,12.590109524139606,0.3505219458219192,15.161195421580178,-0.5420728176034819,8.221521169555244,0.5781491449537061
0.01,7,0.7,200,5,0.6,12.376582800245856,0.3724914654180352,15.125924477308743,-0.530962332277872,7.875107658820164,0.6129495522319794
0.01,7,0.8,200,5,0.6,12.138929085140978,0.39653356385540045,15.10382588581361,-0.526898299059863,7.760789244887587,0.6241051684119747
0.01,7,0.9,200,5,0.6,11.932249680478623,0.4166456260795249,15.067016740048421,-0.5169768804545349,7.793170838619938,0.6209618109281652
0.01,7,0.6,200,10,0.6,13.592146796913559,0.24192851298556567,15.417009739249997,-0.6180088302376108,9.790482818329384,0.40177743019257883
0.01,7,0.7,200,10,0.6,13.419624716510082,0.26122717332317424,15.401248779153892,-0.6099909752033816,9.504937434721153,0.43616361240662915
0.01,7,0.8,200,10,0.6,13.238429948558409,0.28129102632987746,15.371713499535852,-0.6019932456035262,9.343451966491205,0.4551596170729365
0.01,7,0.9,200,10,0.6,13.087254190411267,0.29758975942626575,15.364360942714526,-0.5982104180797263,9.333278543162987,0.4563454473742936
0.01,7,0.6,300,1,0.6,8.16772277326475,0.7267380154296891,13.981622865692206,-0.25708992466708747,5.809803300255464,0.7893422540957776
0.01,7,0.7,300,1,0.6,7.812834815659062,0.7499408208768006,13.976843127794979,-0.25982691256173335,6.354430214429988,0.7479957854485134
0.01,7,0.8,300,1,0.6,7.404929204797606,0.7754110777618062,13.89123419245244,-0.23941465899033787,6.995167870333061,0.6946127808828013
0.01,7,0.9,300,1,0.6,7.113131207810573,0.7922615612035735,13.853040961981971,-0.2314130900842855,8.074262017843708,0.5931257062089126
0.01,7,0.6,300,3,0.6,10.482963169464075,0.5502329136646803,14.6066850483421,-0.40127525969491673,5.599200646606206,0.8043379334114009
0.01,7,0.7,300,3,0.6,10.180243808900439,0.5757665129865203,14.589454167318326,-0.3978722394266422,5.527240204271091,0.8093348794860362
0.01,7,0.8,300,3,0.6,9.792415746186204,0.60761628768663,14.49217571245851,-0.3754822816319474,5.866753507416432,0.7851920956304114
0.01,7,0.9,300,3,0.6,9.474355956174723,0.6323765424158332,14.431255308349597,-0.36248446928828154,6.561601227053646,0.7312959321024026
0.01,7,0.6,300,5,0.6,11.528182872413785,0.4560623559927003,14.958878992886778,-0.48723080272423297,6.713958684989916,0.7186726833679523
0.01,7,0.7,300,5,0.6,11.248691786045708,0.48216529624841825,14.92112610803849,-0.47731452246005396,6.270972856352311,0.7545718256502838
0.01,7,0.8,300,5,0.6,10.922912354189739,0.511856830899389,14.855096921614205,-0.4644050517087178,6.364112410260575,0.7472272466676647
0.01,7,0.9,300,5,0.6,10.658637806184379,0.5349330067399783,14.793559844574014,-0.450801044254336,6.638150682003202,0.7249898089715263
0.01,7,0.6,300,10,0.6,12.827275337342067,0.3258230308144482,15.316126470884655,-0.5844771448037039,8.657105945221996,0.5322648158748216
0.01,7,0.7,300,10,0.6,12.595086772168633,0.35017807590827316,15.311884745841956,-0.580506863960949,8.175654286901146,0.5828429261739736
0.01,7,0.8,300,10,0.6,12.340444242835693,0.37639012622619766,15.260184170679523,-0.5686174127491218,8.072446280978479,0.5933086810950918
0.01,7,0.9,300,10,0.6,12.147206875867521,0.3956809241996653,15.226780390979012,-0.5597689734485334,8.101171439555866,0.5904091739470427
0.01,7,0.6,400,1,0.6,6.909971814941848,0.8042720197588693,13.642134494130403,-0.19320700462923426,6.842351770947812,0.7078099850480005
0.01,7,0.7,400,1,0.6,6.519052364541132,0.825762791043083,13.594057189649785,-0.18866740937955878,7.588679741309573,0.6405925914977856
0.01,7,0.8,400,1,0.6,6.123341441518349,0.8462577546667441,13.439001734638797,-0.158095022024811,8.283252272780814,0.571790447223265
0.01,7,0.9,400,1,0.6,5.804017881904106,0.8613978311008014,13.47833372967715,-0.16343754027409352,9.78267519410945,0.4027311798164359
0.01,7,0.6,400,3,0.6,9.451673969518211,0.63425195054585,14.269991771831087,-0.32773254563815235,5.176572575613795,0.8327603733550759
0.01,7,0.7,400,3,0.6,9.084843801680098,0.6619821104985919,14.214514457954678,-0.3187049590920969,5.606887649704374,0.8038003254752627
0.01,7,0.8,400,3,0.6,8.676638402398845,0.6917084987006696,14.087043798301815,-0.2909357085935942,6.295361548104703,0.7526591043588651
0.01,7,0.9,400,3,0.6,8.292411927625405,0.7181025072647773,14.10770463819281,-0.2926288474575848,7.427757344908622,0.6556738633012628
0.01,7,0.6,400,5,0.6,10.624979912852579,0.5381038869276091,14.674549482673555,-0.4180830395713097,5.7098304903752295,0.796529709230339
0.01,7,0.7,400,5,0.6,10.291292394910482,0.5665760423508426,14.609733560700889,-0.4070129190271906,5.482824503058352,0.8123868544678645
0.01,7,0.8,400,5,0.6,9.937397960389422,0.5959027871055795,14.533692552038755,-0.392799217466039,5.798471756862591,0.7901631939336605
0.01,7,0.9,400,5,0.6,9.613284111295167,0.6215713631192926,14.536385727647817,-0.39238689813973987,6.318454801330866,0.7508411365185748
0.01,7,0.6,400,10,0.6,12.134107609661395,0.39735444384546853,15.132427792157515,-0.5319229042274826,7.679462118614584,0.6319420695425186
0.01,7,0.7,400,10,0.6,11.855341929935074,0.42476935334131494,15.084839067890218,-0.5207555279960555,7.227459978754724,0.6739937201784196
0.01,7,0.8,400,10,0.6,11.570245588163015,0.4521903540140902,14.982816986552839,-0.49753980140398674,7.142320555211438,0.6816291838573217
0.01,7,0.9,400,10,0.6,11.331003512075576,0.4744861832375685,15.005861430941156,-0.5020293759952226,7.110273029497469,0.6844798278356241
0.01,8,0.6,100,1,0.6,12.236014785022096,0.38602721899838915,15.062937915722241,-0.5268584113227563,8.158368225884727,0.5846050797939844
0.01,8,0.7,100,1,0.6,12.059279439345866,0.4036492439226992,15.007201582509555,-0.5121812747130602,8.009303049364268,0.5996461328798675
0.01,8,0.8,100,1,0.6,11.850583590233024,0.42396485409105134,15.004433249871227,-0.509308331379668,8.129808943075203,0.5875082624227066
0.01,8,0.9,100,1,0.6,11.623088503007356,0.4450508492263737,15.008826928475262,-0.5022095963167444,7.813954329877877,0.6189374124998623
0.01,8,0.6,100,3,0.6,13.410360808242581,0.26208195778964094,15.323523187233238,-0.5896282626971723,9.575564745030489,0.42775320482257595
0.01,8,0.7,100,3,0.6,13.274706695576219,0.2769888436406891,15.300804234424357,-0.5818626306892483,9.361782574793006,0.4530197114973571
0.01,8,0.8,100,3,0.6,13.110025347240944,0.2948624862498333,15.287366748648651,-0.5778036725729706,9.225110011148363,0.4688738520802731
0.01,8,0.9,100,3,0.6,12.92792491277281,0.3137218401692641,15.296463566678565,-0.5758357979794434,9.026056039139704,0.49154722021043395
0.01,8,0.6,100,5,0.6,13.907311474126516,0.20577407037165069,15.465693261105113,-0.6323279126628585,10.344292000655505,0.33218507986294776
0.01,8,0.7,100,5,0.6,13.791371217421906,0.21904589893591675,15.450075767153587,-0.6267795783069315,10.153174579965604,0.3566337385409655
0.01,8,0.8,100,5,0.6,13.655027365215853,0.23448951271933796,15.451067104137499,-0.6264493847929371,10.100502516354572,0.363291661881443
0.01,8,0.9,100,5,0.6,13.516185290310114,0.24962609515299122,15.458693259355837,-0.6232342823726882,9.981980299683933,0.3781466306907343
0.01,8,0.6,100,10,0.6,14.499933581439596,0.1355319923956284,15.610192761066525,-0.6805983518997636,11.260298072992141,0.20867597959328144
0.01,8,0.7,100,10,0.6,14.41088753508233,0.14623395216744986,15.598434718871076,-0.6746984900913698,11.134442419051032,0.22626628337636845
0.01,8,0.8,100,10,0.6,14.312832050572709,0.15796590060059337,15.586580705590881,-0.6708827829525622,11.050059952307173,0.23794934004356183
0.01,8,0.9,100,10,0.6,14.217916870569407,0.16899392391065754,15.59653240765896,-0.6681003695198395,10.973092328008727,0.24852827966443058
0.01,8,0.6,200,1,0.6,9.88493491269591,0.5997428181170064,14.344593590837704,-0.33702227137206425,5.804654122587229,0.7897154968437665
0.01,8,0.7,200,1,0.6,9.586877396501814,0.6235981793075676,14.3124821672139,-0.3322057575487879,5.882871339493525,0.7840101834674086
0.01,8,0.8,200,1,0.6,9.257122401939103,0.6490762833963986,14.318268440568001,-0.3290025475224644,6.05997419600889,0.7708097571801414
0.01,8,0.9,200,1,0.6,8.980305973932609,0.6691917807283967,14.311115906854436,-0.3248287082174395,6.60963302539984,0.7273476343556673
0.01,8,0.6,200,3,0.6,11.771744003326408,0.4325420554558771,14.890202154164333,-0.47122000461274893,6.983767757364127,0.6956073565616879
0.01,8,0.7,200,3,0.6,11.53310669143649,0.4553484652405162,14.854616383590564,-0.4617001330025186,6.676014850231438,0.7218435320253027
0.01,8,0.8,200,3,0.6,11.245159328448466,0.48233984271287395,14.809911180191216,-0.45058536360143203,6.597076940229642,0.7283825464641095
0.01,8,0.9,200,3,0.6,10.986720023004128,0.5054509420930989,14.796845764306084,-0.44802519463808216,6.81476537136123,0.7101612882327841
0.01,8,0.6,200,5,0.6,12.590109524139606,0.3505219458219192,15.161195421580178,-0.5420728176034819,8.221521169555244,0.5781491449537061
0.01,8,0.7,200,5,0.6,12.376582800245856,0.3724914654180352,15.125924477308743,-0.530962332277872,7.875107658820164,0.6129495522319794
0.01,8,0.8,200,5,0.6,12.138929085140978,0.39653356385540045,15.10382588581361,-0.526898299059863,7.760789244887587,0.6241051684119747
0.01,8,0.9,200,5,0.6,11.932249680478623,0.4166456260795249,15.067016740048421,-0.5169768804545349,7.793170838619938,0.6209618109281652
0.01,8,0.6,200,10,0.6,13.592146796913559,0.24192851298556567,15.417009739249997,-0.6180088302376108,9.790482818329384,0.40177743019257883
0.01,8,0.7,200,10,0.6,13.419624716510082,0.26122717332317424,15.401248779153892,-0.6099909752033816,9.504937434721153,0.43616361240662915
0.01,8,0.8,200,10,0.6,13.238429948558409,0.28129102632987746,15.371713499535852,-0.6019932456035262,9.343451966491205,0.4551596170729365
0.01,8,0.9,200,10,0.6,13.087254190411267,0.29758975942626575,15.364360942714526,-0.5982104180797263,9.333278543162987,0.4563454473742936
0.01,8,0.6,300,1,0.6,8.16772277326475,0.7267380154296891,13.981622865692206,-0.25708992466708747,5.809803300255464,0.7893422540957776
0.01,8,0.7,300,1,0.6,7.812834815659062,0.7499408208768006,13.976843127794979,-0.25982691256173335,6.354430214429988,0.7479957854485134
0.01,8,0.8,300,1,0.6,7.404929204797606,0.7754110777618062,13.89123419245244,-0.23941465899033787,6.995167870333061,0.6946127808828013
0.01,8,0.9,300,1,0.6,7.113131207810573,0.7922615612035735,13.853040961981971,-0.2314130900842855,8.074262017843708,0.5931257062089126
0.01,8,0.6,300,3,0.6,10.482963169464075,0.5502329136646803,14.6066850483421,-0.40127525969491673,5.599200646606206,0.8043379334114009
0.01,8,0.7,300,3,0.6,10.180243808900439,0.5757665129865203,14.589454167318326,-0.3978722394266422,5.527240204271091,0.8093348794860362
0.01,8,0.8,300,3,0.6,9.792415746186204,0.60761628768663,14.49217571245851,-0.3754822816319474,5.866753507416432,0.7851920956304114
0.01,8,0.9,300,3,0.6,9.474355956174723,0.6323765424158332,14.431255308349597,-0.36248446928828154,6.561601227053646,0.7312959321024026
0.01,8,0.6,300,5,0.6,11.528182872413785,0.4560623559927003,14.958878992886778,-0.48723080272423297,6.713958684989916,0.7186726833679523
0.01,8,0.7,300,5,0.6,11.248691786045708,0.48216529624841825,14.92112610803849,-0.47731452246005396,6.270972856352311,0.7545718256502838
0.01,8,0.8,300,5,0.6,10.922912354189739,0.511856830899389,14.855096921614205,-0.4644050517087178,6.364112410260575,0.7472272466676647
0.01,8,0.9,300,5,0.6,10.658637806184379,0.5349330067399783,14.793559844574014,-0.450801044254336,6.638150682003202,0.7249898089715263
0.01,8,0.6,300,10,0.6,12.827275337342067,0.3258230308144482,15.316126470884655,-0.5844771448037039,8.657105945221996,0.5322648158748216
0.01,8,0.7,300,10,0.6,12.595086772168633,0.35017807590827316,15.311884745841956,-0.580506863960949,8.175654286901146,0.5828429261739736
0.01,8,0.8,300,10,0.6,12.340444242835693,0.37639012622619766,15.260184170679523,-0.5686174127491218,8.072446280978479,0.5933086810950918
0.01,8,0.9,300,10,0.6,12.147206875867521,0.3956809241996653,15.226780390979012,-0.5597689734485334,8.101171439555866,0.5904091739470427
0.01,8,0.6,400,1,0.6,6.909971814941848,0.8042720197588693,13.642134494130403,-0.19320700462923426,6.842351770947812,0.7078099850480005
0.01,8,0.7,400,1,0.6,6.519052364541132,0.825762791043083,13.594057189649785,-0.18866740937955878,7.588679741309573,0.6405925914977856
0.01,8,0.8,400,1,0.6,6.123341441518349,0.8462577546667441,13.439001734638797,-0.158095022024811,8.283252272780814,0.571790447223265
0.01,8,0.9,400,1,0.6,5.804017881904106,0.8613978311008014,13.47833372967715,-0.16343754027409352,9.78267519410945,0.4027311798164359
0.01,8,0.6,400,3,0.6,9.451673969518211,0.63425195054585,14.269991771831087,-0.32773254563815235,5.176572575613795,0.8327603733550759
0.01,8,0.7,400,3,0.6,9.084843801680098,0.6619821104985919,14.214514457954678,-0.3187049590920969,5.606887649704374,0.8038003254752627
0.01,8,0.8,400,3,0.6,8.676638402398845,0.6917084987006696,14.087043798301815,-0.2909357085935942,6.295361548104703,0.7526591043588651
0.01,8,0.9,400,3,0.6,8.292411927625405,0.7181025072647773,14.10770463819281,-0.2926288474575848,7.427757344908622,0.6556738633012628
0.01,8,0.6,400,5,0.6,10.624979912852579,0.5381038869276091,14.674549482673555,-0.4180830395713097,5.7098304903752295,0.796529709230339
0.01,8,0.7,400,5,0.6,10.291292394910482,0.5665760423508426,14.609733560700889,-0.4070129190271906,5.482824503058352,0.8123868544678645
0.01,8,0.8,400,5,0.6,9.937397960389422,0.5959027871055795,14.533692552038755,-0.392799217466039,5.798471756862591,0.7901631939336605
0.01,8,0.9,400,5,0.6,9.613284111295167,0.6215713631192926,14.536385727647817,-0.39238689813973987,6.318454801330866,0.7508411365185748
0.01,8,0.6,400,10,0.6,12.134107609661395,0.39735444384546853,15.132427792157515,-0.5319229042274826,7.679462118614584,0.6319420695425186
0.01,8,0.7,400,10,0.6,11.855341929935074,0.42476935334131494,15.084839067890218,-0.5207555279960555,7.227459978754724,0.6739937201784196
0.01,8,0.8,400,10,0.6,11.570245588163015,0.4521903540140902,14.982816986552839,-0.49753980140398674,7.142320555211438,0.6816291838573217
0.01,8,0.9,400,10,0.6,11.331003512075576,0.4744861832375685,15.005861430941156,-0.5020293759952226,7.110273029497469,0.6844798278356241
0.1,3,0.6,100,1,0.6,3.3803581702999863,0.9525534702688147,13.401677706833421,-0.17958004408605127,15.41014922468227,-0.4820684541706217
0.1,3,0.7,100,1,0.6,2.9631963091068467,0.9637438616696479,13.31084862220889,-0.15161271471572343,15.037418592989521,-0.4112408964411176
0.1,3,0.8,100,1,0.6,2.6349927110057503,0.9711565617136932,12.989229840949154,-0.08191421336643441,16.42820546413292,-0.6843596405821497
0.1,3,0.9,100,1,0.6,2.260347479866053,0.9782194611847175,13.017472494539456,-0.07908070131391465,19.696475552119878,-1.4212053093499142
0.1,3,0.6,100,3,0.6,5.700979368887365,0.8661753561498422,13.36000111949368,-0.1574067544135557,10.869574582869307,0.26263984014563724
0.1,3,0.7,100,3,0.6,5.061475611068756,0.895045092181227,13.5092310932499,-0.19087888642008255,11.28603062837402,0.20505510631921975
0.1,3,0.8,100,3,0.6,4.503133474992523,0.9167373633959753,13.200454006806831,-0.11729179884720353,12.842425449081476,-0.029315900219211155
0.1,3,0.9,100,3,0.6,3.9050455695644013,0.9367326100120902,13.381476121130191,-0.14497069317359954,16.001584463060887,-0.5980138956207195
0.1,3,0.6,100,5,0.6,7.166846499656903,0.7886614884812396,13.698773065587961,-0.22487951975502232,8.062380860326652,0.5943222442658678
0.1,3,0.7,100,5,0.6,6.644458698815228,0.8191853074736313,13.69464169454039,-0.22353755086274515,8.193423430720184,0.581027639213552
0.1,3,0.8,100,5,0.6,6.027042260494722,0.8510832581364081,13.528806972576783,-0.1826372405247016,9.75915495839863,0.4055997235731501
0.1,3,0.9,100,5,0.6,5.394246838579567,0.8799847297023502,13.553912745473292,-0.17976220793793485,12.99104598611388,-0.05327751989504215
0.1,3,0.6,100,10,0.6,9.181578807727044,0.653818594855286,14.194914869538408,-0.33074342092756537,5.601328979110662,0.8041891575026217
0.1,3,0.7,100,10,0.6,8.811645087861436,0.6817509642045112,14.199977206370434,-0.33391550766645833,5.796598590754072,0.7902987454106908
0.1,3,0.8,100,10,0.6,8.271006059497072,0.7193707260067438,14.201102181562074,-0.3313453913130086,6.623071094659883,0.7262378462856273
0.1,3,0.9,100,10,0.6,7.763481136196153,0.7523107813909807,14.237709304242722,-0.32666727887972913,8.262591023459462,0.573923983640434
0.1,3,0.6,200,1,0.6,1.9224373921363977,0.9842798499670421,13.552044070018724,-0.2005227257925964,18.500004583478404,-1.1359852380789777
0.1,3,0.7,200,1,0.6,1.6806684009147006,0.9878128756832065,13.536199307138602,-0.19412025739590832,18.27151251127765,-1.0835483078396355
0.1,3,0.8,200,1,0.6,1.496445857312891,0.9900369242454052,13.196164595256857,-0.1264086954568248,19.380069205544316,-1.3440410989673683
0.1,3,0.9,200,1,0.6,1.3381172383797888,0.9915267568736965,13.371361291658477,-0.16482017260756937,22.22741886846159,-2.0834196969666756
0.1,3,0.6,200,3,0.6,3.155326298464724,0.9584748574975013,13.152141107734204,-0.10572382686576334,16.195601024915025,-0.6370001299422845
0.1,3,0.7,200,3,0.6,2.6116270610953327,0.9715669669711986,13.345501029653411,-0.14585440772671318,16.866317065037936,-0.7753954209173068
0.1,3,0.8,200,3,0.6,2.205019257084507,0.9796339174496825,13.123692084183215,-0.10171874555324456,18.245209128759026,-1.0775537389335952
0.1,3,0.9,200,3,0.6,1.8220514770427734,0.9856218281454568,13.279203514184582,-0.12943972913742283,20.91778081423499,-1.730774198730174
0.1,3,0.6,200,5,0.6,4.37786506483638,0.9204718659667513,13.320759903111824,-0.13321701536344935,13.644382037301266,-0.16188278458274663
0.1,3,0.7,200,5,0.6,3.758494535109539,0.9416784240939566,13.285058741964713,-0.12710225895440308,14.179940956795559,-0.25488353176142553
0.1,3,0.8,200,5,0.6,3.150194400335083,0.9588592921439197,13.157206746560504,-0.10006914825571409,15.870761229601186,-0.5719911281421979
0.1,3,0.9,200,5,0.6,2.6360485164509933,0.9706513834605535,13.233305710898273,-0.115140350313789,18.941308280156502,-1.239105310425984
0.1,3,0.6,200,10,0.6,6.59898093903193,0.8196687995594603,13.671249874054997,-0.21136272107483728,9.729207804253381,0.4092421055477632
0.1,3,0.7,200,10,0.6,6.034761488600404,0.8497383829009533,13.667362555306108,-0.20886946381633448,10.365218649619367,0.3294803487229483
0.1,3,0.8,200,10,0.6,5.274302971359937,0.8853119716324171,13.616519908952915,-0.1938705415823185,12.06745493118335,0.09116311193615678
0.1,3,0.9,200,10,0.6,4.711933929553674,0.9081213221662094,13.552912212122342,-0.1820670738517484,14.654382242463843,-0.3402616957154925
0.1,3,0.6,300,1,0.6,1.3943251185040721,0.991096463224947,13.901368660885947,-0.2691859594032006,19.3775167866483,-1.3434237037721442
0.1,3,0.7,300,1,0.6,1.2609902246842588,0.9923886114387999,13.883247272973426,-0.2664582547355464,19.451360338864873,-1.3613183034254641
0.1,3,0.8,300,1,0.6,1.1273176678592325,0.9934099703367579,13.518311485011486,-0.1959203183901453,20.73938720557185,-1.6843949608724813
0.1,3,0.9,300,1,0.6,1.0579272359516767,0.993810491311654,13.641991342231545,-0.2258141413545654,23.00176687400089,-2.301999247340241
0.1,3,0.6,300,3,0.6,2.108376673883165,0.9812174773164779,13.369872907701756,-0.1491823106640793,17.994094815140958,-1.0207592898970224
0.1,3,0.7,300,3,0.6,1.7461677168542031,0.9869583883461889,13.60828839622933,-0.20094874818859979,18.765505333243876,-1.1977338778215758
0.1,3,0.8,300,3,0.6,1.4996170636676303,0.990160639523905,13.289455651898209,-0.1397491917092977,19.824527594454743,-1.452789448477167
0.1,3,0.9,300,3,0.6,1.2886783661215118,0.9922491794291043,13.500929522441652,-0.17601348036930897,22.0203982484734,-2.0262507713851465
0.1,3,0.6,300,5,0.6,2.971229580244774,0.9629412132616686,13.486652532943769,-0.16337631530099894,16.00876071052062,-0.599447542977452
0.1,3,0.7,300,5,0.6,2.472550446795071,0.9744199874943149,13.457194033474474,-0.1590125522239715,16.863217480999946,-0.7747429392125402
0.1,3,0.8,300,5,0.6,2.0281583753393306,0.982577310299409,13.293826248935748,-0.12845272598838692,18.528124270677534,-1.1424834942308997
0.1,3,0.9,300,5,0.6,1.6715765363682649,0.987699958605137,13.391183686723007,-0.146832519468618,21.100500267289494,-1.7786898773611752
0.1,3,0.6,300,10,0.6,4.954001664818156,0.8978813287454617,13.841656348241221,-0.23602467618894693,12.530520353229432,0.020075113169655823
0.1,3,0.7,300,10,0.6,4.378303446295311,0.9205522573845768,13.723070814618456,-0.21375749959165616,13.566615299314734,-0.14867612701975896
0.1,3,0.8,300,10,0.6,3.6371551828755004,0.9450823520692954,13.524070638638687,-0.17421573786166203,15.637013985941127,-0.5260270227525592
0.1,3,0.9,300,10,0.6,3.091592348738933,0.9599283902477502,13.489363836926273,-0.1631441501447282,17.91732972492259,-1.003554436643344
0.1,3,0.6,400,1,0.6,1.1496899873208737,0.9933455427072833,14.245289718312904,-0.3548715140957431,20.297331928368177,-1.5711800090001802
0.1,3,0.7,400,1,0.6,1.0623619944141212,0.9939504087520229,14.241541782960832,-0.3486048412685304,20.415521813072314,-1.6012107763134265
0.1,3,0.8,400,1,0.6,0.9706461915429143,0.9944795986237048,13.75958135964981,-0.2519484507179622,21.291334701544166,-1.829178501097231
0.1,3,0.9,400,1,0.6,0.9301206837053468,0.9946498370288761,13.795633129328115,-0.2614672234830565,23.361706279725766,-2.406149405151362
0.1,3,0.6,400,3,0.6,1.6558915281862774,0.9881639047371339,13.564181721757176,-0.20318928070492892,18.610091875471717,-1.1614819306176378
0.1,3,0.7,400,3,0.6,1.393215367356969,0.9912335087841928,13.817066616929557,-0.2506231061706633,19.447524496315374,-1.3603870829892983
0.1,3,0.8,400,3,0.6,1.2297607661981775,0.9928245977570462,13.440362828099035,-0.17591188385315165,20.19028385234394,-1.5441307330800393
0.1,3,0.9,400,3,0.6,1.0810530479257223,0.9939397165550796,13.649257697037353,-0.20979504697050916,22.361364470395284,-2.1206939247967025
0.1,3,0.6,400,5,0.6,2.255444404272295,0.9785205934559353,13.591186842108865,-0.19747178551982747,16.795825607463236,-0.7605861791920208
0.1,3,0.7,400,5,0.6,1.8669589178989792,0.9851019214257365,13.607176390279301,-0.1951785249270469,17.79302142406119,-0.9758500317369212
0.1,3,0.8,400,5,0.6,1.5600462243125595,0.9893058302692632,13.419864903550623,-0.16143583074581921,19.2232307785586,-1.3062550498713157
0.1,3,0.9,400,5,0.6,1.3069049935955392,0.992015949907805,13.57818657490569,-0.18966843936470104,21.569038228517424,-1.903461925478155
0.1,3,0.6,400,10,0.6,3.9065018251006465,0.9365475240874723,13.912079653309728,-0.2529179716154409,13.873735622485919,-0.20127213614962702
0.1,3,0.7,400,10,0.6,3.357222844329621,0.9530862735941229,13.80042505595804,-0.2262512659191432,14.961980558843624,-0.3971169034327766
0.1,3,0.8,400,10,0.6,2.7481073157154228,0.9683695660374572,13.511373179843698,-0.17265850004748018,16.795410076136985,-0.7604990659202555
0.1,3,0.9,400,10,0.6,2.2496298613438315,0.978344104309547,13.541622481607376,-0.17544961066111023,19.234207297977573,-1.3088895581910895
0.1,4,0.6,100,1,0.6,3.4064457405253727,0.951951429859613,13.57649040804753,-0.22294477719829894,15.049584393483183,-0.413525307186261
0.1,4,0.7,100,1,0.6,2.9841003988874366,0.9632852582709039,13.507560562724137,-0.19750465690732014,15.110752124891887,-0.42503896005451924
0.1,4,0.8,100,1,0.6,2.627481236358725,0.9713047727260197,13.215586852132407,-0.13440640531216536,15.918496504500743,-0.5814616604573228
0.1,4,0.9,100,1,0.6,2.3128708527229387,0.9774152421029303,13.188905967529763,-0.11543862938626268,18.090200354642434,-1.0424024774364962
0.1,4,0.6,100,3,0.6,5.702357829474674,0.8661697022844035,13.420078628339192,-0.1711853555438682,10.95270068065455,0.2513186522516456
0.1,4,0.7,100,3,0.6,5.082699866360761,0.8942418578134241,13.556115932704401,-0.20270705887554005,11.28827368878299,0.20473908970176924
0.1,4,0.8,100,3,0.6,4.51436797667115,0.9163495998352609,13.238723324187475,-0.12598331220479517,12.830592425180615,-0.027419948648082837
0.1,4,0.9,100,3,0.6,3.9095507975089574,0.9366136404044167,13.402124702833907,-0.15041068996159038,15.963554046919967,-0.5904270325972238
0.1,4,0.6,100,5,0.6,7.17849344532443,0.7879668004490669,13.714911659611209,-0.22851101394936676,8.06780406482479,0.5937762979967642
0.1,4,0.7,100,5,0.6,6.651813061969511,0.8188033372595817,13.715112300403726,-0.22791623250587673,8.106968129976199,0.5898228092033315
0.1,4,0.8,100,5,0.6,6.018868959054975,0.8514620752775693,13.529171817010303,-0.18394253555290646,9.740489285969586,0.4078712871842384
0.1,4,0.9,100,5,0.6,5.400245620530997,0.879729941964148,13.57831388528405,-0.18485009559508853,12.90725928747914,-0.03973495269257832
0.1,4,0.6,100,10,0.6,9.180431103016474,0.6538912850258356,14.18951590248057,-0.3291749544980302,5.590021517818782,0.8049789303201738
0.1,4,0.7,100,10,0.6,8.811963669991766,0.6817265355430491,14.20401464915849,-0.3346361399178465,5.754994908473573,0.7932981029820119
0.1,4,0.8,100,10,0.6,8.270233710553418,0.719422224524565,14.192259331879114,-0.3293017708396504,6.63029138360254,0.7256406250680815
0.1,4,0.9,100,10,0.6,7.762076100198752,0.7523943416845587,14.214162857301975,-0.3212027580459367,8.198437764312079,0.5805146643720667
0.1,4,0.6,200,1,0.6,1.92430357054405,0.9842693842685855,13.66657758536451,-0.2309654583558074,18.168328526039815,-1.0600820765892283
0.1,4,0.7,200,1,0.6,1.679703840001099,0.9878116377441863,13.697304920938763,-0.23748677091831868,18.342611938985016,-1.0997951639177228
0.1,4,0.8,200,1,0.6,1.4860751309069125,0.9900596300936334,13.41144502680793,-0.18304936613183836,18.95744342549078,-1.2429216970241939
0.1,4,0.9,200,1,0.6,1.3849172804699488,0.991083632922872,13.528790586469828,-0.20798902642117284,20.84437613663042,-1.7116421608659937
0.1,4,0.6,200,3,0.6,3.1632579351297383,0.9582978780833835,13.223118025264473,-0.12184629340224126,16.25108056460185,-0.6482347324425806
0.1,4,0.7,200,3,0.6,2.6288641888394464,0.9712503344007729,13.427294696013025,-0.16537176108107624,16.877795181480636,-0.7778126800415739
0.1,4,0.8,200,3,0.6,2.2122883466258116,0.9795300432958299,13.17481267331855,-0.11254111954899124,18.150762261601074,-1.0561003727029443
0.1,4,0.9,200,3,0.6,1.8139402462651706,0.98573923942328,13.406680113114703,-0.16005124591073183,20.733285830708013,-1.682815734778715
0.1,4,0.6,200,5,0.6,4.391659930574948,0.9199412050047794,13.358838850283314,-0.1411954337325676,13.641547477191212,-0.16140008269308703
0.1,4,0.7,200,5,0.6,3.771436569724112,0.9413087368661414,13.318026552709119,-0.1329588359258673,14.079206073135342,-0.2371173740457706
0.1,4,0.8,200,5,0.6,3.1560155737740994,0.9587194414602532,13.192348095428827,-0.10735255847794076,15.81647618192719,-0.5612557047727862
0.1,4,0.9,200,5,0.6,2.6401033793555984,0.9705881085516422,13.28953219392385,-0.12707774932791166,18.675725714863162,-1.176754990533884
0.1,4,0.6,200,10,0.6,6.597344354239903,0.8197580744333273,13.668685104919735,-0.2112590748480284,9.72426990553743,0.4098416121969163
0.1,4,0.7,200,10,0.6,6.033089930559404,0.8498096028435661,13.678802196366183,-0.2108089026868623,10.366661127757848,0.3292937096809583
0.1,4,0.8,200,10,0.6,5.27511215887507,0.885252404403038,13.607618930167897,-0.19200013449261596,12.071626376262993,0.09053467479741728
0.1,4,0.9,200,10,0.6,4.707580544562171,0.9082772269505947,13.552784896728216,-0.1818030896858393,14.435526720031309,-0.3005284130580739
0.1,4,0.6,300,1,0.6,1.404259066620592,0.9910090134644396,14.019819141835526,-0.30328025067260034,19.128754919553547,-1.2836417845147325
0.1,4,0.7,300,1,0.6,1.2614831472830674,0.9923899919613909,14.055287853111778,-0.31408804274577184,19.497320458585943,-1.372490240446718
0.1,4,0.8,300,1,0.6,1.1272070905187677,0.9933769966295063,13.739290005825884,-0.25847452800138443,20.379668096771404,-1.592082312214964
0.1,4,0.9,300,1,0.6,1.0893750274255969,0.9936057228769466,13.806677961084407,-0.27340536107924496,21.92118339915471,-1.999042124958669
0.1,4,0.6,300,3,0.6,2.1025143045672965,0.9812963884391781,13.444943133023518,-0.16717918479250732,17.969845948232415,-1.0153166036616126
0.1,4,0.7,300,3,0.6,1.7488473623944885,0.9869257088418429,13.710385891562336,-0.2248887621041936,18.732189025191026,-1.189937084737252
0.1,4,0.8,300,3,0.6,1.4912071062403502,0.9902327320009199,13.360085724091132,-0.15466866273321023,19.84817789481933,-1.4586452055815786
0.1,4,0.9,300,3,0.6,1.2741309436871027,0.992344433517264,13.635016716291664,-0.2088837700592457,21.954074061695167,-2.008048434612377
0.1,4,0.6,300,5,0.6,2.9812946022373943,0.9626658170364264,13.516574666194154,-0.171271486556053,16.020449992272944,-0.6017841659284817
0.1,4,0.7,300,5,0.6,2.483227645551861,0.9742263972465228,13.510082283828691,-0.1695840839733676,16.714716140874224,-0.74362298752728
0.1,4,0.8,300,5,0.6,2.0248090206482194,0.982633683189935,13.337486378861076,-0.13824367038292168,18.496558670031227,-1.1351895912751826
0.1,4,0.9,300,5,0.6,1.673897568516096,0.9876827922663388,13.45593948545798,-0.16331017376425738,20.860093930735907,-1.715733154252617
0.1,4,0.6,300,10,0.6,4.9571093491372,0.8977215725500918,13.815545730807168,-0.23100184073936753,12.52992623166881,0.020168035200756385
0.1,4,0.7,300,10,0.6,4.376544357592841,0.9206277301322767,13.739494529406993,-0.21674345478091048,13.634324248531074,-0.16017048064610284
0.1,4,0.8,300,10,0.6,3.6382973923750073,0.9450259513701245,13.529131935644262,-0.17519696459266312,15.58461616973966,-0.515817079295867
0.1,4,0.9,300,10,0.6,3.086637544047195,0.9600430760842087,13.493682188155129,-0.1645566104057708,17.713497575448976,-0.9582278343417838
0.1,4,0.6,400,1,0.6,1.1571175250952894,0.9932970869178963,14.358236323104824,-0.3905894964042907,20.062362452078407,-1.5119947036240222
0.1,4,0.7,400,1,0.6,1.0659323303662098,0.9939412700841395,14.40820262900265,-0.3977650825223126,20.462254032418773,-1.6131330267214943
0.1,4,0.8,400,1,0.6,0.9747245252101845,0.9944494254553332,13.977161084973783,-0.31593345761082536,20.979268740386168,-1.7468520445969413
0.1,4,0.9,400,1,0.6,0.9514811881684795,0.9945504576006032,13.97486923735058,-0.31458030044142393,22.47414049709486,-2.152250759132736
0.1,4,0.6,400,3,0.6,1.6420248624438583,0.9883288503308704,13.654959277438241,-0.22527623909530817,18.60701862835854,-1.1607681007602975
0.1,4,0.7,400,3,0.6,1.3918715097829135,0.9912363591958935,13.936903729834992,-0.2799153218836876,19.413734893430796,-1.3521919777796012
0.1,4,0.8,400,3,0.6,1.221481861547565,0.9928666265451221,13.53281484052837,-0.19761096656383975,20.21581982088282,-1.5505702588177726
0.1,4,0.9,400,3,0.6,1.0733834067165133,0.993959871242874,13.807356710528314,-0.24942685843228746,22.3731262575102,-2.12397767707425
0.1,4,0.6,400,5,0.6,2.25781466295322,0.9784510748280825,13.631092096779586,-0.2069699225610496,16.79713237767015,-0.7608601485841444
0.1,4,0.7,400,5,0.6,1.8716833998203035,0.9850363932342792,13.679423423600287,-0.2103726643878935,17.71031782999922,-0.9575248554810938
0.1,4,0.8,400,5,0.6,1.555167593586101,0.9893621582538918,13.478193455747999,-0.17542116087198764,19.196791508707634,-1.2999154529642438
0.1,4,0.9,400,5,0.6,1.3021767977090029,0.992056892593518,13.644162403877171,-0.20716290955668085,21.445348889106473,-1.870257147222282
0.1,4,0.6,400,10,0.6,3.907754848697107,0.9364740286942383,13.886020600310081,-0.24737317636075656,13.873797522434536,-0.20128285551914793
0.1,4,0.7,400,10,0.6,3.3570516826712726,0.9531049488327874,13.816350097318608,-0.22940030241286574,15.004092538394996,-0.4049926197812912
0.1,4,0.8,400,10,0.6,2.74698063108186,0.9683801751858585,13.525446222213414,-0.17562194378274526,16.741418789103523,-0.7491984985210673
0.1,4,0.9,400,10,0.6,2.2446096049507966,0.9784330591853412,13.562614251703005,-0.17992965135707023,19.028346320402083,-1.2597306128529264
0.1,5,0.6,100,1,0.6,3.39729015843539,0.9521918847258931,13.558843417882688,-0.21687796186078848,15.064748961657932,-0.41637539260582
0.1,5,0.7,100,1,0.6,2.9820842164982717,0.9633367660472538,13.504134488434776,-0.1963747522970602,15.131464558743739,-0.4289482630307264
0.1,5,0.8,100,1,0.6,2.626487720022028,0.9713232704044424,13.220962927191673,-0.13556735874589002,15.92592424769988,-0.582937859124276
0.1,5,0.9,100,1,0.6,2.3116487531717165,0.9774372688644689,13.188860393806781,-0.11527531721965187,18.109872187239755,-1.0468468333997714
0.1,5,0.6,100,3,0.6,5.70174394153739,0.8661965870758237,13.434423564079921,-0.17412527510393866,10.984919307803631,0.24690750947313977
0.1,5,0.7,100,3,0.6,5.078322667627705,0.8944235366103814,13.59169958112484,-0.21149885531135543,11.290412673709177,0.20443767740255725
0.1,5,0.8,100,3,0.6,4.514420265738512,0.9163482837717958,13.228061615299712,-0.12368266527250352,12.95927239385958,-0.04813159334044759
0.1,5,0.9,100,3,0.6,3.910289621905914,0.9365946489880204,13.4008179793519,-0.15011653072640269,15.999001596365098,-0.597498056234069
0.1,5,0.6,100,5,0.6,7.17800514393758,0.7879943671565698,13.716549066116468,-0.22874280839374544,8.103611258483058,0.5901624249576357
0.1,5,0.7,100,5,0.6,6.654539372746517,0.8186533575512455,13.750160196998394,-0.23546243399913566,8.122519250433468,0.588247662303165
0.1,5,0.8,100,5,0.6,6.0222861136659045,0.8513013965185167,13.527345983469147,-0.18355741871654963,9.74943632093739,0.40678299905744786
0.1,5,0.9,100,5,0.6,5.401697765873133,0.8796748756000982,13.577834192068497,-0.1846131013312735,12.9169091361815,-0.04129020704220476
0.1,5,0.6,100,10,0.6,9.180012688826162,0.6539223562517269,14.189836123774452,-0.329235966891484,5.607004208836769,0.8037921679722154
0.1,5,0.7,100,10,0.6,8.811535597750876,0.681757262767881,14.204274691819759,-0.33469177194335525,5.764578089640293,0.7926091324382061
0.1,5,0.8,100,10,0.6,8.270233710553418,0.719422224524565,14.192259331879114,-0.3293017708396504,6.63029138360254,0.7256406250680815
0.1,5,0.9,100,10,0.6,7.762076100198752,0.7523943416845587,14.214162857301975,-0.3212027580459367,8.217482995360196,0.5785634451409973
0.1,5,0.6,200,1,0.6,1.9198810194289586,0.9843244154859914,13.670971553001511,-0.23006964712487327,18.163847203206355,-1.059065939712836
0.1,5,0.7,200,1,0.6,1.6764975721335833,0.9878483210041591,13.69725235724213,-0.236923857390968,18.350297136689186,-1.1015550792059807
0.1,5,0.8,200,1,0.6,1.4839166329288382,0.9900804136788066,13.411602909187195,-0.18263935914230406,18.963174599930966,-1.2442780527623478
0.1,5,0.9,200,1,0.6,1.3828717541450195,0.9911050343345558,13.535517683683628,-0.20860283038736416,20.87361797123082,-1.7192556303202116
0.1,5,0.6,200,3,0.6,3.1620188594881324,0.958328075530124,13.225634873684953,-0.12234961725030233,16.27868038053371,-0.6538380035058735
0.1,5,0.7,200,3,0.6,2.6289489648432722,0.9712301772476264,13.443554498545756,-0.1701332449778929,16.860095371264855,-0.7740858369388837
0.1,5,0.8,200,3,0.6,2.2117226375589736,0.9795393552697138,13.171794084158426,-0.1118635061481508,18.37260324590673,-1.1066673679362404
0.1,5,0.9,200,3,0.6,1.8145467312970116,0.9857359371360435,13.402374098549402,-0.1589413171707191,20.72511717834767,-1.680702160292844
0.1,5,0.6,200,5,0.6,4.3881765085412034,0.9200558250879786,13.36656717994648,-0.14184245250497501,13.656266129833865,-0.1639076378525266
0.1,5,0.7,200,5,0.6,3.7746073087950784,0.941215562643003,13.333303470885571,-0.13641542831577347,14.092701577651408,-0.23949016761071573
0.1,5,0.8,200,5,0.6,3.1578366215074745,0.9586761662281834,13.203315382254399,-0.10989226918362216,15.822944316022797,-0.562532914185053
0.1,5,0.9,200,5,0.6,2.64200760554533,0.9705561445260737,13.286155297332897,-0.1263287907756116,18.71069840516898,-1.1849151293238123
0.1,5,0.6,200,10,0.6,6.5970982425539075,0.8197711430905505,13.668912476429739,-0.21130028628244157,9.735810116675701,0.40844004814021595
0.1,5,0.7,200,10,0.6,6.0328187465011025,0.8498229606140505,13.678927888328479,-0.21083248819186987,10.374557812143793,0.3282715149658063
0.1,5,0.8,200,10,0.6,5.275076400300039,0.8852541867037436,13.604917157401866,-0.19136718688148888,12.071626376262993,0.09053467479741728
0.1,5,0.9,200,10,0.6,4.707580544562171,0.9082772269505947,13.552784896728216,-0.1818030896858393,14.448182522207366,-0.30280979088976
0.1,5,0.6,300,1,0.6,1.4023182273122972,0.991025727534589,14.027094032359255,-0.30362936258470946,19.129328929012814,-1.2837788401316725
0.1,5,0.7,300,1,0.6,1.2591834627838008,0.992409747924539,14.052654331571873,-0.3125622375229176,19.511527889986606,-1.3759491027374855
0.1,5,0.8,300,1,0.6,1.1253129781748172,0.9933905216888743,13.741137746646993,-0.25843636105065293,20.401997471240854,-1.5977655534497628
0.1,5,0.9,300,1,0.6,1.0885069262829152,0.9936131933289316,13.811077168696636,-0.27343577312072875,21.943533774830865,-2.005160762623696
0.1,5,0.6,300,3,0.6,2.103092583053752,0.9812837107186734,13.45859680401711,-0.1701114211069293,18.049686241160874,-1.0332645500931714
0.1,5,0.7,300,3,0.6,1.7443086081106887,0.986967124903192,13.718596580346851,-0.22746274325806776,18.70372081711471,-1.183285837384639
0.1,5,0.8,300,3,0.6,1.4898143832202533,0.9902466480631162,13.361163389325904,-0.15485755440372398,20.026804956568814,-1.5030983348822162
0.1,5,0.9,300,3,0.6,1.274740334587345,0.9923433111551901,13.630738426363465,-0.20774582205063719,21.950837154306903,-2.00716148703443
0.1,5,0.6,300,5,0.6,2.9745371791725,0.9628272372266604,13.53143743672048,-0.17340796937257877,16.03466929033181,-0.6046288243829225
0.1,5,0.7,300,5,0.6,2.4842815231077298,0.974203856384446,13.52574450636364,-0.17349972332360272,16.727121516136023,-0.7462121220492979
0.1,5,0.8,300,5,0.6,2.025015357543035,0.9826312714363368,13.337767494355074,-0.1384600983457452,18.50394782676351,-1.1368958980792985
0.1,5,0.9,300,5,0.6,1.6758067686102287,0.9876643278794663,13.452964125491041,-0.16261842817656996,20.879287531667963,-1.7207330050516432
0.1,5,0.6,300,10,0.6,4.956976962992035,0.8977267159238321,13.812925843533824,-0.2303779562533058,12.540599368197618,0.018498059781260512
0.1,5,0.7,300,10,0.6,4.376361173910107,0.9206341746622801,13.739255875914989,-0.2166946657283626,13.640604384902261,-0.16123950419525723
0.1,5,0.8,300,10,0.6,3.6378068242427375,0.9450437515369121,13.529358255857852,-0.17522761542799806,15.58461616973966,-0.515817079295867
0.1,5,0.9,300,10,0.6,3.086637544047195,0.9600430760842087,13.493682188155129,-0.1645566104057708,17.723249349303718,-0.9603845457883915
0.1,5,0.6,400,1,0.6,1.1562796164516813,0.9933014548866342,14.366089931271045,-0.3913070920066014,20.067769620211784,-1.5133489417549253
0.1,5,0.7,400,1,0.6,1.065106883526433,0.9939472216597643,14.403716624771643,-0.3954551008155623,20.470039805685833,-1.615121970056825
0.1,5,0.8,400,1,0.6,0.9741970993154284,0.9944536339209351,13.977793333654635,-0.31552123203776555,20.99131762503498,-1.7500081133703898
0.1,5,0.9,400,1,0.6,0.9511147258602041,0.9945525653682085,13.97878952894053,-0.3144098225573811,22.502459620283535,-2.1601999147790116
0.1,5,0.6,400,3,0.6,1.641665549579948,0.9883280978465949,13.66547174536137,-0.22712678886688314,18.675314599807507,-1.1766591563036202
0.1,5,0.7,400,3,0.6,1.3866204852237838,0.9912706659407698,13.946103799596367,-0.282352879828082,19.405679225218975,-1.3502403134613443
0.1,5,0.8,400,3,0.6,1.2197204882738408,0.9928800994572867,13.532805352426971,-0.19747181832471938,20.373659275087636,-1.5905540180170932
0.1,5,0.9,400,3,0.6,1.0740284999629077,0.9939586799101943,13.803957824781218,-0.24844441565368053,22.370029998183934,-2.1231130705281167
0.1,5,0.6,400,5,0.6,2.2518211482247756,0.9785535699864536,13.644669767872042,-0.20826254863713717,16.80765603743178,-0.7630672512675956
0.1,5,0.7,400,5,0.6,1.8707082378785738,0.9850511995538224,13.69170773431083,-0.21349120856062123,17.698082637119064,-0.9548210732878655
0.1,5,0.8,400,5,0.6,1.55342731946462,0.9893799795672077,13.47878131600503,-0.17568902547582954,19.201080438241956,-1.3009432577649247
0.1,5,0.9,400,5,0.6,1.3045067756896809,0.9920414981939276,13.639177808656555,-0.20576977462101223,21.465609469666852,-1.875683083320475
0.1,5,0.6,400,10,0.6,3.907388504824307,0.9364858378888726,13.882876002010416,-0.24663933141650102,13.884845431209268,-0.20319681564278658
0.1,5,0.7,400,10,0.6,3.356974956507839,0.9531066120648735,13.81601830641769,-0.2293185493708246,15.007183795509185,-0.40557161392292507
0.1,5,0.8,400,10,0.6,2.7466737295032306,0.9683887559383807,13.526623121452328,-0.1758653639104349,16.74134367593073,-0.7491828024135889
0.1,5,0.9,400,10,0.6,2.244603442988132,0.9784331933423029,13.562562822218833,-0.17992222585736,19.027318415607787,-1.2594864796893237
0.1,6,0.6,100,1,0.6,3.397308292203283,0.9521912976953191,13.559091397110771,-0.21691381084161332,15.0875043171271,-0.42065750410687874
0.1,6,0.7,100,1,0.6,2.9833158474662977,0.9633097707438196,13.503023595125857,-0.19605004488197147,15.131786976478871,-0.42900915907542037
0.1,6,0.8,100,1,0.6,2.6264955801367287,0.9713231318170672,13.221098702917402,-0.13560455938494015,15.934196314853496,-0.584582670273806
0.1,6,0.9,100,1,0.6,2.3113967641752198,0.9774407406266107,13.200688446831844,-0.11826747010430146,18.109872187239755,-1.0468468333997714
0.1,6,0.6,100,3,0.6,5.70174394153739,0.8661965870758237,13.434423564079921,-0.17412527510393866,10.993122974943201,0.24578225276603904
0.1,6,0.7,100,3,0.6,5.078322667627705,0.8944235366103814,13.59169958112484,-0.21149885531135543,11.290412673709177,0.20443767740255725
0.1,6,0.8,100,3,0.6,4.514420265738512,0.9163482837717958,13.228061615299712,-0.12368266527250352,12.95927239385958,-0.04813159334044759
0.1,6,0.9,100,3,0.6,3.910289621905914,0.9365946489880204,13.4008179793519,-0.15011653072640269,15.999001596365098,-0.597498056234069
0.1,6,0.6,100,5,0.6,7.17800514393758,0.7879943671565698,13.716549066116468,-0.22874280839374544,8.103611258483058,0.5901624249576357
0.1,6,0.7,100,5,0.6,6.654539372746517,0.8186533575512455,13.750160196998394,-0.23546243399913566,8.122519250433468,0.588247662303165
0.1,6,0.8,100,5,0.6,6.0222861136659045,0.8513013965185167,13.527345983469147,-0.18355741871654963,9.74943632093739,0.40678299905744786
0.1,6,0.9,100,5,0.6,5.401697765873133,0.8796748756000982,13.577834192068497,-0.1846131013312735,12.9169091361815,-0.04129020704220476
0.1,6,0.6,100,10,0.6,9.180012688826162,0.6539223562517269,14.189836123774452,-0.329235966891484,5.607004208836769,0.8037921679722154
0.1,6,0.7,100,10,0.6,8.811535597750876,0.681757262767881,14.204274691819759,-0.33469177194335525,5.764578089640293,0.7926091324382061
0.1,6,0.8,100,10,0.6,8.270233710553418,0.719422224524565,14.192259331879114,-0.3293017708396504,6.63029138360254,0.7256406250680815
0.1,6,0.9,100,10,0.6,7.762076100198752,0.7523943416845587,14.214162857301975,-0.3212027580459367,8.217482995360196,0.5785634451409973
0.1,6,0.6,200,1,0.6,1.919785467438556,0.9843254258964658,13.670296089673405,-0.22976063624460386,18.171913081250647,-1.0608950524663605
0.1,6,0.7,200,1,0.6,1.6769648659161625,0.9878441587345879,13.694474458736838,-0.23601041361995617,18.348454868924566,-1.1011331315062525
0.1,6,0.8,200,1,0.6,1.4839045043283043,0.9900804207831024,13.410260594551735,-0.18220695819463303,18.96666931761201,-1.2451053236239602
0.1,6,0.9,200,1,0.6,1.383192984044777,0.9911031228828839,13.544920301117354,-0.21168877944555517,20.87361797123082,-1.7192556303202116
0.1,6,0.6,200,3,0.6,3.162002614617323,0.9583284598047399,13.225376946219512,-0.12228273789192726,16.278513480449863,-0.6538040911395144
0.1,6,0.7,200,3,0.6,2.6285755945502913,0.9712367022923735,13.447017629651729,-0.170941265289829,16.8601352411531,-0.7740942274830809
0.1,6,0.8,200,3,0.6,2.211671805017089,0.979540116227003,13.171180249933082,-0.11170259986363151,18.372474142654983,-1.106637761173571
0.1,6,0.9,200,3,0.6,1.8145467312970116,0.9857359371360435,13.402374098549402,-0.1589413171707191,20.725075844209478,-1.6806914675279163
0.1,6,0.6,200,5,0.6,4.3881765085412034,0.9200558250879786,13.36656717994648,-0.14184245250497501,13.656266129833865,-0.1639076378525266
0.1,6,0.7,200,5,0.6,3.7746073087950784,0.941215562643003,13.333303470885571,-0.13641542831577347,14.0934596457853,-0.23962351936941317
0.1,6,0.8,200,5,0.6,3.1578366215074745,0.9586761662281834,13.203315382254399,-0.10989226918362216,15.822944316022797,-0.562532914185053
0.1,6,0.9,200,5,0.6,2.64200760554533,0.9705561445260737,13.286155297332897,-0.1263287907756116,18.71069840516898,-1.1849151293238123
0.1,6,0.6,200,10,0.6,6.5970982425539075,0.8197711430905505,13.668912476429739,-0.21130028628244157,9.735810116675701,0.40844004814021595
0.1,6,0.7,200,10,0.6,6.0328187465011025,0.8498229606140505,13.678927888328479,-0.21083248819186987,10.374557812143793,0.3282715149658063
0.1,6,0.8,200,10,0.6,5.275076400300039,0.8852541867037436,13.604917157401866,-0.19136718688148888,12.071626376262993,0.09053467479741728
0.1,6,0.9,200,10,0.6,4.707580544562171,0.9082772269505947,13.552784896728216,-0.1818030896858393,14.448182522207366,-0.30280979088976
0.1,6,0.6,300,1,0.6,1.4023569233136963,0.9910252501645183,14.027093510289722,-0.3034920567053738,19.135879333281228,-1.285343164318733
0.1,6,0.7,300,1,0.6,1.2592334024012364,0.9924095328609799,14.050965735593937,-0.3119569819671125,19.51204362042589,-1.376074706993149
0.1,6,0.8,300,1,0.6,1.125289806766837,0.9933905988809533,13.740002618296193,-0.2580508054850284,20.40649102431844,-1.59890999853938
0.1,6,0.9,300,1,0.6,1.0891124112106343,0.9936112282284146,13.820431261447268,-0.276750695308413,21.943533774830865,-2.005160762623696
0.1,6,0.6,300,3,0.6,2.1028018763207585,0.9812875412384356,13.45720320375978,-0.16977881537241818,18.056722713731773,-1.034850150946347
0.1,6,0.7,300,3,0.6,1.7439883156301117,0.9869706835379036,13.718547885658461,-0.22744851243997713,18.718623915012408,-1.1867665015687123
0.1,6,0.8,300,3,0.6,1.4889800307613625,0.9902534157330442,13.361527244181872,-0.15494873138284676,20.0293398473804,-1.503732033821946
0.1,6,0.9,300,3,0.6,1.2744902160613167,0.9923449128666004,13.627807584752844,-0.2068566445019579,21.95481858081988,-2.008252459392085
0.1,6,0.6,300,5,0.6,2.9745371791725,0.9628272372266604,13.53143743672048,-0.17340796937257877,16.03466929033181,-0.6046288243829225
0.1,6,0.7,300,5,0.6,2.4842815231077298,0.974203856384446,13.52574450636364,-0.17349972332360272,16.746844984442408,-0.7503325757508303
0.1,6,0.8,300,5,0.6,2.024988199684679,0.9826315206034394,13.338087644120392,-0.1385359749105995,18.49831384116951,-1.1355948343283915
0.1,6,0.9,300,5,0.6,1.6757505701897828,0.9876650769769529,13.452974008122087,-0.1626206557815254,20.879287531667963,-1.7207330050516432
0.1,6,0.6,300,10,0.6,4.956976962992035,0.8977267159238321,13.812925843533824,-0.2303779562533058,12.540599368197618,0.018498059781260512
0.1,6,0.7,300,10,0.6,4.376361173910107,0.9206341746622801,13.739255875914989,-0.2166946657283626,13.640604384902261,-0.16123950419525723
0.1,6,0.8,300,10,0.6,3.6378068242427375,0.9450437515369121,13.529358255857852,-0.17522761542799806,15.58461616973966,-0.515817079295867
0.1,6,0.9,300,10,0.6,3.086637544047195,0.9600430760842087,13.493682188155129,-0.1645566104057708,17.723249349303718,-0.9603845457883915
0.1,6,0.6,400,1,0.6,1.1562860572685711,0.9933012904500282,14.365532317531338,-0.39106148825529974,20.07094825487247,-1.5141452086966112
0.1,6,0.7,400,1,0.6,1.0650354509055537,0.9939474777015116,14.402071808112016,-0.3948273992316508,20.470981089555412,-1.6153624804560822
0.1,6,0.8,400,1,0.6,0.9741827006530009,0.9944536656604746,13.976675981428258,-0.31511899837098334,20.996421238907367,-1.7513454935165877
0.1,6,0.9,400,1,0.6,0.9516689900182509,0.994551568023945,13.987481103399528,-0.31758970300533357,22.502459620283535,-2.1601999147790116
0.1,6,0.6,400,3,0.6,1.6414754272865213,0.9883300157633907,13.66485569978209,-0.22697237408668877,18.67471595595557,-1.1765196113733376
0.1,6,0.7,400,3,0.6,1.3866440520977457,0.99127016424381,13.946926878643296,-0.2825725170252277,19.4048594744449,-1.3500417560595541
0.1,6,0.8,400,3,0.6,1.2194605333201614,0.9928805997929896,13.53138230698617,-0.19714653075402125,20.376273094592868,-1.5912187660513268
0.1,6,0.9,400,3,0.6,1.0738594546108284,0.993959511856999,13.801694843597025,-0.24770185603883368,22.375085215207907,-2.1245247627130834
0.1,6,0.6,400,5,0.6,2.2518211482247756,0.9785535699864536,13.644669767872042,-0.20826254863713717,16.80765603743178,-0.7630672512675956
0.1,6,0.7,400,5,0.6,1.8707082378785738,0.9850511995538224,13.69170773431083,-0.21349120856062123,17.766888797731628,-0.9700504284237337
0.1,6,0.8,400,5,0.6,1.5534253635265136,0.9893799279372736,13.47934148949671,-0.1759039121308159,19.199070662781182,-1.3004616039023449
0.1,6,0.9,400,5,0.6,1.304285979778744,0.9920431667525555,13.638775916808418,-0.20566226881716004,21.46416152868833,-1.8752951438165582
0.1,6,0.6,400,10,0.6,3.907388504824307,0.9364858378888726,13.882876002010416,-0.24663933141650102,13.884845431209268,-0.20319681564278658
0.1,6,0.7,400,10,0.6,3.356974956507839,0.9531066120648735,13.81601830641769,-0.2293185493708246,15.007183795509185,-0.40557161392292507
0.1,6,0.8,400,10,0.6,2.7466737295032306,0.9683887559383807,13.526623121452328,-0.1758653639104349,16.74134367593073,-0.7491828024135889
0.1,6,0.9,400,10,0.6,2.244603442988132,0.9784331933423029,13.562562822218833,-0.17992222585736,19.027318415607787,-1.2594864796893237
0.1,7,0.6,100,1,0.6,3.397308292203283,0.9521912976953191,13.559091397110771,-0.21691381084161332,15.0875043171271,-0.42065750410687874
0.1,7,0.7,100,1,0.6,2.9833158474662977,0.9633097707438196,13.503023595125857,-0.19605004488197147,15.131786976478871,-0.42900915907542037
0.1,7,0.8,100,1,0.6,2.6264955801367287,0.9713231318170672,13.221098702917402,-0.13560455938494015,15.934196314853496,-0.584582670273806
0.1,7,0.9,100,1,0.6,2.3113967641752198,0.9774407406266107,13.200688446831844,-0.11826747010430146,18.109872187239755,-1.0468468333997714
0.1,7,0.6,100,3,0.6,5.70174394153739,0.8661965870758237,13.434423564079921,-0.17412527510393866,10.993122974943201,0.24578225276603904
0.1,7,0.7,100,3,0.6,5.078322667627705,0.8944235366103814,13.59169958112484,-0.21149885531135543,11.290412673709177,0.20443767740255725
0.1,7,0.8,100,3,0.6,4.514420265738512,0.9163482837717958,13.228061615299712,-0.12368266527250352,12.95927239385958,-0.04813159334044759
0.1,7,0.9,100,3,0.6,3.910289621905914,0.9365946489880204,13.4008179793519,-0.15011653072640269,15.999001596365098,-0.597498056234069
0.1,7,0.6,100,5,0.6,7.17800514393758,0.7879943671565698,13.716549066116468,-0.22874280839374544,8.103611258483058,0.5901624249576357
0.1,7,0.7,100,5,0.6,6.654539372746517,0.8186533575512455,13.750160196998394,-0.23546243399913566,8.122519250433468,0.588247662303165
0.1,7,0.8,100,5,0.6,6.0222861136659045,0.8513013965185167,13.527345983469147,-0.18355741871654963,9.74943632093739,0.40678299905744786
0.1,7,0.9,100,5,0.6,5.401697765873133,0.8796748756000982,13.577834192068497,-0.1846131013312735,12.9169091361815,-0.04129020704220476
0.1,7,0.6,100,10,0.6,9.180012688826162,0.6539223562517269,14.189836123774452,-0.329235966891484,5.607004208836769,0.8037921679722154
0.1,7,0.7,100,10,0.6,8.811535597750876,0.681757262767881,14.204274691819759,-0.33469177194335525,5.764578089640293,0.7926091324382061
0.1,7,0.8,100,10,0.6,8.270233710553418,0.719422224524565,14.192259331879114,-0.3293017708396504,6.63029138360254,0.7256406250680815
0.1,7,0.9,100,10,0.6,7.762076100198752,0.7523943416845587,14.214162857301975,-0.3212027580459367,8.217482995360196,0.5785634451409973
0.1,7,0.6,200,1,0.6,1.9197844488209186,0.9843254377423175,13.670354311925006,-0.22977964364619924,18.171913081250647,-1.0608950524663605
0.1,7,0.7,200,1,0.6,1.6769648659161625,0.9878441587345879,13.694474458736838,-0.23601041361995617,18.348454868924566,-1.1011331315062525
0.1,7,0.8,200,1,0.6,1.4839045043283043,0.9900804207831024,13.410260594551735,-0.18220695819463303,18.96666931761201,-1.2451053236239602
0.1,7,0.9,200,1,0.6,1.383192984044777,0.9911031228828839,13.544920301117354,-0.21168877944555517,20.87361797123082,-1.7192556303202116
0.1,7,0.6,200,3,0.6,3.162002614617323,0.9583284598047399,13.225376946219512,-0.12228273789192726,16.278513480449863,-0.6538040911395144
0.1,7,0.7,200,3,0.6,2.6285755945502913,0.9712367022923735,13.447017629651729,-0.170941265289829,16.8601352411531,-0.7740942274830809
0.1,7,0.8,200,3,0.6,2.211671805017089,0.979540116227003,13.171180249933082,-0.11170259986363151,18.372474142654983,-1.106637761173571
0.1,7,0.9,200,3,0.6,1.8145467312970116,0.9857359371360435,13.402374098549402,-0.1589413171707191,20.725075844209478,-1.6806914675279163
0.1,7,0.6,200,5,0.6,4.3881765085412034,0.9200558250879786,13.36656717994648,-0.14184245250497501,13.656266129833865,-0.1639076378525266
0.1,7,0.7,200,5,0.6,3.7746073087950784,0.941215562643003,13.333303470885571,-0.13641542831577347,14.0934596457853,-0.23962351936941317
0.1,7,0.8,200,5,0.6,3.1578366215074745,0.9586761662281834,13.203315382254399,-0.10989226918362216,15.822944316022797,-0.562532914185053
0.1,7,0.9,200,5,0.6,2.64200760554533,0.9705561445260737,13.286155297332897,-0.1263287907756116,18.71069840516898,-1.1849151293238123
0.1,7,0.6,200,10,0.6,6.5970982425539075,0.8197711430905505,13.668912476429739,-0.21130028628244157,9.735810116675701,0.40844004814021595
0.1,7,0.7,200,10,0.6,6.0328187465011025,0.8498229606140505,13.678927888328479,-0.21083248819186987,10.374557812143793,0.3282715149658063
0.1,7,0.8,200,10,0.6,5.275076400300039,0.8852541867037436,13.604917157401866,-0.19136718688148888,12.071626376262993,0.09053467479741728
0.1,7,0.9,200,10,0.6,4.707580544562171,0.9082772269505947,13.552784896728216,-0.1818030896858393,14.448182522207366,-0.30280979088976
0.1,7,0.6,300,1,0.6,1.4023606062356653,0.9910252252350329,14.0271287001963,-0.30350431615191475,19.135879333281228,-1.285343164318733
0.1,7,0.7,300,1,0.6,1.2592334024012364,0.9924095328609799,14.050965735593937,-0.3119569819671125,19.51204362042589,-1.376074706993149
0.1,7,0.8,300,1,0.6,1.125289806766837,0.9933905988809533,13.740002618296193,-0.2580508054850284,20.40649102431844,-1.59890999853938
0.1,7,0.9,300,1,0.6,1.0891124112106343,0.9936112282284146,13.820431261447268,-0.276750695308413,21.943533774830865,-2.005160762623696
0.1,7,0.6,300,3,0.6,2.1028018763207585,0.9812875412384356,13.45720320375978,-0.16977881537241818,18.056722713731773,-1.034850150946347
0.1,7,0.7,300,3,0.6,1.7439883156301117,0.9869706835379036,13.718547885658461,-0.22744851243997713,18.718623915012408,-1.1867665015687123
0.1,7,0.8,300,3,0.6,1.4889800307613625,0.9902534157330442,13.361527244181872,-0.15494873138284676,20.0293398473804,-1.503732033821946
0.1,7,0.9,300,3,0.6,1.2744902160613167,0.9923449128666004,13.627807584752844,-0.2068566445019579,21.95481858081988,-2.008252459392085
0.1,7,0.6,300,5,0.6,2.9745371791725,0.9628272372266604,13.53143743672048,-0.17340796937257877,16.03466929033181,-0.6046288243829225
0.1,7,0.7,300,5,0.6,2.4842815231077298,0.974203856384446,13.52574450636364,-0.17349972332360272,16.746844984442408,-0.7503325757508303
0.1,7,0.8,300,5,0.6,2.024988199684679,0.9826315206034394,13.338087644120392,-0.1385359749105995,18.49831384116951,-1.1355948343283915
0.1,7,0.9,300,5,0.6,1.6757505701897828,0.9876650769769529,13.452974008122087,-0.1626206557815254,20.879287531667963,-1.7207330050516432
0.1,7,0.6,300,10,0.6,4.956976962992035,0.8977267159238321,13.812925843533824,-0.2303779562533058,12.540599368197618,0.018498059781260512
0.1,7,0.7,300,10,0.6,4.376361173910107,0.9206341746622801,13.739255875914989,-0.2166946657283626,13.640604384902261,-0.16123950419525723
0.1,7,0.8,300,10,0.6,3.6378068242427375,0.9450437515369121,13.529358255857852,-0.17522761542799806,15.58461616973966,-0.515817079295867
0.1,7,0.9,300,10,0.6,3.086637544047195,0.9600430760842087,13.493682188155129,-0.1645566104057708,17.723249349303718,-0.9603845457883915
0.1,7,0.6,400,1,0.6,1.1562924287322942,0.9933012623837977,14.365559212909426,-0.3910717223722477,20.07094825487247,-1.5141452086966112
0.1,7,0.7,400,1,0.6,1.0650354509055537,0.9939474777015116,14.402071808112016,-0.3948273992316508,20.470981089555412,-1.6153624804560822
0.1,7,0.8,400,1,0.6,0.9741827006530009,0.9944536656604746,13.976675981428258,-0.31511899837098334,20.996421238907367,-1.7513454935165877
0.1,7,0.9,400,1,0.6,0.9516689900182509,0.994551568023945,13.987481103399528,-0.31758970300533357,22.502459620283535,-2.1601999147790116
0.1,7,0.6,400,3,0.6,1.6414754272865213,0.9883300157633907,13.66485569978209,-0.22697237408668877,18.67471595595557,-1.1765196113733376
0.1,7,0.7,400,3,0.6,1.3866440520977457,0.99127016424381,13.946926878643296,-0.2825725170252277,19.4048594744449,-1.3500417560595541
0.1,7,0.8,400,3,0.6,1.2194605333201614,0.9928805997929896,13.53138230698617,-0.19714653075402125,20.376273094592868,-1.5912187660513268
0.1,7,0.9,400,3,0.6,1.0738594546108284,0.993959511856999,13.801694843597025,-0.24770185603883368,22.375085215207907,-2.1245247627130834
0.1,7,0.6,400,5,0.6,2.2518211482247756,0.9785535699864536,13.644669767872042,-0.20826254863713717,16.80765603743178,-0.7630672512675956
0.1,7,0.7,400,5,0.6,1.8707082378785738,0.9850511995538224,13.69170773431083,-0.21349120856062123,17.766888797731628,-0.9700504284237337
0.1,7,0.8,400,5,0.6,1.5534253635265136,0.9893799279372736,13.47934148949671,-0.1759039121308159,19.199070662781182,-1.3004616039023449
0.1,7,0.9,400,5,0.6,1.304285979778744,0.9920431667525555,13.638775916808418,-0.20566226881716004,21.46416152868833,-1.8752951438165582
0.1,7,0.6,400,10,0.6,3.907388504824307,0.9364858378888726,13.882876002010416,-0.24663933141650102,13.884845431209268,-0.20319681564278658
0.1,7,0.7,400,10,0.6,3.356974956507839,0.9531066120648735,13.81601830641769,-0.2293185493708246,15.007183795509185,-0.40557161392292507
0.1,7,0.8,400,10,0.6,2.7466737295032306,0.9683887559383807,13.526623121452328,-0.1758653639104349,16.74134367593073,-0.7491828024135889
0.1,7,0.9,400,10,0.6,2.244603442988132,0.9784331933423029,13.562562822218833,-0.17992222585736,19.027318415607787,-1.2594864796893237
0.1,8,0.6,100,1,0.6,3.397308292203283,0.9521912976953191,13.559091397110771,-0.21691381084161332,15.0875043171271,-0.42065750410687874
0.1,8,0.7,100,1,0.6,2.9833158474662977,0.9633097707438196,13.503023595125857,-0.19605004488197147,15.131786976478871,-0.42900915907542037
0.1,8,0.8,100,1,0.6,2.6264955801367287,0.9713231318170672,13.221098702917402,-0.13560455938494015,15.934196314853496,-0.584582670273806
0.1,8,0.9,100,1,0.6,2.3113967641752198,0.9774407406266107,13.200688446831844,-0.11826747010430146,18.109872187239755,-1.0468468333997714
0.1,8,0.6,100,3,0.6,5.70174394153739,0.8661965870758237,13.434423564079921,-0.17412527510393866,10.993122974943201,0.24578225276603904
0.1,8,0.7,100,3,0.6,5.078322667627705,0.8944235366103814,13.59169958112484,-0.21149885531135543,11.290412673709177,0.20443767740255725
0.1,8,0.8,100,3,0.6,4.514420265738512,0.9163482837717958,13.228061615299712,-0.12368266527250352,12.95927239385958,-0.04813159334044759
0.1,8,0.9,100,3,0.6,3.910289621905914,0.9365946489880204,13.4008179793519,-0.15011653072640269,15.999001596365098,-0.597498056234069
0.1,8,0.6,100,5,0.6,7.17800514393758,0.7879943671565698,13.716549066116468,-0.22874280839374544,8.103611258483058,0.5901624249576357
0.1,8,0.7,100,5,0.6,6.654539372746517,0.8186533575512455,13.750160196998394,-0.23546243399913566,8.122519250433468,0.588247662303165
0.1,8,0.8,100,5,0.6,6.0222861136659045,0.8513013965185167,13.527345983469147,-0.18355741871654963,9.74943632093739,0.40678299905744786
0.1,8,0.9,100,5,0.6,5.401697765873133,0.8796748756000982,13.577834192068497,-0.1846131013312735,12.9169091361815,-0.04129020704220476
0.1,8,0.6,100,10,0.6,9.180012688826162,0.6539223562517269,14.189836123774452,-0.329235966891484,5.607004208836769,0.8037921679722154
0.1,8,0.7,100,10,0.6,8.811535597750876,0.681757262767881,14.204274691819759,-0.33469177194335525,5.764578089640293,0.7926091324382061
0.1,8,0.8,100,10,0.6,8.270233710553418,0.719422224524565,14.192259331879114,-0.3293017708396504,6.63029138360254,0.7256406250680815
0.1,8,0.9,100,10,0.6,7.762076100198752,0.7523943416845587,14.214162857301975,-0.3212027580459367,8.217482995360196,0.5785634451409973
0.1,8,0.6,200,1,0.6,1.9197844488209186,0.9843254377423175,13.670354311925006,-0.22977964364619924,18.171913081250647,-1.0608950524663605
0.1,8,0.7,200,1,0.6,1.6769648659161625,0.9878441587345879,13.694474458736838,-0.23601041361995617,18.348454868924566,-1.1011331315062525
0.1,8,0.8,200,1,0.6,1.4839045043283043,0.9900804207831024,13.410260594551735,-0.18220695819463303,18.96666931761201,-1.2451053236239602
0.1,8,0.9,200,1,0.6,1.383192984044777,0.9911031228828839,13.544920301117354,-0.21168877944555517,20.87361797123082,-1.7192556303202116
0.1,8,0.6,200,3,0.6,3.162002614617323,0.9583284598047399,13.225376946219512,-0.12228273789192726,16.278513480449863,-0.6538040911395144
0.1,8,0.7,200,3,0.6,2.6285755945502913,0.9712367022923735,13.447017629651729,-0.170941265289829,16.8601352411531,-0.7740942274830809
0.1,8,0.8,200,3,0.6,2.211671805017089,0.979540116227003,13.171180249933082,-0.11170259986363151,18.372474142654983,-1.106637761173571
0.1,8,0.9,200,3,0.6,1.8145467312970116,0.9857359371360435,13.402374098549402,-0.1589413171707191,20.725075844209478,-1.6806914675279163
0.1,8,0.6,200,5,0.6,4.3881765085412034,0.9200558250879786,13.36656717994648,-0.14184245250497501,13.656266129833865,-0.1639076378525266
0.1,8,0.7,200,5,0.6,3.7746073087950784,0.941215562643003,13.333303470885571,-0.13641542831577347,14.0934596457853,-0.23962351936941317
0.1,8,0.8,200,5,0.6,3.1578366215074745,0.9586761662281834,13.203315382254399,-0.10989226918362216,15.822944316022797,-0.562532914185053
0.1,8,0.9,200,5,0.6,2.64200760554533,0.9705561445260737,13.286155297332897,-0.1263287907756116,18.71069840516898,-1.1849151293238123
0.1,8,0.6,200,10,0.6,6.5970982425539075,0.8197711430905505,13.668912476429739,-0.21130028628244157,9.735810116675701,0.40844004814021595
0.1,8,0.7,200,10,0.6,6.0328187465011025,0.8498229606140505,13.678927888328479,-0.21083248819186987,10.374557812143793,0.3282715149658063
0.1,8,0.8,200,10,0.6,5.275076400300039,0.8852541867037436,13.604917157401866,-0.19136718688148888,12.071626376262993,0.09053467479741728
0.1,8,0.9,200,10,0.6,4.707580544562171,0.9082772269505947,13.552784896728216,-0.1818030896858393,14.448182522207366,-0.30280979088976
0.1,8,0.6,300,1,0.6,1.4023606062356653,0.9910252252350329,14.0271287001963,-0.30350431615191475,19.135879333281228,-1.285343164318733
0.1,8,0.7,300,1,0.6,1.2592334024012364,0.9924095328609799,14.050965735593937,-0.3119569819671125,19.51204362042589,-1.376074706993149
0.1,8,0.8,300,1,0.6,1.125289806766837,0.9933905988809533,13.740002618296193,-0.2580508054850284,20.40649102431844,-1.59890999853938
0.1,8,0.9,300,1,0.6,1.0891124112106343,0.9936112282284146,13.820431261447268,-0.276750695308413,21.943533774830865,-2.005160762623696
0.1,8,0.6,300,3,0.6,2.1028018763207585,0.9812875412384356,13.45720320375978,-0.16977881537241818,18.056722713731773,-1.034850150946347
0.1,8,0.7,300,3,0.6,1.7439883156301117,0.9869706835379036,13.718547885658461,-0.22744851243997713,18.718623915012408,-1.1867665015687123
0.1,8,0.8,300,3,0.6,1.4889800307613625,0.9902534157330442,13.361527244181872,-0.15494873138284676,20.0293398473804,-1.503732033821946
0.1,8,0.9,300,3,0.6,1.2744902160613167,0.9923449128666004,13.627807584752844,-0.2068566445019579,21.95481858081988,-2.008252459392085
0.1,8,0.6,300,5,0.6,2.9745371791725,0.9628272372266604,13.53143743672048,-0.17340796937257877,16.03466929033181,-0.6046288243829225
0.1,8,0.7,300,5,0.6,2.4842815231077298,0.974203856384446,13.52574450636364,-0.17349972332360272,16.746844984442408,-0.7503325757508303
0.1,8,0.8,300,5,0.6,2.024988199684679,0.9826315206034394,13.338087644120392,-0.1385359749105995,18.49831384116951,-1.1355948343283915
0.1,8,0.9,300,5,0.6,1.6757505701897828,0.9876650769769529,13.452974008122087,-0.1626206557815254,20.879287531667963,-1.7207330050516432
0.1,8,0.6,300,10,0.6,4.956976962992035,0.8977267159238321,13.812925843533824,-0.2303779562533058,12.540599368197618,0.018498059781260512
0.1,8,0.7,300,10,0.6,4.376361173910107,0.9206341746622801,13.739255875914989,-0.2166946657283626,13.640604384902261,-0.16123950419525723
0.1,8,0.8,300,10,0.6,3.6378068242427375,0.9450437515369121,13.529358255857852,-0.17522761542799806,15.58461616973966,-0.515817079295867
0.1,8,0.9,300,10,0.6,3.086637544047195,0.9600430760842087,13.493682188155129,-0.1645566104057708,17.723249349303718,-0.9603845457883915
0.1,8,0.6,400,1,0.6,1.1562924287322942,0.9933012623837977,14.365559212909426,-0.3910717223722477,20.07094825487247,-1.5141452086966112
0.1,8,0.7,400,1,0.6,1.0650354509055537,0.9939474777015116,14.402071808112016,-0.3948273992316508,20.470981089555412,-1.6153624804560822
0.1,8,0.8,400,1,0.6,0.9741827006530009,0.9944536656604746,13.976675981428258,-0.31511899837098334,20.996421238907367,-1.7513454935165877
0.1,8,0.9,400,1,0.6,0.9516689900182509,0.994551568023945,13.987481103399528,-0.31758970300533357,22.502459620283535,-2.1601999147790116
0.1,8,0.6,400,3,0.6,1.6414754272865213,0.9883300157633907,13.66485569978209,-0.22697237408668877,18.67471595595557,-1.1765196113733376
0.1,8,0.7,400,3,0.6,1.3866440520977457,0.99127016424381,13.946926878643296,-0.2825725170252277,19.4048594744449,-1.3500417560595541
0.1,8,0.8,400,3,0.6,1.2194605333201614,0.9928805997929896,13.53138230698617,-0.19714653075402125,20.376273094592868,-1.5912187660513268
0.1,8,0.9,400,3,0.6,1.0738594546108284,0.993959511856999,13.801694843597025,-0.24770185603883368,22.375085215207907,-2.1245247627130834
0.1,8,0.6,400,5,0.6,2.2518211482247756,0.9785535699864536,13.644669767872042,-0.20826254863713717,16.80765603743178,-0.7630672512675956
0.1,8,0.7,400,5,0.6,1.8707082378785738,0.9850511995538224,13.69170773431083,-0.21349120856062123,17.766888797731628,-0.9700504284237337
0.1,8,0.8,400,5,0.6,1.5534253635265136,0.9893799279372736,13.47934148949671,-0.1759039121308159,19.199070662781182,-1.3004616039023449
0.1,8,0.9,400,5,0.6,1.304285979778744,0.9920431667525555,13.638775916808418,-0.20566226881716004,21.46416152868833,-1.8752951438165582
0.1,8,0.6,400,10,0.6,3.907388504824307,0.9364858378888726,13.882876002010416,-0.24663933141650102,13.884845431209268,-0.20319681564278658
0.1,8,0.7,400,10,0.6,3.356974956507839,0.9531066120648735,13.81601830641769,-0.2293185493708246,15.007183795509185,-0.40557161392292507
0.1,8,0.8,400,10,0.6,2.7466737295032306,0.9683887559383807,13.526623121452328,-0.1758653639104349,16.74134367593073,-0.7491828024135889
0.1,8,0.9,400,10,0.6,2.244603442988132,0.9784331933423029,13.562562822218833,-0.17992222585736,19.027318415607787,-1.2594864796893237
0.2,3,0.6,100,1,0.6,1.893713579609388,0.9849470830719975,13.853079549370605,-0.2939289640795457,18.670233277412223,-1.175474833311653
0.2,3,0.7,100,1,0.6,1.562341138457814,0.9895163968800332,13.824920769528656,-0.27381634617763023,17.487788360611802,-0.9086414555245241
0.2,3,0.8,100,1,0.6,1.4815463283153163,0.9904058431237541,13.209416533530808,-0.14057306762885935,18.417145839040906,-1.116894571434444
0.2,3,0.9,100,1,0.6,1.3095972656533867,0.992066148463293,13.11730664860952,-0.10853958221451913,20.913570711020938,-1.7296750683440685
0.2,3,0.6,100,3,0.6,3.224301769252508,0.9568248323606567,13.524508277478791,-0.21743770876898155,16.6736177127013,-0.7350590294085178
0.2,3,0.7,100,3,0.6,2.6053561418799007,0.9719463347504484,13.660623476345387,-0.23127525636247617,16.561540072406824,-0.7118117947981502
0.2,3,0.8,100,3,0.6,2.2345277656622065,0.9791896543680062,13.15972700640018,-0.1266025504091845,17.55910655186951,-0.9242407315014483
0.2,3,0.9,100,3,0.6,1.8087718371271386,0.9857850661711753,13.24759449650809,-0.12716758942329623,21.16737344102733,-1.7963306219039432
0.2,3,0.6,100,5,0.6,4.458384507686202,0.9177738606899275,13.474315120628296,-0.19384081425877586,14.255553060012918,-0.26830211520533576
0.2,3,0.7,100,5,0.6,3.773555461155122,0.9414720547367288,13.638432857668473,-0.22592589844779581,14.014394939497668,-0.22575388747306357
0.2,3,0.8,100,5,0.6,3.191077254691848,0.957993166226608,13.321785311566316,-0.1468330722263892,15.74348936194861,-0.5468797884161103
0.2,3,0.9,100,5,0.6,2.6316224506572388,0.9707188900116506,13.260404343203188,-0.12137161418364548,19.16292760417173,-1.2918083250660666
0.2,3,0.6,100,10,0.6,6.635014555966066,0.818000870389884,13.770626807979758,-0.24873045375772707,9.017355515681356,0.492526977745813
0.2,3,0.7,100,10,0.6,6.048347988045802,0.8498985512915599,13.854734052397344,-0.26060428327675134,9.645654030785646,0.4193453126943607
0.2,3,0.8,100,10,0.6,5.336423429315033,0.8830269993754121,13.569838991924877,-0.19381158483593824,11.192494711175126,0.21817712950916357
0.2,3,0.9,100,10,0.6,4.653528175714407,0.9103291644967777,13.521225545891571,-0.17597971444079805,14.646088574327628,-0.3387450790383595
0.2,3,0.6,200,1,0.6,1.220159351069651,0.9926762386949208,14.043063477840416,-0.3252132063692509,20.02688730970247,-1.5031189211330935
0.2,3,0.7,200,1,0.6,1.043178018746947,0.9940436779071173,14.053640464175746,-0.3185249265170469,19.66669264457581,-1.4138886688923376
0.2,3,0.8,200,1,0.6,0.969349594444421,0.9944377260654498,13.571148359930238,-0.22588495108621665,20.072586231646454,-1.5145555808867188
0.2,3,0.9,200,1,0.6,0.9208058863961274,0.9946861847713568,13.555788746333644,-0.2065280420046399,22.862270783450303,-2.2620702047653998
0.2,3,0.6,200,3,0.6,1.756088322342638,0.9869139911048613,13.66184431881598,-0.2328262106031624,18.974205951201508,-1.2468899171864463
0.2,3,0.7,200,3,0.6,1.4159693738821226,0.9910844072654964,13.741066844945019,-0.24538795977069655,19.012675551009067,-1.2560101491729094
0.2,3,0.8,200,3,0.6,1.2422236651066538,0.9926848933545174,13.303786020097089,-0.15789523302774705,19.76838807717201,-1.438917395654412
0.2,3,0.9,200,3,0.6,1.0630469247229373,0.9939916639865046,13.623557483567097,-0.20897440471204085,22.668444137093303,-2.2069929194793705
0.2,3,0.6,200,5,0.6,2.356447947137323,0.9766086885090195,13.463456618442489,-0.18616781705442628,17.854168551779544,-0.9894536970062198
0.2,3,0.7,200,5,0.6,1.8661670310427578,0.9852113518257489,13.622509309083185,-0.21766755344761418,17.92330371848007,-1.0048907090531731
0.2,3,0.8,200,5,0.6,1.5567140061518543,0.9895111967178103,13.302686678814382,-0.14495205769010294,19.52978091375039,-1.38039658026648
0.2,3,0.9,200,5,0.6,1.300669188798886,0.9921112028293175,13.560829668416776,-0.18629701773902416,21.911115616924896,-1.996288006359897
0.2,3,0.6,200,10,0.6,4.022465768667529,0.9321340738448096,13.574277126508125,-0.18417720567504772,14.344405459356151,-0.28416160230584286
0.2,3,0.7,200,10,0.6,3.3624445278383797,0.953041766913327,13.65712544007749,-0.2067345294634781,15.251451807005571,-0.45170023932798387
0.2,3,0.8,200,10,0.6,2.6895360537347663,0.9698268551058117,13.351540630908769,-0.1391544044881355,16.87500711766446,-0.7772253704132872
0.2,3,0.9,200,10,0.6,2.1794135677366415,0.9795911058697652,13.439123888008481,-0.15545612786882107,19.685987094551358,-1.4186273915200025
0.2,3,0.6,300,1,0.6,0.9762825241171459,0.9943929929672963,14.477742877779718,-0.42014112658439756,20.836205865876558,-1.7095168385698436
0.2,3,0.7,300,1,0.6,0.8957091392621935,0.9948282665138402,14.462278290516073,-0.41040666961426303,20.43021861988111,-1.6049572642061039
0.2,3,0.8,300,1,0.6,0.8376406958789661,0.9950847175793693,13.848454619610806,-0.288788088540234,21.27918378104443,-1.8259502099589087
0.2,3,0.9,300,1,0.6,0.8289009086217364,0.9951416803191065,13.715064246330504,-0.2405402331927195,23.39049210150269,-2.414548553349464
0.2,3,0.6,300,3,0.6,1.254787424256118,0.992636266505395,13.88886299296954,-0.2715587060361559,19.521589597197803,-1.3784001940417365
0.2,3,0.7,300,3,0.6,1.0721235643467615,0.9940014332952154,14.066864546615582,-0.30716226688648557,19.729143841751693,-1.4292435221117112
0.2,3,0.8,300,3,0.6,0.9630625450434275,0.9945940128661507,13.549153396455429,-0.20853241878894985,20.646955414665456,-1.6605205319813434
0.2,3,0.9,300,3,0.6,0.8992720376862329,0.9948900201321036,13.846341223374177,-0.25690847309761466,23.179577502804673,-2.3532474766001124
0.2,3,0.6,300,5,0.6,1.5689458817532191,0.9891960355731453,13.67365596933205,-0.22622405374481488,18.784319834970244,-1.2021430312889319
0.2,3,0.7,300,5,0.6,1.2815992979728066,0.9924202222152617,13.86188930020271,-0.2644893025245532,19.060743321970847,-1.2674318409152447
0.2,3,0.8,300,5,0.6,1.125819518676193,0.9937241421522881,13.489031875691888,-0.18429223819334872,20.44589369380306,-1.608956101707458
0.2,3,0.9,300,5,0.6,1.003013785707496,0.9944492371345264,13.75150875897206,-0.22574386673347274,22.27022927699351,-2.095308578643631
0.2,3,0.6,300,10,0.6,2.6797692691908024,0.9693310425865309,13.682769217196377,-0.20915113622024756,16.197361806764306,-0.637356097812642
0.2,3,0.7,300,10,0.6,2.164256012564948,0.9800963512271504,13.823593715950679,-0.2419923733145069,17.366922400959,-0.882349671100916
0.2,3,0.8,300,10,0.6,1.7118314067625953,0.9873175466288832,13.443827965274943,-0.16318025544344697,18.88928965135249,-1.226823661447864
0.2,3,0.9,300,10,0.6,1.403442022568666,0.9909725558866853,13.63138583332904,-0.194561600918514,21.198739983328124,-1.8046241600453126
0.2,3,0.6,400,1,0.6,0.8744446817793602,0.9949223912251511,14.890737629395693,-0.5091129764438576,21.710803563312023,-1.9417541227246766
0.2,3,0.7,400,1,0.6,0.8409945689757443,0.9950686484863018,14.839999902762395,-0.4887708256232749,21.20856919346434,-1.8072256006298706
0.2,3,0.8,400,1,0.6,0.8025415590345288,0.9952339367385615,14.033113363651424,-0.3228281521576305,21.4759437005071,-1.8784526414305915
0.2,3,0.9,400,1,0.6,0.8012698498927266,0.995238995615213,13.785614152597423,-0.2533292418484034,23.512241993542514,-2.4501872094983366
0.2,3,0.6,400,3,0.6,1.0488455802634198,0.994195252754776,14.243419932662343,-0.3563326374725883,20.03026985888852,-1.5039645480916546
0.2,3,0.7,400,3,0.6,0.9405008068083245,0.9947469808341663,14.39094290952294,-0.38041573380599086,20.46882193610999,-1.6148108047858059
0.2,3,0.8,400,3,0.6,0.8703273570741675,0.9950413377376416,13.77090527891196,-0.25692209951596284,20.98127340308083,-1.7473770176048755
0.2,3,0.9,400,3,0.6,0.8422432530813466,0.9951441671399932,13.972367396216072,-0.28479555021299613,23.26514817531566,-2.3780511453182647
0.2,3,0.6,400,5,0.6,1.263419596868533,0.9925576604219298,13.94547727968912,-0.28544691922578225,19.059121889717076,-1.2670460919772424
0.2,3,0.7,400,5,0.6,1.0746927840690268,0.9940288682184587,14.123145780385851,-0.3211776198680985,19.662949984308966,-1.4129700085224735
0.2,3,0.8,400,5,0.6,0.9767504148966666,0.9946446665276616,13.671329622986638,-0.2255407909110052,20.609687365988663,-1.650924645232251
0.2,3,0.9,400,5,0.6,0.9022047349072748,0.9949585631445249,13.903608089654622,-0.26021488399148207,22.342957572954692,-2.115558401774276
0.2,3,0.6,400,10,0.6,1.9920356920696443,0.9829029475907399,13.73048868077322,-0.22932662264723466,16.698717020082373,-0.7402866360755789
0.2,3,0.7,400,10,0.6,1.6224573130018132,0.9884720340949986,13.9230327917608,-0.26946824300894834,18.167932237853705,-1.0599922084117925
0.2,3,0.8,400,10,0.6,1.3312679780323684,0.9918757097517619,13.551922445056363,-0.1949680377448899,19.31727520314985,-1.3288756978078737
0.2,3,0.9,400,10,0.6,1.1294354527357675,0.9936354919020939,13.775949800515297,-0.23088233772015637,21.464747477171596,-1.8754521308782217
0.2,4,0.6,100,1,0.6,1.8638844275666269,0.9852993345911761,13.873268547154108,-0.30356774234817135,19.180737322036205,-1.2960702444965606
0.2,4,0.7,100,1,0.6,1.5806082490458464,0.9892279768610261,13.952704784437236,-0.3087717327553356,17.345263871724935,-0.877657590063859
0.2,4,0.8,100,1,0.6,1.4834281889733338,0.9903735145459759,13.33172641362906,-0.16716425767059676,18.07036814080056,-1.0379267768962022
0.2,4,0.9,100,1,0.6,1.3235597978980569,0.9919329317829062,13.368657439283098,-0.17110352953392027,20.423150321067773,-1.6031550875823295
0.2,4,0.6,100,3,0.6,3.2087677517029447,0.9572413290860131,13.531334666138331,-0.21674781255437714,16.762212992048315,-0.7535464905587601
0.2,4,0.7,100,3,0.6,2.6393912722812263,0.9712860758792635,13.76601749748283,-0.25803192838832156,16.544055334679662,-0.7081992345371795
0.2,4,0.8,100,3,0.6,2.224449571270639,0.9793287684654199,13.165399748086974,-0.12397964466168081,17.50050311036543,-0.9114178752911957
0.2,4,0.9,100,3,0.6,1.7989331793006116,0.9859604296365582,13.421628137314125,-0.1706861733950149,20.922353704874975,-1.731968292582685
0.2,4,0.6,100,5,0.6,4.460018650816115,0.9177368257677969,13.518906755339188,-0.2039276721281345,14.261557945652179,-0.26937083743261425
0.2,4,0.7,100,5,0.6,3.8038892371441917,0.9405998705311281,13.618898619486894,-0.2223974692012988,14.133379303184183,-0.24665592034776118
0.2,4,0.8,100,5,0.6,3.216253980921698,0.9573805513011984,13.324777075836698,-0.14797710086160096,15.57543990392235,-0.5140325700964972
0.2,4,0.9,100,5,0.6,2.6249542574231945,0.9708693242473547,13.334060218474963,-0.13879835639717908,18.886701233299416,-1.2262134155622046
0.2,4,0.6,100,10,0.6,6.6364614115946505,0.8179841575470261,13.789626014013248,-0.2531195964263194,9.311636112461903,0.45886382591648034
0.2,4,0.7,100,10,0.6,6.05845872106312,0.8494387289074794,13.873714664961813,-0.2655885120222852,9.692062776671373,0.41374438967878857
0.2,4,0.8,100,10,0.6,5.337439542273978,0.8829877954528882,13.563797521819433,-0.19174978751155547,11.257065389796486,0.20913027177065113
0.2,4,0.9,100,10,0.6,4.647299231892601,0.9105487681066146,13.481778574736822,-0.16721632841328588,14.432291323727327,-0.2999455104221911
0.2,4,0.6,200,1,0.6,1.2149341551206583,0.9926891477031633,14.057914899986784,-0.33691224743106557,20.38739498207562,-1.594048244097976
0.2,4,0.7,200,1,0.6,1.05695836272147,0.993952757714303,14.157096154733841,-0.35293881930759785,19.567979429677298,-1.3897173750316165
0.2,4,0.8,200,1,0.6,0.9764781837707517,0.9944065985416307,13.711207796153712,-0.26412044113143673,19.91490226206596,-1.4752036318136819
0.2,4,0.9,200,1,0.6,0.9311027884889015,0.994642571128711,13.825974303027095,-0.2809377000374992,22.594448111994907,-2.186090080869423
0.2,4,0.6,200,3,0.6,1.7215071973242089,0.9873480484222256,13.67902632552665,-0.23326673854889818,19.09837827323017,-1.2763946532205672
0.2,4,0.7,200,3,0.6,1.4148519152765395,0.9910902033331558,13.824133664651239,-0.2647639251501543,19.083283167663406,-1.2727976108633157
0.2,4,0.8,200,3,0.6,1.2210265168070324,0.9928221285283059,13.3804444673613,-0.17599801524000658,19.693611976890107,-1.4205013458888396
0.2,4,0.9,200,3,0.6,1.0567227267085595,0.9939999353080278,13.789549119101348,-0.2576819462271579,22.65425591798033,-2.2029796507944948
0.2,4,0.6,200,5,0.6,2.348964344139083,0.9767430893583036,13.513925899866729,-0.1978741466132857,17.86419128457372,-0.9916879494175213
0.2,4,0.7,200,5,0.6,1.8742271950514442,0.985105197391284,13.59355227735297,-0.21225761438138857,17.955015783556057,-1.011991573005667
0.2,4,0.8,200,5,0.6,1.5551895240612665,0.9895231838192112,13.350808358120108,-0.15952330184693836,19.414577202742727,-1.3523960926702436
0.2,4,0.9,200,5,0.6,1.2870228712354819,0.9922161382053452,13.653305566459741,-0.21108608769603246,21.68267822827692,-1.9341372486136197
0.2,4,0.6,200,10,0.6,4.02461295594266,0.9321295828417837,13.574876595410055,-0.18554206031867768,14.68457163310748,-0.3457895113057914
0.2,4,0.7,200,10,0.6,3.369639750418698,0.9528887849825525,13.662052273653455,-0.20786645123721384,15.20503725945576,-0.44287780297527735
0.2,4,0.8,200,10,0.6,2.6914057937939617,0.9697874230171722,13.350994847041386,-0.14063004742231427,16.90653494690188,-0.7838724077000245
0.2,4,0.9,200,10,0.6,2.1719881131444003,0.9797189802138451,13.439193519580002,-0.15609664785230287,19.413329026139387,-1.3520936280480527
0.2,4,0.6,300,1,0.6,0.9790380183867283,0.9943724735890319,14.483469190262024,-0.43065576741810274,21.116198997119554,-1.7828260948363108
0.2,4,0.7,300,1,0.6,0.9004434940259001,0.9948144411194069,14.548368224286827,-0.44080888615336794,20.354879847220552,-1.5857805307915092
0.2,4,0.8,300,1,0.6,0.8422236608619981,0.9950756078075889,13.984947173964532,-0.32787546518837285,21.141163300879082,-1.789409891631562
0.2,4,0.9,300,1,0.6,0.8324071003655445,0.9951335908131451,13.979377571580489,-0.31502245342380014,23.21249873763437,-2.3627792673772547
0.2,4,0.6,300,3,0.6,1.236250648210321,0.992795299341618,13.928981949943667,-0.2777221687494204,19.655466535597917,-1.41113367154077
0.2,4,0.7,300,3,0.6,1.071640666111303,0.993996933408343,14.147586446979409,-0.3277045585323073,19.805022800691493,-1.4479653620187207
0.2,4,0.8,300,3,0.6,0.9526653285105343,0.9946298066137137,13.64460223219766,-0.23264682322975302,20.626402691756837,-1.6552264123884188
0.2,4,0.9,300,3,0.6,0.8960433636250318,0.9948818128762562,14.01568874160497,-0.30825877305586274,23.203997973516756,-2.3603167182730935
0.2,4,0.6,300,5,0.6,1.5558637614982884,0.989342158268745,13.719612622937086,-0.2378197142014309,18.822111007454815,-1.2110126930474596
0.2,4,0.7,300,5,0.6,1.2781504642047727,0.9924428294997908,13.84887286296512,-0.26279890800065314,19.053559316082914,-1.2657229701007622
0.2,4,0.8,300,5,0.6,1.1195936925589103,0.9937559847688213,13.534264435217029,-0.19708721609636842,20.298792848787482,-1.5715501487378978
0.2,4,0.9,300,5,0.6,0.9954781008449622,0.99447345166984,13.86192015363946,-0.2569462729396995,22.139592718636077,-2.0591010954577165
0.2,4,0.6,300,10,0.6,2.6911757447441316,0.969148721188865,13.70407303232449,-0.21523148749465024,16.54487200372242,-0.7083678833765614
0.2,4,0.7,300,10,0.6,2.1638215868860167,0.9801068219565566,13.837417811750324,-0.24517636521757588,17.30325825846944,-0.8685742281216489
0.2,4,0.8,300,10,0.6,1.709686828910175,0.9873561057497164,13.465002890373512,-0.16894195773965942,18.901039998095573,-1.2295949767369398
0.2,4,0.9,300,10,0.6,1.393024503537856,0.9910720350922826,13.641561164770687,-0.19712892626174822,21.00116024277761,-1.752587620280821
0.2,4,0.6,400,1,0.6,0.8796661217546043,0.9948966780899152,14.871299946562297,-0.513139245162484,21.965343836851027,-2.011137495024721
0.2,4,0.7,400,1,0.6,0.8430847686313576,0.9950607586640636,14.905691090187963,-0.5150951676780198,21.163121395890773,-1.7952072959678178
0.2,4,0.8,400,1,0.6,0.8061175573111873,0.9952233830649224,14.164201286205753,-0.36165090738453565,21.36568038691347,-1.8489710080838275
0.2,4,0.9,400,1,0.6,0.803184116597947,0.9952357710083515,14.054780645703522,-0.3294596700907133,23.339556865095588,-2.399693673712771
0.2,4,0.6,400,3,0.6,1.0394103694989048,0.994249202624162,14.267148454872038,-0.35837163564627844,20.091288954365574,-1.5192436609384088
0.2,4,0.7,400,3,0.6,0.9396547843321856,0.9947473777031757,14.468135891175834,-0.4017494606931923,20.53146607291687,-1.630840376238004
0.2,4,0.8,400,3,0.6,0.8647232497808665,0.9950565628090928,13.86314994622733,-0.28087625115853243,20.94580789937239,-1.738096860297731
0.2,4,0.9,400,3,0.6,0.8412808995218037,0.9951359722522346,14.143021849372811,-0.33788690519506265,23.307445391102707,-2.39034524640456
0.2,4,0.6,400,5,0.6,1.2537200610455994,0.9926334381567379,14.003011097104325,-0.29935913420576116,19.104873805644345,-1.2779433616543119
0.2,4,0.7,400,5,0.6,1.0692444153760905,0.9940534650072246,14.126879998963904,-0.3250131275439303,19.675794266426752,-1.4161234509281928
0.2,4,0.8,400,5,0.6,0.9710627413417396,0.9946606866624693,13.72292260087207,-0.24073107898773222,20.496067469993626,-1.6217764553508296
0.2,4,0.9,400,5,0.6,0.8959821508208344,0.9949658429718002,14.027831623153418,-0.29564323194798353,22.298674728430534,-2.1032208169638427
0.2,4,0.6,400,10,0.6,2.00043945851143,0.9828012108837226,13.759001031615806,-0.2377480548205561,16.994034886876182,-0.802385089153872
0.2,4,0.7,400,10,0.6,1.6166317681752453,0.9885442282724816,13.951874782908334,-0.27483419304960316,18.108029389493083,-1.0464302945325294
0.2,4,0.8,400,10,0.6,1.3281716713778822,0.9919149012705673,13.58444682513974,-0.20377490293523196,19.31141745362284,-1.3274635004885624
0.2,4,0.9,400,10,0.6,1.1191359025491083,0.9936959142265376,13.791857500231036,-0.23484678539742357,21.316454309523635,-1.835858192993324
0.2,5,0.6,100,1,0.6,1.8605183477455594,0.9853475555769163,13.878542702366207,-0.30634844999308053,19.295507730191588,-1.3236301156661696
0.2,5,0.7,100,1,0.6,1.5790510711671122,0.9892446121716718,13.968702212974787,-0.31419959706977624,17.35448079145419,-0.8796536182016583
0.2,5,0.8,100,1,0.6,1.4795257693991737,0.9904257952125686,13.339346913769148,-0.16848863204491915,18.033266207315545,-1.0295668584745643
0.2,5,0.9,100,1,0.6,1.3236894125993515,0.991933012083701,13.372777374013854,-0.17181488982881388,20.462665404711828,-1.6132380964102144
0.2,5,0.6,100,3,0.6,3.2108807794103087,0.9571766098594905,13.556276476020443,-0.22326247003090835,16.747082900021642,-0.7503823086225483
0.2,5,0.7,100,3,0.6,2.63792685155846,0.9713186767217319,13.762993123450944,-0.25685003745541674,16.568109898166057,-0.7131701872946576
0.2,5,0.8,100,3,0.6,2.223293841834248,0.9793498143914382,13.160198156655209,-0.12312488905845405,17.446193454592763,-0.8995728019475386
0.2,5,0.9,100,3,0.6,1.7979265917405374,0.9859718527159694,13.42651056619784,-0.17130807193063993,20.978205966490133,-1.746573749986919
0.2,5,0.6,100,5,0.6,4.4578351026603045,0.9178180516126849,13.523722273374968,-0.2055749981366703,14.286729678447223,-0.27385568566940877
0.2,5,0.7,100,5,0.6,3.803905942138978,0.9405993316608499,13.618755138877992,-0.22237716808169172,14.131212800993135,-0.24627375049069355
0.2,5,0.8,100,5,0.6,3.215479328671843,0.9574029304459467,13.31732955437304,-0.14631118349281302,15.573697769135155,-0.5136938957074302
0.2,5,0.9,100,5,0.6,2.624845215430631,0.9708722043748189,13.326074410204441,-0.1370281800822633,18.895760749084168,-1.228349654441789
0.2,5,0.6,100,10,0.6,6.6364614115946505,0.8179841575470261,13.789626014013248,-0.2531195964263194,9.311636112461903,0.45886382591648034
0.2,5,0.7,100,10,0.6,6.05845872106312,0.8494387289074794,13.873714664961813,-0.2655885120222852,9.703929571011033,0.41230790831905084
0.2,5,0.8,100,10,0.6,5.337434351754574,0.8829880110184561,13.56464620937482,-0.1919274602663983,11.257065389796486,0.20913027177065113
0.2,5,0.9,100,10,0.6,4.647299231892601,0.9105487681066146,13.481778574736822,-0.16721632841328588,14.440311880753594,-0.3013907673117242
0.2,5,0.6,200,1,0.6,1.215636843040661,0.9926861143344702,14.068038713699348,-0.33993856099171416,20.527429329609664,-1.6298059656188868
0.2,5,0.7,200,1,0.6,1.0553156170338311,0.9939577129769697,14.186221041441451,-0.3616966415228728,19.569109020372156,-1.3899932829692134
0.2,5,0.8,200,1,0.6,0.9755164496646822,0.9944166708651068,13.717886483691156,-0.2654583954443314,19.90688944910386,-1.473212223220754
0.2,5,0.9,200,1,0.6,0.9311500233442235,0.9946429233108987,13.828589589802217,-0.28140505208380956,22.60341225730179,-2.188618687886548
0.2,5,0.6,200,3,0.6,1.7180824695339314,0.9873944998244889,13.721994494359574,-0.24647313903244478,19.111044648489,-1.279415143232499
0.2,5,0.7,200,3,0.6,1.416866190784488,0.9910666385986489,13.819052021745602,-0.26278020776831107,19.093199385073387,-1.2751602452819233
0.2,5,0.8,200,3,0.6,1.2193654368646545,0.9928318879889249,13.372639604850225,-0.17429792920628684,19.683120830572943,-1.4179231423646526
0.2,5,0.9,200,3,0.6,1.0555207803759117,0.9940064841799326,13.796551118306265,-0.2584906913827524,22.674394678368603,-2.208676832882676
0.2,5,0.6,200,5,0.6,2.3489102530491115,0.9767450077078316,13.520585649858083,-0.19989616708616667,17.87826545339477,-0.9948274584092685
0.2,5,0.7,200,5,0.6,1.8657781889053944,0.9852066556991588,13.582182487667072,-0.20859695999280642,18.06556558022682,-1.0368436815066664
0.2,5,0.8,200,5,0.6,1.5522191259597238,0.9895533539897245,13.343240304701686,-0.15778294484584826,19.41983529421732,-1.3536704741504413
0.2,5,0.9,200,5,0.6,1.2867191487257708,0.992218757455508,13.65055799923885,-0.2107215752325388,21.682956192810696,-1.9342124783718195
0.2,5,0.6,200,10,0.6,4.02461295594266,0.9321295828417837,13.574876595410055,-0.18554206031867768,14.68457163310748,-0.3457895113057914
0.2,5,0.7,200,10,0.6,3.3693569093636526,0.9528951503135616,13.662044658844433,-0.2078645772878261,15.195384429458912,-0.4410463792316952
0.2,5,0.8,200,10,0.6,2.6911828730039686,0.9697918363670098,13.367009027415012,-0.14469893090902392,16.906300446647005,-0.7838229220266495
0.2,5,0.9,200,10,0.6,2.1719881131444003,0.9797189802138451,13.439193519580002,-0.15609664785230287,19.42216872541206,-1.3542361285942008
0.2,5,0.6,300,1,0.6,0.9795156469491525,0.9943708542968489,14.494715859183382,-0.4335820982915175,21.254015377939268,-1.8192692589714117
0.2,5,0.7,300,1,0.6,0.8995581280923346,0.9948160311671508,14.574645802919823,-0.4491811204444912,20.35378583713356,-1.5855025832935845
0.2,5,0.8,300,1,0.6,0.8421163978998182,0.9950770931148017,13.989959298967921,-0.3290012964844483,21.13075632824778,-1.7866643315140043
0.2,5,0.9,300,1,0.6,0.8324125105000084,0.9951336651889496,13.981759556205919,-0.31544966737578506,23.217505066015104,-2.3642299507292077
0.2,5,0.6,300,3,0.6,1.2382549790470592,0.9927794784095099,13.965320464121811,-0.2886697309026554,19.657515807549736,-1.4116364656284346
0.2,5,0.7,300,3,0.6,1.0730383225940299,0.9939879847168076,14.147569962643672,-0.3272844253581931,19.81277223892015,-1.4498814484551827
0.2,5,0.8,300,3,0.6,0.9513012925632645,0.9946345112244617,13.635366938752222,-0.23050590810398278,20.610107201549845,-1.6510326491774032
0.2,5,0.9,300,3,0.6,0.8955581878083038,0.9948836265070378,14.020725876392087,-0.30854674549768996,23.215730791339173,-2.363715783516888
0.2,5,0.6,300,5,0.6,1.5527636964340692,0.9893715551030094,13.746702814979026,-0.24226359381462684,18.849529011190185,-1.2174589102327324
0.2,5,0.7,300,5,0.6,1.2719173400120007,0.9924813810699801,13.851882603088896,-0.2632879351720673,19.14790971424135,-1.2882175753411516
0.2,5,0.8,300,5,0.6,1.1194402307011377,0.9937566847198829,13.524121695406802,-0.19480332517907356,20.29409236411143,-1.5703593259500837
0.2,5,0.9,300,5,0.6,0.9951256121183146,0.994475803913007,13.859617563889088,-0.2567200847376091,22.144604825304427,-2.060486331106388
0.2,5,0.6,300,10,0.6,2.6909996481706058,0.9691516051288346,13.704033291896952,-0.21521838540117372,16.54107679566926,-0.7075842124103053
0.2,5,0.7,300,10,0.6,2.1627543727322105,0.9801216009217519,13.83653548889238,-0.24480602022886816,17.280995236838216,-0.863768965932457
0.2,5,0.8,300,10,0.6,1.7072339895577204,0.9873821434680499,13.474241377400222,-0.17148874520994087,18.90008464597264,-1.22936959289955
0.2,5,0.9,300,10,0.6,1.3928344130166062,0.9910734299963216,13.64168482821114,-0.1971621628457206,21.001861172328557,-1.7527713627197539
0.2,5,0.6,400,1,0.6,0.8803928345312221,0.9948968192178637,14.885259662541054,-0.5165531050616098,22.111944933747566,-2.0514654934600713
0.2,5,0.7,400,1,0.6,0.8426349615602721,0.9950608166054924,14.931300113491957,-0.5234662797418649,21.16111872330219,-1.7946782983722787
0.2,5,0.8,400,1,0.6,0.8061340359512519,0.9952235790186436,14.168384651942878,-0.3626236572369816,21.36693914404824,-1.8493067117129605
0.2,5,0.9,400,1,0.6,0.8031512831253502,0.9952358678461408,14.056830978239375,-0.3298080684893305,23.34593192344494,-2.401551138755736
0.2,5,0.6,400,3,0.6,1.0411960787584333,0.9942383361419911,14.307539714657688,-0.3715541212454724,20.166021857616563,-1.5380200117026281
0.2,5,0.7,400,3,0.6,0.940189169409936,0.9947446526905643,14.466138889243286,-0.4005310042993536,20.533757826630012,-1.6314277258871641
0.2,5,0.8,400,3,0.6,0.8638844822865048,0.9950581572126656,13.85445382057934,-0.27891257836092087,20.927105982225473,-1.733209505278118
0.2,5,0.9,400,3,0.6,0.8410089331971875,0.9951366334500691,14.147816365465825,-0.3380705590927669,23.319723854490825,-2.3939182844830325
0.2,5,0.6,400,5,0.6,1.2508084948943132,0.99264867669696,14.021910391071705,-0.3024181691737974,19.08661063790977,-1.273590275908902
0.2,5,0.7,400,5,0.6,1.0667227515600561,0.9940616627924921,14.129261138821866,-0.32521773518270536,19.756786592474054,-1.4360555780934305
0.2,5,0.8,400,5,0.6,0.9706368792914837,0.9946631999272215,13.713470031997241,-0.23848367588229338,20.488261503824642,-1.619779818563686
0.2,5,0.9,400,5,0.6,0.8956531668137867,0.9949670685758267,14.02427839875738,-0.29507354541608266,22.301964251218198,-2.1041364649718615
0.2,5,0.6,400,10,0.6,1.9977656593502324,0.982833968754892,13.752622610882431,-0.2361257466196756,17.00171244120465,-0.8040140178192439
0.2,5,0.7,400,10,0.6,1.6150833681816459,0.9885593633739445,13.949554723719562,-0.2740849587273442,18.092630731002487,-1.0429512983494216
0.2,5,0.8,400,10,0.6,1.324592934525749,0.9919443423388691,13.592322706624685,-0.20595566617273858,19.313195624165935,-1.3278921399280406
0.2,5,0.9,400,10,0.6,1.1184042504303557,0.9937000906870861,13.791088213018373,-0.23455108729032367,21.32187006113031,-1.8372993571138525
0.2,6,0.6,100,1,0.6,1.8600982354103976,0.9853524744838487,13.875625458353886,-0.30531766651715025,19.297716182274268,-1.3241620446009414
0.2,6,0.7,100,1,0.6,1.5796324187240942,0.9892398953076921,13.960916521910026,-0.3113867163184135,17.355003396809806,-0.8797668260642175
0.2,6,0.8,100,1,0.6,1.480095780038489,0.9904212577843641,13.344828169828878,-0.17021672126636636,18.03322474132051,-1.029557524845087
0.2,6,0.9,100,1,0.6,1.3236806258948917,0.9919331494616092,13.372493054898309,-0.17175804561659844,20.462665404711828,-1.6132380964102144
0.2,6,0.6,100,3,0.6,3.2108807794103087,0.9571766098594905,13.556276476020443,-0.22326247003090835,16.746739292166144,-0.7503104825087246
0.2,6,0.7,100,3,0.6,2.63792685155846,0.9713186767217319,13.762993123450944,-0.25685003745541674,16.568486555377117,-0.7132480821473131
0.2,6,0.8,100,3,0.6,2.223293841834248,0.9793498143914382,13.160198156655209,-0.12312488905845405,17.446193454592763,-0.8995728019475386
0.2,6,0.9,100,3,0.6,1.7973871212114436,0.9859777393374356,13.432389631870171,-0.17299867521490309,20.978205966490133,-1.746573749986919
0.2,6,0.6,100,5,0.6,4.4578351026603045,0.9178180516126849,13.523722273374968,-0.2055749981366703,14.286729678447223,-0.27385568566940877
0.2,6,0.7,100,5,0.6,3.803905942138978,0.9405993316608499,13.618755138877992,-0.22237716808169172,14.131007417223056,-0.24623752394100795
0.2,6,0.8,100,5,0.6,3.215479328671843,0.9574029304459467,13.31732955437304,-0.14631118349281302,15.573697769135155,-0.5136938957074302
0.2,6,0.9,100,5,0.6,2.624845215430631,0.9708722043748189,13.326074410204441,-0.1370281800822633,18.895760749084168,-1.228349654441789
0.2,6,0.6,100,10,0.6,6.6364614115946505,0.8179841575470261,13.789626014013248,-0.2531195964263194,9.311636112461903,0.45886382591648034
0.2,6,0.7,100,10,0.6,6.05845872106312,0.8494387289074794,13.873714664961813,-0.2655885120222852,9.703929571011033,0.41230790831905084
0.2,6,0.8,100,10,0.6,5.337434351754574,0.8829880110184561,13.56464620937482,-0.1919274602663983,11.257065389796486,0.20913027177065113
0.2,6,0.9,100,10,0.6,4.647299231892601,0.9105487681066146,13.481778574736822,-0.16721632841328588,14.440311880753594,-0.3013907673117242
0.2,6,0.6,200,1,0.6,1.2152399255724664,0.9926880075815117,14.065173685378786,-0.338839383486028,20.52253322321347,-1.6285516171991854
0.2,6,0.7,200,1,0.6,1.0549891538223701,0.99395867524333,14.171687816412694,-0.3560839265273842,19.56900144742477,-1.3899670070754295
0.2,6,0.8,200,1,0.6,0.9755954433635884,0.9944164848578225,13.721308196780754,-0.2667093678361902,19.906970553639187,-1.473232375956043
0.2,6,0.9,200,1,0.6,0.9311461005248823,0.9946429838516344,13.828247133705247,-0.2813370138086199,22.60341225730179,-2.188618687886548
0.2,6,0.6,200,3,0.6,1.7175127845466875,0.9874005803423852,13.72471518409073,-0.24712337738181728,19.111850944662038,-1.2796074846257377
0.2,6,0.7,200,3,0.6,1.4155614436328852,0.9910793292304554,13.81760397511413,-0.26221605445309626,19.093610388347987,-1.2752581972654258
0.2,6,0.8,200,3,0.6,1.218994207962591,0.9928344422667312,13.372392503037412,-0.17420522361119006,19.683120830572943,-1.4179231423646526
0.2,6,0.9,200,3,0.6,1.05531766848372,0.9940073403654924,13.8025956347736,-0.2604758116518272,22.675927115438427,-2.2091105610199153
0.2,6,0.6,200,5,0.6,2.3488597430822935,0.9767458427024774,13.519874391838636,-0.19967280939995594,17.87826545339477,-0.9948274584092685
0.2,6,0.7,200,5,0.6,1.8656730916986575,0.985207920101896,13.581054283108305,-0.20823945581987777,18.063438673560448,-1.0363641037856093
0.2,6,0.8,200,5,0.6,1.5520679888778781,0.9895547986471229,13.341147687776035,-0.15720238380809734,19.420011900995497,-1.3537132835814307
0.2,6,0.9,200,5,0.6,1.2864904079038966,0.9922202620819414,13.649764565153017,-0.21047648731937452,21.684330156855722,-1.934584349268035
0.2,6,0.6,200,10,0.6,4.02461295594266,0.9321295828417837,13.574876595410055,-0.18554206031867768,14.68457163310748,-0.3457895113057914
0.2,6,0.7,200,10,0.6,3.3693569093636526,0.9528951503135616,13.662044658844433,-0.2078645772878261,15.195384429458912,-0.4410463792316952
0.2,6,0.8,200,10,0.6,2.6911828730039686,0.9697918363670098,13.367009027415012,-0.14469893090902392,16.906300446647005,-0.7838229220266495
0.2,6,0.9,200,10,0.6,2.1719881131444003,0.9797189802138451,13.439193519580002,-0.15609664785230287,19.419743561452634,-1.3536482383089377
0.2,6,0.6,300,1,0.6,0.979289857360004,0.9943713308533566,14.491321720581823,-0.432232220268342,21.253382556046457,-1.8191013783411352
0.2,6,0.7,300,1,0.6,0.8993585273453955,0.994816279299845,14.560424280331665,-0.4435728980611497,20.353055240074042,-1.5853169739236295
0.2,6,0.8,300,1,0.6,0.8421909284945569,0.9950770312229478,13.993079281145276,-0.33017626103279346,21.133802385030005,-1.7874678001133826
0.2,6,0.9,300,1,0.6,0.8324115795267675,0.9951336795210042,13.981371674009202,-0.31537205215126013,23.217749733482044,-2.3643008560185517
0.2,6,0.6,300,3,0.6,1.2381173709692388,0.9927804886937508,13.967387839968898,-0.28917514828365554,19.642004391023367,-1.4078320033431897
0.2,6,0.7,300,3,0.6,1.0721139196637715,0.9939937319331816,14.147147770804176,-0.3270513864591088,19.813782820357194,-1.4501313748992017
0.2,6,0.8,300,3,0.6,0.9513320495848877,0.9946343603150771,13.63507320032348,-0.23039326063231647,20.610107201549845,-1.6510326491774032
0.2,6,0.9,300,3,0.6,0.8958087254120521,0.9948832170809215,14.025756895656508,-0.31029158261727857,23.216536381881035,-2.363949230799679
0.2,6,0.6,300,5,0.6,1.551591771350266,0.9893822611881011,13.743550415131073,-0.24144133883069124,18.849869043027255,-1.2175389136564028
0.2,6,0.7,300,5,0.6,1.271647891769803,0.992483391212317,13.852083982793436,-0.263319923324345,19.14717322906201,-1.2880415555095488
0.2,6,0.8,300,5,0.6,1.1193619269788133,0.9937570790559478,13.5227733239353,-0.19439507204700218,20.29323878551685,-1.5701431095732907
0.2,6,0.9,300,5,0.6,0.9949107106853694,0.9944765963395283,13.85878941016738,-0.2564484081095648,22.14509507912246,-2.0606218432755465
0.2,6,0.6,300,10,0.6,2.6909996481706058,0.9691516051288346,13.704033291896952,-0.21521838540117372,16.54107679566926,-0.7075842124103053
0.2,6,0.7,300,10,0.6,2.16264431537752,0.9801230683052111,13.836160585258863,-0.24471492928654026,17.280995236838216,-0.863768965932457
0.2,6,0.8,300,10,0.6,1.7071138684228386,0.9873833803975087,13.474408640440126,-0.17152881165582995,18.90008464597264,-1.22936959289955
0.2,6,0.9,300,10,0.6,1.392807490759803,0.9910736229113126,13.64159672474436,-0.1971401090135545,21.000325112085413,-1.752368706214006
0.2,6,0.6,400,1,0.6,0.8802620902142972,0.994896947953342,14.8819825011646,-0.5152132639552714,22.12522921075528,-2.05513307581462
0.2,6,0.7,400,1,0.6,0.8425182466880509,0.9950608851365728,14.91718314009085,-0.5178283577027972,21.161080333340976,-1.7946681583134687
0.2,6,0.8,400,1,0.6,0.80622013049204,0.9952235492233115,14.171799385155618,-0.36392131070649747,21.36742206843831,-1.8494355102504039
0.2,6,0.9,400,1,0.6,0.8031510510576322,0.9952358714395793,14.056436686766423,-0.3297284353528118,23.346153270329644,-2.4016156404701663
0.2,6,0.6,400,3,0.6,1.0410323332254987,0.9942392141362438,14.306746178861559,-0.3713511944400835,20.12169926647582,-1.5268757213443624
0.2,6,0.7,400,3,0.6,0.9397349325896579,0.9947467106815993,14.46637665603399,-0.4005472700510978,20.534332226177117,-1.631574948041778
0.2,6,0.8,400,3,0.6,0.8638886504446968,0.9950582837890286,13.853890315993558,-0.27874541825970817,20.927105982225473,-1.733209505278118
0.2,6,0.9,400,3,0.6,0.841233097227325,0.9951364087384738,14.15237272337583,-0.3396971281367721,23.32044421437752,-2.3941279679567673
0.2,6,0.6,400,5,0.6,1.2508320211139985,0.9926485153294845,14.018147110377678,-0.3014106015934548,19.086895161947307,-1.2736580612186015
0.2,6,0.7,400,5,0.6,1.0663762723655417,0.9940633646574641,14.129864429712702,-0.3253655446869567,19.758125626295847,-1.436385800960061
0.2,6,0.8,400,5,0.6,0.9705837332655103,0.9946634068891884,13.712522928125335,-0.2381655774071684,20.488783693625656,-1.6199133623234117
0.2,6,0.9,400,5,0.6,0.8955283200528384,0.9949672951151551,14.023650571909249,-0.294847791956244,22.302237130016724,-2.1042124276271323
0.2,6,0.6,400,10,0.6,1.9977656593502324,0.982833968754892,13.752622610882431,-0.2361257466196756,17.00171244120465,-0.8040140178192439
0.2,6,0.7,400,10,0.6,1.6150639658097385,0.9885595406928139,13.950888026644165,-0.27444419277685395,18.092630731002487,-1.0429512983494216
0.2,6,0.8,400,10,0.6,1.3244227436471676,0.9919456352157319,13.592297801059667,-0.2059495763553781,19.312566081063693,-1.3277403800036112
0.2,6,0.9,400,10,0.6,1.118349109111525,0.993700399817692,13.791693716240038,-0.2347128462144374,21.32123705407303,-1.837130891228722
0.2,7,0.6,100,1,0.6,1.8600982354103976,0.9853524744838487,13.875625458353886,-0.30531766651715025,19.297716182274268,-1.3241620446009414
0.2,7,0.7,100,1,0.6,1.5796324187240942,0.9892398953076921,13.960916521910026,-0.3113867163184135,17.355003396809806,-0.8797668260642175
0.2,7,0.8,100,1,0.6,1.480095780038489,0.9904212577843641,13.344828169828878,-0.17021672126636636,18.03322474132051,-1.029557524845087
0.2,7,0.9,100,1,0.6,1.3236806258948917,0.9919331494616092,13.372493054898309,-0.17175804561659844,20.462665404711828,-1.6132380964102144
0.2,7,0.6,100,3,0.6,3.2108807794103087,0.9571766098594905,13.556276476020443,-0.22326247003090835,16.746739292166144,-0.7503104825087246
0.2,7,0.7,100,3,0.6,2.63792685155846,0.9713186767217319,13.762993123450944,-0.25685003745541674,16.568486555377117,-0.7132480821473131
0.2,7,0.8,100,3,0.6,2.223293841834248,0.9793498143914382,13.160198156655209,-0.12312488905845405,17.446193454592763,-0.8995728019475386
0.2,7,0.9,100,3,0.6,1.7973871212114436,0.9859777393374356,13.432389631870171,-0.17299867521490309,20.978205966490133,-1.746573749986919
0.2,7,0.6,100,5,0.6,4.4578351026603045,0.9178180516126849,13.523722273374968,-0.2055749981366703,14.286729678447223,-0.27385568566940877
0.2,7,0.7,100,5,0.6,3.803905942138978,0.9405993316608499,13.618755138877992,-0.22237716808169172,14.131007417223056,-0.24623752394100795
0.2,7,0.8,100,5,0.6,3.215479328671843,0.9574029304459467,13.31732955437304,-0.14631118349281302,15.573697769135155,-0.5136938957074302
0.2,7,0.9,100,5,0.6,2.624845215430631,0.9708722043748189,13.326074410204441,-0.1370281800822633,18.895760749084168,-1.228349654441789
0.2,7,0.6,100,10,0.6,6.6364614115946505,0.8179841575470261,13.789626014013248,-0.2531195964263194,9.311636112461903,0.45886382591648034
0.2,7,0.7,100,10,0.6,6.05845872106312,0.8494387289074794,13.873714664961813,-0.2655885120222852,9.703929571011033,0.41230790831905084
0.2,7,0.8,100,10,0.6,5.337434351754574,0.8829880110184561,13.56464620937482,-0.1919274602663983,11.257065389796486,0.20913027177065113
0.2,7,0.9,100,10,0.6,4.647299231892601,0.9105487681066146,13.481778574736822,-0.16721632841328588,14.440311880753594,-0.3013907673117242
0.2,7,0.6,200,1,0.6,1.2152399255724664,0.9926880075815117,14.065173685378786,-0.338839383486028,20.52253322321347,-1.6285516171991854
0.2,7,0.7,200,1,0.6,1.0549891538223701,0.99395867524333,14.171687816412694,-0.3560839265273842,19.56900144742477,-1.3899670070754295
0.2,7,0.8,200,1,0.6,0.9755954433635884,0.9944164848578225,13.721308196780754,-0.2667093678361902,19.906970553639187,-1.473232375956043
0.2,7,0.9,200,1,0.6,0.9311461005248823,0.9946429838516344,13.828247133705247,-0.2813370138086199,22.60341225730179,-2.188618687886548
0.2,7,0.6,200,3,0.6,1.7175127845466875,0.9874005803423852,13.72471518409073,-0.24712337738181728,19.111850944662038,-1.2796074846257377
0.2,7,0.7,200,3,0.6,1.4154612875525376,0.9910800257800588,13.816526527265086,-0.2618533270989608,19.093610388347987,-1.2752581972654258
0.2,7,0.8,200,3,0.6,1.218994207962591,0.9928344422667312,13.372392503037412,-0.17420522361119006,19.683120830572943,-1.4179231423646526
0.2,7,0.9,200,3,0.6,1.05531766848372,0.9940073403654924,13.8025956347736,-0.2604758116518272,22.675927115438427,-2.2091105610199153
0.2,7,0.6,200,5,0.6,2.3488597430822935,0.9767458427024774,13.519874391838636,-0.19967280939995594,17.87826545339477,-0.9948274584092685
0.2,7,0.7,200,5,0.6,1.8656730916986575,0.985207920101896,13.581054283108305,-0.20823945581987777,18.063438673560448,-1.0363641037856093
0.2,7,0.8,200,5,0.6,1.5520679888778781,0.9895547986471229,13.341147687776035,-0.15720238380809734,19.420011900995497,-1.3537132835814307
0.2,7,0.9,200,5,0.6,1.2864904079038966,0.9922202620819414,13.649764565153017,-0.21047648731937452,21.684330156855722,-1.934584349268035
0.2,7,0.6,200,10,0.6,4.02461295594266,0.9321295828417837,13.574876595410055,-0.18554206031867768,14.68457163310748,-0.3457895113057914
0.2,7,0.7,200,10,0.6,3.3693569093636526,0.9528951503135616,13.662044658844433,-0.2078645772878261,15.195384429458912,-0.4410463792316952
0.2,7,0.8,200,10,0.6,2.6911828730039686,0.9697918363670098,13.367009027415012,-0.14469893090902392,16.906300446647005,-0.7838229220266495
0.2,7,0.9,200,10,0.6,2.1719881131444003,0.9797189802138451,13.439193519580002,-0.15609664785230287,19.419743561452634,-1.3536482383089377
0.2,7,0.6,300,1,0.6,0.979289857360004,0.9943713308533566,14.491321720581823,-0.432232220268342,21.253382556046457,-1.8191013783411352
0.2,7,0.7,300,1,0.6,0.8993585273453955,0.994816279299845,14.560424280331665,-0.4435728980611497,20.353055240074042,-1.5853169739236295
0.2,7,0.8,300,1,0.6,0.8421909284945569,0.9950770312229478,13.993079281145276,-0.33017626103279346,21.133802385030005,-1.7874678001133826
0.2,7,0.9,300,1,0.6,0.8324115795267675,0.9951336795210042,13.981371674009202,-0.31537205215126013,23.217749733482044,-2.3643008560185517
0.2,7,0.6,300,3,0.6,1.2381173709692388,0.9927804886937508,13.967387839968898,-0.28917514828365554,19.642004391023367,-1.4078320033431897
0.2,7,0.7,300,3,0.6,1.0720378994800759,0.9939939937130807,14.14762176759198,-0.3272152346917205,19.813782820357194,-1.4501313748992017
0.2,7,0.8,300,3,0.6,0.9513320495848877,0.9946343603150771,13.63507320032348,-0.23039326063231647,20.610107201549845,-1.6510326491774032
0.2,7,0.9,300,3,0.6,0.8958087254120521,0.9948832170809215,14.025756895656508,-0.31029158261727857,23.216536381881035,-2.363949230799679
0.2,7,0.6,300,5,0.6,1.551591771350266,0.9893822611881011,13.743550415131073,-0.24144133883069124,18.849869043027255,-1.2175389136564028
0.2,7,0.7,300,5,0.6,1.271647891769803,0.992483391212317,13.852083982793436,-0.263319923324345,19.14717322906201,-1.2880415555095488
0.2,7,0.8,300,5,0.6,1.1193619269788133,0.9937570790559478,13.5227733239353,-0.19439507204700218,20.29323878551685,-1.5701431095732907
0.2,7,0.9,300,5,0.6,0.9949119565519741,0.9944765927446753,13.858664918148378,-0.25640834092003234,22.14509507912246,-2.0606218432755465
0.2,7,0.6,300,10,0.6,2.6909996481706058,0.9691516051288346,13.704033291896952,-0.21521838540117372,16.54107679566926,-0.7075842124103053
0.2,7,0.7,300,10,0.6,2.16264431537752,0.9801230683052111,13.836160585258863,-0.24471492928654026,17.280995236838216,-0.863768965932457
0.2,7,0.8,300,10,0.6,1.7071138684228386,0.9873833803975087,13.474408640440126,-0.17152881165582995,18.90008464597264,-1.22936959289955
0.2,7,0.9,300,10,0.6,1.392807490759803,0.9910736229113126,13.64159672474436,-0.1971401090135545,21.000325112085413,-1.752368706214006
0.2,7,0.6,400,1,0.6,0.8802620902142972,0.994896947953342,14.8819825011646,-0.5152132639552714,22.12522921075528,-2.05513307581462
0.2,7,0.7,400,1,0.6,0.8425182466880509,0.9950608851365728,14.91718314009085,-0.5178283577027972,21.161080333340976,-1.7946681583134687
0.2,7,0.8,400,1,0.6,0.80622013049204,0.9952235492233115,14.171799385155618,-0.36392131070649747,21.36742206843831,-1.8494355102504039
0.2,7,0.9,400,1,0.6,0.8031510510576322,0.9952358714395793,14.056436686766423,-0.3297284353528118,23.346153270329644,-2.4016156404701663
0.2,7,0.6,400,3,0.6,1.0410323332254987,0.9942392141362438,14.306746178861559,-0.3713511944400835,20.12169926647582,-1.5268757213443624
0.2,7,0.7,400,3,0.6,0.9396692114694348,0.9947468411152636,14.465901835495078,-0.40037562595667053,20.534332226177117,-1.631574948041778
0.2,7,0.8,400,3,0.6,0.8638886504446968,0.9950582837890286,13.853890315993558,-0.27874541825970817,20.927105982225473,-1.733209505278118
0.2,7,0.9,400,3,0.6,0.841233097227325,0.9951364087384738,14.15237272337583,-0.3396971281367721,23.32044421437752,-2.3941279679567673
0.2,7,0.6,400,5,0.6,1.2508320211139985,0.9926485153294845,14.018147110377678,-0.3014106015934548,19.086895161947307,-1.2736580612186015
0.2,7,0.7,400,5,0.6,1.0663762723655417,0.9940633646574641,14.129864429712702,-0.3253655446869567,19.758125626295847,-1.436385800960061
0.2,7,0.8,400,5,0.6,0.9705837332655103,0.9946634068891884,13.712522928125335,-0.2381655774071684,20.488783693625656,-1.6199133623234117
0.2,7,0.9,400,5,0.6,0.8955291199427377,0.9949672938691464,14.023533722155046,-0.29480855049670496,22.302237130016724,-2.1042124276271323
0.2,7,0.6,400,10,0.6,1.9977656593502324,0.982833968754892,13.752622610882431,-0.2361257466196756,17.00171244120465,-0.8040140178192439
0.2,7,0.7,400,10,0.6,1.6150639658097385,0.9885595406928139,13.950888026644165,-0.27444419277685395,18.092630731002487,-1.0429512983494216
0.2,7,0.8,400,10,0.6,1.3244227436471676,0.9919456352157319,13.592297801059667,-0.2059495763553781,19.312566081063693,-1.3277403800036112
0.2,7,0.9,400,10,0.6,1.118349109111525,0.993700399817692,13.791693716240038,-0.2347128462144374,21.32123705407303,-1.837130891228722
0.2,8,0.6,100,1,0.6,1.8600982354103976,0.9853524744838487,13.875625458353886,-0.30531766651715025,19.297716182274268,-1.3241620446009414
0.2,8,0.7,100,1,0.6,1.5796324187240942,0.9892398953076921,13.960916521910026,-0.3113867163184135,17.355003396809806,-0.8797668260642175
0.2,8,0.8,100,1,0.6,1.480095780038489,0.9904212577843641,13.344828169828878,-0.17021672126636636,18.03322474132051,-1.029557524845087
0.2,8,0.9,100,1,0.6,1.3236806258948917,0.9919331494616092,13.372493054898309,-0.17175804561659844,20.462665404711828,-1.6132380964102144
0.2,8,0.6,100,3,0.6,3.2108807794103087,0.9571766098594905,13.556276476020443,-0.22326247003090835,16.746739292166144,-0.7503104825087246
0.2,8,0.7,100,3,0.6,2.63792685155846,0.9713186767217319,13.762993123450944,-0.25685003745541674,16.568486555377117,-0.7132480821473131
0.2,8,0.8,100,3,0.6,2.223293841834248,0.9793498143914382,13.160198156655209,-0.12312488905845405,17.446193454592763,-0.8995728019475386
0.2,8,0.9,100,3,0.6,1.7973871212114436,0.9859777393374356,13.432389631870171,-0.17299867521490309,20.978205966490133,-1.746573749986919
0.2,8,0.6,100,5,0.6,4.4578351026603045,0.9178180516126849,13.523722273374968,-0.2055749981366703,14.286729678447223,-0.27385568566940877
0.2,8,0.7,100,5,0.6,3.803905942138978,0.9405993316608499,13.618755138877992,-0.22237716808169172,14.131007417223056,-0.24623752394100795
0.2,8,0.8,100,5,0.6,3.215479328671843,0.9574029304459467,13.31732955437304,-0.14631118349281302,15.573697769135155,-0.5136938957074302
0.2,8,0.9,100,5,0.6,2.624845215430631,0.9708722043748189,13.326074410204441,-0.1370281800822633,18.895760749084168,-1.228349654441789
0.2,8,0.6,100,10,0.6,6.6364614115946505,0.8179841575470261,13.789626014013248,-0.2531195964263194,9.311636112461903,0.45886382591648034
0.2,8,0.7,100,10,0.6,6.05845872106312,0.8494387289074794,13.873714664961813,-0.2655885120222852,9.703929571011033,0.41230790831905084
0.2,8,0.8,100,10,0.6,5.337434351754574,0.8829880110184561,13.56464620937482,-0.1919274602663983,11.257065389796486,0.20913027177065113
0.2,8,0.9,100,10,0.6,4.647299231892601,0.9105487681066146,13.481778574736822,-0.16721632841328588,14.440311880753594,-0.3013907673117242
0.2,8,0.6,200,1,0.6,1.2152399255724664,0.9926880075815117,14.065173685378786,-0.338839383486028,20.52253322321347,-1.6285516171991854
0.2,8,0.7,200,1,0.6,1.0549891538223701,0.99395867524333,14.171687816412694,-0.3560839265273842,19.56900144742477,-1.3899670070754295
0.2,8,0.8,200,1,0.6,0.9755954433635884,0.9944164848578225,13.721308196780754,-0.2667093678361902,19.906970553639187,-1.473232375956043
0.2,8,0.9,200,1,0.6,0.9311461005248823,0.9946429838516344,13.828247133705247,-0.2813370138086199,22.60341225730179,-2.188618687886548
0.2,8,0.6,200,3,0.6,1.7175127845466875,0.9874005803423852,13.72471518409073,-0.24712337738181728,19.111850944662038,-1.2796074846257377
0.2,8,0.7,200,3,0.6,1.4154612875525376,0.9910800257800588,13.816526527265086,-0.2618533270989608,19.093610388347987,-1.2752581972654258
0.2,8,0.8,200,3,0.6,1.218994207962591,0.9928344422667312,13.372392503037412,-0.17420522361119006,19.683120830572943,-1.4179231423646526
0.2,8,0.9,200,3,0.6,1.05531766848372,0.9940073403654924,13.8025956347736,-0.2604758116518272,22.675927115438427,-2.2091105610199153
0.2,8,0.6,200,5,0.6,2.3488597430822935,0.9767458427024774,13.519874391838636,-0.19967280939995594,17.87826545339477,-0.9948274584092685
0.2,8,0.7,200,5,0.6,1.8656730916986575,0.985207920101896,13.581054283108305,-0.20823945581987777,18.063438673560448,-1.0363641037856093
0.2,8,0.8,200,5,0.6,1.5520679888778781,0.9895547986471229,13.341147687776035,-0.15720238380809734,19.420011900995497,-1.3537132835814307
0.2,8,0.9,200,5,0.6,1.2864904079038966,0.9922202620819414,13.649764565153017,-0.21047648731937452,21.684330156855722,-1.934584349268035
0.2,8,0.6,200,10,0.6,4.02461295594266,0.9321295828417837,13.574876595410055,-0.18554206031867768,14.68457163310748,-0.3457895113057914
0.2,8,0.7,200,10,0.6,3.3693569093636526,0.9528951503135616,13.662044658844433,-0.2078645772878261,15.195384429458912,-0.4410463792316952
0.2,8,0.8,200,10,0.6,2.6911828730039686,0.9697918363670098,13.367009027415012,-0.14469893090902392,16.906300446647005,-0.7838229220266495
0.2,8,0.9,200,10,0.6,2.1719881131444003,0.9797189802138451,13.439193519580002,-0.15609664785230287,19.419743561452634,-1.3536482383089377
0.2,8,0.6,300,1,0.6,0.979289857360004,0.9943713308533566,14.491321720581823,-0.432232220268342,21.253382556046457,-1.8191013783411352
0.2,8,0.7,300,1,0.6,0.8993585273453955,0.994816279299845,14.560424280331665,-0.4435728980611497,20.353055240074042,-1.5853169739236295
0.2,8,0.8,300,1,0.6,0.8421909284945569,0.9950770312229478,13.993079281145276,-0.33017626103279346,21.133802385030005,-1.7874678001133826
0.2,8,0.9,300,1,0.6,0.8324115795267675,0.9951336795210042,13.981371674009202,-0.31537205215126013,23.217749733482044,-2.3643008560185517
0.2,8,0.6,300,3,0.6,1.2381173709692388,0.9927804886937508,13.967387839968898,-0.28917514828365554,19.642004391023367,-1.4078320033431897
0.2,8,0.7,300,3,0.6,1.0720378994800759,0.9939939937130807,14.14762176759198,-0.3272152346917205,19.813782820357194,-1.4501313748992017
0.2,8,0.8,300,3,0.6,0.9513320495848877,0.9946343603150771,13.63507320032348,-0.23039326063231647,20.610107201549845,-1.6510326491774032
0.2,8,0.9,300,3,0.6,0.8958087254120521,0.9948832170809215,14.025756895656508,-0.31029158261727857,23.216536381881035,-2.363949230799679
0.2,8,0.6,300,5,0.6,1.551591771350266,0.9893822611881011,13.743550415131073,-0.24144133883069124,18.849869043027255,-1.2175389136564028
0.2,8,0.7,300,5,0.6,1.271647891769803,0.992483391212317,13.852083982793436,-0.263319923324345,19.14717322906201,-1.2880415555095488
0.2,8,0.8,300,5,0.6,1.1193619269788133,0.9937570790559478,13.5227733239353,-0.19439507204700218,20.29323878551685,-1.5701431095732907
0.2,8,0.9,300,5,0.6,0.9949119565519741,0.9944765927446753,13.858664918148378,-0.25640834092003234,22.14509507912246,-2.0606218432755465
0.2,8,0.6,300,10,0.6,2.6909996481706058,0.9691516051288346,13.704033291896952,-0.21521838540117372,16.54107679566926,-0.7075842124103053
0.2,8,0.7,300,10,0.6,2.16264431537752,0.9801230683052111,13.836160585258863,-0.24471492928654026,17.280995236838216,-0.863768965932457
0.2,8,0.8,300,10,0.6,1.7071138684228386,0.9873833803975087,13.474408640440126,-0.17152881165582995,18.90008464597264,-1.22936959289955
0.2,8,0.9,300,10,0.6,1.392807490759803,0.9910736229113126,13.64159672474436,-0.1971401090135545,21.000325112085413,-1.752368706214006
0.2,8,0.6,400,1,0.6,0.8802620902142972,0.994896947953342,14.8819825011646,-0.5152132639552714,22.12522921075528,-2.05513307581462
0.2,8,0.7,400,1,0.6,0.8425182466880509,0.9950608851365728,14.91718314009085,-0.5178283577027972,21.161080333340976,-1.7946681583134687
0.2,8,0.8,400,1,0.6,0.80622013049204,0.9952235492233115,14.171799385155618,-0.36392131070649747,21.36742206843831,-1.8494355102504039
0.2,8,0.9,400,1,0.6,0.8031510510576322,0.9952358714395793,14.056436686766423,-0.3297284353528118,23.346153270329644,-2.4016156404701663
0.2,8,0.6,400,3,0.6,1.0410323332254987,0.9942392141362438,14.306746178861559,-0.3713511944400835,20.12169926647582,-1.5268757213443624
0.2,8,0.7,400,3,0.6,0.9396692114694348,0.9947468411152636,14.465901835495078,-0.40037562595667053,20.534332226177117,-1.631574948041778
0.2,8,0.8,400,3,0.6,0.8638886504446968,0.9950582837890286,13.853890315993558,-0.27874541825970817,20.927105982225473,-1.733209505278118
0.2,8,0.9,400,3,0.6,0.841233097227325,0.9951364087384738,14.15237272337583,-0.3396971281367721,23.32044421437752,-2.3941279679567673
0.2,8,0.6,400,5,0.6,1.2508320211139985,0.9926485153294845,14.018147110377678,-0.3014106015934548,19.086895161947307,-1.2736580612186015
0.2,8,0.7,400,5,0.6,1.0663762723655417,0.9940633646574641,14.129864429712702,-0.3253655446869567,19.758125626295847,-1.436385800960061
0.2,8,0.8,400,5,0.6,0.9705837332655103,0.9946634068891884,13.712522928125335,-0.2381655774071684,20.488783693625656,-1.6199133623234117
0.2,8,0.9,400,5,0.6,0.8955291199427377,0.9949672938691464,14.023533722155046,-0.29480855049670496,22.302237130016724,-2.1042124276271323
0.2,8,0.6,400,10,0.6,1.9977656593502324,0.982833968754892,13.752622610882431,-0.2361257466196756,17.00171244120465,-0.8040140178192439
0.2,8,0.7,400,10,0.6,1.6150639658097385,0.9885595406928139,13.950888026644165,-0.27444419277685395,18.092630731002487,-1.0429512983494216
0.2,8,0.8,400,10,0.6,1.3244227436471676,0.9919456352157319,13.592297801059667,-0.2059495763553781,19.312566081063693,-1.3277403800036112
0.2,8,0.9,400,10,0.6,1.118349109111525,0.993700399817692,13.791693716240038,-0.2347128462144374,21.32123705407303,-1.837130891228722
0.3,3,0.6,100,1,0.6,1.3486291165469033,0.9914801665085701,14.051349763840426,-0.34642562914739916,19.248174534069033,-1.3122440519915313
0.3,3,0.7,100,1,0.6,1.1456169030332135,0.9935192444957772,14.374674976226004,-0.39444661539055415,19.474905984023035,-1.3670384600352055
0.3,3,0.8,100,1,0.6,1.0936449305168316,0.9937866276635237,13.501947734342219,-0.20399239981793832,20.005986976799598,-1.4978970692214126
0.3,3,0.9,100,1,0.6,1.0236837499956613,0.9942612773356281,13.586925600432348,-0.20950298115738436,21.06047073247147,-1.7681570316484505
0.3,3,0.6,100,3,0.6,2.1867961308849133,0.9799732686389167,13.640041506538632,-0.27272641466561665,18.028744709450883,-1.0285492356355066
0.3,3,0.7,100,3,0.6,1.6873829197420949,0.9879352230146671,13.756479670965494,-0.25320022463593383,18.890987975950196,-1.2272241041835712
0.3,3,0.8,100,3,0.6,1.5122457967082754,0.9901566769928533,13.255288730986589,-0.14885281170600975,18.977224175571365,-1.2476047989893955
0.3,3,0.9,100,3,0.6,1.277206219927152,0.9923207007301681,13.082741016626546,-0.09991873836758414,21.72559902599375,-1.9457649778526864
0.3,3,0.6,100,5,0.6,3.1005848364655066,0.959789941058941,13.526021986936183,-0.23806446987036906,16.936847878073,-0.7902750062935762
0.3,3,0.7,100,5,0.6,2.4534767787391196,0.9750453983575926,13.696978292203605,-0.23676488957790878,17.088180872142797,-0.8224106275530378
0.3,3,0.8,100,5,0.6,2.052909005891516,0.982300856084119,13.079176204959495,-0.10954491108415207,18.139911648092557,-1.0536428139889584
0.3,3,0.9,100,5,0.6,1.6720366870421954,0.9877669609648914,13.20800013761,-0.11147544801490757,21.019577557452493,-1.7574175916552792
0.3,3,0.6,100,10,0.6,5.092920515566978,0.8922070657341402,13.771393071608713,-0.2635777093884092,12.382222541798331,0.04313254125328159
0.3,3,0.7,100,10,0.6,4.320308216469646,0.9232728160050538,13.734967814014604,-0.24200004739720932,12.551318661961021,0.01681943122070262
0.3,3,0.8,100,10,0.6,3.6719054650746217,0.9443186649939967,13.464551444304197,-0.16952617487079613,14.387507093585105,-0.29189041616639977
0.3,3,0.9,100,10,0.6,3.0334439501622303,0.9612912550527557,13.272578071191072,-0.12197918056018327,17.936584009016094,-1.007862861468269
0.3,3,0.6,200,1,0.6,0.9709159680036242,0.9943282963777353,14.281106084384083,-0.38946230069875193,19.86561678657014,-1.4629675049456918
0.3,3,0.7,200,1,0.6,0.8917575057629957,0.9948444245437681,14.477194386955802,-0.42333490449876976,21.116643384879147,-1.7829432245210994
0.3,3,0.8,200,1,0.6,0.8446545030143715,0.9949926398257839,13.65558688894608,-0.2515375435046283,20.979742355199043,-1.7469760684147317
0.3,3,0.9,200,1,0.6,0.8378856332070962,0.995094591374109,13.868652274983713,-0.2746244225884652,22.65569894750894,-2.2033877102282844
0.3,3,0.6,200,3,0.6,1.3293974628422551,0.9918707837112344,13.62980019857591,-0.250063990462691,19.26747269559018,-1.3168828740349783
0.3,3,0.7,200,3,0.6,1.061419803823971,0.994071946013287,13.86053883832557,-0.2637232724277543,20.25448846372883,-1.5603370076098875
0.3,3,0.8,200,3,0.6,0.9777274290694103,0.9945266057561876,13.412177599627336,-0.18422581641430003,20.103095580055065,-1.5222053929049562
0.3,3,0.9,200,3,0.6,0.8999611424813014,0.9948640049202023,13.524415513833432,-0.19870037186843498,22.696241137835603,-2.2148628412585776
0.3,3,0.6,200,5,0.6,1.6546591598554634,0.9882207666337421,13.567264756890353,-0.2416757010506827,18.940942346575483,-1.2390187951866327
0.3,3,0.7,200,5,0.6,1.3137346394840363,0.9921721079866863,13.71805655970996,-0.24207106960475494,19.200473668040438,-1.3007978365997954
0.3,3,0.8,200,5,0.6,1.1510461638066898,0.9935213544263375,13.149623999439447,-0.12948629914754117,19.929521982689256,-1.478839107161697
0.3,3,0.9,200,5,0.6,1.003960657285126,0.9944473205175057,13.601243909623506,-0.19829223117894573,22.099090635299383,-2.04791871843556
0.3,3,0.6,200,10,0.6,2.7667832403971464,0.9676274151719475,13.6211644069774,-0.21987975715914576,16.466147344422993,-0.6921488749346834
0.3,3,0.7,200,10,0.6,2.1571578718413793,0.9803373517262308,13.583711555680548,-0.20839104214622606,17.089007550936422,-0.8225869581609195
0.3,3,0.8,200,10,0.6,1.7343721091393842,0.9870745866619804,13.409065477737519,-0.1612112711792581,18.601385364920645,-1.1594599563849437
0.3,3,0.9,200,10,0.6,1.4076888843271704,0.9909344329039479,13.545873227877411,-0.17696404318409747,20.971238179350493,-1.744749536508114
0.3,3,0.6,300,1,0.6,0.878497055882795,0.9946291575222821,14.67254942501668,-0.4790887085415692,20.6895434088135,-1.6715074390223905
0.3,3,0.7,300,1,0.6,0.84281617325944,0.994856969134014,14.924834620591025,-0.5313581954653536,21.629965059514735,-1.9198881173410678
0.3,3,0.8,300,1,0.6,0.8022726466189329,0.9951218103261968,13.870625362599768,-0.2998546035729444,22.08149347581012,-2.043066631221363
0.3,3,0.9,300,1,0.6,0.7971704121332037,0.995257409788536,13.922692688029434,-0.28760466685226754,23.110796911839284,-2.3333768678859785
0.3,3,0.6,300,3,0.6,1.0222123586402678,0.9942810523424109,13.992442289754937,-0.326915953217328,19.83343561551837,-1.4549942333258463
0.3,3,0.7,300,3,0.6,0.8952079561137124,0.9949013771528346,14.256385194755712,-0.3517706635071219,20.669003288102626,-1.6662056451836769
0.3,3,0.8,300,3,0.6,0.8436113854496219,0.9951382066447243,13.647934335870294,-0.2380776537737827,21.094926978406082,-1.7772221968810085
0.3,3,0.9,300,3,0.6,0.8268973553636119,0.9951751980888923,13.668793267140538,-0.2316332987693653,23.273145460370976,-2.3803739227978933
0.3,3,0.6,300,5,0.6,1.1766335221855413,0.9932704530076519,13.786337006720952,-0.2727563917334952,19.41313381931088,-1.3520463262763225
0.3,3,0.7,300,5,0.6,1.0108026667383911,0.9944361649156711,14.030615651304762,-0.3010376097835174,19.68201514844121,-1.4176515005505377
0.3,3,0.8,300,5,0.6,0.9160121813589125,0.9949079121850858,13.38980256584305,-0.17863599193399682,20.63768037359284,-1.6581307467438395
0.3,3,0.9,300,5,0.6,0.8694759800643084,0.9950634469654356,13.794233238321155,-0.24046985119799658,22.539860647510682,-2.170713694157807
0.3,3,0.6,300,10,0.6,1.7750697827290662,0.9862233248528829,13.793086721799787,-0.258200737623067,17.70523417228525,-0.9564012214300683
0.3,3,0.7,300,10,0.6,1.3936766357097616,0.9912569640285908,13.786458619332768,-0.2490777907516374,18.61863346990467,-1.1634665246837113
0.3,3,0.8,300,10,0.6,1.1984433837831345,0.9931945349123128,13.530855791465275,-0.19061636459076542,19.682978619614563,-1.4178882034006395
0.3,3,0.9,300,10,0.6,1.0378372252613086,0.9943147138125674,13.70421648924833,-0.21196593336091768,21.53450493570198,-1.8941721431669403
0.3,3,0.6,400,1,0.6,0.8353719861077005,0.9949028233961116,15.068959063164755,-0.5549370478408054,21.1777999973986,-1.7990861153761681
0.3,3,0.7,400,1,0.6,0.8146742954137121,0.9950425230235689,15.308633956323064,-0.6119853922777652,22.082260193857586,-2.043277958830596
0.3,3,0.8,400,1,0.6,0.7875615574172646,0.9952181041007414,14.05629076405618,-0.3281375067500448,22.112423268319006,-2.0515975159692634
0.3,3,0.9,400,1,0.6,0.7872506827269282,0.995246422129086,13.96734513874803,-0.29346465280274164,23.030884399373058,-2.310364422256676
0.3,3,0.6,400,3,0.6,0.9017567580968399,0.9949039063666044,14.388026201346616,-0.41247881315744994,20.357249542317007,-1.5863826338910845
0.3,3,0.7,400,3,0.6,0.8412243578236506,0.9951054344879958,14.60809260157709,-0.42496023958376467,21.30863851130011,-1.8337790074274185
0.3,3,0.8,400,3,0.6,0.8084150488535929,0.9952477041185664,13.843944200192762,-0.2760113309606083,21.275712972640267,-1.825028414092118
0.3,3,0.9,400,3,0.6,0.8015836186795713,0.9952540219728461,13.762148119940036,-0.2509808677148258,23.268119185450647,-2.378913969396364
0.3,3,0.6,400,5,0.6,0.9992425880529956,0.9944801888006675,14.157715754739575,-0.3521789384755761,19.756667158109043,-1.436026125138587
0.3,3,0.7,400,5,0.6,0.9034679797772357,0.9949484413214245,14.359478757443322,-0.37390761326240124,20.217533616460564,-1.5510027261974115
0.3,3,0.8,400,5,0.6,0.8476830937191613,0.9951662838719377,13.584336999671034,-0.22052771149899,20.809000978436245,-1.7024460714815803
0.3,3,0.9,400,5,0.6,0.8261389498778943,0.9952135864658626,13.905676885746118,-0.26612830759807593,22.575948668517114,-2.180874926789616
0.3,3,0.6,400,10,0.6,1.3696881225419253,0.9915278025083735,14.010485045448494,-0.3122865754546885,18.003907508163593,-1.0229638461664465
0.3,3,0.7,400,10,0.6,1.1293860786297572,0.9936734914900033,14.019530223105889,-0.30365585106201004,18.904706770876032,-1.2304601366627712
0.3,3,0.8,400,10,0.6,1.0216533351965382,0.9944612186514163,13.68053541529748,-0.22428570163136724,19.72928707603478,-1.4292787950277783
0.3,3,0.9,400,10,0.6,0.9197026230449247,0.9949450599515621,13.824961948125468,-0.241440465262861,21.532624016463966,-1.8936665855662596
0.3,4,0.6,100,1,0.6,1.3618459798306695,0.9914062228375485,14.14947862916836,-0.36925185627756363,18.53701116376895,-1.1445392433931794
0.3,4,0.7,100,1,0.6,1.14125351891926,0.9935289559716942,14.430869112861767,-0.4152742124842822,19.390478030593414,-1.3465596932603505
0.3,4,0.8,100,1,0.6,1.0843784045065301,0.9938391180687651,13.731145290628998,-0.2637598297842246,19.688103174670445,-1.419147384181366
0.3,4,0.9,100,1,0.6,1.0333007606566214,0.9941884329691778,13.836441994864071,-0.2809606234291471,20.59244487654344,-1.646490864258237
0.3,4,0.6,100,3,0.6,2.1900706174669207,0.9799774080928151,13.638069738756396,-0.280592227755172,18.086094746922743,-1.0414755278524237
0.3,4,0.7,100,3,0.6,1.6926161336838113,0.9879034868350132,13.790974380171253,-0.26487841490085673,18.908285516463415,-1.2313046887636245
0.3,4,0.8,100,3,0.6,1.491084792700086,0.9903313802118323,13.262403616262551,-0.1545156025682259,18.891022090227768,-1.227232148253051
0.3,4,0.9,100,3,0.6,1.2731096764078376,0.992384047893672,13.237484528461973,-0.13951304375386012,21.705348847484895,-1.9402761104587087
0.3,4,0.6,100,5,0.6,3.102121075779955,0.9598302512087871,13.550002115070725,-0.24175128215120872,16.972855189012314,-0.797895256841533
0.3,4,0.7,100,5,0.6,2.4596997412829014,0.974963937858333,13.768520630241706,-0.25444406935939595,16.955867901295857,-0.7942982096735756
0.3,4,0.8,100,5,0.6,2.062268008235125,0.9821884535755752,13.155385641641326,-0.1246159031647879,18.365479230642812,-1.1050339553374755
0.3,4,0.9,100,5,0.6,1.6631707140257923,0.9878674517830864,13.287098510245858,-0.13191663681601867,20.77497799342507,-1.6936162274715238
0.3,4,0.6,100,10,0.6,5.107184293905813,0.8915779166643135,13.768064724310268,-0.2627016175438702,12.481362845838202,0.027748565863117136
0.3,4,0.7,100,10,0.6,4.322545776515637,0.9231439525079843,13.781272823947495,-0.2538698776570934,12.575010120416193,0.01310428928827534
0.3,4,0.8,100,10,0.6,3.6723153834519335,0.944317448713706,13.488273714666914,-0.17503716035550643,14.430888174738275,-0.2996927538058296
0.3,4,0.9,100,10,0.6,3.031369915945299,0.9613385751923573,13.252614219411331,-0.11911675690403337,17.87518003363858,-0.9941389856976672
0.3,4,0.6,200,1,0.6,0.9836820098595018,0.9942853248527961,14.380055076840017,-0.41606828362165116,19.371008915260752,-1.34184990674837
0.3,4,0.7,200,1,0.6,0.8941249372881606,0.9948367313662789,14.561828600528557,-0.4459565887616561,21.02457824668702,-1.7587297615760478
0.3,4,0.8,200,1,0.6,0.8429324949310504,0.9950010960125839,13.891033129937657,-0.31534580006077206,20.662733498875046,-1.6645883430061876
0.3,4,0.9,200,1,0.6,0.8411201015503111,0.9950844709661448,14.117364289056036,-0.3480533294027662,22.32469641214266,-2.110467718245965
0.3,4,0.6,200,3,0.6,1.3233984299126467,0.9919685872066271,13.656976987673449,-0.2606537063160363,19.24126490889388,-1.3105842715220084
0.3,4,0.7,200,3,0.6,1.0643776037238697,0.9940668722220443,13.92480820978065,-0.28107270463274003,20.29334817320608,-1.5701708175972735
0.3,4,0.8,200,3,0.6,0.9675448418376555,0.9945539437842209,13.451987729071202,-0.19966937989112565,20.063106312790083,-1.5121809836609206
0.3,4,0.9,200,3,0.6,0.8997225137356649,0.9948489245910233,13.687548615702081,-0.2436846536932697,22.743556265744523,-2.2282809398866297
0.3,4,0.6,200,5,0.6,1.655059072436515,0.9882342429198413,13.67977302691169,-0.2621916518156252,19.07517368936722,-1.2708663617645874
0.3,4,0.7,200,5,0.6,1.301819175796298,0.9922669082131309,13.811375005479078,-0.2639145020389055,19.11987211694522,-1.2815213716191316
0.3,4,0.8,200,5,0.6,1.1446123083275845,0.9935496773657959,13.270556809486473,-0.15482777520296148,20.280444660422468,-1.5669033737048377
0.3,4,0.9,200,5,0.6,0.9906436867230634,0.9944895952846939,13.682914881402706,-0.22138466540117072,22.056048767307345,-2.0360575643888206
0.3,4,0.6,200,10,0.6,2.764129303379371,0.9676165981066083,13.612557533847124,-0.21603623792684706,16.57603126042493,-0.714808743034687
0.3,4,0.7,200,10,0.6,2.1579007169065703,0.9803369209806894,13.623652531763904,-0.21952097138308538,16.944202019816153,-0.7918300529750084
0.3,4,0.8,200,10,0.6,1.7321795631343562,0.987120810844942,13.418715657488832,-0.1659631139506334,18.61224462557865,-1.161982024826448
0.3,4,0.9,200,10,0.6,1.4089616581065552,0.9909453430762596,13.532590066912954,-0.17749023717267495,20.91502116854008,-1.7300537138733243
0.3,4,0.6,300,1,0.6,0.8874120775436334,0.9946015995801177,14.75235192120554,-0.5039241289691212,20.17248206675538,-1.539646387638486
0.3,4,0.7,300,1,0.6,0.8423029324289963,0.9948731607421711,15.003312237115315,-0.5539431864660532,21.54538185099859,-1.8970965303696432
0.3,4,0.8,300,1,0.6,0.8020191418974679,0.9951218211731891,14.104026654590266,-0.36522691967226084,21.792814694143765,-1.9640206636157305
0.3,4,0.9,300,1,0.6,0.7986109191498991,0.995255542396567,14.179636801212009,-0.3631997804755361,22.790582048501783,-2.241644671055654
0.3,4,0.6,300,3,0.6,1.0219528749371771,0.9943028812321695,14.019047023322557,-0.3349989151539393,19.843739486530087,-1.45754573426421
0.3,4,0.7,300,3,0.6,0.8996580660013933,0.9948978404159707,14.329132923992711,-0.37172920238929247,20.686092151188635,-1.6706162360383785
0.3,4,0.8,300,3,0.6,0.8395540625724767,0.9951421706454452,13.697406464622244,-0.255610667751775,21.03849990972735,-1.762384419589036
0.3,4,0.9,300,3,0.6,0.825782955772706,0.9951728058809607,13.84040821583127,-0.27867427408727424,23.318612122937477,-2.393594692648847
0.3,4,0.6,300,5,0.6,1.183917923683321,0.9932209343385832,13.887860818727395,-0.2926634664332254,19.479981542925458,-1.3682724181031696
0.3,4,0.7,300,5,0.6,1.0033684114188377,0.9944700730434064,14.147035176970087,-0.32844285565610076,19.533110421995005,-1.3812082868250726
0.3,4,0.8,300,5,0.6,0.9133656785381314,0.9949057892853718,13.52558784189841,-0.20782505126289333,20.915175663241456,-1.730094046645418
0.3,4,0.9,300,5,0.6,0.8628657128336308,0.9950668744747541,13.884245623213724,-0.2662544690554263,22.553181039391376,-2.1744623977963173
0.3,4,0.6,300,10,0.6,1.7744416283577416,0.9861990930697251,13.811157565946138,-0.26029706697429245,17.769657214256885,-0.9706644183164572
0.3,4,0.7,300,10,0.6,1.3893340905801712,0.9912873723152724,13.865230057796628,-0.27006298798910516,18.479962939689297,-1.131359783301611
0.3,4,0.8,300,10,0.6,1.1895089502316556,0.993260059350229,13.567012762296821,-0.19865511369206176,19.70198844303973,-1.4225608522447133
0.3,4,0.9,300,10,0.6,1.036074237605768,0.9943246219221485,13.707057448344523,-0.21517357061514705,21.54323047031573,-1.896517989095809
0.3,4,0.6,400,1,0.6,0.8421177470823963,0.9948851458715614,15.142770980581966,-0.5785663059890874,20.77659849112414,-1.6940364608060978
0.3,4,0.7,400,1,0.6,0.8152278808571818,0.995035946658285,15.371633911291983,-0.6314166890722334,21.98844163545841,-2.017473586658109
0.3,4,0.8,400,1,0.6,0.7874142587508153,0.9952185291921015,14.289585811272357,-0.39445835637203014,21.815512110058442,-1.9701979880970382
0.3,4,0.9,400,1,0.6,0.7882277431715033,0.9952453208528886,14.219534936381569,-0.368669168568938,22.70345339033855,-2.216906359076259
0.3,4,0.6,400,3,0.6,0.9019127696927665,0.9949150684288423,14.428662434816655,-0.4230537602981318,20.285142981069612,-1.5680928478305538
0.3,4,0.7,400,3,0.6,0.8449694203867406,0.9950951031276464,14.682589076638417,-0.4465396437638531,21.334214821830948,-1.8405857406222843
0.3,4,0.8,400,3,0.6,0.8058503287384884,0.9952508126402613,13.889413482031074,-0.29312465647824737,21.20836301799542,-1.8071710209704857
0.3,4,0.9,400,3,0.6,0.8014147246657914,0.9952528346202565,13.925255214210035,-0.29628610906049146,23.29125677786678,-2.3856372291746433
0.3,4,0.6,400,5,0.6,1.0023846279451338,0.9944648145070871,14.251907445914933,-0.37097308912399735,19.814511625453054,-1.4503116232736408
0.3,4,0.7,400,5,0.6,0.9006836099753306,0.9949568198042437,14.480600980681308,-0.4028786212374963,20.06283433310375,-1.5121128728156639
0.3,4,0.8,400,5,0.6,0.8455707031252127,0.9951663109732107,13.722608797976672,-0.2505909896716877,21.067641337422888,-1.7700423399014844
0.3,4,0.9,400,5,0.6,0.8233249106274659,0.995211343692362,13.998152227620533,-0.29301255746385085,22.607175299205483,-2.1896804660284133
0.3,4,0.6,400,10,0.6,1.3635110442301013,0.9915695651335673,14.037591052918367,-0.31623360096229913,18.014490416299687,-1.0253427889288198
0.3,4,0.7,400,10,0.6,1.1251981652868503,0.993696266787594,14.097397447489703,-0.3241514529691919,18.77596349561354,-1.2001841888560274
0.3,4,0.8,400,10,0.6,1.0108153807322495,0.9945074094372586,13.716544096542254,-0.23307253481812387,19.744138884145816,-1.4329375954914894
0.3,4,0.9,400,10,0.6,0.9176781550185081,0.9949479145411919,13.832885493360887,-0.24601050092182292,21.556375258885147,-1.9000537385028045
0.3,5,0.6,100,1,0.6,1.3627489070597723,0.9914110734717054,14.089123926185422,-0.3589416103265847,18.621328404256033,-1.1640928673443987
0.3,5,0.7,100,1,0.6,1.1440889740995543,0.993512839551389,14.455589257947798,-0.4189688673952931,19.351433394266024,-1.3371191496924033
0.3,5,0.8,100,1,0.6,1.0867996954836276,0.9938295686795906,13.720455424480019,-0.2614429632265943,19.694760137167314,-1.420783590152877
0.3,5,0.9,100,1,0.6,1.0329466336689537,0.994193106351613,13.820340247544559,-0.27724068868613483,20.599626321284287,-1.648337069703051
0.3,5,0.6,100,3,0.6,2.18708024887815,0.980027804027309,13.615977894971106,-0.26990199695567546,18.103458278229215,-1.0453972412201624
0.3,5,0.7,100,3,0.6,1.6835250980441674,0.9879992840464858,13.796547412557583,-0.2667414010803698,18.89127085295519,-1.2272908063806125
0.3,5,0.8,100,3,0.6,1.4983536106992603,0.9902690804883614,13.279867776939023,-0.156353015757365,18.94754634132762,-1.2405803907868567
0.3,5,0.9,100,3,0.6,1.2743926477710334,0.9923764798167032,13.250718493986483,-0.14362195602983352,21.70490802285542,-1.9401566806376067
0.3,5,0.6,100,5,0.6,3.0996811248821077,0.9598841430443757,13.57509544757647,-0.24421705698848592,16.973323352211626,-0.7979944410971627
0.3,5,0.7,100,5,0.6,2.4631053771336497,0.9748841211981499,13.759677581334628,-0.25254687424593214,16.94945465733014,-0.7929411460273799
0.3,5,0.8,100,5,0.6,2.0590483346714192,0.982238813389006,13.121347983726366,-0.11723437438833154,18.35347691357095,-1.1022834658019458
0.3,5,0.9,100,5,0.6,1.6703646110152264,0.9877846870946744,13.254080796046157,-0.12480615529651215,20.77497799342507,-1.6936162274715238
0.3,5,0.6,100,10,0.6,5.107992967628727,0.8915404554652385,13.76902387418246,-0.26294107812378303,12.481362845838202,0.027748565863117136
0.3,5,0.7,100,10,0.6,4.322545776515637,0.9231439525079843,13.781272823947495,-0.2538698776570934,12.575010120416193,0.01310428928827534
0.3,5,0.8,100,10,0.6,3.6720408921867795,0.9443260473222335,13.487038434842423,-0.17486197714925925,14.428117009460872,-0.2991936414056655
0.3,5,0.9,100,10,0.6,3.0313126983059493,0.9613402026578808,13.25262656744676,-0.11911851099001133,17.87518003363858,-0.9941389856976672
0.3,5,0.6,200,1,0.6,0.9841199379444351,0.9942858554288192,14.321754239467385,-0.40540969547676464,19.39391299858963,-1.347391139640325
0.3,5,0.7,200,1,0.6,0.8956600796587679,0.9948312179927143,14.577683479074318,-0.4484612750588234,20.96587577961515,-1.7433460368873277
0.3,5,0.8,200,1,0.6,0.8432705022258448,0.9949987738907573,13.888637396254902,-0.3153071995884064,20.657815007499103,-1.6633199537139256
0.3,5,0.9,200,1,0.6,0.8411904514583064,0.9950856617045873,14.104478219674892,-0.344724313813819,22.320702393065947,-2.10935485598104
0.3,5,0.6,200,3,0.6,1.322186836897035,0.9919767474346038,13.666668797072555,-0.26090498660011086,19.227041619091835,-1.3071695310503029
0.3,5,0.7,200,3,0.6,1.0547862980489056,0.9940988240992901,13.937547785047474,-0.28497991884677215,20.2591976438899,-1.5615277056522943
0.3,5,0.8,200,3,0.6,0.967254343064418,0.9945585079802681,13.481414114194632,-0.20513497462794597,20.107709865078817,-1.5233633747875261
0.3,5,0.9,200,3,0.6,0.8999924775562265,0.9948485767544571,13.696049483773596,-0.24680242057377325,22.742313032958517,-2.227928013988433
0.3,5,0.6,200,5,0.6,1.6491999387467011,0.9883020709538559,13.67187789077644,-0.25743479871681885,19.105164841062702,-1.2780127645988837
0.3,5,0.7,200,5,0.6,1.3011247246153017,0.9922660414684256,13.805232804961332,-0.2626484069929299,19.12059664657228,-1.2816942871217467
0.3,5,0.8,200,5,0.6,1.136608261784073,0.9935993109476214,13.234263376541113,-0.1476991023986975,20.276180561213206,-1.565824069957431
0.3,5,0.9,200,5,0.6,0.9923999086862411,0.9944857952357407,13.64960651161488,-0.21430286072789148,22.09870549865391,-2.0478124828459268
0.3,5,0.6,200,10,0.6,2.7626797816389868,0.9676544677123602,13.613538361077616,-0.21622719031181944,16.575781299894516,-0.7147570260386937
0.3,5,0.7,200,10,0.6,2.157322706629686,0.9803444921831787,13.62429173125857,-0.21974109800395794,16.944265511807647,-0.7918434814116502
0.3,5,0.8,200,10,0.6,1.730054406429859,0.9871476183548484,13.419202360116852,-0.16634766938064802,18.60530201228922,-1.1603694298911136
0.3,5,0.9,200,10,0.6,1.4086737465174826,0.9909476115496945,13.531998245959988,-0.1773171859766664,20.913557069041563,-1.7296715071962039
0.3,5,0.6,300,1,0.6,0.8879663879345872,0.9945987089286563,14.695228847821392,-0.4932308992121202,20.189970645524532,-1.5440518007658324
0.3,5,0.7,300,1,0.6,0.8436421888458735,0.9948720997732823,15.015680939055386,-0.5560345840765255,21.485535652614626,-1.8810244628215833
0.3,5,0.8,300,1,0.6,0.8020599737024552,0.9951217812751821,14.10251813260314,-0.3654730551291992,21.751367231970654,-1.952756922644665
0.3,5,0.9,300,1,0.6,0.7987440733530361,0.9952553600005153,14.16686011669051,-0.3597259093936589,22.78365820607203,-2.239675328851386
0.3,5,0.6,300,3,0.6,1.019545917502136,0.9943145082761025,14.03632557605772,-0.34014334430887844,20.0401194723353,-1.506427734751159
0.3,5,0.7,300,3,0.6,0.8932292683567076,0.9949092395857908,14.336096259367164,-0.37395275301060055,20.645382300387503,-1.660115131445509
0.3,5,0.8,300,3,0.6,0.839869441563143,0.9951421348624834,13.72568184916785,-0.2611858110874617,21.064859245441912,-1.7693107911139596
0.3,5,0.9,300,3,0.6,0.8258312728343242,0.9951728893352337,13.849094101117501,-0.28192092896359927,23.317289076115017,-2.3932096133587017
0.3,5,0.6,300,5,0.6,1.1815142364709923,0.9932335623945148,13.880590258075381,-0.28684547980659864,19.49246724623343,-1.3713092816656065
0.3,5,0.7,300,5,0.6,1.003455902880018,0.9944704766622502,14.143044089582194,-0.3275040672810032,19.553822993061296,-1.3862609481100017
0.3,5,0.8,300,5,0.6,0.9097066270719857,0.9949194196499,13.492236730348901,-0.20153528743246354,20.908045571293567,-1.728232957463808
0.3,5,0.9,300,5,0.6,0.8628336894231372,0.9950675867696293,13.850701366081376,-0.259218464337839,22.579913747860726,-2.1819923574881095
0.3,5,0.6,300,10,0.6,1.773917934012323,0.986208797674751,13.809346723243284,-0.25983185346830545,17.76537364192263,-0.9697144319409008
0.3,5,0.7,300,10,0.6,1.3877775791998128,0.9913008035357566,13.858961940711698,-0.26802984991688616,18.476267254481403,-1.1305073955309672
0.3,5,0.8,300,10,0.6,1.1877378496508342,0.9932727857626482,13.563438259412624,-0.19765543492905252,19.69997835079359,-1.4220665546878566
0.3,5,0.9,300,10,0.6,1.0351751353370866,0.994328820249275,13.704802853380619,-0.21444878945400464,21.560638086304106,-1.9012008377525738
0.3,5,0.6,400,1,0.6,0.8426182318703622,0.994883048682154,15.085397942590541,-0.5675645719285253,20.796430192119136,-1.6991819444941143
0.3,5,0.7,400,1,0.6,0.8164501640788012,0.9950333678880888,15.382817266622592,-0.6335629362225097,21.92887281210934,-2.0011464746683787
0.3,5,0.8,400,1,0.6,0.7874340199970581,0.995218490276824,14.287572206805427,-0.39457077221838743,21.78717475493037,-1.9624866962550152
0.3,5,0.9,400,1,0.6,0.7882569811141036,0.9952453748157538,14.206112883803105,-0.3650721306726046,22.694450655028074,-2.214355626908652
0.3,5,0.6,400,3,0.6,0.9008877224548628,0.9949177069549318,14.438824130372216,-0.42628783561155964,20.530296255694992,-1.6305405910504058
0.3,5,0.7,400,3,0.6,0.8419485232609901,0.9950971337447692,14.678041228161263,-0.44518000172081107,21.29579514017583,-1.830364025547472
0.3,5,0.8,400,3,0.6,0.8064026669929986,0.9952492222020387,13.914751326617779,-0.29808746039431355,21.236254110495,-1.8145592903447088
0.3,5,0.9,400,3,0.6,0.8014035612784747,0.99525295819505,13.934665240444104,-0.2997613623013795,23.2873525881695,-2.384502291522364
0.3,5,0.6,400,5,0.6,1.0008482366952696,0.9944691367247115,14.24256271030878,-0.365049772339071,19.826948308166635,-1.453388490600846
0.3,5,0.7,400,5,0.6,0.9004447061789375,0.9949557658618782,14.478419259959676,-0.40277528566418946,20.068539096912865,-1.513541688688623
0.3,5,0.8,400,5,0.6,0.8440985659688824,0.9951702276001868,13.689823448087697,-0.24436649357463355,21.05850690996106,-1.7676408118822984
0.3,5,0.9,400,5,0.6,0.8231085954892773,0.9952120229437738,13.965885026638967,-0.2859451411868068,22.629692411745,-2.196037577096129
0.3,5,0.6,400,10,0.6,1.361437973514534,0.9915913863958306,14.024418076497017,-0.31260240607950773,18.033408197048814,-1.0295988192728016
0.3,5,0.7,400,10,0.6,1.1231519166027593,0.9937103041657995,14.098061035870547,-0.3238445133976334,18.782840838711493,-1.2017962704678236
0.3,5,0.8,400,10,0.6,1.0087584995797514,0.9945160892187571,13.7169782969922,-0.233024033254737,19.74587184126534,-1.4333646955621098
0.3,5,0.9,400,10,0.6,0.9168220774958659,0.9949501205834658,13.83116582855998,-0.24546347956046963,21.562202892632026,-1.9016219739132447
0.3,6,0.6,100,1,0.6,1.3642254500991151,0.9914025671193499,14.085337186461151,-0.35752060749803577,18.63473040700977,-1.167209037674748
0.3,6,0.7,100,1,0.6,1.1440886340649001,0.9935128409023799,14.45523199284205,-0.41883561649679224,19.373181052937458,-1.3423751355208307
0.3,6,0.8,100,1,0.6,1.0867246523029062,0.9938298507454002,13.719503653364987,-0.26110992951820416,19.694760137167314,-1.420783590152877
0.3,6,0.9,100,1,0.6,1.0329262631105836,0.9941931913317255,13.819690321863742,-0.27704749140076423,20.599626321284287,-1.648337069703051
0.3,6,0.6,100,3,0.6,2.18708024887815,0.980027804027309,13.615977894971106,-0.26990199695567546,18.103527022582984,-1.045412775244254
0.3,6,0.7,100,3,0.6,1.6835250980441674,0.9879992840464858,13.796547412557583,-0.2667414010803698,18.89152283066343,-1.227350223386515
0.3,6,0.8,100,3,0.6,1.4982016477651443,0.9902707201017729,13.276119767304744,-0.15522568106426493,18.94259770305673,-1.239410173415548
0.3,6,0.9,100,3,0.6,1.2742855631991623,0.9923773183246709,13.250129375911513,-0.1435257745539608,21.70490802285542,-1.9401566806376067
0.3,6,0.6,100,5,0.6,3.0996811248821077,0.9598841430443757,13.57509544757647,-0.24421705698848592,16.973323352211626,-0.7979944410971627
0.3,6,0.7,100,5,0.6,2.4631053771336497,0.9748841211981499,13.759677581334628,-0.25254687424593214,16.95067535545747,-0.7931994102319144
0.3,6,0.8,100,5,0.6,2.0590483346714192,0.982238813389006,13.121347983726366,-0.11723437438833154,18.35347691357095,-1.1022834658019458
0.3,6,0.9,100,5,0.6,1.6704865891589478,0.9877836490395545,13.254092862256451,-0.1247442220191282,20.77497799342507,-1.6936162274715238
0.3,6,0.6,100,10,0.6,5.107992967628727,0.8915404554652385,13.76902387418246,-0.26294107812378303,12.481362845838202,0.027748565863117136
0.3,6,0.7,100,10,0.6,4.322545776515637,0.9231439525079843,13.781272823947495,-0.2538698776570934,12.575010120416193,0.01310428928827534
0.3,6,0.8,100,10,0.6,3.6720408921867795,0.9443260473222335,13.487038434842423,-0.17486197714925925,14.428117009460872,-0.2991936414056655
0.3,6,0.9,100,10,0.6,3.0313126983059493,0.9613402026578808,13.25262656744676,-0.11911851099001133,17.87518003363858,-0.9941389856976672
0.3,6,0.6,200,1,0.6,0.9843849772956315,0.9942853556581449,14.320926981771063,-0.4050114213904866,19.40021302457373,-1.348916466394659
0.3,6,0.7,200,1,0.6,0.8956690472136026,0.9948312071742658,14.577250313084198,-0.4482914440157827,20.96785773005133,-1.7438647304945643
0.3,6,0.8,200,1,0.6,0.8432313741383652,0.9949987988086578,13.887544723715703,-0.31489394711899305,20.657815007499103,-1.6633199537139256
0.3,6,0.9,200,1,0.6,0.8411778370022738,0.9950856755545356,14.103858507982014,-0.34453350791298465,22.320702393065947,-2.10935485598104
0.3,6,0.6,200,3,0.6,1.3219008952157254,0.9919787745783705,13.665510097536213,-0.26047613875360537,19.227830049845053,-1.3073587521216847
0.3,6,0.7,200,3,0.6,1.0547830494281585,0.9940988343519639,13.935547970523226,-0.2842939944882113,20.256291029369798,-1.5607927466815745
0.3,6,0.8,200,3,0.6,0.9682074918672992,0.9945564729770121,13.478263874115314,-0.20407556058720094,20.100601312803647,-1.5215795525700337
0.3,6,0.9,200,3,0.6,0.8999678724663402,0.9948488743005293,13.694800163985075,-0.24650760152253293,22.742313032958517,-2.227928013988433
0.3,6,0.6,200,5,0.6,1.6491999387467011,0.9883020709538559,13.67187789077644,-0.25743479871681885,19.105164841062702,-1.2780127645988837
0.3,6,0.7,200,5,0.6,1.3011247246153017,0.9922660414684256,13.805232804961332,-0.2626484069929299,19.12349120290415,-1.2823851643654018
0.3,6,0.8,200,5,0.6,1.1363607274198901,0.9936009168258109,13.23680424556446,-0.14830413209491486,20.276180561213206,-1.565824069957431
0.3,6,0.9,200,5,0.6,0.9924375376541577,0.994485511957784,13.649485550263009,-0.21422555473962662,22.074822265158243,-2.041228180220746
0.3,6,0.6,200,10,0.6,2.7626797816389868,0.9676544677123602,13.613538361077616,-0.21622719031181944,16.575781299894516,-0.7147570260386937
0.3,6,0.7,200,10,0.6,2.1573339513356267,0.9803443242350918,13.623680935357545,-0.2195464484344206,16.944265511807647,-0.7918434814116502
0.3,6,0.8,200,10,0.6,1.7300696661989403,0.987147443921405,13.417672439353368,-0.1659146061866658,18.60414791640702,-1.1601014206825622
0.3,6,0.9,200,10,0.6,1.4086641801937498,0.9909476892323802,13.532639399319512,-0.17749558624324369,20.914228436860036,-1.7298467660499903
0.3,6,0.6,300,1,0.6,0.8879999119169939,0.9945987192941305,14.694644442460596,-0.4929405440907698,20.19619355733641,-1.5456202874210687
0.3,6,0.7,300,1,0.6,0.8436566760263808,0.9948720945444816,15.015314302934916,-0.5558898566105637,21.470375182657627,-1.8769601215128824
0.3,6,0.8,300,1,0.6,0.8020533451129435,0.9951217821356924,14.101313254019619,-0.3650136594261165,21.751367231970654,-1.952756922644665
0.3,6,0.9,300,1,0.6,0.7987404365539786,0.995255353521376,14.166181378466167,-0.3595237057228713,22.78365820607203,-2.239675328851386
0.3,6,0.6,300,3,0.6,1.0190337242397383,0.9943163007924607,14.032314783144335,-0.3386009202333172,20.025512811797853,-1.5027753416648988
0.3,6,0.7,300,3,0.6,0.8931623822846273,0.9949093274371428,14.335120827094864,-0.37360572710998646,20.651172521568583,-1.6616074569132393
0.3,6,0.8,300,3,0.6,0.8403303567900717,0.995141815476982,13.722316420499373,-0.2600112346361992,21.06682018353176,-1.7698264081148745
0.3,6,0.9,300,3,0.6,0.8258538599510526,0.9951728802195567,13.848159598749017,-0.2817461361801649,23.317289076115017,-2.3932096133587017
0.3,6,0.6,300,5,0.6,1.1815142364709923,0.9932335623945148,13.880590258075381,-0.28684547980659864,19.49246724623343,-1.3713092816656065
0.3,6,0.7,300,5,0.6,1.003455902880018,0.9944704766622502,14.143044089582194,-0.3275040672810032,19.57752575920062,-1.392049613199875
0.3,6,0.8,300,5,0.6,0.9097682652252093,0.9949191850325256,13.491543328823989,-0.20119797312503898,20.908045571293567,-1.728232957463808
0.3,6,0.9,300,5,0.6,0.862834737545306,0.9950677655596731,13.852333354014311,-0.25952375510782766,22.569999074331545,-2.179198592249602
0.3,6,0.6,300,10,0.6,1.773917934012323,0.986208797674751,13.809346723243284,-0.25983185346830545,17.76537364192263,-0.9697144319409008
0.3,6,0.7,300,10,0.6,1.3877523803670009,0.9913009949622872,13.858537867739534,-0.2678906426527464,18.476267254481403,-1.1305073955309672
0.3,6,0.8,300,10,0.6,1.1876577302301556,0.9932732171681578,13.565635698246279,-0.19832107145379135,19.699786260693394,-1.4220193208553527
0.3,6,0.9,300,10,0.6,1.0351784565140871,0.9943287861055727,13.705339529869653,-0.21461675098981284,21.559820791801666,-1.9009808915204989
0.3,6,0.6,400,1,0.6,0.8426020355399023,0.9948830411916492,15.084758639380656,-0.5672488569897662,20.80301963096799,-1.700892710428585
0.3,6,0.7,400,1,0.6,0.8164572102339183,0.9950333669877958,15.382438228501368,-0.633412967329442,21.913598263499054,-1.9969670357354752
0.3,6,0.8,400,1,0.6,0.7874471906930146,0.995218489802596,14.286424287068513,-0.3941325560946461,21.78717475493037,-1.9624866962550152
0.3,6,0.9,400,1,0.6,0.7882558244157128,0.9952453663552419,14.20543820726673,-0.36487003836985454,22.694450655028074,-2.214355626908652
0.3,6,0.6,400,3,0.6,0.900595014311474,0.9949182712449725,14.432785989303602,-0.42389011538006993,20.54690657291022,-1.634798862707167
0.3,6,0.7,400,3,0.6,0.8418748210023862,0.9950971793081018,14.676759463092386,-0.4447147079491132,21.303755667326477,-1.8324804434305966
0.3,6,0.8,400,3,0.6,0.8066367862661498,0.9952490994447135,13.91285780156384,-0.2972971129552568,21.235952576779283,-1.8144793630193652
0.3,6,0.9,400,3,0.6,0.8014233978501272,0.995252906608701,13.9336622975848,-0.2995660273998038,23.2873525881695,-2.384502291522364
0.3,6,0.6,400,5,0.6,1.0008482366952696,0.9944691367247115,14.24256271030878,-0.365049772339071,19.826948308166635,-1.453388490600846
0.3,6,0.7,400,5,0.6,0.9004384723824355,0.9949557760848935,14.478339089673629,-0.4027461087892286,20.104894514847995,-1.5226568145309023
0.3,6,0.8,400,5,0.6,0.8438599589386054,0.9951708452178692,13.689042454421791,-0.244021010803682,21.05850690996106,-1.7676408118822984
0.3,6,0.9,400,5,0.6,0.8232404020100796,0.9952116909576055,13.966306056203805,-0.28598478721419546,22.631294516868262,-2.1964901302582533
0.3,6,0.6,400,10,0.6,1.3614829384001985,0.9915910508897061,14.024370333197444,-0.31258575806301747,18.033408197048814,-1.0295988192728016
0.3,6,0.7,400,10,0.6,1.1231327672691713,0.9937103886935905,14.09766598738691,-0.3237069983366917,18.782840838711493,-1.2017962704678236
0.3,6,0.8,400,10,0.6,1.0087393399266833,0.9945161339124565,13.719718442544854,-0.23390052050786808,19.74482896503349,-1.4331076665273135
0.3,6,0.9,400,10,0.6,0.9170113049472925,0.9949497030316691,13.831006412759995,-0.24540173382580482,21.566091423767887,-1.9026686262279027
0.3,7,0.6,100,1,0.6,1.3642254500991151,0.9914025671193499,14.085337186461151,-0.35752060749803577,18.63473040700977,-1.167209037674748
0.3,7,0.7,100,1,0.6,1.1440886340649001,0.9935128409023799,14.45523199284205,-0.41883561649679224,19.373181052937458,-1.3423751355208307
0.3,7,0.8,100,1,0.6,1.0867246523029062,0.9938298507454002,13.719503653364987,-0.26110992951820416,19.694760137167314,-1.420783590152877
0.3,7,0.9,100,1,0.6,1.0329262631105836,0.9941931913317255,13.819690321863742,-0.27704749140076423,20.599626321284287,-1.648337069703051
0.3,7,0.6,100,3,0.6,2.18708024887815,0.980027804027309,13.615977894971106,-0.26990199695567546,18.103527022582984,-1.045412775244254
0.3,7,0.7,100,3,0.6,1.6835250980441674,0.9879992840464858,13.796547412557583,-0.2667414010803698,18.89152283066343,-1.227350223386515
0.3,7,0.8,100,3,0.6,1.4982016477651443,0.9902707201017729,13.276119767304744,-0.15522568106426493,18.94259770305673,-1.239410173415548
0.3,7,0.9,100,3,0.6,1.2742855631991623,0.9923773183246709,13.250129375911513,-0.1435257745539608,21.70490802285542,-1.9401566806376067
0.3,7,0.6,100,5,0.6,3.0996811248821077,0.9598841430443757,13.57509544757647,-0.24421705698848592,16.973323352211626,-0.7979944410971627
0.3,7,0.7,100,5,0.6,2.4631053771336497,0.9748841211981499,13.759677581334628,-0.25254687424593214,16.95067535545747,-0.7931994102319144
0.3,7,0.8,100,5,0.6,2.0590483346714192,0.982238813389006,13.121347983726366,-0.11723437438833154,18.35347691357095,-1.1022834658019458
0.3,7,0.9,100,5,0.6,1.6704865891589478,0.9877836490395545,13.254092862256451,-0.1247442220191282,20.77497799342507,-1.6936162274715238
0.3,7,0.6,100,10,0.6,5.107992967628727,0.8915404554652385,13.76902387418246,-0.26294107812378303,12.481362845838202,0.027748565863117136
0.3,7,0.7,100,10,0.6,4.322545776515637,0.9231439525079843,13.781272823947495,-0.2538698776570934,12.575010120416193,0.01310428928827534
0.3,7,0.8,100,10,0.6,3.6720408921867795,0.9443260473222335,13.487038434842423,-0.17486197714925925,14.428117009460872,-0.2991936414056655
0.3,7,0.9,100,10,0.6,3.0313126983059493,0.9613402026578808,13.25262656744676,-0.11911851099001133,17.87518003363858,-0.9941389856976672
0.3,7,0.6,200,1,0.6,0.9843849772956315,0.9942853556581449,14.320926981771063,-0.4050114213904866,19.40021302457373,-1.348916466394659
0.3,7,0.7,200,1,0.6,0.8956690472136026,0.9948312071742658,14.577250313084198,-0.4482914440157827,20.96785773005133,-1.7438647304945643
0.3,7,0.8,200,1,0.6,0.8432313741383652,0.9949987988086578,13.887544723715703,-0.31489394711899305,20.657815007499103,-1.6633199537139256
0.3,7,0.9,200,1,0.6,0.8411778370022738,0.9950856755545356,14.103858507982014,-0.34453350791298465,22.320702393065947,-2.10935485598104
0.3,7,0.6,200,3,0.6,1.3219008952157254,0.9919787745783705,13.665510097536213,-0.26047613875360537,19.227830049845053,-1.3073587521216847
0.3,7,0.7,200,3,0.6,1.0547830494281585,0.9940988343519639,13.935547970523226,-0.2842939944882113,20.256291029369798,-1.5607927466815745
0.3,7,0.8,200,3,0.6,0.9682074918672992,0.9945564729770121,13.478263874115314,-0.20407556058720094,20.100601312803647,-1.5215795525700337
0.3,7,0.9,200,3,0.6,0.8999678724663402,0.9948488743005293,13.694800163985075,-0.24650760152253293,22.742313032958517,-2.227928013988433
0.3,7,0.6,200,5,0.6,1.6491999387467011,0.9883020709538559,13.67187789077644,-0.25743479871681885,19.105164841062702,-1.2780127645988837
0.3,7,0.7,200,5,0.6,1.3011247246153017,0.9922660414684256,13.805232804961332,-0.2626484069929299,19.12349120290415,-1.2823851643654018
0.3,7,0.8,200,5,0.6,1.1363607274198901,0.9936009168258109,13.23680424556446,-0.14830413209491486,20.276180561213206,-1.565824069957431
0.3,7,0.9,200,5,0.6,0.9924375376541577,0.994485511957784,13.649485550263009,-0.21422555473962662,22.074822265158243,-2.041228180220746
0.3,7,0.6,200,10,0.6,2.7626797816389868,0.9676544677123602,13.613538361077616,-0.21622719031181944,16.575781299894516,-0.7147570260386937
0.3,7,0.7,200,10,0.6,2.1573339513356267,0.9803443242350918,13.623680935357545,-0.2195464484344206,16.944265511807647,-0.7918434814116502
0.3,7,0.8,200,10,0.6,1.7300418378959068,0.9871477620189346,13.41699951797012,-0.1657243007083375,18.60414791640702,-1.1601014206825622
0.3,7,0.9,200,10,0.6,1.4086641801937498,0.9909476892323802,13.532639399319512,-0.17749558624324369,20.914228436860036,-1.7298467660499903
0.3,7,0.6,300,1,0.6,0.8879999119169939,0.9945987192941305,14.694644442460596,-0.4929405440907698,20.19619355733641,-1.5456202874210687
0.3,7,0.7,300,1,0.6,0.8436566760263808,0.9948720945444816,15.015314302934916,-0.5558898566105637,21.470375182657627,-1.8769601215128824
0.3,7,0.8,300,1,0.6,0.8020533451129435,0.9951217821356924,14.101313254019619,-0.3650136594261165,21.751367231970654,-1.952756922644665
0.3,7,0.9,300,1,0.6,0.7987404365539786,0.995255353521376,14.166181378466167,-0.3595237057228713,22.78365820607203,-2.239675328851386
0.3,7,0.6,300,3,0.6,1.0190337242397383,0.9943163007924607,14.032314783144335,-0.3386009202333172,20.025512811797853,-1.5027753416648988
0.3,7,0.7,300,3,0.6,0.8931623822846273,0.9949093274371428,14.335120827094864,-0.37360572710998646,20.651172521568583,-1.6616074569132393
0.3,7,0.8,300,3,0.6,0.8403303567900717,0.995141815476982,13.722316420499373,-0.2600112346361992,21.06682018353176,-1.7698264081148745
0.3,7,0.9,300,3,0.6,0.8258538599510526,0.9951728802195567,13.848159598749017,-0.2817461361801649,23.317289076115017,-2.3932096133587017
0.3,7,0.6,300,5,0.6,1.1815142364709923,0.9932335623945148,13.880590258075381,-0.28684547980659864,19.49246724623343,-1.3713092816656065
0.3,7,0.7,300,5,0.6,1.003455902880018,0.9944704766622502,14.143044089582194,-0.3275040672810032,19.57752575920062,-1.392049613199875
0.3,7,0.8,300,5,0.6,0.9097682652252093,0.9949191850325256,13.491543328823989,-0.20119797312503898,20.908045571293567,-1.728232957463808
0.3,7,0.9,300,5,0.6,0.862834737545306,0.9950677655596731,13.852333354014311,-0.25952375510782766,22.569999074331545,-2.179198592249602
0.3,7,0.6,300,10,0.6,1.773917934012323,0.986208797674751,13.809346723243284,-0.25983185346830545,17.76537364192263,-0.9697144319409008
0.3,7,0.7,300,10,0.6,1.3877523803670009,0.9913009949622872,13.858537867739534,-0.2678906426527464,18.476267254481403,-1.1305073955309672
0.3,7,0.8,300,10,0.6,1.187603271334487,0.9932735320225884,13.565168158255029,-0.1981829266983302,19.699786260693394,-1.4220193208553527
0.3,7,0.9,300,10,0.6,1.0351804502965298,0.9943287784643197,13.70532884923421,-0.21461354358879792,21.559820791801666,-1.9009808915204989
0.3,7,0.6,400,1,0.6,0.8426020355399023,0.9948830411916492,15.084758639380656,-0.5672488569897662,20.80301963096799,-1.700892710428585
0.3,7,0.7,400,1,0.6,0.8164572102339183,0.9950333669877958,15.382438228501368,-0.633412967329442,21.913598263499054,-1.9969670357354752
0.3,7,0.8,400,1,0.6,0.7874471906930146,0.995218489802596,14.286424287068513,-0.3941325560946461,21.78717475493037,-1.9624866962550152
0.3,7,0.9,400,1,0.6,0.7882558244157128,0.9952453663552419,14.20543820726673,-0.36487003836985454,22.694450655028074,-2.214355626908652
0.3,7,0.6,400,3,0.6,0.900595014311474,0.9949182712449725,14.432785989303602,-0.42389011538006993,20.54690657291022,-1.634798862707167
0.3,7,0.7,400,3,0.6,0.8418748210023862,0.9950971793081018,14.676759463092386,-0.4447147079491132,21.303755667326477,-1.8324804434305966
0.3,7,0.8,400,3,0.6,0.8066367862661498,0.9952490994447135,13.91285780156384,-0.2972971129552568,21.235952576779283,-1.8144793630193652
0.3,7,0.9,400,3,0.6,0.8014233978501272,0.995252906608701,13.9336622975848,-0.2995660273998038,23.2873525881695,-2.384502291522364
0.3,7,0.6,400,5,0.6,1.0008482366952696,0.9944691367247115,14.24256271030878,-0.365049772339071,19.826948308166635,-1.453388490600846
0.3,7,0.7,400,5,0.6,0.9004384723824355,0.9949557760848935,14.478339089673629,-0.4027461087892286,20.104894514847995,-1.5226568145309023
0.3,7,0.8,400,5,0.6,0.8438599589386054,0.9951708452178692,13.689042454421791,-0.244021010803682,21.05850690996106,-1.7676408118822984
0.3,7,0.9,400,5,0.6,0.8232404020100796,0.9952116909576055,13.966306056203805,-0.28598478721419546,22.631294516868262,-2.1964901302582533
0.3,7,0.6,400,10,0.6,1.3614829384001985,0.9915910508897061,14.024370333197444,-0.31258575806301747,18.033408197048814,-1.0295988192728016
0.3,7,0.7,400,10,0.6,1.1231327672691713,0.9937103886935905,14.09766598738691,-0.3237069983366917,18.782840838711493,-1.2017962704678236
0.3,7,0.8,400,10,0.6,1.00867142152886,0.9945163732702118,13.71932845793025,-0.23377752912784708,19.74482896503349,-1.4331076665273135
0.3,7,0.9,400,10,0.6,0.91701052570825,0.9949497047137283,13.830999800382012,-0.24539965632215685,21.566091423767887,-1.9026686262279027
0.3,8,0.6,100,1,0.6,1.3642254500991151,0.9914025671193499,14.085337186461151,-0.35752060749803577,18.63473040700977,-1.167209037674748
0.3,8,0.7,100,1,0.6,1.1440886340649001,0.9935128409023799,14.45523199284205,-0.41883561649679224,19.373181052937458,-1.3423751355208307
0.3,8,0.8,100,1,0.6,1.0867246523029062,0.9938298507454002,13.719503653364987,-0.26110992951820416,19.694760137167314,-1.420783590152877
0.3,8,0.9,100,1,0.6,1.0329262631105836,0.9941931913317255,13.819690321863742,-0.27704749140076423,20.599626321284287,-1.648337069703051
0.3,8,0.6,100,3,0.6,2.18708024887815,0.980027804027309,13.615977894971106,-0.26990199695567546,18.103527022582984,-1.045412775244254
0.3,8,0.7,100,3,0.6,1.6835250980441674,0.9879992840464858,13.796547412557583,-0.2667414010803698,18.89152283066343,-1.227350223386515
0.3,8,0.8,100,3,0.6,1.4982016477651443,0.9902707201017729,13.276119767304744,-0.15522568106426493,18.94259770305673,-1.239410173415548
0.3,8,0.9,100,3,0.6,1.2742855631991623,0.9923773183246709,13.250129375911513,-0.1435257745539608,21.70490802285542,-1.9401566806376067
0.3,8,0.6,100,5,0.6,3.0996811248821077,0.9598841430443757,13.57509544757647,-0.24421705698848592,16.973323352211626,-0.7979944410971627
0.3,8,0.7,100,5,0.6,2.4631053771336497,0.9748841211981499,13.759677581334628,-0.25254687424593214,16.95067535545747,-0.7931994102319144
0.3,8,0.8,100,5,0.6,2.0590483346714192,0.982238813389006,13.121347983726366,-0.11723437438833154,18.35347691357095,-1.1022834658019458
0.3,8,0.9,100,5,0.6,1.6704865891589478,0.9877836490395545,13.254092862256451,-0.1247442220191282,20.77497799342507,-1.6936162274715238
0.3,8,0.6,100,10,0.6,5.107992967628727,0.8915404554652385,13.76902387418246,-0.26294107812378303,12.481362845838202,0.027748565863117136
0.3,8,0.7,100,10,0.6,4.322545776515637,0.9231439525079843,13.781272823947495,-0.2538698776570934,12.575010120416193,0.01310428928827534
0.3,8,0.8,100,10,0.6,3.6720408921867795,0.9443260473222335,13.487038434842423,-0.17486197714925925,14.428117009460872,-0.2991936414056655
0.3,8,0.9,100,10,0.6,3.0313126983059493,0.9613402026578808,13.25262656744676,-0.11911851099001133,17.87518003363858,-0.9941389856976672
0.3,8,0.6,200,1,0.6,0.9843849772956315,0.9942853556581449,14.320926981771063,-0.4050114213904866,19.40021302457373,-1.348916466394659
0.3,8,0.7,200,1,0.6,0.8956690472136026,0.9948312071742658,14.577250313084198,-0.4482914440157827,20.96785773005133,-1.7438647304945643
0.3,8,0.8,200,1,0.6,0.8432313741383652,0.9949987988086578,13.887544723715703,-0.31489394711899305,20.657815007499103,-1.6633199537139256
0.3,8,0.9,200,1,0.6,0.8411778370022738,0.9950856755545356,14.103858507982014,-0.34453350791298465,22.320702393065947,-2.10935485598104
0.3,8,0.6,200,3,0.6,1.3219008952157254,0.9919787745783705,13.665510097536213,-0.26047613875360537,19.227830049845053,-1.3073587521216847
0.3,8,0.7,200,3,0.6,1.0547830494281585,0.9940988343519639,13.935547970523226,-0.2842939944882113,20.256291029369798,-1.5607927466815745
0.3,8,0.8,200,3,0.6,0.9682074918672992,0.9945564729770121,13.478263874115314,-0.20407556058720094,20.100601312803647,-1.5215795525700337
0.3,8,0.9,200,3,0.6,0.8999678724663402,0.9948488743005293,13.694800163985075,-0.24650760152253293,22.742313032958517,-2.227928013988433
0.3,8,0.6,200,5,0.6,1.6491999387467011,0.9883020709538559,13.67187789077644,-0.25743479871681885,19.105164841062702,-1.2780127645988837
0.3,8,0.7,200,5,0.6,1.3011247246153017,0.9922660414684256,13.805232804961332,-0.2626484069929299,19.12349120290415,-1.2823851643654018
0.3,8,0.8,200,5,0.6,1.1363607274198901,0.9936009168258109,13.23680424556446,-0.14830413209491486,20.276180561213206,-1.565824069957431
0.3,8,0.9,200,5,0.6,0.9924375376541577,0.994485511957784,13.649485550263009,-0.21422555473962662,22.074822265158243,-2.041228180220746
0.3,8,0.6,200,10,0.6,2.7626797816389868,0.9676544677123602,13.613538361077616,-0.21622719031181944,16.575781299894516,-0.7147570260386937
0.3,8,0.7,200,10,0.6,2.1573339513356267,0.9803443242350918,13.623680935357545,-0.2195464484344206,16.944265511807647,-0.7918434814116502
0.3,8,0.8,200,10,0.6,1.7300418378959068,0.9871477620189346,13.41699951797012,-0.1657243007083375,18.60414791640702,-1.1601014206825622
0.3,8,0.9,200,10,0.6,1.4086641801937498,0.9909476892323802,13.532639399319512,-0.17749558624324369,20.914228436860036,-1.7298467660499903
0.3,8,0.6,300,1,0.6,0.8879999119169939,0.9945987192941305,14.694644442460596,-0.4929405440907698,20.19619355733641,-1.5456202874210687
0.3,8,0.7,300,1,0.6,0.8436566760263808,0.9948720945444816,15.015314302934916,-0.5558898566105637,21.470375182657627,-1.8769601215128824
0.3,8,0.8,300,1,0.6,0.8020533451129435,0.9951217821356924,14.101313254019619,-0.3650136594261165,21.751367231970654,-1.952756922644665
0.3,8,0.9,300,1,0.6,0.7987404365539786,0.995255353521376,14.166181378466167,-0.3595237057228713,22.78365820607203,-2.239675328851386
0.3,8,0.6,300,3,0.6,1.0190337242397383,0.9943163007924607,14.032314783144335,-0.3386009202333172,20.025512811797853,-1.5027753416648988
0.3,8,0.7,300,3,0.6,0.8931623822846273,0.9949093274371428,14.335120827094864,-0.37360572710998646,20.651172521568583,-1.6616074569132393
0.3,8,0.8,300,3,0.6,0.8403303567900717,0.995141815476982,13.722316420499373,-0.2600112346361992,21.06682018353176,-1.7698264081148745
0.3,8,0.9,300,3,0.6,0.8258538599510526,0.9951728802195567,13.848159598749017,-0.2817461361801649,23.317289076115017,-2.3932096133587017
0.3,8,0.6,300,5,0.6,1.1815142364709923,0.9932335623945148,13.880590258075381,-0.28684547980659864,19.49246724623343,-1.3713092816656065
0.3,8,0.7,300,5,0.6,1.003455902880018,0.9944704766622502,14.143044089582194,-0.3275040672810032,19.57752575920062,-1.392049613199875
0.3,8,0.8,300,5,0.6,0.9097682652252093,0.9949191850325256,13.491543328823989,-0.20119797312503898,20.908045571293567,-1.728232957463808
0.3,8,0.9,300,5,0.6,0.862834737545306,0.9950677655596731,13.852333354014311,-0.25952375510782766,22.569999074331545,-2.179198592249602
0.3,8,0.6,300,10,0.6,1.773917934012323,0.986208797674751,13.809346723243284,-0.25983185346830545,17.76537364192263,-0.9697144319409008
0.3,8,0.7,300,10,0.6,1.3877523803670009,0.9913009949622872,13.858537867739534,-0.2678906426527464,18.476267254481403,-1.1305073955309672
0.3,8,0.8,300,10,0.6,1.187603271334487,0.9932735320225884,13.565168158255029,-0.1981829266983302,19.699786260693394,-1.4220193208553527
0.3,8,0.9,300,10,0.6,1.0351804502965298,0.9943287784643197,13.70532884923421,-0.21461354358879792,21.559820791801666,-1.9009808915204989
0.3,8,0.6,400,1,0.6,0.8426020355399023,0.9948830411916492,15.084758639380656,-0.5672488569897662,20.80301963096799,-1.700892710428585
0.3,8,0.7,400,1,0.6,0.8164572102339183,0.9950333669877958,15.382438228501368,-0.633412967329442,21.913598263499054,-1.9969670357354752
0.3,8,0.8,400,1,0.6,0.7874471906930146,0.995218489802596,14.286424287068513,-0.3941325560946461,21.78717475493037,-1.9624866962550152
0.3,8,0.9,400,1,0.6,0.7882558244157128,0.9952453663552419,14.20543820726673,-0.36487003836985454,22.694450655028074,-2.214355626908652
0.3,8,0.6,400,3,0.6,0.900595014311474,0.9949182712449725,14.432785989303602,-0.42389011538006993,20.54690657291022,-1.634798862707167
0.3,8,0.7,400,3,0.6,0.8418748210023862,0.9950971793081018,14.676759463092386,-0.4447147079491132,21.303755667326477,-1.8324804434305966
0.3,8,0.8,400,3,0.6,0.8066367862661498,0.9952490994447135,13.91285780156384,-0.2972971129552568,21.235952576779283,-1.8144793630193652
0.3,8,0.9,400,3,0.6,0.8014233978501272,0.995252906608701,13.9336622975848,-0.2995660273998038,23.2873525881695,-2.384502291522364
0.3,8,0.6,400,5,0.6,1.0008482366952696,0.9944691367247115,14.24256271030878,-0.365049772339071,19.826948308166635,-1.453388490600846
0.3,8,0.7,400,5,0.6,0.9004384723824355,0.9949557760848935,14.478339089673629,-0.4027461087892286,20.104894514847995,-1.5226568145309023
0.3,8,0.8,400,5,0.6,0.8438599589386054,0.9951708452178692,13.689042454421791,-0.244021010803682,21.05850690996106,-1.7676408118822984
0.3,8,0.9,400,5,0.6,0.8232404020100796,0.9952116909576055,13.966306056203805,-0.28598478721419546,22.631294516868262,-2.1964901302582533
0.3,8,0.6,400,10,0.6,1.3614829384001985,0.9915910508897061,14.024370333197444,-0.31258575806301747,18.033408197048814,-1.0295988192728016
0.3,8,0.7,400,10,0.6,1.1231327672691713,0.9937103886935905,14.09766598738691,-0.3237069983366917,18.782840838711493,-1.2017962704678236
0.3,8,0.8,400,10,0.6,1.00867142152886,0.9945163732702118,13.71932845793025,-0.23377752912784708,19.74482896503349,-1.4331076665273135
0.3,8,0.9,400,10,0.6,0.91701052570825,0.9949497047137283,13.830999800382012,-0.24539965632215685,21.566091423767887,-1.9026686262279027
0.4,3,0.6,100,1,0.6,1.1523107699975843,0.9930720874636307,14.042910508892376,-0.35570757924649543,19.39895960443161,-1.3486129559025009
0.4,3,0.7,100,1,0.6,0.996528141944786,0.9944145425914673,14.606183337444595,-0.44573028105912693,19.414482485306774,-1.3523731395685203
0.4,3,0.8,100,1,0.6,0.9299361766240235,0.9947150598595282,13.921150239643708,-0.3184617262629067,19.906167455583955,-1.473032826954777
0.4,3,0.9,100,1,0.6,0.9109485746929508,0.9948730035463834,13.855450594473817,-0.2771913703536149,20.17524603875799,-1.5403423845301698
0.4,3,0.6,100,3,0.6,1.6634098710108045,0.9881663988285474,13.586467956176705,-0.2629777657302656,19.7991773712836,-1.4465205470182063
0.4,3,0.7,100,3,0.6,1.2933289016245142,0.9924265789386372,14.019556385656184,-0.30706272835350357,19.722653456619582,-1.4276454666928582
0.4,3,0.8,100,3,0.6,1.1815881798541732,0.9932530559946422,13.155495249810603,-0.13565215157419938,19.519257128433058,-1.3778318783602082
0.4,3,0.9,100,3,0.6,1.0605900496916891,0.9941032344459163,13.285264798473397,-0.15917752554082437,21.598244725767554,-1.9113303677685507
0.4,3,0.6,100,5,0.6,2.3497677685415477,0.9769608142789814,13.600925580008646,-0.2724922679537837,17.529450698234434,-0.9177464588765345
0.4,3,0.7,100,5,0.6,1.7872745177260267,0.9865118728486992,13.609761452461049,-0.225915474892418,17.815025981303915,-0.9807401050347739
0.4,3,0.8,100,5,0.6,1.5605208780905973,0.9896007271310279,13.087391741802842,-0.1040621872284924,18.942555322330932,-1.2394001528551337
0.4,3,0.9,100,5,0.6,1.2796484357011422,0.9923543372157049,13.118290912553665,-0.10319213053826112,21.901192119094546,-1.9935745959708786
0.4,3,0.6,100,10,0.6,3.984599227118936,0.9337337660483659,13.588345493554746,-0.25799127925444854,14.357588098246316,-0.28652299923012037
0.4,3,0.7,100,10,0.6,3.2365729292926217,0.9567352368574387,13.827614297613843,-0.2650955152217075,15.154319881938315,-0.43326823340837395
0.4,3,0.8,100,10,0.6,2.677232085231625,0.9700677100634699,13.23941935322589,-0.12464703737673621,16.526142414554844,-0.7045021638340343
0.4,3,0.9,100,10,0.6,2.182916922742737,0.9795310207071368,13.29846281471049,-0.1237379937936693,19.699322837072465,-1.4219053695924617
0.4,3,0.6,200,1,0.6,0.8979682761108434,0.9946106795631033,14.339304278642379,-0.4076266476525312,19.32157766319906,-1.329913215821123
0.4,3,0.7,200,1,0.6,0.8606578729558599,0.9948858050213427,14.5921355981049,-0.44965314751554414,20.691961816626872,-1.672132022362736
0.4,3,0.8,200,1,0.6,0.8157589646003999,0.9950390853655444,13.863562868690241,-0.32298377755071017,20.24369624748607,-1.5576092814393605
0.4,3,0.9,200,1,0.6,0.8146562393416981,0.9951578928774918,14.00789605911694,-0.31426994538678443,21.61745472328254,-1.9165114851318288
0.4,3,0.6,200,3,0.6,1.0960613255279497,0.9937521691408596,13.68121984785389,-0.26382589529634715,20.331227108852744,-1.5797745748872618
0.4,3,0.7,200,3,0.6,0.9302580145744331,0.9947779930066554,14.138961040339527,-0.3304686335130549,21.064664767162046,-1.7692596568237509
0.4,3,0.8,200,3,0.6,0.8717660928931806,0.9949624380125943,13.372914081353755,-0.18894730946010424,20.41076721644116,-1.599999318880044
0.4,3,0.9,200,3,0.6,0.8468621736719035,0.9950977550101007,13.58866181841017,-0.2299854732515545,22.500190974967808,-2.159562738980925
0.4,3,0.6,200,5,0.6,1.3716849251990564,0.9916216085624153,13.613500883521871,-0.25078153084013943,18.819727795435433,-1.2104528219013426
0.4,3,0.7,200,5,0.6,1.088250948120652,0.9939482156551186,13.642656325379718,-0.2274245196201302,19.408552613848904,-1.3509363626625976
0.4,3,0.8,200,5,0.6,0.9949170059755247,0.9945256644996545,13.195907488169459,-0.12897349252955176,20.047698756046877,-1.5083239828550434
0.4,3,0.9,200,5,0.6,0.8914416882438954,0.9949629477771866,13.502220242568509,-0.18686577809885335,22.443791471753016,-2.14374292378809
0.4,3,0.6,200,10,0.6,2.0687631048478305,0.9817880178768033,13.485272008434942,-0.22251907691893985,17.43796622632083,-0.89778163367407
0.4,3,0.7,200,10,0.6,1.592853270634856,0.9890249040800818,13.706669902156367,-0.23978094821687596,18.299726132788564,-1.0899878216764618
0.4,3,0.8,200,10,0.6,1.3282861129359955,0.9920429329154979,13.29626763705996,-0.14365756098160967,19.43072789381656,-1.3563115655651004
0.4,3,0.9,200,10,0.6,1.1308963228407287,0.9936753217197116,13.6497715982991,-0.20070959090556242,21.405635484755095,-1.8596364630205606
0.4,3,0.6,300,1,0.6,0.8686614766349463,0.9943946500681603,14.718387729694337,-0.5023619920576979,20.375464790391042,-1.5910131885677883
0.4,3,0.7,300,1,0.6,0.8463277132550339,0.9946668173496647,15.083989153355649,-0.5760682471711809,20.969744210980725,-1.7443584844495414
0.4,3,0.8,300,1,0.6,0.7997589566658249,0.9950433624388865,14.06715963071768,-0.36989553033758876,21.31409829853984,-1.8352313585557996
0.4,3,0.9,300,1,0.6,0.7868506817547474,0.9952783991053036,14.011220242682672,-0.3185141018975488,22.115419839652322,-2.052424648221973
0.4,3,0.6,300,3,0.6,0.9135395093079168,0.9947252668455798,14.03008011562105,-0.3397434448604177,20.95305240808799,-1.739991234295898
0.4,3,0.7,300,3,0.6,0.8483161262875946,0.99499462147991,14.517539071981469,-0.42153171349898305,21.20883678098061,-1.8072964383424979
0.4,3,0.8,300,3,0.6,0.8059102598257439,0.9952092791340924,13.582042457897277,-0.23671059366862135,21.32661369044139,-1.8385619662121138
0.4,3,0.9,300,3,0.6,0.8036784507605212,0.9952498333035431,13.6669709867731,-0.24956544863517321,23.16929762530106,-2.350273882318388
0.4,3,0.6,300,5,0.6,1.0357074386282739,0.9942699179003208,13.86484966606045,-0.2952305563018028,19.38788238456577,-1.3459315054795997
0.4,3,0.7,300,5,0.6,0.9013800893524812,0.9949058649242138,14.052535400748997,-0.31208629935818827,20.00296662777502,-1.4971428998341603
0.4,3,0.8,300,5,0.6,0.852728722158344,0.9951426657444176,13.43456915946472,-0.18386958317572422,20.81623610904942,-1.704325637872937
0.4,3,0.9,300,5,0.6,0.8227619032793058,0.9952113393432345,13.61891177599981,-0.21699179215542963,22.94985983454273,-2.28711312017849
0.4,3,0.6,300,10,0.6,1.3647779414844936,0.9915015460634782,13.734881283752191,-0.2671063649363975,18.208449939769167,-1.069190748046653
0.4,3,0.7,300,10,0.6,1.1213594354368215,0.9937829567909098,13.94585086994152,-0.28491947865666184,19.025754849158428,-1.2591151491613637
0.4,3,0.8,300,10,0.6,0.9976695857568272,0.9945847744215224,13.458118232077274,-0.1785883873209062,20.001244028005292,-1.4967128243714223
0.4,3,0.9,300,10,0.6,0.9212383956967933,0.9949408852568506,13.808067311273543,-0.23718388217940162,21.708870174609984,-1.9412302083587565
0.4,3,0.6,400,1,0.6,0.8280005091720847,0.9947912061200235,15.17351754563225,-0.5828393196175865,20.877355791097358,-1.720229586801374
0.4,3,0.7,400,1,0.6,0.8113280910568786,0.9949814057182568,15.475099241532863,-0.6619746549406752,21.319126389555628,-1.8365692038284958
0.4,3,0.8,400,1,0.6,0.7842619511925782,0.9951874885114662,14.257851184828525,-0.3953847230598263,21.376153050330487,-1.8517646122414253
0.4,3,0.9,400,1,0.6,0.7820298503520092,0.9952298588110147,14.07280017981777,-0.327138816749053,21.942823631919982,-2.0049662580282677
0.4,3,0.6,400,3,0.6,0.8519025838418605,0.9949619593504672,14.446477015194592,-0.41838748945710547,21.39298463164413,-1.856257338816547
0.4,3,0.7,400,3,0.6,0.8180628168669687,0.9951120211945182,14.856918641436895,-0.4921343130537208,21.74641307319376,-1.9514120176958878
0.4,3,0.8,400,3,0.6,0.7887063613608108,0.9952599427696726,13.746303347772226,-0.26192792288010647,21.31583649135884,-1.835693811122955
0.4,3,0.9,400,3,0.6,0.7901297641201598,0.9952671552266299,13.734822980864513,-0.2613212267631602,23.09032408892805,-2.327473704305871
0.4,3,0.6,400,5,0.6,0.9084101648058185,0.9949081831002176,14.284340852094465,-0.38582142431558475,19.885331061697034,-1.4678583384292518
0.4,3,0.7,400,5,0.6,0.8425117272065548,0.9951252419294555,14.421054223454657,-0.3908323866130208,20.56098063661898,-1.6384096278709621
0.4,3,0.8,400,5,0.6,0.813845121904123,0.9952493447984858,13.622501303869655,-0.2207563214388486,20.795850919355104,-1.6990315782249912
0.4,3,0.9,400,5,0.6,0.8002632155273648,0.9952649748334312,13.695812202507316,-0.23362698574833912,22.94222105340847,-2.2849252759774026
0.4,3,0.6,400,10,0.6,1.115321675232828,0.9937667528132476,14.02094403479604,-0.32606703439998075,18.28760983713184,-1.087221165279452
0.4,3,0.7,400,10,0.6,0.967043720145522,0.994702213754907,14.2209006693486,-0.34541016148839165,19.413705795151806,-1.352184926618401
0.4,3,0.8,400,10,0.6,0.895515775344929,0.9950422488367632,13.637465783654289,-0.21693993052417238,20.075205133936926,-1.5152117798335318
0.4,3,0.9,400,10,0.6,0.8537116154531266,0.995173088448681,13.934676940389561,-0.268114955998298,21.644895573218495,-1.9239205303140614
0.4,4,0.6,100,1,0.6,1.1572288318943715,0.9930410715925143,14.022996003097035,-0.35923163675919045,19.614206356734524,-1.4010215340723562
0.4,4,0.7,100,1,0.6,0.993679984430206,0.9944283463085016,14.768227317327094,-0.49391338285797826,19.112805953541972,-1.2798353118298929
0.4,4,0.8,100,1,0.6,0.9288867001394914,0.9947226343188508,13.967050715791476,-0.3274586962901074,19.949637048804856,-1.4838454666406768
0.4,4,0.9,100,1,0.6,0.9212488387576119,0.9948342673734242,14.060496030648588,-0.33354607724306073,19.990720750780714,-1.4940863187916267
0.4,4,0.6,100,3,0.6,1.6834429775143256,0.9879444405600284,13.54308853987789,-0.26991873806684025,19.8588891229749,-1.461299576765334
0.4,4,0.7,100,3,0.6,1.2837018222593448,0.9925041463056553,14.06122240646188,-0.31611468868807385,19.535251287183726,-1.3817302851330644
0.4,4,0.8,100,3,0.6,1.1744322404349132,0.9933029480101115,13.16558298339433,-0.12985225403304695,19.68482892501057,-1.4183428136461944
0.4,4,0.9,100,3,0.6,1.0501867966301779,0.9941425188467774,13.481026282481627,-0.21041481244435056,22.026894071521887,-2.0280364692418416
0.4,4,0.6,100,5,0.6,2.366760229928804,0.9767290744620075,13.633458962547047,-0.27483100763248347,17.62677091980857,-0.9390995059505043
0.4,4,0.7,100,5,0.6,1.7712394450269173,0.9866624536069463,13.757655861262824,-0.27242305611900675,17.769413034012388,-0.9706102592510888
0.4,4,0.8,100,5,0.6,1.5331826420925503,0.9898716291175195,13.115630748113706,-0.11308217541030943,18.912407865995995,-1.2322777246871612
0.4,4,0.9,100,5,0.6,1.2688445273712807,0.9924315482965609,13.264199408379003,-0.13340235456939634,21.481764767007025,-1.880013265288841
0.4,4,0.6,100,10,0.6,4.003678583220643,0.933197731134278,13.608330932059996,-0.2636647678267465,14.359506730052392,-0.2868668632349607
0.4,4,0.7,100,10,0.6,3.236917002419306,0.9567662654514193,13.771565206279641,-0.2475331401415235,15.179219017011182,-0.43798193317111744
0.4,4,0.8,100,10,0.6,2.680983736689901,0.9700132183645153,13.232707401650618,-0.12212243958895727,16.32770634454254,-0.6638146226207573
0.4,4,0.9,100,10,0.6,2.1875493748095596,0.9795058464366896,13.388597203568201,-0.14258854882106226,19.291972857162325,-1.3227788309862367
0.4,4,0.6,200,1,0.6,0.9031202562860992,0.9945827738764225,14.291105989547185,-0.40599579404300223,19.50763005205419,-1.3749999059811708
0.4,4,0.7,200,1,0.6,0.8558187359982533,0.9949020667414086,14.752968712815278,-0.4968821264389658,20.60001585629596,-1.6484372297495633
0.4,4,0.8,200,1,0.6,0.8169429810479052,0.9950396265245326,13.916354404370347,-0.3352529204505854,20.367861085623403,-1.5890797236404826
0.4,4,0.9,200,1,0.6,0.8166909518254034,0.9951556764726762,14.21427156920987,-0.37207702427914113,21.57344363133639,-1.9046480910796673
0.4,4,0.6,200,3,0.6,1.1014998825343925,0.993750219552175,13.668466669581395,-0.27834181457455875,20.39691264489231,-1.5964708232962561
0.4,4,0.7,200,3,0.6,0.927275611047145,0.9947864929365245,14.208297208064087,-0.3429399579146427,20.87335418982236,-1.7191869038973264
0.4,4,0.8,200,3,0.6,0.8704303533563686,0.9949627793601049,13.392023973751105,-0.18679068915340266,20.610948569839312,-1.6512491002915484
0.4,4,0.9,200,3,0.6,0.8460778252644783,0.9950929193840562,13.806525112921111,-0.291433090188819,22.866465143942346,-2.263267247142374
0.4,4,0.6,200,5,0.6,1.3640850600442476,0.9916996076271685,13.675612512405058,-0.26101151822603114,18.92881134182124,-1.2361516886671864
0.4,4,0.7,200,5,0.6,1.0679417216137554,0.9940571834155575,13.818616193827665,-0.27682490299130774,19.377599203693112,-1.3434436380567338
0.4,4,0.8,200,5,0.6,0.9773029699833085,0.9945945011763273,13.243999308624822,-0.14613422568767223,20.07853556395685,-1.5160463846709664
0.4,4,0.9,200,5,0.6,0.8822111864486402,0.9949763604865154,13.638401404961815,-0.21820114306645205,22.181105440413727,-2.0705837520489108
0.4,4,0.6,200,10,0.6,2.0711290976731793,0.9817525026334444,13.547613958931453,-0.237727152968003,17.401563275445536,-0.8898664053724121
0.4,4,0.7,200,10,0.6,1.5942815958410714,0.9890072311804848,13.70462875680004,-0.23868110951555405,18.276895039531166,-1.0847760561699173
0.4,4,0.8,200,10,0.6,1.315236631055426,0.9921434747726288,13.336181087690289,-0.1515653481630663,19.287010916373468,-1.3215841362892666
0.4,4,0.9,200,10,0.6,1.1318205531507397,0.9936836192548565,13.745543165405511,-0.22220808781189696,21.137399330740372,-1.7884167276562195
0.4,4,0.6,300,1,0.6,0.8723546926933441,0.9943851655785775,14.678889418165232,-0.5019611637440698,20.524135783257986,-1.6289621490004889
0.4,4,0.7,300,1,0.6,0.8411422400135017,0.9946911358680538,15.273592035395433,-0.6334989083575059,20.848793139067443,-1.7127914971642082
0.4,4,0.8,300,1,0.6,0.8009085276610299,0.9950408465033285,14.114707572491128,-0.3817483280403719,21.471208761187235,-1.8771835194480793
0.4,4,0.9,300,1,0.6,0.7878051847194688,0.9952772206530097,14.22587400076157,-0.37852343352993933,22.046261089439678,-2.0333635768747462
0.4,4,0.6,300,3,0.6,0.9178329757240486,0.9947171532999265,14.045432314605435,-0.3614042047438767,21.007303887569794,-1.7541983307319833
0.4,4,0.7,300,3,0.6,0.8471942415808764,0.9949999321432899,14.5902352749665,-0.4360800654023421,20.990519478839808,-1.7497989919780665
0.4,4,0.8,300,3,0.6,0.8069828037677755,0.9952062264471037,13.589484956274976,-0.23280081190872756,21.484400908222966,-1.8807201520449506
0.4,4,0.9,300,3,0.6,0.8045677027935708,0.9952468139465486,13.874819264635232,-0.3087790715248101,23.506341978583585,-2.448455889947484
0.4,4,0.6,300,5,0.6,1.0267761708539032,0.994316380025443,13.961520647374604,-0.31723325921262147,19.445615614480964,-1.3599237356983784
0.4,4,0.7,300,5,0.6,0.8942798895120376,0.994932058500224,14.242630563205385,-0.3667319247828561,19.942232785650173,-1.4820020614170226
0.4,4,0.8,300,5,0.6,0.8450873299201171,0.9951587651923102,13.47637687010442,-0.19975041703726276,20.825597443321566,-1.706758526185156
0.4,4,0.9,300,5,0.6,0.8195022469020419,0.9952106249377382,13.754243860088616,-0.24811162756555616,22.701138869465638,-2.2162504925644337
0.4,4,0.6,300,10,0.6,1.3651908809148185,0.9914982004596595,13.783050184989467,-0.28175424774261637,18.099922693375024,-1.04459839171564
0.4,4,0.7,300,10,0.6,1.1211972021723777,0.9937757587951171,13.95839483184822,-0.2875645512877265,19.00746750634877,-1.254774363882953
0.4,4,0.8,300,10,0.6,0.9883618351777258,0.9946282080597664,13.493192365372309,-0.1856457164484784,19.812477661611798,-1.4498085990720493
0.4,4,0.9,300,10,0.6,0.9205541846032181,0.9949393892557138,13.919504817639696,-0.26178649674811316,21.492434431925563,-1.88287489310129
0.4,4,0.6,400,1,0.6,0.8314004214806084,0.9947773973007259,15.12843299557301,-0.5806624087474209,21.116947773397,-1.7830234552711515
0.4,4,0.7,400,1,0.6,0.809089783441796,0.9949733147144239,15.668096038894493,-0.7213906436088567,21.193815015004034,-1.8033211504651723
0.4,4,0.8,400,1,0.6,0.7850310471364119,0.9951861335325075,14.309038271480949,-0.4086503629515656,21.481319039047424,-1.8798937509814801
0.4,4,0.9,400,1,0.6,0.782587786883161,0.9952290512285284,14.289323045218907,-0.3880974903475556,21.88295924675884,-1.98859233350379
0.4,4,0.6,400,3,0.6,0.8499039668375937,0.994985979860029,14.461016147190815,-0.442666207277147,21.40212851360103,-1.8586995283450127
0.4,4,0.7,400,3,0.6,0.8179547118404276,0.9951095140808102,14.933049596959677,-0.5079921441765519,21.5160000443627,-1.8892002777498123
0.4,4,0.8,400,3,0.6,0.7899907983933703,0.9952580521400497,13.751136316542343,-0.25764568996834275,21.463690564224574,-1.875168966329746
0.4,4,0.9,400,3,0.6,0.7912619819552879,0.9952652421741528,13.934473489573222,-0.3191743073658609,23.415040020791814,-2.421719334176954
0.4,4,0.6,400,5,0.6,0.9028744489298894,0.9949344101551881,14.365178630493528,-0.4021104615483081,19.83232619934341,-1.454719592644338
0.4,4,0.7,400,5,0.6,0.840432669596986,0.9951266367411822,14.590597417887981,-0.44210642719220894,20.51108137714983,-1.6256189022589864
0.4,4,0.8,400,5,0.6,0.810121250111591,0.9952540903385195,13.650746690475907,-0.23381164892419565,20.875327907064076,-1.7197011633465316
0.4,4,0.9,400,5,0.6,0.7995966493050932,0.9952626777413537,13.827940120117006,-0.26433330653410125,22.693243979245775,-2.214013818064385
0.4,4,0.6,400,10,0.6,1.1155002416365636,0.9937619106345279,14.056104543586361,-0.3390024093120621,18.18321885228645,-1.0634602480637185
0.4,4,0.7,400,10,0.6,0.9656378674013884,0.9947047217433325,14.233775892335306,-0.34795993474972564,19.471254275037413,-1.366150863942646
0.4,4,0.8,400,10,0.6,0.8895016538411864,0.9950621575953342,13.68583536045582,-0.2271809618050109,19.889900742828978,-1.4689927044022646
0.4,4,0.9,400,10,0.6,0.854170488094302,0.9951655057638888,14.050895483773852,-0.29430921756411216,21.52164441388023,-1.8907163451391709
0.4,5,0.6,100,1,0.6,1.1585465434332274,0.9930643004504859,14.055620749642236,-0.3608985390851128,19.67931147736373,-1.416987332228934
0.4,5,0.7,100,1,0.6,0.9986648520180464,0.9944065421133782,14.811847958309556,-0.5064954292908668,19.150766717393783,-1.2889004626787468
0.4,5,0.8,100,1,0.6,0.9328648186321106,0.9947069260554123,13.940556551481407,-0.3163386521615236,19.945153432051573,-1.482729119545159
0.4,5,0.9,100,1,0.6,0.9212201048684131,0.994829900385124,14.054564317524449,-0.32952252286403166,20.022139621224802,-1.501932254425642
0.4,5,0.6,100,3,0.6,1.659339776805141,0.988216530478493,13.52011182810269,-0.2621236780033605,19.949292772207233,-1.4837597385158419
0.4,5,0.7,100,3,0.6,1.2842383814669052,0.9925057023748831,14.024537625813768,-0.30676339487545856,19.418931221666316,-1.3534513333280187
0.4,5,0.8,100,3,0.6,1.1743840688774638,0.9933026707934551,13.172408100077746,-0.13781720547075094,19.586285198826996,-1.3941906091418992
0.4,5,0.9,100,3,0.6,1.0491030608837664,0.9941453634555053,13.451052174812498,-0.20334934466593863,22.009462868791687,-2.02324583171562
0.4,5,0.6,100,5,0.6,2.3551798021312234,0.9769425480509746,13.649852416741487,-0.27435411247354813,17.624218573711087,-0.9385379856635854
0.4,5,0.7,100,5,0.6,1.7882342443409258,0.986479161431666,13.711801739337474,-0.26197555529442157,17.792691767067158,-0.9757768180052351
0.4,5,0.8,100,5,0.6,1.5332400191661322,0.9898638813059482,13.157538399079266,-0.12008609084291606,18.907063099932504,-1.2310161913675146
0.4,5,0.9,100,5,0.6,1.2658188008883056,0.9924550893723836,13.257074216111576,-0.13154834297212223,21.479444705101635,-1.879391207621445
0.4,5,0.6,100,10,0.6,4.004056484820751,0.9331824069651095,13.608396273717,-0.26367909169449255,14.359824824555917,-0.2869238777017675
0.4,5,0.7,100,10,0.6,3.23596958104176,0.9567959266702628,13.76393265074314,-0.24583582052431324,15.178284580008633,-0.4378048934740868
0.4,5,0.8,100,10,0.6,2.6809588975853678,0.9700137014160006,13.232123249130598,-0.12198228931360404,16.32770634454254,-0.6638146226207573
0.4,5,0.9,100,10,0.6,2.1873138874024205,0.9795112227020173,13.384976063594786,-0.14177963664924664,19.291972857162325,-1.3227788309862367
0.4,5,0.6,200,1,0.6,0.9043516856902952,0.9945787199322842,14.336177811555,-0.41034596418953095,19.590730812815014,-1.395277579445807
0.4,5,0.7,200,1,0.6,0.8589380320785155,0.9948926886585531,14.788903317247843,-0.5084056965962229,20.643266341275474,-1.659569885411778
0.4,5,0.8,200,1,0.6,0.8185589751859521,0.9950368643372789,13.895968559368189,-0.32512334125820586,20.359910721242326,-1.587058882106128
0.4,5,0.9,200,1,0.6,0.817306283265428,0.995152409308643,14.203706159956827,-0.36741322010313116,21.612880846886785,-1.9152774497673586
0.4,5,0.6,200,3,0.6,1.09022560156617,0.993797777511546,13.633598079008806,-0.26521097200227656,20.46874493892994,-1.6147911326541822
0.4,5,0.7,200,3,0.6,0.9260010116625066,0.9947911177672019,14.174361323182424,-0.3343754582058446,20.82112333602606,-1.7055956277636994
0.4,5,0.8,200,3,0.6,0.8701297467334939,0.9949635370571507,13.40231172873053,-0.196172723316083,20.569222160509227,-1.6405251761832544
0.4,5,0.9,200,3,0.6,0.8461124137729492,0.99509226096737,13.776707348632428,-0.28350151498582643,22.861509732386725,-2.261853029428685
0.4,5,0.6,200,5,0.6,1.3565415180404,0.9917578063713259,13.68285033883816,-0.25935021819360704,18.927621162597607,-1.2358704942950594
0.4,5,0.7,200,5,0.6,1.075126328675567,0.9940119216574719,13.750959036067206,-0.26016041473835677,19.42603568409947,-1.3551736799311556
0.4,5,0.8,200,5,0.6,0.9763274167932685,0.9945993916157285,13.295548007526937,-0.15514598200608246,20.067719656249626,-1.5133364264911502
0.4,5,0.9,200,5,0.6,0.8809640737152744,0.9949787050761228,13.638164249590499,-0.21832366803227968,22.17861852454998,-2.0698952511642723
0.4,5,0.6,200,10,0.6,2.0736736814195593,0.9816986141315237,13.538931036989164,-0.2357935859994628,17.40490218901896,-0.8905917087105286
0.4,5,0.7,200,10,0.6,1.5906020808406418,0.9890511711585115,13.689480976447092,-0.23449522702761688,18.28498037192014,-1.0866209905240765
0.4,5,0.8,200,10,0.6,1.3129785720375877,0.992162422018307,13.33430015554394,-0.15038848844984518,19.28067505924861,-1.320059088220789
0.4,5,0.9,200,10,0.6,1.1296230237524594,0.9936962892398897,13.741085217911413,-0.2210843811578475,21.15738716902586,-1.7936927574459527
0.4,5,0.6,300,1,0.6,0.8723587413597121,0.9943857173669548,14.714383647448495,-0.5048363372974213,20.606133709262817,-1.650010544609763
0.4,5,0.7,300,1,0.6,0.8433501109095992,0.9946870351615467,15.306660274345655,-0.6446953202232544,20.901363302557034,-1.7264893346626335
0.4,5,0.8,300,1,0.6,0.8018987796222282,0.9950398772059078,14.091532706531671,-0.3711151272284498,21.461868789872636,-1.8746809154257704
0.4,5,0.9,300,1,0.6,0.7885239603891204,0.995275941152436,14.212984948726088,-0.3735460556969486,22.12388826876357,-2.0547627626262948
0.4,5,0.6,300,3,0.6,0.9126066801215886,0.9947260134182876,13.994924652825778,-0.3412402556138181,21.049227894683348,-1.7652023366781675
0.4,5,0.7,300,3,0.6,0.8469143691865997,0.9949987401024908,14.5512469287551,-0.42554306280164855,20.94824255135411,-1.7387334268518666
0.4,5,0.8,300,3,0.6,0.8064948081922105,0.9952069632309988,13.60763473957437,-0.2438649712746316,21.455131791923915,-1.8728764425757616
0.4,5,0.9,300,3,0.6,0.80460124093616,0.9952466654046106,13.843502856895455,-0.30038816081749686,23.502528000059836,-2.4473369349257146
0.4,5,0.6,300,5,0.6,1.0235548127544052,0.9943256283329223,13.957855726199176,-0.3119519413906804,19.4368681154375,-1.3578010168433718
0.4,5,0.7,300,5,0.6,0.8983366816561821,0.9949139093802462,14.173638540003301,-0.3488674435350372,19.974606321211112,-1.490066996024507
0.4,5,0.8,300,5,0.6,0.8457184415521232,0.9951573310382958,13.527157546738659,-0.20856344803968155,20.806181209612046,-1.7017137194682843
0.4,5,0.9,300,5,0.6,0.8187067408148303,0.9952117080649036,13.753281067659056,-0.24819138688370995,22.69763110761937,-2.215256624441762
0.4,5,0.6,300,10,0.6,1.3662386396165342,0.9914819080695946,13.776175046710232,-0.2794173285801037,18.12185161436903,-1.049555650123354
0.4,5,0.7,300,10,0.6,1.1192867234299082,0.9937850677272809,13.957593279229929,-0.28681573451179204,19.027591147817155,-1.2595512538359115
0.4,5,0.8,300,10,0.6,0.985953791882664,0.9946387860219769,13.494616581251197,-0.1854083148464339,19.820622172719602,-1.451823147148505
0.4,5,0.9,300,10,0.6,0.9190224779733638,0.9949444932188205,13.915763302096689,-0.26084637311572106,21.517135391110518,-1.8895051978722899
0.4,5,0.6,400,1,0.6,0.8314795125021541,0.9947768479930506,15.164051254733968,-0.5840138748473859,21.19820334334628,-1.8044821653409797
0.4,5,0.7,400,1,0.6,0.8105865589195769,0.9949714040937835,15.691992270538194,-0.7313959674839949,21.249456929398544,-1.8180600648073124
0.4,5,0.8,400,1,0.6,0.7856991922698795,0.9951856588915391,14.284056815475296,-0.39777915058593677,21.47458902827069,-1.8780895154186705
0.4,5,0.9,400,1,0.6,0.7831501668353957,0.9952284942021393,14.274476150814413,-0.3827660236315277,21.885785544509726,-1.9893643677757273
0.4,5,0.6,400,3,0.6,0.8485035725337354,0.994984522325724,14.401644261910263,-0.41896766536567365,21.463315251824238,-1.875068417253297
0.4,5,0.7,400,3,0.6,0.8172557549138626,0.9951111734552448,14.890967850617983,-0.49632441596020804,21.480224589409236,-1.8796003036028384
0.4,5,0.8,400,3,0.6,0.7896857679790459,0.995258134253949,13.768998141482385,-0.26847958923039106,21.438129251460598,-1.8683249120729242
0.4,5,0.9,400,3,0.6,0.7913083460323419,0.9952651398986371,13.902955158322069,-0.3106572051729205,23.413945762722783,-2.4213995263527583
0.4,5,0.6,400,5,0.6,0.9005146828598883,0.9949371962312394,14.360589873997075,-0.39783184802924904,19.847472206877377,-1.4584703779031574
0.4,5,0.7,400,5,0.6,0.8410006674439785,0.9951276402364266,14.532026308938532,-0.4260836944450429,20.53726822252759,-1.6323275263784542
0.4,5,0.8,400,5,0.6,0.8110492530998759,0.9952523975286984,13.697832195136787,-0.24206381355854334,20.85691630672977,-1.714905840471502
0.4,5,0.9,400,5,0.6,0.7993122609420065,0.9952628794044894,13.82200412764477,-0.2632729852530046,22.69127227051881,-2.2134553413830287
0.4,5,0.6,400,10,0.6,1.1149577424382822,0.993765180436094,14.04465558182809,-0.3357714465606669,18.24431623815226,-1.077350399765002
0.4,5,0.7,400,10,0.6,0.9647593210679293,0.9947079304920209,14.233217862510298,-0.34704199635086047,19.441595793398943,-1.3589481439922158
0.4,5,0.8,400,10,0.6,0.8887546757913312,0.9950651510563697,13.684813801006905,-0.22630656037130845,19.896182316749375,-1.4705524516742505
0.4,5,0.9,400,10,0.6,0.8534133902276159,0.995167674092303,14.045318504978223,-0.29283059529990024,21.542378669827073,-1.8962889420487237
0.4,6,0.6,100,1,0.6,1.1582645491468897,0.9930657716027248,14.051185326538995,-0.35926599034709683,19.67931147736373,-1.416987332228934
0.4,6,0.7,100,1,0.6,0.9986648520180464,0.9944065421133782,14.811847958309556,-0.5064954292908668,19.150766717393783,-1.2889004626787468
0.4,6,0.8,100,1,0.6,0.9328250324955031,0.9947070039927336,13.93813245742599,-0.3154508978979183,19.962731814150462,-1.4871072852035505
0.4,6,0.9,100,1,0.6,0.9218528786317769,0.9948287981035753,14.059374602795273,-0.3312460463667207,20.022139621224802,-1.501932254425642
0.4,6,0.6,100,3,0.6,1.659339776805141,0.988216530478493,13.52011182810269,-0.2621236780033605,19.995472869863622,-1.4952722294015937
0.4,6,0.7,100,3,0.6,1.2842383814669052,0.9925057023748831,14.024537625813768,-0.30676339487545856,19.418931221666316,-1.3534513333280187
0.4,6,0.8,100,3,0.6,1.174366331673056,0.993302759719118,13.170037312163606,-0.13708139595620947,19.58452963504829,-1.393761434757797
0.4,6,0.9,100,3,0.6,1.0489432040239641,0.9941459446948734,13.44844944301417,-0.20245147634862515,22.009462868791687,-2.02324583171562
0.4,6,0.6,100,5,0.6,2.3551798021312234,0.9769425480509746,13.649852416741487,-0.27435411247354813,17.624611139061816,-0.9386243453868746
0.4,6,0.7,100,5,0.6,1.7882342443409258,0.986479161431666,13.711801739337474,-0.26197555529442157,17.792691767067158,-0.9757768180052351
0.4,6,0.8,100,5,0.6,1.5332746080810893,0.9898635703223221,13.154785826582474,-0.11925867891048296,18.88569288682227,-1.225975710258001
0.4,6,0.9,100,5,0.6,1.2657469249402282,0.9924551955656641,13.255116687386035,-0.13100167785753147,21.479444705101635,-1.879391207621445
0.4,6,0.6,100,10,0.6,4.004056484820751,0.9331824069651095,13.608396273717,-0.26367909169449255,14.359824824555917,-0.2869238777017675
0.4,6,0.7,100,10,0.6,3.23596958104176,0.9567959266702628,13.76393265074314,-0.24583582052431324,15.178284580008633,-0.4378048934740868
0.4,6,0.8,100,10,0.6,2.6809588975853678,0.9700137014160006,13.232123249130598,-0.12198228931360404,16.32770634454254,-0.6638146226207573
0.4,6,0.9,100,10,0.6,2.1873138874024205,0.9795112227020173,13.384976063594786,-0.14177963664924664,19.291972857162325,-1.3227788309862367
0.4,6,0.6,200,1,0.6,0.9042310443106192,0.9945788505409728,14.331766586074846,-0.40857771285131844,19.590730812815014,-1.395277579445807
0.4,6,0.7,200,1,0.6,0.8589380320785155,0.9948926886585531,14.788903317247843,-0.5084056965962229,20.643266341275474,-1.659569885411778
0.4,6,0.8,200,1,0.6,0.8185163104825607,0.9950368729497878,13.893066033383102,-0.32401306299216814,20.375991704820915,-1.5911471987514911
0.4,6,0.9,200,1,0.6,0.817593072055223,0.9951523364970083,14.207828471764296,-0.36892471163855933,21.612880846886785,-1.9152774497673586
0.4,6,0.6,200,3,0.6,1.0902174993581448,0.9937978105057302,13.633578594288258,-0.265203505711832,20.41159534628758,-1.6002103036699453
0.4,6,0.7,200,3,0.6,0.9260010116625066,0.9947911177672019,14.174361323182424,-0.3343754582058446,20.82112333602606,-1.7055956277636994
0.4,6,0.8,200,3,0.6,0.8701596685580457,0.9949634982825112,13.400414939881244,-0.19552740972308086,20.57859252752398,-1.6429315215103095
0.4,6,0.9,200,3,0.6,0.8460625096672805,0.9950922977006126,13.775323670064939,-0.28298841955288334,22.861509732386725,-2.261853029428685
0.4,6,0.6,200,5,0.6,1.3555156250043707,0.9917655482932781,13.682450061604788,-0.2592035698975044,18.928379844087512,-1.2360497400164525
0.4,6,0.7,200,5,0.6,1.0761918471113305,0.9940079414194198,13.750899832824416,-0.2601393585297679,19.42603568409947,-1.3551736799311556
0.4,6,0.8,200,5,0.6,0.9761980398138084,0.9945999554976609,13.296054360030405,-0.15529766829662384,20.062640808859733,-1.5120644098326355
0.4,6,0.9,200,5,0.6,0.8807890811041595,0.9949792517459013,13.635819651718652,-0.21761542498029396,22.182583039849096,-2.0709928609592145
0.4,6,0.6,200,10,0.6,2.0736736814195593,0.9816986141315237,13.538931036989164,-0.2357935859994628,17.40490218901896,-0.8905917087105286
0.4,6,0.7,200,10,0.6,1.5906020808406418,0.9890511711585115,13.689480976447092,-0.23449522702761688,18.28498037192014,-1.0866209905240765
0.4,6,0.8,200,10,0.6,1.3132563882150703,0.9921603857819091,13.335980898802637,-0.15087425420279837,19.283420327468924,-1.3207198159080686
0.4,6,0.9,200,10,0.6,1.129663442174591,0.993696100648766,13.740939035011483,-0.22105989466617143,21.156242701268983,-1.7933905268555361
0.4,6,0.6,300,1,0.6,0.8722986671317281,0.9943857314549751,14.710015948277146,-0.5030723798386181,20.606133709262817,-1.650010544609763
0.4,6,0.7,300,1,0.6,0.8433501109095992,0.9946870351615467,15.306660274345655,-0.6446953202232544,20.901363302557034,-1.7264893346626335
0.4,6,0.8,300,1,0.6,0.8018908738274986,0.9950398774153151,14.088544476835887,-0.36997043219222453,21.476448458125475,-1.8785879498477165
0.4,6,0.9,300,1,0.6,0.7885896359727612,0.9952759381757496,14.216833020957257,-0.3749558415952776,22.124101994648196,-2.054821783447535
0.4,6,0.6,300,3,0.6,0.9125999898626309,0.99472602407,13.994916342677277,-0.3412369807878874,21.006812535620643,-1.7540694931715737
0.4,6,0.7,300,3,0.6,0.8469143691865997,0.9949987401024908,14.5512469287551,-0.42554306280164855,20.94824255135411,-1.7387334268518666
0.4,6,0.8,300,3,0.6,0.8065187530674235,0.9952069540873285,13.605890426390843,-0.24325664406060357,21.451683100258055,-1.871952946149542
0.4,6,0.9,300,3,0.6,0.8045814550800982,0.995246669313927,13.842236352371993,-0.29991480394245457,23.502528000059836,-2.4473369349257146
0.4,6,0.6,300,5,0.6,1.022420036160805,0.9943296870305162,13.95618519419681,-0.31132871642440757,19.437935289393433,-1.3580599323125275
0.4,6,0.7,300,5,0.6,0.8987183307415718,0.9949132910794324,14.171117741009065,-0.34794524639511043,19.974606321211112,-1.490066996024507
0.4,6,0.8,300,5,0.6,0.8457046001060344,0.9951574329831784,13.527549699325004,-0.2086834406115356,20.803666306794796,-1.7010606311636285
0.4,6,0.9,300,5,0.6,0.818610662554069,0.9952119160229037,13.750703662224623,-0.24733861181679417,22.702276523894742,-2.2165728617039635
0.4,6,0.6,300,10,0.6,1.3662682121244678,0.991481689045161,13.77623867771803,-0.27944029786004665,18.12185161436903,-1.049555650123354
0.4,6,0.7,300,10,0.6,1.1192933952273296,0.9937850363943455,13.95760834538591,-0.2868208837522664,19.027591147817155,-1.2595512538359115
0.4,6,0.8,300,10,0.6,0.9868807723466142,0.9946355839208783,13.493407515085014,-0.1850435244697058,19.816238212174365,-1.4507386698662605
0.4,6,0.9,300,10,0.6,0.9188935725636792,0.9949447591972443,13.91601991812596,-0.2609151918441046,21.51522202422515,-1.888991334140261
0.4,6,0.6,400,1,0.6,0.8314585227850617,0.9947768492335938,15.159732258787358,-0.5822643320676009,21.19820334334628,-1.8044821653409797
0.4,6,0.7,400,1,0.6,0.8105865589195769,0.9949714040937835,15.691992270538194,-0.7313959674839949,21.249456929398544,-1.8180600648073124
0.4,6,0.8,400,1,0.6,0.7856956517259516,0.9951856589232444,14.281047632053713,-0.3966262933215249,21.492340292466732,-1.8828496384761055
0.4,6,0.9,400,1,0.6,0.7831512108134444,0.9952284941892092,14.278298830132135,-0.384166216802235,21.885743185905874,-1.989352796321897
0.4,6,0.6,400,3,0.6,0.8484988857516778,0.9949845254245888,14.401628581897167,-0.41896133721772505,21.39871261528266,-1.8577870725928483
0.4,6,0.7,400,3,0.6,0.8172557549138626,0.9951111734552448,14.890967850617983,-0.49632441596020804,21.480224589409236,-1.8796003036028384
0.4,6,0.8,400,3,0.6,0.7896867799794066,0.9952581341224651,13.76733229316812,-0.2678941698806977,21.43210908314866,-1.8667141955775657
0.4,6,0.9,400,3,0.6,0.7913039520271105,0.9952651401591552,13.901720409305568,-0.3101950448524346,23.413945762722783,-2.4213995263527583
0.4,6,0.6,400,5,0.6,0.8999392190675589,0.9949382494621757,14.358974628637105,-0.39719772956575083,19.84877076010656,-1.4587920872927032
0.4,6,0.7,400,5,0.6,0.8412926561399194,0.9951274070474652,14.53083224768532,-0.42563549445737026,20.53726822252759,-1.6323275263784542
0.4,6,0.8,400,5,0.6,0.8110126006667453,0.9952524833944277,13.698130434480259,-0.2421788882412914,20.853069252473485,-1.7139044051027716
0.4,6,0.9,400,5,0.6,0.7992677612012795,0.9952629527158031,13.819739405436868,-0.26249388627371373,22.690125679023776,-2.2131305973642155
0.4,6,0.6,400,10,0.6,1.1149704061059247,0.9937651215478862,14.044637673955696,-0.335764685900216,18.24431623815226,-1.077350399765002
0.4,6,0.7,400,10,0.6,0.9647708879367572,0.9947078983352424,14.232422991647766,-0.34675943470374676,19.441595793398943,-1.3589481439922158
0.4,6,0.8,400,10,0.6,0.8895092810569093,0.9950635762436587,13.683878944590466,-0.22600895530808382,19.902422969636568,-1.4721025257572449
0.4,6,0.9,400,10,0.6,0.8531920044456236,0.9951678481763893,14.046056570642397,-0.29300655858385405,21.540969496765925,-1.8959100387783323
0.4,7,0.6,100,1,0.6,1.1582645491468897,0.9930657716027248,14.051185326538995,-0.35926599034709683,19.67931147736373,-1.416987332228934
0.4,7,0.7,100,1,0.6,0.9986648520180464,0.9944065421133782,14.811847958309556,-0.5064954292908668,19.150766717393783,-1.2889004626787468
0.4,7,0.8,100,1,0.6,0.9327503849031242,0.9947071500733358,13.939021587136779,-0.3157763563279095,19.962731814150462,-1.4871072852035505
0.4,7,0.9,100,1,0.6,0.9218528786317769,0.9948287981035753,14.059374602795273,-0.3312460463667207,20.022139621224802,-1.501932254425642
0.4,7,0.6,100,3,0.6,1.659339776805141,0.988216530478493,13.52011182810269,-0.2621236780033605,19.995472869863622,-1.4952722294015937
0.4,7,0.7,100,3,0.6,1.2842383814669052,0.9925057023748831,14.024537625813768,-0.30676339487545856,19.418931221666316,-1.3534513333280187
0.4,7,0.8,100,3,0.6,1.1744452021053584,0.9933023642183649,13.16981856019631,-0.13701356924584002,19.58452963504829,-1.393761434757797
0.4,7,0.9,100,3,0.6,1.0489432040239641,0.9941459446948734,13.44844944301417,-0.20245147634862515,22.009462868791687,-2.02324583171562
0.4,7,0.6,100,5,0.6,2.3551798021312234,0.9769425480509746,13.649852416741487,-0.27435411247354813,17.624611139061816,-0.9386243453868746
0.4,7,0.7,100,5,0.6,1.7882342443409258,0.986479161431666,13.711801739337474,-0.26197555529442157,17.792691767067158,-0.9757768180052351
0.4,7,0.8,100,5,0.6,1.5332746080810893,0.9898635703223221,13.154785826582474,-0.11925867891048296,18.88569288682227,-1.225975710258001
0.4,7,0.9,100,5,0.6,1.2657469249402282,0.9924551955656641,13.255116687386035,-0.13100167785753147,21.479444705101635,-1.879391207621445
0.4,7,0.6,100,10,0.6,4.004056484820751,0.9331824069651095,13.608396273717,-0.26367909169449255,14.359824824555917,-0.2869238777017675
0.4,7,0.7,100,10,0.6,3.23596958104176,0.9567959266702628,13.76393265074314,-0.24583582052431324,15.178284580008633,-0.4378048934740868
0.4,7,0.8,100,10,0.6,2.6809588975853678,0.9700137014160006,13.232123249130598,-0.12198228931360404,16.32770634454254,-0.6638146226207573
0.4,7,0.9,100,10,0.6,2.1873138874024205,0.9795112227020173,13.384976063594786,-0.14177963664924664,19.291972857162325,-1.3227788309862367
0.4,7,0.6,200,1,0.6,0.9042310443106192,0.9945788505409728,14.331766586074846,-0.40857771285131844,19.590730812815014,-1.395277579445807
0.4,7,0.7,200,1,0.6,0.8589380320785155,0.9948926886585531,14.788903317247843,-0.5084056965962229,20.643266341275474,-1.659569885411778
0.4,7,0.8,200,1,0.6,0.8184908442830243,0.9950368780606531,13.893731037023226,-0.3242672671200114,20.375991704820915,-1.5911471987514911
0.4,7,0.9,200,1,0.6,0.817593072055223,0.9951523364970083,14.207828471764296,-0.36892471163855933,21.612880846886785,-1.9152774497673586
0.4,7,0.6,200,3,0.6,1.0902174993581448,0.9937978105057302,13.633578594288258,-0.265203505711832,20.41159534628758,-1.6002103036699453
0.4,7,0.7,200,3,0.6,0.9260010116625066,0.9947911177672019,14.174361323182424,-0.3343754582058446,20.82112333602606,-1.7055956277636994
0.4,7,0.8,200,3,0.6,0.8701262219198099,0.9949635416228031,13.40028725100387,-0.19548399844169362,20.57859252752398,-1.6429315215103095
0.4,7,0.9,200,3,0.6,0.8460625096672805,0.9950922977006126,13.775323670064939,-0.28298841955288334,22.861509732386725,-2.261853029428685
0.4,7,0.6,200,5,0.6,1.3555156250043707,0.9917655482932781,13.682450061604788,-0.2592035698975044,18.928379844087512,-1.2360497400164525
0.4,7,0.7,200,5,0.6,1.0761918471113305,0.9940079414194198,13.750899832824416,-0.2601393585297679,19.42603568409947,-1.3551736799311556
0.4,7,0.8,200,5,0.6,0.9761980398138084,0.9945999554976609,13.296054360030405,-0.15529766829662384,20.062640808859733,-1.5120644098326355
0.4,7,0.9,200,5,0.6,0.8807890811041595,0.9949792517459013,13.635819651718652,-0.21761542498029396,22.182583039849096,-2.0709928609592145
0.4,7,0.6,200,10,0.6,2.0736736814195593,0.9816986141315237,13.538931036989164,-0.2357935859994628,17.40490218901896,-0.8905917087105286
0.4,7,0.7,200,10,0.6,1.5906020808406418,0.9890511711585115,13.689480976447092,-0.23449522702761688,18.28498037192014,-1.0866209905240765
0.4,7,0.8,200,10,0.6,1.313012846670516,0.9921621709482125,13.337095620812443,-0.15119679376441245,19.283420327468924,-1.3207198159080686
0.4,7,0.9,200,10,0.6,1.129665977205209,0.9936960876911376,13.740935021264226,-0.2210587356551613,21.156242701268983,-1.7933905268555361
0.4,7,0.6,300,1,0.6,0.8722986671317281,0.9943857314549751,14.710015948277146,-0.5030723798386181,20.606133709262817,-1.650010544609763
0.4,7,0.7,300,1,0.6,0.8433501109095992,0.9946870351615467,15.306660274345655,-0.6446953202232544,20.901363302557034,-1.7264893346626335
0.4,7,0.8,300,1,0.6,0.8018816238593163,0.9950398776575946,14.089210683543717,-0.3702254537485124,21.476448458125475,-1.8785879498477165
0.4,7,0.9,300,1,0.6,0.7885896359727612,0.9952759381757496,14.216833020957257,-0.3749558415952776,22.124101994648196,-2.054821783447535
0.4,7,0.6,300,3,0.6,0.9125999898626309,0.99472602407,13.994916342677277,-0.3412369807878874,21.006812535620643,-1.7540694931715737
0.4,7,0.7,300,3,0.6,0.8469143691865997,0.9949987401024908,14.5512469287551,-0.42554306280164855,20.94824255135411,-1.7387334268518666
0.4,7,0.8,300,3,0.6,0.8064953583480554,0.9952069630211359,13.605754884512681,-0.2432094037803066,21.451683100258055,-1.871952946149542
0.4,7,0.9,300,3,0.6,0.8045814550800982,0.995246669313927,13.842236352371993,-0.29991480394245457,23.502528000059836,-2.4473369349257146
0.4,7,0.6,300,5,0.6,1.022420036160805,0.9943296870305162,13.95618519419681,-0.31132871642440757,19.437935289393433,-1.3580599323125275
0.4,7,0.7,300,5,0.6,0.8987183307415718,0.9949132910794324,14.171117741009065,-0.34794524639511043,19.974606321211112,-1.490066996024507
0.4,7,0.8,300,5,0.6,0.8457046001060344,0.9951574329831784,13.527549699325004,-0.2086834406115356,20.803666306794796,-1.7010606311636285
0.4,7,0.9,300,5,0.6,0.818610662554069,0.9952119160229037,13.750703662224623,-0.24733861181679417,22.702276523894742,-2.2165728617039635
0.4,7,0.6,300,10,0.6,1.3662682121244678,0.991481689045161,13.77623867771803,-0.27944029786004665,18.12185161436903,-1.049555650123354
0.4,7,0.7,300,10,0.6,1.1192933952273296,0.9937850363943455,13.95760834538591,-0.2868208837522664,19.027591147817155,-1.2595512538359115
0.4,7,0.8,300,10,0.6,0.9859689889033308,0.9946387337649096,13.493710405082842,-0.1851348780745015,19.816238212174365,-1.4507386698662605
0.4,7,0.9,300,10,0.6,0.9188916014776527,0.9949447636468893,13.916023040021733,-0.26091615360142634,21.51522202422515,-1.888991334140261
0.4,7,0.6,400,1,0.6,0.8314585227850617,0.9947768492335938,15.159732258787358,-0.5822643320676009,21.19820334334628,-1.8044821653409797
0.4,7,0.7,400,1,0.6,0.8105865589195769,0.9949714040937835,15.691992270538194,-0.7313959674839949,21.249456929398544,-1.8180600648073124
0.4,7,0.8,400,1,0.6,0.7856900334880388,0.9951856589726698,14.281702846170045,-0.39687713401484903,21.492340292466732,-1.8828496384761055
0.4,7,0.9,400,1,0.6,0.7831512108134444,0.9952284941892092,14.278298830132135,-0.384166216802235,21.885743185905874,-1.989352796321897
0.4,7,0.6,400,3,0.6,0.8484988857516778,0.9949845254245888,14.401628581897167,-0.41896133721772505,21.39871261528266,-1.8577870725928483
0.4,7,0.7,400,3,0.6,0.8172557549138626,0.9951111734552448,14.890967850617983,-0.49632441596020804,21.480224589409236,-1.8796003036028384
0.4,7,0.8,400,3,0.6,0.7896677024051046,0.9952581365951818,13.767245085443367,-0.26786354085525177,21.43210908314866,-1.8667141955775657
0.4,7,0.9,400,3,0.6,0.7913039520271105,0.9952651401591552,13.901720409305568,-0.3101950448524346,23.413945762722783,-2.4213995263527583
0.4,7,0.6,400,5,0.6,0.8999392190675589,0.9949382494621757,14.358974628637105,-0.39719772956575083,19.84877076010656,-1.4587920872927032
0.4,7,0.7,400,5,0.6,0.8412926561399194,0.9951274070474652,14.53083224768532,-0.42563549445737026,20.53726822252759,-1.6323275263784542
0.4,7,0.8,400,5,0.6,0.8110126006667453,0.9952524833944277,13.698130434480259,-0.2421788882412914,20.853069252473485,-1.7139044051027716
0.4,7,0.9,400,5,0.6,0.7992677612012795,0.9952629527158031,13.819739405436868,-0.26249388627371373,22.690125679023776,-2.2131305973642155
0.4,7,0.6,400,10,0.6,1.1149704061059247,0.9937651215478862,14.044637673955696,-0.335764685900216,18.24431623815226,-1.077350399765002
0.4,7,0.7,400,10,0.6,0.9647708879367572,0.9947078983352424,14.232422991647766,-0.34675943470374676,19.441595793398943,-1.3589481439922158
0.4,7,0.8,400,10,0.6,0.8889028720309303,0.9950648433273809,13.682740152418745,-0.22564670483469879,19.902422969636568,-1.4721025257572449
0.4,7,0.9,400,10,0.6,0.8531882281750874,0.9951678526970325,14.046060023886891,-0.29300766431338177,21.540969496765925,-1.8959100387783323
0.4,8,0.6,100,1,0.6,1.1582645491468897,0.9930657716027248,14.051185326538995,-0.35926599034709683,19.67931147736373,-1.416987332228934
0.4,8,0.7,100,1,0.6,0.9986648520180464,0.9944065421133782,14.811847958309556,-0.5064954292908668,19.150766717393783,-1.2889004626787468
0.4,8,0.8,100,1,0.6,0.9327503849031242,0.9947071500733358,13.939021587136779,-0.3157763563279095,19.962731814150462,-1.4871072852035505
0.4,8,0.9,100,1,0.6,0.9218528786317769,0.9948287981035753,14.059374602795273,-0.3312460463667207,20.022139621224802,-1.501932254425642
0.4,8,0.6,100,3,0.6,1.659339776805141,0.988216530478493,13.52011182810269,-0.2621236780033605,19.995472869863622,-1.4952722294015937
0.4,8,0.7,100,3,0.6,1.2842383814669052,0.9925057023748831,14.024537625813768,-0.30676339487545856,19.418931221666316,-1.3534513333280187
0.4,8,0.8,100,3,0.6,1.1744452021053584,0.9933023642183649,13.16981856019631,-0.13701356924584002,19.58452963504829,-1.393761434757797
0.4,8,0.9,100,3,0.6,1.0489432040239641,0.9941459446948734,13.44844944301417,-0.20245147634862515,22.009462868791687,-2.02324583171562
0.4,8,0.6,100,5,0.6,2.3551798021312234,0.9769425480509746,13.649852416741487,-0.27435411247354813,17.624611139061816,-0.9386243453868746
0.4,8,0.7,100,5,0.6,1.7882342443409258,0.986479161431666,13.711801739337474,-0.26197555529442157,17.792691767067158,-0.9757768180052351
0.4,8,0.8,100,5,0.6,1.5332746080810893,0.9898635703223221,13.154785826582474,-0.11925867891048296,18.88569288682227,-1.225975710258001
0.4,8,0.9,100,5,0.6,1.2657469249402282,0.9924551955656641,13.255116687386035,-0.13100167785753147,21.479444705101635,-1.879391207621445
0.4,8,0.6,100,10,0.6,4.004056484820751,0.9331824069651095,13.608396273717,-0.26367909169449255,14.359824824555917,-0.2869238777017675
0.4,8,0.7,100,10,0.6,3.23596958104176,0.9567959266702628,13.76393265074314,-0.24583582052431324,15.178284580008633,-0.4378048934740868
0.4,8,0.8,100,10,0.6,2.6809588975853678,0.9700137014160006,13.232123249130598,-0.12198228931360404,16.32770634454254,-0.6638146226207573
0.4,8,0.9,100,10,0.6,2.1873138874024205,0.9795112227020173,13.384976063594786,-0.14177963664924664,19.291972857162325,-1.3227788309862367
0.4,8,0.6,200,1,0.6,0.9042310443106192,0.9945788505409728,14.331766586074846,-0.40857771285131844,19.590730812815014,-1.395277579445807
0.4,8,0.7,200,1,0.6,0.8589380320785155,0.9948926886585531,14.788903317247843,-0.5084056965962229,20.643266341275474,-1.659569885411778
0.4,8,0.8,200,1,0.6,0.8184908442830243,0.9950368780606531,13.893731037023226,-0.3242672671200114,20.375991704820915,-1.5911471987514911
0.4,8,0.9,200,1,0.6,0.817593072055223,0.9951523364970083,14.207828471764296,-0.36892471163855933,21.612880846886785,-1.9152774497673586
0.4,8,0.6,200,3,0.6,1.0902174993581448,0.9937978105057302,13.633578594288258,-0.265203505711832,20.41159534628758,-1.6002103036699453
0.4,8,0.7,200,3,0.6,0.9260010116625066,0.9947911177672019,14.174361323182424,-0.3343754582058446,20.82112333602606,-1.7055956277636994
0.4,8,0.8,200,3,0.6,0.8701262219198099,0.9949635416228031,13.40028725100387,-0.19548399844169362,20.57859252752398,-1.6429315215103095
0.4,8,0.9,200,3,0.6,0.8460625096672805,0.9950922977006126,13.775323670064939,-0.28298841955288334,22.861509732386725,-2.261853029428685
0.4,8,0.6,200,5,0.6,1.3555156250043707,0.9917655482932781,13.682450061604788,-0.2592035698975044,18.928379844087512,-1.2360497400164525
0.4,8,0.7,200,5,0.6,1.0761918471113305,0.9940079414194198,13.750899832824416,-0.2601393585297679,19.42603568409947,-1.3551736799311556
0.4,8,0.8,200,5,0.6,0.9761980398138084,0.9945999554976609,13.296054360030405,-0.15529766829662384,20.062640808859733,-1.5120644098326355
0.4,8,0.9,200,5,0.6,0.8807890811041595,0.9949792517459013,13.635819651718652,-0.21761542498029396,22.182583039849096,-2.0709928609592145
0.4,8,0.6,200,10,0.6,2.0736736814195593,0.9816986141315237,13.538931036989164,-0.2357935859994628,17.40490218901896,-0.8905917087105286
0.4,8,0.7,200,10,0.6,1.5906020808406418,0.9890511711585115,13.689480976447092,-0.23449522702761688,18.28498037192014,-1.0866209905240765
0.4,8,0.8,200,10,0.6,1.313012846670516,0.9921621709482125,13.337095620812443,-0.15119679376441245,19.283420327468924,-1.3207198159080686
0.4,8,0.9,200,10,0.6,1.129665977205209,0.9936960876911376,13.740935021264226,-0.2210587356551613,21.156242701268983,-1.7933905268555361
0.4,8,0.6,300,1,0.6,0.8722986671317281,0.9943857314549751,14.710015948277146,-0.5030723798386181,20.606133709262817,-1.650010544609763
0.4,8,0.7,300,1,0.6,0.8433501109095992,0.9946870351615467,15.306660274345655,-0.6446953202232544,20.901363302557034,-1.7264893346626335
0.4,8,0.8,300,1,0.6,0.8018816238593163,0.9950398776575946,14.089210683543717,-0.3702254537485124,21.476448458125475,-1.8785879498477165
0.4,8,0.9,300,1,0.6,0.7885896359727612,0.9952759381757496,14.216833020957257,-0.3749558415952776,22.124101994648196,-2.054821783447535
0.4,8,0.6,300,3,0.6,0.9125999898626309,0.99472602407,13.994916342677277,-0.3412369807878874,21.006812535620643,-1.7540694931715737
0.4,8,0.7,300,3,0.6,0.8469143691865997,0.9949987401024908,14.5512469287551,-0.42554306280164855,20.94824255135411,-1.7387334268518666
0.4,8,0.8,300,3,0.6,0.8064953583480554,0.9952069630211359,13.605754884512681,-0.2432094037803066,21.451683100258055,-1.871952946149542
0.4,8,0.9,300,3,0.6,0.8045814550800982,0.995246669313927,13.842236352371993,-0.29991480394245457,23.502528000059836,-2.4473369349257146
0.4,8,0.6,300,5,0.6,1.022420036160805,0.9943296870305162,13.95618519419681,-0.31132871642440757,19.437935289393433,-1.3580599323125275
0.4,8,0.7,300,5,0.6,0.8987183307415718,0.9949132910794324,14.171117741009065,-0.34794524639511043,19.974606321211112,-1.490066996024507
0.4,8,0.8,300,5,0.6,0.8457046001060344,0.9951574329831784,13.527549699325004,-0.2086834406115356,20.803666306794796,-1.7010606311636285
0.4,8,0.9,300,5,0.6,0.818610662554069,0.9952119160229037,13.750703662224623,-0.24733861181679417,22.702276523894742,-2.2165728617039635
0.4,8,0.6,300,10,0.6,1.3662682121244678,0.991481689045161,13.77623867771803,-0.27944029786004665,18.12185161436903,-1.049555650123354
0.4,8,0.7,300,10,0.6,1.1192933952273296,0.9937850363943455,13.95760834538591,-0.2868208837522664,19.027591147817155,-1.2595512538359115
0.4,8,0.8,300,10,0.6,0.9859689889033308,0.9946387337649096,13.493710405082842,-0.1851348780745015,19.816238212174365,-1.4507386698662605
0.4,8,0.9,300,10,0.6,0.9188916014776527,0.9949447636468893,13.916023040021733,-0.26091615360142634,21.51522202422515,-1.888991334140261
0.4,8,0.6,400,1,0.6,0.8314585227850617,0.9947768492335938,15.159732258787358,-0.5822643320676009,21.19820334334628,-1.8044821653409797
0.4,8,0.7,400,1,0.6,0.8105865589195769,0.9949714040937835,15.691992270538194,-0.7313959674839949,21.249456929398544,-1.8180600648073124
0.4,8,0.8,400,1,0.6,0.7856900334880388,0.9951856589726698,14.281702846170045,-0.39687713401484903,21.492340292466732,-1.8828496384761055
0.4,8,0.9,400,1,0.6,0.7831512108134444,0.9952284941892092,14.278298830132135,-0.384166216802235,21.885743185905874,-1.989352796321897
0.4,8,0.6,400,3,0.6,0.8484988857516778,0.9949845254245888,14.401628581897167,-0.41896133721772505,21.39871261528266,-1.8577870725928483
0.4,8,0.7,400,3,0.6,0.8172557549138626,0.9951111734552448,14.890967850617983,-0.49632441596020804,21.480224589409236,-1.8796003036028384
0.4,8,0.8,400,3,0.6,0.7896677024051046,0.9952581365951818,13.767245085443367,-0.26786354085525177,21.43210908314866,-1.8667141955775657
0.4,8,0.9,400,3,0.6,0.7913039520271105,0.9952651401591552,13.901720409305568,-0.3101950448524346,23.413945762722783,-2.4213995263527583
0.4,8,0.6,400,5,0.6,0.8999392190675589,0.9949382494621757,14.358974628637105,-0.39719772956575083,19.84877076010656,-1.4587920872927032
0.4,8,0.7,400,5,0.6,0.8412926561399194,0.9951274070474652,14.53083224768532,-0.42563549445737026,20.53726822252759,-1.6323275263784542
0.4,8,0.8,400,5,0.6,0.8110126006667453,0.9952524833944277,13.698130434480259,-0.2421788882412914,20.853069252473485,-1.7139044051027716
0.4,8,0.9,400,5,0.6,0.7992677612012795,0.9952629527158031,13.819739405436868,-0.26249388627371373,22.690125679023776,-2.2131305973642155
0.4,8,0.6,400,10,0.6,1.1149704061059247,0.9937651215478862,14.044637673955696,-0.335764685900216,18.24431623815226,-1.077350399765002
0.4,8,0.7,400,10,0.6,0.9647708879367572,0.9947078983352424,14.232422991647766,-0.34675943470374676,19.441595793398943,-1.3589481439922158
0.4,8,0.8,400,10,0.6,0.8889028720309303,0.9950648433273809,13.682740152418745,-0.22564670483469879,19.902422969636568,-1.4721025257572449
0.4,8,0.9,400,10,0.6,0.8531882281750874,0.9951678526970325,14.046060023886891,-0.29300766431338177,21.540969496765925,-1.8959100387783323
0.01,3,0.6,100,1,0.8,10.71093686480356,0.5293482145372568,14.465608805461965,-0.3606478896890672,6.259546246760015,0.7554654212615466
0.01,3,0.7,100,1,0.8,10.335269043611607,0.5619211417823877,14.33783132902208,-0.3344635219186324,5.772774784861637,0.7920189319861646
0.01,3,0.8,100,1,0.8,9.955342755354566,0.5934849812863725,14.337034246474639,-0.3345448938353574,5.327696958498888,0.8228530811472041
0.01,3,0.9,100,1,0.8,9.60862235096867,0.6210236248761539,14.227429608110128,-0.3066754029741595,5.058616966249174,0.8402951271009725
0.01,3,0.6,100,3,0.8,12.326156739887782,0.37607239122957753,14.613179754514311,-0.3998699795309961,7.745513734322595,0.6255834547908654
0.01,3,0.7,100,3,0.8,12.070872861897378,0.4018353310421651,14.507658943151233,-0.37377815891098753,7.26485100671145,0.6706118290322292
0.01,3,0.8,100,3,0.8,11.777273141896641,0.4306710066408986,14.46470954442238,-0.367140408803638,6.797058864727087,0.7116654820318556
0.01,3,0.9,100,3,0.8,11.489370571260244,0.4577203426815236,14.26659680558591,-0.3208049933557148,6.463458084677909,0.7392739359930998
0.01,3,0.6,100,5,0.8,13.056560880956027,0.29942482624357397,14.898597933860211,-0.47321652665091357,8.899738995246897,0.5056789379648361
0.01,3,0.7,100,5,0.8,12.829075074375236,0.32385333262431676,14.830688085016657,-0.45537613774150465,8.445844830625546,0.5548147453244265
0.01,3,0.8,100,5,0.8,12.585982744422873,0.3492916852095218,14.755682312025664,-0.44188872431654824,8.073886651883814,0.5931635358481875
0.01,3,0.9,100,5,0.8,12.34735530960785,0.3733735269424751,14.624084456214362,-0.4100573767207356,7.848160918625429,0.6155938091118868
0.01,3,0.6,100,10,0.8,13.927409751947362,0.20194283968057772,15.221207413089388,-0.563877476874995,10.331938358425385,0.33377919966559555
0.01,3,0.7,100,10,0.8,13.765816184959743,0.22052322046663883,15.171208428148049,-0.549592146160519,9.982003229704535,0.3781437737171639
0.01,3,0.8,100,10,0.8,13.587897753607042,0.2406448075242838,15.094917028386877,-0.532859779071275,9.666634608109264,0.4168165635247655
0.01,3,0.9,100,10,0.8,13.406696100106444,0.26051921282714596,15.011867602854494,-0.51075970489215,9.49308181664983,0.43756929445442094
0.01,3,0.6,200,1,0.8,7.703305178517885,0.7564607492498989,13.5326635846286,-0.16646724355919476,3.317432680320735,0.9313154887579751
0.01,3,0.7,200,1,0.8,7.155439466873743,0.789978450728923,13.42321283826266,-0.14558973624187693,3.284361773170243,0.9326780708642038
0.01,3,0.8,200,1,0.8,6.625394641967249,0.8200842254122891,13.404316143547629,-0.14230938319988592,3.1326593697833287,0.9387535496174144
0.01,3,0.9,200,1,0.8,6.205120647028703,0.8421416393383259,13.36274278307421,-0.13586238358067917,3.4631814708136135,0.9251477131369393
0.01,3,0.6,200,3,0.8,10.147048176089196,0.577617100387796,13.862845592534015,-0.23804452946177052,4.449871752591482,0.8764196092427634
0.01,3,0.7,200,3,0.8,9.739167904558364,0.6111680977932685,13.718654526908944,-0.21031691003444916,4.188016676817855,0.8905359834288539
0.01,3,0.8,200,3,0.8,9.245958083397975,0.6497587697065521,13.579375034094685,-0.18919183064571551,3.7443743837687222,0.9124989819698227
0.01,3,0.9,200,3,0.8,8.821632835004007,0.6808970299081614,13.394415967337764,-0.151755027149447,3.627919083637142,0.9178571514791546
0.01,3,0.6,200,5,0.8,11.236773359294538,0.4818885543183776,14.258874997165966,-0.32054352763026006,5.873576503399851,0.7846921647136142
0.01,3,0.7,200,5,0.8,10.871605419738852,0.5151322330139194,14.116590550698467,-0.29098373487448354,5.319385008936267,0.8234053977159892
0.01,3,0.8,200,5,0.8,10.460488794380694,0.5512535567042043,13.899993876246645,-0.25263174549464046,4.811524025782856,0.8555159547755783
0.01,3,0.9,200,5,0.8,10.09559314524839,0.5816692604550063,13.7681931894026,-0.22450019758180556,4.631704416105971,0.8661136669789995
0.01,3,0.6,200,10,0.8,12.608100279032815,0.3469514907260293,14.756158034343127,-0.4367153895810724,8.144008234112242,0.5860661116449568
0.01,3,0.7,200,10,0.8,12.3205247950341,0.37645634699136726,14.638310826900286,-0.4100554382827443,7.611857611376064,0.6383937848579397
0.01,3,0.8,200,10,0.8,12.005200734811798,0.4081128111861066,14.48796534747618,-0.3813479956233685,7.141005993546346,0.6817463669359333
0.01,3,0.9,200,10,0.8,11.720536238865947,0.4355961316578606,14.35421133275283,-0.3535852539051724,6.918022777771242,0.7013114668024185
0.01,3,0.6,300,1,0.8,5.787596477782324,0.8623610969161419,13.0769217092078,-0.08996787149941503,3.6737893562426773,0.9157668429940571
0.01,3,0.7,300,1,0.8,5.191366048537997,0.889321193143832,12.969141744144087,-0.06937721402566284,3.8853417623429922,0.905786523998069
0.01,3,0.8,300,1,0.8,4.637966897029227,0.9117199928032728,12.965098681651892,-0.06943097463645351,4.2675061593475485,0.8863412466732092
0.01,3,0.9,300,1,0.8,4.244660919216402,0.9260475290080166,12.982566684824468,-0.07315442286630543,5.078953197220171,0.8390084815762596
0.01,3,0.6,300,3,0.8,8.607460283816136,0.6960801381452193,13.331797218367196,-0.1441190338544045,3.3700075563973537,0.929121205211987
0.01,3,0.7,300,3,0.8,8.07456361523854,0.7328289578558556,13.192960227053145,-0.1189756932299189,3.307910999823734,0.9317091988896636
0.01,3,0.8,300,3,0.8,7.477511104188279,0.7709840138331545,13.099444224143303,-0.10607282227373496,3.3675815922734693,0.9292232153825242
0.01,3,0.9,300,3,0.8,6.9927501795965386,0.7995923906664307,12.926414063560046,-0.0787223882698024,3.850108143794086,0.9074874969243338
0.01,3,0.6,300,5,0.8,9.911034759023957,0.5971075140920986,13.73117687024153,-0.2154367424316843,4.093352388299025,0.8954286192404223
0.01,3,0.7,300,5,0.8,9.44985749366541,0.6338994105276156,13.570869072128422,-0.18884515500221435,3.7234312173089523,0.9134750721048762
0.01,3,0.8,300,5,0.8,8.932079907465623,0.6729723395944276,13.357612354530328,-0.15281594333021226,3.5024775581198093,0.9234394054435274
0.01,3,0.9,300,5,0.8,8.483979349809001,0.7047016403831105,13.181369603350273,-0.12234580564330211,3.655044276573131,0.9166242296670728
0.01,3,0.6,300,10,0.8,11.565859482790042,0.4509932222938403,14.376423750131718,-0.34646716507194525,6.565088685823877,0.7310102264167715
0.01,3,0.7,300,10,0.8,11.192256945910128,0.4859759938820794,14.181102180655333,-0.30889119016920474,5.923225993864824,0.7810367750514806
0.01,3,0.8,300,10,0.8,10.78424056719405,0.5227117776474798,13.970369651594325,-0.2718715906135545,5.407509660570876,0.8175057510216809
0.01,3,0.9,300,10,0.8,10.432356460360833,0.5530470786269542,13.806092071213325,-0.24082472704863983,5.165049407618351,0.8335041030593571
0.01,3,0.6,400,1,0.8,4.435941131228033,0.9191669100626726,12.807802452347048,-0.0481091130851097,4.627435698486659,0.8663603405708744
0.01,3,0.7,400,1,0.8,3.8662108831822204,0.9385808666433487,12.684972304173149,-0.02601208354477589,4.8253620131418895,0.8546836847997406
0.01,3,0.8,400,1,0.8,3.3899920361192613,0.952756396462847,12.68711321845236,-0.027221473314080157,5.553310713226437,0.8075320052256845
0.01,3,0.9,400,1,0.8,3.057132403357515,0.9615109817618093,12.773681466443387,-0.0410435025663483,6.614953190945103,0.7269085359972558
0.01,3,0.6,400,3,0.8,7.3233766461109,0.7801386772380933,12.98547479224403,-0.0884823359921578,3.470964927244902,0.9248108759124146
0.01,3,0.7,400,3,0.8,6.7437118827295635,0.8137212862384035,12.821174369471446,-0.061210840903900054,3.542425629306665,0.9216829973916889
0.01,3,0.8,400,3,0.8,6.130325494725831,0.8460392801024417,12.737281009993273,-0.05019929614855512,3.8484828051765576,0.9075655894868411
0.01,3,0.9,400,3,0.8,5.6334841636412545,0.8698792689289103,12.596130127291103,-0.031157024581705904,4.812687875442446,0.8554460484242391
0.01,3,0.6,400,5,0.8,8.78671587713225,0.6834927294711651,13.30631076688574,-0.1405860557723692,3.5469979515793253,0.9214806943867199
0.01,3,0.7,400,5,0.8,8.267413032746994,0.7199068141093963,13.153709313800835,-0.11870555775699745,3.5135671899689043,0.922953821794943
0.01,3,0.8,400,5,0.8,7.702837281447917,0.7568200716164903,12.927419108807351,-0.08260014319976398,3.5344133053469835,0.9220368744325188
0.01,3,0.9,400,5,0.8,7.2111973437852015,0.7866863666364284,12.771228692348847,-0.058086367086156755,4.092227408531138,0.8954860902377115
0.01,3,0.6,400,10,0.8,10.629170215377624,0.5365899283445509,13.926382058211288,-0.2564245586678095,5.272088561006788,0.8265317613274143
0.01,3,0.7,400,10,0.8,10.20667101096463,0.5727060631903409,13.726678336040862,-0.22383022107489628,4.723904482448753,0.860730251898381
0.01,3,0.8,400,10,0.8,9.748613804670821,0.6100561223834167,13.507334946503823,-0.18673097508242406,4.266797516245638,0.8863789908737623
0.01,3,0.9,400,10,0.8,9.340855776747963,0.6416544738907183,13.40977389539637,-0.17051191252846915,4.06456471191434,0.8968943036713305
0.01,4,0.6,100,1,0.8,10.661098207691337,0.5338994864644188,14.43338881195471,-0.3541602972871578,6.295304497929577,0.7526635872713606
0.01,4,0.7,100,1,0.8,10.275690912637383,0.5671397420972992,14.342535679158996,-0.33493066992833687,5.78624041689247,0.7910475229201793
0.01,4,0.8,100,1,0.8,9.889060115814061,0.5990283820663921,14.336389358276099,-0.33399754336932547,5.366260546651127,0.8202793068174674
0.01,4,0.9,100,1,0.8,9.526487910397826,0.6276655390930858,14.166986831657486,-0.293735584294654,5.167523685041174,0.8333445476790659
0.01,4,0.6,100,3,0.8,12.31514910796243,0.3772453815595906,14.619990527602567,-0.40088141836442936,7.723670325740522,0.627692288772737
0.01,4,0.7,100,3,0.8,12.053502172483551,0.4036438612277566,14.519057076886844,-0.37549969529711247,7.255377219756565,0.6714703514336019
0.01,4,0.8,100,3,0.8,11.752146806617992,0.43320135451403574,14.479204950456165,-0.3697706999777485,6.7823221431009,0.7129144043561796
0.01,4,0.9,100,3,0.8,11.463611838472534,0.4602508394426006,14.310481680328484,-0.3298019529561942,6.4510309951090345,0.7402755519456767
0.01,4,0.6,100,5,0.8,13.050217461880829,0.30015265392163765,14.908276453385914,-0.47469916396508277,8.898037282246387,0.5058679574756807
0.01,4,0.7,100,5,0.8,12.823860315022952,0.32441967492144974,14.844413383470155,-0.4577325813484151,8.44542785891627,0.5548587018682745
0.01,4,0.8,100,5,0.8,12.577818817638546,0.35017039132867345,14.773800039690212,-0.4450319425821271,8.073158399232124,0.5932369246346787
0.01,4,0.9,100,5,0.8,12.333181449473681,0.3748281760142724,14.645262950481989,-0.4135837522603943,7.845448222821651,0.6158595011269281
0.01,4,0.6,100,10,0.8,13.925594063917547,0.2021599368763603,15.221803337086225,-0.5640338359954746,10.331544642966442,0.33382997357100397
0.01,4,0.7,100,10,0.8,13.763539605142597,0.22079038463209305,15.176033763454393,-0.5506442610339153,9.98153583803389,0.37820200724187625
0.01,4,0.8,100,10,0.8,13.584363119519887,0.2410579817696636,15.102777115918537,-0.534339646885963,9.66598764068642,0.41689462338205163
0.01,4,0.9,100,10,0.8,13.402122620307413,0.2610319937461253,15.021496100789278,-0.5126496914282652,9.492256233565717,0.4376671158141562
0.01,4,0.6,200,1,0.8,7.609437860764499,0.7624953568355803,13.483494346241503,-0.159032364921873,3.353941571279696,0.929795401495622
0.01,4,0.7,200,1,0.8,7.036493972054039,0.7970478341690367,13.418690061945847,-0.14540585767240072,3.3481541889836017,0.9300374750656866
0.01,4,0.8,200,1,0.8,6.464846858785071,0.8288786150651344,13.372019518469532,-0.13966616719103403,3.2274093077208477,0.9349926190618058
0.01,4,0.9,200,1,0.8,5.998704697110832,0.8526398767004679,13.268866182796268,-0.11866087885822592,3.662208670208732,0.9162970531818588
0.01,4,0.6,200,3,0.8,10.123711985478433,0.5796273869717623,13.86743656521617,-0.23887844052370344,4.4110587443001315,0.8785660119628117
0.01,4,0.7,200,3,0.8,9.701776513632984,0.6142345143106188,13.708179520619462,-0.20848128528419055,4.156897827695388,0.8921566735820735
0.01,4,0.8,200,3,0.8,9.200015080557483,0.6533134454274542,13.584916126460834,-0.19080916601792772,3.7025238517885883,0.9144440328968811
0.01,4,0.9,200,3,0.8,8.769585952704755,0.6847421109060757,13.422722691226564,-0.15882692733945297,3.567219536903264,0.9205828585976799
0.01,4,0.6,200,5,0.8,11.224925304634894,0.48301466148607836,14.26135118724774,-0.3201001921300889,5.872010393021576,0.7848069672979674
0.01,4,0.7,200,5,0.8,10.856168534922855,0.5165482460427648,14.123793880843218,-0.29172257173546823,5.315514408306175,0.82366229902945
0.01,4,0.8,200,5,0.8,10.437216008651177,0.5532951753976759,13.910962828068625,-0.2544516917767752,4.788413421558221,0.8569005865015697
0.01,4,0.9,200,5,0.8,10.06053988487329,0.5846333483473616,13.766564527319744,-0.2243506857959706,4.589810963117839,0.8685246992734349
0.01,4,0.6,200,10,0.8,12.603988489375748,0.34738551886129365,14.754430131603476,-0.4370410049061979,8.14258279075436,0.5862110004165773
0.01,4,0.7,200,10,0.8,12.314783345267347,0.37705424512335123,14.648773330335425,-0.4119860223561564,7.6099091968684816,0.6385788825458591
0.01,4,0.8,200,10,0.8,11.995909681515503,0.40905002375363664,14.497249976602683,-0.38304572978073514,7.137697388552384,0.682041208202226
0.01,4,0.9,200,10,0.8,11.710191169250262,0.4366118351667991,14.369759899233586,-0.35563497974139113,6.91503752617272,0.7015691901624155
0.01,4,0.6,300,1,0.8,5.661022709773862,0.8684134118223904,13.014640472706011,-0.08049964012748925,3.693546777699972,0.9148584049280988
0.01,4,0.7,300,1,0.8,5.015155784499196,0.8968692231485601,12.967015972024237,-0.07108436283951991,3.9148930805998514,0.9043479271239108
0.01,4,0.8,300,1,0.8,4.389406113025771,0.9210946867219733,12.958015338657072,-0.0707982993620629,4.354101179720803,0.8816817851133069
0.01,4,0.9,300,1,0.8,3.913360474441004,0.9372931252903426,12.901321175263032,-0.05883473988735577,5.316425363602842,0.8236018535052827
0.01,4,0.6,300,3,0.8,8.5762791796789,0.6983264851268354,13.319212639919195,-0.1422088995096134,3.328570338445564,0.9308535238443183
0.01,4,0.7,300,3,0.8,8.024884991402292,0.7361649686752625,13.183179459924645,-0.11703075558859355,3.2731712465769247,0.9331360498854944
0.01,4,0.8,300,3,0.8,7.407743289154753,0.775316112719034,13.086697047772244,-0.10467399689064963,3.3074959801657458,0.9317263337200672
0.01,4,0.9,300,3,0.8,6.907963076686793,0.8045211785381479,12.915455818287024,-0.079088413933014,3.7645221184517035,0.9115547973615705
0.01,4,0.6,300,5,0.8,9.894712604516195,0.5984700721621442,13.721104905687326,-0.2134457244283688,4.07796396545586,0.8962133862015798
0.01,4,0.7,300,5,0.8,9.428379998067498,0.6356071046149709,13.567897677958257,-0.1878643712606605,3.696987588504009,0.9146996997090041
0.01,4,0.8,300,5,0.8,8.900806305045169,0.6752999144136972,13.357159092864146,-0.1524962082336721,3.4618526187425886,0.9252051450295349
0.01,4,0.9,300,5,0.8,8.431434090762249,0.7084297870344128,13.18163487084604,-0.12307165677848793,3.576668305356325,0.9201615848375986
0.01,4,0.6,300,10,0.8,11.55968167901903,0.45158666123040614,14.37535337360707,-0.34674395034515804,6.56277729171107,0.7311996014456448
0.01,4,0.7,300,10,0.8,11.183161937934964,0.48682888715589734,14.194524581301545,-0.3112848413418215,5.91794780081864,0.7814268379112436
0.01,4,0.8,300,10,0.8,10.771655300160079,0.5238399195413421,13.974967774442822,-0.27272727270017094,5.40017616256515,0.8180004015354629
0.01,4,0.9,300,10,0.8,10.414426499045558,0.5546081893316253,13.81682695771695,-0.24229061726757592,5.142552107834552,0.8349513498364125
0.01,4,0.6,400,1,0.8,4.269823909923143,0.9252056176377815,12.771881326738455,-0.04182848113157818,4.67818377932585,0.8634130735297498
0.01,4,0.7,400,1,0.8,3.6365873146753906,0.9457986861270907,12.723554657364984,-0.03254687106753802,4.846810057101914,0.8533889933491989
0.01,4,0.8,400,1,0.8,3.0709709377564254,0.9613808000341331,12.720258061972713,-0.03150305104128095,5.55938024074591,0.8071110569871932
0.01,4,0.9,400,1,0.8,2.635691010594755,0.9715451622334706,12.699497358677133,-0.026762212464440882,6.785273004439019,0.71266453888045
0.01,4,0.6,400,3,0.8,7.274895498666953,0.7830488506318767,12.964872264939657,-0.08589963738166606,3.3941013717455997,0.9281040886048966
0.01,4,0.7,400,3,0.8,6.667785157706109,0.8178885614807037,12.819786235711934,-0.05952471017675851,3.490851773724783,0.9239468175443253
0.01,4,0.8,400,3,0.8,6.025212779218739,0.8513074677573463,12.725433310290104,-0.047548349931606414,3.758133653939389,0.9118547289800594
0.01,4,0.9,400,3,0.8,5.489134675106368,0.876535836196425,12.60655789722763,-0.03230646870939078,4.760777524197443,0.8585475907656924
0.01,4,0.6,400,5,0.8,8.765900239162931,0.6850050513262639,13.284202210107981,-0.1371535803369692,3.517873112106539,0.9227648639003951
0.01,4,0.7,400,5,0.8,8.23800805052544,0.7219199652345282,13.125729553863081,-0.11445087274241868,3.4683487592722715,0.9249241776889477
0.01,4,0.8,400,5,0.8,7.656069352761081,0.7597992541343278,12.92961899177877,-0.08262880248044047,3.464305178359586,0.9250991302218807
0.01,4,0.9,400,5,0.8,7.136071853118966,0.791176577123452,12.775209693495523,-0.059431425177792055,3.998313228383651,0.9002281092412041
0.01,4,0.6,400,10,0.8,10.620091972692162,0.5373864004811593,13.923275633538548,-0.2560976049569246,5.267839758733583,0.8268112464875391
0.01,4,0.7,400,10,0.8,10.193553684658792,0.5738128500372872,13.739910271968407,-0.22610222855215514,4.708201726749326,0.8616546076150078
0.01,4,0.8,400,10,0.8,9.728345846747525,0.6116978829182043,13.50759116707393,-0.18648504260109955,4.233723124956369,0.8881336467745877
0.01,4,0.9,400,10,0.8,9.313831250453635,0.6437536795303451,13.40271920873766,-0.16894955867655326,4.0238127743199295,0.8989514455672813
0.01,5,0.6,100,1,0.8,10.654230759077251,0.5345094812531885,14.416240330197471,-0.35167431381708536,6.295601982284837,0.752640210975019
0.01,5,0.7,100,1,0.8,10.265865485592263,0.5679836984312276,14.319242198886485,-0.3318175051605158,5.7414212220147665,0.7942720040978348
0.01,5,0.8,100,1,0.8,9.876587946253373,0.6000439874293223,14.31027694715829,-0.3305184743140437,5.365739385717702,0.8203142133804997
0.01,5,0.9,100,1,0.8,9.512157301077025,0.6287848396784346,14.15025348017348,-0.2915103821560123,5.179184644517271,0.832591554455834
0.01,5,0.6,100,3,0.8,12.312832537741395,0.37747292460184506,14.613420864991246,-0.39927524671272324,7.724004520220868,0.6276600694084555
0.01,5,0.7,100,3,0.8,12.049510335371497,0.40403712785315554,14.50918856747449,-0.37307384892088447,7.244548381187975,0.6724502976226476
0.01,5,0.8,100,3,0.8,11.74854128384354,0.43354699063485036,14.467000674069556,-0.36749241528790944,6.7820238718987556,0.712939654552508
0.01,5,0.9,100,3,0.8,11.458996998630111,0.46068233841053063,14.288884734016069,-0.32631196332552287,6.450847882040301,0.7402902963379334
0.01,5,0.6,100,5,0.8,13.04904531577392,0.3002704548503652,14.904751713807826,-0.4734884945529366,8.898047649161574,0.5058668060694103
0.01,5,0.7,100,5,0.8,12.822549664928278,0.3245509382625287,14.839412236353184,-0.45624423327669594,8.445509287543976,0.554850117952719
0.01,5,0.8,100,5,0.8,12.575817997444844,0.3503711659502443,14.766105488365962,-0.4431137234893107,8.073105626602109,0.5932422424758654
0.01,5,0.9,100,5,0.8,12.331244498493543,0.3750176436135456,14.622857564844011,-0.40963774218612337,7.845307277198988,0.6158733033811575
0.01,5,0.6,100,10,0.8,13.925127812158228,0.20220944970644802,15.219839608920552,-0.5633001776537065,10.331544642966442,0.33382997357100397
0.01,5,0.7,100,10,0.8,13.762931126754584,0.22085446062308717,15.172285457004165,-0.549394995324116,9.98153583803389,0.37820200724187625
0.01,5,0.8,100,10,0.8,13.583711534985323,0.2411285914069145,15.098292629737177,-0.5331380765647975,9.66598764068642,0.41689462338205163
0.01,5,0.9,100,10,0.8,13.401464792538366,0.2611008822775678,15.01453415589294,-0.5109739098343703,9.492256233565717,0.4376671158141562
0.01,5,0.6,200,1,0.8,7.596252671219844,0.763338813573746,13.46882799988018,-0.15715977113209295,3.3663622883969233,0.9292744585565413
0.01,5,0.7,200,1,0.8,7.018287048325871,0.7981288581879404,13.414431487401544,-0.1463090392098997,3.3413272045083042,0.9303224954624392
0.01,5,0.8,200,1,0.8,6.4399879588039255,0.8302003438167918,13.38940794500613,-0.1440275915403999,3.246854442720622,0.9342069205593181
0.01,5,0.9,200,1,0.8,5.968289313649289,0.85415375188917,13.331204873932563,-0.1325506711557715,3.7049533690156315,0.914331716055274
0.01,5,0.6,200,3,0.8,10.11975043970645,0.5799551331573582,13.856974834055112,-0.2371462346989727,4.411102148075641,0.8785636221875706
0.01,5,0.7,200,3,0.8,9.697428420737207,0.6145814509179187,13.69972813435264,-0.20729074420869967,4.154333680464483,0.8922896770340958
0.01,5,0.8,200,3,0.8,9.195152820802614,0.6536822883582646,13.584026196833312,-0.19091991254326315,3.698617892835257,0.91462445135701
0.01,5,0.9,200,3,0.8,8.76295227301362,0.6852210606527552,13.41406411087453,-0.1577676930863321,3.5940414163283103,0.9193840957346349
0.01,5,0.6,200,5,0.8,11.223110425759982,0.483174690731864,14.257831419026193,-0.31917709626884283,5.871688720350948,0.7848305434897282
0.01,5,0.7,200,5,0.8,10.854354741689072,0.5167048977891523,14.117051917268537,-0.290477816106783,5.315715810425367,0.8236489360859005
0.01,5,0.8,200,5,0.8,10.43536146782218,0.5534517283460765,13.902443385804492,-0.25290360125383415,4.78933966265592,0.8568452206150144
0.01,5,0.9,200,5,0.8,10.058194464143577,0.584821908110967,13.760589022211585,-0.2235985677925303,4.589385603924545,0.8685490670031409
0.01,5,0.6,200,10,0.8,12.60358366219413,0.3474250944269851,14.751843609582622,-0.4362138914780703,8.142557124588711,0.5862136090140069
0.01,5,0.7,200,10,0.8,12.313889103605069,0.3771395294639625,14.644273787492718,-0.4107274327247027,7.609889113909227,0.6385807901628386
0.01,5,0.8,200,10,0.8,11.994949847433842,0.4091427319122059,14.494204917531732,-0.38225153705334386,7.137646578090502,0.6820457350334121
0.01,5,0.9,200,10,0.8,11.70938794686417,0.4366855173410308,14.368485703934937,-0.35578215159491333,6.9149266746067015,0.7015787580808359
0.01,5,0.6,300,1,0.8,5.641460622564656,0.8693323138320078,13.020861730937309,-0.08182984434575087,3.701147324699415,0.9145076371942428
0.01,5,0.7,300,1,0.8,4.988048398683726,0.8980103212635149,12.976126862690649,-0.07376788275054938,3.959855478576136,0.9021381893690589
0.01,5,0.8,300,1,0.8,4.349734107742857,0.9225257282392179,13.005597029203605,-0.08005457323172309,4.379273973399846,0.8803097408970227
0.01,5,0.9,300,1,0.8,3.867504893703302,0.9387785948742036,13.002054137125063,-0.07892688424697321,5.338499294710434,0.8221339934884542
0.01,5,0.6,300,3,0.8,8.572191449083476,0.6986180652610858,13.311462731614432,-0.14121223270896466,3.330114074496125,0.9307893709797627
0.01,5,0.7,300,3,0.8,8.019490682452815,0.7365229128964603,13.172134703874189,-0.11518477958367748,3.2832137317059327,0.9327251271043215
0.01,5,0.8,300,3,0.8,7.400325407736391,0.7757665966231162,13.102678372550747,-0.10714814341687409,3.318635917196227,0.9312656558105372
0.01,5,0.9,300,3,0.8,6.8963331213888335,0.8051784926340548,12.932501454748111,-0.081363643439789,3.8048752954050227,0.9096484869745394
0.01,5,0.6,300,5,0.8,9.893369205190433,0.5985767923805759,13.720594720013093,-0.21356350501550656,4.0740634396705815,0.8964118326629709
0.01,5,0.7,300,5,0.8,9.426952473428383,0.6357142530652747,13.562049398015166,-0.18721453049917644,3.6975713562958137,0.9146727591265977
0.01,5,0.8,300,5,0.8,8.898730201327592,0.6754517590651323,13.356544479734206,-0.15218389671164007,3.4678361439900236,0.9249463681735324
0.01,5,0.9,300,5,0.8,8.428460862806828,0.7086368536686788,13.187296089120116,-0.12383915326116617,3.5845742003347505,0.919808243867885
0.01,5,0.6,300,10,0.8,11.559362758744522,0.4516159086953519,14.372691152101657,-0.34603389585977745,6.5627630840812845,0.7312007652859658
0.01,5,0.7,300,10,0.8,11.181415246739572,0.48698122859071225,14.194521886001246,-0.3113586232079463,5.918016690640835,0.7814217491357354
0.01,5,0.8,300,10,0.8,10.770631769921192,0.5239296595984303,13.974708441012499,-0.2727782241771564,5.4007005267921375,0.8179650550173956
0.01,5,0.9,300,10,0.8,10.413564512022777,0.554678360290818,13.82198657121776,-0.24339735227365913,5.146196407614095,0.8347173415578957
0.01,5,0.6,400,1,0.8,4.244384777719095,0.9260942525256715,12.784005306496669,-0.04404038366666363,4.671031952773468,0.8638303719392484
0.01,5,0.7,400,1,0.8,3.5991928950720657,0.94692072197613,12.749786661275001,-0.037582616614403784,4.896518209463294,0.8503663317367189
0.01,5,0.8,400,1,0.8,3.020465422872477,0.9626444537105463,12.763623625041719,-0.03998059000152452,5.590681735898521,0.8049328610736742
0.01,5,0.9,400,1,0.8,2.576833516913696,0.9728228855307218,12.795710993317893,-0.04430845961729357,6.774044504550552,0.713614736951323
0.01,5,0.6,400,3,0.8,7.2698192705865505,0.7833542792301198,12.964511489938943,-0.08572575810899061,3.3975992855434987,0.9279558223854999
0.01,5,0.7,400,3,0.8,6.658680653762465,0.8183974316157838,12.812848661978482,-0.05772464538325946,3.519636616396635,0.9226874087852923
0.01,5,0.8,400,3,0.8,6.012695223739345,0.8519183979912739,12.743390389785485,-0.05005029686171971,3.7802666083486516,0.9108134354796906
0.01,5,0.9,400,3,0.8,5.470777435016056,0.8773531116350102,12.621791842721517,-0.03423998151246064,4.773457721752161,0.8577930782326106
0.01,5,0.6,400,5,0.8,8.764158828264826,0.6851300637613658,13.281541048917873,-0.13695793094213776,3.515586578554553,0.9228652332607037
0.01,5,0.7,400,5,0.8,8.236221057802773,0.7220437901720397,13.121188592268393,-0.11439186783151623,3.479144065676303,0.9244561003077478
0.01,5,0.8,400,5,0.8,7.653467786302985,0.7599635103898349,12.928471322217757,-0.08200780501018126,3.4716937194770936,0.9247792979486099
0.01,5,0.9,400,5,0.8,7.132020369234124,0.7914171311613144,12.786571250699922,-0.06081411900672149,4.010034307491293,0.8996422880415565
0.01,5,0.6,400,10,0.8,10.61970816609532,0.5374188752703873,13.92010584235108,-0.2554033625533928,5.265452052121991,0.8269682103412641
0.01,5,0.7,400,10,0.8,10.192068048225988,0.573933547940783,13.73709444498501,-0.22557241259469127,4.709021279908659,0.861606440064806
0.01,5,0.8,400,10,0.8,9.726866327717351,0.6118176636849608,13.5101433404554,-0.187207053837801,4.241042498327567,0.8877465173581759
0.01,5,0.9,400,10,0.8,9.312599037298693,0.6438431314865081,13.407294252294557,-0.16976953142514115,4.031026234428552,0.8985888227948285
0.01,6,0.6,100,1,0.8,10.654053363045433,0.5345243089100725,14.416407120642736,-0.35167303625749236,6.296144073822493,0.7525976106258108
0.01,6,0.7,100,1,0.8,10.26509921641482,0.5680511861858047,14.319044261903603,-0.3319524022409522,5.741571798518062,0.7942612129688539
0.01,6,0.8,100,1,0.8,9.875380145275887,0.6001441035207595,14.307798267980061,-0.3304714247285677,5.348080998503582,0.8214949416786288
0.01,6,0.9,100,1,0.8,9.511668838122073,0.6288235043838825,14.142402245657726,-0.29054355890189704,5.193818460021837,0.8316441909341211
0.01,6,0.6,100,3,0.8,12.312832537741395,0.37747292460184506,14.613420864991246,-0.39927524671272324,7.723971898723206,0.6276632144766632
0.01,6,0.7,100,3,0.8,12.049510335371497,0.40403712785315554,14.50918856747449,-0.37307384892088447,7.244510834679695,0.6724536928144791
0.01,6,0.8,100,3,0.8,11.74854128384354,0.43354699063485036,14.467000674069556,-0.36749241528790944,6.7820238718987556,0.712939654552508
0.01,6,0.9,100,3,0.8,11.458996998630111,0.46068233841053063,14.288884734016069,-0.32631196332552287,6.450818679708691,0.7402926476913867
0.01,6,0.6,100,5,0.8,13.04904531577392,0.3002704548503652,14.904751713807826,-0.4734884945529366,8.898047649161574,0.5058668060694103
0.01,6,0.7,100,5,0.8,12.822549664928278,0.3245509382625287,14.839412236353184,-0.45624423327669594,8.445509287543976,0.554850117952719
0.01,6,0.8,100,5,0.8,12.575817997444844,0.3503711659502443,14.766105488365962,-0.4431137234893107,8.073105626602109,0.5932422424758654
0.01,6,0.9,100,5,0.8,12.331244498493543,0.3750176436135456,14.622857564844011,-0.40963774218612337,7.845307277198988,0.6158733033811575
0.01,6,0.6,100,10,0.8,13.925127812158228,0.20220944970644802,15.219839608920552,-0.5633001776537065,10.331544642966442,0.33382997357100397
0.01,6,0.7,100,10,0.8,13.762931126754584,0.22085446062308717,15.172285457004165,-0.549394995324116,9.98153583803389,0.37820200724187625
0.01,6,0.8,100,10,0.8,13.583714110259205,0.2411283006864396,15.098294105755684,-0.5331382817448326,9.66598764068642,0.41689462338205163
0.01,6,0.9,100,10,0.8,13.401464792538366,0.2611008822775678,15.01453415589294,-0.5109739098343703,9.492256233565717,0.4376671158141562
0.01,6,0.6,200,1,0.8,7.595196817878701,0.7634043584828032,13.468150795646661,-0.1571522227032842,3.3686942718460573,0.9291764370696798
0.01,6,0.7,200,1,0.8,7.017152570671094,0.7981972596103337,13.415199852859129,-0.14663746281011442,3.33803342013152,0.9304597999185709
0.01,6,0.8,200,1,0.8,6.438431790423143,0.8302841432851071,13.385256235791612,-0.1437280934633122,3.2425475490049545,0.934381351453523
0.01,6,0.9,200,1,0.8,5.965826438982085,0.854280835849068,13.319862978460005,-0.13120380275713406,3.6803222159630335,0.9154670039931605
0.01,6,0.6,200,3,0.8,10.119694278269122,0.5799600217078416,13.85695598998054,-0.2371459023487744,4.410925919272717,0.8785733250506127
0.01,6,0.7,200,3,0.8,9.697428637805075,0.614581483015655,13.699735713355452,-0.20729250080985812,4.1539482574678335,0.8923096620005837
0.01,6,0.8,200,3,0.8,9.194928998071436,0.6537000811927343,13.582618899611115,-0.19078064830255767,3.6983144323076176,0.9146384603987374
0.01,6,0.9,200,3,0.8,8.762933690824564,0.6852223706883505,13.413970378939883,-0.15775699970462612,3.5941255940629007,0.9193803194043834
0.01,6,0.6,200,5,0.8,11.223104072207992,0.4831752458958065,14.257820590219183,-0.3191743339359871,5.871688720350948,0.7848305434897282
0.01,6,0.7,200,5,0.8,10.854353251504111,0.5167050240529871,14.11705018910726,-0.2904774099103119,5.315715810425367,0.8236489360859005
0.01,6,0.8,200,5,0.8,10.435366909287982,0.5534512083512256,13.902443385804492,-0.25290360125383415,4.789338767771415,0.8568452741117347
0.01,6,0.9,200,5,0.8,10.058206196801375,0.5848208216439155,13.760782025152102,-0.22362127985802077,4.589391020359344,0.8685487567237749
0.01,6,0.6,200,10,0.8,12.60358366219413,0.3474250944269851,14.751843609582622,-0.4362138914780703,8.142557124588711,0.5862136090140069
0.01,6,0.7,200,10,0.8,12.313889103605069,0.3771395294639625,14.644273787492718,-0.4107274327247027,7.609889113909227,0.6385807901628386
0.01,6,0.8,200,10,0.8,11.994951806089338,0.4091425347610267,14.49418565475277,-0.3822491035478367,7.137646578090502,0.6820457350334121
0.01,6,0.9,200,10,0.8,11.70938794686417,0.4366855173410308,14.368485703934937,-0.35578215159491333,6.9149266746067015,0.7015787580808359
0.01,6,0.6,300,1,0.8,5.64022459746873,0.869389424891116,13.014499742354932,-0.08096963587496367,3.707292593888921,0.9142235038194337
0.01,6,0.7,300,1,0.8,4.986287258847826,0.8980866750000166,12.975907173509622,-0.07393828552467996,3.9518914492917205,0.9025314312912632
0.01,6,0.8,300,1,0.8,4.347186612251457,0.9226174555478457,13.004854239931415,-0.08013801018626418,4.404492129878612,0.8789272933161864
0.01,6,0.9,300,1,0.8,3.863497799207361,0.9389139401412319,12.991571811204091,-0.07763885344545204,5.29479486543942,0.8250343264385545
0.01,6,0.6,300,3,0.8,8.572043367485161,0.6986291567916105,13.311487398545356,-0.14122773380771306,3.3298720534678017,0.9307994305864611
0.01,6,0.7,300,3,0.8,8.019441395124245,0.7365264374535645,13.172859790953074,-0.11526787536818621,3.2826290689418562,0.9327490851004832
0.01,6,0.8,300,3,0.8,7.400116677435595,0.7757800489342108,13.10467783583868,-0.10737564205931893,3.318180357257793,0.9312845252889592
0.01,6,0.9,300,3,0.8,6.896283216911274,0.8051813994643723,12.931703234331962,-0.08127808355644187,3.8050364047447998,0.9096408353278164
0.01,6,0.6,300,5,0.8,9.893364250675086,0.5985771775036517,13.720586927498175,-0.21356201418078008,4.0738795862710155,0.8964211818580787
0.01,6,0.7,300,5,0.8,9.42695498920257,0.6357140387284053,13.562049103350413,-0.18721447935787192,3.6974146250879794,0.9146799926086866
0.01,6,0.8,300,5,0.8,8.898729453363364,0.6754517366671887,13.35649492133687,-0.15217849264974231,3.4678355563950447,0.9249463936079138
0.01,6,0.9,300,5,0.8,8.428459786702922,0.7086369331412079,13.187497368249257,-0.12386133435695205,3.5845779436303555,0.9198080763826618
0.01,6,0.6,300,10,0.8,11.559362758744522,0.4516159086953519,14.372691152101657,-0.34603389585977745,6.5627630840812845,0.7312007652859658
0.01,6,0.7,300,10,0.8,11.181415246739572,0.48698122859071225,14.194521886001246,-0.3113586232079463,5.918016690640835,0.7814217491357354
0.01,6,0.8,300,10,0.8,10.770631311189263,0.5239297012479663,13.974687141309412,-0.2727757632848181,5.4007005267921375,0.8179650550173956
0.01,6,0.9,300,10,0.8,10.413564512022777,0.554678360290818,13.82198657121776,-0.24339735227365913,5.146196407614095,0.8347173415578957
0.01,6,0.6,400,1,0.8,4.243182937998912,0.9261344629861968,12.784425204906558,-0.04407580492537986,4.665662011669721,0.8641432803387933
0.01,6,0.7,400,1,0.8,3.5955136066138365,0.94703462866091,12.750482164918425,-0.03778926157372995,4.887531945615093,0.8509150537851704
0.01,6,0.8,400,1,0.8,3.0161410584410246,0.9627525479212531,12.768680369042816,-0.04146574079191521,5.628137041635545,0.8023103637473081
0.01,6,0.9,400,1,0.8,2.5698858884133196,0.9729800565671074,12.803487287743929,-0.04615023867034744,6.730654148369078,0.7172718020212097
0.01,6,0.6,400,3,0.8,7.269501641019754,0.7833739630253211,12.964027975901455,-0.08567459491330487,3.3973933493111916,0.9279645556442592
0.01,6,0.7,400,3,0.8,6.658537144175187,0.8184062308791755,12.813359245816489,-0.05776684182846339,3.518379034242676,0.922742647195259
0.01,6,0.8,400,3,0.8,6.012198956901587,0.8519428247858924,12.7452404432519,-0.05027844172400999,3.7799705508511563,0.9108274045035128
0.01,6,0.9,400,3,0.8,5.470451780809414,0.8773673028658828,12.621798996085252,-0.034198648197481904,4.774730160904572,0.8577172532088992
0.01,6,0.6,400,5,0.8,8.764147740201036,0.6851308295624177,13.281542958943158,-0.13695822923933204,3.515282793830509,0.9228785632418602
0.01,6,0.7,400,5,0.8,8.236216242103396,0.7220440021737903,13.121016955957263,-0.11436779233099267,3.4706765846444516,0.924823367728092
0.01,6,0.8,400,5,0.8,7.653311907208183,0.759972916184428,12.928707971715767,-0.08202641245849156,3.4716946949755405,0.9247792556766272
0.01,6,0.9,400,5,0.8,7.131881420040081,0.7914248699376855,12.785431581515404,-0.06066000811542995,4.0100502662694275,0.8996414892505621
0.01,6,0.6,400,10,0.8,10.61970816609532,0.5374188752703873,13.92010584235108,-0.2554033625533928,5.265452052121991,0.8269682103412641
0.01,6,0.7,400,10,0.8,10.192068048225988,0.573933547940783,13.73709444498501,-0.22557241259469127,4.709021279908659,0.861606440064806
0.01,6,0.8,400,10,0.8,9.726863403202348,0.6118179049844736,13.509660254598296,-0.18715501730357081,4.241042498327567,0.8877465173581759
0.01,6,0.9,400,10,0.8,9.312630366229843,0.6438405613049547,13.407294218686044,-0.16976952679645815,4.031026234428552,0.8985888227948285
0.01,7,0.6,100,1,0.8,10.654053363045433,0.5345243089100725,14.416407120642736,-0.35167303625749236,6.296152219156006,0.7525969704955173
0.01,7,0.7,100,1,0.8,10.265013749870977,0.5680584873690059,14.319021684465628,-0.3319496544972635,5.741571798518062,0.7942612129688539
0.01,7,0.8,100,1,0.8,9.875380145275887,0.6001441035207595,14.307798267980061,-0.3304714247285677,5.348086807325805,0.82149455391161
0.01,7,0.9,100,1,0.8,9.511668838122073,0.6288235043838825,14.142402245657726,-0.29054355890189704,5.193818460021837,0.8316441909341211
0.01,7,0.6,100,3,0.8,12.312832537741395,0.37747292460184506,14.613420864991246,-0.39927524671272324,7.723971898723206,0.6276632144766632
0.01,7,0.7,100,3,0.8,12.049510335371497,0.40403712785315554,14.50918856747449,-0.37307384892088447,7.244510834679695,0.6724536928144791
0.01,7,0.8,100,3,0.8,11.74854128384354,0.43354699063485036,14.467000674069556,-0.36749241528790944,6.7820238718987556,0.712939654552508
0.01,7,0.9,100,3,0.8,11.458996998630111,0.46068233841053063,14.288884734016069,-0.32631196332552287,6.450818679708691,0.7402926476913867
0.01,7,0.6,100,5,0.8,13.04904531577392,0.3002704548503652,14.904751713807826,-0.4734884945529366,8.898047649161574,0.5058668060694103
0.01,7,0.7,100,5,0.8,12.822549664928278,0.3245509382625287,14.839412236353184,-0.45624423327669594,8.445509287543976,0.554850117952719
0.01,7,0.8,100,5,0.8,12.575817997444844,0.3503711659502443,14.766105488365962,-0.4431137234893107,8.073105626602109,0.5932422424758654
0.01,7,0.9,100,5,0.8,12.331244498493543,0.3750176436135456,14.622857564844011,-0.40963774218612337,7.845307277198988,0.6158733033811575
0.01,7,0.6,100,10,0.8,13.925127812158228,0.20220944970644802,15.219839608920552,-0.5633001776537065,10.331544642966442,0.33382997357100397
0.01,7,0.7,100,10,0.8,13.762931126754584,0.22085446062308717,15.172285457004165,-0.549394995324116,9.98153583803389,0.37820200724187625
0.01,7,0.8,100,10,0.8,13.583714110259205,0.2411283006864396,15.098294105755684,-0.5331382817448326,9.66598764068642,0.41689462338205163
0.01,7,0.9,100,10,0.8,13.401464792538366,0.2611008822775678,15.01453415589294,-0.5109739098343703,9.492256233565717,0.4376671158141562
0.01,7,0.6,200,1,0.8,7.595196817878701,0.7634043584828032,13.468150795646661,-0.1571522227032842,3.366983468444871,0.9292483548012888
0.01,7,0.7,200,1,0.8,7.017084085413366,0.7982011894904596,13.415198099598063,-0.14663727660467715,3.337693888793656,0.9304739458981856
0.01,7,0.8,200,1,0.8,6.43845361020839,0.8302828709913477,13.385256235791612,-0.1437280934633122,3.242472108809895,0.9343844047478757
0.01,7,0.9,200,1,0.8,5.965826438982085,0.854280835849068,13.319862978460005,-0.13120380275713406,3.6803191935063406,0.9154671428381853
0.01,7,0.6,200,3,0.8,10.119694278269122,0.5799600217078416,13.85695598998054,-0.2371459023487744,4.410925919272717,0.8785733250506127
0.01,7,0.7,200,3,0.8,9.697428637805075,0.614581483015655,13.699735713355452,-0.20729250080985812,4.1539482574678335,0.8923096620005837
0.01,7,0.8,200,3,0.8,9.194928998071436,0.6537000811927343,13.582618899611115,-0.19078064830255767,3.6983144323076176,0.9146384603987374
0.01,7,0.9,200,3,0.8,8.762933690824564,0.6852223706883505,13.413970378939883,-0.15775699970462612,3.5941255940629007,0.9193803194043834
0.01,7,0.6,200,5,0.8,11.223104072207992,0.4831752458958065,14.257820590219183,-0.3191743339359871,5.871688720350948,0.7848305434897282
0.01,7,0.7,200,5,0.8,10.854353251504111,0.5167050240529871,14.11705018910726,-0.2904774099103119,5.315715810425367,0.8236489360859005
0.01,7,0.8,200,5,0.8,10.435366909287982,0.5534512083512256,13.902443385804492,-0.25290360125383415,4.789338767771415,0.8568452741117347
0.01,7,0.9,200,5,0.8,10.058206196801375,0.5848208216439155,13.760782025152102,-0.22362127985802077,4.589391020359344,0.8685487567237749
0.01,7,0.6,200,10,0.8,12.60358366219413,0.3474250944269851,14.751843609582622,-0.4362138914780703,8.142557124588711,0.5862136090140069
0.01,7,0.7,200,10,0.8,12.313889103605069,0.3771395294639625,14.644273787492718,-0.4107274327247027,7.609889113909227,0.6385807901628386
0.01,7,0.8,200,10,0.8,11.994951806089338,0.4091425347610267,14.49418565475277,-0.3822491035478367,7.137646578090502,0.6820457350334121
0.01,7,0.9,200,10,0.8,11.70938794686417,0.4366855173410308,14.368485703934937,-0.35578215159491333,6.9149266746067015,0.7015787580808359
0.01,7,0.6,300,1,0.8,5.640259565462459,0.8693877499043081,13.014471596725205,-0.08096550254808213,3.703820020551369,0.9143841200442635
0.01,7,0.7,300,1,0.8,4.986261676268548,0.8980876188845203,12.975895904482773,-0.07393557515603488,3.950688127584395,0.9025907791704484
0.01,7,0.8,300,1,0.8,4.347203244328915,0.9226167873308517,13.00512877815287,-0.08020335842766127,4.401793303422946,0.8790756210261097
0.01,7,0.9,300,1,0.8,3.8635011197164864,0.9389138340277221,12.991434172470557,-0.0776085005329608,5.294709723711113,0.8250399533836759
0.01,7,0.6,300,3,0.8,8.572043367485161,0.6986291567916105,13.311487398545356,-0.14122773380771306,3.3298720534678017,0.9307994305864611
0.01,7,0.7,300,3,0.8,8.019441395124245,0.7365264374535645,13.172859790953074,-0.11526787536818621,3.2826290689418562,0.9327490851004832
0.01,7,0.8,300,3,0.8,7.400116677435595,0.7757800489342108,13.10467783583868,-0.10737564205931893,3.3181859327256498,0.9312842943664649
0.01,7,0.9,300,3,0.8,6.896283216911274,0.8051813994643723,12.931703234331962,-0.08127808355644187,3.8050364047447998,0.9096408353278164
0.01,7,0.6,300,5,0.8,9.893364250675086,0.5985771775036517,13.720586927498175,-0.21356201418078008,4.0738795862710155,0.8964211818580787
0.01,7,0.7,300,5,0.8,9.42695498920257,0.6357140387284053,13.562049103350413,-0.18721447935787192,3.6974146250879794,0.9146799926086866
0.01,7,0.8,300,5,0.8,8.898729453363364,0.6754517366671887,13.35649492133687,-0.15217849264974231,3.4678355563950447,0.9249463936079138
0.01,7,0.9,300,5,0.8,8.428459786702922,0.7086369331412079,13.187497368249257,-0.12386133435695205,3.5845779436303555,0.9198080763826618
0.01,7,0.6,300,10,0.8,11.559362758744522,0.4516159086953519,14.372691152101657,-0.34603389585977745,6.5627630840812845,0.7312007652859658
0.01,7,0.7,300,10,0.8,11.181415246739572,0.48698122859071225,14.194521886001246,-0.3113586232079463,5.918016690640835,0.7814217491357354
0.01,7,0.8,300,10,0.8,10.770631311189263,0.5239297012479663,13.974687141309412,-0.2727757632848181,5.4007005267921375,0.8179650550173956
0.01,7,0.9,300,10,0.8,10.413564512022777,0.554678360290818,13.82198657121776,-0.24339735227365913,5.146196407614095,0.8347173415578957
0.01,7,0.6,400,1,0.8,4.243247561990918,0.926132073985514,12.78472364426299,-0.04416106629384864,4.662578416980437,0.8643227998243981
0.01,7,0.7,400,1,0.8,3.5953674247844587,0.9470395984666933,12.75021268102212,-0.03774909639707258,4.886066440273873,0.8510044453355662
0.01,7,0.8,400,1,0.8,3.016079087628623,0.9627538892841366,12.769801025586258,-0.041667318305649424,5.623729791260946,0.8026198539332206
0.01,7,0.9,400,1,0.8,2.569910011518585,0.9729795702204285,12.803248828888547,-0.046104813835254624,6.730267122266774,0.7173043159623622
0.01,7,0.6,400,3,0.8,7.269484136325215,0.783375022713247,12.964033925257661,-0.08567516996747862,3.3973933493111916,0.9279645556442592
0.01,7,0.7,400,3,0.8,6.658537144175187,0.8184062308791755,12.813359245816489,-0.05776684182846339,3.518379034242676,0.922742647195259
0.01,7,0.8,400,3,0.8,6.012198956901587,0.8519428247858924,12.7452404432519,-0.05027844172400999,3.7799968823758956,0.9108261621347953
0.01,7,0.9,400,3,0.8,5.470451780809414,0.8773673028658828,12.621798996085252,-0.034198648197481904,4.774730160904572,0.8577172532088992
0.01,7,0.6,400,5,0.8,8.764147740201036,0.6851308295624177,13.281542958943158,-0.13695822923933204,3.515282793830509,0.9228785632418602
0.01,7,0.7,400,5,0.8,8.236216242103396,0.7220440021737903,13.121016955957263,-0.11436779233099267,3.4706765846444516,0.924823367728092
0.01,7,0.8,400,5,0.8,7.653311907208183,0.759972916184428,12.928707971715767,-0.08202641245849156,3.4716946949755405,0.9247792556766272
0.01,7,0.9,400,5,0.8,7.131881420040081,0.7914248699376855,12.785431581515404,-0.06066000811542995,4.0100502662694275,0.8996414892505621
0.01,7,0.6,400,10,0.8,10.61970816609532,0.5374188752703873,13.92010584235108,-0.2554033625533928,5.265452052121991,0.8269682103412641
0.01,7,0.7,400,10,0.8,10.192068048225988,0.573933547940783,13.73709444498501,-0.22557241259469127,4.709021279908659,0.861606440064806
0.01,7,0.8,400,10,0.8,9.726863403202348,0.6118179049844736,13.509660254598296,-0.18715501730357081,4.241042498327567,0.8877465173581759
0.01,7,0.9,400,10,0.8,9.312630366229843,0.6438405613049547,13.407294218686044,-0.16976952679645815,4.031026234428552,0.8985888227948285
0.01,8,0.6,100,1,0.8,10.654053363045433,0.5345243089100725,14.416407120642736,-0.35167303625749236,6.296152219156006,0.7525969704955173
0.01,8,0.7,100,1,0.8,10.265013749870977,0.5680584873690059,14.319021684465628,-0.3319496544972635,5.741571798518062,0.7942612129688539
0.01,8,0.8,100,1,0.8,9.875380145275887,0.6001441035207595,14.307798267980061,-0.3304714247285677,5.348086807325805,0.82149455391161
0.01,8,0.9,100,1,0.8,9.511668838122073,0.6288235043838825,14.142402245657726,-0.29054355890189704,5.193818460021837,0.8316441909341211
0.01,8,0.6,100,3,0.8,12.312832537741395,0.37747292460184506,14.613420864991246,-0.39927524671272324,7.723971898723206,0.6276632144766632
0.01,8,0.7,100,3,0.8,12.049510335371497,0.40403712785315554,14.50918856747449,-0.37307384892088447,7.244510834679695,0.6724536928144791
0.01,8,0.8,100,3,0.8,11.74854128384354,0.43354699063485036,14.467000674069556,-0.36749241528790944,6.7820238718987556,0.712939654552508
0.01,8,0.9,100,3,0.8,11.458996998630111,0.46068233841053063,14.288884734016069,-0.32631196332552287,6.450818679708691,0.7402926476913867
0.01,8,0.6,100,5,0.8,13.04904531577392,0.3002704548503652,14.904751713807826,-0.4734884945529366,8.898047649161574,0.5058668060694103
0.01,8,0.7,100,5,0.8,12.822549664928278,0.3245509382625287,14.839412236353184,-0.45624423327669594,8.445509287543976,0.554850117952719
0.01,8,0.8,100,5,0.8,12.575817997444844,0.3503711659502443,14.766105488365962,-0.4431137234893107,8.073105626602109,0.5932422424758654
0.01,8,0.9,100,5,0.8,12.331244498493543,0.3750176436135456,14.622857564844011,-0.40963774218612337,7.845307277198988,0.6158733033811575
0.01,8,0.6,100,10,0.8,13.925127812158228,0.20220944970644802,15.219839608920552,-0.5633001776537065,10.331544642966442,0.33382997357100397
0.01,8,0.7,100,10,0.8,13.762931126754584,0.22085446062308717,15.172285457004165,-0.549394995324116,9.98153583803389,0.37820200724187625
0.01,8,0.8,100,10,0.8,13.583714110259205,0.2411283006864396,15.098294105755684,-0.5331382817448326,9.66598764068642,0.41689462338205163
0.01,8,0.9,100,10,0.8,13.401464792538366,0.2611008822775678,15.01453415589294,-0.5109739098343703,9.492256233565717,0.4376671158141562
0.01,8,0.6,200,1,0.8,7.595196817878701,0.7634043584828032,13.468150795646661,-0.1571522227032842,3.366983468444871,0.9292483548012888
0.01,8,0.7,200,1,0.8,7.017084085413366,0.7982011894904596,13.415198099598063,-0.14663727660467715,3.337693888793656,0.9304739458981856
0.01,8,0.8,200,1,0.8,6.43845361020839,0.8302828709913477,13.385256235791612,-0.1437280934633122,3.242472108809895,0.9343844047478757
0.01,8,0.9,200,1,0.8,5.965826438982085,0.854280835849068,13.319862978460005,-0.13120380275713406,3.6803191935063406,0.9154671428381853
0.01,8,0.6,200,3,0.8,10.119694278269122,0.5799600217078416,13.85695598998054,-0.2371459023487744,4.410925919272717,0.8785733250506127
0.01,8,0.7,200,3,0.8,9.697428637805075,0.614581483015655,13.699735713355452,-0.20729250080985812,4.1539482574678335,0.8923096620005837
0.01,8,0.8,200,3,0.8,9.194928998071436,0.6537000811927343,13.582618899611115,-0.19078064830255767,3.6983144323076176,0.9146384603987374
0.01,8,0.9,200,3,0.8,8.762933690824564,0.6852223706883505,13.413970378939883,-0.15775699970462612,3.5941255940629007,0.9193803194043834
0.01,8,0.6,200,5,0.8,11.223104072207992,0.4831752458958065,14.257820590219183,-0.3191743339359871,5.871688720350948,0.7848305434897282
0.01,8,0.7,200,5,0.8,10.854353251504111,0.5167050240529871,14.11705018910726,-0.2904774099103119,5.315715810425367,0.8236489360859005
0.01,8,0.8,200,5,0.8,10.435366909287982,0.5534512083512256,13.902443385804492,-0.25290360125383415,4.789338767771415,0.8568452741117347
0.01,8,0.9,200,5,0.8,10.058206196801375,0.5848208216439155,13.760782025152102,-0.22362127985802077,4.589391020359344,0.8685487567237749
0.01,8,0.6,200,10,0.8,12.60358366219413,0.3474250944269851,14.751843609582622,-0.4362138914780703,8.142557124588711,0.5862136090140069
0.01,8,0.7,200,10,0.8,12.313889103605069,0.3771395294639625,14.644273787492718,-0.4107274327247027,7.609889113909227,0.6385807901628386
0.01,8,0.8,200,10,0.8,11.994951806089338,0.4091425347610267,14.49418565475277,-0.3822491035478367,7.137646578090502,0.6820457350334121
0.01,8,0.9,200,10,0.8,11.70938794686417,0.4366855173410308,14.368485703934937,-0.35578215159491333,6.9149266746067015,0.7015787580808359
0.01,8,0.6,300,1,0.8,5.640274376689506,0.8693870305629663,13.01447175824859,-0.08096552618477526,3.703820020551369,0.9143841200442635
0.01,8,0.7,300,1,0.8,4.986278710225975,0.8980868814101004,12.975895987809315,-0.07393558722591634,3.950688127584395,0.9025907791704484
0.01,8,0.8,300,1,0.8,4.347203244328915,0.9226167873308517,13.00512877815287,-0.08020335842766127,4.401793303422946,0.8790756210261097
0.01,8,0.9,300,1,0.8,3.8635011197164864,0.9389138340277221,12.991434172470557,-0.0776085005329608,5.294709723711113,0.8250399533836759
0.01,8,0.6,300,3,0.8,8.572043367485161,0.6986291567916105,13.311487398545356,-0.14122773380771306,3.3298720534678017,0.9307994305864611
0.01,8,0.7,300,3,0.8,8.019441395124245,0.7365264374535645,13.172859790953074,-0.11526787536818621,3.2826290689418562,0.9327490851004832
0.01,8,0.8,300,3,0.8,7.400116677435595,0.7757800489342108,13.10467783583868,-0.10737564205931893,3.3181859327256498,0.9312842943664649
0.01,8,0.9,300,3,0.8,6.896283216911274,0.8051813994643723,12.931703234331962,-0.08127808355644187,3.8050364047447998,0.9096408353278164
0.01,8,0.6,300,5,0.8,9.893364250675086,0.5985771775036517,13.720586927498175,-0.21356201418078008,4.0738795862710155,0.8964211818580787
0.01,8,0.7,300,5,0.8,9.42695498920257,0.6357140387284053,13.562049103350413,-0.18721447935787192,3.6974146250879794,0.9146799926086866
0.01,8,0.8,300,5,0.8,8.898729453363364,0.6754517366671887,13.35649492133687,-0.15217849264974231,3.4678355563950447,0.9249463936079138
0.01,8,0.9,300,5,0.8,8.428459786702922,0.7086369331412079,13.187497368249257,-0.12386133435695205,3.5845779436303555,0.9198080763826618
0.01,8,0.6,300,10,0.8,11.559362758744522,0.4516159086953519,14.372691152101657,-0.34603389585977745,6.5627630840812845,0.7312007652859658
0.01,8,0.7,300,10,0.8,11.181415246739572,0.48698122859071225,14.194521886001246,-0.3113586232079463,5.918016690640835,0.7814217491357354
0.01,8,0.8,300,10,0.8,10.770631311189263,0.5239297012479663,13.974687141309412,-0.2727757632848181,5.4007005267921375,0.8179650550173956
0.01,8,0.9,300,10,0.8,10.413564512022777,0.554678360290818,13.82198657121776,-0.24339735227365913,5.146196407614095,0.8347173415578957
0.01,8,0.6,400,1,0.8,4.243254135287151,0.9261318181284892,12.78491716416401,-0.044205570311507,4.662578416980437,0.8643227998243981
0.01,8,0.7,400,1,0.8,3.595622237133078,0.9470315644371677,12.750223132495567,-0.03775060462883828,4.886034844534859,0.8510063722882575
0.01,8,0.8,400,1,0.8,3.016125395039893,0.9627527422441311,12.769654785738677,-0.041646368552881265,5.623729791260946,0.8026198539332206
0.01,8,0.9,400,1,0.8,2.569910011518585,0.9729795702204285,12.803248828888547,-0.046104813835254624,6.730267122266774,0.7173043159623622
0.01,8,0.6,400,3,0.8,7.269484136325215,0.783375022713247,12.964033925257661,-0.08567516996747862,3.3973933493111916,0.9279645556442592
0.01,8,0.7,400,3,0.8,6.658537144175187,0.8184062308791755,12.813359245816489,-0.05776684182846339,3.518379034242676,0.922742647195259
0.01,8,0.8,400,3,0.8,6.012198956901587,0.8519428247858924,12.7452404432519,-0.05027844172400999,3.7799968823758956,0.9108261621347953
0.01,8,0.9,400,3,0.8,5.470451780809414,0.8773673028658828,12.621798996085252,-0.034198648197481904,4.774730160904572,0.8577172532088992
0.01,8,0.6,400,5,0.8,8.764147740201036,0.6851308295624177,13.281542958943158,-0.13695822923933204,3.515282793830509,0.9228785632418602
0.01,8,0.7,400,5,0.8,8.236216242103396,0.7220440021737903,13.121016955957263,-0.11436779233099267,3.4706765846444516,0.924823367728092
0.01,8,0.8,400,5,0.8,7.653311907208183,0.759972916184428,12.928707971715767,-0.08202641245849156,3.4716946949755405,0.9247792556766272
0.01,8,0.9,400,5,0.8,7.131881420040081,0.7914248699376855,12.785431581515404,-0.06066000811542995,4.0100502662694275,0.8996414892505621
0.01,8,0.6,400,10,0.8,10.61970816609532,0.5374188752703873,13.92010584235108,-0.2554033625533928,5.265452052121991,0.8269682103412641
0.01,8,0.7,400,10,0.8,10.192068048225988,0.573933547940783,13.73709444498501,-0.22557241259469127,4.709021279908659,0.861606440064806
0.01,8,0.8,400,10,0.8,9.726863403202348,0.6118179049844736,13.509660254598296,-0.18715501730357081,4.241042498327567,0.8877465173581759
0.01,8,0.9,400,10,0.8,9.312630366229843,0.6438405613049547,13.407294218686044,-0.16976952679645815,4.031026234428552,0.8985888227948285
0.1,3,0.6,100,1,0.8,1.5720723795188492,0.9898693785301724,12.87487020058786,-0.06378661268575903,10.180000438972355,0.35322955152069613
0.1,3,0.7,100,1,0.8,1.1852678052272791,0.9942465490574808,12.833888147203723,-0.026969622496988532,7.379241821754356,0.6601572102209977
0.1,3,0.8,100,1,0.8,1.049743294482397,0.9954869467965658,12.791650125908305,-0.015621381915507349,8.154860288067844,0.5849622262796362
0.1,3,0.9,100,1,0.8,0.8794017686777649,0.9967980972798813,12.832281162967154,-0.029423631565452024,10.131798017686231,0.35933998200443074
0.1,3,0.6,100,3,0.8,3.6748077768525973,0.9445349198518261,12.575531965578246,-0.026658533181440534,7.202286556204877,0.6762607411790866
0.1,3,0.7,100,3,0.8,3.0246979582429425,0.9625028080188258,12.209529782553027,0.06855198164277217,7.419914138202278,0.6564006493560783
0.1,3,0.8,100,3,0.8,2.5726807844063897,0.9729285770093684,12.345157221698397,0.0401924276214044,7.929522766515239,0.6075822208123434
0.1,3,0.9,100,3,0.8,2.1696392567214655,0.9806549897649643,12.274721220732895,0.052746392709463,10.355985579494087,0.33067437999196336
0.1,3,0.6,100,5,0.8,5.224940160714243,0.8874498135661467,12.807066079788822,-0.08059689357657604,6.065980479316719,0.7703552127620359
0.1,3,0.7,100,5,0.8,4.575537907417804,0.9138379890513082,12.43144140364414,0.014863822067353927,6.180960070461775,0.7615669517991199
0.1,3,0.8,100,5,0.8,3.96286889519673,0.935696806098572,12.398999210067185,0.012806196369693757,6.730191869165996,0.7173106377345831
0.1,3,0.9,100,5,0.8,3.367211023076469,0.9533863925956538,12.410830295120943,0.017321626716128847,9.221114356867112,0.4693338437492732
0.1,3,0.6,100,10,0.8,7.506795036949972,0.76756581587067,13.134080088148249,-0.13604410516621138,4.672754579135122,0.8637299176299391
0.1,3,0.7,100,10,0.8,6.931039644082405,0.80221909777787,12.999290569312668,-0.10432599827928164,4.514353684000389,0.8728121171979858
0.1,3,0.8,100,10,0.8,6.210333624743124,0.841533059814249,12.78964332644283,-0.07176990781959085,5.138036114394238,0.8352411014356454
0.1,3,0.9,100,10,0.8,5.566121200443748,0.872395926844973,12.537550903811349,-0.02392315979969355,6.689617223927283,0.7207088902256906
0.1,3,0.6,200,1,0.8,0.5023155402068565,0.998966075767042,13.141920812078741,-0.1051947610615723,10.857977586829259,0.26421241340024093
0.1,3,0.7,200,1,0.8,0.29855341132856983,0.9996353140048588,13.098456560184246,-0.06956941043465284,8.108803720908337,0.5896370424016769
0.1,3,0.8,200,1,0.8,0.22731571588475927,0.9997888664367167,13.092369381696713,-0.059712979273972545,8.652322425822375,0.5327815710568446
0.1,3,0.9,200,1,0.8,0.15517862426878168,0.999900056736006,13.15887537036387,-0.08587026486256981,10.334082668057276,0.3335026335702491
0.1,3,0.6,200,3,0.8,1.5943733945478034,0.989483052068173,12.668979860705148,-0.03176981898614302,9.092292036193978,0.4840574714148357
0.1,3,0.7,200,3,0.8,1.1784295184338438,0.9942990132588087,12.343965022773862,0.05044641157277685,9.263671876204661,0.4644242527664376
0.1,3,0.8,200,3,0.8,0.9301558000315655,0.9964585986580259,12.481196817065124,0.02509881390797557,9.59986590702425,0.42484498827137773
0.1,3,0.9,200,3,0.8,0.705381462075978,0.9979385240401051,12.484256663285768,0.02703563914914191,11.561223560261551,0.16581538958442155
0.1,3,0.6,200,5,0.8,2.649136027002835,0.9707607149788199,12.78189055487878,-0.06059967125964159,8.611652857925433,0.5371634960433801
0.1,3,0.7,200,5,0.8,2.069835033912166,0.9822692594865906,12.45418730122824,0.017248342299442852,8.788699761560874,0.5179369638218412
0.1,3,0.8,200,5,0.8,1.693613910991275,0.9881845545097667,12.561648907631836,-0.006531686442002127,9.203563765837876,0.47135196023765524
0.1,3,0.9,200,5,0.8,1.3554317790664752,0.9923966856078023,12.549386231579795,0.005688041855493098,11.052520514074146,0.23760992442201578
0.1,3,0.6,200,10,0.8,4.794472700274477,0.9041241653045444,12.908340169703294,-0.08916251931216879,6.968235346211948,0.6969598339630532
0.1,3,0.7,200,10,0.8,4.071439820152784,0.9311241150312082,12.878024512197651,-0.0812305752373226,6.780752881386398,0.7130472380098467
0.1,3,0.8,200,10,0.8,3.4061876048029434,0.952022590480671,12.76826067668499,-0.05897288022212732,8.015161403490364,0.5990602460719205
0.1,3,0.9,200,10,0.8,2.8754311477662453,0.9658147100175676,12.60681537418591,-0.02604349808390922,9.221599187666865,0.4692780392009849
0.1,3,0.6,300,1,0.8,0.18222080269210722,0.9998635643479428,13.33475292440915,-0.13742191742408646,11.04275178752072,0.23895699976265738
0.1,3,0.7,300,1,0.8,0.08945525917825081,0.9999672540048813,13.23497578629591,-0.09347610762341237,8.386602111858446,0.5610382756499066
0.1,3,0.8,300,1,0.8,0.059991447084066105,0.9999850901691876,13.213767148494227,-0.08033145162784323,8.779752746419243,0.5189179576074623
0.1,3,0.9,300,1,0.8,0.032970382791177366,0.9999953884223196,13.259605275021382,-0.10485781107533158,10.442537257806615,0.31943965205345526
0.1,3,0.6,300,3,0.8,0.8309009813936772,0.9971478869641203,12.868633287696502,-0.06585715007454547,9.629855050269818,0.42124590731337674
0.1,3,0.7,300,3,0.8,0.5751362055367026,0.9986456974848779,12.536277003109072,0.018965620847816035,9.772119527662712,0.40401941007095865
0.1,3,0.8,300,3,0.8,0.3916599291142534,0.9993734331701274,12.651669778200722,-0.0025130113340713577,10.061020088766913,0.36825966373885144
0.1,3,0.9,300,3,0.8,0.30197650233852225,0.9996221629475416,12.652178676415065,0.0022677592340744736,11.63067495219382,0.15576294168185145
0.1,3,0.6,300,5,0.8,1.5585776124265371,0.9898741859892569,12.926791610147717,-0.08428496672270366,9.461799447291181,0.4412699211955414
0.1,3,0.7,300,5,0.8,1.132287132979187,0.9947239159070758,12.611080626473072,-0.003943006103752511,9.794657102283935,0.4012672034213124
0.1,3,0.8,300,5,0.8,0.8696368015839756,0.9968905055994762,12.689297294964149,-0.02420734012318291,9.893729862331332,0.3890936049349082
0.1,3,0.9,300,5,0.8,0.676438038036277,0.998103903410383,12.695090730408886,-0.014867517739712,11.449401341215776,0.1818741158130397
0.1,3,0.6,300,10,0.8,3.3130428512416983,0.9541956436921415,13.165927552825815,-0.13232580026352866,8.27556270866392,0.5725851149049248
0.1,3,0.7,300,10,0.8,2.637081622563546,0.9711836054779124,13.101240358366812,-0.11257348852225946,8.31271791932928,0.5687385268662382
0.1,3,0.8,300,10,0.8,2.0966910251623783,0.9817504806951813,12.949530645183836,-0.08619065992271038,9.447690221181926,0.44293501067381036
0.1,3,0.9,300,10,0.8,1.7078688611916142,0.9878816039449452,12.772308619753392,-0.04812047447805423,10.255887604653699,0.3435508650351208
0.1,3,0.6,400,1,0.8,0.06561283647571838,0.9999821461153037,13.406776992540927,-0.14998482587934278,11.01459951115899,0.24283244364173695
0.1,3,0.7,400,1,0.8,0.025319394166775533,0.9999973537128127,13.282742831865605,-0.10193733346448505,8.450836811040624,0.5542883295810217
0.1,3,0.8,400,1,0.8,0.015289397590125106,0.9999989920086587,13.246785574447387,-0.08600898506386909,8.798671351719209,0.5168424533451559
0.1,3,0.9,400,1,0.8,0.007550755805000873,0.999999742302386,13.280312461716488,-0.10860269611154076,10.469024955402162,0.315982764421723
0.1,3,0.6,400,3,0.8,0.45612592022641224,0.9991337620193521,13.00435277512275,-0.08831185649319544,9.742010634393342,0.4076863058332545
0.1,3,0.7,400,3,0.8,0.2903284564019553,0.9996547188638569,12.697436919711523,-0.008938938701011612,9.810439999091566,0.39933607885088906
0.1,3,0.8,400,3,0.8,0.18408893383207264,0.9998607596174074,12.777786690152778,-0.024130191927407996,10.066234883781316,0.3676046108521205
0.1,3,0.9,400,3,0.8,0.12809439524521923,0.9999321383094152,12.77402032763352,-0.017853278576277366,11.600617486846764,0.16012087220153948
0.1,3,0.6,400,5,0.8,0.9787865646412524,0.9959978283336145,13.012530501309922,-0.09658276966241572,9.583523711287972,0.4268015354757483
0.1,3,0.7,400,5,0.8,0.6652045815139475,0.9981762961068272,12.747448061972266,-0.026523114258373393,10.020851357864109,0.37329405388089876
0.1,3,0.8,400,5,0.8,0.48331830628755823,0.9990435631311534,12.807866707659528,-0.04380801200876725,10.040644938642574,0.37081582014489756
0.1,3,0.9,400,5,0.8,0.3701036479557533,0.99943505013411,12.835099127633374,-0.03752316624608572,11.371731940204377,0.19293632172531117
0.1,3,0.6,400,10,0.8,2.3391093868037403,0.9773846174290318,13.213943491757465,-0.14282929194897864,8.597449944693292,0.5386889188588497
0.1,3,0.7,400,10,0.8,1.7748710050650964,0.9870180654058507,13.175956563027952,-0.12658525656838943,8.672049454183977,0.5306486551089217
0.1,3,0.8,400,10,0.8,1.3915630153757381,0.9919791451186948,13.01950454988534,-0.09655051899891028,9.769551664089853,0.404332585890813
0.1,3,0.9,400,10,0.8,1.1283150281402328,0.9946363976037025,12.88946731607086,-0.06624028431369892,10.70434916551232,0.2848862826693167
0.1,4,0.6,100,1,0.8,1.3214739031021132,0.9928032159905653,12.728617406623547,-0.04258177815402453,10.30375466408571,0.3374089065380975
0.1,4,0.7,100,1,0.8,0.9278781971676556,0.9964657313209069,12.994740548443934,-0.056609491645336754,7.532991511639663,0.6458481367395896
0.1,4,0.8,100,1,0.8,0.7051195947808789,0.9979504194700892,12.914680202994612,-0.04110702681186014,7.951732963407746,0.6053808570018173
0.1,4,0.9,100,1,0.8,0.48929048191135927,0.9990214087164851,12.764743748112867,-0.02040092185889797,9.956087149040306,0.38136860841700704
0.1,4,0.6,100,3,0.8,3.523069662005002,0.9491130282560267,12.489360563311378,-0.011608713946953887,7.15305618160611,0.6806713778215824
0.1,4,0.7,100,3,0.8,2.883920247516415,0.9659588787776576,12.387592431216113,0.04336521527835313,7.198028652100523,0.676643409446027
0.1,4,0.8,100,3,0.8,2.321674026959225,0.9779772287543619,12.375029146973615,0.04157796561245845,7.954624803824988,0.6050937791785371
0.1,4,0.9,100,3,0.8,1.7971984502935985,0.9867173331915711,12.27088878815722,0.055331115300244774,10.50098795420343,0.31179963991378656
0.1,4,0.6,100,5,0.8,5.155443331927787,0.8904529873977559,12.754546673447447,-0.06796087423807573,6.041031771955017,0.7722403353868377
0.1,4,0.7,100,5,0.8,4.470898700866881,0.9178037351723489,12.462443862437818,0.01035073232724637,6.044051112197931,0.77201260747508
0.1,4,0.8,100,5,0.8,3.7710878318587873,0.9418063787632482,12.448338566247065,0.012002525552148823,6.752235329956868,0.7154558148823006
0.1,4,0.9,100,5,0.8,3.1068819282129776,0.9603258317052552,12.394909183893699,0.019287908429383327,9.16436581975197,0.47584539139109006
0.1,4,0.6,100,10,0.8,7.472759409924329,0.7697538562768791,13.139295555959583,-0.13706819495593095,4.608731615167891,0.867438499527139
0.1,4,0.7,100,10,0.8,6.876428614050951,0.8053867210777371,12.945793025220505,-0.09413828430653322,4.4334052953077245,0.8773325192203856
0.1,4,0.8,100,10,0.8,6.138671902143105,0.8452808204664027,12.777470847675627,-0.06565666808926658,4.94421115156422,0.8474372197427537
0.1,4,0.9,100,10,0.8,5.441120440161254,0.8780301096398139,12.503033624157505,-0.021761538444009233,6.491755050590496,0.7369860256121996
0.1,4,0.6,200,1,0.8,0.37079742100978386,0.9994140414668966,12.96033579251026,-0.07684646787587009,11.023065436120403,0.24166806410172925
0.1,4,0.7,200,1,0.8,0.1848914537757113,0.9998533905793472,13.207561111509438,-0.08986893383366168,8.143519596871318,0.5861157818907254
0.1,4,0.8,200,1,0.8,0.11726082241775863,0.9999397269205321,13.11091828724479,-0.0715575941218852,8.542317519982166,0.5445864004449571
0.1,4,0.9,200,1,0.8,0.06048995218565649,0.9999843724582872,12.971134100073616,-0.05139836894525936,10.322902376437485,0.3349440007922416
0.1,4,0.6,200,3,0.8,1.4182395176052423,0.9916971745224428,12.555617039961076,-0.017319225520335824,9.00508436357211,0.49390721421993844
0.1,4,0.7,200,3,0.8,0.9862030160180277,0.9960033694616562,12.54746388339668,0.017464124292368165,9.099697652775522,0.48321666503327065
0.1,4,0.8,200,3,0.8,0.681468503161885,0.9980576496139093,12.487149149759645,0.02364090328905073,9.802044208171104,0.40036373729865593
0.1,4,0.9,200,3,0.8,0.4242002865116671,0.999245033978679,12.463505696257013,0.028819048719196095,11.805964486524976,0.13012365721314656
0.1,4,0.6,200,5,0.8,2.5307268685421556,0.9734532502796857,12.623147063109757,-0.03291759136057981,8.323084952358645,0.5676621785826074
0.1,4,0.7,200,5,0.8,1.9091228308168398,0.9849710612160424,12.53420183722056,0.002452791212461425,8.490970900646921,0.5500447950636591
0.1,4,0.8,200,5,0.8,1.4165442223574565,0.9917310520116868,12.50329959797387,0.00861463462794403,9.348640479760139,0.45455433832313785
0.1,4,0.9,200,5,0.8,0.996821362989855,0.995885900515915,12.582140864149597,-0.0039190227853725945,11.316658037043332,0.2007346966297715
0.1,4,0.6,200,10,0.8,4.714624673492557,0.9073714125566481,12.96007287513975,-0.0991228659424835,6.91749837039049,0.7013567481030731
0.1,4,0.7,200,10,0.8,3.9777259346172813,0.9342933587402713,12.858496782605505,-0.07472964550541954,6.726011910345485,0.7176616716948048
0.1,4,0.8,200,10,0.8,3.2409046128578667,0.9567456463006387,12.738772277913634,-0.04903424271488679,7.793133169863884,0.620965475126697
0.1,4,0.9,200,10,0.8,2.593639810770264,0.9722512940832061,12.684264422909601,-0.03747424343029719,9.339412854668527,0.45563057696491494
0.1,4,0.6,300,1,0.8,0.11689827866316879,0.999942108618713,13.110159771102701,-0.10127811523700869,11.130488177062572,0.22681574727590836
0.1,4,0.7,300,1,0.8,0.04700026741542576,0.9999900666337245,13.297648581717727,-0.10488503818257358,8.270403948491932,0.573117826387356
0.1,4,0.8,300,1,0.8,0.022387992503719326,0.9999977091302661,13.187434769206067,-0.08461659031872178,8.632231370347954,0.5349488534377412
0.1,4,0.9,300,1,0.8,0.00919282247795421,0.9999996223035712,13.012919487661426,-0.05811417617053012,10.381843033898246,0.32732778140439933
0.1,4,0.6,300,3,0.8,0.6854595179974163,0.9980509948386647,12.75936812804622,-0.0519287398571235,9.487430276676657,0.4382387616546629
0.1,4,0.7,300,3,0.8,0.4270022592634463,0.9992442335656797,12.702935109971108,-0.008717139800987072,9.660835546408753,0.4175160628756047
0.1,4,0.8,300,3,0.8,0.23399257385252423,0.9997687919477423,12.671458926966725,-0.006860223719182113,10.197030017920287,0.3510638461188478
0.1,4,0.9,300,3,0.8,0.1363764433683033,0.9999223205289145,12.614917553995957,0.003925684341160562,11.859106266539108,0.12227494365851277
0.1,4,0.6,300,5,0.8,1.4391458489718143,0.9914192653332263,12.79211956192779,-0.06061879480672614,9.230531668572478,0.46824937601555383
0.1,4,0.7,300,5,0.8,0.9664085173856188,0.9961578289977868,12.660951422046423,-0.015357780035971968,9.53267246074955,0.43286830771975493
0.1,4,0.8,300,5,0.8,0.6177139842409185,0.9984271337874295,12.693525402065001,-0.024477874331304085,10.240001617354228,0.3455829204681834
0.1,4,0.9,300,5,0.8,0.39317629060662584,0.9993532935714569,12.767342049241705,-0.035394356393790204,11.869917494100777,0.12067387684789166
0.1,4,0.6,300,10,0.8,3.2140360833991224,0.9569616296912151,13.195335539038766,-0.1414757575486842,8.257402014745312,0.5744589775462197
0.1,4,0.7,300,10,0.8,2.5203053526954093,0.9737362464496437,13.034145212542905,-0.09995243761798171,8.277131588788766,0.5724230410243933
0.1,4,0.8,300,10,0.8,1.8676930400270586,0.9856396029436922,12.868866767558487,-0.06868394722098606,9.342268979833786,0.4552975742439651
0.1,4,0.9,300,10,0.8,1.3566707439259194,0.9923989498249963,12.838228773966483,-0.058192351710551725,10.726606893063696,0.2819092956373165
0.1,4,0.6,400,1,0.8,0.038769100847238655,0.999993292419567,13.157352720573243,-0.10896003541880087,11.15295171315008,0.22369171918652986
0.1,4,0.7,400,1,0.8,0.011833318820891486,0.9999993384340037,13.324979032038167,-0.10947958356777698,8.306482290702672,0.5693852895237177
0.1,4,0.8,400,1,0.8,0.004548225599973124,0.9999999050871622,13.202651541570072,-0.08715270899175327,8.654967366277921,0.532495878096086
0.1,4,0.9,400,1,0.8,0.001949155247013261,0.9999999839600442,13.019027550182674,-0.05908207367681075,10.39178737990677,0.32603851340687606
0.1,4,0.6,400,3,0.8,0.3629779297081118,0.9994365328694149,12.879372828545698,-0.07283563487386091,9.609033494331795,0.423745951782207
0.1,4,0.7,400,3,0.8,0.2020138391289393,0.9998303237375102,12.83285316695411,-0.03229665540419406,9.743466210437619,0.4075092947285136
0.1,4,0.8,400,3,0.8,0.09555902942865505,0.999960966094075,12.760859763861502,-0.022386653838004044,10.265432947364129,0.3423283578934079
0.1,4,0.9,400,3,0.8,0.04759533915358904,0.9999904567708773,12.685935097898987,-0.008422267707251541,11.847904815606071,0.12393226093824627
0.1,4,0.6,400,5,0.8,0.8720307607777992,0.9968197426152636,12.884870281476058,-0.0753944290470209,9.386688860816594,0.450105444007198
0.1,4,0.7,400,5,0.8,0.5223350800134561,0.998870991071982,12.798144178970489,-0.03825326708721719,9.776068564803486,0.4035376261493213
0.1,4,0.8,400,5,0.8,0.3080173717545507,0.9996042860427454,12.819832848216276,-0.04735720946791562,10.395804695778914,0.3255173250065072
0.1,4,0.9,400,5,0.8,0.18236505626881172,0.9998607088898108,12.898659783623412,-0.05871409193332979,11.874135520660957,0.12004882112148385
0.1,4,0.6,400,10,0.8,2.2336357832335922,0.9794170690936944,13.224356207452155,-0.14824745104238193,8.575641315792103,0.5410263101162223
0.1,4,0.7,400,10,0.8,1.6446479801543699,0.9888875852846082,13.119641816200934,-0.11658991888504641,8.663435319710336,0.531580625710403
0.1,4,0.8,400,10,0.8,1.1500739486396472,0.9945732612576738,12.938804009268264,-0.08031152232521813,9.813171373961454,0.39900156445013013
0.1,4,0.9,400,10,0.8,0.7890180979819463,0.9974228368386715,12.937345951905915,-0.07394085962566765,11.156558107575977,0.22318958727078708
0.1,5,0.6,100,1,0.8,1.2905145598273855,0.9931381033771622,12.819308465293037,-0.058438429540749716,10.280843311096644,0.34035229579795057
0.1,5,0.7,100,1,0.8,0.8897357336522719,0.9967485889138852,13.07304406457232,-0.07407874502642156,7.572870861342782,0.6420884802499113
0.1,5,0.8,100,1,0.8,0.6373710407033208,0.9983179492589681,12.954746903900718,-0.049237487397925994,7.886167497272541,0.6118616378721207
0.1,5,0.9,100,1,0.8,0.42930259534033455,0.9992462710394749,12.796899769564718,-0.026544179521497215,9.894511658156295,0.3889970543021891
0.1,5,0.6,100,3,0.8,3.506464170923992,0.9496220789883274,12.574972571500854,-0.028403961873034067,7.158273514451222,0.6802053808378263
0.1,5,0.7,100,3,0.8,2.8651301027295935,0.9664052036313351,12.385361636813533,0.04339433320164019,7.199757579750363,0.6764880537732985
0.1,5,0.8,100,3,0.8,2.286155487457192,0.9786404877037727,12.418082639593253,0.03290307454192516,7.658486248006406,0.6339499684421788
0.1,5,0.9,100,3,0.8,1.735526889673355,0.9876166886645434,12.351685983348615,0.04389183605301052,10.232521724095239,0.34653861994932156
0.1,5,0.6,100,5,0.8,5.156137187575721,0.8903992548075456,12.729566803021196,-0.06134981670666058,6.059069635118851,0.7708781736619466
0.1,5,0.7,100,5,0.8,4.471015590175793,0.9178100521265004,12.481167872727939,0.009215433975314147,6.02741768592974,0.7732657382869633
0.1,5,0.8,100,5,0.8,3.754361394241895,0.9423270351510981,12.457336519750777,0.012201935358674509,6.6226553924873395,0.7262722109931624
0.1,5,0.9,100,5,0.8,3.07257214303794,0.961187959612235,12.403298686756656,0.02040196466414912,9.098569854569215,0.48334475526730714
0.1,5,0.6,100,10,0.8,7.472761922492374,0.7697549259189242,13.122658072466512,-0.13430449561416674,4.603881415218696,0.8677173664772583
0.1,5,0.7,100,10,0.8,6.875353769425298,0.8054435906435277,12.906232598346625,-0.08818744003757692,4.466865067873465,0.875473941362237
0.1,5,0.8,100,10,0.8,6.136083167802591,0.8454273769995705,12.749497779520507,-0.06164252685599183,4.966174138880756,0.8460787920553058
0.1,5,0.9,100,10,0.8,5.433536639006,0.8783820541846351,12.492639417555221,-0.019381589991659908,6.481535208273367,0.7378134892247881
0.1,5,0.6,200,1,0.8,0.34997788364581317,0.9994727146345236,13.031373404601245,-0.08763014163097141,10.95397294222482,0.2511447090650314
0.1,5,0.7,200,1,0.8,0.16634288582173443,0.9998808585444892,13.271581189283044,-0.10616492396673152,8.222424567652071,0.5780564321357908
0.1,5,0.8,200,1,0.8,0.09864765831157604,0.9999568744957721,13.129014125196196,-0.07746361147197274,8.441200354898868,0.5553042365800178
0.1,5,0.9,200,1,0.8,0.049602598681427114,0.999989312185005,12.978328229978374,-0.05329803116485414,10.231028161169304,0.34672936754576067
0.1,5,0.6,200,3,0.8,1.3859685319562582,0.9920680181228894,12.628622298581679,-0.031872232823533755,8.940853543421568,0.5011011110165591
0.1,5,0.7,200,3,0.8,0.9494315690522284,0.9962923859183848,12.58014556274315,0.008002599064961568,9.034335025491977,0.49061405424335025
0.1,5,0.8,200,3,0.8,0.6392186119518852,0.998292943656806,12.512102906825755,0.018985396915616404,9.484108684157274,0.4386320431302956
0.1,5,0.9,200,3,0.8,0.3871680666601739,0.9993709253299083,12.602905072060594,0.004317375624407749,11.580924859299818,0.1629699254722604
0.1,5,0.6,200,5,0.8,2.5205304207378036,0.9736602552014215,12.619658536361975,-0.03206797257534848,8.359043272281445,0.5639184408041087
0.1,5,0.7,200,5,0.8,1.8872695868497875,0.9853183931799053,12.514558639457071,0.008445840359113176,8.456326272850662,0.553709094195861
0.1,5,0.8,200,5,0.8,1.3876979876987805,0.9920710773143133,12.50989953048595,0.008368808401562778,9.158853550479666,0.47647574868229225
0.1,5,0.9,200,5,0.8,0.9686148644098005,0.9961205721915019,12.583735376497897,-0.0021395042653681085,11.363365548948462,0.19412342790649273
0.1,5,0.6,200,10,0.8,4.708525662651123,0.9076916254368663,12.905890805629852,-0.08722473831724739,6.858005943498827,0.7064714905257073
0.1,5,0.7,200,10,0.8,3.9714420583198766,0.9344913239418089,12.816387191136965,-0.06700911184142147,6.653143117642624,0.7237461708499608
0.1,5,0.8,200,10,0.8,3.2266075452233345,0.957132066851802,12.664359252502397,-0.03588619418870782,7.746032309249414,0.6255333175013429
0.1,5,0.9,200,10,0.8,2.567361826820462,0.9728267115009718,12.631915067080937,-0.027991930110184547,9.371416541369106,0.4518933659165014
0.1,5,0.6,300,1,0.8,0.1067752036079801,0.9999511098341107,13.159559804017775,-0.10818394721902229,11.030857744326358,0.2405955412504196
0.1,5,0.7,300,1,0.8,0.03955378984699305,0.9999928744744271,13.341113869293881,-0.1171189523175588,8.334593447462563,0.566465747780611
0.1,5,0.8,300,1,0.8,0.01732239029073982,0.9999985426483008,13.188496744416884,-0.08771078625761704,8.528509483520445,0.5460574966031491
0.1,5,0.9,300,1,0.8,0.006984240501940108,0.9999997598680871,13.007763914606425,-0.05781024192370543,10.283142787996898,0.3400571810402142
0.1,5,0.6,300,3,0.8,0.6567618781617349,0.9982063138626291,12.817703091321942,-0.06303603703986309,9.434524862497888,0.444486469344745
0.1,5,0.7,300,3,0.8,0.3964740350444593,0.9993444352471542,12.728591778189017,-0.018445850003499232,9.570271594675194,0.4283856795079972
0.1,5,0.8,300,3,0.8,0.20794001934055154,0.9998185843525291,12.668859644878214,-0.006756962124593246,9.913781951122791,0.3866147899232535
0.1,5,0.9,300,3,0.8,0.11565044129597417,0.9999445700443271,12.738047474409651,-0.018593823636210448,11.696159106207281,0.14622956844793777
0.1,5,0.6,300,5,0.8,1.4147873080049151,0.9917191985500153,12.765765342652143,-0.05692717676926211,9.216588159038082,0.46985467245246804
0.1,5,0.7,300,5,0.8,0.938229300633877,0.9963785127267558,12.636192535983565,-0.01052003876633032,9.458450355702892,0.44166538657111165
0.1,5,0.8,300,5,0.8,0.5856377697460237,0.998586490739596,12.702094097764979,-0.02570850630080903,10.04024026654267,0.37086653564254823
0.1,5,0.9,300,5,0.8,0.3629183256588685,0.999452591155608,12.756128425400082,-0.03237122510739254,11.89841796226231,0.11644616540717401
0.1,5,0.6,300,10,0.8,3.2180490497502006,0.9568461258109078,13.162569451937685,-0.13387183984855722,8.246624444232461,0.5755690858699976
0.1,5,0.7,300,10,0.8,2.5112162130998517,0.9739234581388876,13.002852140040442,-0.09429880761153323,8.200830764513592,0.5802697457612919
0.1,5,0.8,300,10,0.8,1.8437142794648433,0.9860022249109749,12.776470903628923,-0.04871307162938263,9.283482437752642,0.46213112292269576
0.1,5,0.9,300,10,0.8,1.316516858830472,0.9928594391812131,12.77123611645272,-0.04519506656519852,10.667574320408809,0.28979139590656844
0.1,5,0.6,400,1,0.8,0.03619188261824245,0.9999940116532737,13.20215066605085,-0.11501205974098756,11.056741267011478,0.23702752793292614
0.1,5,0.7,400,1,0.8,0.009754465336824452,0.9999995406314863,13.363288337901599,-0.12053976614715675,8.367537322169017,0.5630317411281325
0.1,5,0.8,400,1,0.8,0.003673225593621046,0.99999993741002,13.19921875690432,-0.08951950689449073,8.548805176247425,0.5438943894439956
0.1,5,0.9,400,1,0.8,0.0016816381169292814,0.9999999880509056,13.012228226485377,-0.05847460001407716,10.291868988683172,0.3389366603912729
0.1,5,0.6,400,3,0.8,0.3477613615396086,0.9994793490244762,12.922945450656988,-0.08162110410269412,9.559416044443324,0.42968170724106935
0.1,5,0.7,400,3,0.8,0.1839702139833331,0.9998571272928487,12.84305040924246,-0.039669294187544835,9.634339266087718,0.4207067792591124
0.1,5,0.8,400,3,0.8,0.08362364663393024,0.9999704510355107,12.742240402598158,-0.019222670349583183,9.988764776814495,0.37730103020105366
0.1,5,0.9,400,3,0.8,0.04074514563528033,0.9999930948211476,12.793714434805741,-0.028361703547057915,11.726262639111003,0.14182905007815372
0.1,5,0.6,400,5,0.8,0.849944969120718,0.9969733843015243,12.859505359914511,-0.07270967179753837,9.395778504228844,0.4490399425107968
0.1,5,0.7,400,5,0.8,0.49985200181351014,0.9989632909039988,12.7552543291247,-0.030434009558751817,9.705131279396674,0.41216234290894216
0.1,5,0.8,400,5,0.8,0.28426935097742245,0.9996633902205337,12.814724348403136,-0.046173433556156954,10.193428534313215,0.351522159998628
0.1,5,0.9,400,5,0.8,0.16633529759788873,0.9998848952614772,12.867703193151053,-0.05273420408640552,11.947218654025592,0.10918360973308505
0.1,5,0.6,400,10,0.8,2.2261113111500905,0.9795565840005116,13.206783492001644,-0.14426529534863658,8.536519240495329,0.5452044339327724
0.1,5,0.7,400,10,0.8,1.6342741047898641,0.9890301299433837,13.085463483785919,-0.11002296469151103,8.54764279595859,0.5440184142911992
0.1,5,0.8,400,10,0.8,1.1202875186886183,0.9948468239321695,12.835529581417603,-0.057547870504688146,9.76029098585467,0.40546133160401765
0.1,5,0.9,400,10,0.8,0.7469994999248368,0.9976955701416397,12.855539856780979,-0.05794242357754813,11.092308464097783,0.23211099090118914
0.1,6,0.6,100,1,0.8,1.2887351642678704,0.9931583927294172,12.800411578232183,-0.055277193652430445,10.282573736924334,0.3401302191737513
0.1,6,0.7,100,1,0.8,0.8793376595948565,0.9968191477176216,12.940744538536325,-0.04342373880625716,7.543938618172644,0.6448180664958456
0.1,6,0.8,100,1,0.8,0.6175680429605102,0.9984128357727343,12.986256733828046,-0.05560918228935037,7.950673973802672,0.6054859585551781
0.1,6,0.9,100,1,0.8,0.41503224528602456,0.9992944666195644,12.827767317699918,-0.032916195153876004,9.973249264078587,0.3792339999786615
0.1,6,0.6,100,3,0.8,3.500196654728201,0.9498198875019366,12.56442709306366,-0.026259832983941033,7.15785632357804,0.6802426556103958
0.1,6,0.7,100,3,0.8,2.863596107957867,0.9664337885860359,12.401789524306434,0.040573789206563585,7.200313234849856,0.676438116536557
0.1,6,0.8,100,3,0.8,2.2685048404005768,0.9789713799589339,12.423309524710211,0.03142653936467006,7.535562730151986,0.645606331811923
0.1,6,0.9,100,3,0.8,1.7146306439334622,0.9879233076597845,12.319051888048559,0.049382432728222604,10.299271963040187,0.3379853084002099
0.1,6,0.6,100,5,0.8,5.149851679019738,0.8907126537412214,12.701528639496706,-0.055125695903190185,6.102503207780839,0.767581546182776
0.1,6,0.7,100,5,0.8,4.470940460276242,0.917812862313997,12.485151612333022,0.008837256449792474,6.049878564529902,0.7715727613770474
0.1,6,0.8,100,5,0.8,3.7503916898504315,0.9424502047223097,12.454500699414185,0.012883951618448575,6.527725651250775,0.7340632469565316
0.1,6,0.9,100,5,0.8,3.0632757507043737,0.9614390649740908,12.363447671162,0.025877638632181222,9.064371259767363,0.48722133759325736
0.1,6,0.6,100,10,0.8,7.472761922492374,0.7697549259189242,13.122658072466512,-0.13430449561416674,4.616369772921844,0.8669987409217577
0.1,6,0.7,100,10,0.8,6.875316610319894,0.8054455646171579,12.90625878302247,-0.08819159097776423,4.466497467282989,0.8754944362589612
0.1,6,0.8,100,10,0.8,6.135366519970515,0.8454595453485718,12.757263762191219,-0.06332215860290577,4.9601290636715305,0.8464532851551891
0.1,6,0.9,100,10,0.8,5.431321278474148,0.8784696567687849,12.515566390548393,-0.023512935694698055,6.479962906912837,0.7379406770572675
0.1,6,0.6,200,1,0.8,0.34638963788215615,0.9994812391051555,13.016626384706342,-0.08551510902060575,10.983292751014917,0.24713051648458328
0.1,6,0.7,200,1,0.8,0.16341129605096183,0.9998846919312824,13.14096643569699,-0.0735155542306853,8.13574974584662,0.5869051910763085
0.1,6,0.8,200,1,0.8,0.09393004491536876,0.9999600882120102,13.156344906294645,-0.08321913088605845,8.459713576155202,0.5533514860851106
0.1,6,0.9,200,1,0.8,0.0474327773059495,0.9999901596198223,12.998881876998382,-0.05849935101124424,10.343152766506808,0.3323321669072864
0.1,6,0.6,200,3,0.8,1.3767742528765634,0.9921658711429544,12.630463062802601,-0.03216022987482812,8.931464937578626,0.5021483277579795
0.1,6,0.7,200,3,0.8,0.9445349366383852,0.9963310658071787,12.586465659596723,0.007631845550550231,9.032393896153982,0.4908329254220597
0.1,6,0.8,200,3,0.8,0.6262467053666214,0.9983592502686095,12.523651251403573,0.01641406091584796,9.38109944537312,0.450760131526199
0.1,6,0.9,200,3,0.8,0.3716412137573331,0.9994222975452146,12.551567152031037,0.01574278157347144,11.617525685609623,0.15767079705802522
0.1,6,0.6,200,5,0.8,2.5121766405854036,0.9738609112399583,12.59820610987079,-0.02756312052521872,8.36537205875039,0.5632578599805624
0.1,6,0.7,200,5,0.8,1.8860255723997992,0.9853365850461706,12.506181572968336,0.009502070834454757,8.38780317546895,0.5609125373118475
0.1,6,0.8,200,5,0.8,1.3814557540647356,0.9921387271925808,12.502684859836837,0.009929356087806518,9.05228148512708,0.48858828164769386
0.1,6,0.9,200,5,0.8,0.9399776562202404,0.9963581059773793,12.526449821952934,0.008915110608259646,11.267417159356446,0.2076750673902379
0.1,6,0.6,200,10,0.8,4.708298109761222,0.9076990263322532,12.911252265402851,-0.08830411413953528,6.863709788142374,0.7059830286408866
0.1,6,0.7,200,10,0.8,3.9683581486692794,0.9345851281983956,12.823952213779659,-0.06809083559682942,6.69128569875591,0.7205695554079188
0.1,6,0.8,200,10,0.8,3.224793803551049,0.9571797066293286,12.679961706146162,-0.0391488147320765,7.724627037632748,0.6276000493942714
0.1,6,0.9,200,10,0.8,2.559986850457703,0.9729746421964387,12.534036102460668,-0.012038631947688372,9.240681181256422,0.4670793509159007
0.1,6,0.6,300,1,0.8,0.1055799872495308,0.9999521189839458,13.144352265281356,-0.10607029917789945,11.056145112789077,0.23710980117919256
0.1,6,0.7,300,1,0.8,0.0386740583700411,0.9999930920348479,13.212506489065415,-0.08455585932800318,8.268847023013507,0.5732785346618084
0.1,6,0.8,300,1,0.8,0.01629269340014586,0.9999986663258855,13.210651692799265,-0.09234851874429222,8.539975485023685,0.5448360864007598
0.1,6,0.9,300,1,0.8,0.006736696813310815,0.9999997721569193,13.02650207622633,-0.06280000922794082,10.388364717296104,0.32648239525700695
0.1,6,0.6,300,3,0.8,0.6475433937774949,0.9982540035294958,12.830036230188673,-0.06735719176908794,9.426234650381813,0.4454623110955095
0.1,6,0.7,300,3,0.8,0.3950103705832237,0.999352145426206,12.74110563761281,-0.019977227072297633,9.557718807263296,0.429884204857487
0.1,6,0.8,300,3,0.8,0.20076127273653896,0.9998315172786354,12.677108345477112,-0.008971051799459562,9.77316354557616,0.403892058446214
0.1,6,0.9,300,3,0.8,0.10802581841590009,0.9999518970929182,12.677536369035677,-0.004552258659989228,11.73566355744219,0.14045251108202617
0.1,6,0.6,300,5,0.8,1.4117617766288215,0.9917565216974678,12.753680354069747,-0.05441816819680265,9.229229960936074,0.4683993424673669
0.1,6,0.7,300,5,0.8,0.9345227031743846,0.9964064837978194,12.632494535475935,-0.009668940180140728,9.373703330147961,0.4516258381588536
0.1,6,0.8,300,5,0.8,0.5751386703577798,0.9986350322888249,12.668938129257498,-0.01775690902609961,9.931442524377234,0.38442745449580007
0.1,6,0.9,300,5,0.8,0.34098042077054963,0.999518862725251,12.712724997443365,-0.020865087804296124,11.793776503362816,0.13191877792201923
0.1,6,0.6,300,10,0.8,3.217913967065828,0.9568492135032377,13.172264755224592,-0.1362711177810611,8.250805064036173,0.5751386469532545
0.1,6,0.7,300,10,0.8,2.5096771044926274,0.9739542737323703,13.000220860988316,-0.09335977277357543,8.196649513605887,0.5806976414606504
0.1,6,0.8,300,10,0.8,1.8407278801530906,0.9860477363515354,12.799033073609639,-0.05360978661237039,9.20710428925307,0.4709451502623848
0.1,6,0.9,300,10,0.8,1.302923422079588,0.9930002102585462,12.704839612237242,-0.0320883250258575,10.574210250958583,0.3021686796756108
0.1,6,0.6,400,1,0.8,0.03579554795345702,0.999994133093178,13.18485109997036,-0.1125767119201907,11.094568864996646,0.23179799674545332
0.1,6,0.7,400,1,0.8,0.009613224481096864,0.9999995479101317,13.234688534522226,-0.08787046226639499,8.297727570841722,0.5702925145930275
0.1,6,0.8,400,1,0.8,0.0034559760482195355,0.9999999432530607,13.2205627722043,-0.09401098601880353,8.558136553384415,0.5428981294450134
0.1,6,0.9,400,1,0.8,0.0016096180127492805,0.9999999889979888,13.030928671439764,-0.06346622450595407,10.396435529894756,0.32543546514014965
0.1,6,0.6,400,3,0.8,0.3417689083998352,0.9994948178503629,12.934230727849277,-0.0861317008790307,9.55330770484369,0.43041032597208817
0.1,6,0.7,400,3,0.8,0.18363984733591315,0.9998582603897838,12.852489346625102,-0.04066887845667917,9.657034837709126,0.41797428748285825
0.1,6,0.8,400,3,0.8,0.08027528242186463,0.9999727395234379,12.744718694106568,-0.020422463908653276,9.853331119028722,0.39407240742208594
0.1,6,0.9,400,3,0.8,0.03886067157899375,0.9999937220148564,12.72761850566734,-0.013085304983004975,11.766727734876714,0.1358960623750014
0.1,6,0.6,400,5,0.8,0.8513329586223737,0.9969647296528249,12.846749396091406,-0.07013681152517123,9.400116401533756,0.44853108422645005
0.1,6,0.7,400,5,0.8,0.4983175695113012,0.9989699612632353,12.748617303041438,-0.029238605517073246,9.635932792047173,0.42051513246277017
0.1,6,0.8,400,5,0.8,0.2762759691632644,0.9996803174042114,12.77612504286672,-0.03673492080034875,10.091671838505778,0.3644044992589782
0.1,6,0.9,400,5,0.8,0.1518380521884056,0.9999037040364908,12.808028356954292,-0.03718239082368293,11.873551874561723,0.12013532298938745
0.1,6,0.6,400,10,0.8,2.226175602083901,0.9795555325505243,13.218723548187905,-0.14753786426223486,8.524660769436165,0.5464671111315498
0.1,6,0.7,400,10,0.8,1.6318823385726247,0.9890605565135235,13.08630967294793,-0.10994275336403933,8.514868780265692,0.5475084284694185
0.1,6,0.8,400,10,0.8,1.1153938335214546,0.9948922827435602,12.85627618179573,-0.06233664478986378,9.647710140162033,0.4190977365755131
0.1,6,0.9,400,10,0.8,0.7333333079429717,0.997779963696434,12.781437277365455,-0.04226505042154845,10.998145942920733,0.245092862298943
0.1,7,0.6,100,1,0.8,1.288227751048972,0.993163464488474,12.804287976585957,-0.056655962703292054,10.212096982717963,0.349144714429526
0.1,7,0.7,100,1,0.8,0.8764683899102585,0.9968402857571685,12.952983397347046,-0.04609051572983221,7.575054985184074,0.6418819969154637
0.1,7,0.8,100,1,0.8,0.6145991603405179,0.9984297338938516,12.994221360107705,-0.057189049600525774,8.056537713544278,0.5949100546750397
0.1,7,0.9,100,1,0.8,0.4123561476060716,0.9993033179082161,12.827141771948817,-0.032867132794487317,9.97897036897153,0.37852159704019195
0.1,7,0.6,100,3,0.8,3.500196654728201,0.9498198875019366,12.56442709306366,-0.026259832983941033,7.1579277325357715,0.6802362755849929
0.1,7,0.7,100,3,0.8,2.8636030673354727,0.9664336372794653,12.402141629616521,0.04049689143079327,7.197677673755299,0.6766749426336873
0.1,7,0.8,100,3,0.8,2.267759385967787,0.978985635313809,12.420224840407242,0.03198481502665858,7.642043172926145,0.6355201290336211
0.1,7,0.9,100,3,0.8,1.7141859663530319,0.9879297126767306,12.320164014141707,0.04914918818858107,10.274469560067251,0.341169957697693
0.1,7,0.6,100,5,0.8,5.149805324274338,0.8907143715690609,12.702877342797839,-0.05542507248626749,6.102695123942196,0.7675669274083649
0.1,7,0.7,100,5,0.8,4.470940460276242,0.917812862313997,12.485151612333022,0.008837256449792474,6.049878564529902,0.7715727613770474
0.1,7,0.8,100,5,0.8,3.750395523380071,0.9424500839103566,12.453119550290818,0.013116743165822498,6.527409818186412,0.7340889801420944
0.1,7,0.9,100,5,0.8,3.0632951271538236,0.9614385854431994,12.36298721093433,0.02594001136690176,9.066030916556924,0.48703354420412404
0.1,7,0.6,100,10,0.8,7.472761922492374,0.7697549259189242,13.122658072466512,-0.13430449561416674,4.616370726471865,0.8669986859766936
0.1,7,0.7,100,10,0.8,6.875316610319894,0.8054455646171579,12.90625878302247,-0.08819159097776423,4.466497467282989,0.8754944362589612
0.1,7,0.8,100,10,0.8,6.135366519970515,0.8454595453485718,12.757263762191219,-0.06332215860290577,4.960151663007584,0.8464518859731641
0.1,7,0.9,100,10,0.8,5.431314339437021,0.8784699559637332,12.516007821358238,-0.02356804242337922,6.4800189345321,0.7379361453574242
0.1,7,0.6,200,1,0.8,0.3449286305614736,0.9994867108018646,13.01877005844251,-0.08711764064574509,10.923484091019244,0.25530757548554517
0.1,7,0.7,200,1,0.8,0.16226555848198335,0.9998862223422389,13.136187658444072,-0.07231886393337998,8.175934596834457,0.5828143204448115
0.1,7,0.8,200,1,0.8,0.09230155681730326,0.999961241211899,13.162166749834677,-0.08418808534948072,8.560963145511879,0.5425961352178613
0.1,7,0.9,200,1,0.8,0.0470868917816767,0.9999902973585444,12.992091632548584,-0.05718219149964323,10.342138850262197,0.3324630604746259
0.1,7,0.6,200,3,0.8,1.3771842360091315,0.9921618304437084,12.62052472420331,-0.029530232616060425,8.93215971779635,0.5020708688082182
0.1,7,0.7,200,3,0.8,0.9437002398454475,0.9963382495531603,12.58613941423014,0.007173890732864674,9.028790757336775,0.49123907106831277
0.1,7,0.8,200,3,0.8,0.6231924875652738,0.9983746677115715,12.537573754120968,0.013804137034041531,9.490958744279208,0.4378208350162234
0.1,7,0.9,200,3,0.8,0.37079715325875046,0.999425480816344,12.555023869249235,0.014926614917919401,11.604355774993682,0.15957948445624215
0.1,7,0.6,200,5,0.8,2.5119432867946925,0.9738655514929448,12.600097606254705,-0.027974749225543372,8.375471330095019,0.5622026911606772
0.1,7,0.7,200,5,0.8,1.8862846605248869,0.9853322774392221,12.505926942442642,0.00955906079052895,8.348595426462829,0.565007863465794
0.1,7,0.8,200,5,0.8,1.3783916016419382,0.9921748411044421,12.493812452470792,0.011738806034326688,9.087615537063558,0.4845880712415227
0.1,7,0.9,200,5,0.8,0.939295626283795,0.9963643440519163,12.514380741824802,0.010969424403823336,11.261177661757742,0.20855234753681762
0.1,7,0.6,200,10,0.8,4.708308155879031,0.9076986315968586,12.912917389588007,-0.08864089290988449,6.864228060050913,0.7059386251055821
0.1,7,0.7,200,10,0.8,3.9683581486692794,0.9345851281983956,12.823952213779659,-0.06809083559682942,6.691328473919508,0.7205659827847416
0.1,7,0.8,200,10,0.8,3.224793803551049,0.9571797066293286,12.679961706146162,-0.0391488147320765,7.7217149105513005,0.6278807805043449
0.1,7,0.9,200,10,0.8,2.5599260291579276,0.972976172274165,12.534023521004409,-0.012030868463382438,9.27826964236184,0.46273499398875195
0.1,7,0.6,300,1,0.8,0.1044777048052449,0.9999530276957798,13.145908628234617,-0.1074280810077027,10.984451166182017,0.24697169682263398
0.1,7,0.7,300,1,0.8,0.038147940580235684,0.9999932296770065,13.205878011315576,-0.08292479864104688,8.307906687229911,0.5692375931423239
0.1,7,0.8,300,1,0.8,0.015808920424521405,0.9999987286773976,13.215869014655135,-0.09316192872502296,8.637825103525898,0.5343459467805908
0.1,7,0.9,300,1,0.8,0.006636687149259804,0.9999997768221249,13.020056251624993,-0.06151620843962739,10.386950631193187,0.32666574404937176
0.1,7,0.6,300,3,0.8,0.6473870465207465,0.9982545790574505,12.81504638059342,-0.06305343306164993,9.421829896695572,0.4459804461350647
0.1,7,0.7,300,3,0.8,0.39387291466950614,0.999355941971689,12.744108486222213,-0.02099670772102997,9.553439999278774,0.43039455047982256
0.1,7,0.8,300,3,0.8,0.20039127461305353,0.99983226271296,12.69082828570744,-0.01142956107561648,9.877697602208956,0.39107188307173524
0.1,7,0.9,300,3,0.8,0.1077440863885212,0.9999522404860892,12.6771359408807,-0.004836866123507022,11.734059043040878,0.1406875318011962
0.1,7,0.6,300,5,0.8,1.41132739602998,0.9917617003640677,12.752733046353548,-0.054273570267951564,9.240225906018512,0.4671318621093139
0.1,7,0.7,300,5,0.8,0.934705275722334,0.9964051103513496,12.634505990607405,-0.010052937792213945,9.34669261340278,0.4547816108491889
0.1,7,0.8,300,5,0.8,0.5721444173318583,0.9986485842367117,12.664684094110752,-0.016866393526063318,9.991028553624567,0.37701875080910263
0.1,7,0.9,300,5,0.8,0.33996306541799315,0.9995224674111229,12.709455814007418,-0.020627150418433927,11.770561833798544,0.13533284721136696
0.1,7,0.6,300,10,0.8,3.2211975283320413,0.95676193357284,13.158982753524233,-0.13299203917336455,8.24279739936956,0.5759629292562285
0.1,7,0.7,300,10,0.8,2.5096771044926274,0.9739542737323703,13.000220860988316,-0.09335977277357543,8.193688719242983,0.5810005076100111
0.1,7,0.8,300,10,0.8,1.8406853877207396,0.9860484027315508,12.799250745358847,-0.053652985043092835,9.208045588837987,0.4708369675913553
0.1,7,0.9,300,10,0.8,1.3023572617019177,0.9930065575220691,12.701799742683203,-0.03154665998387174,10.56510421838892,0.3033700438412278
0.1,7,0.6,400,1,0.8,0.03568474229408077,0.9999941721029609,13.186357537201493,-0.11392944782886423,11.01652489407797,0.2425677104763807
0.1,7,0.7,400,1,0.8,0.009456799840898913,0.9999995575314614,13.22636749808595,-0.08585768846876574,8.335926127562997,0.5663270946679428
0.1,7,0.8,400,1,0.8,0.0033546163788560957,0.9999999459017822,13.225667683813516,-0.09479719007995935,8.654628155188586,0.5325325228269353
0.1,7,0.9,400,1,0.8,0.0015598509867213264,0.9999999896341055,13.024403181421263,-0.06216367632587738,10.394563643845776,0.32567835497725817
0.1,7,0.6,400,3,0.8,0.3420675132037426,0.9994939778196501,12.919794989228127,-0.08189056682522175,9.553365052762034,0.43040348752802937
0.1,7,0.7,400,3,0.8,0.1833304885365344,0.9998587618328347,12.855987060629522,-0.04183956880225308,9.65249782756678,0.41852104666856205
0.1,7,0.8,400,3,0.8,0.08031077737318522,0.9999727556479782,12.758115050672401,-0.022896522091174765,9.96084450204223,0.38077726143352686
0.1,7,0.9,400,3,0.8,0.0388373674293014,0.9999937327950186,12.72628084511488,-0.013263733407637247,11.772946640683246,0.13498243520841546
0.1,7,0.6,400,5,0.8,0.8498310361866965,0.9969751144896783,12.84591548614948,-0.0701294819788673,9.420115886482405,0.44618200120649143
0.1,7,0.7,400,5,0.8,0.49876495017006156,0.9989681027981986,12.7507136666741,-0.029526816649486885,9.590515498766251,0.425964861221796
0.1,7,0.8,400,5,0.8,0.2751388132977243,0.9996826536974673,12.775400371272209,-0.03670730704085734,10.163513010352968,0.3553228611134309
0.1,7,0.9,400,5,0.8,0.15214354291243792,0.9999034316136447,12.799060714913807,-0.0359593590903939,11.843446643728477,0.12459143668281614
0.1,7,0.6,400,10,0.8,2.2318316684391633,0.9794531523773069,13.203600461367595,-0.1435196672561756,8.518438962099857,0.5471289003978663
0.1,7,0.7,400,10,0.8,1.6316652922376922,0.9890634542859933,13.087563012204873,-0.11024919531372554,8.512889678632769,0.5477187482660117
0.1,7,0.8,400,10,0.8,1.1144372219006082,0.9949013058497644,12.855569942826884,-0.062173849882266374,9.646423108840166,0.41925271418751076
0.1,7,0.9,400,10,0.8,0.7319865552424534,0.9977886484108172,12.769066129616132,-0.039947419315281715,11.003173409478997,0.24440253906536014
0.1,8,0.6,100,1,0.8,1.288227751048972,0.993163464488474,12.804287976585957,-0.056655962703292054,10.207692746314,0.3497059904173949
0.1,8,0.7,100,1,0.8,0.8764478903882523,0.9968404218920479,12.951654555217667,-0.04595646107061704,7.597770397612369,0.6397309907208895
0.1,8,0.8,100,1,0.8,0.6145130188004192,0.9984301377865583,12.99644116892983,-0.057427587072338394,8.05755046801815,0.5948082038664466
0.1,8,0.9,100,1,0.8,0.41222641763666756,0.9993037550554323,12.827253078041048,-0.032882280067265034,9.954064966062779,0.38161988360307064
0.1,8,0.6,100,3,0.8,3.500196654728201,0.9498198875019366,12.56442709306366,-0.026259832983941033,7.1579277325357715,0.6802362755849929
0.1,8,0.7,100,3,0.8,2.8636030673354727,0.9664336372794653,12.402141629616521,0.04049689143079327,7.197677673755299,0.6766749426336873
0.1,8,0.8,100,3,0.8,2.267759385967787,0.978985635313809,12.420224840407242,0.03198481502665858,7.641626053958066,0.6355599161206924
0.1,8,0.9,100,3,0.8,1.7138242928270238,0.9879355231617802,12.320156340504012,0.04915026567736926,10.27434193747492,0.34118632468874965
0.1,8,0.6,100,5,0.8,5.149783175014097,0.8907151923572215,12.703753725291666,-0.055619776957711656,6.102695123942196,0.7675669274083649
0.1,8,0.7,100,5,0.8,4.470940460276242,0.917812862313997,12.485151612333022,0.008837256449792474,6.049878564529902,0.7715727613770474
0.1,8,0.8,100,5,0.8,3.750395523380071,0.9424500839103566,12.453119550290818,0.013116743165822498,6.527409818186412,0.7340889801420944
0.1,8,0.9,100,5,0.8,3.0632951271538236,0.9614385854431994,12.36298721093433,0.02594001136690176,9.066030916556924,0.48703354420412404
0.1,8,0.6,100,10,0.8,7.472761922492374,0.7697549259189242,13.122658072466512,-0.13430449561416674,4.616370726471865,0.8669986859766936
0.1,8,0.7,100,10,0.8,6.875316610319894,0.8054455646171579,12.90625878302247,-0.08819159097776423,4.466497467282989,0.8754944362589612
0.1,8,0.8,100,10,0.8,6.135366519970515,0.8454595453485718,12.757263762191219,-0.06332215860290577,4.960151663007584,0.8464518859731641
0.1,8,0.9,100,10,0.8,5.431314339437021,0.8784699559637332,12.516007821358238,-0.02356804242337922,6.4800189345321,0.7379361453574242
0.1,8,0.6,200,1,0.8,0.3443838835565115,0.9994875720468963,13.019541564229192,-0.08728483345187463,10.924260194136897,0.2552017523545316
0.1,8,0.7,200,1,0.8,0.16176360191341962,0.9998868716620286,13.138314767619448,-0.07291213480999241,8.206615925509832,0.5796773512496072
0.1,8,0.8,200,1,0.8,0.09221364046687103,0.9999613227778946,13.15700965372589,-0.08264165822637655,8.555055741788786,0.5432271709974645
0.1,8,0.9,200,1,0.8,0.047049196206462675,0.999990313237453,12.992309355639643,-0.05721646182735227,10.315349855410947,0.3359167915456426
0.1,8,0.6,200,3,0.8,1.3770477139083468,0.9921636900151141,12.622352214622449,-0.029785632336929324,8.938503594653719,0.5013633304462705
0.1,8,0.7,200,3,0.8,0.9438636764707194,0.9963367542534807,12.585911803673584,0.007206575424693895,9.029062850478583,0.4912084063981078
0.1,8,0.8,200,3,0.8,0.621415365001605,0.9983839541152426,12.5377356098932,0.013769788870546274,9.490082627775744,0.43792462046604574
0.1,8,0.9,200,3,0.8,0.37073054025154223,0.9994257577299681,12.554155743510231,0.015015979514557154,11.602387573695143,0.15986454577384934
0.1,8,0.6,200,5,0.8,2.511923450814516,0.9738659082604386,12.600836275302468,-0.028136723560120536,8.375651145737404,0.5621838925411649
0.1,8,0.7,200,5,0.8,1.8862846605248869,0.9853322774392221,12.505926942442642,0.00955906079052895,8.348748599436911,0.5649919015830871
0.1,8,0.8,200,5,0.8,1.3783916016419382,0.9921748411044421,12.493812452470792,0.011738806034326688,9.087530301010323,0.4845977396682717
0.1,8,0.9,200,5,0.8,0.9392952137078652,0.9963643469778691,12.514381475098258,0.010969353861960896,11.262229446530649,0.208404499507299
0.1,8,0.6,200,10,0.8,4.708308155879031,0.9076986315968586,12.912917389588007,-0.08864089290988449,6.864228060050913,0.7059386251055821
0.1,8,0.7,200,10,0.8,3.9683581486692794,0.9345851281983956,12.823952213779659,-0.06809083559682942,6.691328473919508,0.7205659827847416
0.1,8,0.8,200,10,0.8,3.224793803551049,0.9571797066293286,12.679961706146162,-0.0391488147320765,7.7217149105513005,0.6278807805043449
0.1,8,0.9,200,10,0.8,2.5599260291579276,0.972976172274165,12.534023521004409,-0.012030868463382438,9.278269912802028,0.462734962668677
0.1,8,0.6,300,1,0.8,0.10411840424457248,0.9999532435881543,13.147663516913031,-0.10780188353609414,10.985641659853346,0.24680846171954907
0.1,8,0.7,300,1,0.8,0.038002146593847416,0.9999932657066578,13.207098255084986,-0.08332733348843084,8.338801969861006,0.5660278141802495
0.1,8,0.8,300,1,0.8,0.015746247501077778,0.999998739664537,13.210625536897215,-0.09153782801136368,8.636628882394946,0.5344749113385198
0.1,8,0.9,300,1,0.8,0.006631743824266104,0.9999997773328125,13.020175263880413,-0.06152881109427277,10.360717180439508,0.3300626168330415
0.1,8,0.6,300,3,0.8,0.6472073060384791,0.998255665360599,12.816047325369823,-0.06318736610729134,9.41837116197096,0.4463871303932766
0.1,8,0.7,300,3,0.8,0.3939846414433138,0.9993555003509849,12.744211847788948,-0.021011636719780614,9.552908740527707,0.43045789927687395
0.1,8,0.8,300,3,0.8,0.1996902033125437,0.9998333222147568,12.690605033609398,-0.01137885754268857,9.878488019433135,0.3909744258406095
0.1,8,0.9,300,3,0.8,0.10772526193706518,0.9999522589393506,12.676236986587195,-0.004740338079660766,11.734427368624536,0.1406335842741353
0.1,8,0.6,300,5,0.8,1.4112847918530345,0.991762141510943,12.752913128177564,-0.05428682795936921,9.240694707489205,0.46707779076813905
0.1,8,0.7,300,5,0.8,0.934705275722334,0.9964051103513496,12.634505990607405,-0.010052937792213945,9.346383183857252,0.4548177100112697
0.1,8,0.8,300,5,0.8,0.5720956695449451,0.9986488284888886,12.664947741496185,-0.016926128390462748,9.998501960733881,0.37608640760429546
0.1,8,0.9,300,5,0.8,0.33990672221796003,0.9995226627865519,12.70958884268287,-0.02063156814256848,11.771356138799522,0.13521614375624025
0.1,8,0.6,300,10,0.8,3.2211975283320413,0.95676193357284,13.158982753524233,-0.13299203917336455,8.239370953740181,0.5763153916330902
0.1,8,0.7,300,10,0.8,2.5096771044926274,0.9739542737323703,13.000220860988316,-0.09335977277357543,8.193688719242983,0.5810005076100111
0.1,8,0.8,300,10,0.8,1.8406853877207396,0.9860484027315508,12.799250745358847,-0.053652985043092835,9.199357784146194,0.4718350287473596
0.1,8,0.9,300,10,0.8,1.3023572617019177,0.9930065575220691,12.701799742683203,-0.03154665998387174,10.564213610991127,0.3034874866282933
0.1,8,0.6,400,1,0.8,0.03559232729803043,0.9999941837716133,13.188007539008533,-0.11428528103907516,11.016193067272708,0.2426133387582614
0.1,8,0.7,400,1,0.8,0.009406341659748602,0.9999995604180081,13.227266201637004,-0.08619292206310261,8.36615137576724,0.5631764825036787
0.1,8,0.8,400,1,0.8,0.003347922498835276,0.9999999461360645,13.220583224369685,-0.09320409715127416,8.653219605321599,0.5326846720953196
0.1,8,0.9,400,1,0.8,0.0015638428613066468,0.999999989586092,13.024544825632239,-0.06218032002305769,10.368397087942943,0.32906906321326623
0.1,8,0.6,400,3,0.8,0.3423375146674901,0.9994932883286216,12.921159707143062,-0.08201197378924822,9.544390193209829,0.4314731938417192
0.1,8,0.7,400,3,0.8,0.18337520702099533,0.9998586796115483,12.85593669594435,-0.04183228342995386,9.64690512269365,0.4191946750101446
0.1,8,0.8,400,3,0.8,0.0799857872026116,0.9999729355819958,12.759935276423182,-0.023319651624967297,9.964116990575562,0.38037032160369133
0.1,8,0.9,400,3,0.8,0.038832955307207415,0.9999937342065179,12.725442870424223,-0.013173886006662649,11.773317002819985,0.13492800961682705
0.1,8,0.6,400,5,0.8,0.8499399228739477,0.9969743980232699,12.845224663176387,-0.0699201302953624,9.418617402478699,0.4463581819278134
0.1,8,0.7,400,5,0.8,0.49876495017006156,0.9989681027981986,12.7507136666741,-0.029526816649486885,9.589818657917782,0.4260482762584392
0.1,8,0.8,400,5,0.8,0.27531649375952705,0.9996822232735647,12.777603536171389,-0.037240144285922795,10.170034688770356,0.35449524847562364
0.1,8,0.9,400,5,0.8,0.15213006701636092,0.9999034605933341,12.798960439638496,-0.035926016776241035,11.840360708503892,0.1250475711606388
0.1,8,0.6,400,10,0.8,2.2318316684391633,0.9794531523773069,13.203600461367595,-0.1435196672561756,8.529989238368966,0.5458999586661919
0.1,8,0.7,400,10,0.8,1.6316652922376922,0.9890634542859933,13.087563012204873,-0.11024919531372554,8.512929830285772,0.5477144818222093
0.1,8,0.8,400,10,0.8,1.1144373238826513,0.9949013048908709,12.85556797352426,-0.06217343319826189,9.641211651714265,0.4198800393642014
0.1,8,0.9,400,10,0.8,0.7319865552424534,0.9977886484108172,12.769066129616132,-0.039947419315281715,10.997248418350932,0.24521606853047306
0.2,3,0.6,100,1,0.8,0.5019392668173964,0.9989575597284578,13.04250811212122,-0.1268404628526364,9.631368296012957,0.42106400094524077
0.2,3,0.7,100,1,0.8,0.2656543105905687,0.9997104404141336,12.74576492842779,-0.016417473049132526,7.4631309500077725,0.6523864485177406
0.2,3,0.8,100,1,0.8,0.20467825096561637,0.9998276557782442,12.889149424604787,-0.041605562326391565,7.574763955772166,0.6419095137770421
0.2,3,0.9,100,1,0.8,0.14674551910985745,0.9999086869165852,12.837345746005079,-0.029526087621473705,9.155514776113575,0.47685737084603763
0.2,3,0.6,100,3,0.8,1.5048510580656975,0.9906792779674649,12.984094296670502,-0.08931761746593134,9.11959880550969,0.48095376999442274
0.2,3,0.7,100,3,0.8,1.1705712711462062,0.9943501961691666,12.603375937133972,-0.010575604400705974,7.855829046269431,0.6148422659674111
0.2,3,0.8,100,3,0.8,0.9130750174786092,0.9965707574971677,12.686763044836647,-0.008475354968837135,8.528093222803895,0.5461018077036401
0.2,3,0.9,100,3,0.8,0.7340551859134332,0.9977655978824721,12.840199716281267,-0.041685440731967206,10.992036223627313,0.24593136537344984
0.2,3,0.6,100,5,0.8,2.6319495747608217,0.9715040986515847,13.10219393122193,-0.11627681639024738,7.7374854190299915,0.6263592267631065
0.2,3,0.7,100,5,0.8,2.112060654431074,0.9816683590838295,12.575684139188574,-0.0033334893923743225,7.891729673262776,0.611313930707168
0.2,3,0.8,100,5,0.8,1.6846599751951388,0.9883463966890804,12.521948952271176,0.00986015319509428,8.852916264111702,0.5108666353771343
0.2,3,0.9,100,5,0.8,1.3699006310766024,0.9922128321537678,12.602638694659396,0.00964759577871872,10.871105276146698,0.2624321500096568
0.2,3,0.6,100,10,0.8,4.906555749854576,0.8999268496862151,13.258218976406681,-0.1678498217733243,6.726198295258067,0.7176460236898743
0.2,3,0.7,100,10,0.8,4.1823473352740255,0.9278041269650338,12.826288703083671,-0.05678207914858084,6.441222034040839,0.7410647870724858
0.2,3,0.8,100,10,0.8,3.4754297059894994,0.950363718859462,12.600420421066364,-0.01838524961988026,7.153041415261489,0.6806726962263301
0.2,3,0.9,100,10,0.8,2.881376196140848,0.9657143461462855,12.589391229295043,-0.015642296175421323,9.232186847569446,0.46805865647572276
0.2,3,0.6,200,1,0.8,0.07148490825399585,0.9999785626789823,13.19573463652804,-0.15453782081690526,9.953109259848842,0.3817386212948337
0.2,3,0.7,200,1,0.8,0.022657188694187938,0.9999978740790999,12.892534568425774,-0.042283387664159996,7.66475250725962,0.6333507109087856
0.2,3,0.8,200,1,0.8,0.012442649913115084,0.9999993542925882,13.031785635800995,-0.06733045816834334,7.7242358801215545,0.6276377634092043
0.2,3,0.9,200,1,0.8,0.006768971896980769,0.9999997617861872,12.955764930591835,-0.05009727908169279,9.249098244418233,0.46610806544723915
0.2,3,0.6,200,3,0.8,0.4392144051313827,0.9992065960345993,13.124388902432099,-0.10823060069312881,9.997431222473852,0.37622003009821703
0.2,3,0.7,200,3,0.8,0.28100117820248166,0.9996775877582065,12.8400924915242,-0.05832486054017507,8.542573649749139,0.5445590901213644
0.2,3,0.8,200,3,0.8,0.16639747706757227,0.9998853173938228,12.90628249513571,-0.04572271833426391,9.011302078530843,0.4932080920533709
0.2,3,0.9,200,3,0.8,0.11917745617552415,0.999941493698582,13.10525436178778,-0.0938798007826656,11.21483033365237,0.21505362131553485
0.2,3,0.6,200,5,0.8,0.9614303932817088,0.9961861145465087,13.177372762410304,-0.11529152297857274,9.008859705527351,0.49348277092303405
0.2,3,0.7,200,5,0.8,0.6670735545067977,0.9981630666219697,12.713460914756274,-0.03174868706924967,9.26426002437793,0.46435624347138493
0.2,3,0.8,200,5,0.8,0.47062748540879634,0.999085790608189,12.748556242257099,-0.024769927959058434,9.599419329564812,0.4248984984541573
0.2,3,0.9,200,5,0.8,0.33399462436143834,0.9995269524183235,12.858670139864563,-0.0361979555430626,11.34459974770724,0.19678292738158265
0.2,3,0.6,200,10,0.8,2.4035236154719732,0.9759102246163553,13.220461847639166,-0.147795487256438,8.627116300671227,0.535499826677555
0.2,3,0.7,200,10,0.8,1.8051993671912558,0.9864739311109387,12.967342527116557,-0.0778299505762072,8.510238396978473,0.5480004242423019
0.2,3,0.8,200,10,0.8,1.4373365669797336,0.9914425931193789,12.799435770555059,-0.042099302791308336,9.482121623106668,0.43886724826876744
0.2,3,0.9,200,10,0.8,1.1179673947025008,0.9947602407751862,12.839379516196516,-0.05162777655233617,10.663359090447294,0.2903525546155479
0.2,3,0.6,300,1,0.8,0.011597940045866412,0.999999377378448,13.235893987115631,-0.16240481517850164,9.97673959099672,0.3787994263794271
0.2,3,0.7,300,1,0.8,0.0023306010756629315,0.9999999763278289,12.90996708674275,-0.04532059365149845,7.697883641128247,0.6301741541554924
0.2,3,0.8,300,1,0.8,0.0014106495654232346,0.99999999169853,13.042555248200093,-0.06929759247991185,7.754444902386914,0.6247194953076335
0.2,3,0.9,300,1,0.8,0.0013486376454779896,0.9999999921278633,12.961290587105694,-0.05099274115243124,9.264597504386403,0.46431721772047585
0.2,3,0.6,300,3,0.8,0.14526455640354174,0.9999135518093872,13.279238897312197,-0.13683062326063,10.1652950173072,0.3550967739608981
0.2,3,0.7,300,3,0.8,0.08430370964087441,0.9999702006276674,12.975406194407437,-0.08381592460501583,8.72674612227888,0.5247093637305082
0.2,3,0.8,300,3,0.8,0.0382830108717821,0.9999937851011644,12.991204307489122,-0.06257449575641465,9.111483595326353,0.4818771209467029
0.2,3,0.9,300,3,0.8,0.024076160550503743,0.9999976064125656,13.178325635669975,-0.10815311982642972,11.230718804913232,0.2128279197938302
0.2,3,0.6,300,5,0.8,0.4200442688553519,0.999275469954472,13.377965221239194,-0.15272820762023348,9.520411818074082,0.43432622572313384
0.2,3,0.7,300,5,0.8,0.2656367061516839,0.9997099404287457,12.921726120070392,-0.0682231633122535,9.669036535068003,0.41652671331258884
0.2,3,0.8,300,5,0.8,0.15658746290616504,0.9998990141534572,12.909018095807749,-0.05426562796274039,9.81254143415181,0.39907872211386575
0.2,3,0.9,300,5,0.8,0.11275456698389916,0.9999442699422681,12.999437538592087,-0.061868075317076256,11.343803245777707,0.19689571082102653
0.2,3,0.6,300,10,0.8,1.3593094029467339,0.9923430019253272,13.370842522555986,-0.174757515659872,9.332469537229743,0.45643969093403525
0.2,3,0.7,300,10,0.8,0.9363143890651833,0.9963757497532638,13.140401297977679,-0.10336547628444404,9.464424948052715,0.44095980052920536
0.2,3,0.8,300,10,0.8,0.7084168087124241,0.9979216786912601,12.976509136898482,-0.0714322521788403,10.109399625935765,0.36216946844265807
0.2,3,0.9,300,10,0.8,0.5274994411123763,0.9988244820547821,12.986579817821465,-0.07819018837372205,10.979230756257804,0.24768728692855024
0.2,3,0.6,400,1,0.8,0.0017608512297866198,0.9999999863529911,13.241310887201871,-0.16335704207886662,9.9779941359973,0.3786431883488134
0.2,3,0.7,400,1,0.8,0.0009848088391596617,0.9999999958578929,12.910993731344462,-0.04549082082822242,7.705074023514813,0.6294829430876128
0.2,3,0.8,400,1,0.8,0.0010303780418859465,0.9999999954496428,13.042871280629544,-0.06934474584820675,7.755955981348572,0.6245732221095632
0.2,3,0.9,400,1,0.8,0.001124778916214924,0.9999999945365134,12.961446965963699,-0.051013291897375954,9.266104891255063,0.46414288810030735
0.2,3,0.6,400,3,0.8,0.051077740307658916,0.9999892348406576,13.333816203361428,-0.14755873716953186,10.165774227564729,0.3550359687358742
0.2,3,0.7,400,3,0.8,0.022537496745666387,0.9999978416406895,13.016711822616168,-0.0921503346912518,8.752697024386613,0.5218783979013604
0.2,3,0.8,400,3,0.8,0.008810909401891175,0.9999996630134265,13.015938285758875,-0.0672824419303093,9.119132902768278,0.48100680278444974
0.2,3,0.9,400,3,0.8,0.004625169424659355,0.9999999058337805,13.192427896312475,-0.11084130253637454,11.246370940621345,0.21063224377148193
0.2,3,0.6,400,5,0.8,0.19555329326739315,0.9998415637993119,13.47129138963012,-0.16945461688269176,9.583845029252641,0.42676309824595415
0.2,3,0.7,400,5,0.8,0.10753851269290104,0.9999523452317579,13.023347979585955,-0.08927374109577908,9.68920415815334,0.4140901641618461
0.2,3,0.8,400,5,0.8,0.05506980152261015,0.999987396289083,12.984857477910149,-0.06893333281429911,9.819562521941437,0.39821846985166387
0.2,3,0.9,400,5,0.8,0.0373104265707421,0.9999936684041593,13.052002372368927,-0.07212789427604424,11.359163908060436,0.19471926862789035
0.2,3,0.6,400,10,0.8,0.7973175117375064,0.9973465430692231,13.413045229109617,-0.174553981333875,9.45912380744638,0.4415858757017983
0.2,3,0.7,400,10,0.8,0.5187635743351189,0.9988861369968671,13.246820841927237,-0.11951937733409032,9.704974500054508,0.41218133493576414
0.2,3,0.8,400,10,0.8,0.37443729524525643,0.999424170910979,13.109777951099156,-0.09492158041102575,10.216072915084105,0.34863781357404666
0.2,3,0.9,400,10,0.8,0.2769652424653593,0.9996733049277715,13.111945455906707,-0.1011837166572038,10.93361486723251,0.2539256334876274
0.2,4,0.6,100,1,0.8,0.33883392899698034,0.9995075737716428,13.223851400986302,-0.17746190561760947,9.545491229384371,0.43134201632847446
0.2,4,0.7,100,1,0.8,0.1549820193926,0.9999003558710946,12.966807579256331,-0.053287275922199395,7.6332240624238885,0.6363608815503654
0.2,4,0.8,100,1,0.8,0.0982869296064917,0.9999577816851059,12.808525881939875,-0.023401285975394436,8.10757376316261,0.5897615221243401
0.2,4,0.9,100,1,0.8,0.05370717645168954,0.999987066362609,12.748266723510103,-0.02649611900061819,9.167919891661093,0.4754387632766113
0.2,4,0.6,100,3,0.8,1.3437938553278719,0.9926006764841645,13.062487685894908,-0.10883446910062267,9.217396307962504,0.46976169766561704
0.2,4,0.7,100,3,0.8,0.9461636847026712,0.9963347456199573,12.866947258081742,-0.05892455348715857,7.683836212042867,0.6315226708289934
0.2,4,0.8,100,3,0.8,0.6671928340151008,0.9981518278396624,12.861026436903575,-0.039535870742564636,8.611764080960176,0.537151540518967
0.2,4,0.9,100,3,0.8,0.4062026829434534,0.9993045233596831,12.706747714678084,-0.013673923183018388,11.259756742299851,0.20875206242524114
0.2,4,0.6,100,5,0.8,2.5334980115982124,0.9736864587758538,12.9061962859892,-0.07573958060468725,7.876141811352583,0.6128478912770863
0.2,4,0.7,100,5,0.8,1.9494445458133633,0.9844694222576755,12.518199809652963,0.0020019404454639568,7.811323957987236,0.619193919658908
0.2,4,0.8,100,5,0.8,1.4458373970157918,0.9914119744068859,12.377048477096997,0.039566463877727866,8.479225667407691,0.5512887455472544
0.2,4,0.9,100,5,0.8,1.0020836798657005,0.9958307562267243,12.465893842583458,0.024666532522684758,10.850250124913432,0.26525933899366183
0.2,4,0.6,100,10,0.8,4.842752830114127,0.902803651524103,13.16672604052641,-0.15355176264281264,6.532330362243823,0.7336879267106693
0.2,4,0.7,100,10,0.8,4.094660993732736,0.9308342600636681,12.798631412549568,-0.04889346988911536,6.414348591721153,0.7432208887325266
0.2,4,0.8,100,10,0.8,3.318524572322855,0.9549007584136329,12.62323897219401,-0.020227586859238735,7.112513860302226,0.6842809216249597
0.2,4,0.9,100,10,0.8,2.62317794027372,0.9716683869292192,12.658261796491644,-0.03446340049168291,9.393235891489915,0.44933809524243096
0.2,4,0.6,200,1,0.8,0.03683186342016097,0.9999940607385334,13.334912020675478,-0.1969048066241082,9.827652321987411,0.3972265116866993
0.2,4,0.7,200,1,0.8,0.008673900918788871,0.9999996327157701,13.045570397578434,-0.06596894361953073,7.807763826725475,0.6195409570352925
0.2,4,0.8,200,1,0.8,0.004119114616897825,0.9999999158883768,12.863714015207808,-0.03262740847795862,8.182193534392667,0.5821753381871788
0.2,4,0.9,200,1,0.8,0.0017181252393636646,0.9999999865684096,12.790119791091275,-0.03339882060919439,9.209021730485263,0.4707247688737971
0.2,4,0.6,200,3,0.8,0.3482858351193827,0.9994907172216345,13.23066399099768,-0.13346221728908406,10.129762344993287,0.3595973979310044
0.2,4,0.7,200,3,0.8,0.1770783273463552,0.9998710670514017,13.106680428623818,-0.10703527551796825,8.325641146384708,0.5673965777703083
0.2,4,0.8,200,3,0.8,0.09618310447010979,0.9999598768572678,13.047345384923895,-0.0724338048650204,9.1628701562409,0.47601646595641345
0.2,4,0.9,200,3,0.8,0.04452900625656285,0.9999915697637285,12.917266319181019,-0.050417888063356495,11.429067071602459,0.1847775373900591
0.2,4,0.6,200,5,0.8,0.850414553152938,0.9969924499528041,12.990223460381662,-0.08340425084156536,9.192629390494789,0.47260734401920235
0.2,4,0.7,200,5,0.8,0.5315574391130741,0.9988370032570929,12.73328754005174,-0.04029996068391306,9.094844313105964,0.48376777261934534
0.2,4,0.8,200,5,0.8,0.3190470372104296,0.9995603431505499,12.655791556240127,-0.00893468337587353,9.664393727027905,0.41708691475017956
0.2,4,0.9,200,5,0.8,0.17240274989093218,0.9998727397325027,12.772601726131436,-0.03201325349271167,11.477923814631332,0.17779284748312463
0.2,4,0.6,200,10,0.8,2.3364273387668653,0.9772813999727277,13.170950712858268,-0.14240752182853333,8.378271572181752,0.5619098972770795
0.2,4,0.7,200,10,0.8,1.6821303236109908,0.9883031691922863,12.970621970932532,-0.07576625741495757,8.523087286131066,0.5466345220321369
0.2,4,0.8,200,10,0.8,1.1954956607361449,0.9940950381417659,12.795656970539854,-0.04460670856523841,9.194854913267864,0.47235195105275285
0.2,4,0.9,200,10,0.8,0.791851064090315,0.9973959406289772,12.917313937696761,-0.0835635625288168,11.258880730123346,0.20887517625095897
0.2,4,0.6,300,1,0.8,0.004330103582426827,0.9999999115320021,13.353530200875763,-0.20069148912642953,9.841586198782576,0.39551604709639054
0.2,4,0.7,300,1,0.8,0.0012117883691669332,0.9999999937491288,13.051794084831704,-0.06694764993865485,7.818349154623001,0.6185086477100123
0.2,4,0.8,300,1,0.8,0.0010352178117341074,0.9999999954413052,12.866447756120678,-0.03305003555864894,8.188425420879073,0.5815386317965126
0.2,4,0.9,300,1,0.8,0.0010566356748170655,0.9999999952294594,12.790824507646791,-0.03349335138017451,9.211175277977073,0.47047719586239434
0.2,4,0.6,300,3,0.8,0.10136041263989641,0.999957121343934,13.3665513511575,-0.158600405438574,10.29196077112764,0.33892486966990476
0.2,4,0.7,300,3,0.8,0.04368292663952115,0.999992057236297,13.193549604145161,-0.12410522916264244,8.435266959985288,0.5559291780901732
0.2,4,0.8,300,3,0.8,0.016298615005235814,0.9999987958379698,13.106090470494522,-0.08314360596313275,9.247152045771045,0.4663327252818841
0.2,4,0.9,300,3,0.8,0.0063882557576753745,0.9999998185315885,12.95191855509366,-0.05662820619217383,11.461204785239667,0.18018639774880296
0.2,4,0.6,300,5,0.8,0.346155820615195,0.9995021292168496,13.181609507140895,-0.12076841248762475,9.660992504005117,0.41749713572982405
0.2,4,0.7,300,5,0.8,0.1860314365405286,0.9998563944328527,12.908254158996687,-0.07352338012086963,9.373060313086778,0.45170107029182294
0.2,4,0.8,300,5,0.8,0.0823487516386642,0.9999701140084449,12.791173140634239,-0.03300552826408425,9.853822583765877,0.3940119609663516
0.2,4,0.9,300,5,0.8,0.0395026300616296,0.9999934479875016,12.86385442931991,-0.048822150214067925,11.545156356118092,0.16813239365290378
0.2,4,0.6,300,10,0.8,1.2634060022116045,0.9933881275306021,13.314498578789994,-0.16871006992364246,9.122792563468582,0.48059015788057535
0.2,4,0.7,300,10,0.8,0.8074762681874574,0.9973128276907749,13.097446812231379,-0.0957433137227017,9.522683490414003,0.4340562418607906
0.2,4,0.8,300,10,0.8,0.49369141038806513,0.9989927688678542,12.991141153828508,-0.07910934211513776,9.953963016610295,0.3816325504264564
0.2,4,0.9,300,10,0.8,0.3037183229467459,0.9996146885473353,13.051053467029053,-0.11012776370539552,11.609075123405873,0.15889576813240447
0.2,4,0.6,400,1,0.8,0.001001572526742362,0.9999999957462998,13.355517259836162,-0.20100711552060746,9.843394590968577,0.39529387874515876
0.2,4,0.7,400,1,0.8,0.0009206329470663865,0.9999999963799558,13.052149889235952,-0.06699349521072402,7.818993589770985,0.6184457555154396
0.2,4,0.8,400,1,0.8,0.000930331037225968,0.9999999962636181,12.866615143557633,-0.03307190600228984,8.188452596288293,0.5815358542471769
0.2,4,0.9,400,1,0.8,0.0009778357070417405,0.9999999958894785,12.790932479373302,-0.03350928379110803,9.211176973961184,0.4704770008683099
0.2,4,0.6,400,3,0.8,0.03378528909136261,0.999994996585268,13.404672221592302,-0.1654258073062167,10.299877374592253,0.3379074770499897
0.2,4,0.7,400,3,0.8,0.010863201618341058,0.9999994971668279,13.21808525252195,-0.1291121214109393,8.463997330179382,0.552899031807621
0.2,4,0.8,400,3,0.8,0.00347269108020557,0.9999999472784914,13.11754994398271,-0.08523655085350915,9.26428263056849,0.4643536293652234
0.2,4,0.9,400,3,0.8,0.0019409324541550532,0.9999999841115417,12.95691735451025,-0.05747907703750128,11.467432649451679,0.1792952043584667
0.2,4,0.6,400,5,0.8,0.15681278663753923,0.9998942845033072,13.274571820214017,-0.1383714748890407,9.726387308000785,0.40958457719417196
0.2,4,0.7,400,5,0.8,0.0707911890141945,0.9999792118847625,12.988558576076874,-0.08994204679730858,9.418171362515745,0.44641061861105846
0.2,4,0.8,400,5,0.8,0.025766771527958015,0.9999970699195462,12.840058023622646,-0.042469906328117715,9.888442516454564,0.3897463840902021
0.2,4,0.9,400,5,0.8,0.010118001878945187,0.9999995694166784,12.890478792928988,-0.05397263361940152,11.5521768462321,0.16712038588374367
0.2,4,0.6,400,10,0.8,0.7174134705778835,0.9978368630216693,13.351907582769886,-0.17030126112451127,9.278995460532741,0.46265093263427504
0.2,4,0.7,400,10,0.8,0.4136316382040907,0.99929296463949,13.209991946605692,-0.1124144221283371,9.683605689452,0.4147670515856585
0.2,4,0.8,400,10,0.8,0.23212488579727047,0.9997744211099528,13.112293286888814,-0.1023616382059519,10.041420394509798,0.3707186304907152
0.2,4,0.9,400,10,0.8,0.13040051548450235,0.9999290136505756,13.155436426346512,-0.1320572187329467,11.607639976917104,0.15910371461551243
0.2,5,0.6,100,1,0.8,0.3217443644415147,0.9995471442463788,13.216383659422723,-0.17888026065515372,9.925236734892605,0.38519651097415075
0.2,5,0.7,100,1,0.8,0.13552439853324255,0.9999227780375397,13.021116650305661,-0.07775322328576832,7.772886088724284,0.6229324307490074
0.2,5,0.8,100,1,0.8,0.08093493790136175,0.9999707682408887,12.922472383385493,-0.049423002945447506,7.954788793161133,0.605077496556006
0.2,5,0.9,100,1,0.8,0.04585705319346809,0.9999903460132252,12.83340945166481,-0.04979363061873652,8.717442569518623,0.5257222348207676
0.2,5,0.6,100,3,0.8,1.3201514218473926,0.9928471074777846,13.320371930834696,-0.17896239392156554,9.13070401563796,0.47968888386440467
0.2,5,0.7,100,3,0.8,0.9153197733503016,0.9965628415962018,12.864650284424565,-0.07199998894265916,7.882973875092667,0.6121759391577248
0.2,5,0.8,100,3,0.8,0.6114314880314071,0.9984403077109661,12.889085691298414,-0.053193448554016066,8.551574839703058,0.5435988010775884
0.2,5,0.9,100,3,0.8,0.37041105575859407,0.9994261087113646,12.829331953066255,-0.03793776993143898,11.076371083104755,0.2343160049223485
0.2,5,0.6,100,5,0.8,2.53585908153014,0.9736166231334813,12.965441202938873,-0.0880683510940555,7.699746572025936,0.6299951326495314
0.2,5,0.7,100,5,0.8,1.9402838437346297,0.9846267953056678,12.487020838961167,0.011882919795056023,7.863899870744266,0.6140504622621341
0.2,5,0.8,100,5,0.8,1.4187767524426307,0.9917325070836169,12.376681647861574,0.03952116920730901,8.453459521043799,0.5540116341773631
0.2,5,0.9,100,5,0.8,0.9709720032237792,0.9961020967293923,12.482955723617083,0.025933288815956447,11.044023184115067,0.23878174576829092
0.2,5,0.6,100,10,0.8,4.842576291291708,0.9028158498421852,13.182787311407225,-0.15397970736225225,6.524979649343916,0.7342869417841195
0.2,5,0.7,100,10,0.8,4.082468624639715,0.9313244795697265,12.877862097702183,-0.06533979775828216,6.420757096058386,0.742707542112806
0.2,5,0.8,100,10,0.8,3.3059805545418235,0.9552308687850521,12.695723388678177,-0.03416637226538628,6.906724141029883,0.7022863168351987
0.2,5,0.9,100,10,0.8,2.59109844914213,0.972380967516601,12.596892786279337,-0.019831379405644965,9.375501914055675,0.45141537884917504
0.2,5,0.6,200,1,0.8,0.034142838723720245,0.999994653096189,13.303892117921958,-0.1912977033479336,10.145361184941892,0.35762356502047044
0.2,5,0.7,200,1,0.8,0.007120716672141816,0.9999997499346222,13.084142706020298,-0.08836316485561382,7.9042423818911045,0.6100803934724164
0.2,5,0.8,200,1,0.8,0.0032393533058794007,0.9999999467619582,12.963557148348295,-0.0557419524843485,8.046724448510476,0.5958962932077109
0.2,5,0.9,200,1,0.8,0.001541198267991258,0.9999999894338405,12.861966252300263,-0.054325845112126105,8.765918917547976,0.5204327983318074
0.2,5,0.6,200,3,0.8,0.3358121785571183,0.9995196116132888,13.456545863168643,-0.1975168307945732,10.130699086412243,0.35947895104963123
0.2,5,0.7,200,3,0.8,0.16320728172651922,0.9998897618564818,13.077431380994264,-0.1162123225711158,8.484945635772096,0.5506831525409721
0.2,5,0.8,200,3,0.8,0.08134038988256205,0.9999709651561941,13.068992690664226,-0.08675763317625522,9.09170583513546,0.4841239972821283
0.2,5,0.9,200,3,0.8,0.0350714494940102,0.9999947728711021,12.993338837582158,-0.0662415979976366,11.313742526124384,0.20114647306379396
0.2,5,0.6,200,5,0.8,0.8453968132330191,0.9970246004665633,13.007516939770852,-0.08390962588623667,9.011299136562268,0.49320842296351275
0.2,5,0.7,200,5,0.8,0.5141419488162198,0.9989079522078225,12.702696010747244,-0.030341939784655093,9.017064196067818,0.4925597666175433
0.2,5,0.8,200,5,0.8,0.3077795968777206,0.9995909046706177,12.656756142427632,-0.010622853902765827,9.657160258535155,0.41795916925642684
0.2,5,0.9,200,5,0.8,0.15580037680609243,0.9998974841898042,12.743783411603253,-0.01976620980914161,11.687293584953188,0.14752336946347433
0.2,5,0.6,200,10,0.8,2.325624473936362,0.9775023142507291,13.161565046656255,-0.13908378645015768,8.351982644998872,0.5646548190908784
0.2,5,0.7,200,10,0.8,1.662137512670946,0.9885848382672002,13.015810849444247,-0.0869883051141463,8.49251063406606,0.5498815925534499
0.2,5,0.8,200,10,0.8,1.1671585671138518,0.9943538181673276,12.803221039504564,-0.04575223506816164,9.243921508693923,0.46670553861075914
0.2,5,0.9,200,10,0.8,0.7498131556226599,0.9976662739874044,12.820036717810229,-0.059688329833229935,11.243632048612842,0.21101667529869217
0.2,5,0.6,300,1,0.8,0.0036777884268209063,0.9999999352610255,13.31855872406633,-0.1937601505990101,10.149932167536992,0.357044590468083
0.2,5,0.7,300,1,0.8,0.0010990813577268822,0.9999999949071305,13.088551748733579,-0.08906659087082151,7.911515688509695,0.6093624727579867
0.2,5,0.8,300,1,0.8,0.00099514837026122,0.9999999958194303,12.965460209297907,-0.056019662783926914,8.05212526683375,0.5953536567243598
0.2,5,0.9,300,1,0.8,0.0010299950056055418,0.9999999954430091,12.862489886778823,-0.054400285954757474,8.766933893782848,0.5203217369595021
0.2,5,0.6,300,3,0.8,0.09575875476574393,0.9999614626445867,13.588678697098217,-0.22475442929633055,10.268889139140153,0.3418854302587476
0.2,5,0.7,300,3,0.8,0.037949388495065524,0.9999939327228153,13.157047435863152,-0.13202200793506433,8.59337425233297,0.5391261918660867
0.2,5,0.8,300,3,0.8,0.012482491821748048,0.9999992980188029,13.119443658229576,-0.09608103967679449,9.16200576889736,0.4761153221802392
0.2,5,0.9,300,3,0.8,0.004536105351720001,0.9999999082273178,13.017905166801109,-0.07055499755934895,11.348085018590657,0.19628932528777188
0.2,5,0.6,300,5,0.8,0.33595012932411594,0.9995296819356827,13.184819753713303,-0.11858694555178402,9.483609025940103,0.4386911914874395
0.2,5,0.7,300,5,0.8,0.17904969475511107,0.9998659351887292,12.8613513402122,-0.05987433739795935,9.258526079017164,0.46501909221395743
0.2,5,0.8,300,5,0.8,0.07575501272440781,0.9999751778402117,12.788277791332652,-0.0341513964990009,9.844467842809895,0.3951620060800307
0.2,5,0.9,300,5,0.8,0.03314113473168067,0.999995468004089,12.823008719490094,-0.03394736429781362,11.74554462212513,0.1390044770925365
0.2,5,0.6,300,10,0.8,1.2547846870481911,0.9934746595002155,13.317945704146632,-0.16864701806762677,9.090487254119191,0.4842622759696025
0.2,5,0.7,300,10,0.8,0.7886413812788261,0.9974302549115711,13.135263376088997,-0.10663066131172147,9.463670591576323,0.44104891292452797
0.2,5,0.8,300,10,0.8,0.46259100850789564,0.999107596854316,12.987918669027104,-0.07943786175957686,10.04855241131302,0.36982440657340354
0.2,5,0.9,300,10,0.8,0.2681842068537956,0.9996987743505727,12.979182277453537,-0.08999907921592072,11.622936059412524,0.15688605559664492
0.2,5,0.6,400,1,0.8,0.0009752410792206453,0.9999999959333324,13.32009172409495,-0.1939778244634675,10.151191863634915,0.3568849876910818
0.2,5,0.7,400,1,0.8,0.0008824650391297458,0.9999999967198423,13.088744456465932,-0.08908580150026894,7.911822698695777,0.6093321544140395
0.2,5,0.8,400,1,0.8,0.0009125636074065535,0.9999999964449646,12.965582313844973,-0.05603635743198092,8.052054153743981,0.5953608040360852
0.2,5,0.9,400,1,0.8,0.0009738854751935904,0.9999999958903446,12.862584375515175,-0.05441053168431616,8.76686966097725,0.5203287658633633
0.2,5,0.6,400,3,0.8,0.03242200709015557,0.999995370700276,13.62504738566501,-0.23178388734097793,10.291285318534726,0.3390116384146167
0.2,5,0.7,400,3,0.8,0.00944080285653669,0.9999996113556818,13.1785213850138,-0.13623359148764802,8.623280115337081,0.5359128297050779
0.2,5,0.8,400,3,0.8,0.002892861966570873,0.999999964257061,13.128082774337349,-0.09768871326498212,9.177271937414472,0.47436802468657757
0.2,5,0.9,400,3,0.8,0.00180385736697679,0.9999999861656601,13.021024716841424,-0.07106791101538142,11.353700233697921,0.19549375055076668
0.2,5,0.6,400,5,0.8,0.15237722926980107,0.9998993890611745,13.271638295797022,-0.13460994188736383,9.571774885369384,0.4282060879531626
0.2,5,0.7,400,5,0.8,0.06684055254038099,0.9999809837861463,12.935666662458829,-0.07507702877343399,9.309630764279175,0.4590968783209807
0.2,5,0.8,400,5,0.8,0.02313551291977938,0.9999976832707297,12.831772736315092,-0.04242766152396993,9.889379103729363,0.389630777848337
0.2,5,0.9,400,5,0.8,0.008450287089481612,0.9999997009847659,12.842475805940063,-0.03751750686081101,11.762307052042807,0.13654521683298482
0.2,5,0.6,400,10,0.8,0.712984779077048,0.9978594212625577,13.346915799003138,-0.16867792728837988,9.257278371469347,0.4651632738544744
0.2,5,0.7,400,10,0.8,0.40062145932395576,0.9993331382580136,13.230486462017192,-0.12119514811973535,9.662518095058674,0.4173131522885023
0.2,5,0.8,400,10,0.8,0.21388177226563254,0.9998052239183572,13.088200937948333,-0.0986927324514292,10.121295305765917,0.36066752132130087
0.2,5,0.9,400,10,0.8,0.11395398776679488,0.9999454794440918,13.07220162609217,-0.10900961713550947,11.635037959600663,0.15512942669982832
0.2,6,0.6,100,1,0.8,0.31705258267904,0.9995575336258072,13.215863387225557,-0.18492337466338038,9.828849470639296,0.3970796498734278
0.2,6,0.7,100,1,0.8,0.13045341132910174,0.9999286049377053,12.907666010610356,-0.05426698109766041,7.843868047475198,0.6160142273322042
0.2,6,0.8,100,1,0.8,0.07784776196793454,0.999972772102532,12.88793309539822,-0.04416328848475955,8.015154382395838,0.599060948499367
0.2,6,0.9,100,1,0.8,0.04383392190508763,0.9999910714746758,12.75877277604932,-0.03598037832502712,8.875846679215547,0.5083294925012889
0.2,6,0.6,100,3,0.8,1.3111715253031466,0.9929528052697194,13.293632095431315,-0.16785308929877915,9.126349992699122,0.48018499158758143
0.2,6,0.7,100,3,0.8,0.9050954358847674,0.9966399899042502,12.949257648673228,-0.09351570930103459,8.058230481186635,0.5947398090397354
0.2,6,0.8,100,3,0.8,0.5995900594511074,0.9984952571832416,12.917998133737175,-0.05937471672093657,8.63385940434828,0.5347734201245861
0.2,6,0.9,100,3,0.8,0.3576934800134268,0.9994676981365554,12.835331894057399,-0.0386847090721407,11.146971706078007,0.22452398037856758
0.2,6,0.6,100,5,0.8,2.5362651193828984,0.9736048558506545,12.909669467602058,-0.07403296176892982,7.699176369978889,0.6300499317832102
0.2,6,0.7,100,5,0.8,1.9377263420476474,0.9846686118144132,12.477958854940841,0.013293936016815545,7.833330037632739,0.6170452818287313
0.2,6,0.8,100,5,0.8,1.4053417167524918,0.991895390505103,12.416757906084712,0.030736871200669414,8.434731184828081,0.5559855875813268
0.2,6,0.9,100,5,0.8,0.9551789602275413,0.9962317792588854,12.492915956181237,0.023451054495395817,11.02524553230231,0.24136807494666368
0.2,6,0.6,100,10,0.8,4.842537416057001,0.9028182782526596,13.182799118940219,-0.1539821809071428,6.522043383194403,0.7345260317898423
0.2,6,0.7,100,10,0.8,4.082428361068592,0.9313275180298609,12.878615897262474,-0.06552114798197746,6.41861142270717,0.7428794761442976
0.2,6,0.8,100,10,0.8,3.3034369827709256,0.9552998439730415,12.607115806482074,-0.018254126864599353,6.841989305835726,0.7078409410364894
0.2,6,0.9,100,10,0.8,2.5906494040379,0.9723988349517965,12.502863467593572,-0.0008676367946112596,9.395989684735635,0.4490151753599577
0.2,6,0.6,200,1,0.8,0.03395806581626176,0.9999947414683812,13.302461039078034,-0.19782703353652398,10.03326402352846,0.3717405113687766
0.2,6,0.7,200,1,0.8,0.0065416818570127894,0.9999997931084206,12.962057486280997,-0.0628477954571007,7.968454174114034,0.6037194713215706
0.2,6,0.8,200,1,0.8,0.003123244559470427,0.9999999501348775,12.923730095962933,-0.04951556625524556,8.129158376644716,0.5875742768990786
0.2,6,0.9,200,1,0.8,0.0015006749082451796,0.9999999900558288,12.785956575720297,-0.04014644837665935,8.920008652353834,0.5034246856389561
0.2,6,0.6,200,3,0.8,0.33288856700006997,0.999528278098851,13.426412672951267,-0.1872397501465736,10.12979302173569,0.3595935191637173
0.2,6,0.7,200,3,0.8,0.16017393510585842,0.9998933542212554,13.156939831295224,-0.13808062490768364,8.589495307576438,0.5395421636403994
0.2,6,0.8,200,3,0.8,0.07843843086513007,0.9999721013562303,13.083616039131044,-0.09039642886688382,9.138505277354678,0.4787993977477034
0.2,6,0.9,200,3,0.8,0.03258148292376045,0.9999954036769495,12.977487574259168,-0.06310935455969553,11.366298382981668,0.19370738791698128
0.2,6,0.6,200,5,0.8,0.8415644131574058,0.9970484185996931,12.980740995956065,-0.08014458119640766,9.012880306496937,0.4930305587299907
0.2,6,0.7,200,5,0.8,0.5130088502964633,0.9989158694098673,12.699886517569904,-0.029007186933735586,9.023478614748683,0.4918375599738295
0.2,6,0.8,200,5,0.8,0.30177534365241987,0.9996066243685207,12.680655838911498,-0.017644290673036654,9.585770144482195,0.4265327819331237
0.2,6,0.9,200,5,0.8,0.15086419663569947,0.9999035695923901,12.751025281997915,-0.021768414259318393,11.682666486346514,0.14819824129269943
0.2,6,0.6,200,10,0.8,2.325426390828162,0.9775069142514624,13.161015860485927,-0.13888604366244986,8.319505959760626,0.5680339160305921
0.2,6,0.7,200,10,0.8,1.6562369689560654,0.9886742941809077,12.977586385905187,-0.07875897097761979,8.483031799422164,0.5508858225336805
0.2,6,0.8,200,10,0.8,1.159919628077264,0.9944271313545748,12.709030937761648,-0.02577123612640564,9.04466763593656,0.48944821384644643
0.2,6,0.9,200,10,0.8,0.7418016142584283,0.9977195076333114,12.728342210378027,-0.036075530759661564,11.157156093610702,0.22310631172594053
0.2,6,0.6,300,1,0.8,0.003574908770954776,0.9999999391542449,13.317366600181634,-0.20042860962453948,10.037389275956615,0.3712237778751898
0.2,6,0.7,300,1,0.8,0.0010261082454585953,0.999999995539028,12.965642814147813,-0.06335928268672701,7.976353645255709,0.6029333820286715
0.2,6,0.8,300,1,0.8,0.0009745945323130026,0.9999999959867292,12.925523416194133,-0.04977375856963255,8.134112544106781,0.5870714330358722
0.2,6,0.9,300,1,0.8,0.001012995910025095,0.9999999956518086,12.786476045435755,-0.04021945449185245,8.920778521064548,0.5033389650282187
0.2,6,0.6,300,3,0.8,0.09420921102050747,0.9999626681880288,13.554217227107742,-0.21273976812160508,10.266267031301732,0.342221479666029
0.2,6,0.7,300,3,0.8,0.03732295493774603,0.9999941010197304,13.23380901579423,-0.15343881006575816,8.704266620733764,0.5271548423622926
0.2,6,0.8,300,3,0.8,0.011937593838643328,0.9999993343742168,13.130446488602942,-0.09881144982524204,9.207177034324037,0.47093679013450573
0.2,6,0.9,300,3,0.8,0.004175553248103177,0.9999999194396405,13.000053570275929,-0.06696608228238496,11.393643404729444,0.1898231663530865
0.2,6,0.6,300,5,0.8,0.33717606670520356,0.9995260853177955,13.161172929922623,-0.1160773701502769,9.47634902922677,0.4395502611277192
0.2,6,0.7,300,5,0.8,0.17691500860473744,0.9998691416071122,12.861152062058983,-0.059126737286112487,9.269935621476499,0.4636997356929814
0.2,6,0.8,300,5,0.8,0.07407937466092977,0.9999761659416974,12.809854482364779,-0.04122027368964298,9.763164171806542,0.4051112454065806
0.2,6,0.9,300,5,0.8,0.03136723754996761,0.999995901879444,12.825281591853624,-0.034986322958229454,11.732160953518504,0.14096551234785804
0.2,6,0.6,300,10,0.8,1.2554017399624837,0.9934674618834878,13.316864966462589,-0.16857157072941292,9.048086115877,0.4890622094216178
0.2,6,0.7,300,10,0.8,0.786071103900049,0.9974483964468751,13.093210312143384,-0.09823043993219435,9.428039085281963,0.44524998391081627
0.2,6,0.8,300,10,0.8,0.4554976188969492,0.9991352483958413,12.890950416159878,-0.05732596656613513,9.871735869281048,0.3918067043669171
0.2,6,0.9,300,10,0.8,0.25677863605027296,0.9997254788204113,12.865736175522745,-0.06108805422602211,11.56739435634282,0.16492466087255842
0.2,6,0.6,400,1,0.8,0.0009684793838097047,0.9999999959775095,13.318883765199747,-0.20064680759424708,10.038613201186068,0.3710704268432692
0.2,6,0.7,400,1,0.8,0.0008431048864073606,0.9999999969748516,12.965855747887005,-0.06338771085157843,7.9765502849923955,0.6029138041510815
0.2,6,0.8,400,1,0.8,0.0008908519732310263,0.9999999966088046,12.925658540299793,-0.049795506028762794,8.13417493598247,0.5870650983591668
0.2,6,0.9,400,1,0.8,0.000967430157297302,0.9999999959952394,12.786576181082442,-0.0402324128276252,8.920781268459146,0.5033386591078213
0.2,6,0.6,400,3,0.8,0.031523632536582656,0.9999955646924457,13.590862561512491,-0.2197095710466468,10.288786188104863,0.3393326275824995
0.2,6,0.7,400,3,0.8,0.009315633111693413,0.9999996194313632,13.254929541222335,-0.15773207696010633,8.730976791519454,0.5242484164638581
0.2,6,0.8,400,3,0.8,0.002751027500791209,0.9999999671238683,13.138809078486805,-0.10035245792217426,9.222684910486352,0.46915306069065843
0.2,6,0.9,400,3,0.8,0.0017238642266763353,0.999999987577057,13.002787663878653,-0.06740381598291316,11.398496804121162,0.18913279030721686
0.2,6,0.6,400,5,0.8,0.15225274607725733,0.9998995823369541,13.253360888752079,-0.13428456722932744,9.57243119501145,0.42812767266906304
0.2,6,0.7,400,5,0.8,0.06706088657319942,0.9999810889296672,12.933074065863376,-0.07354744978482516,9.331435701951577,0.45656011365709737
0.2,6,0.8,400,5,0.8,0.022669284810115476,0.9999977575172068,12.85121065757385,-0.049224095450358774,9.809559840800059,0.399443852939519
0.2,6,0.9,400,5,0.8,0.008045642067667422,0.9999997241594656,12.843759832214872,-0.03840327606684697,11.746473362689844,0.13886831089362373
0.2,6,0.6,400,10,0.8,0.7135046507165413,0.9978561412465364,13.346158570407116,-0.1687468669105986,9.21864839850374,0.4696176328053745
0.2,6,0.7,400,10,0.8,0.3971482205277625,0.9993446916388409,13.184184675791403,-0.11181556290229584,9.595596484747285,0.42535646074383626
0.2,6,0.8,400,10,0.8,0.20793481461585595,0.9998153302391319,12.988479335534539,-0.07510771814400548,9.957598336740496,0.38118079585861164
0.2,6,0.9,400,10,0.8,0.11016513064075699,0.9999494610645719,12.938333331601266,-0.07409630307534402,11.580104504838971,0.163088506163083
0.2,7,0.6,100,1,0.8,0.31679386910082225,0.9995581753929684,13.211820649078286,-0.18332047350193462,9.8181278537369,0.3983943012608354
0.2,7,0.7,100,1,0.8,0.13251059724529787,0.9999265716385596,12.899627014169212,-0.05252094582044538,7.73695111044666,0.6264108281732299
0.2,7,0.8,100,1,0.8,0.0780016630411737,0.9999727863079911,12.880942678301727,-0.042314455367724824,8.025592858274772,0.5980159485666804
0.2,7,0.9,100,1,0.8,0.043782703031275474,0.999991091600139,12.785605653137562,-0.039502374691691086,8.900606036933084,0.5055826165232675
0.2,7,0.6,100,3,0.8,1.3110815255201902,0.9929538131228786,13.293559796377583,-0.16782866671822155,9.118870591102326,0.4810366600118041
0.2,7,0.7,100,3,0.8,0.9049984421447791,0.9966408248604534,12.949178977637555,-0.09349043851417382,7.952278193901495,0.6053267390459939
0.2,7,0.8,100,3,0.8,0.5986556529323178,0.9985012280080546,12.91406098944643,-0.05846641921240525,8.633221076627624,0.5348422088390119
0.2,7,0.9,100,3,0.8,0.35628503342451545,0.9994719938528533,12.805649312074976,-0.03127053811414169,11.131859765796863,0.22662517950658478
0.2,7,0.6,100,5,0.8,2.5362651193828984,0.9736048558506545,12.909669467602058,-0.07403296176892982,7.719660957656206,0.6280787193571169
0.2,7,0.7,100,5,0.8,1.9377263420476474,0.9846686118144132,12.477958854940841,0.013293936016815545,7.860805897835594,0.6143540985054001
0.2,7,0.8,100,5,0.8,1.4048169846463527,0.9919021471673884,12.417792258113783,0.030522270503041016,8.507802503264742,0.5482591397565849
0.2,7,0.9,100,5,0.8,0.9541587854621618,0.9962414496878251,12.487466989632408,0.024212467874119636,11.053192672576873,0.23751719217089495
0.2,7,0.6,100,10,0.8,4.842537416057001,0.9028182782526596,13.182799118940219,-0.1539821809071428,6.522584681479836,0.7344819638318095
0.2,7,0.7,100,10,0.8,4.082428361068592,0.9313275180298609,12.878615897262474,-0.06552114798197746,6.41861142270717,0.7428794761442976
0.2,7,0.8,100,10,0.8,3.3033931293954524,0.9553010885832462,12.607243841460626,-0.018281017478739024,6.843765652119795,0.7076892181954044
0.2,7,0.9,100,10,0.8,2.5905859645523313,0.9724001486451556,12.506297860110612,-0.0015266155718852482,9.390556468100717,0.4496522033872701
0.2,7,0.6,200,1,0.8,0.03398206284264553,0.9999947325984028,13.298279119687825,-0.19618729426908557,9.991718790537718,0.3769326696802848
0.2,7,0.7,200,1,0.8,0.0067350041480895104,0.9999997779760481,12.954895183550658,-0.061080237834275186,7.8740655481325055,0.6130519819988349
0.2,7,0.8,200,1,0.8,0.0030960695140120646,0.9999999505672535,12.919646034193216,-0.04824584254056132,8.140670641813132,0.586405320404394
0.2,7,0.9,200,1,0.8,0.0014676411853500838,0.9999999903918564,12.813124764167515,-0.043708831007002735,8.943847922388796,0.5007668828598761
0.2,7,0.6,200,3,0.8,0.33167523146105243,0.9995315927444608,13.424841052605512,-0.186598366741327,10.128484609730718,0.3597589443429332
0.2,7,0.7,200,3,0.8,0.15876548536610957,0.9998949935378633,13.156484812141873,-0.13836569793509051,8.494273354907907,0.5496947183826657
0.2,7,0.8,200,3,0.8,0.07802134391080913,0.9999724478986358,13.074714681485801,-0.08847212174936958,9.152941698737731,0.4771513788496099
0.2,7,0.9,200,3,0.8,0.032307573399654774,0.9999955266456807,12.946813507587837,-0.0552566352809621,11.359823825488093,0.19462569937761154
0.2,7,0.6,200,5,0.8,0.8417011156554152,0.9970474320819698,12.981008929232255,-0.08022512755577285,9.041483818871123,0.48980758965944404
0.2,7,0.7,200,5,0.8,0.5128931439950567,0.9989164259020757,12.701790068587279,-0.029370095003100394,8.990359141313515,0.49556099898966244
0.2,7,0.8,200,5,0.8,0.3007386324025642,0.9996088849729403,12.687843245834944,-0.01962371228291304,9.599618338992393,0.4248746528853671
0.2,7,0.9,200,5,0.8,0.15020925956512937,0.999904449394184,12.73883488234524,-0.019873756944236674,11.693043860861275,0.14668430750136552
0.2,7,0.6,200,10,0.8,2.325263781482365,0.9775100918303761,13.164045585187983,-0.13931462473351353,8.354620993590375,0.5643797290168394
0.2,7,0.7,200,10,0.8,1.6532356311486498,0.9887189618639283,12.982004111661794,-0.07985553283028797,8.414275650368962,0.5581365841251001
0.2,7,0.8,200,10,0.8,1.1606250136563099,0.994419693161056,12.693500768789658,-0.022656834614403952,9.087641807761504,0.4845850913067721
0.2,7,0.9,200,10,0.8,0.7412530271097941,0.9977230831880777,12.739835273252535,-0.0388272780086949,11.143702682398615,0.22497875461076944
0.2,7,0.6,300,1,0.8,0.003587773096771134,0.9999999386550215,13.312849343300929,-0.19867803195816816,9.99037072391617,0.37710078482186615
0.2,7,0.7,300,1,0.8,0.0010324358105984507,0.9999999954505542,12.95837593573149,-0.061568039148815076,7.88162969679298,0.6123081888009118
0.2,7,0.8,300,1,0.8,0.0009765531598447692,0.9999999960000687,12.921395411604715,-0.04848951765379013,8.145208837113659,0.585944057028472
0.2,7,0.9,300,1,0.8,0.0009807140705941344,0.999999995956582,12.813629338255486,-0.043772271570131284,8.944596496017445,0.5006833106908033
0.2,7,0.6,300,3,0.8,0.09358784404050266,0.9999630685701796,13.55392014699819,-0.21259019469782872,10.278412809034046,0.34066415457089216
0.2,7,0.7,300,3,0.8,0.037235886024636754,0.9999940947306243,13.23295770465111,-0.1537017100632527,8.612372157531945,0.5370861747615358
0.2,7,0.8,300,3,0.8,0.011707755699170473,0.9999993572469339,13.120746003359482,-0.09673772859033569,9.221214403899486,0.46932232846813127
0.2,7,0.9,300,3,0.8,0.004091788286991395,0.9999999232130939,12.968944684131813,-0.05902015707615242,11.38466862535912,0.19109901716339706
0.2,7,0.6,300,5,0.8,0.3371296632853841,0.9995263292390698,13.166800605886985,-0.11746002184876592,9.481700530649881,0.4389170859594693
0.2,7,0.7,300,5,0.8,0.17703636249499896,0.999868957584326,12.862911553609901,-0.05954822420167476,9.215320323797343,0.4700005161611708
0.2,7,0.8,300,5,0.8,0.0740921664564373,0.9999761483539702,12.820540774686629,-0.04432475686107103,9.783050432763298,0.4026853594979789
0.2,7,0.9,300,5,0.8,0.031090029130811193,0.9999959753466896,12.813708152473207,-0.03322448548856447,11.739650900837129,0.13986832711621933
0.2,7,0.6,300,10,0.8,1.255268453677983,0.9934690501172794,13.316195827598317,-0.16847692933758038,9.07148783108396,0.48641584136047455
0.2,7,0.7,300,10,0.8,0.782495930843772,0.997473953651555,13.090737964726724,-0.09766216089049018,9.366572621369404,0.4524598327932431
0.2,7,0.8,300,10,0.8,0.4535098814066556,0.9991433484641103,12.886808225286696,-0.05647257713848379,9.907209588444392,0.3874278103775629
0.2,7,0.9,300,10,0.8,0.25643591707044794,0.9997259071637533,12.874845601274336,-0.0632356357810721,11.554410561030986,0.16679826557545163
0.2,7,0.6,400,1,0.8,0.0009650403566457378,0.9999999959893243,13.314439630120443,-0.19891181222855955,9.991617163041601,0.37694534426650905
0.2,7,0.7,400,1,0.8,0.0008330054870207586,0.9999999970417119,12.958598701165908,-0.061597731830487265,7.881875946281406,0.6122839627448198
0.2,7,0.8,400,1,0.8,0.000892951350270577,0.9999999965988448,12.921525412900232,-0.04850695960232561,8.145394989538753,0.585925130957889
0.2,7,0.9,400,1,0.8,0.0009239889599587644,0.9999999963784981,12.813733094237975,-0.04378647062347944,8.94454959294435,0.5006885472435721
0.2,7,0.6,400,3,0.8,0.03129151429880239,0.9999956064381159,13.588967639506498,-0.21916143330173457,10.300281916079742,0.3378554668863125
0.2,7,0.7,400,3,0.8,0.00930587537936563,0.9999996131125746,13.254432392474774,-0.1580214179657562,8.642799871189313,0.5338094256601912
0.2,7,0.8,400,3,0.8,0.002700821575548806,0.9999999684625488,13.128738193010088,-0.09824562678487574,9.236132423007708,0.46760388596007463
0.2,7,0.9,400,3,0.8,0.0016669980332858763,0.9999999884890922,12.971504173392594,-0.05942892535438164,11.388761761522165,0.19051726337388963
0.2,7,0.6,400,5,0.8,0.15237371878944478,0.999899394821448,13.254656756362522,-0.1347878726696009,9.594963568347676,0.42543226412423185
0.2,7,0.7,400,5,0.8,0.06697247471827852,0.9999811510578116,12.935124379097015,-0.07402309031532613,9.276665890072403,0.46292071084097597
0.2,7,0.8,400,5,0.8,0.022765423424319746,0.9999977387219314,12.86220865058939,-0.052443818674664786,9.829862987285717,0.39695530137896007
0.2,7,0.9,400,5,0.8,0.007961952160236561,0.9999997299050081,12.832288906966193,-0.036649109444979656,11.75350036896784,0.13783770577932153
0.2,7,0.6,400,10,0.8,0.7131864763307011,0.9978587793024548,13.35202787900037,-0.1695806543337957,9.26212688381128,0.46460288419138673
0.2,7,0.7,400,10,0.8,0.3947897702227989,0.9993525852087168,13.182264344800483,-0.11138034987852537,9.55025712508106,0.43077403273478254
0.2,7,0.8,400,10,0.8,0.20749589047351188,0.9998162643492915,12.98167118870532,-0.07338413377193509,9.999707892318447,0.3759358965609745
0.2,7,0.9,400,10,0.8,0.11055183106689662,0.9999490711429573,12.949748192822653,-0.07683589274105414,11.596179646675585,0.16076334427736483
0.2,8,0.6,100,1,0.8,0.31679386910082225,0.9995581753929684,13.211820649078286,-0.18332047350193462,9.818107650341004,0.39839677718410327
0.2,8,0.7,100,1,0.8,0.1325279049197387,0.9999265518017986,12.899654759168007,-0.05252777615650224,7.742206796811555,0.6259030999022267
0.2,8,0.8,100,1,0.8,0.07786732870003812,0.9999728275159837,12.894278680592464,-0.04599619699359159,8.036977677458253,0.5968746592284557
0.2,8,0.9,100,1,0.8,0.04375177369828623,0.9999911012350864,12.785568347525258,-0.039492391258717084,8.910398692654356,0.5044940788096628
0.2,8,0.6,100,3,0.8,1.3110815255201902,0.9929538131228786,13.293559796377583,-0.16782866671822155,9.157773578792321,0.47659920475279594
0.2,8,0.7,100,3,0.8,0.9049984421447791,0.9966408248604534,12.949178977637555,-0.09349043851417382,7.952278193901495,0.6053267390459939
0.2,8,0.8,100,3,0.8,0.5986556529323178,0.9985012280080546,12.91406098944643,-0.05846641921240525,8.653151037229001,0.5326920780771816
0.2,8,0.9,100,3,0.8,0.3561600085098163,0.9994724802896723,12.805101090008112,-0.031198697902744654,11.090918532944121,0.2323034208159327
0.2,8,0.6,100,5,0.8,2.5362651193828984,0.9736048558506545,12.909669467602058,-0.07403296176892982,7.719660957656206,0.6280787193571169
0.2,8,0.7,100,5,0.8,1.9377263420476474,0.9846686118144132,12.477958854940841,0.013293936016815545,7.860805897835594,0.6143540985054001
0.2,8,0.8,100,5,0.8,1.4048147640480197,0.9919021743567775,12.417798443354068,0.030520890750172704,8.509022694915853,0.5481295528383865
0.2,8,0.9,100,5,0.8,0.9540691433658784,0.9962423262266302,12.487354616516217,0.02422839289034153,11.05308296287992,0.2375323283121188
0.2,8,0.6,100,10,0.8,4.842537416057001,0.9028182782526596,13.182799118940219,-0.1539821809071428,6.522584681479836,0.7344819638318095
0.2,8,0.7,100,10,0.8,4.082428361068592,0.9313275180298609,12.878615897262474,-0.06552114798197746,6.41861142270717,0.7428794761442976
0.2,8,0.8,100,10,0.8,3.3033931293954524,0.9553010885832462,12.607243841460626,-0.018281017478739024,6.840747218690557,0.7079470078706254
0.2,8,0.9,100,10,0.8,2.5905859645523313,0.9724001486451556,12.506297860110612,-0.0015266155718852482,9.393153367647725,0.4493477708296376
0.2,8,0.6,200,1,0.8,0.03398206284264553,0.9999947325984028,13.298279119687825,-0.19618729426908557,9.987946558841884,0.37740304133702685
0.2,8,0.7,200,1,0.8,0.006713979287674464,0.9999997790092013,12.954537426548427,-0.06097855005211379,7.879853485984663,0.6124829102272084
0.2,8,0.8,200,1,0.8,0.0030805478509188045,0.999999950900615,12.932090477538836,-0.051776779286427634,8.150523558999417,0.5854035404706701
0.2,8,0.9,200,1,0.8,0.0014616303346484951,0.9999999904790116,12.813172924684029,-0.043737544976412954,8.953915072716448,0.4996423817679706
0.2,8,0.6,200,3,0.8,0.3316734792118176,0.99953159974279,13.424859993791756,-0.18660118992709482,10.17220661440267,0.35421950939237845
0.2,8,0.7,200,3,0.8,0.15938670661035598,0.9998942134698234,13.155599223632231,-0.13805837414801736,8.494307064837246,0.5496911442595569
0.2,8,0.8,200,3,0.8,0.07801913028201833,0.9999724498646791,13.07454260088204,-0.08844739781274447,9.140566124744554,0.4785642967150222
0.2,8,0.9,200,3,0.8,0.03230178115322187,0.999995528928536,12.947213779671216,-0.05538260414322573,11.354416398868297,0.19539225456007714
0.2,8,0.6,200,5,0.8,0.8416908579761925,0.9970475263121547,12.981021015467059,-0.08022687153051614,9.041483818871123,0.48980758965944404
0.2,8,0.7,200,5,0.8,0.5128931439950567,0.9989164259020757,12.701790068587279,-0.029370095003100394,8.990359141313515,0.49556099898966244
0.2,8,0.8,200,5,0.8,0.3010095853263641,0.9996080936573716,12.685801076077999,-0.019100589133646383,9.601907945918237,0.4246002736407132
0.2,8,0.9,200,5,0.8,0.15005885320063156,0.9999046006455652,12.741407605741612,-0.020287541047798417,11.695992834240872,0.14625384258412077
0.2,8,0.6,200,10,0.8,2.325263781482365,0.9775100918303761,13.164045585187983,-0.13931462473351353,8.354620993590375,0.5643797290168394
0.2,8,0.7,200,10,0.8,1.6532356311486498,0.9887189618639283,12.982004111661794,-0.07985553283028797,8.415291607603216,0.5580298746580012
0.2,8,0.8,200,10,0.8,1.1606250136563099,0.994419693161056,12.693500768789658,-0.022656834614403952,9.077523365537111,0.48573220795391403
0.2,8,0.9,200,10,0.8,0.7412530271097941,0.9977230831880777,12.739835273252535,-0.0388272780086949,11.146564275689608,0.22458066783235275
0.2,8,0.6,300,1,0.8,0.003587773096771134,0.9999999386550215,13.312849343300929,-0.19867803195816816,9.986104429335102,0.3776326778207305
0.2,8,0.7,300,1,0.8,0.0010267680774713862,0.9999999954909503,12.9579595041967,-0.06144865398515078,7.88739923085059,0.6117403824234092
0.2,8,0.8,300,1,0.8,0.000976809986061054,0.9999999959813219,12.933845901056424,-0.05202512515109068,8.15485914755352,0.5849623423715068
0.2,8,0.9,300,1,0.8,0.0009695854104566249,0.9999999960629209,12.81367992469167,-0.04380441214131638,8.954539348112291,0.49957260852650054
0.2,8,0.6,300,3,0.8,0.09359079749266917,0.9999630655363972,13.553752951584022,-0.2125651997558744,10.317752619204763,0.335607384506989
0.2,8,0.7,300,3,0.8,0.03721927272396784,0.9999940990153311,13.232015282451306,-0.15336939916757114,8.60207850321417,0.5381920784915095
0.2,8,0.8,300,3,0.8,0.011706505549001253,0.9999993573477999,13.120590320499371,-0.09671534727966416,9.205727511617587,0.47110336209587367
0.2,8,0.9,300,3,0.8,0.004099237326743834,0.9999999228286967,12.969233815505493,-0.05912574575580052,11.37693502438645,0.1921976161442266
0.2,8,0.6,300,5,0.8,0.337132454400314,0.9995263187077414,13.16570843934162,-0.1173017616103585,9.481700530649881,0.4389170859594693
0.2,8,0.7,300,5,0.8,0.17703636249499896,0.999868957584326,12.862911553609901,-0.05954822420167476,9.215320323797343,0.4700005161611708
0.2,8,0.8,300,5,0.8,0.07428995489049953,0.9999760040839918,12.816373365252735,-0.043179265358767836,9.772603072026932,0.4039604279464417
0.2,8,0.9,300,5,0.8,0.031076822713743533,0.9999959718564402,12.815543530457521,-0.03353947255162164,11.747965470237084,0.13864952476765513
0.2,8,0.6,300,10,0.8,1.255268453677983,0.9934690501172794,13.316195827598317,-0.16847692933758038,9.07148783108396,0.48641584136047455
0.2,8,0.7,300,10,0.8,0.782495930843772,0.997473953651555,13.090737964726724,-0.09766216089049018,9.372957194923401,0.4517131344983282
0.2,8,0.8,300,10,0.8,0.45343400005982615,0.9991436729762662,12.88769699402161,-0.05667340690515108,9.86711457326487,0.3923760031028035
0.2,8,0.9,300,10,0.8,0.2564344811300544,0.9997259106451164,12.8779629916782,-0.06403749959906105,11.53063390041764,0.17022386162404524
0.2,8,0.6,400,1,0.8,0.0009650403566457378,0.9999999959893243,13.314439630120443,-0.19891181222855955,9.987158165837085,0.377501326146942
0.2,8,0.7,400,1,0.8,0.0008271975002449771,0.9999999970744001,12.958195961286052,-0.06148229970036427,7.887598205277575,0.6117207930233794
0.2,8,0.8,400,1,0.8,0.0008933141111561463,0.9999999966038212,12.93397795194682,-0.05204099668677335,8.154971309136858,0.5849509254726704
0.2,8,0.9,400,1,0.8,0.0009112128285440661,0.9999999965038386,12.813768137144228,-0.04381388547895722,8.954503529542066,0.4995766119837679
0.2,8,0.6,400,3,0.8,0.03129223024549675,0.9999956061506843,13.588839640586011,-0.21914229163718382,10.339466464115786,0.3328079960851732
0.2,8,0.7,400,3,0.8,0.009306352643378217,0.9999996130829467,13.253382967536018,-0.1576496827153234,8.63021707719385,0.5351658633874239
0.2,8,0.8,400,3,0.8,0.0026908077336506814,0.9999999686478391,13.128630673564222,-0.09823016922780203,9.22087407795013,0.4693614990245689
0.2,8,0.9,400,3,0.8,0.0016928202170343309,0.9999999880987748,12.971907965565965,-0.05955012390246121,11.38089983261846,0.19163448739089894
0.2,8,0.6,400,5,0.8,0.15236222536182914,0.9998994174929028,13.255480071917654,-0.13490752736628606,9.594963568347676,0.42543226412423185
0.2,8,0.7,400,5,0.8,0.06697167703497685,0.9999811513387223,12.934885128391153,-0.07398295838819899,9.276665890072403,0.46292071084097597
0.2,8,0.8,400,5,0.8,0.02286082152497712,0.9999977188324461,12.858792803089145,-0.05145365763365821,9.821340685657828,0.39800050434341827
0.2,8,0.9,400,5,0.8,0.00793954635590277,0.9999997305676895,12.834099468991502,-0.03695937781186467,11.764526153413541,0.13621938374062825
0.2,8,0.6,400,10,0.8,0.7131864763307011,0.9978587793024548,13.35202787900037,-0.1695806543337957,9.26212688381128,0.46460288419138673
0.2,8,0.7,400,10,0.8,0.3947897702227989,0.9993525852087168,13.182264344800483,-0.11138034987852537,9.556566714958853,0.430021640671701
0.2,8,0.8,400,10,0.8,0.20747543863795315,0.9998163068648797,12.978324141411594,-0.07258349255305477,9.976652905578776,0.37881022124821573
0.2,8,0.9,400,10,0.8,0.11055734142550733,0.9999490653169275,12.951456029896686,-0.07728604405052686,11.576250724243472,0.1636454504633985
0.3,3,0.6,100,1,0.8,0.14983120503860023,0.9999030697300773,13.356823890700241,-0.17825702251903053,9.13316288617054,0.47940860976170996
0.3,3,0.7,100,1,0.8,0.06642597601547089,0.9999814048307284,12.657672120571274,-0.0010291534335420184,6.66195404461171,0.7230139863743662
0.3,3,0.8,100,1,0.8,0.03744978656075899,0.9999941871166174,12.31513628176601,0.047773771548339575,6.591994424545553,0.728800903927038
0.3,3,0.9,100,1,0.8,0.023095141127776657,0.9999977299044749,12.526320553956193,-0.02102584330107533,7.488816602817703,0.6499895869717255
0.3,3,0.6,100,3,0.8,0.7654177201771688,0.9975098216232199,12.948533539233745,-0.10747986121385411,9.948044474607716,0.3823676838932323
0.3,3,0.7,100,3,0.8,0.5015098271664797,0.9989487748989037,12.623133125451782,-0.03843458555303962,7.921690356083653,0.6083570616773233
0.3,3,0.8,100,3,0.8,0.348571784130395,0.999500356111867,12.548935757386065,0.010204997965048456,8.201502520299558,0.5802009801001322
0.3,3,0.9,100,3,0.8,0.2800846419209596,0.9996714969013851,12.731921583082002,-0.0240920266174667,10.494830988385601,0.31260641807995193
0.3,3,0.6,100,5,0.8,1.5189422591471486,0.9904382107891714,13.103098786232348,-0.14562021844885684,9.163864400078438,0.4759027470767718
0.3,3,0.7,100,5,0.8,1.1150044527153427,0.994897201802529,12.218075247042105,0.04200280888810561,7.724361806634233,0.6276256222315251
0.3,3,0.8,100,5,0.8,0.8359768659369277,0.9971054065947451,12.578722614969049,-0.025701238161170693,7.866298539812558,0.613814979505975
0.3,3,0.9,100,5,0.8,0.6911717337863068,0.9980130975707502,12.501156183458686,0.02415589451576332,10.635097146825451,0.29410923914627185
0.3,3,0.6,100,10,0.8,3.3772012363822332,0.952778889397711,13.189330335370396,-0.14434923711660586,7.574229910463518,0.6419600050673209
0.3,3,0.7,100,10,0.8,2.678567277173261,0.970334935283713,12.853628746069186,-0.060831246836369826,7.329074928653773,0.6647622645094445
0.3,3,0.8,100,10,0.8,2.135433867328646,0.9812474677285664,12.673989163784592,-0.027279595418666223,8.115093523880047,0.5890001782504863
0.3,3,0.9,100,10,0.8,1.7112471528320063,0.987890846452523,12.682515742154752,-0.02352056517178458,10.388783353149721,0.32642811062100896
0.3,3,0.6,200,1,0.8,0.00839940071646225,0.9999996833831762,13.412716764298855,-0.18928233479971376,9.232363828077833,0.4680382617083023
0.3,3,0.7,200,1,0.8,0.0018957541224801204,0.9999999842039478,12.697005182544165,-0.007659752292028777,6.710085927870577,0.7189971411706473
0.3,3,0.8,200,1,0.8,0.001177089227988915,0.9999999941991227,12.339475638997389,0.04365964645321563,6.616133548747999,0.7268110676129875
0.3,3,0.9,200,1,0.8,0.0012510546188560729,0.999999993190268,12.546842483321111,-0.025023172982396112,7.503863626593669,0.6485816459574831
0.3,3,0.6,200,3,0.8,0.14783047575113542,0.999907858970445,13.030893556580518,-0.1194228675091645,10.290715232249612,0.3390848673555905
0.3,3,0.7,200,3,0.8,0.06679477195728757,0.9999811487095412,12.799277176339631,-0.07490406391802158,8.304538291219558,0.5695868229258546
0.3,3,0.8,200,3,0.8,0.035234261321720285,0.9999948585318144,12.710331807461014,-0.02007929206134069,8.526408993405784,0.5462810724398609
0.3,3,0.9,200,3,0.8,0.019248201790836,0.9999984034206946,12.903822683522165,-0.056632887360432836,10.53583432018064,0.3072246282421186
0.3,3,0.6,200,5,0.8,0.40399269534726406,0.9993238945834735,13.209656351806899,-0.15691670428798113,9.971482811977996,0.3794538794312752
0.3,3,0.7,200,5,0.8,0.2498382730663277,0.9997448173140722,12.391095055714354,0.011971742503298998,8.420841295288534,0.5574467445522118
0.3,3,0.8,200,5,0.8,0.14295733087444484,0.9999129098972563,12.820805177361791,-0.0756658738357203,8.484447419895153,0.5507359166303656
0.3,3,0.9,200,5,0.8,0.11056304150219758,0.9999477177619557,12.796817470780233,-0.03557112590274645,10.704633812674174,0.2848482499419954
0.3,3,0.6,200,10,0.8,1.3339013298752262,0.9926025026253267,13.199268304739581,-0.12553921250064098,9.120467697053018,0.4808548585457344
0.3,3,0.7,200,10,0.8,0.9221895830652613,0.9964666633373611,12.9599050028996,-0.07907410962560942,9.035414262427771,0.49049234501693884
0.3,3,0.8,200,10,0.8,0.6957085766114329,0.9980052068118072,12.971463857581563,-0.08106144333265497,9.502691942635149,0.43642998777232245
0.3,3,0.9,200,10,0.8,0.5116443874410571,0.9988900257570276,12.93260668526274,-0.0724243946934486,11.106032858884726,0.2302096136130859
0.3,3,0.6,300,1,0.8,0.0010766173396633094,0.9999999950824812,13.417351106477472,-0.19020581664425357,9.234475445104808,0.46779489436594857
0.3,3,0.7,300,1,0.8,0.0008695839361330725,0.9999999967496056,12.697984084765116,-0.007815170608362187,6.7141983572458175,0.7186525975856985
0.3,3,0.8,300,1,0.8,0.0009023899562600142,0.9999999965334311,12.33970347636248,0.043619491590097016,6.619065288477398,0.7265689031245275
0.3,3,0.9,300,1,0.8,0.0010120245857676506,0.9999999955911874,12.547242959755966,-0.025095514713321544,7.5039755006502755,0.6485711673848819
0.3,3,0.6,300,3,0.8,0.03501994773676911,0.999994108162301,13.101018417476975,-0.13213421725317806,10.300707208179587,0.337800786702833
0.3,3,0.7,300,3,0.8,0.01146879123770571,0.9999993713719455,12.84192039527342,-0.08325822192556687,8.407377541672057,0.5588607753921413
0.3,3,0.8,300,3,0.8,0.004152219292105141,0.9999999261502224,12.735084441601382,-0.024822059541826102,8.596061800051965,0.5388378734471493
0.3,3,0.9,300,3,0.8,0.002670011675068169,0.9999999678056245,12.917691232884852,-0.05911169463281936,10.551276292536842,0.3051923909256714
0.3,3,0.6,300,5,0.8,0.13198400035911698,0.9999288130368662,13.36096351318751,-0.1900634362046604,10.143404389803909,0.3578713389221444
0.3,3,0.7,300,5,0.8,0.07194058297844516,0.9999785320824316,12.515849281161156,-0.011486357852742213,8.57302878596516,0.5413059159819453
0.3,3,0.8,300,5,0.8,0.031100965587525797,0.9999958103591581,12.905168266732616,-0.09511947172601973,8.59449196536212,0.539006295270096
0.3,3,0.9,300,5,0.8,0.021739462549266148,0.9999977217063767,12.864726946760433,-0.04920562976805849,10.728164089090143,0.28170078810674437
0.3,3,0.6,300,10,0.8,0.6178154375838377,0.9984142892637229,13.405203964489493,-0.1608400296747333,9.706473737196191,0.41199970691688703
0.3,3,0.7,300,10,0.8,0.3937941151695763,0.9993601428296867,13.115533603503952,-0.10642553727580324,9.6872844810887,0.41432230835737305
0.3,3,0.8,300,10,0.8,0.26508681283187857,0.9997119725376467,13.129363950313266,-0.11328859940464193,9.838526189853457,0.3958918886917745
0.3,3,0.9,300,10,0.8,0.19071258264605567,0.9998424387887022,13.10827232684,-0.1080971646630601,11.250540982981699,0.21004675583711008
0.3,3,0.6,400,1,0.8,0.0008382242003392843,0.9999999970248907,13.417621860170883,-0.19025028274474523,9.233863742737734,0.4678653997979849
0.3,3,0.7,400,1,0.8,0.0007842422060371721,0.9999999973379244,12.698078509003675,-0.007829591516129275,6.714104324438481,0.7186604781097522
0.3,3,0.8,400,1,0.8,0.0008667850839195711,0.9999999967836857,12.339706157059899,0.04361866920228112,6.619089339738778,0.726566916023799
0.3,3,0.9,400,1,0.8,0.0009504364212266815,0.9999999960977458,12.547306527808988,-0.025108109219451835,7.504099314831109,0.64855957027026
0.3,3,0.6,400,3,0.8,0.007003829469701292,0.9999997703624233,13.114899003222288,-0.1344926583594561,10.295105719421947,0.33852079413941805
0.3,3,0.7,400,3,0.8,0.001865286720742948,0.9999999850344597,12.846501248287106,-0.08421229913193898,8.417707476971117,0.5577760758827933
0.3,3,0.8,400,3,0.8,0.0014824465842172986,0.9999999906644984,12.73664010318777,-0.02509061183161012,8.602453581508756,0.5381518049915854
0.3,3,0.9,400,3,0.8,0.001699465056575623,0.9999999868542927,12.9183490812905,-0.05920947697863623,10.552819041230068,0.30498919429507865
0.3,3,0.6,400,5,0.8,0.044948281625577576,0.9999917041978776,13.412694665022048,-0.20138760480572776,10.136979016354687,0.35868459835725675
0.3,3,0.7,400,5,0.8,0.018176315237025526,0.999998620168463,12.55522069361844,-0.019221479471832302,8.593629115964013,0.5390988541264355
0.3,3,0.8,400,5,0.8,0.006952464501928174,0.9999997873823855,12.924611083138945,-0.09933399986991973,8.617454228596579,0.5365396923233708
0.3,3,0.9,400,5,0.8,0.004720242596880141,0.9999998825820644,12.874601535072397,-0.05102270312096206,10.741850194104703,0.2798669255794419
0.3,3,0.6,400,10,0.8,0.3041949175004315,0.9996113014796892,13.471385799509042,-0.1692949674498862,9.789729548153636,0.4018694799705932
0.3,3,0.7,400,10,0.8,0.1734997752689771,0.9998763771222701,13.217448790847993,-0.127816168691886,9.676322921531863,0.4156469951047086
0.3,3,0.8,400,10,0.8,0.10594111634102807,0.9999535343563117,13.237689436054529,-0.1376484243781423,9.878540768621669,0.39096792166901095
0.3,3,0.9,400,10,0.8,0.07288069892141816,0.9999758266315535,13.18206981630305,-0.12367331495946268,11.223037111561428,0.21390438634268216
0.3,4,0.6,100,1,0.8,0.08686659952363349,0.9999660836884626,13.411170967849353,-0.24145635743977198,9.020060571206923,0.4922224652752911
0.3,4,0.7,100,1,0.8,0.028322579366400757,0.9999963946946984,12.450318039758752,0.032129934893079845,6.904024841906605,0.7025189774226878
0.3,4,0.8,100,1,0.8,0.012137725320282386,0.9999993290728021,12.19045919822658,0.06617573943154212,7.328653943382656,0.6648007758078143
0.3,4,0.9,100,1,0.8,0.007544263129893926,0.99999972410157,12.476332772287439,-0.03468833502273851,7.216729658067871,0.6749610185531123
0.3,4,0.6,100,3,0.8,0.6144551723775227,0.9984088213372072,12.943790068523679,-0.1288701417331157,10.112382373402678,0.3617930330193342
0.3,4,0.7,100,3,0.8,0.35504344912787233,0.9994726838724028,12.729110702638458,-0.07332760834241055,7.769387550201106,0.6232717869475455
0.3,4,0.8,100,3,0.8,0.21674772548724178,0.9997983759362137,12.807226539424724,-0.057913455584135874,9.292141491787527,0.461127273820928
0.3,4,0.9,100,3,0.8,0.11897228827759998,0.9999407008026525,12.724699391209153,-0.024924526572377804,10.818953616710282,0.2694918043627066
0.3,4,0.6,100,5,0.8,1.3275504577571935,0.9927662299843986,13.171189503350638,-0.15856832458348488,9.01234281555986,0.49309102405198746
0.3,4,0.7,100,5,0.8,0.925029656627564,0.9964833152223858,12.366828780939551,0.00012233976854210128,7.713041594814157,0.6287162671525915
0.3,4,0.8,100,5,0.8,0.6187134423178825,0.998396900242781,12.611477975811837,-0.03799006577727437,8.053673597576463,0.5951980241207053
0.3,4,0.9,100,5,0.8,0.40299721763914276,0.9993149653112049,12.659157373819939,-0.010254910399784633,11.335985912092188,0.1980022129098633
0.3,4,0.6,100,10,0.8,3.3257452134099963,0.9542095753562467,13.250757676427744,-0.16391997367206845,7.5628564539091725,0.643034462802331
0.3,4,0.7,100,10,0.8,2.5578164474571863,0.9731024887677245,12.790315596052228,-0.052668716580460774,7.168224215749286,0.6793156711900936
0.3,4,0.8,100,10,0.8,1.957714712090978,0.9843029209194814,12.591095873150312,-0.013719779803214972,8.07118677144882,0.5934355798351522
0.3,4,0.9,100,10,0.8,1.4168291487276232,0.9916787922287049,12.884056446365113,-0.06630745417258499,10.707074682489704,0.2845220750600319
0.3,4,0.6,200,1,0.8,0.003675880139461553,0.9999999386314349,13.439353557872096,-0.24522093256904628,9.091909201094273,0.4841009184907177
0.3,4,0.7,200,1,0.8,0.0011014049679003704,0.9999999948108698,12.465902612086435,0.030102894127060152,6.921563436376736,0.7010056497247298
0.3,4,0.8,200,1,0.8,0.0010033749885279047,0.9999999957576884,12.19953105810441,0.06473569262045846,7.337796618113328,0.6639639156987089
0.3,4,0.9,200,1,0.8,0.0010501649829220605,0.999999995343174,12.48292225361274,-0.036027975098134754,7.221050697865979,0.6745716657804133
0.3,4,0.6,200,3,0.8,0.10467774349418373,0.9999525769063595,13.044996151267128,-0.14326521365258377,10.530727190631604,0.30789609590922973
0.3,4,0.7,200,3,0.8,0.036147788972912494,0.9999944555102687,12.872199526015834,-0.09932899394775256,8.116405539434535,0.588867269923955
0.3,4,0.8,200,3,0.8,0.014962918352528397,0.999999007878172,12.905273973861686,-0.07602345760721838,9.432390436756723,0.44473779482697284
0.3,4,0.9,200,3,0.8,0.00531453028158214,0.9999998787756391,12.79917120211707,-0.03892052273518678,10.851910100840614,0.26503450636897563
0.3,4,0.6,200,5,0.8,0.3252240328884755,0.9995505634666945,13.291691596577,-0.17764695605392017,9.813231452825946,0.39899420548069564
0.3,4,0.7,200,5,0.8,0.16273385555609535,0.9998908201556812,12.585778993689413,-0.045853131182653994,8.4088201465657,0.5587093740307905
0.3,4,0.8,200,5,0.8,0.08187516002193482,0.9999698410714366,12.82181128491634,-0.08230716710621522,8.551273360513386,0.5436309806563875
0.3,4,0.9,200,5,0.8,0.04281148310549383,0.9999924437116852,12.875854154224276,-0.05460148498921127,11.419952761679967,0.18607724583795904
0.3,4,0.6,200,10,0.8,1.25069081359439,0.993541461284989,13.22170075812009,-0.1376261578257674,9.028977801620345,0.4912179914327971
0.3,4,0.7,200,10,0.8,0.7806464359058891,0.9974943646444316,12.941724729256041,-0.08635763271167005,8.7674319725738,0.5202672311632803
0.3,4,0.8,200,10,0.8,0.5111112562206361,0.9988961018475907,12.837640671713809,-0.06241937407771767,9.608001012977002,0.42386978100940254
0.3,4,0.9,200,10,0.8,0.3071740390747246,0.9996017267939733,13.124743882940574,-0.11810372568464056,11.741249815320746,0.13963401509858775
0.3,4,0.6,300,1,0.8,0.0008473799967772666,0.999999996930649,13.440834004956344,-0.2454514572980163,9.093092286012544,0.4839666469927857
0.3,4,0.7,300,1,0.8,0.000824367318111691,0.9999999970806834,12.466296961813734,0.03004052418494545,6.922747935830079,0.7009033060991577
0.3,4,0.8,300,1,0.8,0.0008714497832903083,0.9999999967715381,12.199745555712056,0.06470194564042844,7.338159697923972,0.6639306602290549
0.3,4,0.9,300,1,0.8,0.000954260173143241,0.999999996115935,12.483150404456802,-0.036067983758165445,7.221347569542856,0.6745449072253915
0.3,4,0.6,300,3,0.8,0.019086422948528727,0.9999983488427567,13.10169627156582,-0.15386807540572597,10.556499444397486,0.3045043255579124
0.3,4,0.7,300,3,0.8,0.004981759470177887,0.9999998867711877,12.896879594521696,-0.10416669130455444,8.158102666334152,0.5846321220381945
0.3,4,0.8,300,3,0.8,0.0019464573604738304,0.9999999839596198,12.916135336717186,-0.0779906015274969,9.452460912123508,0.44237227929266154
0.3,4,0.9,300,3,0.8,0.0015440617298697317,0.9999999897983507,12.803041383430056,-0.0396332968164931,10.858378010861383,0.26415814317127195
0.3,4,0.6,300,5,0.8,0.09225898765023477,0.9999639391620454,13.419448157504524,-0.20478313308354595,9.950740532422428,0.3820328647075917
0.3,4,0.7,300,5,0.8,0.039559451282032386,0.9999935254353709,12.666692704139912,-0.06190576774078984,8.521665237162177,0.5467857944772355
0.3,4,0.8,300,5,0.8,0.013228777173880227,0.9999992156283375,12.875329823466345,-0.09365770874925383,8.618587674610872,0.5364177672695956
0.3,4,0.9,300,5,0.8,0.005483882561751408,0.9999998746468546,12.90806629282913,-0.0614248665673159,11.442675219269466,0.18283507402303234
0.3,4,0.6,300,10,0.8,0.5519181627399649,0.9987367373353667,13.390367165074196,-0.16762702713050132,9.556173027556609,0.4300686007744905
0.3,4,0.7,300,10,0.8,0.2949641092142613,0.9996416016380645,13.103392629660485,-0.11852490084588196,9.324734246498492,0.4573403859745456
0.3,4,0.8,300,10,0.8,0.15706367997567044,0.9998965978000152,12.995933772564323,-0.09518073379506312,9.916028432485662,0.3863367699761817
0.3,4,0.9,300,10,0.8,0.08535509990635393,0.9999692984403137,13.25568206907268,-0.1460076543215024,11.779204164595859,0.13406264736292994
0.3,4,0.6,400,1,0.8,0.0007584950263362629,0.9999999975351145,13.440876996288708,-0.2454563362501899,9.09306674260165,0.48396954616790533
0.3,4,0.7,400,1,0.8,0.0007670481013366578,0.9999999974434797,12.466359880907318,0.030035433226789986,6.92275947322691,0.700902309153969
0.3,4,0.8,400,1,0.8,0.000840761932879491,0.9999999969876974,12.1998454283605,0.06468748289096202,7.338027605768991,0.6639427591000515
0.3,4,0.9,400,1,0.8,0.0008884292260610095,0.999999996632031,12.48321081011747,-0.03607939941221165,7.22130747362689,0.6745485213386017
0.3,4,0.6,400,3,0.8,0.003799061650108236,0.9999999340332378,13.109622968607786,-0.15511465358271986,10.557579975880563,0.3043619405869419
0.3,4,0.7,400,3,0.8,0.0014611375262985823,0.9999999909001905,12.899935947067007,-0.10473222020977371,8.162933973125766,0.584140006666263
0.3,4,0.8,400,3,0.8,0.0013052655501507551,0.9999999927247127,12.916680024791173,-0.0780901222195132,9.453853597090303,0.44220795024409887
0.3,4,0.9,400,3,0.8,0.0013680496011270248,0.9999999919503961,12.803270959243353,-0.039671391555491,10.858532043207658,0.2641372663420617
0.3,4,0.6,400,5,0.8,0.030924748469314766,0.9999957277369186,13.45371485840936,-0.21157202400272146,9.973188628255814,0.379241548279469
0.3,4,0.7,400,5,0.8,0.009730467159013902,0.9999996029527678,12.688393363320793,-0.06618913078851592,8.539729796643718,0.5448622754398593
0.3,4,0.8,400,5,0.8,0.0030016207509605186,0.9999999617593971,12.884876727120314,-0.09577408788522128,8.636247005729185,0.5345160776873124
0.3,4,0.9,400,5,0.8,0.0022024271201473143,0.9999999785719884,12.911583794463606,-0.062091867883584874,11.444384265110841,0.18259095687634175
0.3,4,0.6,400,10,0.8,0.2677815051917645,0.9996941909422953,13.437647552842453,-0.173163582876125,9.677201283436556,0.41554090176355307
0.3,4,0.7,400,10,0.8,0.122083841585827,0.9999379566641027,13.205543577694272,-0.14076099472391396,9.342146314073679,0.4553118782419716
0.3,4,0.8,400,10,0.8,0.05732041798477265,0.9999860779606005,13.063512314440752,-0.11013331225118568,9.945622359686475,0.38266840517266687
0.3,4,0.9,400,10,0.8,0.02596368901145506,0.9999971968324612,13.301876332338,-0.15650412214637702,11.769153736290688,0.13553971292500533
0.3,5,0.6,100,1,0.8,0.08187365395656784,0.9999694764952267,13.45218776514414,-0.2526673022260404,9.042665089057,0.48967426763725597
0.3,5,0.7,100,1,0.8,0.02270455630833871,0.9999977328482974,12.515490917389998,0.012995606314383235,6.913805065910615,0.701675558735555
0.3,5,0.8,100,1,0.8,0.010034708085413666,0.9999994969692715,12.225629316713633,0.06201392558911911,6.798140662220107,0.7115736939844246
0.3,5,0.9,100,1,0.8,0.005830530954354975,0.999999825993441,12.340477077875947,0.002725610433551484,6.982493330767267,0.6957184400624548
0.3,5,0.6,100,3,0.8,0.5788925348516952,0.9985837538634819,12.93112193858803,-0.1280480493753685,10.277852030619457,0.3407360978233418
0.3,5,0.7,100,3,0.8,0.33193456023437157,0.9995336316022401,12.789460650815093,-0.09622188356264327,8.161107494145986,0.5843260854859827
0.3,5,0.8,100,3,0.8,0.18426355065242306,0.9998504166626716,12.774775830921985,-0.056404637606090005,9.132326572116193,0.47950394540131414
0.3,5,0.9,100,3,0.8,0.09570361109733352,0.999961570430635,12.761712737121263,-0.038471881071837986,10.36604793117836,0.3293730529978419
0.3,5,0.6,100,5,0.8,1.3235598039657652,0.9927956802286697,13.22797967446626,-0.1706535743162354,9.282806356915094,0.46220946197314994
0.3,5,0.7,100,5,0.8,0.8976345219676463,0.9966859183989465,12.33933546926478,0.0035926310667754534,7.874872729103101,0.6129726448168223
0.3,5,0.8,100,5,0.8,0.5880210531577537,0.9985466990829703,12.41644638756612,0.012061647160362088,7.868183656031204,0.6136298629933155
0.3,5,0.9,100,5,0.8,0.3540148552160842,0.999467306801251,12.44546211187148,0.03610617895896364,11.28846678506808,0.20471188213308356
0.3,5,0.6,100,10,0.8,3.316496118178196,0.9545144090019801,13.271371261826292,-0.16574543937750508,7.465533285754534,0.6521626231901017
0.3,5,0.7,100,10,0.8,2.562851706587312,0.9730080243248332,12.775386235665618,-0.046164780897322524,7.3620364132235325,0.6617401146979555
0.3,5,0.8,100,10,0.8,1.9288569342561168,0.9847576173434656,12.483419777592815,0.012571572622118365,7.940197824393204,0.6065249308875027
0.3,5,0.9,100,10,0.8,1.3658681024674617,0.9923084558929218,12.699373938050872,-0.03082774078488033,10.61825362726429,0.2963434020179747
0.3,5,0.6,200,1,0.8,0.003269197814797116,0.999999948428156,13.4737914548266,-0.2551145569872131,9.094436661130922,0.483814049029046
0.3,5,0.7,200,1,0.8,0.0009965343032181315,0.9999999957709047,12.525997145779334,0.011592872620092875,6.939356577193526,0.6994664348625755
0.3,5,0.8,200,1,0.8,0.0009454166983155256,0.9999999962165711,12.23169581787377,0.061123702224464484,6.811457049980872,0.7104426322862099
0.3,5,0.9,200,1,0.8,0.000980062752949101,0.9999999959495647,12.34530875865427,0.0018305339957234823,6.9867308417171285,0.6953490053539164
0.3,5,0.6,200,3,0.8,0.09417245207606753,0.9999601197615364,13.048828841416135,-0.1425339147277736,10.684744255283288,0.2875033314047529
0.3,5,0.7,200,3,0.8,0.030860884217892397,0.999995882363254,12.917363924703384,-0.11895603175207237,8.420551569117041,0.5574771968669249
0.3,5,0.8,200,3,0.8,0.011276999312985416,0.9999994032000444,12.846815028212864,-0.07016894280364723,9.291669978721918,0.46118196069472583
0.3,5,0.9,200,3,0.8,0.003979901903958529,0.9999999291536709,12.816031532982615,-0.04861508046096834,10.432725490284495,0.3207179549558111
0.3,5,0.6,200,5,0.8,0.32158041678336236,0.9995584966045588,13.309601313722528,-0.17609610165403072,10.180401738436894,0.35317855864462266
0.3,5,0.7,200,5,0.8,0.15684146538890406,0.9998980777514814,12.536842742565813,-0.03682415210025432,8.59873691683906,0.5385507990787906
0.3,5,0.8,200,5,0.8,0.07618939134872775,0.9999739764056408,12.620272755774295,-0.028561390523285858,8.371408593879663,0.5626273176731487
0.3,5,0.9,200,5,0.8,0.0330869207758088,0.99999542757635,12.613566815778501,0.004615801627456606,11.443377766063497,0.1827347278693816
0.3,5,0.6,200,10,0.8,1.2333727433237138,0.9937152213991594,13.26035055216175,-0.14569266360672617,9.05712559845029,0.48804079554346325
0.3,5,0.7,200,10,0.8,0.7664197305529958,0.9975822013761821,12.92604556256028,-0.08257452472873264,8.96459564625437,0.49844797828727416
0.3,5,0.8,200,10,0.8,0.48291639265173847,0.9990019150767123,12.723899274764666,-0.03386168408595778,9.365935630348893,0.4525343032157395
0.3,5,0.9,200,10,0.8,0.27789048100576713,0.99967521387502,12.925921995576909,-0.07249845410749531,11.72363153267446,0.1422141149303412
0.3,5,0.6,300,1,0.8,0.0007868434047602988,0.9999999973988558,13.474873301526225,-0.25522779716453764,9.094567763210854,0.4837991666251984
0.3,5,0.7,300,1,0.8,0.0007954506504437595,0.999999997272179,12.526293724888223,0.011551293398004403,6.940277121563263,0.6993866946653089
0.3,5,0.8,300,1,0.8,0.0008445781505272848,0.9999999969550674,12.231828145941956,0.06110166760756219,6.811688785962514,0.7104229295994595
0.3,5,0.9,300,1,0.8,0.0009072000091256999,0.9999999965144996,12.345460454064137,0.001802817848644156,6.9868589387619835,0.6953378341063736
0.3,5,0.6,300,3,0.8,0.01647443041530936,0.9999987768679753,13.095922487969313,-0.15053934062628374,10.705808703969963,0.2846912578037013
0.3,5,0.7,300,3,0.8,0.003963247150087221,0.9999999267035026,12.93608709456125,-0.1222806120645056,8.44871680342197,0.5545119272284715
0.3,5,0.8,300,3,0.8,0.001584216953724752,0.9999999895558117,12.854715689169328,-0.07163354999751495,9.309990948350887,0.4590550230718249
0.3,5,0.9,300,3,0.8,0.0014274635166566575,0.9999999913771347,12.818888498900264,-0.049129029850531095,10.437244440540852,0.32012936349246734
0.3,5,0.6,300,5,0.8,0.09044859190399554,0.9999655416393468,13.433789921643472,-0.20273002295043954,10.301924892674213,0.3376442154385748
0.3,5,0.7,300,5,0.8,0.037160514657051565,0.9999942399678515,12.619502411861745,-0.05386868899348809,8.6837619000732,0.5293799897153662
0.3,5,0.8,300,5,0.8,0.011357470518804303,0.9999994277079816,12.670192598287894,-0.03844937523540102,8.438776479584154,0.5555595870708349
0.3,5,0.9,300,5,0.8,0.004177368188915434,0.9999999278360127,12.636021486290089,0.0003677739914841327,11.463946615662882,0.17979410762150227
0.3,5,0.6,300,10,0.8,0.5435348179566463,0.9987763592186323,13.431254298892213,-0.17724445828116955,9.628715135031634,0.4213829169690385
0.3,5,0.7,300,10,0.8,0.2835971215044519,0.9996674378742704,13.077214431273134,-0.11185120499537496,9.43810682081661,0.44406457124707843
0.3,5,0.8,300,10,0.8,0.14305411451487743,0.9999132964827367,12.8799299563999,-0.06469739031499828,9.671102804912312,0.41627731057790196
0.3,5,0.9,300,10,0.8,0.07282529984659107,0.9999780791142735,13.038531453598523,-0.0946821625786624,11.796944761563294,0.13145231582343397
0.3,5,0.6,400,1,0.8,0.0007408086859417062,0.9999999976707026,13.474957832396385,-0.2552378135148343,9.09437862391815,0.48382063721023694
0.3,5,0.7,400,1,0.8,0.00074909214237411,0.9999999975643117,12.526271431461554,0.011554502254920695,6.940248152047192,0.699389204249192
0.3,5,0.8,400,1,0.8,0.000826932932431065,0.9999999970771457,12.231848296215755,0.06110101032160029,6.811771980912334,0.7104158560241044
0.3,5,0.9,400,1,0.8,0.0008826137400700495,0.999999996675149,12.345522808385436,0.001793401116909088,6.9868284534982905,0.6953404927220073
0.3,5,0.6,400,3,0.8,0.0035084524070356214,0.9999999447393165,13.103073351543989,-0.15165340860568127,10.706544031015754,0.28459299265766536
0.3,5,0.7,400,3,0.8,0.0013069420624880895,0.9999999927845966,12.938495069751486,-0.12267612753292265,8.451910393092977,0.5541750772593712
0.3,5,0.8,400,3,0.8,0.0012252609683468417,0.9999999936029125,12.85514644382286,-0.0717145614029556,9.311400378183922,0.45889122448082087
0.3,5,0.9,400,3,0.8,0.0013206770707173009,0.9999999925909444,12.819000371609501,-0.049145364433509545,10.437174298080336,0.32013850146740097
0.3,5,0.6,400,5,0.8,0.029852835153521246,0.999995995338551,13.471217862932065,-0.21040605601932683,10.32507531298479,0.3346639871815489
0.3,5,0.7,400,5,0.8,0.009084613658979482,0.9999996511821075,12.639487878772817,-0.0576893560669421,8.703652904239338,0.5272215183166956
0.3,5,0.8,400,5,0.8,0.0028719181988730983,0.9999999654531946,12.678002866095518,-0.0400140610017361,8.455492002634545,0.5537971487084716
0.3,5,0.9,400,5,0.8,0.0020311146322737,0.9999999820163404,12.63855937532875,-8.46834317702605e-05,11.46513724349909,0.1796237281332448
0.3,5,0.6,400,10,0.8,0.26416785781352764,0.9997025225450706,13.479409365762104,-0.1823658218279665,9.726818031424846,0.4095322841124107
0.3,5,0.7,400,10,0.8,0.11619697896963203,0.999943028835132,13.165257044609906,-0.12995613999511393,9.493191454547869,0.43755630308288873
0.3,5,0.8,400,10,0.8,0.05050780901606529,0.9999888591723476,12.94206710619137,-0.07769436529104365,9.71864384411738,0.4105242972487968
0.3,5,0.9,400,10,0.8,0.021681561908859042,0.9999980622361851,13.075889652685834,-0.10258297759722601,11.811411575940332,0.1293207770566449
0.3,6,0.6,100,1,0.8,0.08133321837153987,0.9999694660054438,13.482794437745994,-0.2649344100802535,8.854850737172614,0.5106528484918251
0.3,6,0.7,100,1,0.8,0.02222926810163053,0.9999977960414814,12.63585019768972,-0.018415488002790227,7.0316436690501245,0.6914196380357609
0.3,6,0.8,100,1,0.8,0.009645244062599635,0.9999995276043523,12.205996382266123,0.0611802662324495,6.830623656928776,0.7088107815706846
0.3,6,0.9,100,1,0.8,0.0054960725543314005,0.9999998444790934,12.510629653989735,-0.056923410872226146,7.092848498101907,0.6860243689924279
0.3,6,0.6,100,3,0.8,0.5770753525478562,0.9985907682095032,12.9204396157208,-0.12849699934045855,10.375939226319073,0.3280926163472575
0.3,6,0.7,100,3,0.8,0.3223192564744286,0.9995578863477842,12.75313885775029,-0.09037245953616332,7.785199592008317,0.6217368129702049
0.3,6,0.8,100,3,0.8,0.17890530854691938,0.9998597633726757,12.759515183118959,-0.048492360097361485,8.970821272724821,0.49775111255101545
0.3,6,0.9,100,3,0.8,0.09369828751775551,0.9999633388880254,12.789925634777703,-0.04087646568826495,10.48244037624783,0.31422858796176634
0.3,6,0.6,100,5,0.8,1.3149524278134217,0.9928994620834034,13.131036324200386,-0.13834176251682812,9.231800311919157,0.4681031984660816
0.3,6,0.7,100,5,0.8,0.895484290995492,0.9967012207886506,12.387274911732131,-0.00861163040991877,7.847748623014997,0.6156341968724681
0.3,6,0.8,100,5,0.8,0.5839286360609435,0.9985624294050082,12.432481467801942,0.01011324276643255,7.89643567367582,0.6108502295262439
0.3,6,0.9,100,5,0.8,0.34784278816895214,0.9994871713996364,12.54860367394488,0.012205581524155008,11.229891683877117,0.21294386297115442
0.3,6,0.6,100,10,0.8,3.3162526968458934,0.9545218535519904,13.27123317784696,-0.16572840032495764,7.453456198176041,0.6532871147456235
0.3,6,0.7,100,10,0.8,2.5620541336765568,0.9730242168586241,12.777724819661922,-0.046700842134988464,7.320515288143222,0.6655448568211819
0.3,6,0.8,100,10,0.8,1.932602392057127,0.9847097776624236,12.476155916177678,0.013675707262577741,7.960887037139709,0.6044717590634869
0.3,6,0.9,100,10,0.8,1.3706776993217793,0.9922557200987411,12.651727156858557,-0.019890669804192206,10.479361285343591,0.31463140301624315
0.3,6,0.6,200,1,0.8,0.003123805645125846,0.9999999534799029,13.506152808439063,-0.2678959367434626,8.903923974035386,0.505213933417038
0.3,6,0.7,200,1,0.8,0.001013955130733571,0.9999999956023948,12.646909499298573,-0.020004516376467652,7.0552590685653005,0.6893434561951355
0.3,6,0.8,200,1,0.8,0.0009208334888713544,0.9999999963735228,12.21134189772992,0.06043910300845736,6.839975910865015,0.7080128632667362
0.3,6,0.9,200,1,0.8,0.0009624909112225671,0.9999999960858995,12.514951203564834,-0.05778504922606651,7.097077871506193,0.6856498181770514
0.3,6,0.6,200,3,0.8,0.09332760819689923,0.9999606924025141,13.035855634815794,-0.14546085242580822,10.803652329354403,0.27155666421328695
0.3,6,0.7,200,3,0.8,0.029368259619815547,0.9999962614405657,12.873343799785044,-0.1124458922829693,8.032214547875798,0.5973523435835396
0.3,6,0.8,200,3,0.8,0.010760194846901484,0.9999994438242046,12.822634285274367,-0.06035502643164836,9.14647750853327,0.47788963318813926
0.3,6,0.9,200,3,0.8,0.0038129111651722322,0.9999999358301231,12.844253306372135,-0.05115304461054861,10.541210589471975,0.30651742326292053
0.3,6,0.6,200,5,0.8,0.31614545460559207,0.9995727996295838,13.26433152690987,-0.15933958354212047,10.098031109179777,0.36360320539945246
0.3,6,0.7,200,5,0.8,0.15792014109737174,0.9998967682349379,12.593407435510489,-0.05166472871227359,8.529634130063453,0.5459377667653917
0.3,6,0.8,200,5,0.8,0.07619088782952901,0.9999731329198424,12.627266941319482,-0.029142647926266953,8.391720135254179,0.5605023489760941
0.3,6,0.9,200,5,0.8,0.03198052098626104,0.9999957299978611,12.712219100462757,-0.020353289973101284,11.362564390986034,0.19423705826889137
0.3,6,0.6,200,10,0.8,1.2426536522198872,0.9936148944271281,13.242230462795984,-0.14151052652728566,9.069752390383524,0.48661232723204206
0.3,6,0.7,200,10,0.8,0.7722435245218998,0.9975460539184471,12.943360190078646,-0.08551791462384825,8.84966828336842,0.5112254785581627
0.3,6,0.8,200,10,0.8,0.48226923853872294,0.9990072607798183,12.725307960506163,-0.03454501874084579,9.376549334989647,0.4512927974410953
0.3,6,0.9,200,10,0.8,0.27729840592820454,0.9996747573070639,12.8947347867308,-0.06580949922530499,11.532663236651565,0.1699317626853578
0.3,6,0.6,300,1,0.8,0.0007786966414360082,0.9999999974693351,13.507161632287369,-0.26802260077045886,8.903453655057822,0.5052662027606777
0.3,6,0.7,300,1,0.8,0.0007909229133478678,0.999999997292832,12.647172035700823,-0.020042401366957806,7.055554091592001,0.6893174747962487
0.3,6,0.8,300,1,0.8,0.0008306390749753513,0.9999999970216888,12.211442551561348,0.06042694948603293,6.840500900478696,0.7079680396887402
0.3,6,0.9,300,1,0.8,0.0009049377155206352,0.9999999964966031,12.51509511992684,-0.057811568934472216,7.097185945852861,0.6856402442510461
0.3,6,0.6,300,3,0.8,0.01651000950706453,0.9999987953805249,13.081852274117614,-0.15325965558873456,10.816634199614233,0.2698049902097236
0.3,6,0.7,300,3,0.8,0.0038549449237700083,0.9999999285814896,12.891160765558746,-0.11563879077973997,8.06373654072954,0.5941858042660124
0.3,6,0.8,300,3,0.8,0.0015177141896409135,0.9999999904394713,12.830319363682326,-0.061690168525102965,9.164935582060238,0.4757802144155914
0.3,6,0.9,300,3,0.8,0.0014039691155814508,0.9999999917134266,12.8468582002665,-0.05163095075009298,10.543699084251115,0.30618995964651385
0.3,6,0.6,300,5,0.8,0.08692017606415096,0.9999677539969923,13.379223665874004,-0.18312585844540225,10.215871641358575,0.3486634791705151
0.3,6,0.7,300,5,0.8,0.036999610931186554,0.9999942709448341,12.674907736923728,-0.06839069203440609,8.620940437261872,0.5361646288489275
0.3,6,0.8,300,5,0.8,0.011247061595854575,0.9999994288118608,12.679523986605545,-0.039980008015246996,8.456623249284899,0.5536777472007591
0.3,6,0.9,300,5,0.8,0.003972792789266861,0.9999999345043957,12.731266606873376,-0.02400404125232336,11.377183644192074,0.19216230999794803
0.3,6,0.6,300,10,0.8,0.5423837405336039,0.9987827766254179,13.411977929148534,-0.1720478218078239,9.583947888044886,0.42675079362883805
0.3,6,0.7,300,10,0.8,0.28483018955450845,0.9996660177971378,13.090908901569932,-0.11440398295334657,9.393689310231156,0.44928493220964383
0.3,6,0.8,300,10,0.8,0.14201936907902887,0.999915290508938,12.86833762990724,-0.0623978503454542,9.649783172111308,0.41884806938773445
0.3,6,0.9,300,10,0.8,0.07153371075235088,0.9999784032632612,13.00099855448729,-0.08669929386160329,11.617323027941174,0.15770018420776077
0.3,6,0.6,400,1,0.8,0.0007204221155522326,0.9999999978067586,13.507224633708796,-0.26803619785126537,8.90334388871832,0.5052784013490692
0.3,6,0.7,400,1,0.8,0.0007486652716345106,0.9999999975674404,12.647197912729983,-0.020045505818746024,7.055521875276045,0.6893203120003615
0.3,6,0.8,400,1,0.8,0.0008054318739543238,0.9999999971997416,12.211468753932314,0.06042488987065246,6.840340327157923,0.7079817497932911
0.3,6,0.9,400,1,0.8,0.0008854790102802797,0.9999999966180392,12.515139560355006,-0.05781921545747688,7.097067045033371,0.6856507772481413
0.3,6,0.6,400,3,0.8,0.0035295778899195065,0.9999999452704124,13.08891701348667,-0.15437180048959437,10.816108180634156,0.26987600806755396
0.3,6,0.7,400,3,0.8,0.0013254302732718516,0.999999992532423,12.893417857749816,-0.1160083419838565,8.067420426996513,0.5938149303364404
0.3,6,0.8,400,3,0.8,0.0011732486589146247,0.9999999941468978,12.8306972940711,-0.06175610767840287,9.166281679232418,0.47562621385862514
0.3,6,0.9,400,3,0.8,0.001295311469742384,0.9999999929064675,12.846957579037038,-0.05164062744087574,10.543742962209356,0.3061841850068775
0.3,6,0.6,400,5,0.8,0.028853198350407967,0.9999961642052433,13.412658597848454,-0.189275518874455,10.237282682852108,0.3459303971620048
0.3,6,0.7,400,5,0.8,0.009134362479005138,0.999999646439434,12.695852436777802,-0.07244961887482926,8.641381848741249,0.5339623886996312
0.3,6,0.8,400,5,0.8,0.002743501726365797,0.9999999689070517,12.68773814047292,-0.041720976838730175,8.472150905838065,0.5520372103029783
0.3,6,0.9,400,5,0.8,0.002009138392736245,0.9999999825469708,12.733572892250388,-0.024423914209776142,11.378316064071202,0.19200148689524865
0.3,6,0.6,400,10,0.8,0.2620424372173803,0.9997069452848099,13.461885944412392,-0.17655986380433658,9.71008675678735,0.4115618853089642
0.3,6,0.7,400,10,0.8,0.11677606244260877,0.9999428779201033,13.17962665350512,-0.1327975769617084,9.45418211741035,0.4421691831519895
0.3,6,0.8,400,10,0.8,0.05031295085554442,0.9999890604965905,12.93050964145345,-0.07542277884734323,9.695473048531372,0.413331754557798
0.3,6,0.9,400,10,0.8,0.021713670697025088,0.9999980108076254,13.037179746810036,-0.0942359811717369,11.62660417218612,0.15635381055632913
0.3,7,0.6,100,1,0.8,0.08246037651712476,0.9999689656538088,13.465195404729707,-0.2591073369653858,8.863980780597426,0.5096432179105594
0.3,7,0.7,100,1,0.8,0.022152571732679757,0.9999978124192868,12.641714581231225,-0.01918737487510096,6.904946829451965,0.7024395188118577
0.3,7,0.8,100,1,0.8,0.009706615649919878,0.9999995199809645,12.196058235959928,0.06352968147417662,6.859617440994082,0.7063335273810302
0.3,7,0.9,100,1,0.8,0.005459758124175179,0.9999998480083632,12.496018011429614,-0.05526193846348641,7.075159232948866,0.6875885000947053
0.3,7,0.6,100,3,0.8,0.5755779680679488,0.9985973902953674,12.91925505173025,-0.1283407402551452,10.286164102962493,0.33966932528987837
0.3,7,0.7,100,3,0.8,0.3206358708236228,0.9995629621517518,12.766392126642032,-0.09234998017891025,7.801824896461184,0.6201195248376559
0.3,7,0.8,100,3,0.8,0.17736641642634882,0.9998625221503907,12.759451266706765,-0.04817555343052129,8.888560393874224,0.5069199513760161
0.3,7,0.9,100,3,0.8,0.09277315024360783,0.9999640549306227,12.773279130338588,-0.03852176264201144,10.48228805354563,0.3142485180146678
0.3,7,0.6,100,5,0.8,1.3151217333778649,0.9928971206053108,13.124110705613617,-0.13734690866440288,9.236574417616412,0.4675529291673729
0.3,7,0.7,100,5,0.8,0.8958100364425414,0.9967002816215409,12.377260897457143,-0.007224286005858782,7.918138366131534,0.6087081988312366
0.3,7,0.8,100,5,0.8,0.5842835616449913,0.9985610495037243,12.418054496443247,0.013917969380605077,7.819915190610601,0.6183558049530186
0.3,7,0.9,100,5,0.8,0.3472957501457586,0.9994889575630819,12.545598499958253,0.012654555666190448,11.263116872761964,0.2082797444058847
0.3,7,0.6,100,10,0.8,3.3162526968458934,0.9545218535519904,13.27123317784696,-0.16572840032495764,7.453456198176041,0.6532871147456235
0.3,7,0.7,100,10,0.8,2.562512683667272,0.9730141933503276,12.777317639288638,-0.04659171846899983,7.321679593323735,0.665438460260946
0.3,7,0.8,100,10,0.8,1.9328256992371688,0.9847059626185304,12.488632039742862,0.010870555798080606,7.961565444861118,0.6044043442528936
0.3,7,0.9,100,10,0.8,1.3706650773010858,0.992256548497665,12.650073703629989,-0.01952133092509938,10.477069759956782,0.3149311097982408
0.3,7,0.6,200,1,0.8,0.0031781231586307085,0.9999999529490804,13.491016920226482,-0.26257357321519803,8.910715053425307,0.5044588926359621
0.3,7,0.7,200,1,0.8,0.000999297198019577,0.9999999957638888,12.65275943454364,-0.02080587001399925,6.932374343912171,0.7000709115908865
0.3,7,0.8,200,1,0.8,0.0009178167967406498,0.9999999964283353,12.201343661445586,0.06279853618384365,6.870097893629915,0.7054354864169852
0.3,7,0.9,200,1,0.8,0.0009772665839329624,0.999999996029131,12.500274338492966,-0.05609434638115658,7.079624161301701,0.687194067953556
0.3,7,0.6,200,3,0.8,0.09335442493733614,0.9999606560907799,13.04036098715801,-0.146179198417764,10.701082805202253,0.2853226403866532
0.3,7,0.7,200,3,0.8,0.029306322061811867,0.9999962957813076,12.89080038839962,-0.11512102147660266,8.064124049112344,0.5941467999705607
0.3,7,0.8,200,3,0.8,0.010730366481103072,0.9999994470057496,12.818339815489173,-0.05919076312493976,9.075078013797004,0.48600924304479787
0.3,7,0.9,200,3,0.8,0.0037826698314523373,0.999999936659463,12.827254490724517,-0.04881660441797753,10.542101684906246,0.30640017197151515
0.3,7,0.6,200,5,0.8,0.3164700567243573,0.9995715007949052,13.252230716735161,-0.15757070168640003,10.106153182338511,0.362579057229689
0.3,7,0.7,200,5,0.8,0.15760808548419414,0.9998971802104265,12.5793062692192,-0.04932199571046107,8.64915173856869,0.533123937420589
0.3,7,0.8,200,5,0.8,0.07610254717916921,0.9999731697047054,12.603767407657468,-0.02310736536994056,8.345281239041691,0.5653531573133549
0.3,7,0.9,200,5,0.8,0.03191478280621864,0.9999957484935873,12.70770017434169,-0.0195704481863894,11.449994040893413,0.18178940998706206
0.3,7,0.6,200,10,0.8,1.2426339204681476,0.9936151304288515,13.241960961150596,-0.14147251278786746,9.069752390383524,0.48661232723204206
0.3,7,0.7,200,10,0.8,0.7731171763256048,0.9975410239340965,12.941819169367585,-0.08523108544370564,8.87277208392554,0.5086700630534207
0.3,7,0.8,200,10,0.8,0.4819306941664376,0.9990086449552985,12.74296540612536,-0.03937601215291364,9.43199388782008,0.4447844816154385
0.3,7,0.9,200,10,0.8,0.2772036757025854,0.9996749776309855,12.9013329307512,-0.06764822515797783,11.48302781828026,0.17706144667666335
0.3,7,0.6,300,1,0.8,0.0008148629966083784,0.9999999971940344,13.492001583571044,-0.2626719093878525,8.910245662962685,0.5045110985794435
0.3,7,0.7,300,1,0.8,0.0008052915501275349,0.9999999972237351,12.653030412542495,-0.020850177178748486,6.932963813535253,0.7000199026307055
0.3,7,0.8,300,1,0.8,0.0008280341787413499,0.9999999970846997,12.201446584739395,0.06278597973973117,6.870345841495653,0.7054142238493845
0.3,7,0.9,300,1,0.8,0.0009048729677401723,0.9999999965502688,12.50040544833176,-0.05611980778627792,7.079791740315005,0.687179259164655
0.3,7,0.6,300,3,0.8,0.016434503778075885,0.9999987822206927,13.0873086123196,-0.15411184677723005,10.717257270767663,0.2831605675300771
0.3,7,0.7,300,3,0.8,0.0037839979642180755,0.9999999332400644,12.909015787478506,-0.11846846964689828,8.09264557406418,0.5912708465390819
0.3,7,0.8,300,3,0.8,0.001506606571106861,0.9999999905325003,12.82580647038325,-0.06051255537713216,9.091018403350638,0.48420200599926033
0.3,7,0.9,300,3,0.8,0.0014038072339322006,0.9999999917325372,12.829842039678777,-0.04928254595554391,10.544619616026715,0.30606880632765954
0.3,7,0.6,300,5,0.8,0.08690569920852977,0.9999677654645165,13.368287642400322,-0.1815217519233838,10.197145742346565,0.35104911669467187
0.3,7,0.7,300,5,0.8,0.03697711631287696,0.9999942888318261,12.66058599292114,-0.06611120315697983,8.74496875137395,0.5227223487368986
0.3,7,0.8,300,5,0.8,0.011237057514712856,0.9999994270150652,12.655430851754433,-0.03370224793085537,8.41318157834199,0.5582514838488438
0.3,7,0.9,300,5,0.8,0.0039806474995495705,0.9999999341407999,12.727192672276518,-0.023341914523744255,11.463058207887718,0.17992122772799557
0.3,7,0.6,300,10,0.8,0.5423926931505407,0.9987827255436514,13.408556065417631,-0.17156122321307352,9.581721401570421,0.42701711046704716
0.3,7,0.7,300,10,0.8,0.28517793906441474,0.9996652197873871,13.089054991810745,-0.11396345683434932,9.409241641367414,0.4474598786224725
0.3,7,0.8,300,10,0.8,0.1420913409704911,0.9999151518279332,12.886171331899643,-0.06760576578547037,9.703327627547699,0.4123808161938466
0.3,7,0.9,300,10,0.8,0.07154564217962141,0.999978343734137,13.008988352194361,-0.08896344263123405,11.56576316599177,0.16516016261993705
0.3,7,0.6,400,1,0.8,0.0007450149179280491,0.9999999976058518,13.492129110212101,-0.26269218599724997,8.90995556668814,0.5045433619198522
0.3,7,0.7,400,1,0.8,0.0007559763744402097,0.9999999975273868,12.65301346497588,-0.020846480716889326,6.932894528364581,0.7000258983545976
0.3,7,0.8,400,1,0.8,0.0008004572642044256,0.999999997258484,12.20149025969429,0.06277865046011918,6.870432055131121,0.705406830489383
0.3,7,0.9,400,1,0.8,0.0008646952821047868,0.9999999968117986,12.500511701262523,-0.05613951072830061,7.079758028004695,0.687182238315784
0.3,7,0.6,400,3,0.8,0.0035421353064127364,0.9999999442659663,13.094876268246741,-0.15528077938586576,10.718147893611192,0.28304142135581933
0.3,7,0.7,400,3,0.8,0.0013345713186668768,0.9999999924355036,12.911367796273037,-0.11886267572424687,8.096922404208975,0.5908387191067295
0.3,7,0.8,400,3,0.8,0.0011687045034212444,0.9999999942102832,12.826118603096177,-0.060563235937792045,9.092576654937474,0.4840251695019595
0.3,7,0.9,400,3,0.8,0.001279473546153201,0.9999999931134418,12.829978134467604,-0.0493056804895702,10.544558376808533,0.30607686649140564
0.3,7,0.6,400,5,0.8,0.028782036379713084,0.9999961739624623,13.40017885995672,-0.1875120139542355,10.226429740746362,0.347316471379588
0.3,7,0.7,400,5,0.8,0.009035655830474058,0.9999996536228171,12.681111877108215,-0.07015802560051679,8.767365784622266,0.5202744744266434
0.3,7,0.8,400,5,0.8,0.0027613418475157274,0.9999999683251974,12.663264410614369,-0.03531689507179554,8.428693870086084,0.5566209831463875
0.3,7,0.9,400,5,0.8,0.0020015112309225203,0.9999999826366215,12.729356514568154,-0.023719898099021686,11.464168773430464,0.17976231806740317
0.3,7,0.6,400,10,0.8,0.2620653212538605,0.9997068688877986,13.457901867121592,-0.17599110032386273,9.710596190409092,0.41150013961480625
0.3,7,0.7,400,10,0.8,0.11670495876702387,0.9999429534943595,13.176934751720115,-0.1322827443181958,9.46768595324913,0.4405744951203472
0.3,7,0.8,400,10,0.8,0.05059083263021843,0.9999889257421934,12.947930169456594,-0.08049227311054111,9.7409339730625,0.40781722049441294
0.3,7,0.9,400,10,0.8,0.021679381078711205,0.9999980112001345,13.045666413613622,-0.09669114994034475,11.574452476402362,0.16390526790961957
0.3,8,0.6,100,1,0.8,0.0824772203930848,0.9999689555524995,13.460384277216253,-0.25709069472620094,8.863980780597426,0.5096432179105594
0.3,8,0.7,100,1,0.8,0.02214807095858723,0.9999978133280596,12.641696398095988,-0.01918219303921258,6.8663135836699505,0.7057599116068243
0.3,8,0.8,100,1,0.8,0.009702503168350234,0.9999995203072105,12.191908620456353,0.06408790664044824,6.863804521601055,0.7059749124944632
0.3,8,0.9,100,1,0.8,0.005489653974845544,0.9999998465500962,12.495771214668439,-0.05522865692363867,7.0937717929703235,0.6859426215937616
0.3,8,0.6,100,3,0.8,0.5755779680679488,0.9985973902953674,12.91925505173025,-0.1283407402551452,10.286164102962493,0.33966932528987837
0.3,8,0.7,100,3,0.8,0.3206358708236228,0.9995629621517518,12.766392126642032,-0.09234998017891025,7.801824896461184,0.6201195248376559
0.3,8,0.8,100,3,0.8,0.17736826476909848,0.999862518358422,12.759272170635356,-0.04815592757451233,8.917876760903646,0.5036620213187117
0.3,8,0.9,100,3,0.8,0.09276933177084938,0.9999640589523058,12.773290209841978,-0.03852330528904124,10.492624805164462,0.3128953902016207
0.3,8,0.6,100,5,0.8,1.3151217333778649,0.9928971206053108,13.124110705613617,-0.13734690866440288,9.236574417616412,0.4675529291673729
0.3,8,0.7,100,5,0.8,0.8958100364425414,0.9967002816215409,12.377260897457143,-0.007224286005858782,7.918138366131534,0.6087081988312366
0.3,8,0.8,100,5,0.8,0.5842699147441451,0.998561136104725,12.418107621712133,0.013910775419696186,7.819060211017236,0.6184392534695481
0.3,8,0.9,100,5,0.8,0.347310095898102,0.9994889246856653,12.546269179075598,0.012502323520506241,11.2662106320518,0.2078447443391106
0.3,8,0.6,100,10,0.8,3.3162526968458934,0.9545218535519904,13.27123317784696,-0.16572840032495764,7.453456198176041,0.6532871147456235
0.3,8,0.7,100,10,0.8,2.562512683667272,0.9730141933503276,12.777317639288638,-0.04659171846899983,7.321679593323735,0.665438460260946
0.3,8,0.8,100,10,0.8,1.9328256992371688,0.9847059626185304,12.488632039742862,0.010870555798080606,7.961565444861118,0.6044043442528936
0.3,8,0.9,100,10,0.8,1.3706476937457366,0.9922567715378954,12.650071464794804,-0.01952101830553492,10.477095833071308,0.31492770008497817
0.3,8,0.6,200,1,0.8,0.003177367870507964,0.9999999529652612,13.486039753011465,-0.2604864789624286,8.910678859447934,0.5044629182539051
0.3,8,0.7,200,1,0.8,0.0010027402227556388,0.9999999957444251,12.652625250691823,-0.020765815337964132,6.89231237920792,0.7035274558137489
0.3,8,0.8,200,1,0.8,0.0009067620306649853,0.999999996515619,12.197072054586261,0.06337044202773026,6.87388102462637,0.7051109836271525
0.3,8,0.9,200,1,0.8,0.000978189081005433,0.9999999960247015,12.500099798752919,-0.05608544094908996,7.098353937745017,0.6855367666582375
0.3,8,0.6,200,3,0.8,0.09335442493733614,0.9999606560907799,13.04036098715801,-0.146179198417764,10.701082805202253,0.2853226403866532
0.3,8,0.7,200,3,0.8,0.028880946197899528,0.9999963658313448,12.888607040973392,-0.11431213204722761,8.064522062637982,0.5941067363384986
0.3,8,0.8,200,3,0.8,0.010717576001247852,0.9999994485475187,12.817905781755481,-0.05914176330553873,9.111254665563067,0.48190315671940764
0.3,8,0.9,200,3,0.8,0.0037847162048582025,0.9999999366064077,12.827280800472632,-0.048821563498293655,10.555951272894777,0.3045765542379425
0.3,8,0.6,200,5,0.8,0.3164700567243573,0.9995715007949052,13.252230716735161,-0.15757070168640003,10.106153182338511,0.362579057229689
0.3,8,0.7,200,5,0.8,0.15760808548419414,0.9998971802104265,12.5793062692192,-0.04932199571046107,8.650135673330398,0.5330177069529678
0.3,8,0.8,200,5,0.8,0.07603746966214744,0.9999732278825093,12.602879938466947,-0.022986859819061546,8.354699519736187,0.5643715400776392
0.3,8,0.9,200,5,0.8,0.031914024759843534,0.9999957485174029,12.708425321939927,-0.01972756049698754,11.45493737062501,0.1810827619605313
0.3,8,0.6,200,10,0.8,1.2426339204681476,0.9936151304288515,13.241960961150596,-0.14147251278786746,9.069752390383524,0.48661232723204206
0.3,8,0.7,200,10,0.8,0.7731171763256048,0.9975410239340965,12.941819169367585,-0.08523108544370564,8.889441019914333,0.5068222436210217
0.3,8,0.8,200,10,0.8,0.48193005234756126,0.9990086470723615,12.742986979499673,-0.039378208610351705,9.431140695850889,0.444884923579683
0.3,8,0.9,200,10,0.8,0.2762201405828993,0.9996775195807374,12.899077357093574,-0.06703458921583783,11.484449218104531,0.17685770300741255
0.3,8,0.6,300,1,0.8,0.00080693008190939,0.9999999972341124,13.487063785890333,-0.26060142317002477,8.910082307478044,0.5045292664483725
0.3,8,0.7,300,1,0.8,0.000796724364921606,0.9999999972658872,12.652860960765546,-0.020799558026549515,6.892805443706953,0.703485035996662
0.3,8,0.8,300,1,0.8,0.0008173349174604211,0.9999999971578513,12.197158180865925,0.0633597246914854,6.87429758602447,0.7050752416343611
0.3,8,0.9,300,1,0.8,0.0008973570480042754,0.9999999966065323,12.500259049558064,-0.0561168862780097,7.09849663287776,0.6855241234949794
0.3,8,0.6,300,3,0.8,0.016434503778075885,0.9999987822206927,13.0873086123196,-0.15411184677723005,10.717257270767663,0.2831605675300771
0.3,8,0.7,300,3,0.8,0.003683288481866558,0.9999999347183911,12.906019973341902,-0.11736132927931928,8.094148380627955,0.5911190302062512
0.3,8,0.8,300,3,0.8,0.0015017564136302812,0.9999999906465696,12.825272293066288,-0.06044710654754024,9.127290314618783,0.4800778691063974
0.3,8,0.9,300,3,0.8,0.0013952321022967572,0.9999999918211259,12.829833546648834,-0.04928236137485418,10.558247591114005,0.3042739595817515
0.3,8,0.6,300,5,0.8,0.08690569920852977,0.9999677654645165,13.368287642400322,-0.1815217519233838,10.197145742346565,0.35104911669467187
0.3,8,0.7,300,5,0.8,0.03697711631287696,0.9999942888318261,12.66058599292114,-0.06611120315697983,8.754190447298209,0.5217152256427493
0.3,8,0.8,300,5,0.8,0.011237015507371311,0.9999994270406798,12.654533387668982,-0.03358117880563194,8.42035164242,0.5574982099968573
0.3,8,0.9,300,5,0.8,0.00397770994181078,0.9999999342128122,12.727931215387137,-0.02349734168612385,11.471507028661751,0.17871190787067448
0.3,8,0.6,300,10,0.8,0.5423926931505407,0.9987827255436514,13.408556065417631,-0.17156122321307352,9.581721401570421,0.42701711046704716
0.3,8,0.7,300,10,0.8,0.28517793906441474,0.9996652197873871,13.089054991810745,-0.11396345683434932,9.421472764916949,0.4460224452458441
0.3,8,0.8,300,10,0.8,0.14209057249228066,0.9999151526250264,12.886180373216456,-0.06760670884287172,9.701669706962685,0.41258160148106915
0.3,8,0.9,300,10,0.8,0.07070422802473868,0.999978978646428,13.010193350712168,-0.08930890537602627,11.570536970877768,0.1644708548893682
0.3,8,0.6,400,1,0.8,0.0007421193662845018,0.9999999976197305,13.487185988967656,-0.26061946040745687,8.90978607918061,0.504562211152346
0.3,8,0.7,400,1,0.8,0.0007571970300147,0.9999999975221856,12.652865578104283,-0.020801926474671717,6.892867587410278,0.703479689372223
0.3,8,0.8,400,1,0.8,0.0007945552081478462,0.9999999972891549,12.197205394498123,0.06335245270232745,6.874190610366606,0.7050844206156806
0.3,8,0.9,400,1,0.8,0.0008795139537965294,0.9999999967223223,12.500299992652794,-0.056124256138132524,7.098483981058107,0.6855252444896731
0.3,8,0.6,400,3,0.8,0.0035421353064127364,0.9999999442659663,13.094876268246741,-0.15528077938586576,10.718147893611192,0.28304142135581933
0.3,8,0.7,400,3,0.8,0.0013203865188070431,0.9999999925402406,12.90824411363277,-0.1177080546587278,8.097607386800096,0.5907694878123101
0.3,8,0.8,400,3,0.8,0.0011609928031876796,0.9999999942978433,12.825629840471796,-0.060513706883136356,9.128613605742439,0.4799270996684951
0.3,8,0.9,400,3,0.8,0.0012819579361580576,0.9999999930732603,12.829939365392267,-0.049299833705433026,10.558245699849639,0.3042742088279906
0.3,8,0.6,400,5,0.8,0.028782036379713084,0.9999961739624623,13.40017885995672,-0.1875120139542355,10.226425651217165,0.34731699339320965
0.3,8,0.7,400,5,0.8,0.009035655830474058,0.9999996536228171,12.681111877108215,-0.07015802560051679,8.771975933732422,0.5197698330727223
0.3,8,0.8,400,5,0.8,0.002721597268206433,0.9999999693268485,12.66248531017447,-0.035214735088996085,8.435392365184473,0.5559159741918034
0.3,8,0.9,400,5,0.8,0.001992997883820134,0.9999999827912683,12.730100820887058,-0.02387649635201765,11.472652759329755,0.17854784539090174
0.3,8,0.6,400,10,0.8,0.2620653212538605,0.9997068688877986,13.457901867121592,-0.17599110032386273,9.710596190409092,0.41150013961480625
0.3,8,0.7,400,10,0.8,0.11670495876702387,0.9999429534943595,13.176934751720115,-0.1322827443181958,9.478062318204312,0.4393475883138449
0.3,8,0.8,400,10,0.8,0.05059041260998829,0.9999889259146888,12.947926311385178,-0.08049186657574206,9.741135558891521,0.40779271013594187
0.3,8,0.9,400,10,0.8,0.021536021564664866,0.9999980442724847,13.04335287896249,-0.09601451505562156,11.578765368542667,0.1632820577421712
0.4,3,0.6,100,1,0.8,0.03629865418016651,0.9999943217061457,13.367093241190124,-0.1741611063297937,8.40029405340088,0.5596038104547161
0.4,3,0.7,100,1,0.8,0.01755153033844167,0.9999987052508927,12.898711347920209,-0.07336502086493328,6.132763598080876,0.765270851609741
0.4,3,0.8,100,1,0.8,0.008953136294179334,0.9999996371649191,12.620902298286156,-0.018503662315348855,5.728709975174235,0.795181940653742
0.4,3,0.9,100,1,0.8,0.004804440110827216,0.999999870916036,12.521377100525484,-0.04326239432663912,5.115567543336248,0.8366789281700957
0.4,3,0.6,100,3,0.8,0.39876688018289624,0.9993279156046411,13.044306584520331,-0.14792294399429765,10.271484967849808,0.3415526642516705
0.4,3,0.7,100,3,0.8,0.20000757231961397,0.9998348774409995,12.45060375500654,-0.006332219915461246,8.800686062871495,0.516621162128482
0.4,3,0.8,100,3,0.8,0.12792289477597849,0.9999320992611944,12.862524782168933,-0.06875066802024148,8.540459995667847,0.5447844380049918
0.4,3,0.9,100,3,0.8,0.09514404573916427,0.9999624171163163,12.897050299178606,-0.0663473067582487,10.14864722199113,0.35720737192935603
0.4,3,0.6,100,5,0.8,0.9175626616899051,0.9964609291419556,12.874802774310012,-0.11474259710997663,10.070996120464416,0.3670062349461878
0.4,3,0.7,100,5,0.8,0.6169068195173084,0.9984071594954,12.54675000210332,-5.678692873019031e-05,7.959343771217734,0.6046250952651439
0.4,3,0.8,100,5,0.8,0.40990734444678106,0.9993024453322944,12.235224957918337,0.04952329530017938,8.721728872047688,0.5252557223663039
0.4,3,0.9,100,5,0.8,0.36741656186662053,0.9994205299014727,12.729950997196918,-0.042767254876256586,10.660187700156378,0.29077460442710223
0.4,3,0.6,100,10,0.8,2.4407596799977407,0.9752297433104573,13.099674375675278,-0.13003708178888593,8.541840951624005,0.5446372132733964
0.4,3,0.7,100,10,0.8,1.8045111903733677,0.9866021959254511,12.927874310128269,-0.09491417296813383,7.816308747572389,0.6187077424441407
0.4,3,0.8,100,10,0.8,1.4106276971447453,0.9917602405736865,12.965594252202887,-0.0875169735599938,8.66528179977442,0.531380931437315
0.4,3,0.9,100,10,0.8,1.1077773994571287,0.9948830414225303,12.557363083848099,0.0069024491428335555,10.6148485398429,0.2967946302774124
0.4,3,0.6,200,1,0.8,0.0010548434209848591,0.9999999951763957,13.377950616491168,-0.17559267031653988,8.4558003025443,0.5537646096660022
0.4,3,0.7,200,1,0.8,0.000916562029834026,0.9999999964556361,12.909769397892898,-0.07543322460596884,6.1487676696690485,0.7640441538319434
0.4,3,0.8,200,1,0.8,0.0009274842803668564,0.9999999963424571,12.627322332624226,-0.019778393993754407,5.733874757653743,0.7948124621557743
0.4,3,0.9,200,1,0.8,0.000997341044257925,0.9999999957380311,12.525318250246329,-0.0438930722699709,5.121824215355546,0.8362791792609358
0.4,3,0.6,200,3,0.8,0.04493661492619151,0.9999911996519563,13.151006181331436,-0.16726202264022125,10.447337944552334,0.31881376814097395
0.4,3,0.7,200,3,0.8,0.012466541415694792,0.9999993493515433,12.554201028982394,-0.02380725098553411,8.933822920927867,0.5018854188343027
0.4,3,0.8,200,3,0.8,0.0065023318989381506,0.9999998170717733,12.93530008006309,-0.08342285208717375,8.636064455552994,0.5345357559743966
0.4,3,0.9,200,3,0.8,0.0033336266037821485,0.9999999529869896,12.967287102743075,-0.08058340887787221,10.183002353327078,0.352848051388036
0.4,3,0.6,200,5,0.8,0.1815912090499809,0.9998624262385146,12.97085187143976,-0.1264037719668628,10.572025482907918,0.30245701176590656
0.4,3,0.7,200,5,0.8,0.09623575659187517,0.9999608717560087,12.768113733691811,-0.04088391312399022,8.424344882313937,0.5570784092883077
0.4,3,0.8,200,5,0.8,0.04843009111913098,0.9999903764760608,12.413006772170341,0.016629421042008152,9.135562224968199,0.4791350486294266
0.4,3,0.9,200,5,0.8,0.036667560625428405,0.9999937274033126,12.92784806991025,-0.08443357443696338,10.660743803104829,0.29070060711449375
0.4,3,0.6,200,10,0.8,0.8022858349974212,0.9973442959152885,13.09641322887764,-0.11181696563852435,9.750731054465952,0.40662542913957245
0.4,3,0.7,200,10,0.8,0.49103296057229706,0.9989947682350367,13.021243049533215,-0.11705503292188808,8.912647702688645,0.504243913027897
0.4,3,0.8,200,10,0.8,0.342822279765189,0.9995118978860311,13.224667198388374,-0.13956814841943926,9.735416364158253,0.40848789695962207
0.4,3,0.9,200,10,0.8,0.24639781344449138,0.9997443656732224,12.886792259872678,-0.05654593793398888,10.917173884407712,0.2561677050432475
0.4,3,0.6,300,1,0.8,0.0007379727413693915,0.9999999976490145,13.37843424982322,-0.17568287041200165,8.455657810593092,0.5537796489085209
0.4,3,0.7,300,1,0.8,0.0007966639827705775,0.9999999972344937,12.909987456950095,-0.07547306283395896,6.149097924060277,0.7640188064611421
0.4,3,0.8,300,1,0.8,0.0008371333951818647,0.999999996994584,12.627380039806614,-0.01979130319365585,5.73449759936376,0.7947678827732644
0.4,3,0.9,300,1,0.8,0.0008839712295951681,0.9999999966021441,12.525464319328883,-0.04392048072403889,5.121880598320659,0.8362755746404937
0.4,3,0.6,300,3,0.8,0.006369172687836944,0.9999997934528227,13.173479441649722,-0.1714212237163171,10.453015253333785,0.3180732243996248
0.4,3,0.7,300,3,0.8,0.0017049023298003636,0.9999999873440736,12.562053187429026,-0.025336808425899072,8.95833505823197,0.49914826958025116
0.4,3,0.8,300,3,0.8,0.0013656025871608642,0.9999999920720202,12.939662828060516,-0.08434085842089174,8.65247773988624,0.5327647972380622
0.4,3,0.9,300,3,0.8,0.0014371762607691449,0.9999999912128861,12.969311288933586,-0.08096357346254608,10.188065717477425,0.3522043157731116
0.4,3,0.6,300,5,0.8,0.042814104626698796,0.9999919865647426,13.046713742372964,-0.14159648483965454,10.603032688050206,0.29835929619954005
0.4,3,0.7,300,5,0.8,0.018460595036461493,0.9999984568442102,12.82883061382789,-0.05225445171068719,8.512244833625916,0.5477872656018872
0.4,3,0.8,300,5,0.8,0.007273359145234184,0.9999997687834249,12.446460982496406,0.009919948970840854,9.195793412277975,0.47224423375908176
0.4,3,0.9,300,5,0.8,0.005007160934227365,0.9999998680020159,12.955482421198983,-0.08991027450890839,10.671422539900016,0.2892789023501141
0.4,3,0.6,300,10,0.8,0.30892655420679455,0.9996077353483942,13.243197792740933,-0.1375659523457352,10.20216167035458,0.35041052790215765
0.4,3,0.7,300,10,0.8,0.1712402608036928,0.999878568812344,13.204327956178943,-0.15267205700036604,9.21040160099546,0.47056614485907855
0.4,3,0.8,300,10,0.8,0.10446790350522779,0.9999543087212531,13.365344086521514,-0.17235469667994316,9.961047505981984,0.3807520214176966
0.4,3,0.9,300,10,0.8,0.07103541891846873,0.9999773648163155,13.030875483409194,-0.08479715745916212,10.93289032588964,0.2540245109072494
0.4,3,0.6,400,1,0.8,0.0007022038611972179,0.9999999978994172,13.378419683737448,-0.17567619722400535,8.455390989175134,0.553807809761516
0.4,3,0.7,400,1,0.8,0.0007443242878094062,0.9999999975908789,12.910079911637888,-0.07548340737154682,6.149046981422947,0.7640227164507735
0.4,3,0.8,400,1,0.8,0.0008231799843098306,0.9999999970858461,12.62739577941933,-0.019793815673179282,5.734436013957001,0.7947722909137617
0.4,3,0.9,400,1,0.8,0.0008676746291783718,0.9999999967450888,12.525443628867237,-0.043921531817160984,5.12183844294771,0.8362782696802069
0.4,3,0.6,400,3,0.8,0.0012687312860856469,0.9999999929596685,13.175843341817451,-0.17182544920029483,10.450806130325589,0.3183614285028389
0.4,3,0.7,400,3,0.8,0.0011592538204656239,0.9999999942279623,12.562731472677601,-0.025445470664929637,8.958824388484517,0.49909355213651085
0.4,3,0.8,400,3,0.8,0.0011727817412570994,0.9999999941117418,12.939817026176296,-0.08436257428665642,8.652763249508716,0.5327339615973845
0.4,3,0.9,400,3,0.8,0.0013164940141917017,0.9999999926891594,12.969369423011376,-0.0809706895663073,10.188224518176003,0.35218412131976573
0.4,3,0.6,400,5,0.8,0.010057791232831346,0.9999995591192528,13.066985455101143,-0.14497255818678417,10.59968807417155,0.29880187657843704
0.4,3,0.7,400,5,0.8,0.0029605411640593157,0.9999999629143769,12.838428137290105,-0.05410560203371595,8.526023126689191,0.546322138044717
0.4,3,0.8,400,5,0.8,0.002041049039503613,0.9999999820302756,12.449963471687957,0.009256071235182683,9.201183111194034,0.47162541205983965
0.4,3,0.9,400,5,0.8,0.002195822709432094,0.999999976756954,12.956921603937797,-0.09016629247588179,10.673526434287764,0.2889986342748718
0.4,3,0.6,400,10,0.8,0.12993144891617564,0.9999300444977489,13.290799299881012,-0.14527368759992737,10.24338985567293,0.3451497783760975
0.4,3,0.7,400,10,0.8,0.058968268398179646,0.9999855530575059,13.278669581170806,-0.16918367270176088,9.24513314478238,0.4665657275658822
0.4,3,0.8,400,10,0.8,0.03190384341218953,0.9999955961843723,13.411795926676755,-0.18308346569210412,9.980350256007167,0.37834970971081083
0.4,3,0.9,400,10,0.8,0.021004113339705643,0.9999977019176634,13.063396929015852,-0.09155535372222379,10.950876537802149,0.2515680132160436
0.4,4,0.6,100,1,0.8,0.021926141646423418,0.9999975202865802,13.217544227410652,-0.19568608390854697,8.163866229720476,0.5840450137726019
0.4,4,0.7,100,1,0.8,0.006539586566812793,0.9999997940480633,12.625205185253696,-0.061029631022639606,6.090330568658218,0.76850782978292
0.4,4,0.8,100,1,0.8,0.0024484407281528697,0.9999999720652297,12.298490272164603,0.02849869977600681,5.580808341582083,0.8056212472823133
0.4,4,0.9,100,1,0.8,0.0013894564631782443,0.9999999916665618,12.440419322365393,-0.05038893338028436,5.067977156776039,0.8397035618333251
0.4,4,0.6,100,3,0.8,0.2984899369784403,0.9996026284571755,13.17746267784725,-0.20820422300781263,10.717467665322932,0.2831324221585185
0.4,4,0.7,100,3,0.8,0.12687815837961655,0.9999302660211322,12.760207537166352,-0.13503621342588074,8.724464501008105,0.5249578621850175
0.4,4,0.8,100,3,0.8,0.07156645074163134,0.9999777234805075,12.840392877018024,-0.07875604656060928,8.891615730555205,0.5065809123376224
0.4,4,0.9,100,3,0.8,0.0420353960844443,0.9999920416510341,12.618662215349513,-0.018009874813814775,9.638263155805415,0.4202348121543512
0.4,4,0.6,100,5,0.8,0.7828701545678716,0.997438489669001,12.919427512208296,-0.1461856604734095,10.40716524987606,0.3240423677643456
0.4,4,0.7,100,5,0.8,0.4572190010189918,0.9991260790951131,12.815556993405352,-0.05972965865802802,8.347679884550496,0.5651032643506411
0.4,4,0.8,100,5,0.8,0.28381071534099284,0.999656100668537,12.707033380820118,-0.04684706669696974,8.731703649126619,0.5241692001149838
0.4,4,0.9,100,5,0.8,0.17712774352195945,0.9998684921793355,12.656821663450287,-0.045375971908207566,10.975680740732189,0.24817371263473975
0.4,4,0.6,100,10,0.8,2.334986078018379,0.9774222452991509,13.092733223305327,-0.12052842912103176,8.436467893051407,0.5558027239306775
0.4,4,0.7,100,10,0.8,1.6729163344357445,0.9884951823418013,12.879039077314356,-0.08801465428348172,8.078771373837041,0.5926711127441331
0.4,4,0.8,100,10,0.8,1.211151112771529,0.993958425766456,12.55632560751993,-0.009262649353263642,8.844815549282417,0.5117613726478534
0.4,4,0.9,100,10,0.8,0.7915088291416161,0.997387726360152,12.554669616582748,-0.0017256603591076169,11.316300665211743,0.200785176266849
0.4,4,0.6,200,1,0.8,0.0009281841980546084,0.9999999963232238,13.226219850224151,-0.19689736316124287,8.18652956385248,0.5817323811545616
0.4,4,0.7,200,1,0.8,0.0008725960433977614,0.9999999967253661,12.62910846666696,-0.06167965674280638,6.095952926495763,0.7680802232466866
0.4,4,0.8,200,1,0.8,0.0008796197860482787,0.9999999967428852,12.299959015650826,0.02824481239460963,5.581323800233214,0.8055853389225717
0.4,4,0.9,200,1,0.8,0.0009846916558262368,0.999999995890098,12.441078157409873,-0.050500769576924044,5.068127251624429,0.8396940669105504
0.4,4,0.6,200,3,0.8,0.031133499702483504,0.9999954638775552,13.25485534964364,-0.22167916819857342,10.91882801200316,0.2559422828322033
0.4,4,0.7,200,3,0.8,0.005943245496769981,0.9999998524968647,12.817962133882958,-0.1467216991263069,8.873909766200947,0.5085440566166772
0.4,4,0.8,200,3,0.8,0.002692065318410331,0.9999999694794264,12.881039426746625,-0.0880050633823366,8.942285460776265,0.5009412964799211
0.4,4,0.9,200,3,0.8,0.0017192609785716215,0.9999999875749632,12.65360269726052,-0.02450875267260235,9.672226587698452,0.41614164546590815
0.4,4,0.6,200,5,0.8,0.14747816959919618,0.9999068691601624,13.054326544735398,-0.16372477219543147,10.875829373076641,0.26179098262198763
0.4,4,0.7,200,5,0.8,0.05784094514483677,0.9999861140875039,12.928354222494985,-0.0801324256271865,8.790162030769462,0.5177765385951598
0.4,4,0.8,200,5,0.8,0.022894106477539443,0.9999977179102746,12.813179748371542,-0.06948047394144116,8.96836790124333,0.4980257885402083
0.4,4,0.9,200,5,0.8,0.010048662295911118,0.9999995763906963,12.773035845545067,-0.07131935936620622,10.980536523110203,0.2475083302346558
0.4,4,0.6,200,10,0.8,0.7183813853590569,0.9978678753352973,13.150538713030011,-0.11375829616856976,9.627072585578723,0.42158031113752603
0.4,4,0.7,200,10,0.8,0.3841784335912616,0.9993892031433923,12.984744029318637,-0.11951176077328393,9.140418560203862,0.47858113260853363
0.4,4,0.8,200,10,0.8,0.242587766676571,0.9997504038271556,12.799605174831521,-0.058415203973129895,9.83645269197067,0.39614649692664305
0.4,4,0.9,200,10,0.8,0.12700198103878363,0.9999312806429422,12.851111589154717,-0.06426322430267026,11.712270545240274,0.14387581381798964
0.4,4,0.6,300,1,0.8,0.0007128993144820894,0.9999999977978884,13.22641415858303,-0.1969336992676652,8.18662693871493,0.5817224309079378
0.4,4,0.7,300,1,0.8,0.0007664901938571622,0.9999999974491696,12.629310665308322,-0.0617123723212067,6.096131212234616,0.7680666573304483
0.4,4,0.8,300,1,0.8,0.000819727376235439,0.9999999971266902,12.300051590199946,0.0282250054326715,5.581618512863479,0.8055648068871973
0.4,4,0.9,300,1,0.8,0.0009043273945881508,0.9999999965011117,12.441214966838752,-0.050529049604851606,5.068148554151264,0.8396927193008916
0.4,4,0.6,300,3,0.8,0.003787586150871834,0.999999933108197,13.268442898584123,-0.22396605411820797,10.922282396428821,0.2554714139874267
0.4,4,0.7,300,3,0.8,0.0012552350418059484,0.9999999933149241,12.82208069354321,-0.1475867666356422,8.883511130123702,0.5074799934873127
0.4,4,0.8,300,3,0.8,0.0012390917457386207,0.9999999934281393,12.882749326406005,-0.08838432413045128,8.945914315826073,0.5005361698115108
0.4,4,0.9,300,3,0.8,0.0013266235249735536,0.9999999924923697,12.654117333767775,-0.0246033245108084,9.673127582874057,0.416032864295908
0.4,4,0.6,300,5,0.8,0.033356425872008565,0.9999949325109856,13.11870151908185,-0.17580726757717696,10.904024651929396,0.2579584493511018
0.4,4,0.7,300,5,0.8,0.009858876223181875,0.9999995575642447,12.96033510051548,-0.08613348637786349,8.83012724105292,0.5133816313743162
0.4,4,0.8,300,5,0.8,0.002551895008866846,0.9999999726003026,12.82904607623225,-0.07281774927375195,8.998689685431128,0.4946257308412817
0.4,4,0.9,300,5,0.8,0.0021265762395780412,0.9999999805041618,12.781060283939997,-0.07310145004712187,10.988255523936363,0.2464499984479056
0.4,4,0.6,300,10,0.8,0.2615402450169183,0.999717790181393,13.304459477611136,-0.1432985208017837,10.004568235001393,0.37532909832962513
0.4,4,0.7,300,10,0.8,0.1214956993291116,0.9999390983881937,13.122906649772279,-0.1479327926158682,9.385672693527422,0.4502244965554639
0.4,4,0.8,300,10,0.8,0.06001525756775331,0.9999845228153632,12.910774349654002,-0.08202814316143188,9.938943823317619,0.3834972094634338
0.4,4,0.9,300,10,0.8,0.027077975904428175,0.9999969019456602,12.932440238208923,-0.08184393160757228,11.732642267735855,0.14089502678343513
0.4,4,0.6,400,1,0.8,0.0006681998466472362,0.9999999980691394,13.22641674905893,-0.19692376074058845,8.186313985485699,0.5817544096007341
0.4,4,0.7,400,1,0.8,0.0007058448931457047,0.9999999977974259,12.629471971727245,-0.06174161365915236,6.096084872313607,0.7680701834133211
0.4,4,0.8,400,1,0.8,0.0007911778216238034,0.9999999973171535,12.300180579902499,0.028198552624270668,5.581546875426086,0.8055697978229113
0.4,4,0.9,400,1,0.8,0.000887525683132141,0.9999999966450315,12.44126806183582,-0.05053648023274382,5.068126805857664,0.8396940951099428
0.4,4,0.6,400,3,0.8,0.00112980108062865,0.9999999944615874,13.269391550000185,-0.22409368941600832,10.921546052021476,0.2555717979475929
0.4,4,0.7,400,3,0.8,0.0010724740049150635,0.9999999950473443,12.82238353759261,-0.14763995270100033,8.88334739204116,0.5074981492676331
0.4,4,0.8,400,3,0.8,0.001117659164070251,0.99999999460069,12.882865322528243,-0.08840804712542047,8.945929777448159,0.5005344433188597
0.4,4,0.9,400,3,0.8,0.0012324031741986663,0.9999999935038788,12.654233105562994,-0.024621061684024493,9.67304849047506,0.4160424138800477
0.4,4,0.6,400,5,0.8,0.007935026895049099,0.9999997238026163,13.131033477354658,-0.17772485132559174,10.910114416654212,0.2571293755976145
0.4,4,0.7,400,5,0.8,0.002058249600008058,0.9999999816833789,12.966123499205494,-0.08720107451859023,8.838003674985146,0.5125131213848235
0.4,4,0.8,400,5,0.8,0.0015337232847081029,0.999999989998963,12.830046168419823,-0.07300739612863887,9.001477643444503,0.4943125340195661
0.4,4,0.9,400,5,0.8,0.0016797325239843405,0.999999987779586,12.7815299936478,-0.07318980861383824,10.988720490841466,0.24638622431663315
0.4,4,0.6,400,10,0.8,0.10787391466183531,0.9999501283907583,13.364626534181346,-0.15382213079026444,10.080128007133132,0.36585777893256655
0.4,4,0.7,400,10,0.8,0.04264222476576511,0.9999925529896286,13.185803487206277,-0.16201719286496805,9.42154424962587,0.44601403868872247
0.4,4,0.8,400,10,0.8,0.015972792614649466,0.9999988969958737,12.945401111049751,-0.08987793459518982,9.953260100790478,0.38171988145529545
0.4,4,0.9,400,10,0.8,0.006585509831923549,0.9999998104055298,12.948268714061053,-0.08542408704962075,11.737589483300223,0.14017036929057014
0.4,5,0.6,100,1,0.8,0.020334786500778475,0.9999979358534766,13.367197644665499,-0.2635864573426988,7.573843701411138,0.6419965169671167
0.4,5,0.7,100,1,0.8,0.004842658789135161,0.9999998837097351,12.378829077735475,-0.026171780569605563,6.1802730696275106,0.7616199515266519
0.4,5,0.8,100,1,0.8,0.0019410654871606624,0.9999999823447604,12.247055327855358,0.0216687517195562,6.012147539907297,0.7744131217042853
0.4,5,0.9,100,1,0.8,0.0012934908433428483,0.9999999930146937,12.46897370728855,-0.07790291886371883,5.407513876428842,0.8175054664655056
0.4,5,0.6,100,3,0.8,0.28479662132952355,0.9996304682405622,13.108293715862823,-0.18818583471207048,11.128686685687759,0.2270660098016304
0.4,5,0.7,100,3,0.8,0.11208749979452093,0.9999454696922095,12.747674918891402,-0.13905209985639,8.247558851038347,0.5754728977615402
0.4,5,0.8,100,3,0.8,0.05579685701338037,0.9999860087512223,12.773152671475376,-0.0638280413613614,9.130146113176156,0.4797524658146456
0.4,5,0.9,100,3,0.8,0.03167496064268109,0.999995609312091,12.774818091743109,-0.06642460708475828,9.705819967946692,0.4120789125222879
0.4,5,0.6,100,5,0.8,0.7522002181113082,0.9976396031615327,12.847902804651426,-0.1455929846022098,10.526355998973417,0.30847054644217897
0.4,5,0.7,100,5,0.8,0.44454289786969026,0.9991746188486633,13.10634900983149,-0.1598473863659277,8.539543912100742,0.5448820892159755
0.4,5,0.8,100,5,0.8,0.2502973426047355,0.9997248650909398,12.424053298160326,0.009078679032144498,8.572727851165972,0.5413381180409345
0.4,5,0.9,100,5,0.8,0.14652617822796118,0.9999087175655521,12.666017620408223,-0.06262084449790731,10.69975152814767,0.2855004493814366
0.4,5,0.6,100,10,0.8,2.320719809421959,0.9777076308981825,13.070114876500279,-0.11765922665194287,8.272878448724558,0.5728623423578769
0.4,5,0.7,100,10,0.8,1.672598669204738,0.9885076043759131,12.956652069233849,-0.10595119540973397,7.956241430410452,0.6049332484724257
0.4,5,0.8,100,10,0.8,1.1813359149488556,0.9942584904093922,12.691795216460587,-0.04706155940920727,8.577576436366371,0.5408191490173022
0.4,5,0.9,100,10,0.8,0.7595061179532594,0.9976008164986526,12.525227962197558,-0.0002051615880731106,11.154325442105542,0.22350046885771424
0.4,5,0.6,200,1,0.8,0.0008611632879600144,0.9999999967972094,13.372450953076065,-0.2641777787547183,7.5927348624417785,0.6402083797431075
0.4,5,0.7,200,1,0.8,0.0007868076818438984,0.9999999973614736,12.381319555543584,-0.026526691973770222,6.18506922413373,0.7612498218710817
0.4,5,0.8,200,1,0.8,0.0008471503824000424,0.9999999970013154,12.247841847988514,0.021557906898510226,6.0129379502303255,0.7743538024952941
0.4,5,0.9,200,1,0.8,0.0009299347689676333,0.9999999963459262,12.469269459136612,-0.07793182637125226,5.407776189527002,0.8174877607809109
0.4,5,0.6,200,3,0.8,0.029381243064381318,0.999995791497091,13.172883412597892,-0.1938861625875548,11.293764812576159,0.20396520020384135
0.4,5,0.7,200,3,0.8,0.005115959556676697,0.999999881874009,12.794355225672698,-0.14634954531700167,8.353069041289162,0.5645415554096783
0.4,5,0.8,200,3,0.8,0.002043598292532588,0.9999999819447044,12.79119321670182,-0.0673523493048765,9.174653843528928,0.47466788668811355
0.4,5,0.9,200,3,0.8,0.0015023616479936288,0.9999999905343143,12.797522622864857,-0.07148464799294103,9.721665065170143,0.4101577413279498
0.4,5,0.6,200,5,0.8,0.1423114875375971,0.999911935664526,12.99823364417044,-0.16779714951107907,11.02504934562159,0.24139507337579336
0.4,5,0.7,200,5,0.8,0.05316767778337801,0.9999880757201304,13.195031421409414,-0.17679126589724597,8.92238480910337,0.503160089944009
0.4,5,0.8,200,5,0.8,0.019504780875093598,0.999998266844534,12.511557832246833,-0.009313352817085518,8.767679055501278,0.5202401912164507
0.4,5,0.9,200,5,0.8,0.007653731846789141,0.9999997573563238,12.746677296565034,-0.08069916359558789,10.734053574789508,0.2809119161068332
0.4,5,0.6,200,10,0.8,0.7206826945758494,0.9978542525962413,13.093684155147367,-0.10354604572980257,9.592257212546476,0.4257563436091757
0.4,5,0.7,200,10,0.8,0.37932773425158406,0.999406112026695,13.071780160937905,-0.14168577172908062,8.95619607713272,0.49938741769858686
0.4,5,0.8,200,10,0.8,0.2235092812223607,0.9997863880330635,12.91409144385761,-0.09661397505022848,9.667695749256323,0.41668852022283953
0.4,5,0.9,200,10,0.8,0.11196525454683903,0.9999457296792646,12.790840821953537,-0.05622069568313228,11.559239974060642,0.16610161104276377
0.4,5,0.6,300,1,0.8,0.0007033992145780997,0.9999999978419531,13.372669338491297,-0.2642222413276381,7.592652043965819,0.6402162286227757
0.4,5,0.7,300,1,0.8,0.0007273595504622165,0.9999999977093429,12.38147376434236,-0.02655094341606199,6.1852248814285,0.761237804649239
0.4,5,0.8,300,1,0.8,0.0007847375364972185,0.9999999974064953,12.247911266918617,0.02153953087461844,6.0131030139305635,0.7743414137070376
0.4,5,0.9,300,1,0.8,0.0008541100715767248,0.9999999968621524,12.469304376749475,-0.07794327720861274,5.407883355893966,0.8174805269876766
0.4,5,0.6,300,3,0.8,0.003269210035175412,0.9999999497383426,13.184092849889897,-0.19551419194786232,11.298261523140244,0.20333117766748943
0.4,5,0.7,300,3,0.8,0.0012037699423549555,0.9999999937587093,12.798077568875495,-0.14703133937710114,8.357776929340275,0.5640505580708018
0.4,5,0.8,300,3,0.8,0.0011511472623560639,0.9999999941891575,12.791991131661367,-0.06746354685685726,9.177501851423782,0.4743416875202624
0.4,5,0.9,300,3,0.8,0.0012459162040680059,0.9999999933100809,12.797907268447663,-0.07155556648842369,9.722210688633707,0.4100915302817354
0.4,5,0.6,300,5,0.8,0.030755618569077138,0.9999958050139017,13.055454722287791,-0.17757232541356757,11.04863104196735,0.2381464125785312
0.4,5,0.7,300,5,0.8,0.008464902474843713,0.9999996652762817,13.222536198477306,-0.18212739074615192,8.974095721733217,0.49738439283429314
0.4,5,0.8,300,5,0.8,0.002226142486133199,0.999999979316129,12.523664922205414,-0.011628739383778198,8.793022781535239,0.517462609087683
0.4,5,0.9,300,5,0.8,0.0019762001075166674,0.999999982742256,12.752005071211991,-0.08186943805652606,10.739302863929636,0.28020843084528246
0.4,5,0.6,300,10,0.8,0.2606642934885088,0.9997189275357663,13.250907002080016,-0.1345981077324909,9.969557272052215,0.37969351700261855
0.4,5,0.7,300,10,0.8,0.11573905359543905,0.9999448206763937,13.207409526575734,-0.17028938374970215,9.175085756231576,0.4746184236876523
0.4,5,0.8,300,10,0.8,0.05201610729052673,0.9999883130427405,13.017618054252035,-0.1196202206765989,9.77385697380444,0.40380746501110054
0.4,5,0.9,300,10,0.8,0.02164215332336631,0.9999979961418168,12.867864829086855,-0.07276494445131305,11.57951135619573,0.16317423944872012
0.4,5,0.6,400,1,0.8,0.0006879956043130854,0.9999999979268022,13.37265123469378,-0.26422267582476533,7.592515277215277,0.6402291901054948
0.4,5,0.7,400,1,0.8,0.0007043912174277002,0.9999999978488233,12.381490696141439,-0.026556094843672474,6.185236048917083,0.7612369424731504
0.4,5,0.8,400,1,0.8,0.0007592934632165378,0.9999999975530265,12.248016732213586,0.021523575437980134,6.013014882648822,0.7743480284065225
0.4,5,0.9,400,1,0.8,0.0008187566789102585,0.9999999970967721,12.469404580311178,-0.07795513435696697,5.40790343511271,0.8174791716125747
0.4,5,0.6,400,3,0.8,0.0010918268145697074,0.9999999948226401,13.184998186749926,-0.1956396126646145,11.297859220246185,0.20338791143419033
0.4,5,0.7,400,3,0.8,0.0010328830894339345,0.9999999954491015,12.79813777521334,-0.14703738776841674,8.357673688799203,0.5640613282501603
0.4,5,0.8,400,3,0.8,0.0010827508533719694,0.9999999948428808,12.792047764042946,-0.06747423791232003,9.177364268692308,0.4743574480105409
0.4,5,0.9,400,3,0.8,0.0011929225258547876,0.9999999938412675,12.798005234189443,-0.07156861613117796,9.722103133850464,0.41010458227755675
0.4,5,0.6,400,5,0.8,0.0075021059663164195,0.9999997559321392,13.066849739067496,-0.179128325748247,11.050639815438041,0.23786935917872432
0.4,5,0.7,400,5,0.8,0.0019261819441033293,0.9999999839564573,13.227621759600478,-0.183032362911211,8.982298678662003,0.4964651206019378
0.4,5,0.8,400,5,0.8,0.0014442193026113683,0.9999999911489044,12.524213768443829,-0.011729412165475206,8.795893266842896,0.5171475086697026
0.4,5,0.9,400,5,0.8,0.0016400798855573874,0.9999999883774853,12.752275632243892,-0.08191927946051589,10.739236728776765,0.28021729610953416
0.4,5,0.6,400,10,0.8,0.10700224255800588,0.9999507395024633,13.301941764011664,-0.1428357541879094,10.036886956247717,0.37128671033241045
0.4,5,0.7,400,10,0.8,0.04002540639123879,0.9999934283327434,13.265346430919271,-0.18375898119028716,9.223750723804619,0.4690303596690849
0.4,5,0.8,400,10,0.8,0.014065412724219881,0.9999991485379833,13.047162098386348,-0.12676282475183984,9.805417328365483,0.3999509676427413
0.4,5,0.9,400,10,0.8,0.005398025043027901,0.9999998780744566,12.882586788104035,-0.07600657378337716,11.584524586424386,0.16244949240124884
0.4,6,0.6,100,1,0.8,0.020021027640483257,0.9999979819404169,13.271788635844056,-0.2398255129221464,8.131092557355602,0.5873779956259371
0.4,6,0.7,100,1,0.8,0.004408439274498004,0.9999999021935555,12.335701261720747,-0.015163699302351907,6.068554783718456,0.7701602563056685
0.4,6,0.8,100,1,0.8,0.0019360987770395874,0.9999999823066684,12.18815102739586,0.03608800511017374,5.956788580493466,0.7785483362051746
0.4,6,0.9,100,1,0.8,0.0011823640481977997,0.9999999940913007,12.362717941446668,-0.03006767897314979,5.399308515825584,0.8180588806174934
0.4,6,0.6,100,3,0.8,0.28636341646570534,0.9996274486400079,13.16866508922853,-0.19818202409571584,11.218420416808664,0.21455098797369465
0.4,6,0.7,100,3,0.8,0.10964983586964636,0.9999479090961382,12.595672006746824,-0.08293064484790391,8.314933270017724,0.5685086326925711
0.4,6,0.8,100,3,0.8,0.054625821829775524,0.9999866399032907,12.777286553918197,-0.0692432673790726,9.114744410424578,0.4815062032561911
0.4,6,0.9,100,3,0.8,0.029753945949704617,0.9999961136898377,12.666880875456606,-0.041064456910336555,9.676674158950595,0.41560457188923305
0.4,6,0.6,100,5,0.8,0.7485215219258358,0.9976650495298156,12.875725530413565,-0.1473738586291285,10.403709307218026,0.32449122831123
0.4,6,0.7,100,5,0.8,0.4432915312471084,0.9991798771310487,13.046385326292096,-0.1391242083787882,8.61860868924985,0.5364155065685381
0.4,6,0.8,100,5,0.8,0.24876044504733344,0.9997269022252351,12.493509677972575,-0.009070187359334292,8.49894674666945,0.5491990828360208
0.4,6,0.9,100,5,0.8,0.13759702669910412,0.9999193311666522,12.713060091375521,-0.07487134589481266,10.820569288001698,0.26927360410230317
0.4,6,0.6,100,10,0.8,2.320265539399311,0.9777169478920593,13.068351620421932,-0.11715082121412712,8.205800897277829,0.5797608345799419
0.4,6,0.7,100,10,0.8,1.6657681163315892,0.9885934800062994,12.953021201881828,-0.1047948888972274,7.946795788279193,0.6058707373795786
0.4,6,0.8,100,10,0.8,1.17597540862021,0.9943097223322097,12.668039761626357,-0.04181644478510351,8.616228232690446,0.5366715549375869
0.4,6,0.9,100,10,0.8,0.7482874184624217,0.9976729917119067,12.552080788939056,-0.012708569647588663,11.186714206922609,0.2189844854225218
0.4,6,0.6,200,1,0.8,0.0008862029125274777,0.9999999966394757,13.27553643744701,-0.23995782031230944,8.148013353935376,0.5856588766741606
0.4,6,0.7,200,1,0.8,0.0007785946402276697,0.9999999973897549,12.33762334984211,-0.015418397493464252,6.073198410810586,0.7698083773357429
0.4,6,0.8,200,1,0.8,0.0008440050543260709,0.9999999970210156,12.18905201535462,0.03594347538917022,5.957224421848565,0.7785159290371512
0.4,6,0.9,200,1,0.8,0.0009049574399067952,0.9999999965340607,12.36295299459151,-0.030097916654698943,5.3992656972848065,0.8180617663286269
0.4,6,0.6,200,3,0.8,0.03123090540065642,0.9999955228381465,13.234695403688187,-0.2066716124570839,11.382432399600857,0.19141676160000776
0.4,6,0.7,200,3,0.8,0.004665133477490665,0.9999998964029974,12.644856198188732,-0.09092603542937328,8.42037414378487,0.5574958450344523
0.4,6,0.8,200,3,0.8,0.0019437110788086346,0.9999999839451892,12.795100631768198,-0.07294502710582337,9.151481714380392,0.4773181645568224
0.4,6,0.9,200,3,0.8,0.001470902336493722,0.9999999909206337,12.68853096601305,-0.045613273098373305,9.690410267103672,0.41394428735531996
0.4,6,0.6,200,5,0.8,0.1421989684997682,0.9999120996630527,13.012137834811984,-0.1632532191089497,10.927880089988372,0.2547080733810311
0.4,6,0.7,200,5,0.8,0.05122393208427144,0.9999890169288037,13.137054387271323,-0.1535806422520233,8.91503899445165,0.5039778514661347
0.4,6,0.8,200,5,0.8,0.019556345235525373,0.9999982733104531,12.581023525957866,-0.028136949636615304,8.725057579395683,0.5248932744269563
0.4,6,0.9,200,5,0.8,0.006809601357352825,0.999999808424144,12.776070287116383,-0.08795760228126123,10.868438702788197,0.2627939416607059
0.4,6,0.6,200,10,0.8,0.7189796801298438,0.9978652993642099,13.095863920037804,-0.1045803618819396,9.480543589493728,0.43905400239332826
0.4,6,0.7,200,10,0.8,0.3763538166036497,0.9994144248986858,13.086622205093068,-0.1437509411874863,9.011086917076325,0.4932322929471622
0.4,6,0.8,200,10,0.8,0.2189728622361098,0.9997946660200631,12.891776095742381,-0.09275033741634557,9.608925161176638,0.4237589451945719
0.4,6,0.9,200,10,0.8,0.10541939354099075,0.9999515372935528,12.827280300040965,-0.07207976258243234,11.584484181190941,0.1624553349137341
0.4,6,0.6,300,1,0.8,0.0007133944628398353,0.9999999978172494,13.27565823397354,-0.2399658692575782,8.14785047163353,0.5856754422241712
0.4,6,0.7,300,1,0.8,0.0007128652683758925,0.9999999977491731,12.337719837013102,-0.01543768092799187,6.073358198721341,0.7697962643370091
0.4,6,0.8,300,1,0.8,0.0007877254643116852,0.9999999973720204,12.189162718016856,0.03592678860514131,5.957434294082186,0.7785003230528221
0.4,6,0.9,300,1,0.8,0.0008548072540126361,0.9999999968617193,12.363059399045369,-0.030112141764202717,5.399342178461409,0.8180566119430075
0.4,6,0.6,300,3,0.8,0.003617951698372402,0.9999999404071795,13.245725694639413,-0.20822696843870975,11.379309196672573,0.19186043180752244
0.4,6,0.7,300,3,0.8,0.0010735444821267002,0.9999999950536761,12.647587364838646,-0.09132107005476334,8.425432933264466,0.5569639903308883
0.4,6,0.8,300,3,0.8,0.0011483351654227605,0.9999999942803752,12.795879107371661,-0.07306624184301838,9.153927435788807,0.4770387551647276
0.4,6,0.9,300,3,0.8,0.0012345332002354974,0.9999999935000277,12.68879956183984,-0.04565984751652972,9.690662447486188,0.41391378427593306
0.4,6,0.6,300,5,0.8,0.02940581779367219,0.9999961562558219,13.06953155384823,-0.17295702466092194,10.95389237774874,0.2511557244130934
0.4,6,0.7,300,5,0.8,0.008532052246792193,0.9999996667558028,13.162279168156577,-0.15825648561319114,8.963975657595654,0.498517350253319
0.4,6,0.8,300,5,0.8,0.0022300079393067487,0.9999999793499553,12.593664462042518,-0.03066881169830653,8.747923858382608,0.5223997301260619
0.4,6,0.9,300,5,0.8,0.00185366550737045,0.9999999851701062,12.780220150850536,-0.08885743537294107,10.872582739133227,0.2622316546190173
0.4,6,0.6,300,10,0.8,0.2596497017547773,0.9997210967701035,13.250161432632783,-0.13493839007246597,9.850277278812891,0.3944479391645651
0.4,6,0.7,300,10,0.8,0.1146946573008312,0.9999457978410741,13.230363621199416,-0.17437302361658452,9.23067173353039,0.4682332382248994
0.4,6,0.8,300,10,0.8,0.04974477022147252,0.9999893808727883,12.989067245221829,-0.11317182052639085,9.722397961260889,0.41006880401577583
0.4,6,0.9,300,10,0.8,0.01937834536631064,0.9999983609698525,12.891731047531945,-0.08550835789083384,11.609454154367098,0.15884084390346842
0.4,6,0.6,400,1,0.8,0.0006767856572155661,0.999999998052018,13.275690552807848,-0.2399750972956219,8.147810023451719,0.5856795558572092
0.4,6,0.7,400,1,0.8,0.0006742213808967419,0.999999997985116,12.33775906068988,-0.015445053308812674,6.073335498662176,0.7697979851736477
0.4,6,0.8,400,1,0.8,0.0007542040922311887,0.9999999975876934,12.189244839436167,0.0359138385821894,5.957418993806063,0.778501460791553
0.4,6,0.9,400,1,0.8,0.0008148226802469759,0.9999999971597333,12.36314328849838,-0.030121838981709104,5.399303393317164,0.8180592258448391
0.4,6,0.6,400,3,0.8,0.0011268931248445296,0.9999999943533615,13.246568843910214,-0.20833420162626756,11.378560944655964,0.19196670753485168
0.4,6,0.7,400,3,0.8,0.0009619134797583286,0.9999999960701867,12.64774076361401,-0.09133871758559824,8.42533701178195,0.5569740779855606
0.4,6,0.8,400,3,0.8,0.0010866485967605892,0.9999999948233874,12.795866416275882,-0.07306925551468815,9.153829744777102,0.477049917224038
0.4,6,0.9,400,3,0.8,0.0011860216840349467,0.9999999939358755,12.688848531840959,-0.04566415649437494,9.690563348052663,0.4139257711788541
0.4,6,0.6,400,5,0.8,0.007219837515526779,0.9999997722568009,13.081459987135677,-0.1745945066895616,10.960143111012446,0.25030083900882183
0.4,6,0.7,400,5,0.8,0.0019215454654497228,0.9999999839313622,13.16668212599825,-0.1590611948668525,8.969711159288021,0.49787540858229673
0.4,6,0.8,400,5,0.8,0.0014909413360167398,0.9999999905307998,12.594368659146257,-0.030804175568456826,8.750463140560123,0.5221224213866074
0.4,6,0.9,400,5,0.8,0.0015734498475321744,0.9999999894634538,12.780498072939839,-0.08890815680467454,10.872497336640674,0.2622432446909767
0.4,6,0.6,400,10,0.8,0.10601892924363303,0.9999515037509801,13.303226039813874,-0.14440225168890378,9.917709195812673,0.38612872094282724
0.4,6,0.7,400,10,0.8,0.03986708266508219,0.999993480111824,13.287987858190027,-0.18759515963623388,9.287878328638556,0.4616216217294109
0.4,6,0.8,400,10,0.8,0.013770646411736392,0.9999991841741753,13.017194835644384,-0.11965400936438612,9.75669589397718,0.40589923401765493
0.4,6,0.9,400,10,0.8,0.004828487213130188,0.9999999039832199,12.904904995937304,-0.08843799469733207,11.613073495251891,0.15831628585820445
0.4,7,0.6,100,1,0.8,0.020210577845637116,0.9999979639701462,13.290368154028112,-0.24798985766476994,7.941560729500582,0.6063898422618852
0.4,7,0.7,100,1,0.8,0.004420170542930398,0.9999999020158901,12.379328113288986,-0.029328003503637245,6.057949322870127,0.7709628943446105
0.4,7,0.8,100,1,0.8,0.0019423287720373866,0.9999999821977269,12.197233401320277,0.03173155740950153,5.953670537955784,0.7787801104172902
0.4,7,0.9,100,1,0.8,0.0011417773429663262,0.9999999944794776,12.453298122920723,-0.06287871206191835,5.33851681908597,0.8221328257461218
0.4,7,0.6,100,3,0.8,0.2867283138071771,0.9996267625650225,13.162310841312296,-0.19564643402623785,11.264643194681177,0.20806514983615754
0.4,7,0.7,100,3,0.8,0.10963519609205845,0.9999479445453996,12.59573890055719,-0.08293804783394469,8.157449897804675,0.5846985904910729
0.4,7,0.8,100,3,0.8,0.053645030078621724,0.9999871139522982,12.778031419013534,-0.06968598195920757,9.00870933211477,0.49349968007493106
0.4,7,0.9,100,3,0.8,0.029761525342745294,0.9999961417208555,12.694843723012104,-0.0509169709296247,9.620335669562873,0.42238957093592555
0.4,7,0.6,100,5,0.8,0.7485215219258358,0.9976650495298156,12.875725530413565,-0.1473738586291285,10.387609629043302,0.32658030224476897
0.4,7,0.7,100,5,0.8,0.4431990144604142,0.9991803281168158,13.046382036534288,-0.13912367639102247,8.593164494273033,0.5391486907851804
0.4,7,0.8,100,5,0.8,0.24255046110514727,0.9997394246768831,12.488353113541539,-0.00916937869603467,8.668987454496532,0.5309800415840186
0.4,7,0.9,100,5,0.8,0.13736347896115564,0.9999198541203693,12.7007643834776,-0.07390402010891842,11.01588856451036,0.24265520860235168
0.4,7,0.6,100,10,0.8,2.320265539399311,0.9777169478920593,13.068351620421932,-0.11715082121412712,8.206786300802802,0.5796598986629531
0.4,7,0.7,100,10,0.8,1.6657681163315892,0.9885934800062994,12.953021201881828,-0.1047948888972274,7.946795788279193,0.6058707373795786
0.4,7,0.8,100,10,0.8,1.1754722397300459,0.9943150013528964,12.668817621668364,-0.0419376732528207,8.594194967085842,0.5390381556687257
0.4,7,0.9,100,10,0.8,0.747461507232479,0.9976799352607477,12.554354341812095,-0.013061599436396575,11.262722611078598,0.208335171247493
0.4,7,0.6,200,1,0.8,0.0008681137653395449,0.9999999967984141,13.294845890748196,-0.24819755439094937,7.9567551285658125,0.6048822315155129
0.4,7,0.7,200,1,0.8,0.0007685587140023503,0.9999999974778557,12.381091432520222,-0.029564437648048413,6.062574829262824,0.7706130013383921
0.4,7,0.8,200,1,0.8,0.0008375608665388848,0.9999999970445671,12.198171071024252,0.03157239721812248,5.954156283686601,0.7787440113420003
0.4,7,0.9,200,1,0.8,0.0008707778996711348,0.9999999968380179,12.453550721954466,-0.06291021883146963,5.33831092541674,0.8221465452941454
0.4,7,0.6,200,3,0.8,0.03115547772561782,0.999995534121154,13.227784502767193,-0.20388179282325497,11.440765110594208,0.1831078674925929
0.4,7,0.7,200,3,0.8,0.004562392862664454,0.9999999003324778,12.645453860155985,-0.0910398222673476,8.268226591661495,0.5733425681219684
0.4,7,0.8,200,3,0.8,0.0019358546441220151,0.9999999842715421,12.794184848030499,-0.07308217472606478,9.053337984660505,0.4884689000812861
0.4,7,0.9,200,3,0.8,0.0014577871881984057,0.9999999911298337,12.715847334306499,-0.0554486972243764,9.63597005828822,0.4205106502263365
0.4,7,0.6,200,5,0.8,0.1422005857964731,0.9999120982361978,13.012077521791374,-0.16322960158840238,10.914130764935713,0.2565823279271432
0.4,7,0.7,200,5,0.8,0.05119454034112424,0.999989029525427,13.134801803987235,-0.15336115008369983,8.923347969608745,0.503052817635581
0.4,7,0.8,200,5,0.8,0.01854171352602854,0.9999983968002238,12.568531967587491,-0.026533017346242648,8.921219521810242,0.5032898587086054
0.4,7,0.9,200,5,0.8,0.00686302809685249,0.999999804944751,12.76299226433696,-0.08689226838006012,11.070202144857952,0.23516865637144602
0.4,7,0.6,200,10,0.8,0.7189796801298438,0.9978652993642099,13.095863920037804,-0.1045803618819396,9.50776363012176,0.43582826065425184
0.4,7,0.7,200,10,0.8,0.3763538166036497,0.9994144248986858,13.086622205093068,-0.1437509411874863,9.03833719822856,0.49016264257982534
0.4,7,0.8,200,10,0.8,0.21915402954927327,0.9997942452756666,12.893224638965398,-0.09297712899556902,9.587468566850752,0.42632954821843105
0.4,7,0.9,200,10,0.8,0.10443871971239375,0.9999521763284834,12.831419146591191,-0.07264257335775157,11.658065693872713,0.15178182990403222
0.4,7,0.6,300,1,0.8,0.0006994097583801378,0.9999999979096004,13.294999623964483,-0.2482031525629047,7.956771941435949,0.6048805617215728
0.4,7,0.7,300,1,0.8,0.0006925644305557958,0.9999999978901226,12.381195513296653,-0.02958101834393201,6.062667915888159,0.7706059571282564
0.4,7,0.8,300,1,0.8,0.0007793411619809053,0.9999999974190403,12.19822172936425,0.03156448242073544,5.95440172116468,0.7787257700905023
0.4,7,0.9,300,1,0.8,0.0008014961039100323,0.9999999972869011,12.453636551416459,-0.06292023458491984,5.3385421483770745,0.822131137913986
0.4,7,0.6,300,3,0.8,0.003617597949344558,0.999999940306672,13.238494152046304,-0.20532871528742405,11.442017862502983,0.1829289600162185
0.4,7,0.7,300,3,0.8,0.0010708723930915114,0.9999999950809617,12.648160458097118,-0.09142402272333398,8.27332145713625,0.572816595126626
0.4,7,0.8,300,3,0.8,0.0011548848500418881,0.9999999942189456,12.795060483424397,-0.07323570549238281,9.055958792676481,0.48817269577411704
0.4,7,0.9,300,3,0.8,0.0012246857945423842,0.9999999936126815,12.716069120291536,-0.055492493436782905,9.636467786338098,0.42045078379849377
0.4,7,0.6,300,5,0.8,0.02939773694326146,0.9999961572030218,13.069594751173904,-0.17297682226795066,10.943223050072083,0.25261379495579184
0.4,7,0.7,300,5,0.8,0.008508819133332193,0.9999996674905027,13.160928530295815,-0.15829869822694553,8.98204096956803,0.49649401379746794
0.4,7,0.8,300,5,0.8,0.002159479549147062,0.9999999805273904,12.579873320832505,-0.02868605673103266,8.945058077987643,0.500631775324596
0.4,7,0.9,300,5,0.8,0.0018678267949754318,0.9999999847191747,12.767433852128818,-0.08784429833797502,11.075097096545848,0.23449213029991378
0.4,7,0.6,300,10,0.8,0.25939323544188453,0.9997217976314283,13.250368734287349,-0.13496773870373877,9.869107990194895,0.3921304662124595
0.4,7,0.7,300,10,0.8,0.11467392953734186,0.9999458191565023,13.230493516903021,-0.1743915798822883,9.250056235709714,0.4659974621650055
0.4,7,0.8,300,10,0.8,0.049559040085874105,0.9999894456630131,12.992659078112434,-0.11413637370033694,9.6917895203076,0.41377744679401984
0.4,7,0.9,300,10,0.8,0.019439721597070043,0.9999983502634151,12.895858210537744,-0.08605899432490545,11.672846943658588,0.14962955640364473
0.4,7,0.6,400,1,0.8,0.0006779744873998499,0.9999999980377415,13.295049714919983,-0.24821573994070456,7.956682090786119,0.6048894853247881
0.4,7,0.7,400,1,0.8,0.000669837055243341,0.9999999980161807,12.381314480822986,-0.029595697997615876,6.062664336761209,0.7706062279760646
0.4,7,0.8,400,1,0.8,0.0007537071751455891,0.9999999975860636,12.198322824943379,0.031547332474807385,5.954264651636911,0.7787359573793435
0.4,7,0.9,400,1,0.8,0.0007897647085736379,0.9999999973586341,12.453680377633791,-0.06292446208790406,5.33852967017999,0.822131969406952
0.4,7,0.6,400,3,0.8,0.0011192559793392752,0.9999999943984446,13.239438107501744,-0.20545932747627713,11.441452326962182,0.18300972746449984
0.4,7,0.7,400,3,0.8,0.0009567795902211667,0.9999999961203038,12.648345815857187,-0.09144608279716364,8.27318600442931,0.5728305829005027
0.4,7,0.8,400,3,0.8,0.001098420483987437,0.9999999947222117,12.795107112515751,-0.07324296364631211,9.055945555042051,0.4881741921099436
0.4,7,0.9,400,3,0.8,0.0011775292000054983,0.9999999940465129,12.716173079563493,-0.05551242416975175,9.636443625475321,0.42045368992381704
0.4,7,0.6,400,5,0.8,0.00721497145350084,0.9999997723947504,13.081713617051978,-0.17467282068721085,10.94800538074052,0.2519604172535198
0.4,7,0.7,400,5,0.8,0.0019117724488259152,0.9999999840117798,13.16530509602696,-0.15907557889933505,8.989700490919134,0.49563490855682146
0.4,7,0.8,400,5,0.8,0.0014268102971322996,0.9999999912941704,12.580572235061872,-0.028813242664996873,8.948482317611017,0.5002493778624071
0.4,7,0.9,400,5,0.8,0.0015780289472519201,0.9999999892871777,12.76772161082294,-0.087899586425996,11.075045108782987,0.23449931704470628
0.4,7,0.6,400,10,0.8,0.10594834163439644,0.9999515999171568,13.303814957689411,-0.14448578465989437,9.95152040934497,0.3819359960993123
0.4,7,0.7,400,10,0.8,0.039866916008823264,0.9999934801664214,13.287727627958276,-0.18755795570847944,9.297982852620814,0.46044955288183864
0.4,7,0.8,400,10,0.8,0.013553435387029902,0.999999211716746,13.019895653844353,-0.12031383311741181,9.726037828896509,0.40962700489926174
0.4,7,0.9,400,10,0.8,0.004885595485145632,0.9999999017120406,12.90865676995532,-0.08893063941527682,11.676003976701693,0.149169512569167
0.4,8,0.6,100,1,0.8,0.020212829201104163,0.9999979636551224,13.290745166273874,-0.24815289720093897,7.941560729500582,0.6063898422618852
0.4,8,0.7,100,1,0.8,0.004415988689622197,0.9999999021348979,12.379324739476164,-0.029327230736324084,6.047992042396324,0.7717151992288036
0.4,8,0.8,100,1,0.8,0.0019421806261930683,0.9999999821956556,12.19710412863282,0.03181831220868538,5.964646071446193,0.7779637251993569
0.4,8,0.9,100,1,0.8,0.0011378486845810374,0.9999999945300369,12.449387224054691,-0.061224849446847675,5.4302611308787885,0.815966873681138
0.4,8,0.6,100,3,0.8,0.28554978664353986,0.999628961908746,13.176168451893556,-0.20118831349720184,11.264643194681177,0.20806514983615754
0.4,8,0.7,100,3,0.8,0.1096357113573139,0.9999479438063397,12.595741192993893,-0.08293835545175872,8.200178107583067,0.5803365509342302
0.4,8,0.8,100,3,0.8,0.053700891183052005,0.9999870730783378,12.778791008346207,-0.06979951834348881,9.009063705043962,0.49345983118522596
0.4,8,0.9,100,3,0.8,0.029749003237844712,0.9999961444777987,12.691982295192641,-0.05029004679292779,9.8191204859902,0.3982726480461015
0.4,8,0.6,100,5,0.8,0.7485215219258358,0.9976650495298156,12.875725530413565,-0.1473738586291285,10.387609629043302,0.32658030224476897
0.4,8,0.7,100,5,0.8,0.4431990144604142,0.9991803281168158,13.046382036534288,-0.13912367639102247,8.593164494273033,0.5391486907851804
0.4,8,0.8,100,5,0.8,0.2428603010224509,0.9997387926300465,12.489287185712564,-0.009448494412009567,8.473943880253175,0.5518475841219752
0.4,8,0.9,100,5,0.8,0.1373496701706183,0.9999198773011516,12.701103722044556,-0.07395454426605859,11.013551666553054,0.24297649902935325
0.4,8,0.6,100,10,0.8,2.320265539399311,0.9777169478920593,13.068351620421932,-0.11715082121412712,8.206786300802802,0.5796598986629531
0.4,8,0.7,100,10,0.8,1.6657681163315892,0.9885934800062994,12.953021201881828,-0.1047948888972274,7.946795788279193,0.6058707373795786
0.4,8,0.8,100,10,0.8,1.1754722397300459,0.9943150013528964,12.668817621668364,-0.0419376732528207,8.594194967085842,0.5390381556687257
0.4,8,0.9,100,10,0.8,0.747461507232479,0.9976799352607477,12.554354341812095,-0.013061599436396575,11.257024487572496,0.20913601896512546
0.4,8,0.6,200,1,0.8,0.0008600172842284637,0.999999996842557,13.295435482862818,-0.2484523923839633,7.956768487767048,0.6048809047278646
0.4,8,0.7,200,1,0.8,0.0007519794505888688,0.9999999975750746,12.381101195562284,-0.029566673889621597,6.052808449201805,0.7713514585800993
0.4,8,0.8,200,1,0.8,0.0008427343043688525,0.9999999970160236,12.198047914707114,0.031665181246474904,5.965047058787809,0.7779338703756978
0.4,8,0.9,200,1,0.8,0.0008684018069782834,0.999999996852444,12.44969245232555,-0.061263762908026084,5.4304980563157965,0.8159508143871117
0.4,8,0.6,200,3,0.8,0.03118255197241867,0.9999955293025051,13.227838753210946,-0.20390345277868707,11.440765110594208,0.1831078674925929
0.4,8,0.7,200,3,0.8,0.004562492647188931,0.9999999003276786,12.64594027905002,-0.09110523264974164,8.314800597999975,0.5685224022254756
0.4,8,0.8,200,3,0.8,0.0019375931956167936,0.9999999842408197,12.794802755791975,-0.07317501084988583,9.054805310475214,0.48830307315318233
0.4,8,0.9,200,3,0.8,0.0014666966593388097,0.9999999910818383,12.712614905901146,-0.054770927460580585,9.833275170450896,0.3965365659175024
0.4,8,0.6,200,5,0.8,0.14220090136149038,0.999912097957781,13.012122595809057,-0.1632472517024876,10.914130764935713,0.2565823279271432
0.4,8,0.7,200,5,0.8,0.05119454034112424,0.999989029525427,13.134801803987235,-0.15336115008369983,8.937021609583939,0.5015286625584502
0.4,8,0.8,200,5,0.8,0.01873789495645937,0.9999983675271059,12.56845339284436,-0.026608417043280784,8.70425060631124,0.5271565822757183
0.4,8,0.9,200,5,0.8,0.0069253389758082776,0.9999998018067379,12.763358076353258,-0.08694950213050423,11.074179878997406,0.23461892073265378
0.4,8,0.6,200,10,0.8,0.7189796801298438,0.9978652993642099,13.095863920037804,-0.1045803618819396,9.50776363012176,0.43582826065425184
0.4,8,0.7,200,10,0.8,0.3763538166036497,0.9994144248986858,13.086622205093068,-0.1437509411874863,9.060698332915884,0.4876368141625602
0.4,8,0.8,200,10,0.8,0.21915402954927327,0.9997942452756666,12.893224638965398,-0.09297712899556902,9.580708906026445,0.427138197680175
0.4,8,0.9,200,10,0.8,0.10443871971239375,0.9999521763284834,12.831419146591191,-0.07264257335775157,11.659031940076215,0.15164121969085764
0.4,8,0.6,300,1,0.8,0.0007045149882649399,0.9999999978875292,13.295629209949013,-0.24847527011647902,7.956809747670299,0.6048768069291321
0.4,8,0.7,300,1,0.8,0.0006910040689785482,0.9999999978979037,12.381192741271612,-0.02958038339110791,6.053009617398145,0.7713362598242084
0.4,8,0.8,300,1,0.8,0.0007769025668069267,0.9999999974331933,12.19812037425331,0.031650338287185664,5.965334211419349,0.7779124896865893
0.4,8,0.9,300,1,0.8,0.0008073239444191738,0.9999999972494951,12.449771103697483,-0.06128020989053475,5.430720932242968,0.8159357067582247
0.4,8,0.6,300,3,0.8,0.0036143376566113985,0.9999999403448621,13.238437613289316,-0.20530613693430996,11.442017862502983,0.1829289600162185
0.4,8,0.7,300,3,0.8,0.0010704700732520433,0.9999999950860424,12.648673689018334,-0.0914930453180289,8.319476627805493,0.5680369619776758
0.4,8,0.8,300,3,0.8,0.0011481302638176193,0.9999999942961049,12.795693025183203,-0.07333219219476743,9.057331134164523,0.4880175592322159
0.4,8,0.9,300,3,0.8,0.001218179712664185,0.9999999937007737,12.712851776232451,-0.05481699819917481,9.833672895497473,0.39648774853526847
0.4,8,0.6,300,5,0.8,0.02940119023478104,0.9999961567608635,13.0694419541933,-0.1729166126087021,10.943223050072083,0.25261379495579184
0.4,8,0.7,300,5,0.8,0.008508819133332193,0.9999996674905027,13.160928530295815,-0.15829869822694553,8.98989200225585,0.49561341892836985
0.4,8,0.8,300,5,0.8,0.0021736475050159534,0.9999999802369679,12.580438604239566,-0.028947735132945174,8.727760788466009,0.5245988324127888
0.4,8,0.9,300,5,0.8,0.0018936983807888376,0.9999999841527982,12.7676548513213,-0.08787854267234552,11.079108787874242,0.23393745570862223
0.4,8,0.6,300,10,0.8,0.2593933043986446,0.9997217974435522,13.250368449006265,-0.1349676983144767,9.869107990194895,0.3921304662124595
0.4,8,0.7,300,10,0.8,0.11467392953734186,0.9999458191565023,13.230493516903021,-0.1743915798822883,9.280330794159966,0.4624962624627853
0.4,8,0.8,300,10,0.8,0.049506975605995554,0.9999894719599229,12.992287814831567,-0.11401185613079298,9.688368707267244,0.41419119986715913
0.4,8,0.9,300,10,0.8,0.019439721597070043,0.9999983502634151,12.895858210537744,-0.08605899432490545,11.683131902849032,0.14813037142880825
0.4,8,0.6,400,1,0.8,0.000678322861147408,0.9999999980362733,13.295684251606687,-0.2484899991603072,7.956762673284047,0.6048814822016035
0.4,8,0.7,400,1,0.8,0.0006694124262048391,0.9999999980182321,12.381305434569516,-0.029593625882423424,6.05293270920369,0.771342070488583
0.4,8,0.8,400,1,0.8,0.0007492258735851716,0.9999999976102218,12.198276654892734,0.03161592240351243,5.96525252830465,0.7779185717181183
0.4,8,0.9,400,1,0.8,0.0007894393223525819,0.9999999973582643,12.449827549185889,-0.061289191358550224,5.430609781767119,0.8159432411628353
0.4,8,0.6,400,3,0.8,0.0011154671977436272,0.9999999944172169,13.239379454061089,-0.20543590441548262,11.441452326962182,0.18300972746449984
0.4,8,0.7,400,3,0.8,0.0009502749645335127,0.9999999961888657,12.648826730788837,-0.09151075942348774,8.319508920522965,0.5680336085726378
0.4,8,0.8,400,3,0.8,0.0010988767581292136,0.9999999947301506,12.795727179532381,-0.07333676149441448,9.057411016588505,0.48800852818804774
0.4,8,0.9,400,3,0.8,0.001153350851277174,0.9999999943154128,12.71295715924641,-0.05483918738338704,9.833787655382404,0.3964736623639269
0.4,8,0.6,400,5,0.8,0.007222109515511954,0.999999772136665,13.08121335208028,-0.1744756159086496,10.94800538074052,0.2519604172535198
0.4,8,0.7,400,5,0.8,0.0019117724488259152,0.9999999840117798,13.16530509602696,-0.15907557889933505,8.997168520130675,0.49479657634263885
0.4,8,0.8,400,5,0.8,0.0014354680390783682,0.999999991158416,12.581194743142913,-0.029092839742044442,8.731496435184333,0.5241917839336594
0.4,8,0.9,400,5,0.8,0.0015858670150316987,0.9999999891419284,12.767983184891305,-0.08794042142588095,11.079244887695175,0.2339186344085541
0.4,8,0.6,400,10,0.8,0.10595785655633512,0.9999515869729534,13.303260869278791,-0.144407191712231,9.95152040934497,0.3819359960993123
0.4,8,0.7,400,10,0.8,0.039866916008823264,0.9999934801664214,13.287727627958276,-0.18755795570847944,9.326836246337942,0.4570957036152461
0.4,8,0.8,400,10,0.8,0.013519564160425263,0.9999992159829689,13.02053918103007,-0.12053157086727569,9.721914533939815,0.41012746891894025
0.4,8,0.9,400,10,0.8,0.004885595485145632,0.9999999017120406,12.90865676995532,-0.08893063941527682,11.686279305069373,0.14767132713600828
0.01,3,0.6,100,1,1.0,10.386764143985815,0.5568266670589664,14.162315236180394,-0.2724067149563316,7.325691606880072,0.6650717047448064
0.01,3,0.7,100,1,1.0,10.011866818702838,0.5883333373095686,14.042918650377313,-0.25549780223239926,7.029965845648835,0.6915668814421021
0.01,3,0.8,100,1,1.0,9.651781282449974,0.617480194431517,13.982403848245003,-0.24774829433383733,7.151972731607615,0.6807681058171313
0.01,3,0.9,100,1,1.0,9.35168317124977,0.6406193371052058,13.856473585437644,-0.226885862009435,7.211527089706613,0.6754294933508103
0.01,3,0.6,100,3,1.0,12.036224624502388,0.404561381782243,14.12336377032907,-0.2806190232642474,7.517152436966628,0.6473358698719538
0.01,3,0.7,100,3,1.0,11.741103561759425,0.4335704208358943,13.986049735842315,-0.25668102069571275,7.1042390088332095,0.6850151230043549
0.01,3,0.8,100,3,1.0,11.448913431243547,0.461640049321301,13.827718536130032,-0.2316242249179165,6.772103286491427,0.7137788506023672
0.01,3,0.9,100,3,1.0,11.215277124952994,0.48333261340131733,13.795754722366814,-0.22006482762222251,6.457515010914267,0.7397531846646754
0.01,3,0.6,100,5,1.0,12.770034000914766,0.32934172130069184,14.374519786095068,-0.34661549968099403,8.49661073697019,0.5494468619133215
0.01,3,0.7,100,5,1.0,12.50932969429356,0.3567210467236509,14.23318233208656,-0.3180328352472686,8.080375249594214,0.592509362956341
0.01,3,0.8,100,5,1.0,12.257547483270779,0.3824705938440144,14.008002977006262,-0.27993661607478326,7.713651105244548,0.6286575846609785
0.01,3,0.9,100,5,1.0,12.037957288733322,0.404273822763094,13.827217154428297,-0.24709260696780094,7.332540371623478,0.6644451653059802
0.01,3,0.6,100,10,1.0,13.710456860089062,0.22644437158447114,14.848668740404282,-0.46697573679240884,10.03762145223458,0.3711946889144382
0.01,3,0.7,100,10,1.0,13.507108217200448,0.24941056676106815,14.744695288054348,-0.4428963877968899,9.664866331373213,0.4170299025876598
0.01,3,0.8,100,10,1.0,13.31725111361618,0.27037518127517834,14.563929658674684,-0.40759469036868123,9.299862811825765,0.46023134740874727
0.01,3,0.9,100,10,1.0,13.133937566675353,0.2901823590331815,14.38489389847085,-0.3722022856089268,9.00294140191956,0.4941480578020264
0.01,3,0.6,200,1,1.0,7.409205357114604,0.7741082394636086,13.112552985745921,-0.07085065690856833,4.942515725572076,0.8475418328131183
0.01,3,0.7,200,1,1.0,6.896934519542855,0.8043589444947987,13.090391252439868,-0.07101357528826288,5.221175667650863,0.8298659714240302
0.01,3,0.8,200,1,1.0,6.399621247704802,0.8317085287360548,13.105083525114003,-0.08065209845306538,5.632782319257841,0.8019838961387835
0.01,3,0.9,200,1,1.0,6.047651441190248,0.849674841652309,13.167866687458385,-0.09983300060697138,5.494487046560603,0.8115878598721218
0.01,3,0.6,200,3,1.0,9.855045447033469,0.6010934092383117,13.296285322174034,-0.11283000987650409,5.034658572784578,0.841804318763337
0.01,3,0.7,200,3,1.0,9.42149744561889,0.6355759467920791,13.20480868371359,-0.10178118533794837,4.822830856996098,0.8548360969144314
0.01,3,0.8,200,3,1.0,8.96797837666651,0.6702262679330122,13.095855702989137,-0.09328236004588712,4.9093285834097165,0.8495823580508082
0.01,3,0.9,200,3,1.0,8.63550625343107,0.6942973732493639,13.012753407753006,-0.08186273786866072,5.032063543731322,0.8419673552769703
0.01,3,0.6,200,5,1.0,10.926003365852143,0.5095007208919586,13.469555398888541,-0.1551086393883208,5.756280136962501,0.7932057696837127
0.01,3,0.7,200,5,1.0,10.551158598321601,0.5427258880906927,13.359340306035753,-0.1397161651755353,5.300149978585231,0.8246802297002311
0.01,3,0.8,200,5,1.0,10.163900707642929,0.5760714632627512,13.201787296377026,-0.11920581165258501,4.982144822601298,0.8450872119945705
0.01,3,0.9,200,5,1.0,9.8551686748838,0.6015098911117432,13.11827235138858,-0.10867553263021064,4.919437685436974,0.848962251724269
0.01,3,0.6,200,10,1.0,12.29944585836235,0.37810581932979714,14.090350275806966,-0.2816474430530295,7.762305462434311,0.6239582776781771
0.01,3,0.7,200,10,1.0,11.981207803470408,0.4099562234696954,13.940514630110693,-0.2541711134258065,7.151379706810867,0.6808210435414757
0.01,3,0.8,200,10,1.0,11.660033319341277,0.44133209901387227,13.700559213150672,-0.21489425064869444,6.676311778078323,0.7218187884500684
0.01,3,0.9,200,10,1.0,11.390040016010943,0.4668791565933594,13.467544587623248,-0.1821860034697288,6.332651979504189,0.7497201893894427
0.01,3,0.6,300,1,1.0,5.51844876736747,0.8746036403805544,12.757520545077261,-0.01968667281549854,4.348586603189422,0.8819813011954505
0.01,3,0.7,300,1,1.0,4.956617751168794,0.8989409845486882,12.684000737741062,-0.011442639450497926,4.7709417004890415,0.8579429491921119
0.01,3,0.8,300,1,1.0,4.4439952417544095,0.9187241370838762,12.769159136364209,-0.03528716825433644,5.353920127438969,0.821104938961819
0.01,3,0.9,300,1,1.0,4.079080231008726,0.9314505960786414,12.85884269494091,-0.06249186526788595,5.003840414908031,0.843735086486736
0.01,3,0.6,300,3,1.0,8.344905369710483,0.7140226331902831,12.812900914543832,-0.033755795964024296,4.479022393293545,0.8747951816651423
0.01,3,0.7,300,3,1.0,7.811074177147601,0.7496493739658795,12.714410518396713,-0.02215392881846596,4.509809920625534,0.8730680212966673
0.01,3,0.8,300,3,1.0,7.267835346013216,0.7834608672179953,12.597536302722911,-0.01744694470436827,4.885474411617336,0.8510405497541613
0.01,3,0.9,300,3,1.0,6.859688762621626,0.8070538911538054,12.622767715890314,-0.027712994115332103,4.9490945980063215,0.8471356953614406
0.01,3,0.6,300,5,1.0,9.625304652983056,0.6195098267756352,13.051150482199272,-0.08049809688533764,4.604810555749314,0.8676639673786362
0.01,3,0.7,300,5,1.0,9.162251357667458,0.6555120055428045,12.946905554564381,-0.06684276826867715,4.386293285966963,0.8799257427017868
0.01,3,0.8,300,5,1.0,8.676092482835305,0.6913773384261865,12.751815710424951,-0.0415225826375788,4.414766366249544,0.8783617886405852
0.01,3,0.9,300,5,1.0,8.324074140831188,0.7159549026258778,12.732067307911773,-0.045309614935081455,4.519436510744919,0.8725255477537694
0.01,3,0.6,300,10,1.0,11.227469676577872,0.48205945394376376,13.595868331210847,-0.17883355457262357,6.233880221356816,0.7574666409169616
0.01,3,0.7,300,10,1.0,10.845745623772968,0.5167652100903151,13.407526434498985,-0.1518811910923349,5.618579675056036,0.8029812031678858
0.01,3,0.8,300,10,1.0,10.452134549092193,0.5513322128056203,13.15564384703992,-0.11815505655154487,5.05754564107793,0.8403627652455161
0.01,3,0.9,300,10,1.0,10.148556911764908,0.5769708439306266,13.110020871128095,-0.11727451033775356,4.676148288992394,0.8635319063493636
0.01,3,0.6,400,1,1.0,4.169470448400124,0.9284979917351859,12.664080267315686,-0.010395248305588222,4.344064517766998,0.8822266283301107
0.01,3,0.7,400,1,1.0,3.6043621809107704,0.946564440850939,12.544756401477551,0.004622359574073887,4.76728684835586,0.8581605157348203
0.01,3,0.8,400,1,1.0,3.1783167660600085,0.958381744539446,12.65183318450757,-0.022027677964843728,5.1683295318603015,0.8332925656288983
0.01,3,0.9,400,1,1.0,2.90381219686288,0.9651194829196704,12.729895631301648,-0.05086479517123523,4.866936798605691,0.8521688388515569
0.01,3,0.6,400,3,1.0,7.112122697823236,0.7924454609486931,12.615407532968042,-0.007467685007859682,4.435891492189037,0.8771948999408425
0.01,3,0.7,400,3,1.0,6.526270880482054,0.8253218772161205,12.492303296503252,0.0070013357117838515,4.5291799457365265,0.8719753119493372
0.01,3,0.8,400,3,1.0,5.972794501138128,0.8537474276570279,12.480412635140008,-0.0025488490344551585,4.846192528972616,0.8534263501475958
0.01,3,0.9,400,3,1.0,5.519529476220884,0.8751025812021463,12.526000375441779,-0.02013019407797425,5.1574047334517745,0.8339965920387655
0.01,3,0.6,400,5,1.0,8.543150875621093,0.7004637090664196,12.776739568705668,-0.035084187847821344,4.4879525282078845,0.8742954250514275
0.01,3,0.7,400,5,1.0,8.022906866840694,0.7359906494745676,12.62840312690971,-0.01825027647319675,4.401204763476631,0.8791079551521372
0.01,3,0.8,400,5,1.0,7.511694963200741,0.7686687679581724,12.473756745522362,0.002476689522949682,4.401294724954559,0.8791030129879988
0.01,3,0.9,400,5,1.0,7.104624024851555,0.7930555976735523,12.543260356413104,-0.020927810510338186,4.582371447544544,0.8689505642406044
0.01,3,0.6,400,10,1.0,10.325394775274715,0.5621613514520417,13.210963386299223,-0.11510350150166093,5.172808834832166,0.833003475433692
0.01,3,0.7,400,10,1.0,9.908765192992513,0.5968216152995555,13.092649220676416,-0.10025121823242664,4.653956947857088,0.8648240912646765
0.01,3,0.8,400,10,1.0,9.503324502087853,0.6292185046691886,12.952696052350916,-0.08361982724087551,4.396292760639906,0.8793776498057536
0.01,3,0.9,400,10,1.0,9.174324643234987,0.6544622242134045,12.888793933434062,-0.07966637415789576,4.469155121967962,0.875346225612432
0.01,4,0.6,100,1,1.0,10.321946024640972,0.5624820909626014,14.139024212584454,-0.269233096717375,7.3563471693970595,0.6622627144976541
0.01,4,0.7,100,1,1.0,9.93343692420709,0.5949419495456448,14.047020365126155,-0.2554052775850411,6.9884253178316715,0.6952012147935818
0.01,4,0.8,100,1,1.0,9.536619616755377,0.6266362501830487,13.924794887641323,-0.23756158824785573,7.187091580772574,0.6776253136411173
0.01,4,0.9,100,1,1.0,9.207278387304877,0.651600633993884,13.815883280751,-0.22482164445464092,7.1211295098694665,0.6835155741013947
0.01,4,0.6,100,3,1.0,12.018757102297053,0.4063729947426021,14.128412128926755,-0.2815950916109969,7.523912792525746,0.6467012660143148
0.01,4,0.7,100,3,1.0,11.722581598986622,0.43540968950974895,13.986206749610247,-0.25654609254097194,7.089646385040132,0.6863077977236237
0.01,4,0.8,100,3,1.0,11.423881839306336,0.46404552101700663,13.84608403417181,-0.23525923876877314,6.768331477797565,0.7140975908027213
0.01,4,0.9,100,3,1.0,11.181376014659806,0.48650635402360665,13.82757970659361,-0.22580555715566625,6.437852058820007,0.7413356602012522
0.01,4,0.6,100,5,1.0,12.761172726051075,0.33032276470089544,14.384860124063199,-0.3483421403173331,8.496305875495322,0.5494791933532897
0.01,4,0.7,100,5,1.0,12.499833609318324,0.3577209944469841,14.244705609992234,-0.3196804745681966,8.084837471978702,0.5920591819067569
0.01,4,0.8,100,5,1.0,12.244977318632912,0.3837639338060543,14.033649273351761,-0.2840326862846664,7.7139447329339665,0.628629313096916
0.01,4,0.9,100,5,1.0,12.020533854077504,0.4060251211288083,13.846343722907566,-0.25111001701887264,7.328321223142945,0.664831211147077
0.01,4,0.6,100,10,1.0,13.708292576636623,0.22668992665841356,14.849857334622687,-0.467081522057191,10.03753662422703,0.3712053169454992
0.01,4,0.7,100,10,1.0,13.504040075017546,0.24975529697006077,14.750906906058944,-0.44404404937771913,9.664953672145801,0.4170193660138418
0.01,4,0.8,100,10,1.0,13.312427303753315,0.2709111709591077,14.577892246948982,-0.41006131480261665,9.299810811704303,0.46023738361758026
0.01,4,0.9,100,10,1.0,13.126998284443754,0.2909382799811432,14.408752387511688,-0.3765563668308963,9.00268489967917,0.4941768817835024
0.01,4,0.6,200,1,1.0,7.268530053706002,0.7826834472200954,13.10684971543788,-0.06778657496107336,4.936285257223683,0.8479259639444068
0.01,4,0.7,200,1,1.0,6.7186560150747825,0.8144269145836709,13.078663526665347,-0.06611303519575788,5.1986125885829715,0.8313332474913796
0.01,4,0.8,200,1,1.0,6.122280923636131,0.8460326639647734,13.059076545344237,-0.06962313315000038,5.475341078264448,0.8128986456887948
0.01,4,0.9,200,1,1.0,5.641160959296742,0.8692644249829803,13.072809022245579,-0.08471651201807077,5.39597977125279,0.8182831496403937
0.01,4,0.6,200,3,1.0,9.821880267150709,0.603845191474785,13.283383158488395,-0.11059855160117926,4.963625225965339,0.8462367531178187
0.01,4,0.7,200,3,1.0,9.377624434102591,0.6390304759789543,13.200462469495648,-0.09922381964505751,4.788210624530806,0.8569127072265794
0.01,4,0.8,200,3,1.0,8.907915120961821,0.6746941474872836,13.080232054739437,-0.09142288073417901,4.879846916699601,0.8513835198262467
0.01,4,0.9,200,3,1.0,8.540981202295788,0.7010120692851212,12.994664605849072,-0.0810682608277856,4.922731539898301,0.848759926603218
0.01,4,0.6,200,5,1.0,10.905364905708968,0.5113896535456298,13.487504076558531,-0.15818735214851073,5.777236451561874,0.7916973186080639
0.01,4,0.7,200,5,1.0,10.528518508153764,0.5447222241785045,13.368437119549279,-0.1403549071911344,5.273285687370639,0.8264529739639878
0.01,4,0.8,200,5,1.0,10.131829999192124,0.5787764099330828,13.22944287737756,-0.12284931937523189,4.954551215682354,0.8467984288654031
0.01,4,0.9,200,5,1.0,9.814153249410989,0.6048747488834354,13.114619339889146,-0.11026900460418543,4.892202936018616,0.8506299581084095
0.01,4,0.6,200,10,1.0,12.292464602169412,0.37881331881125824,14.091341574981541,-0.28153875708786436,7.760791361328775,0.624104963391741
0.01,4,0.7,200,10,1.0,11.972396297613948,0.4108376701590629,13.93709521531485,-0.2536911320018362,7.138920380735807,0.6819322390458995
0.01,4,0.8,200,10,1.0,11.649377012154096,0.44235343286907397,13.716475670597092,-0.21747800037870996,6.672510511788081,0.7221354722304664
0.01,4,0.9,200,10,1.0,11.373985006845022,0.4683775566403347,13.496079506607646,-0.18698174745659266,6.3033078865103676,0.7520342967465947
0.01,4,0.6,300,1,1.0,5.331705831527566,0.8829961411025303,12.723231336987169,-0.011421616834061576,4.172787247774196,0.8913306523625713
0.01,4,0.7,300,1,1.0,4.6970910055988195,0.909312687090261,12.712182900010763,-0.010114971373003013,4.517711960210367,0.8726228139466331
0.01,4,0.8,300,1,1.0,4.035072636825008,0.9331055182930286,12.68779339862357,-0.011711893195340805,4.963450079059972,0.846247604332597
0.01,4,0.9,300,1,1.0,3.5538858047243744,0.9481069837916453,12.6842693782592,-0.01955075177763981,4.802639084725247,0.8560490694192171
0.01,4,0.6,300,3,1.0,8.292085274420288,0.7176772522603289,12.798371835350968,-0.029837787045810173,4.420292081371263,0.8780571026450646
0.01,4,0.7,300,3,1.0,7.736142288243225,0.7544844041615536,12.716740851889357,-0.01897688495247054,4.453316186688161,0.8762282197921868
0.01,4,0.8,300,3,1.0,7.149177273782543,0.7904989465039722,12.619394741371936,-0.016340093332265472,4.770978392889466,0.8579407641164758
0.01,4,0.9,300,3,1.0,6.687742170019964,0.8167631231885555,12.577228928545733,-0.012108054610095032,4.70189483880052,0.8620250014677193
0.01,4,0.6,300,5,1.0,9.596731860139773,0.6217947960359135,13.078655832921347,-0.0840736771744168,4.615073122630332,0.8670734454666785
0.01,4,0.7,300,5,1.0,9.128526012842762,0.6580920318330069,12.947435771872867,-0.06621880201511146,4.391207070288228,0.8796565634876092
0.01,4,0.8,300,5,1.0,8.630283189911857,0.6946760748370358,12.779590883794791,-0.046100605818238605,4.406196707131354,0.8788335627744286
0.01,4,0.9,300,5,1.0,8.23739415983314,0.7218041767423179,12.719485661854112,-0.04416267352460048,4.414000931512447,0.8784039643904273
0.01,4,0.6,300,10,1.0,11.217887022690244,0.4829424692879109,13.596446944886285,-0.17865838070949858,6.226470862571788,0.7580428306021441
0.01,4,0.7,300,10,1.0,10.830396232577387,0.5181378953881186,13.397183863429586,-0.1498976218027232,5.590350762888112,0.8049559566638692
0.01,4,0.8,300,10,1.0,10.434905759044103,0.5528152530961709,13.167854154043448,-0.1203401608192161,5.051827529542457,0.8407235360836267
0.01,4,0.9,300,10,1.0,10.12280223051319,0.5791213689467545,13.120702704902275,-0.11962542134224877,4.642083512208517,0.8655129481172366
0.01,4,0.6,400,1,1.0,3.9602994055644736,0.9355685598815275,12.629165299008289,-0.0033895731506118133,4.014434524664086,0.8994219218423888
0.01,4,0.7,400,1,1.0,3.307302553336026,0.9550683338964063,12.55949515578495,0.008311867119443895,4.382281384957452,0.8801452928770881
0.01,4,0.8,400,1,1.0,2.702717262703006,0.9699825259863581,12.540807092415216,0.008078935177448088,4.624439522939929,0.86653334275936
0.01,4,0.9,400,1,1.0,2.2650368127970557,0.9789017326090625,12.590370830788462,-0.008064966353055491,4.5200249522588845,0.8724923506315988
0.01,4,0.6,400,3,1.0,7.034315617247225,0.7969677394520982,12.618593114950446,-0.005785560679200952,4.333823679746419,0.8827812593077412
0.01,4,0.7,400,3,1.0,6.4088465303232764,0.8315499604045697,12.481494704139063,0.010544318266270336,4.405551406473363,0.8788690505482954
0.01,4,0.8,400,3,1.0,5.789720169021149,0.862597929950011,12.495563981805644,-0.0010310153770703545,4.597265419338841,0.8680972861324076
0.01,4,0.9,400,3,1.0,5.26244506856906,0.8865719139491308,12.4466622324506,0.005733932079871518,4.671553872104985,0.8637999403205141
0.01,4,0.6,400,5,1.0,8.505372279830528,0.7031161743345052,12.789457975668693,-0.037032053131429835,4.475173238267473,0.8750102847091827
0.01,4,0.7,400,5,1.0,7.979623091755215,0.7388561646841019,12.626771849235064,-0.01836226445438196,4.393462981277884,0.8795328827720915
0.01,4,0.8,400,5,1.0,7.4317737473490055,0.7735386299379882,12.499712694193068,-0.001193466242228558,4.277764233445832,0.8857941724956329
0.01,4,0.9,400,5,1.0,6.9748787075635,0.8005323734371809,12.467525710709433,-0.0008658200044493469,4.295506460793053,0.8848448598822316
0.01,4,0.6,400,10,1.0,10.310664933929328,0.5634185228983547,13.201295493847349,-0.1137677745366222,5.160648435712169,0.8337877137408708
0.01,4,0.7,400,10,1.0,9.887381498802005,0.5985693318793792,13.081275932460505,-0.09935119347506224,4.614001729800418,0.867135156309645
0.01,4,0.8,400,10,1.0,9.480087322110641,0.6310383458807445,12.93966685824023,-0.08341165456149927,4.389998995750166,0.8797227702688947
0.01,4,0.9,400,10,1.0,9.13980467395369,0.657079705629494,12.88198683213256,-0.08029950610558012,4.452983259174182,0.8762467253233686
0.01,5,0.6,100,1,1.0,10.314864907366907,0.5631162004918148,14.12357518997645,-0.2668774412127348,7.371769219332424,0.6608451465417178
0.01,5,0.7,100,1,1.0,9.916108095867248,0.5963655563683712,14.036592488372943,-0.25333504793935757,6.975345013708098,0.6963411367366894
0.01,5,0.8,100,1,1.0,9.521571540715218,0.6278127680092527,13.917887145712722,-0.23509355067725357,7.203338263521956,0.6761661868167368
0.01,5,0.9,100,1,1.0,9.189581018444802,0.6529553725148312,13.782945670302595,-0.21510841100414102,7.1054172212274445,0.6849106361310975
0.01,5,0.6,100,3,1.0,12.016508703365263,0.40658919758886897,14.126496377587847,-0.2807181980343344,7.525503329684347,0.6465518772120199
0.01,5,0.7,100,3,1.0,11.717833097692907,0.43588925890537145,13.98864698158863,-0.2562356054295944,7.090426894267408,0.6862387242825871
0.01,5,0.8,100,3,1.0,11.422975803509415,0.46411971219488757,13.837806048082433,-0.23270185465776888,6.768369830246157,0.7140943506870285
0.01,5,0.9,100,3,1.0,11.174876373102254,0.48709439685789774,13.834195683161704,-0.22347941647123645,6.437128663750185,0.7413937870403537
0.01,5,0.6,100,5,1.0,12.759884656930915,0.3304510180187747,14.380979540459853,-0.34712388831584373,8.496328990784928,0.5494767419507063
0.01,5,0.7,100,5,1.0,12.498778140666403,0.35782529226806686,14.240524208722338,-0.31820852503007485,8.084837471978702,0.5920591819067569
0.01,5,0.8,100,5,1.0,12.243393312568681,0.38391488058603584,14.024123396247912,-0.2811721074416621,7.714040452856859,0.6286200965947775
0.01,5,0.9,100,5,1.0,12.018688557166168,0.4061979974517687,13.833875709906295,-0.246682446585717,7.328323710180926,0.6648309836522323
0.01,5,0.6,100,10,1.0,13.708217582261621,0.22669811651714125,14.848908021944188,-0.4667127641623175,10.03753662422703,0.3712053169454992
0.01,5,0.7,100,10,1.0,13.504135697540088,0.2497459977041494,14.750513246965005,-0.4438437097991345,9.664953672145801,0.4170193660138418
0.01,5,0.8,100,10,1.0,13.312663016282082,0.27088529188439414,14.577447585592358,-0.40982228187543657,9.299810811704303,0.46023738361758026
0.01,5,0.9,100,10,1.0,13.126823589903774,0.2909562016864465,14.404793948578282,-0.375264345636525,9.00268489967917,0.4941768817835024
0.01,5,0.6,200,1,1.0,7.243290854043332,0.7841744957059358,13.086374590041007,-0.06435499519831342,4.894228883671651,0.8505062189467049
0.01,5,0.7,200,1,1.0,6.674974240897981,0.8168076978436462,13.050432806299009,-0.06115645142205097,5.1211226708810305,0.8363240263959486
0.01,5,0.8,200,1,1.0,6.070494259287525,0.8486281007194268,13.02326746888624,-0.06102080769593079,5.3912248698212135,0.8186032638931767
0.01,5,0.9,200,1,1.0,5.584793382244805,0.8719180565721091,13.034744630740358,-0.07436393806579529,5.294287397754182,0.825067863212954
0.01,5,0.6,200,3,1.0,9.81845448772253,0.6041240136921344,13.271562656811373,-0.10809829883630795,4.976576931983118,0.8454332699744579
0.01,5,0.7,200,3,1.0,9.371201958617768,0.6395633796939826,13.191485063462636,-0.09718563516476789,4.78377494531149,0.8571776894508987
0.01,5,0.8,200,3,1.0,8.902867944793034,0.6750575386612062,13.069189896015612,-0.08760870175440003,4.890260710933516,0.8507485356321247
0.01,5,0.9,200,3,1.0,8.527854725127145,0.7019329417000084,13.000146469755578,-0.07702653184048056,4.9090620480132925,0.8495986904420203
0.01,5,0.6,200,5,1.0,10.90388449897896,0.5115198661049942,13.47901907687888,-0.1561537291845274,5.7763196636459515,0.7917634243422913
0.01,5,0.7,200,5,1.0,10.526991676156333,0.5448534333471564,13.356394709358577,-0.13774172207463514,5.271847712292111,0.8265476103206602
0.01,5,0.8,200,5,1.0,10.129560516700431,0.5789640826805407,13.21397219811428,-0.11867420347988253,4.9530375769431245,0.8468920221701701
0.01,5,0.9,200,5,1.0,9.81067909572543,0.6051484510174489,13.104916544076195,-0.10422726337864663,4.886777381912406,0.8509610833176864
0.01,5,0.6,200,10,1.0,12.291956736542499,0.3788644671034037,14.092066103848236,-0.28107591655581154,7.760791361328775,0.624104963391741
0.01,5,0.7,200,10,1.0,11.972356968287261,0.4108444770473022,13.934132950987566,-0.25278788586307444,7.138920380735807,0.6819322390458995
0.01,5,0.8,200,10,1.0,11.649097067745346,0.44237856393860886,13.709266951676796,-0.21563848494717436,6.671957571066209,0.7221815227376127
0.01,5,0.9,200,10,1.0,11.373431975195587,0.4684256460060109,13.481059317838085,-0.18296116224947787,6.301347837461635,0.7521884854308332
0.01,5,0.6,300,1,1.0,5.2948558012370395,0.8845934608239574,12.694440331191554,-0.0066789604270908855,4.084682443429277,0.8958711259567754
0.01,5,0.7,300,1,1.0,4.639060508684695,0.9115468222553883,12.694518145303205,-0.00612439110804901,4.379931393311354,0.8802738022157327
0.01,5,0.8,300,1,1.0,3.9596042324509284,0.9355813563513165,12.646927158132144,-0.001976236372954343,4.829938479135244,0.8544079125202529
0.01,5,0.9,300,1,1.0,3.4459351436875396,0.9512225725395315,12.612467949544216,-0.0024495312843578975,4.6648499989762,0.864190565281749
0.01,5,0.6,300,3,1.0,8.28637156164275,0.7180614731818562,12.792904947043295,-0.028224858467209346,4.42263272165628,0.8779279256486229
0.01,5,0.7,300,3,1.0,7.725457521532483,0.7551675232411513,12.726834338968477,-0.020194501958102906,4.431721507819433,0.8774256786465983
0.01,5,0.8,300,3,1.0,7.120151830877276,0.7921099045048934,12.60366796354542,-0.011111585064638519,4.722772981024653,0.8607969615645548
0.01,5,0.9,300,3,1.0,6.631921004141704,0.8196726183125109,12.589446120291887,-0.01049113799683199,4.601472224150614,0.867855776103738
0.01,5,0.6,300,5,1.0,9.594492055322913,0.6219772200783943,13.056762253132899,-0.08005446972704063,4.612765525695495,0.8672063422656748
0.01,5,0.7,300,5,1.0,9.126352906029624,0.6582595112098548,12.93322925594116,-0.06344258989283225,4.394174943606809,0.8794938361252536
0.01,5,0.8,300,5,1.0,8.62707882267316,0.6949035379760428,12.764518157250675,-0.04157490672498694,4.408964482630173,0.8786812923026052
0.01,5,0.9,300,5,1.0,8.23063678267058,0.7222612467072266,12.716785127067888,-0.04018720605350164,4.3919705460079355,0.8796147129086621
0.01,5,0.6,300,10,1.0,11.21747058200648,0.48298303485115046,13.596226582726421,-0.1780828492546636,6.226233294204536,0.7580612937972216
0.01,5,0.7,300,10,1.0,10.83053170508081,0.518129712883859,13.3926280736179,-0.14869757534025224,5.590189422711371,0.8049672146287669
0.01,5,0.8,300,10,1.0,10.435145422718245,0.5527941174764468,13.157494893659514,-0.11751981190041305,5.05063805218182,0.8407985320895927
0.01,5,0.9,300,10,1.0,10.122108291531092,0.579174779260943,13.101533058832112,-0.11459985243192614,4.64116444095659,0.8655661961671338
0.01,5,0.6,400,1,1.0,3.9163155442772917,0.9369932048630133,12.621325061901155,-0.001184768228535149,3.88826007145246,0.9056449419605885
0.01,5,0.7,400,1,1.0,3.241503948514473,0.956855970190291,12.566738446408118,0.007066369842358022,4.1950937954901715,0.8901657153759102
0.01,5,0.8,400,1,1.0,2.6180056221047336,0.9718395180194896,12.489623384555395,0.01888757477984724,4.4212018938483855,0.87800689936203
0.01,5,0.9,400,1,1.0,2.149904034845853,0.9810025121818586,12.477136535519453,0.01649842381778379,4.275646703629375,0.8859072102306512
0.01,5,0.6,400,3,1.0,7.0243555645188875,0.7975194452708001,12.619327968339698,-0.005389021818123641,4.326757091567448,0.8831632135816191
0.01,5,0.7,400,3,1.0,6.394353543668181,0.8323064599164377,12.4991584530778,0.008821003177831166,4.359060388811969,0.8814121088252919
0.01,5,0.8,400,3,1.0,5.748460235662018,0.8644331101143721,12.454252764489032,0.010579833125984806,4.541453948783305,0.8712804821431521
0.01,5,0.9,400,3,1.0,5.182413008190258,0.889824332543912,12.376088606540893,0.02555377598482762,4.496369825354772,0.8738234570452356
0.01,5,0.6,400,5,1.0,8.503801384938972,0.7032290017114669,12.768215674807449,-0.03330388511230235,4.4908704354988345,0.87413191461688
0.01,5,0.7,400,5,1.0,7.976280752713842,0.7390710102119187,12.613145287515556,-0.015441448481473618,4.389616312202462,0.8797437388890935
0.01,5,0.8,400,5,1.0,7.415038666693095,0.7745182413526444,12.496211175734704,0.0012564938945819558,4.274533589602068,0.8859666079135088
0.01,5,0.9,400,5,1.0,6.937604030271376,0.8025551693052787,12.48416117584561,8.263390767742074e-05,4.240923030248549,0.8877528415197721
0.01,5,0.6,400,10,1.0,10.310371435993497,0.5634460737409246,13.200237335126388,-0.11281013322157445,5.160708840149172,0.8337838227498616
0.01,5,0.7,400,10,1.0,9.888554444949037,0.5984761009767242,13.07528089522981,-0.09795575335526215,4.616651787188683,0.8669824903178835
0.01,5,0.8,400,10,1.0,9.480893682172521,0.6309730028310967,12.928775877894537,-0.08042876663075098,4.388891608080639,0.8797834430490329
0.01,5,0.9,400,10,1.0,9.138698074030453,0.6571608296261405,12.875176687571534,-0.07708555993338681,4.453244754950514,0.876232190389402
0.01,6,0.6,100,1,1.0,10.314532903430205,0.5631438017281655,14.122611870366665,-0.26663310617219926,7.363750822816767,0.6615825540767326
0.01,6,0.7,100,1,1.0,9.914880969525155,0.5964687416676477,14.039672415052877,-0.2535770089438013,6.961799756918206,0.6975193275414634
0.01,6,0.8,100,1,1.0,9.517872453275308,0.6281039638661492,13.924502380160902,-0.23633899009214074,7.196077488539681,0.6768186896832817
0.01,6,0.9,100,1,1.0,9.186089605415543,0.6532198613369303,13.779520135681093,-0.21469520028112496,7.103778931765997,0.6850559191053178
0.01,6,0.6,100,3,1.0,12.01639548984257,0.406599612663996,14.126498052655617,-0.28071865602196555,7.525517980163287,0.6465505010411265
0.01,6,0.7,100,3,1.0,11.717833097692907,0.43588925890537145,13.98864698158863,-0.2562356054295944,7.090439360608566,0.6862376209756629
0.01,6,0.8,100,3,1.0,11.422906137867402,0.4641262987156898,13.835769163582693,-0.23239857740563447,6.768369830246157,0.7140943506870285
0.01,6,0.9,100,3,1.0,11.17481219119451,0.48710028209993456,13.82673909193564,-0.22238422915430736,6.4371388995898675,0.7413929646072537
0.01,6,0.6,100,5,1.0,12.75993214985937,0.3304463908745367,14.381103869590834,-0.3471619733926966,8.496328990784928,0.5494767419507063
0.01,6,0.7,100,5,1.0,12.498778140666403,0.35782529226806686,14.240524208722338,-0.31820852503007485,8.084837471978702,0.5920591819067569
0.01,6,0.8,100,5,1.0,12.243393312568681,0.38391488058603584,14.024123396247912,-0.2811721074416621,7.714040452856859,0.6286200965947775
0.01,6,0.9,100,5,1.0,12.018688557166168,0.4061979974517687,13.833875709906295,-0.246682446585717,7.328323710180926,0.6648309836522323
0.01,6,0.6,100,10,1.0,13.708217582261621,0.22669811651714125,14.848908021944188,-0.4667127641623175,10.03753662422703,0.3712053169454992
0.01,6,0.7,100,10,1.0,13.504135697540088,0.2497459977041494,14.750513246965005,-0.4438437097991345,9.664953672145801,0.4170193660138418
0.01,6,0.8,100,10,1.0,13.312663016282082,0.27088529188439414,14.577447585592358,-0.40982228187543657,9.299810811704303,0.46023738361758026
0.01,6,0.9,100,10,1.0,13.126823589903774,0.2909562016864465,14.404793948578282,-0.375264345636525,9.00268489967917,0.4941768817835024
0.01,6,0.6,200,1,1.0,7.241036399089478,0.7843106794322722,13.08832217387091,-0.06435817112317026,4.878507389617429,0.8514650996299202
0.01,6,0.7,200,1,1.0,6.669925600017931,0.8170888395614346,13.043344091827114,-0.059957248316821365,5.103364159775319,0.8374572161680475
0.01,6,0.8,200,1,1.0,6.062364341503125,0.8490506215681484,13.018790878843692,-0.06031244355998102,5.34975430361374,0.8213832230438914
0.01,6,0.9,200,1,1.0,5.575257561623177,0.8723776905057619,13.03799101169415,-0.07435856096821931,5.261062038244934,0.8272566168412636
0.01,6,0.6,200,3,1.0,9.818136763478842,0.6041481953290432,13.271770949652126,-0.10809400064658296,4.972775715687315,0.8456693025697762
0.01,6,0.7,200,3,1.0,9.371012671610178,0.6395789141174737,13.1921832926733,-0.09727022121974141,4.784950804765779,0.8571074689217584
0.01,6,0.8,200,3,1.0,8.902454857768515,0.6750877749519931,13.074294586834592,-0.08814794338578927,4.893459186835823,0.8505532358905699
0.01,6,0.9,200,3,1.0,8.527462814792333,0.7019601636290638,13.004817281437212,-0.07750920218473252,4.909163663107574,0.8495924639159438
0.01,6,0.6,200,5,1.0,10.903918981729316,0.5115170303616793,13.47928805699685,-0.15619908887438844,5.776228608601616,0.7917699893671815
0.01,6,0.7,200,5,1.0,10.527050647550166,0.544847843697603,13.356291548099898,-0.13771992075713255,5.271724077849628,0.8265557457749475
0.01,6,0.8,200,5,1.0,10.129556893130408,0.5789643541797433,13.21409098770167,-0.11868769405468912,4.953041447563457,0.8468917828733449
0.01,6,0.9,200,5,1.0,9.810597179518838,0.6051551998719427,13.11084227794419,-0.10491015003303494,4.886776544953499,0.8509611343695058
0.01,6,0.6,200,10,1.0,12.291956736542499,0.3788644671034037,14.092066103848236,-0.28107591655581154,7.760791361328775,0.624104963391741
0.01,6,0.7,200,10,1.0,11.972356968287261,0.4108444770473022,13.934132950987566,-0.25278788586307444,7.138920380735807,0.6819322390458995
0.01,6,0.8,200,10,1.0,11.649097067745346,0.44237856393860886,13.709266951676796,-0.21563848494717436,6.671957571066209,0.7221815227376127
0.01,6,0.9,200,10,1.0,11.373431975195587,0.4684256460060109,13.481059317838085,-0.18296116224947787,6.301347837461635,0.7521884854308332
0.01,6,0.6,300,1,1.0,5.291060388061308,0.8847620474528389,12.693755665791901,-0.006433590151606383,4.06669892509222,0.8967859981955928
0.01,6,0.7,300,1,1.0,4.6324314275291965,0.9118132089165787,12.674133321477623,-0.0032536096855595663,4.352679937883704,0.8817590140730447
0.01,6,0.8,300,1,1.0,3.948026880156204,0.9359794547963511,12.643074309941017,-0.0014036841091142449,4.789554165517776,0.8568323972198586
0.01,6,0.9,300,1,1.0,3.435323966259375,0.9515431900182636,12.61221191336914,-0.0018441671334590514,4.55442547892959,0.8705441216514105
0.01,6,0.6,300,3,1.0,8.286269045090934,0.71806772181514,12.791368610902703,-0.02803397978550608,4.418635200146685,0.878148502501276
0.01,6,0.7,300,3,1.0,7.723148433853874,0.7553109023741212,12.725602262469266,-0.019860393911181773,4.433353124250617,0.8773354062356995
0.01,6,0.8,300,3,1.0,7.117544044120389,0.7922544373610806,12.611070649947512,-0.012133421910875897,4.708565430111686,0.861633232733152
0.01,6,0.9,300,3,1.0,6.628588555676922,0.8198440549734768,12.588410367612449,-0.010141700653092634,4.587271396622671,0.868670150970566
0.01,6,0.6,300,5,1.0,9.59451521384513,0.6219755745878117,13.056963601370052,-0.08008816503612119,4.612460098194567,0.8672239271578716
0.01,6,0.7,300,5,1.0,9.126383637863434,0.658256837774912,12.93313448935756,-0.06342608998214491,4.393924141575336,0.8795075917579186
0.01,6,0.8,300,5,1.0,8.626898143631397,0.6949165186887699,12.762365619474355,-0.041340144983888806,4.409103586445586,0.8786736369171253
0.01,6,0.9,300,5,1.0,8.230417097045727,0.7222763420468522,12.731703087871972,-0.041928314100286676,4.391489650781509,0.8796410744426616
0.01,6,0.6,300,10,1.0,11.21747058200648,0.48298303485115046,13.596226582726421,-0.1780828492546636,6.226233294204536,0.7580612937972216
0.01,6,0.7,300,10,1.0,10.83053170508081,0.518129712883859,13.3926280736179,-0.14869757534025224,5.590189422711371,0.8049672146287669
0.01,6,0.8,300,10,1.0,10.435155915855919,0.5527931398015516,13.157494932995998,-0.1175198172418563,5.05063805218182,0.8407985320895927
0.01,6,0.9,300,10,1.0,10.122112022311983,0.5791744462896589,13.101533058832112,-0.11459985243192614,4.64116444095659,0.8655661961671338
0.01,6,0.6,400,1,1.0,3.909309080824977,0.9372189946393454,12.620557116569765,-0.0013165481784648049,3.8589484168490147,0.9070621713603745
0.01,6,0.7,400,1,1.0,3.2316546172813885,0.9571263613113888,12.559110439818115,0.007646543038327102,4.171649401506076,0.8913899087520603
0.01,6,0.8,400,1,1.0,2.602828237540422,0.9721857038419823,12.491895357075123,0.017971295063324667,4.369315099985695,0.8808534953230263
0.01,6,0.9,400,1,1.0,2.1401239589391756,0.9811937566341535,12.476442885860346,0.017439811659124827,4.153249787470952,0.8923458743660445
0.01,6,0.6,400,3,1.0,7.0241247282397605,0.7975322019695613,12.61871999474084,-0.00529970808436393,4.321917098205538,0.8834244591173244
0.01,6,0.7,400,3,1.0,6.393219521442306,0.8323650868258744,12.500123869480088,0.008876715408206582,4.3585666479558824,0.8814389716652985
0.01,6,0.8,400,3,1.0,5.74458601554565,0.8646083976206469,12.458438475156505,0.010170929608711288,4.518207668837441,0.8725948593383179
0.01,6,0.9,400,3,1.0,5.1771160781264545,0.8900390270370725,12.373658343375881,0.026115104332123627,4.4744395339237935,0.87505126545991
0.01,6,0.6,400,5,1.0,8.503778595389253,0.7032307773898434,12.76803867532438,-0.03329761394821309,4.490466581058342,0.8741545516981781
0.01,6,0.7,400,5,1.0,7.976227928800644,0.7390742734910958,12.612956502737367,-0.015400855739690189,4.390791373718501,0.8796793471938009
0.01,6,0.8,400,5,1.0,7.414724880490129,0.7745370524580577,12.492865598058806,0.0016546155731216095,4.277410539770122,0.8858130572245669
0.01,6,0.9,400,5,1.0,6.936551682501609,0.8026165239324868,12.5022376166978,-0.0019125431361346258,4.238632524236727,0.8878740572831176
0.01,6,0.6,400,10,1.0,10.310371435993497,0.5634460737409246,13.200237335126388,-0.11281013322157445,5.160708840149172,0.8337838227498616
0.01,6,0.7,400,10,1.0,9.888550718621198,0.5984763989616574,13.075260552762487,-0.097953597779792,4.616651787188683,0.8669824903178835
0.01,6,0.8,400,10,1.0,9.480900734577311,0.63097243079502,12.928775877894537,-0.08042876663075098,4.388891091148039,0.8797834713677336
0.01,6,0.9,400,10,1.0,9.138704798976432,0.6571602998067922,12.877430019199275,-0.07732709845406634,4.453244754950514,0.876232190389402
0.01,7,0.6,100,1,1.0,10.314489666866214,0.5631475005902882,14.1215338795919,-0.2664939117299302,7.363521086539016,0.6616036698242479
0.01,7,0.7,100,1,1.0,9.914813031844329,0.5964742926788977,14.041055637548862,-0.2537570596440588,6.960907924267268,0.6975968203940659
0.01,7,0.8,100,1,1.0,9.517786749034292,0.6281105139400871,13.924444839837012,-0.23633142293147397,7.195900380585305,0.6768345975932484
0.01,7,0.9,100,1,1.0,9.186110639879093,0.6532182356978741,13.78618112070536,-0.21557615362125385,7.103698768411162,0.6850630271056938
0.01,7,0.6,100,3,1.0,12.01639548984257,0.406599612663996,14.126498052655617,-0.28071865602196555,7.525517980163287,0.6465505010411265
0.01,7,0.7,100,3,1.0,11.717833097692907,0.43588925890537145,13.98864698158863,-0.2562356054295944,7.090439360608566,0.6862376209756629
0.01,7,0.8,100,3,1.0,11.422906137867402,0.4641262987156898,13.835769163582693,-0.23239857740563447,6.768369830246157,0.7140943506870285
0.01,7,0.9,100,3,1.0,11.17481219119451,0.48710028209993456,13.82673909193564,-0.22238422915430736,6.4371388995898675,0.7413929646072537
0.01,7,0.6,100,5,1.0,12.75993214985937,0.3304463908745367,14.381103869590834,-0.3471619733926966,8.496328990784928,0.5494767419507063
0.01,7,0.7,100,5,1.0,12.498778140666403,0.35782529226806686,14.240524208722338,-0.31820852503007485,8.084837471978702,0.5920591819067569
0.01,7,0.8,100,5,1.0,12.243393312568681,0.38391488058603584,14.024123396247912,-0.2811721074416621,7.714040452856859,0.6286200965947775
0.01,7,0.9,100,5,1.0,12.018688557166168,0.4061979974517687,13.833875709906295,-0.246682446585717,7.328323710180926,0.6648309836522323
0.01,7,0.6,100,10,1.0,13.708217582261621,0.22669811651714125,14.848908021944188,-0.4667127641623175,10.03753662422703,0.3712053169454992
0.01,7,0.7,100,10,1.0,13.504135697540088,0.2497459977041494,14.750513246965005,-0.4438437097991345,9.664953672145801,0.4170193660138418
0.01,7,0.8,100,10,1.0,13.312663016282082,0.27088529188439414,14.577447585592358,-0.40982228187543657,9.299810811704303,0.46023738361758026
0.01,7,0.9,100,10,1.0,13.126823589903774,0.2909562016864465,14.404793948578282,-0.375264345636525,9.00268489967917,0.4941768817835024
0.01,7,0.6,200,1,1.0,7.240972948714787,0.7843144733463425,13.088457767982337,-0.06437355773516698,4.86748817174156,0.8521353414993627
0.01,7,0.7,200,1,1.0,6.669579207000794,0.8171101575294124,13.044177916648575,-0.06010432255913241,5.097870929391607,0.8378069479852838
0.01,7,0.8,200,1,1.0,6.0616433285307405,0.849088593003642,13.017523207725938,-0.06023192444380139,5.347091891978133,0.8215609631883907
0.01,7,0.9,200,1,1.0,5.578034570129191,0.8722627578917054,13.040247466855263,-0.07481425234475729,5.258818528752012,0.8274039136357441
0.01,7,0.6,200,3,1.0,9.818136763478842,0.6041481953290432,13.271770949652126,-0.10809400064658296,4.972775715687315,0.8456693025697762
0.01,7,0.7,200,3,1.0,9.371012671610178,0.6395789141174737,13.1921832926733,-0.09727022121974141,4.784950804765779,0.8571074689217584
0.01,7,0.8,200,3,1.0,8.902454857768515,0.6750877749519931,13.074294586834592,-0.08814794338578927,4.893459186835823,0.8505532358905699
0.01,7,0.9,200,3,1.0,8.527462814792333,0.7019601636290638,13.004817281437212,-0.07750920218473252,4.909163663107574,0.8495924639159438
0.01,7,0.6,200,5,1.0,10.903918981729316,0.5115170303616793,13.47928805699685,-0.15619908887438844,5.776228608601616,0.7917699893671815
0.01,7,0.7,200,5,1.0,10.527050647550166,0.544847843697603,13.356291548099898,-0.13771992075713255,5.271724077849628,0.8265557457749475
0.01,7,0.8,200,5,1.0,10.129556893130408,0.5789643541797433,13.21409098770167,-0.11868769405468912,4.953041447563457,0.8468917828733449
0.01,7,0.9,200,5,1.0,9.810597179518838,0.6051551998719427,13.11084227794419,-0.10491015003303494,4.886776544953499,0.8509611343695058
0.01,7,0.6,200,10,1.0,12.291956736542499,0.3788644671034037,14.092066103848236,-0.28107591655581154,7.760791361328775,0.624104963391741
0.01,7,0.7,200,10,1.0,11.972356968287261,0.4108444770473022,13.934132950987566,-0.25278788586307444,7.138920380735807,0.6819322390458995
0.01,7,0.8,200,10,1.0,11.649097067745346,0.44237856393860886,13.709266951676796,-0.21563848494717436,6.671957571066209,0.7221815227376127
0.01,7,0.9,200,10,1.0,11.373431975195587,0.4684256460060109,13.481059317838085,-0.18296116224947787,6.301347837461635,0.7521884854308332
0.01,7,0.6,300,1,1.0,5.290941111014389,0.884766904645162,12.693301613059864,-0.0063838131905792125,4.0610265793386215,0.8970737289589309
0.01,7,0.7,300,1,1.0,4.6322660007558865,0.9118198821067827,12.674981964395483,-0.0033598271463942454,4.347995456612094,0.8820133859228382
0.01,7,0.8,300,1,1.0,3.9476236488777623,0.9359928547517541,12.641813537585865,-0.001373802777961819,4.778003092649665,0.8575221253971265
0.01,7,0.9,300,1,1.0,3.436579660397765,0.9515146951880444,12.613166950600865,-0.0020370809893554,4.526585811171822,0.8721219248734138
0.01,7,0.6,300,3,1.0,8.286269045090934,0.71806772181514,12.791368610902703,-0.02803397978550608,4.418635200146685,0.878148502501276
0.01,7,0.7,300,3,1.0,7.723159273588962,0.7553102173917313,12.725601038077452,-0.01986026473595217,4.4333488174723295,0.8773356445604787
0.01,7,0.8,300,3,1.0,7.117186656210677,0.7922745777072877,12.610924784357579,-0.012096476427936964,4.706949032352606,0.8617282159489983
0.01,7,0.9,300,3,1.0,6.628375154337013,0.8198551352811144,12.590996446309536,-0.010457951146430777,4.586473057651504,0.8687158585837231
0.01,7,0.6,300,5,1.0,9.59451521384513,0.6219755745878117,13.056963601370052,-0.08008816503612119,4.612460098194567,0.8672239271578716
0.01,7,0.7,300,5,1.0,9.126383637863434,0.658256837774912,12.93313448935756,-0.06342608998214491,4.393924141575336,0.8795075917579186
0.01,7,0.8,300,5,1.0,8.626898143631397,0.6949165186887699,12.762365619474355,-0.041340144983888806,4.409103586445586,0.8786736369171253
0.01,7,0.9,300,5,1.0,8.230417097045727,0.7222763420468522,12.731703087871972,-0.041928314100286676,4.391489650781509,0.8796410744426616
0.01,7,0.6,300,10,1.0,11.21747058200648,0.48298303485115046,13.596226582726421,-0.1780828492546636,6.226233294204536,0.7580612937972216
0.01,7,0.7,300,10,1.0,10.83053170508081,0.518129712883859,13.3926280736179,-0.14869757534025224,5.590189422711371,0.8049672146287669
0.01,7,0.8,300,10,1.0,10.435155915855919,0.5527931398015516,13.157494932995998,-0.1175198172418563,5.05063805218182,0.8407985320895927
0.01,7,0.9,300,10,1.0,10.122112022311983,0.5791744462896589,13.101533058832112,-0.11459985243192614,4.64116444095659,0.8655661961671338
0.01,7,0.6,400,1,1.0,3.9089927274855185,0.9372288747934533,12.620124628846003,-0.0013212654133608836,3.850702689040118,0.9074589226018983
0.01,7,0.7,400,1,1.0,3.2308068254593265,0.957149858084211,12.559103749962455,0.00776239669185812,4.169797232935438,0.8914863308243438
0.01,7,0.8,400,1,1.0,2.601438407220262,0.9722169033495834,12.48978034582976,0.018239489158946753,4.348702163830407,0.8819750285837074
0.01,7,0.9,400,1,1.0,2.139050570479717,0.9812143041113182,12.473792291931584,0.01779333358301871,4.133420948082393,0.8933713656011756
0.01,7,0.6,400,3,1.0,7.024119335960691,0.7975325179703018,12.618815192522966,-0.005309871634467234,4.321917098205538,0.8834244591173244
0.01,7,0.7,400,3,1.0,6.39321623737169,0.8323652697410008,12.500112067047661,0.008877883090818117,4.357897323874275,0.8814753825612068
0.01,7,0.8,400,3,1.0,5.744702636219188,0.8646032303528418,12.460587994224392,0.009673397549974493,4.517363454161022,0.8726424654906193
0.01,7,0.9,400,3,1.0,5.176632258785888,0.8900590008506315,12.374066967586998,0.026048004421573512,4.472933608617656,0.8751353572419412
0.01,7,0.6,400,5,1.0,8.503778595389253,0.7032307773898434,12.76803867532438,-0.03329761394821309,4.490466581058342,0.8741545516981781
0.01,7,0.7,400,5,1.0,7.976227928800644,0.7390742734910958,12.612956502737367,-0.015400855739690189,4.390791373718501,0.8796793471938009
0.01,7,0.8,400,5,1.0,7.414724880490129,0.7745370524580577,12.492865598058806,0.0016546155731216095,4.277410539770122,0.8858130572245669
0.01,7,0.9,400,5,1.0,6.936544530725703,0.8026169432081274,12.502239902173176,-0.001912793646363564,4.238633138847724,0.8878740247661009
0.01,7,0.6,400,10,1.0,10.310371435993497,0.5634460737409246,13.200237335126388,-0.11281013322157445,5.160708840149172,0.8337838227498616
0.01,7,0.7,400,10,1.0,9.888550718621198,0.5984763989616574,13.075260552762487,-0.097953597779792,4.616651787188683,0.8669824903178835
0.01,7,0.8,400,10,1.0,9.480900734577311,0.63097243079502,12.928775877894537,-0.08042876663075098,4.388891091148039,0.8797834713677336
0.01,7,0.9,400,10,1.0,9.138704798976432,0.6571602998067922,12.877430019199275,-0.07732709845406634,4.453244754950514,0.876232190389402
0.01,8,0.6,100,1,1.0,10.314489666866214,0.5631475005902882,14.1215338795919,-0.2664939117299302,7.363521086539016,0.6616036698242479
0.01,8,0.7,100,1,1.0,9.914813031844329,0.5964742926788977,14.041055637548862,-0.2537570596440588,6.960907924267268,0.6975968203940659
0.01,8,0.8,100,1,1.0,9.517811029607975,0.6281086238511907,13.924596184290246,-0.2363513266661495,7.1956886166054765,0.6768536178078631
0.01,8,0.9,100,1,1.0,9.18613336053822,0.653216527832533,13.786339658225168,-0.2155971452320788,7.104229479428154,0.6850159680256055
0.01,8,0.6,100,3,1.0,12.01639548984257,0.406599612663996,14.126498052655617,-0.28071865602196555,7.525517980163287,0.6465505010411265
0.01,8,0.7,100,3,1.0,11.717833097692907,0.43588925890537145,13.98864698158863,-0.2562356054295944,7.090439360608566,0.6862376209756629
0.01,8,0.8,100,3,1.0,11.422906137867402,0.4641262987156898,13.835769163582693,-0.23239857740563447,6.768369830246157,0.7140943506870285
0.01,8,0.9,100,3,1.0,11.17481219119451,0.48710028209993456,13.82673909193564,-0.22238422915430736,6.4371388995898675,0.7413929646072537
0.01,8,0.6,100,5,1.0,12.75993214985937,0.3304463908745367,14.381103869590834,-0.3471619733926966,8.496328990784928,0.5494767419507063
0.01,8,0.7,100,5,1.0,12.498778140666403,0.35782529226806686,14.240524208722338,-0.31820852503007485,8.084837471978702,0.5920591819067569
0.01,8,0.8,100,5,1.0,12.243393312568681,0.38391488058603584,14.024123396247912,-0.2811721074416621,7.714040452856859,0.6286200965947775
0.01,8,0.9,100,5,1.0,12.018688557166168,0.4061979974517687,13.833875709906295,-0.246682446585717,7.328323710180926,0.6648309836522323
0.01,8,0.6,100,10,1.0,13.708217582261621,0.22669811651714125,14.848908021944188,-0.4667127641623175,10.03753662422703,0.3712053169454992
0.01,8,0.7,100,10,1.0,13.504135697540088,0.2497459977041494,14.750513246965005,-0.4438437097991345,9.664953672145801,0.4170193660138418
0.01,8,0.8,100,10,1.0,13.312663016282082,0.27088529188439414,14.577447585592358,-0.40982228187543657,9.299810811704303,0.46023738361758026
0.01,8,0.9,100,10,1.0,13.126823589903774,0.2909562016864465,14.404793948578282,-0.375264345636525,9.00268489967917,0.4941768817835024
0.01,8,0.6,200,1,1.0,7.240972948714787,0.7843144733463425,13.088457767982337,-0.06437355773516698,4.863417607598566,0.8523825494561096
0.01,8,0.7,200,1,1.0,6.669584354158931,0.8171098827918855,13.044172244262693,-0.06010324734998418,5.096784482589403,0.8378760730564998
0.01,8,0.8,200,1,1.0,6.0616590307203015,0.849087837074429,13.017653632857243,-0.06024707883603704,5.346470327252639,0.8216024455368551
0.01,8,0.9,200,1,1.0,5.578037889924372,0.8722626069961349,13.040294942339836,-0.07481986353486406,5.260408390730684,0.8272995383152435
0.01,8,0.6,200,3,1.0,9.818136763478842,0.6041481953290432,13.271770949652126,-0.10809400064658296,4.972775715687315,0.8456693025697762
0.01,8,0.7,200,3,1.0,9.371012671610178,0.6395789141174737,13.1921832926733,-0.09727022121974141,4.784950804765779,0.8571074689217584
0.01,8,0.8,200,3,1.0,8.902454857768515,0.6750877749519931,13.074294586834592,-0.08814794338578927,4.893459186835823,0.8505532358905699
0.01,8,0.9,200,3,1.0,8.527462814792333,0.7019601636290638,13.004817281437212,-0.07750920218473252,4.909163663107574,0.8495924639159438
0.01,8,0.6,200,5,1.0,10.903918981729316,0.5115170303616793,13.47928805699685,-0.15619908887438844,5.776228608601616,0.7917699893671815
0.01,8,0.7,200,5,1.0,10.527050647550166,0.544847843697603,13.356291548099898,-0.13771992075713255,5.271724077849628,0.8265557457749475
0.01,8,0.8,200,5,1.0,10.129556893130408,0.5789643541797433,13.21409098770167,-0.11868769405468912,4.953041447563457,0.8468917828733449
0.01,8,0.9,200,5,1.0,9.810597179518838,0.6051551998719427,13.11084227794419,-0.10491015003303494,4.886776544953499,0.8509611343695058
0.01,8,0.6,200,10,1.0,12.291956736542499,0.3788644671034037,14.092066103848236,-0.28107591655581154,7.760791361328775,0.624104963391741
0.01,8,0.7,200,10,1.0,11.972356968287261,0.4108444770473022,13.934132950987566,-0.25278788586307444,7.138920380735807,0.6819322390458995
0.01,8,0.8,200,10,1.0,11.649097067745346,0.44237856393860886,13.709266951676796,-0.21563848494717436,6.671957571066209,0.7221815227376127
0.01,8,0.9,200,10,1.0,11.373431975195587,0.4684256460060109,13.481059317838085,-0.18296116224947787,6.301347837461635,0.7521884854308332
0.01,8,0.6,300,1,1.0,5.290941111014389,0.884766904645162,12.693301613059864,-0.0063838131905792125,4.052834491748286,0.8974885652372423
0.01,8,0.7,300,1,1.0,4.632272009884366,0.9118196418758331,12.674928872172462,-0.003352678315959379,4.3435306125022235,0.8822555763159519
0.01,8,0.8,300,1,1.0,3.9475791065953443,0.9359942164538009,12.642411618111678,-0.0014382296665448103,4.775343344300395,0.8576807062137616
0.01,8,0.9,300,1,1.0,3.4365811483096254,0.9515146539814158,12.613200182010624,-0.002040682548557515,4.535102930036806,0.8716402473027915
0.01,8,0.6,300,3,1.0,8.286269045090934,0.71806772181514,12.791368610902703,-0.02803397978550608,4.418635200146685,0.878148502501276
0.01,8,0.7,300,3,1.0,7.723159273588962,0.7553102173917313,12.725601038077452,-0.01986026473595217,4.4333488174723295,0.8773356445604787
0.01,8,0.8,300,3,1.0,7.117186656210677,0.7922745777072877,12.610924784357579,-0.012096476427936964,4.705943311646367,0.8617872979313068
0.01,8,0.9,300,3,1.0,6.628375154337013,0.8198551352811144,12.590996446309536,-0.010457951146430777,4.58614969382114,0.8687343699957679
0.01,8,0.6,300,5,1.0,9.59451521384513,0.6219755745878117,13.056963601370052,-0.08008816503612119,4.612460098194567,0.8672239271578716
0.01,8,0.7,300,5,1.0,9.126383637863434,0.658256837774912,12.93313448935756,-0.06342608998214491,4.393924141575336,0.8795075917579186
0.01,8,0.8,300,5,1.0,8.626898143631397,0.6949165186887699,12.762365619474355,-0.041340144983888806,4.409103586445586,0.8786736369171253
0.01,8,0.9,300,5,1.0,8.230417097045727,0.7222763420468522,12.731703087871972,-0.041928314100286676,4.391489650781509,0.8796410744426616
0.01,8,0.6,300,10,1.0,11.21747058200648,0.48298303485115046,13.596226582726421,-0.1780828492546636,6.226233294204536,0.7580612937972216
0.01,8,0.7,300,10,1.0,10.83053170508081,0.518129712883859,13.3926280736179,-0.14869757534025224,5.590189422711371,0.8049672146287669
0.01,8,0.8,300,10,1.0,10.435155915855919,0.5527931398015516,13.157494932995998,-0.1175198172418563,5.05063805218182,0.8407985320895927
0.01,8,0.9,300,10,1.0,10.122112022311983,0.5791744462896589,13.101533058832112,-0.11459985243192614,4.64116444095659,0.8655661961671338
0.01,8,0.6,400,1,1.0,3.909060991215829,0.9372266985346961,12.620094011583959,-0.0013143930948323224,3.8432728717097486,0.907815688646713
0.01,8,0.7,400,1,1.0,3.2308273380001267,0.9571493121415994,12.558994824787236,0.007784599157795858,4.167418990724507,0.8916100769820166
0.01,8,0.8,400,1,1.0,2.601395693222959,0.9722177687198486,12.490187495476876,0.018197294694784948,4.345133272386986,0.8821686704805696
0.01,8,0.9,400,1,1.0,2.139039903603907,0.9812144916376839,12.473995309390313,0.017772621215402306,4.140478292563945,0.8930069423155973
0.01,8,0.6,400,3,1.0,7.024119335960691,0.7975325179703018,12.618815192522966,-0.005309871634467234,4.321917098205538,0.8834244591173244
0.01,8,0.7,400,3,1.0,6.39321623737169,0.8323652697410008,12.500112067047661,0.008877883090818117,4.357897323874275,0.8814753825612068
0.01,8,0.8,400,3,1.0,5.744702636219188,0.8646032303528418,12.460587994224392,0.009673397549974493,4.5158754072088145,0.8727263563616817
0.01,8,0.9,400,3,1.0,5.176637605756434,0.8900587796093943,12.374065662866986,0.026048330030988276,4.472294830689386,0.8751710184385925
0.01,8,0.6,400,5,1.0,8.503778595389253,0.7032307773898434,12.76803867532438,-0.03329761394821309,4.490466581058342,0.8741545516981781
0.01,8,0.7,400,5,1.0,7.976227928800644,0.7390742734910958,12.612956502737367,-0.015400855739690189,4.390791373718501,0.8796793471938009
0.01,8,0.8,400,5,1.0,7.414724880490129,0.7745370524580577,12.492865598058806,0.0016546155731216095,4.277410539770122,0.8858130572245669
0.01,8,0.9,400,5,1.0,6.936544530725703,0.8026169432081274,12.502239902173176,-0.001912793646363564,4.238633138847724,0.8878740247661009
0.01,8,0.6,400,10,1.0,10.310371435993497,0.5634460737409246,13.200237335126388,-0.11281013322157445,5.160708840149172,0.8337838227498616
0.01,8,0.7,400,10,1.0,9.888550718621198,0.5984763989616574,13.075260552762487,-0.097953597779792,4.616651787188683,0.8669824903178835
0.01,8,0.8,400,10,1.0,9.480900734577311,0.63097243079502,12.928775877894537,-0.08042876663075098,4.388891091148039,0.8797834713677336
0.01,8,0.9,400,10,1.0,9.138704798976432,0.6571602998067922,12.877430019199275,-0.07732709845406634,4.453244754950514,0.876232190389402
0.1,3,0.6,100,1,1.0,1.2375077365367122,0.9935815602909688,12.864846855245066,-0.12208298283829515,5.62284379680468,0.802682041821354
0.1,3,0.7,100,1,1.0,0.9540637127974982,0.9961740717456742,12.732782464468738,-0.07403011079540703,5.339654836708426,0.822056985373135
0.1,3,0.8,100,1,1.0,0.8155649099050912,0.9971979725286098,12.696802550198496,-0.06737072937934933,5.533796843591595,0.8088822615959996
0.1,3,0.9,100,1,1.0,0.7225014514902461,0.997814592133483,12.923023822866952,-0.08373007313005412,5.35933590055857,0.8207428322946395
0.1,3,0.6,100,3,1.0,3.2701601201610218,0.9557460749842207,12.796489359876905,-0.1309354278260573,5.06662620039608,0.8397890099820048
0.1,3,0.7,100,3,1.0,2.617020772271713,0.9717326233228155,12.436825379811495,-0.04601601648141307,4.789379634654966,0.8568428310552894
0.1,3,0.8,100,3,1.0,2.16974421141522,0.9805848376425443,12.204398193019523,0.010174999509125282,5.074763057613781,0.8392740082106884
0.1,3,0.9,100,3,1.0,1.9467703213523797,0.9843442422959129,12.567484998724638,-0.04684584587599272,5.2164342709844975,0.8301748316094668
0.1,3,0.6,100,5,1.0,4.904775566799965,0.9004563918457688,12.669891610399791,-0.0785969104671922,4.510749955917116,0.8730150997866979
0.1,3,0.7,100,5,1.0,4.187189409419451,0.9275508051077848,12.546803243158784,-0.04112966431376948,4.603314089978699,0.8677499662104378
0.1,3,0.8,100,5,1.0,3.5749470485528576,0.9474872984045855,12.359659066900106,-0.0012419521405052868,4.789328780076113,0.8568458711813352
0.1,3,0.9,100,5,1.0,3.1395487382692626,0.9594418686908812,12.55354245444843,-0.05058438351648851,5.135732726240754,0.8353887915727684
0.1,3,0.6,100,10,1.0,7.327585054033939,0.7785588587340668,12.753818238706126,-0.08118670163429716,4.518435196934086,0.8725820272680909
0.1,3,0.7,100,10,1.0,6.718541066539409,0.8141090632892454,12.490522168827264,-0.02900617312869571,4.497143271734035,0.8737800446091313
0.1,3,0.8,100,10,1.0,6.032396628722862,0.8502248007951898,12.44351128499678,-0.026109620620628514,4.705515278160217,0.8618124393196822
0.1,3,0.9,100,10,1.0,5.457605248536092,0.8773793841695106,12.465252548394334,-0.029968700190415466,4.741963123687967,0.8596634099814648
0.1,3,0.6,200,1,1.0,0.2760808891509951,0.9996778189921326,12.979727496782436,-0.13100661529430999,6.634801150538396,0.7252672726598745
0.1,3,0.7,200,1,1.0,0.1693927076955925,0.9998763915647493,12.913397585834819,-0.11405189773552686,5.727487888900412,0.7952693176170194
0.1,3,0.8,200,1,1.0,0.12015668045495223,0.9999370389281765,12.912187619697388,-0.12449955206982488,5.996704747417713,0.7755705175349112
0.1,3,0.9,200,1,1.0,0.10028309868979512,0.9999566115285144,13.064215800133013,-0.12573149363388036,6.145714167309428,0.7642784488556668
0.1,3,0.6,200,3,1.0,1.2266186796653789,0.993600013153339,12.870662406563094,-0.1450631616741953,5.96959269283779,0.7775952926691831
0.1,3,0.7,200,3,1.0,0.8311781421450244,0.997044491973651,12.671190675446397,-0.0936896903375426,5.688615567244702,0.7980388914700899
0.1,3,0.8,200,3,1.0,0.6741556891400373,0.9980636412747366,12.497068523318985,-0.05614821539082866,5.499030955346345,0.8112760995283916
0.1,3,0.9,200,3,1.0,0.6376475189931675,0.9982735495592061,12.823490493509558,-0.11405851139534955,5.7849014811142645,0.7911442149196513
0.1,3,0.6,200,5,1.0,2.33589569910833,0.9770154580972473,12.762859804167318,-0.11977543560042811,5.092219469069834,0.8381663605822212
0.1,3,0.7,200,5,1.0,1.7242505070452103,0.987454371825282,12.557309126765627,-0.04828316232198093,5.229933663470148,0.8292947273609773
0.1,3,0.8,200,5,1.0,1.3390172968974126,0.9924609464435376,12.534838118459831,-0.04668631384773343,5.018889949259206,0.8427937092674327
0.1,3,0.9,200,5,1.0,1.1802595357967394,0.9941683486582994,12.660815666926082,-0.08398621894752596,5.559298216046432,0.8071167488233978
0.1,3,0.6,200,10,1.0,4.623038680613982,0.9104548034835526,12.57889235169268,-0.05795893058247825,4.759149324679366,0.8586443284769454
0.1,3,0.7,200,10,1.0,3.8417217820357537,0.9383912901981416,12.359468117526044,-0.014113295243812751,4.6840716255508195,0.863069047329741
0.1,3,0.8,200,10,1.0,3.1553241110544663,0.9585964949370013,12.507317554345132,-0.04391088209559406,4.678619412812163,0.863387634337028
0.1,3,0.9,200,10,1.0,2.682293090112809,0.9701567472388094,12.544236900762407,-0.0544198051302192,4.871621727446001,0.8518840963787644
0.1,3,0.6,300,1,1.0,0.06552660773314399,0.9999814512400889,13.026433053005224,-0.13707996141099393,6.872845694753865,0.705199808095962
0.1,3,0.7,300,1,1.0,0.033995655166126605,0.9999949552423008,12.972643100561545,-0.12600032310417836,5.773439543324345,0.7919710294988388
0.1,3,0.8,300,1,1.0,0.01825842535243025,0.9999985485842038,12.96499782143032,-0.13815060811147672,6.110761300362016,0.7669520891571213
0.1,3,0.9,300,1,1.0,0.01643488214249467,0.9999987857096022,13.107317599311438,-0.13672331799226561,6.266095734284705,0.7549534307784962
0.1,3,0.6,300,3,1.0,0.5384220757635899,0.9987591469487743,12.963094995564978,-0.16670397052903727,6.750017746907165,0.715642685367039
0.1,3,0.7,300,3,1.0,0.32895906188525764,0.999525582030301,12.790368681189225,-0.11142060571603976,6.263598164144577,0.7551487354942432
0.1,3,0.8,300,3,1.0,0.2349326477755848,0.9997635633578481,12.659261037024432,-0.09438517732919458,5.7233367659829035,0.7955659762100564
0.1,3,0.9,300,3,1.0,0.21801277384634538,0.9997928867079591,13.020798545526754,-0.16562849495836035,6.13220078263196,0.7653139327189198
0.1,3,0.6,300,5,1.0,1.2214772905667002,0.9936615467374628,12.824494152594283,-0.12722286959255466,5.748866671722259,0.7937380838147463
0.1,3,0.7,300,5,1.0,0.8327000933830491,0.9970301617666472,12.756549514829468,-0.09328689138341642,5.822439867520265,0.7884248785464298
0.1,3,0.8,300,5,1.0,0.6254486990888095,0.9983308027910299,12.665739673282099,-0.08012304663990195,5.645989154755371,0.8010542554141526
0.1,3,0.9,300,5,1.0,0.5496340964074953,0.9987273562550703,12.845208618963378,-0.13857414699412615,6.031145548412733,0.7729851884482497
0.1,3,0.6,300,10,1.0,3.0778541641314283,0.9601214626115679,12.696996160178447,-0.09525140658337236,5.210780658340447,0.830542747842481
0.1,3,0.7,300,10,1.0,2.3476043794811394,0.9769214541852452,12.536856271754594,-0.058553535460431606,5.135329312466487,0.8354146511041313
0.1,3,0.8,300,10,1.0,1.7951658350348492,0.9864782773971339,12.60027660433298,-0.06781676461804098,5.369284409745086,0.8200767061861292
0.1,3,0.9,300,10,1.0,1.5039465860752024,0.9905275401330895,12.571770996265998,-0.06636771340459995,5.318191686156392,0.8234846214322034
0.1,3,0.6,400,1,1.0,0.014531590372282044,0.9999990522242943,13.04321845796874,-0.13906581882607094,6.951559459510728,0.6984085269043085
0.1,3,0.7,400,1,1.0,0.006738985555097494,0.9999998016583479,12.984383285120037,-0.12844053613250853,5.813261243601713,0.7890914162293655
0.1,3,0.8,400,1,1.0,0.003484605204434732,0.9999999424498945,12.971874313314302,-0.1398709115242312,6.119433996885565,0.7662901133515545
0.1,3,0.9,400,1,1.0,0.0026151349578131117,0.9999999683359414,13.114236274666538,-0.13839755752493083,6.278581099950778,0.7539759340353219
0.1,3,0.6,400,3,1.0,0.22890526537296832,0.9997779900597534,12.991825425316208,-0.16899988890656162,7.221500451563826,0.6745311267616956
0.1,3,0.7,400,3,1.0,0.12457448054934162,0.9999320581264154,12.853238560087405,-0.12421788835326393,6.462276646579353,0.7393692421122473
0.1,3,0.8,400,3,1.0,0.0874407787267299,0.9999658468662309,12.707953275264344,-0.10652791486811938,5.775476261339783,0.7918242292826932
0.1,3,0.9,400,3,1.0,0.08038363844358412,0.9999705563920687,13.082628174581748,-0.18217166940028304,6.134199822940354,0.7651608968371194
0.1,3,0.6,400,5,1.0,0.6523928906480754,0.9981921496163318,12.878549201849149,-0.13239705872927424,6.376600044218573,0.7462342942234528
0.1,3,0.7,400,5,1.0,0.41562484527858584,0.9992462787257385,12.84038562152466,-0.10918079681110571,6.286536760193098,0.7533520593422331
0.1,3,0.8,400,5,1.0,0.3117696753952626,0.9995790941640829,12.761088210647651,-0.1032424564542147,5.928876128143208,0.7806188400646887
0.1,3,0.9,400,5,1.0,0.27501765450545246,0.9996715973543815,12.96440514299626,-0.17562855676239814,6.2317297558464935,0.7576339427083322
0.1,3,0.6,400,10,1.0,2.0321711035737158,0.9827547218012812,12.768304724287761,-0.11000238567191101,5.778771942454613,0.7915865772950458
0.1,3,0.7,400,10,1.0,1.4468949701818787,0.9912355350768685,12.659695721978744,-0.08623543543467223,5.718581716489709,0.7959055299090732
0.1,3,0.8,400,10,1.0,1.0703744433153728,0.9951766021063964,12.653583275956665,-0.0826911134480306,6.007391248754325,0.7747699101732992
0.1,3,0.9,400,10,1.0,0.9348388823579447,0.9963058518808984,12.621984447662998,-0.0803938887891307,5.792554277587054,0.7905912623656075
0.1,4,0.6,100,1,1.0,0.9889146985517602,0.9959177706651194,12.706192853541644,-0.09539533503674018,5.216612088342648,0.8301632534409659
0.1,4,0.7,100,1,1.0,0.6150512302771638,0.9984280314678251,12.529135190752076,-0.028935960359058432,4.795258738327551,0.8564911561127071
0.1,4,0.8,100,1,1.0,0.41474851598268164,0.9992791435776717,12.473719377402018,-0.01111307128252701,4.823101508084361,0.8548198036327762
0.1,4,0.9,100,1,1.0,0.2777175149911639,0.9996570980395418,12.464235051931908,-0.009950234733800212,4.792049374381032,0.8566831866199975
0.1,4,0.6,100,3,1.0,3.0996420607022457,0.9603568576276331,12.827423777109408,-0.14891577278856186,4.648964776434808,0.8651139346753531
0.1,4,0.7,100,3,1.0,2.4243279426978432,0.9758489084684914,12.679159366757553,-0.09151293902635933,4.399735324548553,0.8791886666078638
0.1,4,0.8,100,3,1.0,1.8410103261235036,0.9860900994497437,12.538269546587259,-0.061193476399269794,4.470775235498122,0.8752558327457716
0.1,4,0.9,100,3,1.0,1.4639194140963951,0.9911582204749767,12.628102066435613,-0.0677032249339686,4.354076754501645,0.8816831125699294
0.1,4,0.6,100,5,1.0,4.828044699139971,0.9036946897990943,12.656047880168378,-0.0766542308176319,4.30917784565667,0.8841106807681258
0.1,4,0.7,100,5,1.0,4.065276336758295,0.9318836647835086,12.41020368427466,-0.018212520728016914,4.353048353394529,0.881738997137542
0.1,4,0.8,100,5,1.0,3.349629156161286,0.9538927522526708,12.435763308721985,-0.047838341669862006,4.404697050520749,0.8789160271482735
0.1,4,0.9,100,5,1.0,2.7686350124543466,0.9683715563528225,12.750555974621482,-0.10140542106567751,4.511573074438035,0.8729687513253719
0.1,4,0.6,100,10,1.0,7.292035933661142,0.7807246730738581,12.739261553155906,-0.07982149996239704,4.456684735169103,0.876040903683953
0.1,4,0.7,100,10,1.0,6.641326749009264,0.8182678617181196,12.597789958296694,-0.04746945112373822,4.339857122747201,0.8824546540100553
0.1,4,0.8,100,10,1.0,5.908833544310137,0.8562456953945101,12.489064715302824,-0.036081271810345414,4.4434103479283245,0.8767782367391213
0.1,4,0.9,100,10,1.0,5.298496970196177,0.8842405973784693,12.42396777065273,-0.028037685714837512,4.398494701848328,0.8792567889561798
0.1,4,0.6,200,1,1.0,0.1628834477096074,0.9998799458293511,12.716648655766136,-0.08067376506641702,6.025255961625486,0.773428344927566
0.1,4,0.7,200,1,1.0,0.06331623688321521,0.9999822662303899,12.562875044289465,-0.029484955459572703,5.076782024000137,0.8391460948789761
0.1,4,0.8,200,1,1.0,0.02710331963384329,0.9999968582450951,12.554387247350077,-0.03478457844577605,5.040872871421839,0.8414135546632964
0.1,4,0.9,200,1,1.0,0.013513201028915015,0.9999991210257445,12.52792292088797,-0.029842439723468672,4.9605862796773925,0.8464249765162748
0.1,4,0.6,200,3,1.0,1.0279418249879888,0.9954848003382428,12.751463202714657,-0.11552253012803097,5.435777326175618,0.815592792856951
0.1,4,0.7,200,3,1.0,0.6107998080182734,0.998389381634313,12.810904260861506,-0.11444461047220685,4.957247627417923,0.8466316299343244
0.1,4,0.8,200,3,1.0,0.3655429128034264,0.9994252989541914,12.670432027460132,-0.08998278013952823,4.9874116433637266,0.8447595101006538
0.1,4,0.9,200,3,1.0,0.25643339887126027,0.9997055206626182,12.76782886779102,-0.11530893693858373,4.628822527532095,0.8662802257316281
0.1,4,0.6,200,5,1.0,2.1742139791517934,0.9801470907948099,12.674534517256829,-0.09115407315800635,4.707579296611154,0.8616911840638295
0.1,4,0.7,200,5,1.0,1.506295410324555,0.9904991976075358,12.554961889074043,-0.050898920896332675,4.8748761906897204,0.8516861340563111
0.1,4,0.8,200,5,1.0,1.0069299986889653,0.9957753579149067,12.58659002764321,-0.08490746932050328,4.739490972636747,0.8598096965742872
0.1,4,0.9,200,5,1.0,0.7092811745700178,0.997893135025886,12.90537303886001,-0.1562218330936694,4.710524913997156,0.8615180452646851
0.1,4,0.6,200,10,1.0,4.519369964323168,0.9145563269292522,12.565368715616405,-0.05829267004041694,4.6531941256093825,0.8648684005442739
0.1,4,0.7,200,10,1.0,3.676032898974603,0.9435449462207274,12.431600896290211,-0.033297955528656956,4.392570102053642,0.8795818426275474
0.1,4,0.8,200,10,1.0,2.910946067843289,0.9648706694869735,12.604607557202636,-0.08138779662232298,4.422506835656056,0.8779348748788396
0.1,4,0.9,200,10,1.0,2.331357497027427,0.9775066987972535,12.775891817234056,-0.13639593662226068,4.458438893746819,0.8759433034639884
0.1,4,0.6,300,1,1.0,0.028694852499680186,0.9999961726127762,12.743274501161332,-0.08461892947279612,6.155895796387596,0.7634967602176304
0.1,4,0.7,300,1,1.0,0.0071900805766318245,0.9999997573109999,12.574365527900806,-0.030961221117904624,5.101193248820551,0.8375954743234504
0.1,4,0.8,300,1,1.0,0.0021254750927022503,0.9999999805844458,12.564472519058524,-0.03707116495788674,5.046599841226964,0.8410530077007174
0.1,4,0.9,300,1,1.0,0.0014515056814452996,0.9999999911048747,12.533339691679647,-0.031218083177905975,4.979592462223567,0.8452458954515549
0.1,4,0.6,300,3,1.0,0.38366889978041163,0.9993609115858704,12.746512601965334,-0.1077192499245764,5.856005377257953,0.7859784482255983
0.1,4,0.7,300,3,1.0,0.18509474159511508,0.9998466461732342,12.856528799959182,-0.119215332854409,5.254236938943681,0.8277045210824041
0.1,4,0.8,300,3,1.0,0.0925720115531775,0.999962193847705,12.737167009131223,-0.10654305360280865,5.088143403849186,0.8384253362477749
0.1,4,0.9,300,3,1.0,0.05341752406581783,0.999987108997946,12.843490889247434,-0.14277859430619128,4.6898198865159655,0.8627327596364169
0.1,4,0.6,300,5,1.0,1.0592270680834146,0.9952239896485502,12.739687094637421,-0.10310813388235922,5.225974164084229,0.8295531059968444
0.1,4,0.7,300,5,1.0,0.6231779275256661,0.9983498141468491,12.638338008301421,-0.06435393795107133,5.179500605682761,0.8325711280047071
0.1,4,0.8,300,5,1.0,0.3484216015358654,0.9994774089676219,12.694841207953427,-0.1121103925405671,5.134934316976841,0.8354399690404529
0.1,4,0.9,300,5,1.0,0.21858767484597866,0.9997895515804093,12.960220320614576,-0.17859342434536496,4.922665499093115,0.8487639844922764
0.1,4,0.6,300,10,1.0,2.94111536398382,0.9637011012556338,12.715243641789538,-0.10494298930675398,5.0055151037793735,0.8436304712783791
0.1,4,0.7,300,10,1.0,2.170631508865799,0.9803216581927838,12.615547830978723,-0.08509269729441175,4.734315389038277,0.8601157085385794
0.1,4,0.8,300,10,1.0,1.520843238325745,0.9903742783251712,12.723838201809349,-0.1253126506440942,4.866894047326332,0.8521714359444605
0.1,4,0.9,300,10,1.0,1.0924400584908143,0.9950540799439411,12.88398352272716,-0.1804199023406297,4.779375789560347,0.8574402472447055
0.1,4,0.6,400,1,1.0,0.004749059522016653,0.9999998864810931,12.749096702813286,-0.08547000203135298,6.181024613399375,0.7615619722329927
0.1,4,0.7,400,1,1.0,0.0012429922153332222,0.9999999933301081,12.576398215599918,-0.03132904764053397,5.1017840294305525,0.8375578552818285
0.1,4,0.8,400,1,1.0,0.001079089870442105,0.9999999949723796,12.56465111642875,-0.0370955861339707,5.046269446870895,0.8410738191269336
0.1,4,0.9,400,1,1.0,0.0011358842043036972,0.9999999944537977,12.533451741114131,-0.031244379414217316,4.981251452131695,0.8451427632107751
0.1,4,0.6,400,3,1.0,0.14263221712714497,0.9999116665950887,12.739856977561699,-0.1009526958178149,6.125160517951217,0.7658525007238807
0.1,4,0.7,400,3,1.0,0.05354607510708982,0.999987188462438,12.876558726807307,-0.12349328968119115,5.344959396633244,0.8217032627952012
0.1,4,0.8,400,3,1.0,0.02164281732906596,0.999997911601602,12.760039679842468,-0.1119897529117364,5.119906744084802,0.83640174153312
0.1,4,0.9,400,3,1.0,0.012592361647222276,0.99999923035121,12.860878829232012,-0.14826168376484622,4.7278505890817515,0.860497477158157
0.1,4,0.6,400,5,1.0,0.5106837979016683,0.9988845819887919,12.765271838537139,-0.09998047095246827,5.693793569109116,0.7976710582326966
0.1,4,0.7,400,5,1.0,0.26256369016992764,0.9997026684817764,12.680419930748997,-0.0712068755232815,5.44287100032916,0.8151111770327613
0.1,4,0.8,400,5,1.0,0.12804524916260868,0.9999275335392624,12.73777251177283,-0.12133282292354775,5.191724138880195,0.8317799369347547
0.1,4,0.9,400,5,1.0,0.07546571216229561,0.9999746999004131,13.022786580189475,-0.20116649778562978,4.950071459346966,0.8470753441340193
0.1,4,0.6,400,10,1.0,1.8951304719182551,0.985025660076612,12.737299115359033,-0.10710165030030716,5.515571393196612,0.8101390735183518
0.1,4,0.7,400,10,1.0,1.2648656736730945,0.9933206419346738,12.697410056507415,-0.10368432102126764,5.203251823336988,0.831032077211477
0.1,4,0.8,400,10,1.0,0.7993102125458676,0.9973446087157376,12.821302887401853,-0.15176976350407337,5.264374050673489,0.8270390530434497
0.1,4,0.9,400,10,1.0,0.5333720360792161,0.9988113827564533,12.952305765780343,-0.20273908244979247,4.881758322640645,0.8512670727075053
0.1,5,0.6,100,1,1.0,0.9449863155815871,0.9962684154078156,12.656006242250779,-0.07565052362403649,5.068133897036146,0.8396936465187286
0.1,5,0.7,100,1,1.0,0.537095831140167,0.9987995217894147,12.426961367900294,0.0033338296143352597,4.400761254780096,0.8791323184683844
0.1,5,0.8,100,1,1.0,0.2972203638046288,0.9996324858385794,12.29882834779699,0.03527457461689056,4.5321159836910025,0.871809274308331
0.1,5,0.9,100,1,1.0,0.17767383312947985,0.9998680396410256,12.35169035051127,0.012882935298026843,4.237705296058097,0.8879231084624286
0.1,5,0.6,100,3,1.0,3.0801696184641036,0.9608517093938804,12.87245226506738,-0.1636139025677334,4.800345931964113,0.8561865033009106
0.1,5,0.7,100,3,1.0,2.3777941042635296,0.9767675419432656,12.782319035715298,-0.11844662703528845,4.392778656326329,0.8795704077195863
0.1,5,0.8,100,3,1.0,1.7707467380549875,0.9871334754393297,12.61444519731754,-0.07334885144241106,4.270068520398072,0.8862047162568472
0.1,5,0.9,100,3,1.0,1.3622679667030833,0.9923572909371632,12.595642721005598,-0.04709610854931219,4.090684202854523,0.8955649011304815
0.1,5,0.6,100,5,1.0,4.818060889730946,0.9041001059175567,12.654886457937057,-0.08052920895964813,4.2921874489394565,0.8850227451307735
0.1,5,0.7,100,5,1.0,4.0431157781532905,0.9326021885842712,12.466736469719823,-0.030117723149797902,4.427510774963529,0.877658492250001
0.1,5,0.8,100,5,1.0,3.314246794562673,0.9548581813503173,12.423018554732483,-0.04731326729502403,4.302360655904355,0.8844770683158498
0.1,5,0.9,100,5,1.0,2.7253009861447266,0.9693683575118847,12.737566134497198,-0.09084941040455614,4.306323206463088,0.884264172978068
0.1,5,0.6,100,10,1.0,7.28119812233264,0.7814143545251234,12.745222677875436,-0.08009668133773418,4.446897785476279,0.8765847381388786
0.1,5,0.7,100,10,1.0,6.6423137656428155,0.818226160936956,12.5345716346777,-0.0310262096362409,4.36053627884584,0.881331792288843
0.1,5,0.8,100,10,1.0,5.892118432181938,0.8570183687835937,12.445175563624575,-0.020108024909194232,4.402786850059421,0.8790210262004053
0.1,5,0.9,100,10,1.0,5.260693262945181,0.8858222990150759,12.510374380280279,-0.04944155345663741,4.2967519194126345,0.8847780729944827
0.1,5,0.6,200,1,1.0,0.14437046633047063,0.9999020810599198,12.601964614187645,-0.044996858935096064,5.550953929780331,0.8076953345094382
0.1,5,0.7,200,1,1.0,0.0434469291530168,0.9999911845319873,12.426965966525936,0.008306087895449222,4.5943796239747074,0.8682628300966944
0.1,5,0.8,200,1,1.0,0.012787801176904595,0.9999992683634199,12.332219359524183,0.029005692427300202,4.584901815158089,0.8688057943079068
0.1,5,0.9,200,1,1.0,0.004367848794046985,0.9999999106940605,12.364453281112803,0.00954159952471667,4.330276815394466,0.8829730478399274
0.1,5,0.6,200,3,1.0,0.9965524704734954,0.9957568301850406,12.815420294327827,-0.13705715258993928,5.53289606128956,0.8089444761910174
0.1,5,0.7,200,3,1.0,0.5599025272892849,0.998650038637748,12.941637417987426,-0.1526437727034206,4.912825030104366,0.8493680254625543
0.1,5,0.8,200,3,1.0,0.2982742966504267,0.9996209588821253,12.75120533748273,-0.10629207530207604,4.614494415501105,0.8671067800291821
0.1,5,0.9,200,3,1.0,0.16681771731892855,0.9998836192753217,12.709353246567508,-0.07998277422124245,4.229833041293606,0.8883391252795655
0.1,5,0.6,200,5,1.0,2.1447343764613676,0.9806961085665129,12.68870769492462,-0.09900581793053595,4.557199266571704,0.8703863882715797
0.1,5,0.7,200,5,1.0,1.4648135567601681,0.9910259153238161,12.596010175153303,-0.062473961904126685,4.980631486149601,0.8451813078397108
0.1,5,0.8,200,5,1.0,0.9516365527537722,0.9962448064656529,12.594672466058032,-0.0950533883275416,4.523825700932451,0.8722778260273372
0.1,5,0.9,200,5,1.0,0.6386307732110359,0.9983213768499815,12.915450473450283,-0.16633213422820756,4.40368628170386,0.8789715923143153
0.1,5,0.6,200,10,1.0,4.500640532404162,0.9153596536940871,12.587612772684096,-0.05825817435143406,4.60119858076514,0.8678714925161518
0.1,5,0.7,200,10,1.0,3.666055678741551,0.9438758100879687,12.389218514409134,-0.016659342759062556,4.438099220887488,0.8770726301278642
0.1,5,0.8,200,10,1.0,2.8866798073965017,0.9654705505410753,12.578532905557108,-0.06835038511673788,4.413853331992006,0.8784120963399892
0.1,5,0.9,200,10,1.0,2.2703656755820565,0.9786458863631673,12.786012182326324,-0.1320556167046719,4.381425388576567,0.8801921110370807
0.1,5,0.6,300,1,1.0,0.022200869113330784,0.9999976229603625,12.612526684412874,-0.04580480083407153,5.630145825081821,0.802169220582267
0.1,5,0.7,300,1,1.0,0.0040336123339688255,0.9999999201931333,12.4313524333739,0.007875747384259979,4.615213372452919,0.8670653661975231
0.1,5,0.8,300,1,1.0,0.0012373001951812668,0.9999999934145686,12.33474177916027,0.028558372351934612,4.5823410253824735,0.8689523042976841
0.1,5,0.9,300,1,1.0,0.0011035174708022544,0.9999999947431689,12.365769469953584,0.009225816742795368,4.331891380401278,0.8828857634214511
0.1,5,0.6,300,3,1.0,0.35685295404536643,0.9994415604135028,12.764647233376403,-0.11264476065014,5.919040037138719,0.7813461492722098
0.1,5,0.7,300,3,1.0,0.15282550237162823,0.9998942988981462,12.971929418626644,-0.15435722388122283,5.069816562353704,0.8395871825913643
0.1,5,0.8,300,3,1.0,0.05894090616910552,0.9999845779083394,12.771667246032012,-0.10950624385794142,4.7042530275023235,0.861886566778239
0.1,5,0.9,300,3,1.0,0.02498374468866288,0.9999972558469612,12.73754963005349,-0.08747538641179728,4.258489969101265,0.8868210052781833
0.1,5,0.6,300,5,1.0,1.0406124364916332,0.9953945885206664,12.712566261781653,-0.10045818461748787,5.073096127750855,0.8393795796236426
0.1,5,0.7,300,5,1.0,0.5875893747199179,0.9985372729560957,12.668608786438787,-0.07411798918573817,5.274461730566105,0.8263755567443927
0.1,5,0.8,300,5,1.0,0.29914600402939684,0.999622404621468,12.64663589910693,-0.10602153011605013,4.739981374212015,0.8597806837107377
0.1,5,0.9,300,5,1.0,0.16015849438155144,0.9998936237044417,12.967174553401856,-0.1897214110733994,4.448376663605255,0.8765026375422369
0.1,5,0.6,300,10,1.0,2.927362275661976,0.96407885441534,12.740347418114759,-0.10788524221364977,4.946937111965502,0.8472689442660779
0.1,5,0.7,300,10,1.0,2.152385723616474,0.9806725695361358,12.556108069714663,-0.062230659257653184,4.81074965653351,0.8555624577121563
0.1,5,0.8,300,10,1.0,1.4917717155211245,0.9907524662960843,12.731272293788855,-0.12391248411952219,4.779734435018464,0.8574188510086984
0.1,5,0.9,300,10,1.0,1.0337510135577843,0.9955761362927676,12.858077779914533,-0.16092698827306356,4.58263815261853,0.8689353090099918
0.1,5,0.6,400,1,1.0,0.003508306338841566,0.9999999388560921,12.615467954925183,-0.04632484595089157,5.643080075935307,0.8012592149834187
0.1,5,0.7,400,1,1.0,0.0010174948849667842,0.9999999954981511,12.432025727473897,0.007784259003965422,4.615657942861388,0.8670397545318904
0.1,5,0.8,400,1,1.0,0.0009716327503290053,0.9999999959201972,12.334878896306915,0.028540553035535578,4.582195759291825,0.8689606129262181
0.1,5,0.9,400,1,1.0,0.001024516844015963,0.9999999955057266,12.365808930969454,0.009221798397330793,4.3319408345465575,0.8828830893850905
0.1,5,0.6,400,3,1.0,0.128848849417983,0.9999251325622911,12.758659211725298,-0.10705945481075547,6.151807331685289,0.7638108051861392
0.1,5,0.7,400,3,1.0,0.03900150459110423,0.9999931082582985,12.982607522448603,-0.15534832487218703,5.1315055573757204,0.8356596596428388
0.1,5,0.8,400,3,1.0,0.012033883217550468,0.9999993349396478,12.78119801381352,-0.11147261147045973,4.715129502343304,0.8612471777658045
0.1,5,0.9,400,3,1.0,0.004213598930229367,0.9999999167887734,12.747562502024419,-0.09006597326149701,4.261101905289257,0.8866821264868686
0.1,5,0.6,400,5,1.0,0.49157780598165884,0.9989646481205454,12.721277135390348,-0.09355649764803065,5.531575694672487,0.8090356520355928
0.1,5,0.7,400,5,1.0,0.2273495702572899,0.999778562742814,12.695310480742203,-0.0778172790109151,5.474844178462722,0.8129326039046874
0.1,5,0.8,400,5,1.0,0.09332842338595862,0.999962409968291,12.669703678875672,-0.1104121456036048,4.775564161163439,0.8576675439239174
0.1,5,0.9,400,5,1.0,0.042585741389975666,0.9999922258651035,12.986215805065077,-0.1946068620502679,4.458161955910886,0.8759587146547086
0.1,5,0.6,400,10,1.0,1.8821563933020964,0.9852344859812365,12.755000067199859,-0.1094339731747214,5.487626613815539,0.8120580700444814
0.1,5,0.7,400,10,1.0,1.245186182531533,0.993538069065248,12.637744677154139,-0.08055552688541401,5.215190552612258,0.8302558024381197
0.1,5,0.8,400,10,1.0,0.7655221952512085,0.9975730347054987,12.819425319052806,-0.14881056063196058,4.98439944314053,0.8449469717585625
0.1,5,0.9,400,10,1.0,0.47153432674745754,0.9990819800328842,12.927523953371724,-0.18299179209205296,4.626860679982506,0.8663935514062309
0.1,6,0.6,100,1,1.0,0.9335473988966815,0.9963527058695918,12.645451374230735,-0.07340292557210928,5.034333714986562,0.8418247330345063
0.1,6,0.7,100,1,1.0,0.524244368124559,0.9988605666304963,12.449611495039123,-0.000721258566709726,4.204510577176168,0.8896720690511961
0.1,6,0.8,100,1,1.0,0.28040470585595745,0.9996733905898324,12.263339230306045,0.043564742092651265,4.4902162214188,0.8741685839784334
0.1,6,0.9,100,1,1.0,0.14878432309347045,0.9999079181960665,12.382303901958627,5.506915620920871e-05,4.023721617092628,0.89895602391236
0.1,6,0.6,100,3,1.0,3.073559666142136,0.9610112527762815,12.887843181315855,-0.168278791598858,4.746515883319646,0.8593938062505969
0.1,6,0.7,100,3,1.0,2.372621536088955,0.9768585582939208,12.761572664318802,-0.1127781023079267,4.447725938597857,0.8765387662023258
0.1,6,0.8,100,3,1.0,1.7553792409415028,0.9873567966173162,12.653401392321186,-0.08415498555709319,4.315079011151672,0.8837930562260361
0.1,6,0.9,100,3,1.0,1.335203467713423,0.9926546002136669,12.608868200802302,-0.04866026413189448,4.056774505120498,0.8972891528254825
0.1,6,0.6,100,5,1.0,4.816593206536872,0.9041596881903518,12.653089297756823,-0.07912184813511661,4.29019323077613,0.8851295608124926
0.1,6,0.7,100,5,1.0,4.03382331332798,0.9328994877595846,12.47819304106474,-0.03141247501771764,4.411407104868902,0.878546830860944
0.1,6,0.8,100,5,1.0,3.3048878438802327,0.9551108426935505,12.444159381203677,-0.054806480123102096,4.224983785627626,0.8885950038171311
0.1,6,0.9,100,5,1.0,2.713679073384333,0.9696120333945579,12.775241982316222,-0.09990937498316925,4.237614442324534,0.8879279141268988
0.1,6,0.6,100,10,1.0,7.281195452750521,0.7814145153878785,12.745755848665658,-0.08014574426967261,4.443528828776721,0.8767716653839903
0.1,6,0.7,100,10,1.0,6.638103700454934,0.8184355744452378,12.541304728436941,-0.033133346169320864,4.358714357046306,0.881430935611332
0.1,6,0.8,100,10,1.0,5.891328625124686,0.857054537197142,12.537267983793846,-0.049440929938380604,4.398309655229152,0.879266948183149
0.1,6,0.9,100,10,1.0,5.259446566251807,0.8858735350565261,12.538191498760554,-0.05537653940485419,4.24775084225233,0.8873911186410935
0.1,6,0.6,200,1,1.0,0.13862937604419032,0.9999069821739196,12.60368355780133,-0.04580022222831668,5.4751620349968615,0.8129108818909437
0.1,6,0.7,200,1,1.0,0.039992384637371994,0.9999923409817926,12.443521571546787,0.004776828576573511,4.3862833598657245,0.8799262861528548
0.1,6,0.8,200,1,1.0,0.01073598096324218,0.9999994625027246,12.278007580649085,0.041008438216562505,4.572071286956129,0.8695390425813132
0.1,6,0.9,200,1,1.0,0.0024094295129733915,0.9999999746248612,12.370968213411928,0.00041562944407502744,4.06000758010369,0.8971253753251113
0.1,6,0.6,200,3,1.0,0.9916339747461921,0.9957960782454057,12.83613290998303,-0.14779383596988827,5.3594072942803574,0.8207380563590239
0.1,6,0.7,200,3,1.0,0.5516740180482735,0.9986871078952928,12.868296296008097,-0.13085490142786713,4.906174208433476,0.8497755906718008
0.1,6,0.8,200,3,1.0,0.2860611091931685,0.9996530725683138,12.766487208643838,-0.11002863732692636,4.66406928244292,0.8642360200331437
0.1,6,0.9,200,3,1.0,0.15510748424661377,0.9999004092458035,12.726038658890584,-0.0928886834806549,4.122132463199839,0.8939529817041583
0.1,6,0.6,200,5,1.0,2.13889410268169,0.9808160926132314,12.705367541716386,-0.10650247172375685,4.566162587479903,0.8698760261657209
0.1,6,0.7,200,5,1.0,1.4608043703627847,0.9910792820988548,12.590322970784763,-0.05966295742752927,4.92590238754386,0.8485650292481746
0.1,6,0.8,200,5,1.0,0.9419131593290601,0.9963228145348717,12.641885597872497,-0.11133050561452522,4.456466422453551,0.8760530477711944
0.1,6,0.9,200,5,1.0,0.6288236282850307,0.9983648288443007,12.924282260133017,-0.16530613588548643,4.299998825498776,0.8846038687882184
0.1,6,0.6,200,10,1.0,4.498831968167762,0.9154301757146651,12.610079624061008,-0.06542231616694498,4.595343261984803,0.8682075624576416
0.1,6,0.7,200,10,1.0,3.665103331710641,0.9438975377560034,12.407231726058559,-0.022431208750764188,4.422648231330703,0.8779270694611128
0.1,6,0.8,200,10,1.0,2.8767285436375145,0.9656851482727772,12.554762677719044,-0.05910020518899759,4.4541650832282835,0.8761810282406284
0.1,6,0.9,200,10,1.0,2.2682029996655038,0.9786606464783087,12.846527698928597,-0.1538645153324444,4.34611457657437,0.8821154424543802
0.1,6,0.6,300,1,1.0,0.0205250342175964,0.9999978330937,12.618616254233071,-0.04805632846188117,5.522420705050059,0.8096672369527098
0.1,6,0.7,300,1,1.0,0.0035678865143418683,0.999999935979595,12.450177624627182,0.003793418192243614,4.402916938249373,0.8790138770156901
0.1,6,0.8,300,1,1.0,0.0010768692273185674,0.99999999492501,12.278960277752565,0.04082888113730347,4.573448536512873,0.8694604329767452
0.1,6,0.9,300,1,1.0,0.0010718858044375889,0.9999999949174387,12.371123506053188,0.00038209612438062647,4.059660009480173,0.8971429884286447
0.1,6,0.6,300,3,1.0,0.35302077427194656,0.9994520853466511,12.784764633891916,-0.12466754271423677,5.741911792665117,0.7942368461031404
0.1,6,0.7,300,3,1.0,0.14740640233917182,0.9999007166555582,12.887308649900879,-0.13094678045961122,5.05330683720042,0.8406302417701832
0.1,6,0.8,300,3,1.0,0.05180542904553971,0.9999882716688161,12.787657451885105,-0.11399305786683622,4.7371141598482875,0.8599502697109243
0.1,6,0.9,300,3,1.0,0.020095818636050384,0.9999982826744118,12.74093017783645,-0.09741542347861809,4.139553691496401,0.8930547217472976
0.1,6,0.6,300,5,1.0,1.0386827358399997,0.9954126618853723,12.728841909298449,-0.10782914986328429,5.106281850373486,0.8372713054212968
0.1,6,0.7,300,5,1.0,0.5835294465501148,0.998556665149209,12.65753288064963,-0.07088874193938613,5.20280241797305,0.831061263502724
0.1,6,0.8,300,5,1.0,0.2896411279026514,0.9996483000856309,12.694086147719776,-0.12421970359184893,4.637910407445295,0.8657546397157823
0.1,6,0.9,300,5,1.0,0.15362599876975705,0.9999017021891884,12.942876450246109,-0.17977400458995407,4.2955181511263705,0.88484423308592
0.1,6,0.6,300,10,1.0,2.9229960664464203,0.9642037691143039,12.753436193597969,-0.1125574893473719,4.915441463308025,0.8492075379851695
0.1,6,0.7,300,10,1.0,2.1480412067004013,0.9807594039614234,12.576586619226335,-0.06982753346619501,4.761055251726098,0.8585310865817761
0.1,6,0.8,300,10,1.0,1.4789252144700886,0.9909063627130706,12.667575246510188,-0.09852522069387737,4.8368087987470885,0.8539934245973027
0.1,6,0.9,300,10,1.0,1.0301122830008538,0.995596433186494,12.926573598032633,-0.18704711735117457,4.450576904107894,0.8763804396624421
0.1,6,0.6,400,1,1.0,0.0033000924391206735,0.9999999439435057,12.622034239042426,-0.048842235780445574,5.527994009247582,0.8092828701244252
0.1,6,0.7,400,1,1.0,0.0009860632326898857,0.9999999957435042,12.450991240664859,0.0036558795639282547,4.404447437192267,0.8789297503699816
0.1,6,0.8,400,1,1.0,0.0009153460562303076,0.9999999963615902,12.279015326201357,0.04082133099481557,4.573405392495785,0.8694628958774209
0.1,6,0.9,400,1,1.0,0.0009819385463439862,0.9999999957728998,12.37113699847416,0.0003793180926901174,4.059664508951268,0.8971427604280703
0.1,6,0.6,400,3,1.0,0.12737659581068597,0.9999264919195505,12.78073489996669,-0.11981914026504488,5.9330988507391496,0.7803062291546412
0.1,6,0.7,400,3,1.0,0.03704781944793341,0.9999936654558406,12.898250332110356,-0.1323435630735133,5.1162302784805975,0.8366366080855714
0.1,6,0.8,400,3,1.0,0.009383079775192104,0.9999996081626424,12.790453233312837,-0.11435992749418908,4.748060666747801,0.8593022690182823
0.1,6,0.9,400,3,1.0,0.0028553815765320406,0.9999999644486438,12.743433154976405,-0.09775503128679826,4.141343110561216,0.8929622425593812
0.1,6,0.6,400,5,1.0,0.49265793874550373,0.9989590903216612,12.726814393889773,-0.09797958428780826,5.540769377610483,0.8084003449349766
0.1,6,0.7,400,5,1.0,0.22253466227067928,0.9997872313470182,12.682870786215831,-0.07399612574114973,5.42873754166338,0.8160701289554633
0.1,6,0.8,400,5,1.0,0.08724420799343278,0.9999678489823005,12.708315887534152,-0.12602521276404594,4.678542337898359,0.8633921353654935
0.1,6,0.9,400,5,1.0,0.03836496417894396,0.9999937389247309,12.952364412040462,-0.18243860219657393,4.311478792101702,0.8839868862445334
0.1,6,0.6,400,10,1.0,1.878130548087433,0.9853067582648725,12.769763246338732,-0.114313377457487,5.407334205871791,0.8175175934245944
0.1,6,0.7,400,10,1.0,1.242226457674412,0.9935622607620591,12.660422428139501,-0.08953515049121263,5.175665743496247,0.8328189623070529
0.1,6,0.8,400,10,1.0,0.7550252305494329,0.997635655729891,12.748098293346773,-0.12209987933405453,5.01185788408147,0.8432339302866902
0.1,6,0.9,400,10,1.0,0.46859859160881945,0.9990907462116032,12.989087376041988,-0.2094811470286076,4.483131769956139,0.8745653324975167
0.1,7,0.6,100,1,1.0,0.9308165323286228,0.9963772944338842,12.640921791061057,-0.07192088856922543,5.058946332811498,0.8402743296546491
0.1,7,0.7,100,1,1.0,0.5250445455579688,0.9988532957619191,12.437774246953106,0.0024156685116817345,4.3025752554832755,0.8844655435773336
0.1,7,0.8,100,1,1.0,0.27603420684253044,0.9996838364749893,12.265221177431664,0.04198529052216562,4.459940586784316,0.8758597197451703
0.1,7,0.9,100,1,1.0,0.14588678916841363,0.9999117305769334,12.3866963425435,-0.0011060283708996589,3.960134513341291,0.9021243970427503
0.1,7,0.6,100,3,1.0,3.0735402306466524,0.9610117252569026,12.887987672975035,-0.16832332173887293,4.760276859421928,0.8585773407443327
0.1,7,0.7,100,3,1.0,2.3718549641697684,0.9768742030370061,12.763716294371765,-0.11319735036152609,4.454700679570999,0.8761512489332268
0.1,7,0.8,100,3,1.0,1.7499743106809134,0.987434425649844,12.653487622723997,-0.08268093433263506,4.3228201065009095,0.883375740145941
0.1,7,0.9,100,3,1.0,1.3311571717117496,0.9927031262373516,12.618253554580615,-0.052298347425718664,4.0702817299506915,0.8966040528237444
0.1,7,0.6,100,5,1.0,4.8165897244161044,0.9041598104830179,12.653398824838103,-0.07919323055478182,4.2904499093426365,0.8851158152023987
0.1,7,0.7,100,5,1.0,4.033762171463584,0.9329014975102474,12.477596233356905,-0.031314439129871884,4.4110535266810285,0.8785662992389319
0.1,7,0.8,100,5,1.0,3.3042392009084063,0.9551290611237684,12.444331972221404,-0.05494506224926883,4.213493925526592,0.8892001125537314
0.1,7,0.9,100,5,1.0,2.710649309909059,0.9696834924917948,12.768361994205446,-0.09790741897204777,4.233048230939872,0.8881693089625401
0.1,7,0.6,100,10,1.0,7.281195452750521,0.7814145153878785,12.745755848665658,-0.08014574426967261,4.4435281761483205,0.8767717015814848
0.1,7,0.7,100,10,1.0,6.638103700454934,0.8184355744452378,12.541304728436941,-0.033133346169320864,4.358716782546479,0.8814308036506929
0.1,7,0.8,100,10,1.0,5.891328163043884,0.8570545589464403,12.537449697048153,-0.049500498430649985,4.398309655229152,0.879266948183149
0.1,7,0.9,100,10,1.0,5.2592694569755585,0.8858826536678626,12.537681480323485,-0.05528680199268086,4.247965239334962,0.8873797509192922
0.1,7,0.6,200,1,1.0,0.13755545271674652,0.9999082280349537,12.59732931224065,-0.04393600551865784,5.521255399473255,0.8097475540604095
0.1,7,0.7,200,1,1.0,0.03929447762665955,0.9999925058430998,12.44041337766874,0.006884579729406659,4.4888236302175,0.8742466223360816
0.1,7,0.8,200,1,1.0,0.009903994840584365,0.999999525503345,12.269539891367888,0.04166014583529123,4.52567857874485,0.8721731791808477
0.1,7,0.9,200,1,1.0,0.002226013005595835,0.9999999781323741,12.369696461998046,0.00034837421553424175,3.989409635380323,0.9006719660260538
0.1,7,0.6,200,3,1.0,0.9912918707915791,0.9958012161320127,12.826349668478443,-0.14514366364470005,5.401246836780343,0.8179282255216741
0.1,7,0.7,200,3,1.0,0.5468761276466259,0.9987138352964914,12.889458546830067,-0.13865806842320255,4.906691608263212,0.8497439039933582
0.1,7,0.8,200,3,1.0,0.2808798940613705,0.9996667235346015,12.771528113811714,-0.1107238832615429,4.641866084090777,0.8655255461593296
0.1,7,0.9,200,3,1.0,0.14938024606068073,0.9999082024281162,12.73393928285039,-0.098049187958719,4.110328483352555,0.8945594564392437
0.1,7,0.6,200,5,1.0,2.139097510925256,0.9808125389203509,12.700920265047916,-0.10500824657743062,4.5614770813210885,0.870142939072619
0.1,7,0.7,200,5,1.0,1.4560441185246549,0.9911365227229545,12.593177811805546,-0.06156463530954914,4.955844589680536,0.8467184326022281
0.1,7,0.8,200,5,1.0,0.9345345281797617,0.9963840003366174,12.620353526917706,-0.10403953216968986,4.438648303391936,0.8770422110497216
0.1,7,0.9,200,5,1.0,0.6197123124737891,0.9984180348165272,12.953953068507142,-0.17905853357830748,4.227319466145722,0.8884717946325039
0.1,7,0.6,200,10,1.0,4.5047722945975845,0.9151951779584264,12.600864916698075,-0.06242015227774678,4.586442426204018,0.8687176121794835
0.1,7,0.7,200,10,1.0,3.6650292868217704,0.9439000758806648,12.407499178340752,-0.022543880644246374,4.4225000310885125,0.8779352505027924
0.1,7,0.8,200,10,1.0,2.8775110200199085,0.9656624362848104,12.565779765683828,-0.06301990096528239,4.421210326966926,0.8780064339757914
0.1,7,0.9,200,10,1.0,2.2666609276806318,0.9786908407718006,12.848308136113221,-0.15538242498494467,4.351916841883231,0.8818004695971866
0.1,7,0.6,300,1,1.0,0.020408533287584584,0.9999978547098912,12.614705348292224,-0.04710306968357754,5.5642288956821115,0.8067744512043072
0.1,7,0.7,300,1,1.0,0.0034840773602214424,0.9999999377037877,12.447442725788164,0.0058541416213468535,4.504208431279009,0.8733831417025484
0.1,7,0.8,300,1,1.0,0.0010175393291744362,0.9999999955089292,12.270645204058983,0.041443989266568226,4.527808767187934,0.8720528174296065
0.1,7,0.9,300,1,1.0,0.0009958844085239664,0.9999999956437904,12.36975140804927,0.00033787850939630547,3.989959652086521,0.9006445755853052
0.1,7,0.6,300,3,1.0,0.3519733417846875,0.9994556776146849,12.770267172995347,-0.12155083259715534,5.795499043179642,0.7903782936607148
0.1,7,0.7,300,3,1.0,0.14512426119927663,0.9999041536425397,12.905750566058098,-0.13766732853615982,5.054537759380083,0.840552591364623
0.1,7,0.8,300,3,1.0,0.04950941594142261,0.9999893684978396,12.793056760992382,-0.11562731399975186,4.714357689891365,0.8612925985293672
0.1,7,0.9,300,3,1.0,0.017529386968918665,0.9999987272712039,12.738212393588693,-0.09950751711444746,4.128513104403176,0.8936244276503776
0.1,7,0.6,300,5,1.0,1.0381760117141448,0.995417962254401,12.720577900826385,-0.10508280750136112,5.088700331414947,0.8383899636956484
0.1,7,0.7,300,5,1.0,0.5820144423776612,0.9985646102268836,12.667874838269272,-0.07409783094360267,5.235783196188157,0.8289126557843628
0.1,7,0.8,300,5,1.0,0.2856677733819095,0.9996589584554245,12.674853690326966,-0.1176765334690397,4.629915928254478,0.8662170448404272
0.1,7,0.9,300,5,1.0,0.1472618775522849,0.9999106114362443,12.976219998703675,-0.1951495416520887,4.244922025103919,0.8875410539250981
0.1,7,0.6,300,10,1.0,2.92603154920765,0.9641249524499027,12.74136295412212,-0.10829641561521856,4.929081829754176,0.8483694776166706
0.1,7,0.7,300,10,1.0,2.1475963788589687,0.980768144371033,12.575953820006184,-0.06969663551569893,4.7667263774384185,0.8581938647802363
0.1,7,0.8,300,10,1.0,1.4769259431426045,0.9909315825087909,12.704191339135049,-0.11030204595516743,4.782473459821413,0.8572553920524307
0.1,7,0.9,300,10,1.0,1.027687902015192,0.9956196453211319,12.934056724582536,-0.18871474004456804,4.455568727635982,0.8761029776122632
0.1,7,0.6,400,1,1.0,0.0032869126668168616,0.9999999443536141,12.618180878506111,-0.047932724888989545,5.569229830548604,0.8064269663526483
0.1,7,0.7,400,1,1.0,0.0009851311875397964,0.9999999957740071,12.448302561425685,0.0056990776826653985,4.505741617155562,0.8732969288989993
0.1,7,0.8,400,1,1.0,0.000905985559182401,0.9999999964371638,12.27074158287365,0.041430731051705895,4.527760497109614,0.8720555454545388
0.1,7,0.9,400,1,1.0,0.0009241986033935437,0.9999999962774153,12.369796454728334,0.00033174559094990564,3.9899936395614874,0.9006428829093501
0.1,7,0.6,400,3,1.0,0.1275376112863152,0.9999265364520064,12.765923198109231,-0.11677423512774739,6.008367381288607,0.7746967095871573
0.1,7,0.7,400,3,1.0,0.036402036230267075,0.9999938917050699,12.91875056082317,-0.1397555903868826,5.112075296272181,0.8369018410123703
0.1,7,0.8,400,3,1.0,0.008534975388369653,0.9999996743191261,12.798189045661125,-0.11686920090478617,4.722699638618835,0.860801285044215
0.1,7,0.9,400,3,1.0,0.002458347548896368,0.9999999739507007,12.739860822915748,-0.09980357776097912,4.130872977589264,0.8935027835619889
0.1,7,0.6,400,5,1.0,0.49149385402161727,0.9989643301423949,12.7187924355638,-0.09566715894475426,5.533804926576918,0.8088817032802369
0.1,7,0.7,400,5,1.0,0.2216755357272496,0.9997890858997318,12.68852514435062,-0.07555046847039426,5.457023412055853,0.8141484407917702
0.1,7,0.8,400,5,1.0,0.0853620751913962,0.9999693669570284,12.692073913306654,-0.12092251822123039,4.679682252544176,0.8633255589556087
0.1,7,0.9,400,5,1.0,0.03489105543319714,0.9999949301065527,12.978108307640321,-0.19633482459330578,4.251200774710338,0.8872081273065433
0.1,7,0.6,400,10,1.0,1.879226986006706,0.9852887860378136,12.757287534777408,-0.11028184943839614,5.420344957990623,0.8166383839564069
0.1,7,0.7,400,10,1.0,1.2402324509444234,0.9935855838770202,12.667398325245541,-0.09196003498190612,5.173334913152159,0.8329695063769329
0.1,7,0.8,400,10,1.0,0.75155508139908,0.9976581270589442,12.776331127893865,-0.13146287509977916,4.956706666098332,0.8466651008582013
0.1,7,0.9,400,10,1.0,0.4635588968790148,0.9991121616807874,12.990488852427529,-0.20967852513766952,4.474560426988682,0.8750445134904524
0.1,8,0.6,100,1,1.0,0.9308503043686469,0.9963770197821177,12.640756745042163,-0.0718655866751404,5.078469327812468,0.8390391552828076
0.1,8,0.7,100,1,1.0,0.5241393100534506,0.9988570086000831,12.428599569466227,0.004762571350164268,4.298777932008431,0.8846693880547454
0.1,8,0.8,100,1,1.0,0.2757029850654073,0.9996846103413972,12.26913457329697,0.04123992604330817,4.48172895310834,0.8746438197442821
0.1,8,0.9,100,1,1.0,0.14515267604276466,0.9999127389490969,12.376934535403311,0.000268436969110164,3.918785490769365,0.9041576270656532
0.1,8,0.6,100,3,1.0,3.0735402306466524,0.9610117252569026,12.887987672975035,-0.16832332173887293,4.760276859421928,0.8585773407443327
0.1,8,0.7,100,3,1.0,2.371761884455307,0.9768761226920109,12.763090649317778,-0.11297006401449865,4.446199886586373,0.8766234728342323
0.1,8,0.8,100,3,1.0,1.7496639859048586,0.987438969915806,12.670533367945646,-0.08877753612470374,4.299976178218531,0.8846050843241972
0.1,8,0.9,100,3,1.0,1.3287039237811424,0.9927281081943846,12.613870072554349,-0.0524707174384629,4.064001991179054,0.896922850736553
0.1,8,0.6,100,5,1.0,4.8165897244161044,0.9041598104830179,12.653398824838103,-0.07919323055478182,4.290494225188007,0.885113441923992
0.1,8,0.7,100,5,1.0,4.033762171463584,0.9329014975102474,12.477596233356905,-0.031314439129871884,4.4110535266810285,0.8785662992389319
0.1,8,0.8,100,5,1.0,3.3042176221432507,0.9551296520174073,12.444325341540058,-0.054942714015758565,4.213454135947928,0.8892022051923345
0.1,8,0.9,100,5,1.0,2.710649309909059,0.9696834924917948,12.768361994205446,-0.09790741897204777,4.2329649233600835,0.8881737106381338
0.1,8,0.6,100,10,1.0,7.281195452750521,0.7814145153878785,12.745755848665658,-0.08014574426967261,4.4435281761483205,0.8767717015814848
0.1,8,0.7,100,10,1.0,6.638103700454934,0.8184355744452378,12.541304728436941,-0.033133346169320864,4.358716782546479,0.8814308036506929
0.1,8,0.8,100,10,1.0,5.891328163043884,0.8570545589464403,12.537449697048153,-0.049500498430649985,4.398309655229152,0.879266948183149
0.1,8,0.9,100,10,1.0,5.2592694569755585,0.8858826536678626,12.537681480323485,-0.05528680199268086,4.247965239334962,0.8873797509192922
0.1,8,0.6,200,1,1.0,0.13657944309455325,0.9999089260320462,12.59829189518796,-0.04417688774756896,5.524006423582991,0.8095579162262877
0.1,8,0.7,200,1,1.0,0.03879104686447783,0.9999926216774142,12.432216717075896,0.008955632350228582,4.496254787563889,0.8738299133135788
0.1,8,0.8,200,1,1.0,0.009809880652995623,0.9999995324187869,12.27191627104062,0.04128584788231717,4.551097458706926,0.8707332451199516
0.1,8,0.9,200,1,1.0,0.002180780698015373,0.9999999792035709,12.357262153861459,0.0021132182090929817,3.9471251698088223,0.9027663984185397
0.1,8,0.6,200,3,1.0,0.9903641840191204,0.9958099224514345,12.82261910821617,-0.14266863383509742,5.4091646625754075,0.8173940269247623
0.1,8,0.7,200,3,1.0,0.5462087538304807,0.9987170802707522,12.874958967136147,-0.13345043384315608,4.911668418529091,0.8494389427762907
0.1,8,0.8,200,3,1.0,0.2805584950902241,0.9996675906347843,12.796747876635397,-0.12031155547276182,4.623801097195341,0.8665701916219658
0.1,8,0.9,200,3,1.0,0.1486721944031802,0.9999091595221218,12.724659563429402,-0.09757407084514805,4.15742572040124,0.8921292813667443
0.1,8,0.6,200,5,1.0,2.1389819512630774,0.9808149058476611,12.702650789547786,-0.10563297382389895,4.561626168783407,0.8701344504292629
0.1,8,0.7,200,5,1.0,1.4550449990423835,0.9911504166535879,12.596533768224567,-0.06244711853297606,4.957296867168156,0.8466285831396879
0.1,8,0.8,200,5,1.0,0.9341406622744117,0.9963872453162267,12.641129279983563,-0.11194122073066604,4.433740881394164,0.8773139479168052
0.1,8,0.9,200,5,1.0,0.6199425974265939,0.9984168123700126,12.909587957660914,-0.1613114659485754,4.219343995318041,0.8888922269549414
0.1,8,0.6,200,10,1.0,4.5047722945975845,0.9151951779584264,12.600864916698075,-0.06242015227774678,4.586442426204018,0.8687176121794835
0.1,8,0.7,200,10,1.0,3.6650292637528112,0.9439000766313516,12.407500543498006,-0.022544310263946897,4.4225000310885125,0.8779352505027924
0.1,8,0.8,200,10,1.0,2.8771975190380426,0.9656702314907122,12.569113176853795,-0.06416092689708866,4.421228944729309,0.8780054065412932
0.1,8,0.9,200,10,1.0,2.2666609276806318,0.9786908407718006,12.848308136113221,-0.15538242498494467,4.352113312555089,0.8817897969367476
0.1,8,0.6,300,1,1.0,0.02033337709666289,0.999997859960633,12.615644480562946,-0.047356519611412004,5.56547566079197,0.8066878502154415
0.1,8,0.7,300,1,1.0,0.003437863705728424,0.9999999384997666,12.439147085624011,0.00791932392655934,4.508193954879071,0.8731589701322902
0.1,8,0.8,300,1,1.0,0.0010041565457243806,0.9999999956197216,12.272986989953834,0.04108378000061939,4.55383374361353,0.8705777586662521
0.1,8,0.9,300,1,1.0,0.0009741300510631044,0.9999999958653856,12.357289679016484,0.002107380699148087,3.947428459548462,0.9027514553471063
0.1,8,0.6,300,3,1.0,0.3504976289191495,0.9994599173792533,12.772432095979761,-0.12005811638789729,5.792805194243258,0.7905731200139818
0.1,8,0.7,300,3,1.0,0.1451906018160965,0.9999040471699449,12.892064524619315,-0.13261619562242233,5.061954313767982,0.8400843317467441
0.1,8,0.8,300,3,1.0,0.049300142815587734,0.9999894572287038,12.81803316081924,-0.12532310629355156,4.689111918096732,0.8627741998359907
0.1,8,0.9,300,3,1.0,0.017271857648854354,0.9999987707773601,12.72848030485178,-0.09986587510486974,4.166957397734061,0.8916340866906538
0.1,8,0.6,300,5,1.0,1.0354056771164744,0.995446891289937,12.720946231168307,-0.10521463471156281,5.089189782557296,0.8383588736271371
0.1,8,0.7,300,5,1.0,0.5817878857626507,0.9985662403090666,12.670765935924848,-0.07494735954901502,5.2549548364322725,0.8276574356756763
0.1,8,0.8,300,5,1.0,0.2852522398650789,0.9996600736735894,12.699470800813877,-0.1273431786707636,4.607770977005669,0.8674937556692428
0.1,8,0.9,300,5,1.0,0.14665390263942307,0.9999114018688822,12.928610099745026,-0.17571170904084682,4.249203766957514,0.887314070709964
0.1,8,0.6,300,10,1.0,2.92603154920765,0.9641249524499027,12.74136295412212,-0.10829641561521856,4.929027428748581,0.8483728246121806
0.1,8,0.7,300,10,1.0,2.1454108977572686,0.9808107655900125,12.57295074811165,-0.06866997291081715,4.76667939381092,0.8581966602139455
0.1,8,0.8,300,10,1.0,1.4764397985477022,0.99093759909808,12.704840050459032,-0.11054030417908978,4.781133724496529,0.8573353562002133
0.1,8,0.9,300,10,1.0,1.028030148670637,0.9956167629724568,12.93613069589394,-0.1895755888521668,4.452032714600285,0.8762995530309019
0.1,8,0.6,400,1,1.0,0.0032266312821632353,0.9999999449804011,12.619283881802327,-0.048222986301675874,5.570223484482327,0.8063578861490573
0.1,8,0.7,400,1,1.0,0.000997614007665106,0.9999999956450567,12.439962993417016,0.007768322790455029,4.509167767848731,0.8731041664650583
0.1,8,0.8,400,1,1.0,0.0008895588347121984,0.9999999965504898,12.273085396052473,0.04107061810396222,4.5538206381110395,0.8705785035951015
0.1,8,0.9,400,1,1.0,0.0009130539223260042,0.9999999963899884,12.357324418954805,0.002102511074283009,3.947526210619296,0.90274663891171
0.1,8,0.6,400,3,1.0,0.12700401804871272,0.9999269997417561,12.766938103152617,-0.11483452483234839,6.003060738554321,0.7750945135193219
0.1,8,0.7,400,3,1.0,0.03662233027561838,0.9999938139333253,12.903981357916834,-0.1343423699423273,5.1208573689481005,0.8363409845631998
0.1,8,0.8,400,3,1.0,0.008477352767341864,0.9999996773379959,12.823486526734436,-0.12657589421555124,4.700490309285562,0.8621074197354017
0.1,8,0.9,400,3,1.0,0.002422200188477324,0.9999999750175285,12.728517577498556,-0.09988588848487907,4.169160280388233,0.8915194800520413
0.1,8,0.6,400,5,1.0,0.4900137911292116,0.9989716483259221,12.715864173084235,-0.09465103364954522,5.546357372185984,0.8080136846530516
0.1,8,0.7,400,5,1.0,0.22176626110154923,0.9997890026951847,12.690194149238465,-0.07603806134523117,5.462416845708447,0.8137808875207462
0.1,8,0.8,400,5,1.0,0.0852957541624384,0.9999694220128831,12.714175644342223,-0.12982484673372877,4.656482024776254,0.8646773678773139
0.1,8,0.9,400,5,1.0,0.03450787375294144,0.9999950672832354,12.933382212963398,-0.17733911845473674,4.255577828279733,0.886975745797936
0.1,8,0.6,400,10,1.0,1.879226986006706,0.9852887860378136,12.757287534777408,-0.11028184943839614,5.420568206054221,0.8166232793942301
0.1,8,0.7,400,10,1.0,1.2396286199304911,0.9935922551927376,12.666492790212043,-0.0916404588104129,5.1732223107668265,0.8329767774419746
0.1,8,0.8,400,10,1.0,0.7507160361230578,0.997663270104335,12.782222455062954,-0.1331328009140287,4.960519754739436,0.8464290955860085
0.1,8,0.9,400,10,1.0,0.46313574477849445,0.9991135960320221,12.993540262937376,-0.21101075309324066,4.47269247454089,0.8751488196857875
0.2,3,0.6,100,1,1.0,0.2658788526385553,0.9996976233397306,13.008717497564977,-0.1067981949285807,6.550646065716943,0.7321924324948701
0.2,3,0.7,100,1,1.0,0.14957135240858338,0.999902735472251,13.05796807884029,-0.14228003710709383,6.393807837562339,0.7448628298659044
0.2,3,0.8,100,1,1.0,0.10074762880962347,0.9999552831873146,12.781333807983929,-0.0420383320447308,6.236422334172503,0.757268795321832
0.2,3,0.9,100,1,1.0,0.0783811802737058,0.9999739512297374,13.227133229008846,-0.13454828142469233,5.71128330853414,0.7964261534624861
0.2,3,0.6,100,3,1.0,1.2491132750991212,0.9934169393220937,13.119158757535033,-0.2651139985154704,6.013796397042724,0.7742893684073645
0.2,3,0.7,100,3,1.0,0.8207282843079609,0.9971378925877085,12.723969977219202,-0.11253120399420657,5.829086918854172,0.7879415232902593
0.2,3,0.8,100,3,1.0,0.6704108278786424,0.9980672323270345,12.759244697383625,-0.12560804103654508,5.932161097834839,0.7803756708395952
0.2,3,0.9,100,3,1.0,0.5962544045725782,0.9984802767088043,13.074680757239133,-0.16178752668733354,5.750415785092272,0.7936269084612926
0.2,3,0.6,100,5,1.0,2.2634258107965417,0.9785015442221496,13.193360449655028,-0.31800722662111436,5.727428070537006,0.795273594043489
0.2,3,0.7,100,5,1.0,1.7102959161074267,0.9876679619899444,12.397165349748578,-0.05657624647754367,5.221176693769584,0.8298659045510728
0.2,3,0.8,100,5,1.0,1.3647462976614566,0.9921592011382934,12.50281111214596,-0.08694436508996976,5.384370722312845,0.8190642091023992
0.2,3,0.9,100,5,1.0,1.139377576273797,0.994557862696559,12.878789524974119,-0.11830574920934808,5.345466171176178,0.8216694513013072
0.2,3,0.6,100,10,1.0,4.621158845074934,0.911048463110218,12.77527794037144,-0.12415752801817355,4.858776183165988,0.8526641737608243
0.2,3,0.7,100,10,1.0,3.79375559741828,0.9401371331833598,12.400728065065628,-0.05873211699508858,4.8980914120448125,0.8502701646728522
0.2,3,0.8,100,10,1.0,3.180909119334539,0.9580842451354723,12.379499674052466,-0.04783246887170831,4.783085399158381,0.8572188600653912
0.2,3,0.9,100,10,1.0,2.69952263880327,0.9697442735009275,12.435078212164802,-0.025898458338035123,4.933272773533265,0.8481115207913433
0.2,3,0.6,200,1,1.0,0.01721839469797188,0.9999985544092865,13.06032376346163,-0.11068410055274484,6.8492232580528,0.7072228219930142
0.2,3,0.7,200,1,1.0,0.00513476533911007,0.9999998813994221,13.097196921218048,-0.14853368205823447,6.501318079668696,0.7362105610888616
0.2,3,0.8,200,1,1.0,0.002488506161444341,0.9999999733499056,12.839165079334146,-0.054056726895216345,6.3023169690402465,0.7521122539836369
0.2,3,0.9,200,1,1.0,0.0020026826329749598,0.9999999820952438,13.260656296885648,-0.14408755029550707,5.79144320793982,0.7906715880275215
0.2,3,0.6,200,3,1.0,0.24729602045731927,0.9997370660304234,13.182290817012717,-0.252566030829971,6.930721251534657,0.7002139365776581
0.2,3,0.7,200,3,1.0,0.12407398280053565,0.9999324129396545,12.860200679640826,-0.14187511271621214,6.409227117699967,0.7436307705839209
0.2,3,0.8,200,3,1.0,0.08514591201099045,0.9999666882361101,12.926255863905308,-0.16910329697192544,6.305728346240087,0.751843823348799
0.2,3,0.9,200,3,1.0,0.06365585270561504,0.999981259676107,13.277507492648246,-0.22344036578436968,5.981608282496658,0.7766990797232606
0.2,3,0.6,200,5,1.0,0.6673648151270757,0.9980594571720223,13.11736427520771,-0.2799703662230305,6.817597030135141,0.7099203716936537
0.2,3,0.7,200,5,1.0,0.41024913145098163,0.9992441533560588,12.602625295974578,-0.10204919437436961,6.326741529424277,0.750187158365491
0.2,3,0.8,200,5,1.0,0.3154463897035914,0.999572495048241,12.82135022591567,-0.1637185063931152,6.116487242188723,0.7665151406634054
0.2,3,0.9,200,5,1.0,0.24641788767973533,0.9997391303451287,13.231166346729987,-0.2176621947467475,5.977927977237459,0.7769737759899411
0.2,3,0.6,200,10,1.0,2.1167803655822093,0.9809423456311277,12.751099875564954,-0.1268149066924767,5.880973469404215,0.7841495217145338
0.2,3,0.7,200,10,1.0,1.4594833422302618,0.9909181756741697,12.506522616686038,-0.08012519756426402,5.894877516919562,0.7831276694315076
0.2,3,0.8,200,10,1.0,1.1084078699918762,0.9948002408972357,12.600802894650432,-0.1015873074715427,5.558833392643431,0.8071490021393846
0.2,3,0.9,200,10,1.0,0.9424634731505629,0.9962742311134202,12.581321912126441,-0.06894043914308742,5.814179210610852,0.7890248021895356
0.2,3,0.6,300,1,1.0,0.0016483726942447066,0.9999999856760418,13.064475875054871,-0.11133189639235341,6.865235835503481,0.7058522731992032
0.2,3,0.7,300,1,1.0,0.0009584395324930943,0.9999999960950008,13.099444649268284,-0.14905187114619137,6.506120518691023,0.7358207015016259
0.2,3,0.8,300,1,1.0,0.0009615492317595967,0.9999999960526991,12.839869156706806,-0.05420034121662705,6.305914311479933,0.7518291861488218
0.2,3,0.9,300,1,1.0,0.0010430760362605727,0.9999999953184471,13.26104649092791,-0.14418042951782686,5.797580061482835,0.7902277268420843
0.2,3,0.6,300,3,1.0,0.053019182607860336,0.9999876146697879,13.245286321280975,-0.26671265079473844,7.122090502889094,0.6834301494941282
0.2,3,0.7,300,3,1.0,0.02048013972082862,0.999998107358922,12.89969685783559,-0.1510881371520599,6.476674683218414,0.7382065708755993
0.2,3,0.8,300,3,1.0,0.011136372801968237,0.9999993323007038,12.958894271221471,-0.1774374772890581,6.380496341587983,0.745924082285365
0.2,3,0.9,300,3,1.0,0.00819656145278573,0.9999996522720729,13.303347715444563,-0.23063119668954854,6.013753558588485,0.7742925840333971
0.2,3,0.6,300,5,1.0,0.22515277218184176,0.9997801350487521,13.194720644815337,-0.2906984851724424,7.3922802143427395,0.658955211860762
0.2,3,0.7,300,5,1.0,0.11206154026167033,0.9999431287487534,12.680595248602893,-0.11833762135931122,6.608233690687232,0.7274630693672406
0.2,3,0.8,300,5,1.0,0.07292281127946672,0.999976633643241,12.91202029158722,-0.18767618689785878,6.302070967275029,0.7521316054803155
0.2,3,0.9,300,5,1.0,0.05846889808551444,0.9999848432497609,13.310092440603404,-0.24024492786171084,6.093345266876003,0.768278596985359
0.2,3,0.6,300,10,1.0,1.0448113818477558,0.9953552071635297,12.79910347552972,-0.1351938864898883,6.608465621698416,0.7274439384229942
0.2,3,0.7,300,10,1.0,0.6518103936157978,0.9981798825795998,12.674023209572274,-0.1188193702778785,6.592651486909325,0.7287468372551045
0.2,3,0.8,300,10,1.0,0.4703771694543802,0.9990545555791861,12.730656980628748,-0.134389612094106,6.311185962387788,0.7514140784646336
0.2,3,0.9,300,10,1.0,0.39576598687057224,0.9993362404032957,12.807157328865197,-0.13269834857921833,6.410182123560864,0.7435543643799019
0.2,3,0.6,400,1,1.0,0.000873986883736644,0.9999999966448367,13.064801004274836,-0.11138733869469082,6.868611870849317,0.7055629030108116
0.2,3,0.7,400,1,1.0,0.000836468281926801,0.9999999969968684,13.099540606329445,-0.1490577177252344,6.5065407779639495,0.7357865713666705
0.2,3,0.8,400,1,1.0,0.0009159940521428919,0.9999999963733164,12.839946568160599,-0.05421538454942012,6.305635577782057,0.7518511249308697
0.2,3,0.9,400,1,1.0,0.000971019930575387,0.9999999959684139,13.261125082036902,-0.14419673330221924,5.7973485919841785,0.7902444769043805
0.2,3,0.6,400,3,1.0,0.010678571812270351,0.9999994760116652,13.253763554576228,-0.267867887321826,7.155289766437094,0.6804719221186192
0.2,3,0.7,400,3,1.0,0.0033967669892113203,0.999999945032276,12.90617471512834,-0.15280538910085323,6.489727684991787,0.737150277718673
0.2,3,0.8,400,3,1.0,0.00225199675255027,0.999999974372939,12.96074747160164,-0.17784421547145723,6.3783089977396745,0.7460982556114831
0.2,3,0.9,400,3,1.0,0.0019725741798618497,0.9999999828693358,13.30660381512829,-0.23144865551912183,6.018689519005102,0.7739219203313359
0.2,3,0.6,400,5,1.0,0.07054583435223455,0.9999782992888852,13.203358861975724,-0.2905957219841686,7.596320023111615,0.6398685245192248
0.2,3,0.7,400,5,1.0,0.028877119700675795,0.9999961342351377,12.697236668596384,-0.12212246659853498,6.660245783648379,0.723156017894486
0.2,3,0.8,400,5,1.0,0.01802683158643323,0.9999984388430241,12.924852749621376,-0.1905611051263425,6.328244144432227,0.7500684820771767
0.2,3,0.9,400,5,1.0,0.01348914656013198,0.9999991513291964,13.3308172890784,-0.24588282041144865,6.102984959309508,0.767544848991095
0.2,3,0.6,400,10,1.0,0.5146133888751805,0.9988934191829435,12.82374853002916,-0.12980195350680937,7.121421754680809,0.6834895970905612
0.2,3,0.7,400,10,1.0,0.29339196210639146,0.9996288814573953,12.716778582432166,-0.12658449068576888,7.0257546277803735,0.6919362971830998
0.2,3,0.8,400,10,1.0,0.20217735454207517,0.9998236982100849,12.808725673776161,-0.15448107067562092,6.583641309566725,0.7294877740304517
0.2,3,0.9,400,10,1.0,0.17691885394756604,0.9998590626139908,12.909774172121212,-0.16574497700395974,6.586485055656068,0.7292540327958249
0.2,4,0.6,100,1,1.0,0.15722985587939817,0.9998931286398797,13.04456571587022,-0.1228689831821537,6.294951262427902,0.7526913430536937
0.2,4,0.7,100,1,1.0,0.056084300038054626,0.9999863239746606,12.674134078743688,-0.05176272694796942,5.647784722311919,0.8009276957211436
0.2,4,0.8,100,1,1.0,0.024740547441292882,0.9999972205034797,12.525762060184288,-0.0038634224929852577,5.479798470448309,0.8125938889369195
0.2,4,0.9,100,1,1.0,0.010860643465337263,0.9999994892096637,12.800385912023426,-0.04472503386358504,4.687727653308484,0.8628552082691885
0.2,4,0.6,100,3,1.0,1.0491096013488037,0.9953545899354118,13.203950793363168,-0.277317559398753,5.82162591163123,0.788484029274522
0.2,4,0.7,100,3,1.0,0.5999618242051018,0.9984919525528454,12.683372569124115,-0.11606188602652037,5.1048406703429485,0.8373631484713402
0.2,4,0.8,100,3,1.0,0.36772008471899575,0.9994258140926704,12.597822657189894,-0.08880169280669341,5.017261316435314,0.8428957197863471
0.2,4,0.9,100,3,1.0,0.24894078229567204,0.99972120157647,12.8155272361308,-0.08717354264884532,4.9839063461812065,0.8449776484311692
0.2,4,0.6,100,5,1.0,2.1122443549340764,0.9813862295388655,12.944291394827948,-0.22842245774188416,5.472266151594094,0.8131087372198368
0.2,4,0.7,100,5,1.0,1.4907370919483491,0.990814735135513,12.620782225133675,-0.14459968327204537,4.856796802140853,0.8527841934219605
0.2,4,0.8,100,5,1.0,0.9941318302079912,0.9959112736612445,12.428667081315115,-0.03669489804612007,5.013417019692124,0.8431363786059971
0.2,4,0.9,100,5,1.0,0.7270057933601807,0.9977829657000624,12.762755194789653,-0.10035383763336188,5.01044641879353,0.8433222163926666
0.2,4,0.6,100,10,1.0,4.540654698300578,0.9141694867966192,12.699565058124318,-0.10949505905245885,4.686805139283216,0.862909181347091
0.2,4,0.7,100,10,1.0,3.698759132030704,0.9432053273579275,12.43496483302934,-0.0629659624014944,4.51841993618912,0.8725828879598205
0.2,4,0.8,100,10,1.0,2.9720858928157208,0.9634724129082098,12.45120872854493,-0.07677215648268343,4.359775735857207,0.8813731837126962
0.2,4,0.9,100,10,1.0,2.321351404065061,0.9776533651216027,12.604163126568883,-0.10332264776770425,4.4711835767146155,0.8752330445228974
0.2,4,0.6,200,1,1.0,0.006418312273750083,0.9999998010868054,13.07164004959964,-0.12573797047739374,6.466397487880474,0.7390367399653521
0.2,4,0.7,200,1,1.0,0.001152570936887707,0.9999999941068218,12.681051659199813,-0.05188151663347233,5.712013697442007,0.7963740819475863
0.2,4,0.8,200,1,1.0,0.0010284972074551659,0.9999999954280312,12.535429414071986,-0.0057230863251330755,5.494233386279102,0.8116052560632099
0.2,4,0.9,200,1,1.0,0.0010251158482227764,0.9999999954941172,12.803977763319281,-0.04538352497528788,4.693228538585701,0.8625331501365476
0.2,4,0.6,200,3,1.0,0.164026701996971,0.9998777968601841,13.184320798294664,-0.2486814367404409,6.3559626887923395,0.7478742209484794
0.2,4,0.7,200,3,1.0,0.057668016310758144,0.9999852095130695,12.71283109200204,-0.11313402065742158,5.404274803171454,0.8177240275787302
0.2,4,0.8,200,3,1.0,0.02363430947084696,0.9999974162898845,12.654065413464712,-0.09988772991761077,5.200519842034085,0.8312094647509782
0.2,4,0.9,200,3,1.0,0.010623684569472236,0.9999994549164312,12.92082189658218,-0.11761152173065892,5.068993597558009,0.8396392568174034
0.2,4,0.6,200,5,1.0,0.5424856667550009,0.9986920547107185,12.93347023797252,-0.21181267743150314,6.330011109392576,0.749928891416981
0.2,4,0.7,200,5,1.0,0.26551585027497204,0.9996824446835033,12.690623517476842,-0.1472071434603708,5.4428014039889225,0.8151159052371084
0.2,4,0.8,200,5,1.0,0.12853564412093357,0.9999252791710866,12.538763539149135,-0.060873745416608616,5.351214697655046,0.8212856909084267
0.2,4,0.9,200,5,1.0,0.08072879897699965,0.999970952391997,12.935779331288847,-0.15502553765344843,5.261076793408762,0.827255647888427
0.2,4,0.6,200,10,1.0,1.9881648379808854,0.9832158946385089,12.750154130996444,-0.12524346859762125,5.731327393245806,0.7949947372653192
0.2,4,0.7,200,10,1.0,1.3054332895383964,0.992757027951743,12.52677593377584,-0.0804499189466809,5.41998999352472,0.816662398932363
0.2,4,0.8,200,10,1.0,0.813976978348624,0.9972067845846999,12.703264605388892,-0.1568820062401166,4.91180970716054,0.8494302805988494
0.2,4,0.9,200,10,1.0,0.5289952917070361,0.9988223315179926,12.765868352183157,-0.16363003114641939,4.766019017068687,0.8582359484198959
0.2,4,0.6,300,1,1.0,0.0009421872589527504,0.9999999960893222,13.073091485388062,-0.12591757287668406,6.469343812160795,0.7387988772122354
0.2,4,0.7,300,1,1.0,0.0008740034691524746,0.9999999966204538,12.681324247017645,-0.05192870565362386,5.7123305577054815,0.7963514900018961
0.2,4,0.8,300,1,1.0,0.000893973936749395,0.9999999965533725,12.535476117230946,-0.005734141694258188,5.494152711270309,0.8116107886407213
0.2,4,0.9,300,1,1.0,0.000929354824871808,0.99999999631425,12.804057585110872,-0.04539726894797158,4.693279572622293,0.8625301604988892
0.2,4,0.6,300,3,1.0,0.027307576898909024,0.9999966676942581,13.198344821339163,-0.2478785104450111,6.462518580595686,0.7393497268145229
0.2,4,0.7,300,3,1.0,0.006034726857568435,0.9999998397566847,12.723764361201109,-0.11484996781809373,5.4123880524648476,0.8171763276442819
0.2,4,0.8,300,3,1.0,0.002003457753171854,0.9999999822016366,12.662286005222404,-0.1023158182173776,5.20820103140869,0.8307104878862999
0.2,4,0.9,300,3,1.0,0.0015907202383483525,0.9999999888148834,12.923578480530988,-0.1182831912145637,5.0744400231925235,0.8392944696094424
0.2,4,0.6,300,5,1.0,0.15261091272732347,0.9998950700348301,12.953652151862908,-0.20946451546930844,6.607952991987859,0.7274862220403373
0.2,4,0.7,300,5,1.0,0.055566645038421056,0.9999860191618218,12.728878526568172,-0.15529507746238597,5.584451549467184,0.8053673796312678
0.2,4,0.8,300,5,1.0,0.01837288333107006,0.9999984370882412,12.562203041470791,-0.06743300240471606,5.424918785548496,0.8163288028273816
0.2,4,0.9,300,5,1.0,0.01078665592956138,0.9999994568966178,12.96270844385561,-0.16301971751430858,5.312088185595733,0.8238895498554808
0.2,4,0.6,300,10,1.0,0.9263313329019555,0.9963396935305683,12.772869789801538,-0.13362982439745805,6.225327169163256,0.758131709008917
0.2,4,0.7,300,10,1.0,0.5056924654971713,0.9988977385385496,12.625919618581202,-0.09874968996338336,5.852112196845107,0.7862629245838392
0.2,4,0.8,300,10,1.0,0.25207305775413347,0.9997245855245394,12.781819975620897,-0.18104346092488832,5.427442447323484,0.8161578761045938
0.2,4,0.9,300,10,1.0,0.14420932314838203,0.9999086597392666,12.875099343142718,-0.20361060804891212,4.90758959883191,0.8496889011870898
0.2,4,0.6,400,1,1.0,0.0008126479712387251,0.9999999971225539,13.07323394444795,-0.12593701479500757,6.469622211684225,0.7387763958494012
0.2,4,0.7,400,1,1.0,0.0008173527029952755,0.9999999970767849,12.68140837857292,-0.051942779642258706,5.712394751834419,0.7963469128465536
0.2,4,0.8,400,1,1.0,0.0008638495689672692,0.9999999967537111,12.535527288797926,-0.005742274737699504,5.494332932626699,0.8115984292041225
0.2,4,0.9,400,1,1.0,0.0009120031540334307,0.9999999964410098,12.804116476680315,-0.045405934158425795,4.693318400973495,0.8625278858637624
0.2,4,0.6,400,3,1.0,0.004490579121362957,0.9999999090280494,13.202318609488751,-0.24857922839693886,6.482117717950194,0.7377663605623126
0.2,4,0.7,400,3,1.0,0.0013163889317147123,0.9999999924122618,12.725473720797101,-0.11524081708319638,5.4123643535426424,0.8171779286804458
0.2,4,0.8,400,3,1.0,0.001291245319311948,0.9999999929207852,12.662318244416468,-0.10231404505589496,5.208642752886456,0.8306817708747614
0.2,4,0.9,400,3,1.0,0.0013391587832021093,0.9999999921941735,12.923649786541812,-0.11829779304620296,5.075011676766488,0.8392582594798499
0.2,4,0.6,400,5,1.0,0.0407375437653721,0.9999926920922861,12.951804982607062,-0.20625086375506685,6.7276999730039115,0.7175199340340881
0.2,4,0.7,400,5,1.0,0.010389867434181469,0.9999995223870173,12.738819074811772,-0.15830592674906896,5.605401330489063,0.8039043320873516
0.2,4,0.8,400,5,1.0,0.0028365301835263216,0.9999999646420544,12.564189074626483,-0.06802023060711657,5.432651634945145,0.8158048082631404
0.2,4,0.9,400,5,1.0,0.0027552161406868758,0.9999999647386699,12.964318533349683,-0.16340477661566066,5.315799300172452,0.8236433964288252
0.2,4,0.6,400,10,1.0,0.4232661231075867,0.9992473620223656,12.783332409734745,-0.12671171531696632,6.642487470709651,0.7246303562449667
0.2,4,0.7,400,10,1.0,0.19332126505079,0.9998389240228629,12.677469783148219,-0.11011387296739417,6.119445619300865,0.7662892255975748
0.2,4,0.8,400,10,1.0,0.08383018675207018,0.99996897610137,12.813345345783977,-0.1899329449971666,5.536776767640738,0.8086763741368281
0.2,4,0.9,400,10,1.0,0.04327794868123656,0.9999918387350538,12.925818946462664,-0.2220085609371633,4.946608586904371,0.8472892292675638
0.2,5,0.6,100,1,1.0,0.13692511393905651,0.9999173918904318,12.874192857185117,-0.0833978841421116,5.754115289830925,0.7933612846007568
0.2,5,0.7,100,1,1.0,0.03793356991794351,0.9999936007561538,12.686565681692358,-0.053718630095410114,4.627096874675631,0.8663799102176231
0.2,5,0.8,100,1,1.0,0.011577311735354201,0.999999388230026,12.460069852956353,0.013863412920812368,4.952238007425806,0.8469414506628286
0.2,5,0.9,100,1,1.0,0.003495881168549656,0.9999999423972119,12.621219826786822,-0.0001909368153284241,4.30690871397544,0.884232698887673
0.2,5,0.6,100,3,1.0,0.9861583847424604,0.995922184960126,13.085690382060346,-0.23119354648408766,5.342264982638869,0.8218829775885989
0.2,5,0.7,100,3,1.0,0.5533176137141727,0.9987284514839612,12.581416763331807,-0.09386078669158135,4.984770853624577,0.8449238634717913
0.2,5,0.8,100,3,1.0,0.3040992944349127,0.9996137331649372,12.40319549111797,-0.03222320611868423,4.8661984315337765,0.8522136906284402
0.2,5,0.9,100,3,1.0,0.16490760320902254,0.9998848190157832,12.736696552494069,-0.061339180395334106,4.604705463809977,0.8676700077103477
0.2,5,0.6,100,5,1.0,2.069038501755875,0.9822204857150796,12.899478322074094,-0.21486215060789346,5.348895079574709,0.8214405937174852
0.2,5,0.7,100,5,1.0,1.452315976910113,0.991294878988158,12.496569753049169,-0.09962644347766163,5.123124347171071,0.8361960504165473
0.2,5,0.8,100,5,1.0,0.9432706932023314,0.9963405092970964,12.414191209575359,-0.05857421550055446,4.952943539961869,0.846897835845169
0.2,5,0.9,100,5,1.0,0.6515860382059939,0.9982503199550647,12.682393403544552,-0.06458653598242434,4.336345126850293,0.8826448223616588
0.2,5,0.6,100,10,1.0,4.541859674910266,0.9139740577208133,12.710096801963537,-0.11270552338626236,4.664338465137345,0.8642203485813231
0.2,5,0.7,100,10,1.0,3.679575997265039,0.9438337166503802,12.351115034894894,-0.042086358405074686,4.663547256403971,0.8642664091042355
0.2,5,0.8,100,10,1.0,2.9341227968374883,0.9644859094002787,12.382144736724134,-0.06630608069628838,4.270636735641302,0.8861744289129003
0.2,5,0.9,100,10,1.0,2.3068067227440734,0.9779555635405455,12.58182244250914,-0.1000443595822802,4.406967499295461,0.8787911668872431
0.2,5,0.6,200,1,1.0,0.004375747504867139,0.9999999039527798,12.894063086120141,-0.08398703020832836,5.834143236568443,0.7875734724819797
0.2,5,0.7,200,1,1.0,0.0009727159705275889,0.9999999958934491,12.696589267398661,-0.05499778550500143,4.646205685171472,0.8652739929015132
0.2,5,0.8,200,1,1.0,0.0008988178831503922,0.999999996442854,12.462528267197348,0.013407366387373564,4.961178325885367,0.8463883159559986
0.2,5,0.9,200,1,1.0,0.000971626739520612,0.9999999959101358,12.621783629106892,-0.00026708012631162517,4.3069925678185035,0.8842281909548398
0.2,5,0.6,200,3,1.0,0.1502426019913177,0.999894776007137,13.031792250394782,-0.19310186003813393,5.826050865680644,0.7881623651320746
0.2,5,0.7,200,3,1.0,0.04386296304391068,0.9999912526372146,12.604325192617383,-0.08929111995720165,5.18002809929593,0.8325370234974929
0.2,5,0.8,200,3,1.0,0.012847220659905217,0.9999992513615135,12.398637157765425,-0.026406072497271383,4.929022446387877,0.8483731311476622
0.2,5,0.9,200,3,1.0,0.0035615388374051955,0.9999999412215722,12.763449192807949,-0.06853693145775785,4.609383655563287,0.8674009874414648
0.2,5,0.6,200,5,1.0,0.5093292669131803,0.9988579167364554,12.810009562074649,-0.17249929875221393,6.192340754823758,0.7606881144097954
0.2,5,0.7,200,5,1.0,0.23887067144629545,0.9997434316763432,12.543085394649987,-0.09180433946180899,5.604282043877649,0.8039826370397011
0.2,5,0.8,200,5,1.0,0.09260749713540609,0.999962072796723,12.418558773200136,-0.047417667291010004,5.224930055244043,0.8296212071107053
0.2,5,0.9,200,5,1.0,0.04163640588391088,0.999992525679723,12.807944835820113,-0.09892274268234894,4.387169872655225,0.8798777449933918
0.2,5,0.6,200,10,1.0,1.9716793747323809,0.9834533127508049,12.721279567171846,-0.11837976456227742,5.581484344951382,0.8055741542298386
0.2,5,0.7,200,10,1.0,1.2784681343577446,0.9930812087540591,12.466279328796116,-0.06971187136688022,5.427415558799745,0.8161596976738194
0.2,5,0.8,200,10,1.0,0.7754542957473985,0.9974915273648817,12.541799835529625,-0.1071171914191645,4.690817729464479,0.8626743413079085
0.2,5,0.9,200,10,1.0,0.4807134602420923,0.9990462499619245,12.83484701966618,-0.19529987843281046,4.5305698885991275,0.8718967218697796
0.2,5,0.6,300,1,1.0,0.0008553617135280856,0.9999999968092753,12.894719471518176,-0.08405545526055717,5.834378663250735,0.7875563279314854
0.2,5,0.7,300,1,1.0,0.0008051018617527085,0.9999999971655589,12.696751558214393,-0.055031086029184495,4.646350805833259,0.8652655766436145
0.2,5,0.8,300,1,1.0,0.0008210447240399783,0.999999997036431,12.462513820803661,0.013404685393407778,4.961100471296513,0.8463931371012512
0.2,5,0.9,300,1,1.0,0.0008910522974928014,0.9999999965718771,12.621829770274747,-0.00027368526722597596,4.30704158678811,0.8842255556834787
0.2,5,0.6,300,3,1.0,0.0235144809330757,0.9999974064501757,13.044035572339785,-0.19405273145268825,5.9126286585244845,0.7818195751569279
0.2,5,0.7,300,3,1.0,0.004203238773038988,0.9999999208721482,12.606848080311483,-0.08891692999249172,5.194828618425763,0.8315786967028669
0.2,5,0.8,300,3,1.0,0.001391049065637718,0.9999999916824477,12.399903484160047,-0.026611775703399277,4.930644724702289,0.848273305487103
0.2,5,0.9,300,3,1.0,0.0013644350335156143,0.9999999919240562,12.764273523704206,-0.06872245733891096,4.609908825375322,0.8673707704012925
0.2,5,0.6,300,5,1.0,0.14134764453583185,0.9999108968101446,12.800183319550158,-0.16192729609348527,6.412225535771264,0.7433908408929908
0.2,5,0.7,300,5,1.0,0.045224611370557534,0.9999906574863913,12.558885877893136,-0.09321909826968536,5.6908296664160245,0.7978816479583792
0.2,5,0.8,300,5,1.0,0.011219416520577726,0.9999994155413459,12.428863320042018,-0.04968896032168759,5.261713776839771,0.8272138154059665
0.2,5,0.9,300,5,1.0,0.0035534564644651373,0.9999999457554807,12.8187392361408,-0.10182101418266405,4.394431078808064,0.879479787176127
0.2,5,0.6,300,10,1.0,0.9128181477601428,0.9964369995936476,12.726716300970006,-0.12114578225180869,6.03781420186104,0.772482889160006
0.2,5,0.7,300,10,1.0,0.4796609062880952,0.9990188515992964,12.559508832621741,-0.0869323133533064,5.8092783146143185,0.78938032330033
0.2,5,0.8,300,10,1.0,0.22070024237985136,0.9997936197976376,12.598826810648433,-0.12258482011357039,4.955212451976065,0.8467575334564716
0.2,5,0.9,300,10,1.0,0.10844439223731331,0.9999511842829453,12.884613448337777,-0.21341537321186488,4.624261121515528,0.8665436403023858
0.2,5,0.6,400,1,1.0,0.0007734082888104591,0.9999999973984772,12.894841462737869,-0.0840749684332835,5.834487253144037,0.7875484198227742
0.2,5,0.7,400,1,1.0,0.0007696992167491809,0.9999999974068725,12.696798138614266,-0.055036519536172834,4.646399965657141,0.8652627255650631
0.2,5,0.8,400,1,1.0,0.0007821401432201938,0.9999999972987599,12.462600775761782,0.01339130850876773,4.961233501116388,0.8463848991841239
0.2,5,0.9,400,1,1.0,0.0008612236647435198,0.9999999967623449,12.621871867120905,-0.00027964661994963615,4.307141428849475,0.8842201880579669
0.2,5,0.6,400,3,1.0,0.0035467401235043244,0.9999999411588181,13.046407925683974,-0.1943698580560644,5.92990056328983,0.7805430209103799
0.2,5,0.7,400,3,1.0,0.0012511507475286802,0.9999999932491205,12.607394185974503,-0.08899722170248506,5.195058591441005,0.8315637844833778
0.2,5,0.8,400,3,1.0,0.001168493413725118,0.9999999940831514,12.399969587891366,-0.026623366235006628,4.930854358866369,0.8482604034117301
0.2,5,0.9,400,3,1.0,0.001246613393878157,0.9999999933044782,12.764359620151144,-0.06873682687824641,4.610026931306984,0.8673639743886248
0.2,5,0.6,400,5,1.0,0.03712645125580061,0.9999938471246379,12.797854420448292,-0.15802060695165782,6.518794646327962,0.7347904398029241
0.2,5,0.7,400,5,1.0,0.007713389946163882,0.9999997334776985,12.562482859665879,-0.09392802441261654,5.702253460766338,0.7970693671030715
0.2,5,0.8,400,5,1.0,0.001975991961096221,0.9999999831379431,12.430965340892078,-0.0502217054108756,5.260990288043462,0.8272613285469753
0.2,5,0.9,400,5,1.0,0.0018648075742915189,0.9999999849938247,12.81900210135297,-0.1018843922437594,4.395576131582364,0.8794169713161878
0.2,5,0.6,400,10,1.0,0.4164712736739249,0.9992685240396758,12.732710378925393,-0.11200257779301533,6.4108923138867,0.7434975375082391
0.2,5,0.7,400,10,1.0,0.1784039310100162,0.999864202563064,12.604276353221355,-0.09762676446520561,5.986401781307375,0.7763410417050358
0.2,5,0.8,400,10,1.0,0.06314780871561113,0.9999831059906805,12.618397473659467,-0.12719162434463036,4.996331339992427,0.8442037363247481
0.2,5,0.9,400,10,1.0,0.025700072312171494,0.9999972009240512,12.905194408114374,-0.22107124393804742,4.654383162171235,0.864799331024714
0.2,6,0.6,100,1,1.0,0.13465679480409273,0.999919837815523,12.860132171333143,-0.07775913786259625,5.6442501775850875,0.8011767880014214
0.2,6,0.7,100,1,1.0,0.0356005782899913,0.9999941956669831,12.59217362148671,-0.03820689705070239,4.6038906926615715,0.8677168333419745
0.2,6,0.8,100,1,1.0,0.009376012673464293,0.9999995898587443,12.346254531830029,0.03354865533414451,4.819418425082468,0.855041447963084
0.2,6,0.9,100,1,1.0,0.0025257542392641058,0.9999999706067697,12.436897066964617,0.027403627184275293,4.19469520451489,0.8901865858865418
0.2,6,0.6,100,3,1.0,0.983167583305919,0.9959487802415945,13.072157260624943,-0.22602839347847067,5.358278603038832,0.8208135535433659
0.2,6,0.7,100,3,1.0,0.5385773789316671,0.9988008073872834,12.589447562387729,-0.09450583280590785,4.85771602468414,0.8527284624948837
0.2,6,0.8,100,3,1.0,0.2902608747988271,0.9996494507573985,12.51594467982058,-0.055041885872647286,4.780922535430232,0.8573479592978174
0.2,6,0.9,100,3,1.0,0.15569321080113646,0.99989832633057,12.664847661208285,-0.04259455080052119,4.508424789330393,0.8731459804386675
0.2,6,0.6,100,5,1.0,2.066941516402884,0.9822750851228126,12.865112083157475,-0.20273800920621915,5.3529666436086005,0.8211686524110989
0.2,6,0.7,100,5,1.0,1.4482751617247063,0.9913396136416797,12.488124131969325,-0.09945109868140165,5.1392056497783205,0.8351660870574202
0.2,6,0.8,100,5,1.0,0.9314473424378205,0.9964338642796241,12.371820692598654,-0.04715674725690957,5.041775046723782,0.8413567845042909
0.2,6,0.9,100,5,1.0,0.6334592073161925,0.9983441842173019,12.688883908162644,-0.06919093927630193,4.389053982920559,0.8797745476344159
0.2,6,0.6,100,10,1.0,4.545881800177509,0.9137881207432523,12.738634833488844,-0.12577874405504083,4.663802207055032,0.8642515679065872
0.2,6,0.7,100,10,1.0,3.6781760236276044,0.9438780207533475,12.346298230990028,-0.040708038748970575,4.667719609816465,0.8640234258901087
0.2,6,0.8,100,10,1.0,2.928468091302841,0.9645968187292906,12.276139535618816,-0.02964698226464575,4.197679307062362,0.8900302879751998
0.2,6,0.9,100,10,1.0,2.295474335697482,0.9781496792773876,12.463713706791022,-0.05300547468009666,4.402198666249228,0.8790533480561165
0.2,6,0.6,200,1,1.0,0.004226396133785693,0.9999999112307402,12.871165583760222,-0.0762283411210937,5.704260482862931,0.796926490977563
0.2,6,0.7,200,1,1.0,0.0009480953565134366,0.9999999960540851,12.601165460988629,-0.03937124651724473,4.599043821152543,0.8679952161513396
0.2,6,0.8,200,1,1.0,0.0008777467124743436,0.999999996622744,12.348064246964878,0.033240386927656004,4.822362346574947,0.8548642992296098
0.2,6,0.9,200,1,1.0,0.0009440357204668733,0.999999996171503,12.4372540386551,0.027337859946258748,4.1950089733076155,0.8901701568926007
0.2,6,0.6,200,3,1.0,0.1466271620937576,0.9998991960919301,13.012236225417855,-0.18566919386820716,5.801082802979147,0.7899741727713481
0.2,6,0.7,200,3,1.0,0.04113414230803034,0.9999921925650896,12.602403429898633,-0.08814403543155536,5.086334492146671,0.8385402002847869
0.2,6,0.8,200,3,1.0,0.01064859422251911,0.9999994810643061,12.514398212395612,-0.05107805243976293,4.858018182162799,0.852710140888522
0.2,6,0.9,200,3,1.0,0.0028540846296959597,0.9999999635310445,12.684896068206607,-0.046978243727981275,4.507691805384496,0.8731872251773992
0.2,6,0.6,200,5,1.0,0.5044510866708769,0.9988770403351921,12.81214405718238,-0.17533629674897142,6.201168542778633,0.7600053030077839
0.2,6,0.7,200,5,1.0,0.23682778936652107,0.9997479255590077,12.519245568604209,-0.09168357369455782,5.619490926560262,0.8029172908468982
0.2,6,0.8,200,5,1.0,0.08876647937113799,0.9999653273695144,12.383688846540114,-0.040407549400099094,5.24473739345334,0.8283269708020777
0.2,6,0.9,200,5,1.0,0.03782222910227612,0.9999939307503712,12.793719757442108,-0.09787888705023506,4.455864846911001,0.8760865085517009
0.2,6,0.6,200,10,1.0,1.9641646327010953,0.9836034180130946,12.773589100487222,-0.14054289617029575,5.579147858349206,0.8057368988594482
0.2,6,0.7,200,10,1.0,1.2788302797230529,0.9930713693029902,12.485371550174927,-0.07550839485563983,5.530218779239112,0.8091293290287104
0.2,6,0.8,200,10,1.0,0.7714584608704751,0.9975135686261609,12.431630555442164,-0.07139145443021636,4.566082871745713,0.8698805695157951
0.2,6,0.9,200,10,1.0,0.4708267380011174,0.999082988594008,12.631041882988692,-0.11253046865779603,4.499943510082458,0.8736228087915284
0.2,6,0.6,300,1,1.0,0.0008313831046975549,0.9999999969956846,12.871481824030226,-0.0762414462037313,5.7044000950838925,0.7969165503759192
0.2,6,0.7,300,1,1.0,0.0008161658796478899,0.9999999970489105,12.601389988871926,-0.03940834997154643,4.599224184887751,0.8679848621109475
0.2,6,0.8,300,1,1.0,0.0008173613963990842,0.9999999970805717,12.348099637332236,0.03323189927525476,4.822477813545505,0.8548573488683076
0.2,6,0.9,300,1,1.0,0.0008928848458077147,0.9999999965905435,12.437349350054086,0.02732292121768758,4.194995044898621,0.8901708862128214
0.2,6,0.6,300,3,1.0,0.022559131542317888,0.999997596475074,13.025971534118545,-0.186926261916396,5.874522645468078,0.7846227936216157
0.2,6,0.7,300,3,1.0,0.0038641270890870916,0.9999999319793644,12.60532534947663,-0.08814273981858833,5.099256622958055,0.8377187619886771
0.2,6,0.8,300,3,1.0,0.0012932214424963492,0.9999999927213586,12.514431584528962,-0.05097371076161909,4.863369129986244,0.8523854922862144
0.2,6,0.9,300,3,1.0,0.001319074585492057,0.9999999924487577,12.685324327616016,-0.04706851474962921,4.508105734449808,0.8731639343644094
0.2,6,0.6,300,5,1.0,0.13788131591756253,0.9999142133443373,12.80059966225995,-0.16526967880096866,6.43164263988701,0.7418343919683079
0.2,6,0.7,300,5,1.0,0.0439260846687881,0.999991041268294,12.520504003779148,-0.08898155016383547,5.713375633025779,0.7962769678788532
0.2,6,0.8,300,5,1.0,0.009324346167975874,0.9999996101326613,12.389079913812955,-0.04140995860963579,5.278227768928154,0.8261275277375846
0.2,6,0.9,300,5,1.0,0.002934090409457238,0.9999999626704256,12.79740286940967,-0.09881189000930168,4.468762874502344,0.8753681058023304
0.2,6,0.6,300,10,1.0,0.906824994426285,0.9964838724303495,12.761083434235129,-0.13654266763365053,6.079277243731158,0.7693473363433339
0.2,6,0.7,300,10,1.0,0.47732324246974034,0.9990288946056156,12.581248633760222,-0.09473426646737544,5.901386991175791,0.782648438335041
0.2,6,0.8,300,10,1.0,0.21584759557925187,0.9998033035340296,12.477200984080193,-0.08214217227082773,4.790499643859124,0.8567758678547291
0.2,6,0.9,300,10,1.0,0.10056743556174877,0.9999581949067021,12.671722435110583,-0.12621869308709877,4.584110240694519,0.8688510912509737
0.2,6,0.6,400,1,1.0,0.0007572414471615439,0.9999999975122099,12.871633892914739,-0.07626268187394084,5.704449702550712,0.7969130181905443
0.2,6,0.7,400,1,1.0,0.0007705203802741792,0.9999999973794059,12.601425898918976,-0.03941434941519153,4.599258590083651,0.867982886984932
0.2,6,0.8,400,1,1.0,0.0007917603317120312,0.9999999972405472,12.348171599744877,0.03322010020935271,4.82261351249353,0.8548491804607208
0.2,6,0.9,400,1,1.0,0.0008511377968104014,0.9999999968622347,12.43733957929724,0.027323973016486813,4.195059098341595,0.8901675322224067
0.2,6,0.6,400,3,1.0,0.0035222542698273426,0.9999999419380663,13.027718129506653,-0.1869556591505771,5.889628711818599,0.7835137041916045
0.2,6,0.7,400,3,1.0,0.001230287937657454,0.9999999934712441,12.605912725654811,-0.08825842972569678,5.100271770005538,0.8376541424844028
0.2,6,0.8,400,3,1.0,0.001155606412442084,0.9999999941346139,12.51451613416279,-0.050988625598768114,4.863428906754116,0.8523818635374376
0.2,6,0.9,400,3,1.0,0.0012293202906059346,0.9999999934288013,12.685374583421929,-0.04708011828913181,4.508229369172401,0.8731569773151547
0.2,6,0.6,400,5,1.0,0.0367108794866553,0.9999939014659084,12.797454877452079,-0.1611363911162304,6.526550207140974,0.7341590125148116
0.2,6,0.7,400,5,1.0,0.007420357507315551,0.9999997486952443,12.523314337797396,-0.08936338592001133,5.727894274434111,0.7952402638535225
0.2,6,0.8,400,5,1.0,0.001836523401772593,0.9999999854907223,12.390252054650333,-0.04169552453211396,5.279762537251859,0.8260263980510701
0.2,6,0.9,400,5,1.0,0.0016841306006001974,0.9999999876184337,12.797642931293733,-0.09886140792053948,4.469147117632382,0.8753466721262454
0.2,6,0.6,400,10,1.0,0.414737312375136,0.9992748387027609,12.77645981358833,-0.130851153937472,6.466354017370868,0.7390402486168981
0.2,6,0.7,400,10,1.0,0.1771999364392693,0.9998662425697067,12.621903870197654,-0.10388884649606142,6.0733102510862675,0.7697998991238203
0.2,6,0.8,400,10,1.0,0.05950223745704991,0.9999850619581971,12.499535305043237,-0.08732261729247279,4.870777740019945,0.8519354128145239
0.2,6,0.9,400,10,1.0,0.02182530183498476,0.9999980071602741,12.685680906212147,-0.1303567063085524,4.600867713140266,0.8678904942926922
0.2,7,0.6,100,1,1.0,0.1335719676252801,0.9999208162946089,12.856888547200862,-0.07675478569804053,5.604371246124055,0.8039763970510181
0.2,7,0.7,100,1,1.0,0.03470987016785267,0.9999945622957214,12.589352031094487,-0.03931152253667756,4.585347084394423,0.8687803108481742
0.2,7,0.8,100,1,1.0,0.008832996309896524,0.9999996301191831,12.347538092931362,0.031241206538628254,4.713980090037626,0.8613148173767313
0.2,7,0.9,100,1,1.0,0.002139094428337363,0.9999999790067093,12.456780520083079,0.0224579162829188,4.184395304487087,0.8907252083550303
0.2,7,0.6,100,3,1.0,0.9803852039029237,0.9959725865491296,13.06265262158676,-0.22448378406494207,5.428241194993495,0.8161037606441753
0.2,7,0.7,100,3,1.0,0.5374424250153587,0.998807016903501,12.587349664420486,-0.09379485305013673,4.9018523876586615,0.8500401377458913
0.2,7,0.8,100,3,1.0,0.2852766176282859,0.9996625276244137,12.496757095781106,-0.04924769599852663,4.7565055420986,0.8588013354690177
0.2,7,0.9,100,3,1.0,0.14803716506004472,0.9999089191949395,12.658431765611756,-0.04452447973853868,4.459654273543864,0.8758756580135609
0.2,7,0.6,100,5,1.0,2.066941516402884,0.9822750851228126,12.865112083157475,-0.20273800920621915,5.345673875449404,0.8216555925524379
0.2,7,0.7,100,5,1.0,1.4481870268071984,0.9913407632440933,12.486150093069364,-0.09886100231145364,5.121613155737265,0.8362926721652255
0.2,7,0.8,100,5,1.0,0.9274021383552228,0.9964648354993333,12.407386909289166,-0.054811514929800007,5.038086852000965,0.8415888032095933
0.2,7,0.9,100,5,1.0,0.6261862541176784,0.9983830873129266,12.67023876871403,-0.06723675367449548,4.407574631527868,0.878757767567394
0.2,7,0.6,100,10,1.0,4.545881800177509,0.9137881207432523,12.738634833488844,-0.12577874405504083,4.663802207055032,0.8642515679065872
0.2,7,0.7,100,10,1.0,3.6781774064038593,0.9438779827297404,12.346153188423346,-0.040674348486087905,4.667920188559815,0.8640117394142095
0.2,7,0.8,100,10,1.0,2.9276843557172696,0.9646168810060628,12.292262775076317,-0.035268271306747166,4.2035397687103915,0.8897230119241134
0.2,7,0.9,100,10,1.0,2.294728350725308,0.978162778145624,12.499539553766985,-0.06482219885640864,4.406695277725048,0.8788061407393627
0.2,7,0.6,200,1,1.0,0.004245875186170591,0.9999999103769459,12.868777291870765,-0.07556316319769389,5.6580516765455675,0.8002032615997235
0.2,7,0.7,200,1,1.0,0.0009447074858613596,0.9999999960469811,12.596522857623494,-0.04014510798839736,4.5733116862977985,0.8694682450688261
0.2,7,0.8,200,1,1.0,0.0008424893810040988,0.9999999969119455,12.349620962563504,0.03082453675906762,4.715631110762824,0.8612176543832855
0.2,7,0.9,200,1,1.0,0.0009200079941734691,0.9999999963598958,12.45698365698797,0.022429604164153672,4.184805074483144,0.8907038051556799
0.2,7,0.6,200,3,1.0,0.1447078464306648,0.9999008478396896,13.015648194862711,-0.18725928691333246,5.834950925339944,0.7875146510267556
0.2,7,0.7,200,3,1.0,0.04029345659902247,0.9999925023250894,12.585270029665,-0.08175471800901887,5.106944640854157,0.8372290586230985
0.2,7,0.8,200,3,1.0,0.010321515610178394,0.99999951128944,12.490481332861068,-0.04427835726254459,4.808745692131747,0.8556827663657188
0.2,7,0.9,200,3,1.0,0.0024106046378306227,0.9999999744884857,12.673911739159102,-0.05027206315286743,4.473561685087823,0.8751002885121058
0.2,7,0.6,200,5,1.0,0.5052971680161831,0.9988732000705,12.814182503647881,-0.1752907045396162,6.180155982400228,0.7616289838118622
0.2,7,0.7,200,5,1.0,0.23520887459468,0.9997511340949397,12.515550593907475,-0.08991383530470129,5.626353148719973,0.8024356632025008
0.2,7,0.8,200,5,1.0,0.08776944343094553,0.9999663424704094,12.427276444355636,-0.050900645235606154,5.284863669105529,0.825690060575784
0.2,7,0.9,200,5,1.0,0.0351229053678227,0.999994844060233,12.750143141508207,-0.0906705107474427,4.465136023586583,0.8755703263639933
0.2,7,0.6,200,10,1.0,1.9641639652327012,0.9836034275100664,12.773765270049608,-0.1405665473886817,5.579050533993511,0.8057436763698237
0.2,7,0.7,200,10,1.0,1.2733068565472454,0.9931378401832941,12.473335633972358,-0.07139727377346865,5.472029021914249,0.8131249339850807
0.2,7,0.8,200,10,1.0,0.771130273222586,0.9975157008470642,12.457431633101233,-0.0810313544648309,4.5304187382255225,0.8719052693752063
0.2,7,0.9,200,10,1.0,0.46673637852267336,0.9990990783177327,12.66055369833173,-0.12331170450888496,4.477532728382723,0.8748784508217669
0.2,7,0.6,300,1,1.0,0.000842123105328166,0.9999999969282165,12.869082728261308,-0.07556167835648489,5.657731953056344,0.8002258410702342
0.2,7,0.7,300,1,1.0,0.0008079311254739201,0.9999999970975144,12.596726625102537,-0.0401800609035029,4.573435991240114,0.8694611491331489
0.2,7,0.8,300,1,1.0,0.000790209746090503,0.9999999972507743,12.34968477018938,0.030810105835027524,4.715643369089579,0.8612169328503616
0.2,7,0.9,300,1,1.0,0.0008850542833006338,0.9999999966362332,12.457019211573225,0.022422417834977938,4.184886020553126,0.8906995769142956
0.2,7,0.6,300,3,1.0,0.021937108296446146,0.9999976837650735,13.024974621895959,-0.18723968690409412,5.9074291277111834,0.7822031395913686
0.2,7,0.7,300,3,1.0,0.0037420004788110057,0.9999999354178085,12.587517680471112,-0.0815770693243355,5.122715178403402,0.836222214444264
0.2,7,0.8,300,3,1.0,0.0012828217981788916,0.9999999927515315,12.49090279669841,-0.04430920469294426,4.812772848072863,0.8554409439012549
0.2,7,0.9,300,3,1.0,0.0012626214306470987,0.9999999931609848,12.674262266640735,-0.05035192116641509,4.4738631993894735,0.8750834516733491
0.2,7,0.6,300,5,1.0,0.13747580880597363,0.9999145954742312,12.800664330388567,-0.16420473561113055,6.402257999871191,0.7441879972079946
0.2,7,0.7,300,5,1.0,0.04356320836765425,0.9999911166200404,12.518910743643167,-0.08773868364011579,5.719242410561464,0.7958583672373735
0.2,7,0.8,300,5,1.0,0.009204260470720866,0.9999996233989388,12.43423793201693,-0.05252781828219237,5.310767564275443,0.8239771034868102
0.2,7,0.9,300,5,1.0,0.0025749607904631796,0.9999999715519028,12.750693338908366,-0.09046049647272425,4.472906263428507,0.8751368839522107
0.2,7,0.6,300,10,1.0,0.9076047603696354,0.9964781553646889,12.759712417619564,-0.1363589400893476,6.073799507270674,0.7697628085241748
0.2,7,0.7,300,10,1.0,0.47562687534203646,0.999036793602707,12.567456942385675,-0.08992355813458741,5.8478433212062075,0.7865746356988421
0.2,7,0.8,300,10,1.0,0.21411291019004025,0.9998069908826057,12.520178442506941,-0.09854862076077583,4.767116000892086,0.8581706818870564
0.2,7,0.9,300,10,1.0,0.0984906702359495,0.999959991131084,12.703187889911582,-0.1392859749345547,4.548362008987611,0.8708885907018108
0.2,7,0.6,400,1,1.0,0.0007651813247052405,0.9999999974570948,12.869196477404529,-0.07557833599275177,5.657703516116784,0.8002278492782771
0.2,7,0.7,400,1,1.0,0.0007737332534737004,0.9999999973315749,12.596745557669221,-0.04018254629360487,4.573397661439054,0.8694633372067228
0.2,7,0.8,400,1,1.0,0.0007703663868803151,0.9999999973643477,12.349731204051034,0.03080190762314927,4.715602108630749,0.8612193614597914
0.2,7,0.9,400,1,1.0,0.0008496108637386278,0.9999999969084195,12.457070935325953,0.022415647011418693,4.184872813964617,0.8907002667698505
0.2,7,0.6,400,3,1.0,0.003374219723917285,0.9999999451569774,13.026804951333546,-0.18738377988458935,5.921195642419691,0.7811868608681851
0.2,7,0.7,400,3,1.0,0.0012036359359442745,0.9999999936938353,12.588010913783673,-0.08166012822019098,5.123708462681656,0.8361586959134403
0.2,7,0.8,400,3,1.0,0.001134472144298635,0.9999999942789707,12.491012984339228,-0.0443291314752813,4.813094290229957,0.8554216332343897
0.2,7,0.9,400,3,1.0,0.0011778050273396495,0.9999999940476503,12.674317387551437,-0.05036360741355132,4.473961051361352,0.8750779872844292
0.2,7,0.6,400,5,1.0,0.03669893416440285,0.9999939154206633,12.799109924910361,-0.16041307650605305,6.4919609984145055,0.7369693373624118
0.2,7,0.7,400,5,1.0,0.0073354881922249576,0.9999997525355345,12.521636610288754,-0.08803311700654581,5.737571452649292,0.794547803338385
0.2,7,0.8,400,5,1.0,0.0017756520759903151,0.9999999865412033,12.435326022014994,-0.05279644122608733,5.312085314310692,0.8238897402375478
0.2,7,0.9,400,5,1.0,0.0014972068773856924,0.9999999903920804,12.751131357367388,-0.09058591163445132,4.472964185003417,0.875133650119561
0.2,7,0.6,400,10,1.0,0.414898246916508,0.9992742097423106,12.778369977092126,-0.13111621491303627,6.450582435582606,0.7403116695290977
0.2,7,0.7,400,10,1.0,0.1761834396141971,0.9998680319828559,12.611527305136168,-0.10044481575410598,6.030117421509854,0.7730625800944739
0.2,7,0.8,400,10,1.0,0.057997011285038244,0.9999859039489071,12.54586626012777,-0.10536315361653277,4.83119005552125,0.8543324485247399
0.2,7,0.9,400,10,1.0,0.02068581426514076,0.9999982292302894,12.718459670394799,-0.14419900543103692,4.551632054757985,0.8707028746187404
0.2,8,0.6,100,1,1.0,0.1335598488254161,0.9999208303662691,12.85693945325518,-0.07677067361439835,5.598285437668864,0.8044018914827029
0.2,8,0.7,100,1,1.0,0.03433658015618948,0.9999946756127575,12.587895135300348,-0.038916416026429014,4.5688078410724975,0.8697252165498954
0.2,8,0.8,100,1,1.0,0.008817638468050459,0.9999996319144155,12.34788545006463,0.03137904471584137,4.705071979273089,0.8618384749407426
0.2,8,0.9,100,1,1.0,0.0020687132919279747,0.9999999803885853,12.444495370567298,0.02452949003127125,4.153065782553379,0.8923554131372344
0.2,8,0.6,100,3,1.0,0.9803852039029237,0.9959725865491296,13.06265262158676,-0.22448378406494207,5.431537566754526,0.8158803459478943
0.2,8,0.7,100,3,1.0,0.5377172658309837,0.9988057720206079,12.59608243072709,-0.0971280676160935,4.917618893962739,0.8490739130176421
0.2,8,0.8,100,3,1.0,0.2847667561488015,0.9996638517172108,12.475072266735562,-0.04164441215655301,4.761398879524733,0.8585106648882543
0.2,8,0.9,100,3,1.0,0.147193786216453,0.9999100946703198,12.649998804382237,-0.04328024409024156,4.463445590880817,0.8756645229004518
0.2,8,0.6,100,5,1.0,2.066941516402884,0.9822750851228126,12.865112083157475,-0.20273800920621915,5.346101103175834,0.8216270847451155
0.2,8,0.7,100,5,1.0,1.4481075307207107,0.9913417583660017,12.479417905625821,-0.09627703948867668,5.115001047588058,0.8367150983776619
0.2,8,0.8,100,5,1.0,0.9258970253630412,0.9964768410201831,12.401869355707184,-0.05284395202689953,5.065235449450261,0.8398769513444642
0.2,8,0.9,100,5,1.0,0.6256208850124427,0.9983859628370981,12.671208616740822,-0.06804395875506768,4.389858978585547,0.8797304425294693
0.2,8,0.6,100,10,1.0,4.545881800177509,0.9137881207432523,12.738634833488844,-0.12577874405504083,4.663802207055032,0.8642515679065872
0.2,8,0.7,100,10,1.0,3.6781774064038593,0.9438779827297404,12.346153188423346,-0.040674348486087905,4.667920188559815,0.8640117394142095
0.2,8,0.8,100,10,1.0,2.9276025141702324,0.9646188782746481,12.292775564176278,-0.03544400821240894,4.20353729656893,0.8897231416339528
0.2,8,0.9,100,10,1.0,2.294728350725308,0.978162778145624,12.499539553766985,-0.06482219885640864,4.397457690661463,0.8793137162955378
0.2,8,0.6,200,1,1.0,0.004245661755279663,0.9999999104785438,12.86865222789082,-0.07555161438177227,5.635496152994023,0.8017930447243076
0.2,8,0.7,200,1,1.0,0.0009212417392195542,0.9999999962706141,12.595452490067487,-0.03982841769874863,4.558194895655844,0.8703297477032406
0.2,8,0.8,200,1,1.0,0.0008587439111503366,0.9999999967874948,12.350109452150473,0.030944104402601626,4.706184048860838,0.8617731567529066
0.2,8,0.9,200,1,1.0,0.0009246385531652835,0.9999999963149543,12.444649697893484,0.024505642192589862,4.153658037337732,0.8923247092809896
0.2,8,0.6,200,3,1.0,0.14552007191754762,0.9999000764653591,13.015540091170692,-0.18723395717684715,5.837029599561396,0.7873632302187255
0.2,8,0.7,200,3,1.0,0.04038914507181838,0.9999924646075933,12.597941412583557,-0.08646752785603473,5.127316646398525,0.835927856206385
0.2,8,0.8,200,3,1.0,0.009892530155634488,0.9999995457603197,12.47050064218067,-0.037526171614410034,4.800555142141096,0.8561739675782108
0.2,8,0.9,200,3,1.0,0.002351606949450978,0.9999999758782717,12.657289572701494,-0.046859378515669944,4.472702976123353,0.8751482334006752
0.2,8,0.6,200,5,1.0,0.5047990862951224,0.9988760821613241,12.801017766872812,-0.1698772634532073,6.180859533421474,0.7615747082504636
0.2,8,0.7,200,5,1.0,0.23479231765461256,0.9997519404172776,12.510235902601645,-0.08792073074633415,5.5965015025775395,0.8045265291912341
0.2,8,0.8,200,5,1.0,0.08731730747030716,0.9999667353852024,12.420456020646801,-0.048184877796421,5.32535270807672,0.8230089403783778
0.2,8,0.9,200,5,1.0,0.03500405489921568,0.9999948840181986,12.765065629786005,-0.09429766898107346,4.465243181068997,0.8755643539902569
0.2,8,0.6,200,10,1.0,1.9641639652327012,0.9836034275100664,12.773765270049608,-0.1405665473886817,5.57902724079692,0.8057452984527433
0.2,8,0.7,200,10,1.0,1.273701116947961,0.9931329716165251,12.491594429563666,-0.07795544426178577,5.5103075258713226,0.8105012937703038
0.2,8,0.8,200,10,1.0,0.7704291049256005,0.997520792844842,12.45873303922202,-0.08151200389526196,4.571482341213873,0.8695726507522774
0.2,8,0.9,200,10,1.0,0.4671684408017536,0.9990976451748441,12.654822910226438,-0.12191524360360073,4.459211725216807,0.8759002914452207
0.2,8,0.6,300,1,1.0,0.0008350412429274934,0.999999996979604,12.868945520804653,-0.0755565503119003,5.6349292381128775,0.8018329208301793
0.2,8,0.7,300,1,1.0,0.0007951535259410961,0.9999999972015505,12.595646635151422,-0.03985885425109785,4.558320556789784,0.8703225980591731
0.2,8,0.8,300,1,1.0,0.0007984713657052747,0.9999999972171756,12.35016951621095,0.030930125833563006,4.706211874220566,0.8617715222129192
0.2,8,0.9,300,1,1.0,0.0008711384264431946,0.9999999967475443,12.444708072228446,0.024496077355140013,4.153666446445314,0.8923242733019022
0.2,8,0.6,300,3,1.0,0.021934224580068783,0.9999976834305903,13.02213581927956,-0.18602849211709027,5.900245121277928,0.7827325416805079
0.2,8,0.7,300,3,1.0,0.0037338234691557436,0.9999999357100877,12.601765872045494,-0.0868011935946866,5.144396724368928,0.8348329237843071
0.2,8,0.8,300,3,1.0,0.001276521548030196,0.9999999928405264,12.4706419967311,-0.03749263122127537,4.804953047114327,0.8559103218355656
0.2,8,0.9,300,3,1.0,0.001263129210375518,0.9999999930666499,12.65762685338333,-0.04693630548750731,4.472922478210345,0.875135978665251
0.2,8,0.6,300,5,1.0,0.13708744599174955,0.9999152260876585,12.788616723842873,-0.1593526173274815,6.395981659513997,0.7446893129013871
0.2,8,0.7,300,5,1.0,0.04355780403451607,0.999991168225106,12.515359163677442,-0.08657279192511913,5.671998725592718,0.7992170530915302
0.2,8,0.8,300,5,1.0,0.00918044123217213,0.9999996266537968,12.423604723288737,-0.04852962390196647,5.3560787894918676,0.8209606514783285
0.2,8,0.9,300,5,1.0,0.0025660370945514094,0.9999999718629515,12.766458130861965,-0.094337970645303,4.472381848571214,0.8751661607717112
0.2,8,0.6,300,10,1.0,0.9076047603696354,0.9964781553646889,12.759712417619564,-0.1363589400893476,6.079591714666942,0.7693234731661523
0.2,8,0.7,300,10,1.0,0.47420357644128686,0.9990437662846544,12.585182862449814,-0.09638311167024986,5.868989228126068,0.7850283451038347
0.2,8,0.8,300,10,1.0,0.21366676116846123,0.9998079071134012,12.514636381709497,-0.0964569574085008,4.805235652352014,0.8558933719528746
0.2,8,0.9,300,10,1.0,0.09848528973594092,0.999959997755744,12.699107852989144,-0.13812340807808376,4.511140735796078,0.872993096663527
0.2,8,0.6,400,1,1.0,0.0007677973824965604,0.9999999974294902,12.869021153243114,-0.07556852568313721,5.634985449629483,0.8018289671593697
0.2,8,0.7,400,1,1.0,0.0007658454408010796,0.9999999974237967,12.595675549117354,-0.03986343564520056,4.558219025298097,0.8703283748329916
0.2,8,0.8,400,1,1.0,0.0007738269312712984,0.9999999973611384,12.350224080120542,0.03092157371821729,4.7061819215410745,0.8617732817172624
0.2,8,0.9,400,1,1.0,0.0008517578111171284,0.9999999968634864,12.444737026463475,0.02449352549325967,4.1537331305806235,0.8923208159610405
0.2,8,0.6,400,3,1.0,0.003371417775085435,0.9999999450394409,13.024187831316121,-0.18630355435613372,5.915359668297903,0.7816179759977135
0.2,8,0.7,400,3,1.0,0.0012082607195102982,0.9999999936915931,12.602246055721734,-0.08687983563800761,5.145113947157962,0.8347868659644065
0.2,8,0.8,400,3,1.0,0.001128613526752639,0.999999994354213,12.470758686269905,-0.03751360889361257,4.805202561388738,0.8558953567091122
0.2,8,0.9,400,3,1.0,0.0011824502425150632,0.9999999939733433,12.657682458696854,-0.04694691391733925,4.473049025980918,0.8751289132680186
0.2,8,0.6,400,5,1.0,0.036681942866987075,0.9999939222851404,12.788416731914651,-0.15613415128689592,6.4839750783169015,0.7376160602529485
0.2,8,0.7,400,5,1.0,0.007353826373294958,0.9999997530602716,12.517921314243626,-0.08678927405998511,5.689772414244087,0.7979567407758961
0.2,8,0.8,400,5,1.0,0.0017740850465421086,0.9999999865870249,12.424708007071342,-0.04882035074715949,5.357107062866734,0.8208919000373968
0.2,8,0.9,400,5,1.0,0.0014890830878604802,0.9999999904893025,12.766917960771574,-0.09446625350283262,4.472473669366857,0.8751610348855531
0.2,8,0.6,400,10,1.0,0.41484310024963233,0.9992744171758012,12.778306665708419,-0.13110770264143295,6.459382162265519,0.7396026653263443
0.2,8,0.7,400,10,1.0,0.17614275665762985,0.9998681037572943,12.626027664852142,-0.1057893690525733,6.033624080430181,0.77279856416961
0.2,8,0.8,400,10,1.0,0.057624961027930376,0.99998609620367,12.536526450632477,-0.10184339212232534,4.859385057470114,0.8526272448650678
0.2,8,0.9,400,10,1.0,0.020715105350740788,0.9999982238563622,12.714066220487611,-0.1429778422307652,4.518097711005434,0.8726010604798379
0.3,3,0.6,100,1,1.0,0.06410783436495544,0.9999815899607405,13.059430787168978,-0.15607350308833817,5.803316587152956,0.789812395147558
0.3,3,0.7,100,1,1.0,0.030513243628794078,0.999995946750237,12.624355277802227,-0.06625857608389381,6.827740508831917,0.709056546672499
0.3,3,0.8,100,1,1.0,0.01374142133414514,0.9999989594505548,12.377654349579835,0.02287063162784029,5.629167481103005,0.8022379682636591
0.3,3,0.9,100,1,1.0,0.007074431750818006,0.9999997855917913,12.91281112049219,-0.11184878215164791,5.742006993089319,0.7942300229743173
0.3,3,0.6,100,3,1.0,0.5153801800630698,0.9988810092835971,12.54396487533587,-0.037196191581702995,6.488925003338558,0.7372152948078512
0.3,3,0.7,100,3,1.0,0.33463284123874937,0.9994966089520853,12.667198740906736,-0.03512921856172402,6.173037064124536,0.7621778264087357
0.3,3,0.8,100,3,1.0,0.22970209376170478,0.9997443942934476,12.88175245707148,-0.10080159241293563,5.692518744234325,0.7977616498881082
0.3,3,0.9,100,3,1.0,0.16341035294569234,0.9998871662218332,13.33756491854821,-0.1804701916411284,5.798954236766587,0.7901282722307116
0.3,3,0.6,100,5,1.0,1.193413794746373,0.9940032273668212,12.937352850016055,-0.18353168870397424,6.004339464689113,0.7749986880175226
0.3,3,0.7,100,5,1.0,0.799290043206248,0.9972654336237177,12.72568633218835,-0.09629959582588085,6.636919094562489,0.725091845726596
0.3,3,0.8,100,5,1.0,0.5938221198489477,0.9984811494391161,12.806806420883259,-0.16015742724723883,6.083154370795183,0.7690530398952413
0.3,3,0.9,100,5,1.0,0.5528627735595874,0.9986558829352099,12.770072771971815,-0.10905571213705612,6.089876919721951,0.7685423146977969
0.3,3,0.6,100,10,1.0,3.0979716698554287,0.9589934678327108,13.157877554783136,-0.28293729625893504,5.4471608653322585,0.8148196174291175
0.3,3,0.7,100,10,1.0,2.401754991599382,0.9759168900223208,12.360377264127802,-0.0990441843540831,5.335302026241303,0.8223469803403514
0.3,3,0.8,100,10,1.0,1.795238090258581,0.9864360110504812,12.715685282429707,-0.1658663505202766,5.045407154509549,0.8411281282060072
0.3,3,0.9,100,10,1.0,1.4972603327181933,0.990666885990886,12.508561888356828,-0.036104880039910324,5.464845002821858,0.8136152942404519
0.3,3,0.6,200,1,1.0,0.0016994130552523267,0.9999999850119956,13.073872793817463,-0.15691412178430605,5.884412170917201,0.7838970252965061
0.3,3,0.7,200,1,1.0,0.000926615191335016,0.999999996313471,12.635797423622787,-0.06826384793127142,6.851353283832121,0.707040693339047
0.3,3,0.8,200,1,1.0,0.0009712676501370781,0.999999995951495,12.379936036644665,0.022501451820772744,5.637165301429067,0.8016756155522686
0.3,3,0.9,200,1,1.0,0.0010082605322998604,0.9999999956342773,12.914977040874172,-0.11237928674204804,5.762838418258271,0.7927342890448212
0.3,3,0.6,200,3,1.0,0.049631086817136155,0.9999892666958683,12.624112655003097,-0.048658673568062284,7.084178984019182,0.6867914381352496
0.3,3,0.7,200,3,1.0,0.020795652204513494,0.9999979454956753,12.729233885958816,-0.04650069522423561,6.507348359611617,0.7357209797827147
0.3,3,0.8,200,3,1.0,0.012023481440297,0.9999990693554797,12.945759448810673,-0.11670689607026838,5.777279277164796,0.7916942303768449
0.3,3,0.9,200,3,1.0,0.005358300092794953,0.9999998687596104,13.395998747309784,-0.19849540736723448,5.819033684878106,0.7886723530502809
0.3,3,0.6,200,5,1.0,0.21722311942367342,0.999796998612821,12.981312610796033,-0.17949272717346473,6.900712543658075,0.7028043499484773
0.3,3,0.7,200,5,1.0,0.11100651951677805,0.9999432682326408,12.820234771496493,-0.11057391499951297,7.154666150764949,0.6805276163085795
0.3,3,0.8,200,5,1.0,0.06832370564137667,0.999978325575728,12.962184409166497,-0.19912770978952207,6.553022721840707,0.7319980693888388
0.3,3,0.9,200,5,1.0,0.05754427807763125,0.9999838883626673,12.993090739715047,-0.16989698353478466,6.44979551095177,0.7403750258789159
0.3,3,0.6,200,10,1.0,1.0370901810079185,0.9953066877563096,13.12336980036017,-0.2732263793757479,6.758364355363937,0.7149390171220973
0.3,3,0.7,200,10,1.0,0.6640983875804036,0.9980920398384651,12.58732726746825,-0.15557922363883633,6.494360861304057,0.736774833975829
0.3,3,0.8,200,10,1.0,0.45411344036119133,0.9991180856393106,12.991649184777604,-0.2307874612969143,6.118764876144178,0.7663412199026252
0.3,3,0.9,200,10,1.0,0.39510246841807317,0.9993426547933109,12.800636534173474,-0.11720113546892852,6.537051632153448,0.7333028311998167
0.3,3,0.6,300,1,1.0,0.0007699215295425279,0.9999999974161741,13.07427588074744,-0.1569968566886706,5.885840548187629,0.7837920992538978
0.3,3,0.7,300,1,1.0,0.0008145946796561428,0.9999999971305555,12.635935329109676,-0.06829375240755642,6.8515881447017,0.707020608005841
0.3,3,0.8,300,1,1.0,0.0008617035583124166,0.9999999967958848,12.380051240936927,0.022474735133909563,5.63705790327934,0.8016831723535678
0.3,3,0.9,300,1,1.0,0.0008890496324323032,0.9999999966168799,12.915004226022376,-0.11238654488832282,5.762784712139832,0.7927381522053486
0.3,3,0.6,300,3,1.0,0.005283052946727724,0.9999998725450187,12.635206857873225,-0.05073188624606582,7.169527157604215,0.6791990813637604
0.3,3,0.7,300,3,1.0,0.0016621434842733992,0.999999987969004,12.736873351107874,-0.048245359706780476,6.533801905421654,0.7335679285374173
0.3,3,0.8,300,3,1.0,0.0015069717356686512,0.9999999893125843,12.949325534051528,-0.11749860108678326,5.7879429360660515,0.7909245422247678
0.3,3,0.9,300,3,1.0,0.0014392863573473465,0.9999999908621031,13.397998667041787,-0.19906143750030092,5.819352788060572,0.7886491749154427
0.3,3,0.6,300,5,1.0,0.04404981033992936,0.9999916276257472,13.02575800770721,-0.1883998325373017,7.057902269104583,0.6891106422471825
0.3,3,0.7,300,5,1.0,0.015641543313951935,0.9999988478352704,12.839292287321134,-0.11610961415392855,7.217739331098729,0.6748700615499552
0.3,3,0.8,300,5,1.0,0.007867959589052266,0.9999996482621528,12.980639021995447,-0.20393272467133466,6.607726181071859,0.7275049292069624
0.3,3,0.9,300,5,1.0,0.00615912950053933,0.9999997968732636,13.017669547231247,-0.17702540071210507,6.450067327406728,0.7403531424480374
0.3,3,0.6,300,10,1.0,0.38569330614930725,0.999366500541775,13.186112790749835,-0.2868054741776637,7.38878314099153,0.659277812330304
0.3,3,0.7,300,10,1.0,0.21867371086208212,0.9997950763638384,12.721203438145022,-0.1868801596125162,7.0596258482827245,0.6889587818696503
0.3,3,0.8,300,10,1.0,0.12800093447781533,0.9999293922934601,13.087864176587402,-0.2594911074706981,6.396170921963285,0.744674202964096
0.3,3,0.9,300,10,1.0,0.10337724302528346,0.9999515781405796,12.913825336931634,-0.15183622600428975,6.782673200318626,0.7128846841286125
0.3,3,0.6,400,1,1.0,0.0007126560346983821,0.999999997791547,13.074366944424801,-0.15701207620630267,5.885995572985709,0.7837807098772114
0.3,3,0.7,400,1,1.0,0.0007610499409509816,0.9999999974845075,12.636031667923879,-0.06830413951426284,6.851515769860935,0.7070267975853669
0.3,3,0.8,400,1,1.0,0.000827826269201015,0.99999999703469,12.38010472606194,0.022464650572296095,5.637247300120039,0.8016698458232223
0.3,3,0.9,400,1,1.0,0.0008663547805968532,0.9999999967932889,12.915018208914864,-0.11238777495886987,5.7628589188369475,0.7927328143983836
0.3,3,0.6,400,3,1.0,0.0013011474249629792,0.999999992679278,12.636734189779148,-0.05098246323018603,7.175103251784843,0.6786998819824372
0.3,3,0.7,400,3,1.0,0.0011285486608568294,0.999999994531592,12.737097505043414,-0.048280808913556794,6.535060198707352,0.7334652985608695
0.3,3,0.8,400,3,1.0,0.0011783463571922556,0.9999999939517707,12.949450666895839,-0.11752083676854459,5.788137254807438,0.7909105033987984
0.3,3,0.9,400,3,1.0,0.0012619067932208828,0.9999999931323099,13.39813665635975,-0.1990913213197401,5.81929982301164,0.7886530221322237
0.3,3,0.6,400,5,1.0,0.008011270933330853,0.9999997042969031,13.0335412162371,-0.1898307216629373,7.0844154794679595,0.6867705257229664
0.3,3,0.7,400,5,1.0,0.0026257031880586408,0.9999999672362936,12.841610226519444,-0.11680609467365807,7.222313517100361,0.6744578338434253
0.3,3,0.8,400,5,1.0,0.00203856356492216,0.9999999805009085,12.981215739800026,-0.20406889962747546,6.613078196151803,0.72706332847704
0.3,3,0.9,400,5,1.0,0.001972196220659691,0.9999999820915491,13.018857904913702,-0.1773588056157383,6.450773434261227,0.7402962908054596
0.3,3,0.6,400,10,1.0,0.1356941168611378,0.9999237067410609,13.18520704235832,-0.28072379664816555,7.681133525812428,0.631781839148785
0.3,3,0.7,400,10,1.0,0.06631483251814814,0.9999806739190735,12.74026077694094,-0.18972306731611982,7.082374985588113,0.6869509360284645
0.3,3,0.8,400,10,1.0,0.03462861208994618,0.9999945218490446,13.103907131530963,-0.26404539565786245,6.427923403857776,0.7421328852965571
0.3,3,0.9,400,10,1.0,0.03195888374932076,0.9999943959242407,12.946048884378666,-0.16128710434132718,6.79839364408177,0.711552226943614
0.3,4,0.6,100,1,1.0,0.02599369744539175,0.9999969065184742,12.932258587444917,-0.09129094173546257,5.409651616997615,0.8173611476193027
0.3,4,0.7,100,1,1.0,0.0059408120152272354,0.9999998473796656,12.45674198423059,-0.018032045342172443,6.416742603383422,0.7430291788821167
0.3,4,0.8,100,1,1.0,0.0016007469395295855,0.9999999885633543,12.427635501414288,-0.010380898862919263,5.434669983477931,0.8156679177793316
0.3,4,0.9,100,1,1.0,0.001103316424363222,0.9999999947035727,12.476654732106985,-0.017848964510131005,5.618612709493019,0.8029788864171987
0.3,4,0.6,100,3,1.0,0.3802638004647905,0.9993839984191133,12.536641486931394,-0.04611551791423887,6.205556243374951,0.7596655614229098
0.3,4,0.7,100,3,1.0,0.16492577825520796,0.9998807705645005,12.4569653614057,-0.0019026417614499858,5.9626353273342705,0.7781134014329526
0.3,4,0.8,100,3,1.0,0.08234976389566254,0.999969368504984,12.749165350779954,-0.09290533118245763,5.078200868820582,0.8390561723173479
0.3,4,0.9,100,3,1.0,0.04279577454426181,0.9999917891498751,12.972712407398651,-0.1228221288962303,4.667958469655552,0.8640095089557791
0.3,4,0.6,100,5,1.0,1.0306634253356404,0.9955257498653916,12.986605510001166,-0.19672203523706866,5.962520378532294,0.7781219564934012
0.3,4,0.7,100,5,1.0,0.6107670342800262,0.9984252749978062,12.830045492811212,-0.15074587215389929,5.531253836132709,0.8090578741731642
0.3,4,0.8,100,5,1.0,0.33698987214137543,0.9995175203817122,12.76006967638384,-0.15113243651008854,5.37585487991406,0.8196360873363471
0.3,4,0.9,100,5,1.0,0.22160545978155546,0.9997837375072033,12.76816660982791,-0.12781138018168023,4.916681691935484,0.8491314346593557
0.3,4,0.6,100,10,1.0,2.991577610992244,0.9622801377962664,13.143884477884901,-0.27236102663854317,5.20742816668708,0.830760727185089
0.3,4,0.7,100,10,1.0,2.2203819431316347,0.9795505053513247,12.480512108990677,-0.13660094081988658,4.9226687822784765,0.848763782757652
0.3,4,0.8,100,10,1.0,1.5209201596567326,0.9904359699923525,12.72020549911809,-0.17830757832321045,4.912661726157385,0.849378039410536
0.3,4,0.9,100,10,1.0,1.1032630664152265,0.9949518370299557,12.691091722069846,-0.1298823358451899,4.875218293448561,0.8516653169684253
0.3,4,0.6,200,1,1.0,0.0009230689978897234,0.9999999963109965,12.941478723597603,-0.09233921345612668,5.430383996734912,0.8159585456678511
0.3,4,0.7,200,1,1.0,0.0008336853164459896,0.9999999969944694,12.4584322175274,-0.01818398957664207,6.418465671496732,0.742891153187702
0.3,4,0.8,200,1,1.0,0.0008612481156608802,0.999999996787533,12.428154252710554,-0.010456611953194828,5.435272043653125,0.8156270743966584
0.3,4,0.9,200,1,1.0,0.000920497856124957,0.9999999963717879,12.476840106631144,-0.01788025485550766,5.618254778360601,0.8030039878960581
0.3,4,0.6,200,3,1.0,0.027774272763500484,0.9999964330542565,12.561989639083546,-0.042756415736919774,6.600164482252763,0.7281282439734493
0.3,4,0.7,200,3,1.0,0.005526158162917843,0.999999853975315,12.467705205812315,-0.002097282998011307,6.152712084196906,0.7637413269109893
0.3,4,0.8,200,3,1.0,0.0017474329955232885,0.9999999866184781,12.760907177210186,-0.09468448004803631,5.12372976377486,0.8361573336165145
0.3,4,0.9,200,3,1.0,0.0014645879495333372,0.9999999908021548,12.99310125726372,-0.12728238245126444,4.681809341349825,0.8632012835330178
0.3,4,0.6,200,5,1.0,0.15384684934521106,0.9998917268833664,12.975051586418235,-0.18229293526152654,6.536876835968318,0.7333170936003766
0.3,4,0.7,200,5,1.0,0.05417846299758766,0.9999864973503522,12.850908230081796,-0.14438220171730234,5.898463929237948,0.7828637011986168
0.3,4,0.8,200,5,1.0,0.01833518968714289,0.9999984405084212,12.811984727630833,-0.16422563189337522,5.520222461072415,0.8098187337687419
0.3,4,0.9,200,5,1.0,0.01020059930210662,0.999999521047499,12.862835256335066,-0.1567360735736163,4.983101751319005,0.84502769757367
0.3,4,0.6,200,10,1.0,0.9169984806850854,0.9963179588854274,13.146528226975125,-0.2771127298703713,6.388748753787391,0.7452664233723794
0.3,4,0.7,200,10,1.0,0.5141201372716508,0.9988315871633461,12.626108841793954,-0.16049068718790369,5.948187424894844,0.7791873936574242
0.3,4,0.8,200,10,1.0,0.25807615028313247,0.9997096283349027,12.910405584885158,-0.23191414848475594,5.49520123534329,0.811538876015677
0.3,4,0.9,200,10,1.0,0.14498668667856554,0.9999072872820761,12.905698841636697,-0.1994889144787688,5.312046949386701,0.8238922840341669
0.3,4,0.6,300,1,1.0,0.0007415192296477566,0.9999999975610512,12.941730960424653,-0.09239156535603513,5.430271117264194,0.8159661967975139
0.3,4,0.7,300,1,1.0,0.0007733137008527581,0.9999999974222412,12.45858041230257,-0.018213595769679226,6.418533023612597,0.7428857572203218
0.3,4,0.8,300,1,1.0,0.0008240051091345727,0.9999999970803405,12.428177778889184,-0.010462593690040522,5.435176721399349,0.8156335412997135
0.3,4,0.9,300,1,1.0,0.0008581198767187495,0.999999996844849,12.47686332504739,-0.01788364189799139,5.618396529510497,0.8029940471708275
0.3,4,0.6,300,3,1.0,0.002255213771548079,0.9999999763514265,12.563811104276443,-0.042642284265160216,6.621150902036787,0.7263965641545029
0.3,4,0.7,300,3,1.0,0.0012173279464288353,0.9999999933774489,12.46876978652766,-0.0022643724754741745,6.157416534527592,0.7633798953668957
0.3,4,0.8,300,3,1.0,0.001153353293912537,0.9999999942310606,12.761222660655323,-0.09478071009083193,5.124749832055862,0.8360920892138863
0.3,4,0.9,300,3,1.0,0.0012255787875982077,0.999999993573296,12.99323742691312,-0.12730474853377047,4.682455272893074,0.8631635337251438
0.3,4,0.6,300,5,1.0,0.026178763425146006,0.9999969567979317,12.982613032124437,-0.1813993953535677,6.643472048925076,0.724548717236347
0.3,4,0.7,300,5,1.0,0.0056368547381411725,0.9999998590791167,12.85620073506907,-0.14469464746133248,5.911561498979023,0.7818983260221078
0.3,4,0.8,300,5,1.0,0.0018229010692911167,0.999999985821959,12.817232053691171,-0.165907908778862,5.5343765966229235,0.8088422142666891
0.3,4,0.9,300,5,1.0,0.0019000659296375545,0.9999999841044451,12.865834002562522,-0.15751774502910426,4.986624104427862,0.8448085328348374
0.3,4,0.6,300,10,1.0,0.31182535609309053,0.9995729081745758,13.16464584959318,-0.2731787133014567,6.844484936375965,0.7076277708569377
0.3,4,0.7,300,10,1.0,0.13435654372562503,0.9999189998317858,12.669748576824341,-0.16817083769262997,6.2140949250885305,0.7590037187000203
0.3,4,0.8,300,10,1.0,0.05140010749428918,0.9999883104713636,12.959504794594306,-0.2504766479720984,5.641296666731394,0.801384813108329
0.3,4,0.9,300,10,1.0,0.026308609260686944,0.9999969929125797,12.954038519162506,-0.2163948771596461,5.372851440427227,0.8198375662767827
0.3,4,0.6,400,1,1.0,0.0007046626684459006,0.9999999978343169,12.941760355181923,-0.09239630419854494,5.4303436598604815,0.815961279776329
0.3,4,0.7,400,1,1.0,0.0007477546255985729,0.999999997574949,12.458577088001205,-0.018204566294471248,6.418613860254047,0.7428792808548782
0.3,4,0.8,400,1,1.0,0.0008068307163086382,0.9999999971731508,12.428236363104428,-0.010475780351028873,5.4352798861226335,0.8156265423386202
0.3,4,0.9,400,1,1.0,0.0008372765423651651,0.9999999969798201,12.476890416952383,-0.0178869692431076,5.618408246540913,0.8029932254676472
0.3,4,0.6,400,3,1.0,0.0011245980300442517,0.9999999944130687,12.563982551320453,-0.04264998599546264,6.621972082638767,0.7263286932449948
0.3,4,0.7,400,3,1.0,0.0010498675840901223,0.9999999951462433,12.46897474621469,-0.0023015596581330124,6.157686197878625,0.7633591694123638
0.3,4,0.8,400,3,1.0,0.0010883405984037954,0.9999999948645808,12.761330699329573,-0.09480025661986517,5.125102544513408,0.8360695264143757
0.3,4,0.9,400,3,1.0,0.0011658347988880713,0.9999999941303281,12.993309870302912,-0.1273193223708393,4.682594282802674,0.8631554089674902
0.3,4,0.6,400,5,1.0,0.0042322821186821635,0.9999999207731909,12.985296457314309,-0.18180818912847513,6.6628462958770305,0.7229397866216882
0.3,4,0.7,400,5,1.0,0.0015068846689554175,0.9999999900226986,12.857133404292103,-0.14484571900760812,5.912256550557972,0.7818470364179646
0.3,4,0.8,400,5,1.0,0.0014191721843131652,0.9999999912496655,12.817464457477064,-0.1659675076573603,5.53493096349158,0.8088039166016424
0.3,4,0.9,400,5,1.0,0.00160596826138703,0.9999999889129851,12.866001488959833,-0.15755101097902421,4.986799866949727,0.8447975926381109
0.3,4,0.6,400,10,1.0,0.10386241530023806,0.99995419265951,13.16774454958516,-0.2684311634858255,7.104429437142275,0.6849982365112797
0.3,4,0.7,400,10,1.0,0.031985967461964894,0.9999954921856926,12.683774324929875,-0.17244355278374507,6.3031059394430295,0.7520501852753801
0.3,4,0.8,400,10,1.0,0.009264072746186066,0.9999996162923781,12.962895360038768,-0.2526975730922008,5.650435871155401,0.8007407572287677
0.3,4,0.9,400,10,1.0,0.005734359055368601,0.9999998527059841,12.96138742076099,-0.2189708609122758,5.3823176177166525,0.8192021673890257
0.3,5,0.6,100,1,1.0,0.023126344299964286,0.999997611217144,12.831206342113685,-0.0610054644006975,5.280919440432657,0.8259501474002923
0.3,5,0.7,100,1,1.0,0.0029749415758052347,0.99999995034155,12.424877195897398,-0.02673336047519679,5.628875514584111,0.802258482272091
0.3,5,0.8,100,1,1.0,0.0010282593620212532,0.999999995298009,12.334656732283968,0.012342420335074844,4.938714311410362,0.8477762615098099
0.3,5,0.9,100,1,1.0,0.0009677839575623676,0.9999999959418835,12.192110904907072,0.034953678731978896,5.07107065408386,0.839507811960619
0.3,5,0.6,100,3,1.0,0.3538780875820147,0.9994620467266634,12.432221624117824,-0.024857215821153057,5.9871118844157865,0.7762879779960069
0.3,5,0.7,100,3,1.0,0.14659971612505876,0.9999068952374127,12.476086901705782,-0.008722738056489866,5.702608060292564,0.797044127487121
0.3,5,0.8,100,3,1.0,0.05781467453137912,0.9999850207008463,12.773791465140869,-0.09629986702405205,4.772641444667142,0.8578417097836925
0.3,5,0.9,100,3,1.0,0.020599279228234825,0.9999981207280658,12.810410142869776,-0.06294044247948276,4.287778139431921,0.8852588531325813
0.3,5,0.6,100,5,1.0,0.9910888038994342,0.9958738493376306,12.921468450455219,-0.1720270817451482,5.867165742863356,0.7851619070283362
0.3,5,0.7,100,5,1.0,0.5648994589409719,0.9986613649886922,12.755194870860551,-0.11829745512645055,5.5009404244380615,0.8111450127884179
0.3,5,0.8,100,5,1.0,0.2970328777861177,0.9996322102406973,12.77476979159555,-0.16238013799061174,5.067377692307711,0.8397414808424277
0.3,5,0.9,100,5,1.0,0.16062581046459762,0.9998912644295215,12.78118791432323,-0.13386370430437905,4.54464459105079,0.87109955233131
0.3,5,0.6,100,10,1.0,2.999028196506411,0.9619069440790327,13.09750264189241,-0.2699794488073956,5.334659406201318,0.8223897732374463
0.3,5,0.7,100,10,1.0,2.1933079419084818,0.9800337691375575,12.47008031807271,-0.12883338182192114,4.946289963322056,0.8473089016086863
0.3,5,0.8,100,10,1.0,1.5127346294802007,0.990548824296934,12.689330009486962,-0.17252569796503256,4.776472805094009,0.8576133757369976
0.3,5,0.9,100,10,1.0,1.065020002793867,0.9952962230885095,12.67785212004127,-0.10596930470742638,4.317437812358902,0.8836659744283443
0.3,5,0.6,200,1,1.0,0.0008975644814732599,0.9999999964485718,12.835664179400442,-0.06116041850831673,5.295099102737455,0.8250142189124096
0.3,5,0.7,200,1,1.0,0.0007936201548125148,0.9999999972467734,12.42641002790863,-0.026962219568864132,5.629090255997463,0.8022433943196671
0.3,5,0.8,200,1,1.0,0.0008208654223784588,0.9999999970475935,12.334854989203276,0.01231787202868031,4.938767678458314,0.8477729716756826
0.3,5,0.9,200,1,1.0,0.000881274278753056,0.9999999966563482,12.19224815039634,0.034932735402985984,5.071092085427495,0.839506455414542
0.3,5,0.6,200,3,1.0,0.02428919886819354,0.9999971344173065,12.424350150921175,-0.01511486601685108,6.1837535555607275,0.7613513834497427
0.3,5,0.7,200,3,1.0,0.003793652694407642,0.9999999333079245,12.487697038039155,-0.00890520114901967,5.770263685310524,0.7921998320201292
0.3,5,0.8,200,3,1.0,0.0012743987576744687,0.9999999927546543,12.778825170284557,-0.0967824925864785,4.787379095053004,0.8569624005170017
0.3,5,0.9,200,3,1.0,0.0013409860229647021,0.9999999922799627,12.813733297058056,-0.06348658814277788,4.29135934401974,0.8850671066814535
0.3,5,0.6,200,5,1.0,0.14665517194717273,0.9999009102097979,12.88585783005891,-0.14947720957345623,6.279665635253748,0.7538909324002394
0.3,5,0.7,200,5,1.0,0.04425797552455028,0.9999909441732668,12.781692642126135,-0.11690876980034373,5.785487695106996,0.7911018839006975
0.3,5,0.8,200,5,1.0,0.01159917282698204,0.999999375886518,12.777461948848766,-0.1591575226570728,5.109455648601004,0.8370689552329034
0.3,5,0.9,200,5,1.0,0.003594136641166834,0.9999999412271429,12.824834298018663,-0.1468000668789572,4.5777997775694645,0.8692119205796769
0.3,5,0.6,200,10,1.0,0.9220418608441119,0.9962337624956117,13.182644354800493,-0.3006719842539022,6.371104144450951,0.7466715397305769
0.3,5,0.7,200,10,1.0,0.48732910114591715,0.9989553042206237,12.594897516467297,-0.15160612542782365,5.8030179703112115,0.7898340255180376
0.3,5,0.8,200,10,1.0,0.22755670705801673,0.999777314992144,12.846650430932897,-0.2147990330250246,5.2565374741849125,0.8275536110262949
0.3,5,0.9,200,10,1.0,0.11301804230075858,0.9999456043626825,12.856816695709005,-0.16367302092274072,4.435981057560853,0.8771899407593527
0.3,5,0.6,300,1,1.0,0.0007226616234472202,0.9999999977227338,12.835790937681342,-0.06118747977955943,5.294927867730473,0.8250255362480727
0.3,5,0.7,300,1,1.0,0.0007393741553314391,0.9999999976002505,12.426554728423715,-0.026990980233710694,5.6290498663418465,0.8022462321823344
0.3,5,0.8,300,1,1.0,0.000773031513884616,0.9999999973834756,12.334862117750607,0.012316732261270525,4.938680211390774,0.8477783636012517
0.3,5,0.9,300,1,1.0,0.0008273087539977782,0.9999999970881459,12.192340838321915,0.03491924634503276,5.071071616867135,0.8395077510191651
0.3,5,0.6,300,3,1.0,0.0018607894710537746,0.9999999843678979,12.425156654717338,-0.014851482601431409,6.2010260055660815,0.7600163356967855
0.3,5,0.7,300,3,1.0,0.0011068318315925496,0.9999999944819897,12.487984640822749,-0.008904816712348062,5.7721848623333525,0.7920614371775283
0.3,5,0.8,300,3,1.0,0.0011076073736100817,0.9999999945957063,12.778897707040954,-0.09680317865923074,4.787693956458506,0.8569435850023998
0.3,5,0.9,300,3,1.0,0.001214837553362231,0.9999999936534566,12.813808655660836,-0.0634990571415031,4.29122315332143,0.8850744015926303
0.3,5,0.6,300,5,1.0,0.023469105976288863,0.9999974990893167,12.887675638024294,-0.1470067896280066,6.375479557275516,0.7463234690739806
0.3,5,0.7,300,5,1.0,0.004232989478637684,0.9999999180348713,12.78093905008529,-0.11568545759735441,5.808299953133451,0.7894512597629335
0.3,5,0.8,300,5,1.0,0.0015690003536967523,0.9999999893245919,12.779699115753232,-0.15988528271762842,5.114627936432,0.8367389189774352
0.3,5,0.9,300,5,1.0,0.0015932276842913768,0.9999999887350548,12.825344506669461,-0.1469033530976907,4.578443615373941,0.8691751290048886
0.3,5,0.6,300,10,1.0,0.3135671667273045,0.9995602888727497,13.230192324137013,-0.30702254860714284,6.7182152542394675,0.7183158540044929
0.3,5,0.7,300,10,1.0,0.12240328687076721,0.9999326921964491,12.62207087663119,-0.15581443205202977,6.01265353609315,0.7743751482837604
0.3,5,0.8,300,10,1.0,0.03779169142113298,0.9999938339376951,12.878044874086592,-0.22605055259089574,5.418078503983922,0.8167916929385742
0.3,5,0.9,300,10,1.0,0.013548476677782825,0.9999991675518659,12.885592327118346,-0.17472793529718927,4.450970239260046,0.8763585880830735
0.3,5,0.6,400,1,1.0,0.0006940615173963064,0.9999999978897517,12.835801497683685,-0.06118670120115834,5.295042887128839,0.8250179343782678
0.3,5,0.7,400,1,1.0,0.0007239298952326708,0.999999997701134,12.426586033655951,-0.02699703841428467,5.629140188057238,0.8022398859593455
0.3,5,0.8,400,1,1.0,0.0007546991747051084,0.9999999974941319,12.334934142160098,0.012303291956507034,4.9388816165159035,0.8477659477972098
0.3,5,0.9,400,1,1.0,0.0008080609677760097,0.9999999972041579,12.192363943383592,0.03491605776424531,5.07120998461391,0.8394989926124572
0.3,5,0.6,400,3,1.0,0.0010264338051273459,0.9999999954092781,12.425170138033751,-0.014821229239135026,6.201797484558775,0.7599566185234168
0.3,5,0.7,400,3,1.0,0.0009805122184459877,0.9999999957285084,12.4881254955802,-0.008932094663069412,5.772184689665947,0.7920614496179517
0.3,5,0.8,400,3,1.0,0.0010354734893101261,0.9999999952706841,12.779074782835618,-0.09683586468537253,4.7879431411925575,0.8569286933227225
0.3,5,0.9,400,3,1.0,0.001153326488772375,0.9999999942970177,12.813825910629792,-0.06350239944331457,4.291441128902456,0.8850627258491729
0.3,5,0.6,400,5,1.0,0.0036151581250614797,0.9999999413006344,12.888680363238816,-0.14690057640059329,6.390485853619168,0.7451278804971821
0.3,5,0.7,400,5,1.0,0.0013878503794055828,0.9999999916230475,12.781692170697802,-0.11581327852176371,5.80819958755621,0.7894585361306989
0.3,5,0.8,400,5,1.0,0.0013324762744830452,0.9999999922122772,12.77981454971643,-0.15991307740209537,5.115029490006703,0.8367132824521522
0.3,5,0.9,400,5,1.0,0.001446089665891066,0.9999999909244195,12.825380284261906,-0.14690525710207727,4.578672074655048,0.8691620726459237
0.3,5,0.6,400,10,1.0,0.10304076121018928,0.9999539342009445,13.22639296225529,-0.29985289523529896,6.951344403394481,0.6984271869152089
0.3,5,0.7,400,10,1.0,0.02890117265125732,0.9999963270266734,12.631961515245763,-0.1582601986634644,6.0811062207484765,0.7692085297507518
0.3,5,0.8,400,10,1.0,0.006008917265025148,0.9999998472706831,12.88502001686912,-0.22890826972841966,5.424918883092316,0.8163287962223095
0.3,5,0.9,400,10,1.0,0.0029250407411766663,0.9999999588387499,12.88815446489381,-0.17577170035961615,4.4518010890495665,0.8763124242026329
0.3,6,0.6,100,1,1.0,0.022738108167925576,0.9999976482730861,12.843663146850526,-0.054585283330655175,4.758852457932451,0.858661962926587
0.3,6,0.7,100,1,1.0,0.002583550136927652,0.9999999636357927,12.367020496637629,-0.02328693446326464,5.429126787131509,0.8160437521284822
0.3,6,0.8,100,1,1.0,0.0009660144428091944,0.9999999958789971,12.296816228983639,0.025004224654409036,4.921394542287703,0.8488420680548326
0.3,6,0.9,100,1,1.0,0.000956822060644421,0.9999999960194204,12.083302884776767,0.061889754385690485,4.863953200186272,0.8523500343927636
0.3,6,0.6,100,3,1.0,0.349988929188667,0.999473084510208,12.435429006337253,-0.026214770471762038,5.78821395563136,0.7909049619120592
0.3,6,0.7,100,3,1.0,0.14262252631595068,0.9999132232628508,12.600212621669632,-0.02870697777787463,5.727752165070702,0.7952504239275032
0.3,6,0.8,100,3,1.0,0.05482653003219824,0.9999865535088135,12.75496442891944,-0.09986344118657427,4.667496056844615,0.8640364503396705
0.3,6,0.9,100,3,1.0,0.018182072812853382,0.9999985764458128,12.811034324807204,-0.06368622552753407,4.248882288550567,0.8873311208326019
0.3,6,0.6,100,5,1.0,1.0077882265712599,0.9957192146581268,12.9096316752596,-0.1650683324738582,5.943740845658233,0.7795174080582707
0.3,6,0.7,100,5,1.0,0.5602662696631979,0.9986871219591903,12.799708936457954,-0.1387984662089287,5.4988410890700115,0.811289131528369
0.3,6,0.8,100,5,1.0,0.28925824797253175,0.9996517801081666,12.774130194027247,-0.16632874560657682,5.0092722743458635,0.8433956393093162
0.3,6,0.9,100,5,1.0,0.15425999121782558,0.9999003127310934,12.664967754294738,-0.09678518377044328,4.48265935189801,0.8745917669111792
0.3,6,0.6,100,10,1.0,2.9912214383907676,0.9621122157090906,13.115212645175921,-0.2784922149788988,5.282377589699994,0.8258540180403151
0.3,6,0.7,100,10,1.0,2.1845995589602802,0.98021207968885,12.386791016661125,-0.09663978307275067,4.911187985585624,0.8494683954787311
0.3,6,0.8,100,10,1.0,1.4956647390480284,0.9907805001644704,12.579330545876456,-0.12915326252800202,4.842997686598744,0.8536195431948923
0.3,6,0.9,100,10,1.0,1.0534828839149015,0.9953999628867809,12.610486315528721,-0.08068947651266112,4.234763440306141,0.888078664160465
0.3,6,0.6,200,1,1.0,0.0008619270178463924,0.9999999968077941,12.848542748551893,-0.05493191152783905,4.762976427506631,0.858416892785943
0.3,6,0.7,200,1,1.0,0.0008194899292243467,0.9999999969669979,12.368182111507654,-0.023468246407334248,5.429081174087215,0.8160468431482959
0.3,6,0.8,200,1,1.0,0.000772696914109851,0.999999997394647,12.296992445839779,0.024981884895597384,4.9213641098990974,0.8488439374772752
0.3,6,0.9,200,1,1.0,0.0008794098581550982,0.9999999966805785,12.083391478229784,0.06187636752693202,4.864153767616737,0.8523378573081741
0.3,6,0.6,200,3,1.0,0.0231929551017112,0.9999972694713515,12.439670098526609,-0.020081843686949208,5.970045029297408,0.7775615866612317
0.3,6,0.7,200,3,1.0,0.0036246739765543367,0.999999937048826,12.606969235353208,-0.028694971149891436,5.795818512264944,0.7903551827948392
0.3,6,0.8,200,3,1.0,0.0012206578680913102,0.9999999933957806,12.757214180307276,-0.09992376928675124,4.6821438327122,0.8631817356957211
0.3,6,0.9,200,3,1.0,0.0012828226017021363,0.9999999929020073,12.810064343014863,-0.06324233935636991,4.249375174279789,0.887304979320597
0.3,6,0.6,200,5,1.0,0.14460260330344252,0.999903213244629,12.87001806408542,-0.1416484427347896,6.408379388147954,0.7436985845012923
0.3,6,0.7,200,5,1.0,0.04196652120081581,0.9999917689848067,12.82490930881437,-0.13940211290917764,5.71077479752617,0.7964624027353076
0.3,6,0.8,200,5,1.0,0.009857908960625272,0.9999995530674237,12.784999124176132,-0.16691733236873896,5.055325300629056,0.840502900888507
0.3,6,0.9,200,5,1.0,0.002931499563288076,0.9999999615760791,12.67804802341342,-0.10011158783316917,4.506223844999844,0.8732698066076481
0.3,6,0.6,200,10,1.0,0.9169429494994524,0.9962833488037199,13.213882076985541,-0.31402314010007937,6.334484522496009,0.749575316474818
0.3,6,0.7,200,10,1.0,0.4810204271710761,0.9989936638917353,12.529332349065085,-0.12623005629376463,5.769333221644278,0.7922668427938684
0.3,6,0.8,200,10,1.0,0.21800394903711034,0.9997980385587422,12.716602233253218,-0.163928132446089,5.315919852069274,0.8236353974947248
0.3,6,0.9,200,10,1.0,0.10433147290185552,0.9999541555118207,12.74414789110153,-0.12392323863019727,4.353602540783533,0.8817088835605946
0.3,6,0.6,300,1,1.0,0.0007052206002371144,0.9999999978467613,12.848704624687084,-0.054964612037342465,4.762824394720853,0.8584259312227258
0.3,6,0.7,300,1,1.0,0.0007404981747745513,0.9999999975638876,12.368263233592605,-0.023482039228004604,5.42915551001819,0.81604180567608
0.3,6,0.8,300,1,1.0,0.0007364606554275648,0.9999999976152696,12.296981740659287,0.024984355014760727,4.921284098027255,0.8488488524483758
0.3,6,0.9,300,1,1.0,0.0008416841542046362,0.9999999969560035,12.083425837873978,0.061870517349788344,4.864252754920056,0.8523318472900978
0.3,6,0.6,300,3,1.0,0.0018537114371945489,0.9999999844953292,12.439918124693476,-0.019704570729893046,5.982020609517568,0.7766682932951678
0.3,6,0.7,300,3,1.0,0.0010758235861268888,0.9999999948393737,12.607192878079442,-0.028692436619994478,5.797190880368199,0.7902558891670779
0.3,6,0.8,300,3,1.0,0.0010610109052485697,0.9999999950590048,12.757256098215162,-0.09992596748966869,4.682309518342666,0.8631720524299873
0.3,6,0.9,300,3,1.0,0.0011761507374655911,0.9999999940037121,12.810190106711312,-0.06326391504429303,4.249346386314525,0.8873065062506601
0.3,6,0.6,300,5,1.0,0.02299113627310828,0.9999975969157348,12.87133282301132,-0.13960777046613795,6.4822514981315,0.7377555363140132
0.3,6,0.7,300,5,1.0,0.0039058168664637544,0.9999999280649974,12.824157060180047,-0.13815677203000393,5.729824409538203,0.7951022443568098
0.3,6,0.8,300,5,1.0,0.0014726083502006383,0.9999999904933642,12.785668241710969,-0.16702875203441156,5.060654096478225,0.8401664733070904
0.3,6,0.9,300,5,1.0,0.001501752302438066,0.999999990164617,12.678537746390024,-0.10026792948797422,4.506188244528717,0.8732718090100693
0.3,6,0.6,300,10,1.0,0.3085923426157931,0.9995763475530911,13.231127411878797,-0.3063111744772097,6.693513053662273,0.720383494196779
0.3,6,0.7,300,10,1.0,0.12071541440529325,0.9999356838004381,12.566186678026877,-0.13327776448686662,5.9910394632674535,0.775994369049992
0.3,6,0.8,300,10,1.0,0.0349730372820115,0.9999947898717549,12.743848150110498,-0.17240173139828446,5.452291262526417,0.8144706296391635
0.3,6,0.9,300,10,1.0,0.011143746008119567,0.9999994576745579,12.77146855591009,-0.13402148831303282,4.376826609691231,0.8804434816710559
0.3,6,0.6,400,1,1.0,0.0006786405648399006,0.9999999979941074,12.848713147001874,-0.05496403772653209,4.762822190858964,0.8584260622414644
0.3,6,0.7,400,1,1.0,0.0007168537936281346,0.9999999977121877,12.368334278519894,-0.023495030747540648,5.429155807322167,0.8160417855287462
0.3,6,0.8,400,1,1.0,0.0007168422447853299,0.9999999977274033,12.297075149292821,0.02497123686673961,4.921326912376969,0.8488462224574579
0.3,6,0.9,400,1,1.0,0.0008038217091407981,0.9999999972481532,12.083445507662471,0.0618705252719995,4.864321811186937,0.8523276544636713
0.3,6,0.6,400,3,1.0,0.0010634201564526725,0.9999999950740849,12.439960630289741,-0.019677739000650597,5.982517425171197,0.7766311956980312
0.3,6,0.7,400,3,1.0,0.0009843807454477293,0.9999999956950554,12.607290147729852,-0.02870656342470306,5.797278271291249,0.7902495654596183
0.3,6,0.8,400,3,1.0,0.000998409744292899,0.9999999955550137,12.75736451632691,-0.0999456780460339,4.682487792941878,0.8631616330368277
0.3,6,0.9,400,3,1.0,0.0011145063139706608,0.999999994641921,12.810248637869702,-0.06326983984963178,4.2494785477810515,0.8872994962459877
0.3,6,0.6,400,5,1.0,0.003663317045552007,0.9999999403169231,12.872164491142485,-0.13946655146181786,6.4987605178892,0.7364180651907334
0.3,6,0.7,400,5,1.0,0.0013615043229765066,0.999999991992216,12.824793917586627,-0.13824425170868954,5.73136350290326,0.794992154026699
0.3,6,0.8,400,5,1.0,0.0012601893552376797,0.9999999929991876,12.785742376629642,-0.16703893098495365,5.0609382819498645,0.8401485216191593
0.3,6,0.9,400,5,1.0,0.0013954773179335113,0.9999999915867767,12.678577132675073,-0.10028044194417023,4.506339991318073,0.8732632736720598
0.3,6,0.6,400,10,1.0,0.10131498033218807,0.9999555863151348,13.22396045485775,-0.2983978543114116,6.912059960138811,0.7018261392035765
0.3,6,0.7,400,10,1.0,0.02839061412632351,0.9999964970493957,12.57646025896271,-0.13582249574266073,6.041300152934221,0.7722200978771108
0.3,6,0.8,400,10,1.0,0.005624621743879034,0.9999998673691219,12.750202410686576,-0.17466865258756742,5.462107183545169,0.8138020002920121
0.3,6,0.9,400,10,1.0,0.002340769535807572,0.9999999768385015,12.775027781035018,-0.1352240131406201,4.378055436029759,0.8803763394991626
0.3,7,0.6,100,1,1.0,0.02279288475986899,0.9999976372892256,12.88050673973647,-0.06523267700171886,5.064398360280167,0.8399298713698566
0.3,7,0.7,100,1,1.0,0.0025617191331223305,0.9999999640379214,12.274815466790448,0.005958128706024168,5.345529064484039,0.8216652548987028
0.3,7,0.8,100,1,1.0,0.000959749261810287,0.9999999958545329,12.280779126170286,0.028865005946955624,4.795074814184115,0.8565021645843818
0.3,7,0.9,100,1,1.0,0.0009037722677916326,0.9999999964965408,12.030035781861951,0.06951242149319499,4.7121610505088976,0.8614218289255594
0.3,7,0.6,100,3,1.0,0.35058422463478445,0.9994710005998286,12.468305010821604,-0.036520360281515375,5.817562514091218,0.7887791954494373
0.3,7,0.7,100,3,1.0,0.1430487475867339,0.9999126883936631,12.605972463704962,-0.029642021644471227,5.678897038138692,0.7987283697016938
0.3,7,0.8,100,3,1.0,0.05235932400302695,0.9999877670919586,12.694664752261232,-0.07789962613940596,4.638484815229264,0.8657213849314979
0.3,7,0.9,100,3,1.0,0.017177345525454413,0.9999987185582601,12.705145900227906,-0.04893311528117448,4.240766877214855,0.8877611073673268
0.3,7,0.6,100,5,1.0,1.0076133337843547,0.9957208651802155,12.90951970008621,-0.16507269872722796,5.923337000369268,0.781028567844803
0.3,7,0.7,100,5,1.0,0.5597873797175833,0.9986893140931438,12.79759040128896,-0.1381484910207929,5.482187329351605,0.8124304579854125
0.3,7,0.8,100,5,1.0,0.2882425067777598,0.9996543995914138,12.714131970625171,-0.1416243629658142,4.997431642320317,0.8441351092239843
0.3,7,0.9,100,5,1.0,0.1473815712582132,0.999909790604222,12.612507631049809,-0.08269685207994734,4.458729845117557,0.8759271114090995
0.3,7,0.6,100,10,1.0,2.9912214383907676,0.9621122157090906,13.115212645175921,-0.2784922149788988,5.282763277422586,0.825828586908947
0.3,7,0.7,100,10,1.0,2.184421920637245,0.9802153720470252,12.386649888086122,-0.09658459643698036,4.891342468620458,0.8506824975266968
0.3,7,0.8,100,10,1.0,1.4951240893301576,0.9907873418508828,12.608711827987502,-0.14107098741311935,4.800423600687022,0.8561818495108935
0.3,7,0.9,100,10,1.0,1.046128025145399,0.9954618735634162,12.620772035524476,-0.08351446743917004,4.297117211456257,0.884758480780122
0.3,7,0.6,200,1,1.0,0.0008637893116148121,0.9999999967902469,12.884846567559133,-0.06543975280504954,5.068131390072207,0.8396938051104927
0.3,7,0.7,200,1,1.0,0.0008066856944146078,0.9999999971396424,12.276127255170532,0.005732837326639118,5.345697968822412,0.8216539849242451
0.3,7,0.8,200,1,1.0,0.0007965102214694718,0.9999999972450995,12.281013477672982,0.028833098558533398,4.795056879140078,0.8565032380338207
0.3,7,0.9,200,1,1.0,0.0008469911430057315,0.9999999969124806,12.0301248086549,0.06949994158266518,4.712185120745484,0.8614204131768841
0.3,7,0.6,200,3,1.0,0.02330468048778046,0.9999972577221328,12.477100926819265,-0.03179046657585385,5.979917917620895,0.7768252687616001
0.3,7,0.7,200,3,1.0,0.003714104243435003,0.999999934208996,12.611100480278136,-0.02925197171852425,5.741913798419203,0.794236702349501
0.3,7,0.8,200,3,1.0,0.0012366391801300284,0.9999999931785964,12.697362766298404,-0.0779414406718492,4.646791529154985,0.8652400153283684
0.3,7,0.9,200,3,1.0,0.001277762318176276,0.9999999930452373,12.705231787145589,-0.048768187371884,4.240991082928369,0.8877492391053117
0.3,7,0.6,200,5,1.0,0.1447186056045796,0.9999029888049528,12.875229767097945,-0.14416165576166567,6.318070437499526,0.7508714492280979
0.3,7,0.7,200,5,1.0,0.04204181657040805,0.9999917294249068,12.817708624266649,-0.1369961278076428,5.700262842927229,0.7972110257758569
0.3,7,0.8,200,5,1.0,0.009740656855503677,0.9999995619454101,12.72277131381811,-0.14141600123300163,5.032213367885889,0.841957944640692
0.3,7,0.9,200,5,1.0,0.0025485608417984565,0.9999999716641348,12.639112760200316,-0.09109884363622915,4.466968913505431,0.87546815133394
0.3,7,0.6,200,10,1.0,0.9173659929103272,0.9962791744746863,13.22356790367779,-0.31871137681737416,6.32010324653076,0.7507111115921693
0.3,7,0.7,200,10,1.0,0.4828248015940121,0.9989831973715908,12.535741756421002,-0.12874678163189326,5.758318098934417,0.7930593162899332
0.3,7,0.8,200,10,1.0,0.21544698619204622,0.9998034816453263,12.766413931936256,-0.18469902178159253,5.232107709198258,0.829152775960134
0.3,7,0.9,200,10,1.0,0.09876500136065083,0.9999596161339891,12.77849350059235,-0.1359758874352727,4.373738065847847,0.8806121542265052
0.3,7,0.6,300,1,1.0,0.0006753757551519399,0.9999999980315402,12.88502128002473,-0.06547288577917632,5.067926190565257,0.8397067858656059
0.3,7,0.7,300,1,1.0,0.0007185491682479619,0.9999999977401265,12.276309703332824,0.005697706463961505,5.345700913770763,0.8216537884223287
0.3,7,0.8,300,1,1.0,0.0007612789069574394,0.9999999974784611,12.281048698740406,0.0288303160624551,4.795358194024055,0.8564852031826092
0.3,7,0.9,300,1,1.0,0.000795787736759143,0.9999999972865838,12.030133262726446,0.06949843869310997,4.7122305263790425,0.8614177425159942
0.3,7,0.6,300,3,1.0,0.0018920296819576656,0.999999984193822,12.47765713533699,-0.031391562143742766,5.9899064640583495,0.7760790869710317
0.3,7,0.7,300,3,1.0,0.001083554126688341,0.999999994761616,12.611316123458106,-0.029248467558344027,5.74271893425374,0.7941789937090731
0.3,7,0.8,300,3,1.0,0.0010749985292795405,0.9999999948816487,12.697417820645189,-0.07795602811197011,4.646909132372454,0.865233194102053
0.3,7,0.9,300,3,1.0,0.0011524417917273357,0.9999999943766985,12.705314162169184,-0.04878272715774044,4.241010243404259,0.8877482248221811
0.3,7,0.6,300,5,1.0,0.023021279745184215,0.9999975790496152,12.87930429537543,-0.14305755289695704,6.392071471768735,0.7450013862041184
0.3,7,0.7,300,5,1.0,0.0038706053485208004,0.9999999304313206,12.817625415405868,-0.13586623590178165,5.719020224462233,0.7958742282723762
0.3,7,0.8,300,5,1.0,0.0014408280916424442,0.999999990890968,12.723458629517209,-0.1414794158922537,5.03493887205343,0.8417867035199215
0.3,7,0.9,300,5,1.0,0.0014411734413836718,0.9999999910750175,12.639623397087835,-0.09125391695089169,4.467862113537621,0.8754183444182599
0.3,7,0.6,300,10,1.0,0.30894185429822796,0.9995749491333875,13.23789882462717,-0.3095585903848347,6.677347681014171,0.7217324560259424
0.3,7,0.7,300,10,1.0,0.12069007956711915,0.9999353348231917,12.576940265917232,-0.13688478636594462,5.948229537365678,0.779184266991535
0.3,7,0.8,300,10,1.0,0.0339215661766192,0.9999951580121467,12.794572681303427,-0.19367556813487752,5.3430154714631035,0.8218329298187583
0.3,7,0.9,300,10,1.0,0.00984091715965635,0.999999598304802,12.792066355563836,-0.14097912871218451,4.396402172942575,0.8793716457773445
0.3,7,0.6,400,1,1.0,0.0006647256261202557,0.9999999980933616,12.88500348334033,-0.06547048483371731,5.067864715184017,0.8397106746462677
0.3,7,0.7,400,1,1.0,0.000691365971586452,0.9999999979214771,12.276355705032191,0.005692805593279182,5.3457380312416625,0.8216513117468068
0.3,7,0.8,400,1,1.0,0.0007276568106354257,0.9999999976829679,12.281097275640082,0.02882202152812239,4.795317017570191,0.856487667818117
0.3,7,0.9,400,1,1.0,0.0007699602494974402,0.9999999975041813,12.030200228723242,0.06948959668497438,4.7123014017736535,0.8614135737275634
0.3,7,0.6,400,3,1.0,0.0011018192797675362,0.9999999947547733,12.477725063294365,-0.03136782305555737,5.99031919324371,0.7760482277646021
0.3,7,0.7,400,3,1.0,0.000972008700614573,0.9999999958165254,12.611466183398111,-0.029273257698508793,5.742784752597541,0.7941742757782324
0.3,7,0.8,400,3,1.0,0.0010163902980275864,0.9999999953775516,12.697543212264879,-0.077980782867155,4.647240111117307,0.8652139957336323
0.3,7,0.9,400,3,1.0,0.0010968256402210952,0.9999999948885824,12.705344367960443,-0.048785896783572015,4.2411023248568585,0.8877433503143946
0.3,7,0.6,400,5,1.0,0.0035904069079092265,0.9999999424568096,12.880327361694842,-0.14302188629690737,6.408928727538593,0.7436546412546265
0.3,7,0.7,400,5,1.0,0.0013306362930926257,0.9999999923589253,12.818056315359673,-0.13594344959267504,5.720067329401389,0.7957994739744362
0.3,7,0.8,400,5,1.0,0.0012338598915621513,0.9999999932315852,12.723567977040904,-0.14150130311840822,5.035222267025674,0.8417688927318503
0.3,7,0.9,400,5,1.0,0.0013209532159770493,0.9999999925683916,12.639748568015255,-0.09128117812352003,4.468048063348265,0.8754079741710353
0.3,7,0.6,400,10,1.0,0.10159346421799757,0.9999552664950073,13.232226492074153,-0.30239871672496166,6.902224877540606,0.7026740711405028
0.3,7,0.7,400,10,1.0,0.028006032550769562,0.9999966001665646,12.58643755480355,-0.13906489621270107,6.004921582961156,0.7749550583310898
0.3,7,0.8,400,10,1.0,0.005293661599592025,0.9999998825077727,12.800905470962727,-0.1959056742575016,5.355356004423579,0.8210089697504499
0.3,7,0.9,400,10,1.0,0.0022146436791704444,0.9999999790730604,12.794983841937782,-0.14193700469356088,4.396702624406868,0.8793551576569846
0.3,8,0.6,100,1,1.0,0.022800743732251553,0.9999976360379677,12.885338705069554,-0.06669852506219161,4.947566020694628,0.8472301081144568
0.3,8,0.7,100,1,1.0,0.002512311093360601,0.9999999646270433,12.273962618469886,0.006236372051113892,5.2447853938857225,0.8283238284455706
0.3,8,0.8,100,1,1.0,0.0009550074936891334,0.9999999959873807,12.286735967765418,0.027245085803341663,4.944771539259176,0.8474026341851392
0.3,8,0.9,100,1,1.0,0.0009050666370101834,0.9999999964831341,12.056940073183174,0.05944523319628383,4.68349418646982,0.8631028061686624
0.3,8,0.6,100,3,1.0,0.35056398661417554,0.9994710656511827,12.471473310957405,-0.03752304157222082,5.82309301553847,0.7883774078553327
0.3,8,0.7,100,3,1.0,0.14266061262310484,0.999913202006328,12.605753369074478,-0.029603713685225918,5.747461137139253,0.79383892901893
0.3,8,0.8,100,3,1.0,0.0519803669423264,0.9999879414686468,12.695817046630845,-0.07821339989177836,4.649023543948698,0.8651105244671882
0.3,8,0.9,100,3,1.0,0.017119380054935934,0.9999987348604703,12.687725642240041,-0.047041366822093054,4.212156168251513,0.8892704578909487
0.3,8,0.6,100,5,1.0,1.0076133337843547,0.9957208651802155,12.90951970008621,-0.16507269872722796,5.826890134111962,0.7881013284369858
0.3,8,0.7,100,5,1.0,0.559767638667539,0.9986894072174002,12.79812629961792,-0.13835590117020552,5.482175065594979,0.812431297177692
0.3,8,0.8,100,5,1.0,0.2890918170868293,0.9996523045047855,12.695123133218512,-0.13406553405816873,5.006887456614243,0.8435447164343635
0.3,8,0.9,100,5,1.0,0.14680724986360122,0.9999106025365366,12.59842309951257,-0.07846527900190126,4.404547154155097,0.8789242682320205
0.3,8,0.6,100,10,1.0,2.9912214383907676,0.9621122157090906,13.115212645175921,-0.2784922149788988,5.282763277422586,0.825828586908947
0.3,8,0.7,100,10,1.0,2.184421920637245,0.9802153720470252,12.386649888086122,-0.09658459643698036,4.891342468620458,0.8506824975266968
0.3,8,0.8,100,10,1.0,1.4947555298557134,0.9907920605288478,12.608129367493646,-0.14083393030282168,4.802700609161034,0.8560453812151455
0.3,8,0.9,100,10,1.0,1.044762867161526,0.9954730837303162,12.608303269513042,-0.07914310929770205,4.307707719505822,0.8841897412584221
0.3,8,0.6,200,1,1.0,0.0008605493885869946,0.9999999968004241,12.889613837931886,-0.06689358388150639,4.953966610843424,0.8468345803116307
0.3,8,0.7,200,1,1.0,0.0007878828862945393,0.9999999972779628,12.275188514063284,0.006024136184921836,5.243823242535163,0.82838681035884
0.3,8,0.8,200,1,1.0,0.000776287176485055,0.9999999973501648,12.287043701413983,0.027201551105328757,4.9447641601221966,0.8474030896302557
0.3,8,0.9,200,1,1.0,0.0008164287348810572,0.9999999971498335,12.057055616119698,0.05942861115979161,4.683488545469153,0.8631031359381318
0.3,8,0.6,200,3,1.0,0.023131934014706194,0.999997288510793,12.476998545541578,-0.03171028086559402,5.988282951042851,0.7762004542250682
0.3,8,0.7,200,3,1.0,0.0037114127877535055,0.9999999343591407,12.612868998052864,-0.029775624184800575,5.79957255071945,0.7900835146656471
0.3,8,0.8,200,3,1.0,0.0012035189061251476,0.999999993584232,12.700528155451893,-0.07898180842182438,4.652335545375397,0.8649182633324403
0.3,8,0.9,200,3,1.0,0.0012745513588284887,0.9999999929981269,12.686899092341623,-0.0468165610192953,4.212822379688548,0.8892354282679973
0.3,8,0.6,200,5,1.0,0.14484299869928174,0.9999028449605298,12.87506372432666,-0.14413195616970775,6.305753562795948,0.7518418385958062
0.3,8,0.7,200,5,1.0,0.04197534178162503,0.9999917457378192,12.819809277803746,-0.1377137993342028,5.700841428015022,0.7971698569265225
0.3,8,0.8,200,5,1.0,0.009723209983003602,0.9999995617274461,12.70284999999261,-0.1334891311913398,5.04262460981112,0.8413033157263263
0.3,8,0.9,200,5,1.0,0.002506914291445213,0.9999999726387149,12.621943366991424,-0.08640346034047312,4.40911019516477,0.8786732732094245
0.3,8,0.6,200,10,1.0,0.9174526037647253,0.9962783130185905,13.214168992042925,-0.314222572789357,6.319844861807504,0.7507314945261953
0.3,8,0.7,200,10,1.0,0.4828191271451191,0.9989832236534412,12.535707974805005,-0.12874072317991453,5.758318098934417,0.7930593162899332
0.3,8,0.8,200,10,1.0,0.21553806928007796,0.9998032848280836,12.771447088182635,-0.18667795084280928,5.272039038127418,0.8265350202280232
0.3,8,0.9,200,10,1.0,0.09903096334509746,0.9999593566584142,12.779431292770088,-0.1355336860688478,4.387986826804321,0.8798330038438619
0.3,8,0.6,300,1,1.0,0.0006876747645439688,0.9999999979679124,12.889784559133528,-0.06692498586301317,4.953843156957756,0.8468422140451979
0.3,8,0.7,300,1,1.0,0.0007342206111119648,0.9999999976520776,12.275340128721833,0.005996414138649398,5.2437531242000865,0.828391399815855
0.3,8,0.8,300,1,1.0,0.0007511895820603816,0.9999999975412852,12.287056451591411,0.027201199571008063,4.944926459823386,0.8473930722305973
0.3,8,0.9,300,1,1.0,0.0007747793208916756,0.9999999974496834,12.057085155470501,0.05942460435667698,4.683484103652695,0.863103395603742
0.3,8,0.6,300,3,1.0,0.0018446467264915966,0.9999999850695795,12.47722054289638,-0.031234682425599257,6.0006401458281795,0.7752758526225535
0.3,8,0.7,300,3,1.0,0.0010897427517552517,0.9999999946899516,12.613184571493617,-0.029792736607285562,5.800788229803878,0.7899955020321497
0.3,8,0.8,300,3,1.0,0.001083936022352564,0.9999999948029297,12.700614079142238,-0.07899909017168627,4.65251762701216,0.8649076895529771
0.3,8,0.9,300,3,1.0,0.001167929771429843,0.999999994145804,12.68699289303479,-0.046831167990210074,4.2128881117388906,0.8892319717542639
0.3,8,0.6,300,5,1.0,0.022932995038561704,0.9999975964349682,12.878933444015157,-0.14300468150023207,6.381724286825177,0.74582627756355
0.3,8,0.7,300,5,1.0,0.0038655220324203495,0.999999929967666,12.818425895585165,-0.13618691683422432,5.717226325075236,0.7960022654717328
0.3,8,0.8,300,5,1.0,0.001421778780657753,0.9999999911195816,12.703442665987273,-0.13353188854677583,5.045345241774414,0.8411320272498176
0.3,8,0.9,300,5,1.0,0.0014002381900114257,0.9999999914944485,12.622516848154671,-0.08656411640751398,4.409921066954451,0.8786286431311457
0.3,8,0.6,300,10,1.0,0.30864258176242176,0.9995760193298946,13.236973815441075,-0.3091240243184183,6.676072281467974,0.7218387462544567
0.3,8,0.7,300,10,1.0,0.12140457535678983,0.9999346697875314,12.576431700996903,-0.13679253304080335,5.943528074214779,0.7795331932551315
0.3,8,0.8,300,10,1.0,0.033992043298091655,0.9999951313432718,12.799562880805457,-0.19580927292951847,5.374191370239589,0.8197476940290338
0.3,8,0.9,300,10,1.0,0.009849747471147374,0.9999995976831663,12.795054307333885,-0.14149925965661397,4.398449768883788,0.8792592558559155
0.3,8,0.6,400,1,1.0,0.0006705521858239533,0.9999999980627765,12.889774511735363,-0.06692304447830515,4.953824612762555,0.8468433607034482
0.3,8,0.7,400,1,1.0,0.0007105723386712197,0.9999999977959764,12.275412222731436,0.00598612827932552,5.243770582636477,0.8283902571141499
0.3,8,0.8,400,1,1.0,0.0007215823385290762,0.999999997718041,12.287099491017178,0.027193888300811063,4.944880139791275,0.8473959312113102
0.3,8,0.9,400,1,1.0,0.0007545826342265766,0.9999999975637144,12.057083035247276,0.059425477479602404,4.683575194816158,0.8630980704261775
0.3,8,0.6,400,3,1.0,0.0010670706559328094,0.9999999951119992,12.47727659190635,-0.031209581082291417,6.00124401974851,0.7752306201550484
0.3,8,0.7,400,3,1.0,0.0009809711323362958,0.9999999956946718,12.613330209674876,-0.029819202911748353,5.800809754894208,0.789993943494242
0.3,8,0.8,400,3,1.0,0.0010204770491196995,0.9999999953697081,12.700710909563856,-0.0790147362042182,4.652756507936875,0.8648938167180537
0.3,8,0.9,400,3,1.0,0.0011036580557017704,0.9999999947899545,12.687053585557518,-0.04683927353696784,4.213074261956483,0.889222182769815
0.3,8,0.6,400,5,1.0,0.0035664247914776884,0.9999999431649549,12.880041916396635,-0.14298222470530775,6.39788662360358,0.7445372079879217
0.3,8,0.7,400,5,1.0,0.0013467137301969873,0.9999999921510637,12.818982694388657,-0.13629893660053094,5.718173876889881,0.7959346402175187
0.3,8,0.8,400,5,1.0,0.0012249672620361868,0.9999999933193969,12.703513720157108,-0.13354712881908964,5.045519916869059,0.8411210267108185
0.3,8,0.9,400,5,1.0,0.0012966572123417235,0.9999999928048297,12.622636414411216,-0.08658957580296875,4.410073968996968,0.8786202265405495
0.3,8,0.6,400,10,1.0,0.10142777417515685,0.9999554532651509,13.232080207388554,-0.3024303430016667,6.896551833191298,0.7031626237537558
0.3,8,0.7,400,10,1.0,0.028148177111939666,0.9999965679999125,12.586813048746126,-0.1391246304759615,6.0068831159287175,0.7748080105589734
0.3,8,0.8,400,10,1.0,0.005304543181007737,0.9999998817697741,12.805698049933628,-0.1979477925960967,5.382831021266149,0.8191676741901407
0.3,8,0.9,400,10,1.0,0.0021897414559923886,0.9999999794999365,12.7979870995736,-0.14245545369566076,4.398609139671604,0.8792505060021542
0.4,3,0.6,100,1,1.0,0.019827303203903867,0.9999979430792273,13.47036764267369,-0.2596171975022871,5.5638103535637855,0.8068035190195906
0.4,3,0.7,100,1,1.0,0.0041815973608665905,0.9999999195747916,13.316551615326347,-0.3134119525550171,6.560645949608342,0.7313741655218462
0.4,3,0.8,100,1,1.0,0.001979039393821196,0.9999999816788033,12.823183965194195,-0.11205626904647623,5.719038087886426,0.7958729530920828
0.4,3,0.9,100,1,1.0,0.0012941139386441044,0.9999999924745199,12.90626561288983,-0.11243287783227851,5.624590225792398,0.8025594507161165
0.4,3,0.6,100,3,1.0,0.2407242032229986,0.9997465852495209,12.929932398196485,-0.12516997648140854,6.089578217449777,0.7685650196693012
0.4,3,0.7,100,3,1.0,0.11659192853405971,0.9999383927195424,12.841953796703077,-0.09799190492748007,5.387343507536604,0.818864359664182
0.4,3,0.8,100,3,1.0,0.06534744064381273,0.999981322062523,13.220866781679657,-0.19746898602986435,6.024378650023209,0.7734943203721607
0.4,3,0.9,100,3,1.0,0.044113219982924515,0.9999918762919815,13.441102274777332,-0.2390102343094747,5.647000905838551,0.8009829475876982
0.4,3,0.6,100,5,1.0,0.6683141512859304,0.9980736853769274,12.877496530578426,-0.17019150055312504,6.0901326325131935,0.7685228765599947
0.4,3,0.7,100,5,1.0,0.40392250954911335,0.9992691610557722,13.222531584209767,-0.1938301277301811,6.386095605575372,0.7454779532431717
0.4,3,0.8,100,5,1.0,0.2647168109493269,0.9996706299497745,12.798420799538222,-0.13297510036889137,5.647799314713692,0.8009266670180533
0.4,3,0.9,100,5,1.0,0.24550958983527638,0.9997149332840245,13.067561831781655,-0.1522427454856668,6.322033690619817,0.7505588002332451
0.4,3,0.6,100,10,1.0,2.167179201242206,0.9800673328383315,12.948397574460873,-0.2590427613647387,6.081470708309801,0.7691808626987021
0.4,3,0.7,100,10,1.0,1.5061496881533987,0.990477472075096,12.486840638514428,-0.10693422041232634,5.493224206880438,0.8116744583049275
0.4,3,0.8,100,10,1.0,1.0903450323101744,0.9949781075631993,12.666935798358082,-0.1592964174231954,5.7575184374695745,0.7931167882798777
0.4,3,0.9,100,10,1.0,0.921540311384961,0.9964446522798951,12.834063877756005,-0.141127074020887,6.111086329121588,0.7669272970619497
0.4,3,0.6,200,1,1.0,0.0008516479017353194,0.9999999968085398,13.476921506690493,-0.2606565128268362,5.5885387306329575,0.8050823776466236
0.4,3,0.7,200,1,1.0,0.0007775547879763032,0.9999999973425109,13.317814283001741,-0.3135216654741475,6.563806740572424,0.7311152658191185
0.4,3,0.8,200,1,1.0,0.0008285701337879552,0.9999999970779697,12.823819012391914,-0.1121953345143917,5.7199030183576705,0.7958112052767878
0.4,3,0.9,200,1,1.0,0.0009195325081296123,0.9999999963667557,12.906470010536282,-0.11246783641273947,5.624043398966292,0.8025978394826997
0.4,3,0.6,200,3,1.0,0.013815777193926038,0.999998838904274,12.934124331827338,-0.12288305342836506,6.325592751328877,0.7502778696629042
0.4,3,0.7,200,3,1.0,0.0027248934406623603,0.999999966020203,12.869135495884086,-0.10339300995538751,5.573470384333028,0.8061320712249317
0.4,3,0.8,200,3,1.0,0.0013948581897462488,0.9999999918487928,13.234452294085276,-0.20111618690531313,6.033400583267376,0.7728153958234029
0.4,3,0.9,200,3,1.0,0.0015259704822846501,0.9999999898922193,13.463220889763525,-0.24555327787356154,5.699250461664812,0.7972830510604814
0.4,3,0.6,200,5,1.0,0.07997087756597052,0.999970237206752,12.91046989388002,-0.16591019852492098,6.7975052498145665,0.711627609046515
0.4,3,0.7,200,5,1.0,0.030701443002763562,0.9999953526091065,13.28167870402024,-0.2045022217830798,6.784626062071207,0.7127193283109203
0.4,3,0.8,200,5,1.0,0.016708859212800433,0.9999983593056416,12.861041325856974,-0.14779950459795582,5.776212592372063,0.7917711441189244
0.4,3,0.9,200,5,1.0,0.009361320354975708,0.9999995969484857,13.16778003765097,-0.17946954399639656,6.410305507862795,0.7435444920643752
0.4,3,0.6,200,10,1.0,0.5426916047614286,0.9987007745681709,12.980571063522728,-0.26487588572197607,7.1553587535284064,0.6804657606857019
0.4,3,0.7,200,10,1.0,0.31972631474922875,0.9995413803553914,12.62268907873187,-0.13044273371189324,6.540967685847214,0.7329832029274844
0.4,3,0.8,200,10,1.0,0.18872503109065217,0.9998490684842503,12.864105172212899,-0.21555736150982518,6.701567453011947,0.7197101562941656
0.4,3,0.9,200,10,1.0,0.13262321382591305,0.9999249205542433,13.106038130714902,-0.22000792863464555,6.747915236834841,0.7158198022365249
0.4,3,0.6,300,1,1.0,0.0006952928964013329,0.9999999979136589,13.477206204861076,-0.26071371878905175,5.588297111709035,0.8050992317010912
0.4,3,0.7,300,1,1.0,0.0007464791101917876,0.999999997593652,13.318002559103107,-0.3135618478564631,6.563861461654898,0.7311107825289702
0.4,3,0.8,300,1,1.0,0.000791004244856539,0.9999999973383981,12.823881548624865,-0.11221659712559158,5.719731217998433,0.7958234709328154
0.4,3,0.9,300,1,1.0,0.0008575029790234976,0.9999999968788407,12.906449925315636,-0.11247176887213398,5.624231315691351,0.8025846476260142
0.4,3,0.6,300,3,1.0,0.0016026307603578972,0.999999986197159,12.93691712263659,-0.12342867022553691,6.3440574448089,0.7488178412686952
0.4,3,0.7,300,3,1.0,0.0011134699124525278,0.9999999946043957,12.870108346032353,-0.10360918153786984,5.576733252099283,0.8059050132043619
0.4,3,0.8,300,3,1.0,0.0010630768661843589,0.999999995201857,13.234526663930486,-0.2011490539381275,6.034451991281515,0.7727362084653067
0.4,3,0.9,300,3,1.0,0.0012064336563313977,0.9999999937436546,13.463377137868576,-0.2455955532628066,5.699636442280908,0.7972555921997317
0.4,3,0.6,300,5,1.0,0.010092551657747997,0.9999994742606073,12.920459597209057,-0.16716476442074557,6.856784405015604,0.7065760469931174
0.4,3,0.7,300,5,1.0,0.002732135161445591,0.9999999642827916,13.291738657467864,-0.20702991295566422,6.821979639310896,0.7095473035123683
0.4,3,0.8,300,5,1.0,0.0018888196262426184,0.9999999821700601,12.865036409320846,-0.1487506910919242,5.7918466969177,0.790642419253462
0.4,3,0.9,300,5,1.0,0.0017940973899302673,0.9999999854556052,13.171510971481798,-0.1804717880503673,6.413679291412775,0.7432744727775709
0.4,3,0.6,300,10,1.0,0.1592863622162479,0.999891152145431,13.065949737113922,-0.2857980904193964,7.540396689745858,0.6451515086735216
0.4,3,0.7,300,10,1.0,0.07479054241015151,0.9999739956679405,12.698148991974573,-0.1505550363841822,6.77209742485044,0.7137793460835563
0.4,3,0.8,300,10,1.0,0.031432310190758435,0.9999956783926203,12.90367401934904,-0.22861595196323514,6.841706043607489,0.7078651316363973
0.4,3,0.9,300,10,1.0,0.025469061438471635,0.9999970854863431,13.151983245624995,-0.23506451833791991,6.786636700624178,0.7125490305884385
0.4,3,0.6,400,1,1.0,0.0006617422363281789,0.9999999980916547,13.477292730880029,-0.2607240379753065,5.588558617035914,0.8050809904441849
0.4,3,0.7,400,1,1.0,0.0007114780038333605,0.9999999978008596,13.317974556310554,-0.31355685587005755,6.563974984792886,0.7311014814759587
0.4,3,0.8,400,1,1.0,0.0007583996026370697,0.9999999975151732,12.823946628790003,-0.11222883237404349,5.719874374008178,0.7958132503606064
0.4,3,0.9,400,1,1.0,0.0008409385314700271,0.999999996984377,12.906490643802892,-0.11247754906377705,5.624330535777529,0.8025776821439943
0.4,3,0.6,400,3,1.0,0.001043482609183259,0.9999999952147572,12.937157436685146,-0.12346886067057965,6.344648851635009,0.7487710075920839
0.4,3,0.7,400,3,1.0,0.0009643258439209913,0.99999999600898,12.870358741716913,-0.1036646303758059,5.576995534229197,0.8058867556182905
0.4,3,0.8,400,3,1.0,0.0010006482057358036,0.999999995718934,13.234635757470679,-0.20117790722468426,6.0347154403295304,0.7727163644971866
0.4,3,0.9,400,3,1.0,0.0011220190441878174,0.9999999945832057,13.463468725738306,-0.2456122082028073,5.699802504707089,0.7972437778606709
0.4,3,0.6,400,5,1.0,0.0017847397030590919,0.9999999855267209,12.923976685946283,-0.1676779189482283,6.863928521971752,0.7059642887801475
0.4,3,0.7,400,5,1.0,0.001409998575981928,0.9999999913154574,13.292310436360868,-0.2071833094353039,6.823298008401558,0.7094350308647738
0.4,3,0.8,400,5,1.0,0.0013864198583948858,0.9999999915677563,12.865188374820963,-0.14878003281219812,5.792085128347579,0.7906251817617208
0.4,3,0.9,400,5,1.0,0.0015105483026866579,0.9999999900192597,13.171699225966904,-0.180514687165342,6.413818867026422,0.7432632988440856
0.4,3,0.6,400,10,1.0,0.04387277719834402,0.9999917478910707,13.08033387692609,-0.2873691117942064,7.61523842481003,0.6380724980696764
0.4,3,0.7,400,10,1.0,0.015629500633174708,0.999998762819404,12.706374763013297,-0.1525623148629182,6.78728309904209,0.7124942710046396
0.4,3,0.8,400,10,1.0,0.005105540776022272,0.9999998767613631,12.909065532978726,-0.2297510218633178,6.854969829607249,0.7067313295295404
0.4,3,0.9,400,10,1.0,0.004873970214034946,0.9999998889220819,13.162415542891424,-0.23805018902272615,6.7950109877270695,0.7118391997200185
0.4,4,0.6,100,1,1.0,0.004343670970059511,0.9999999112434297,13.515910380517132,-0.2760800884769635,5.0408402172113185,0.8414156092671441
0.4,4,0.7,100,1,1.0,0.0010691580319428574,0.9999999949299653,12.92031029562707,-0.1731297954039343,5.030078747656101,0.8420919962761694
0.4,4,0.8,100,1,1.0,0.0008905976799860127,0.9999999966434757,12.835680952816233,-0.09686334441944089,5.3980678508125814,0.818142484673993
0.4,4,0.9,100,1,1.0,0.0009528937448049108,0.9999999961047081,12.794397726136612,-0.08610057926422639,5.676754444182953,0.7988802168028566
0.4,4,0.6,100,3,1.0,0.1602718790337275,0.9998904668879488,12.781756150572605,-0.14891852227752958,5.213777216393383,0.8303477926011928
0.4,4,0.7,100,3,1.0,0.05252731403137072,0.9999878026087045,12.942450152192226,-0.10437782662913997,5.529783163610739,0.8091593976302883
0.4,4,0.8,100,3,1.0,0.02064867370232811,0.9999979526882271,13.036038393332325,-0.16996985892182587,5.0811542205872815,0.8388689162523857
0.4,4,0.9,100,3,1.0,0.007535903384962602,0.9999997262951785,13.469659653717454,-0.23715859648189053,4.755251637024751,0.8588757709483742
0.4,4,0.6,100,5,1.0,0.5633507282930607,0.9986459193533328,12.829526925265531,-0.13634147006152775,5.982495212801545,0.7766328543781105
0.4,4,0.7,100,5,1.0,0.25284407591186053,0.9997217212324028,12.952788991887136,-0.15659920441622308,6.2836642164831185,0.7535774123931837
0.4,4,0.8,100,5,1.0,0.12221119771288573,0.9999348214920808,12.982806580033259,-0.199759254811209,5.310703570049116,0.8239813455784002
0.4,4,0.9,100,5,1.0,0.08528361089280247,0.9999643443305996,12.87710383009466,-0.1423824842682432,4.882911627731597,0.8511967887265193
0.4,4,0.6,100,10,1.0,2.006807894141957,0.9831012108949915,12.990422540981609,-0.2660369833911293,5.753820096748564,0.7933824856895838
0.4,4,0.7,100,10,1.0,1.3498980363698614,0.9924157986282506,12.719349629045366,-0.19002965868958882,5.352765007457413,0.8211821246360932
0.4,4,0.8,100,10,1.0,0.823355449332919,0.9971671525096413,12.59769165033543,-0.1493169237143093,5.763674808421853,0.7926741216171558
0.4,4,0.9,100,10,1.0,0.5431064516876051,0.9987499979444319,12.761017856418366,-0.16235440561764264,5.290887065138458,0.8252924964401729
0.4,4,0.6,200,1,1.0,0.0007237556088517408,0.999999997682122,13.516736113590289,-0.2761194702574314,5.0465699523383245,0.8410548904475306
0.4,4,0.7,200,1,1.0,0.0007592097468741144,0.9999999974997145,12.920601654010378,-0.17316225838816687,5.030329731864193,0.8420762377141201
0.4,4,0.8,200,1,1.0,0.000780068516762921,0.9999999974000092,12.835821370157499,-0.09687372476348458,5.398013319122424,0.8181461589322133
0.4,4,0.9,200,1,1.0,0.0008518829064696369,0.9999999969213048,12.794525722496312,-0.08612510816915211,5.6765952886733135,0.7988914939765289
0.4,4,0.6,200,3,1.0,0.005509143833567161,0.9999998558088589,12.795824420760773,-0.14812174400338263,5.304130565335512,0.8244167889971294
0.4,4,0.7,200,3,1.0,0.0013191666178956458,0.999999992458432,12.94805016215424,-0.10449430900316874,5.5380458036016815,0.8085886608710701
0.4,4,0.8,200,3,1.0,0.00121484178861881,0.9999999935938645,13.039987257180414,-0.17115289283216775,5.085069617675542,0.8386204942510938
0.4,4,0.9,200,3,1.0,0.0012605964571894804,0.9999999932013361,13.472734369061893,-0.23793040154649328,4.757635046721562,0.858734267963704
0.4,4,0.6,200,5,1.0,0.0505204579570082,0.9999880890104216,12.886707044428709,-0.14051318848928557,6.428865409241942,0.7420572994519692
0.4,4,0.7,200,5,1.0,0.01050318604682788,0.9999994784047062,12.992681874511973,-0.16003960456616784,6.468405533615209,0.7388746381067607
0.4,4,0.8,200,5,1.0,0.003327538357644265,0.9999999466752719,13.012023202703642,-0.20609968606978377,5.374569526657283,0.819722326132811
0.4,4,0.9,200,5,1.0,0.00203274857731501,0.9999999808559379,12.92311917094882,-0.15462129174389644,4.913735170303131,0.8493122087324686
0.4,4,0.6,200,10,1.0,0.4569490109290669,0.9990775723993938,13.022358664836862,-0.26851790161851063,6.675621303796401,0.7218763253195938
0.4,4,0.7,200,10,1.0,0.20680213287305604,0.9998099022453124,12.835803575609,-0.21099746999724092,5.967204760288445,0.7777731879613243
0.4,4,0.8,200,10,1.0,0.09400338145141543,0.9999603040975803,12.745347937243796,-0.19500768503183294,6.2603021358867705,0.7554063587728626
0.4,4,0.9,200,10,1.0,0.047604566503908374,0.9999897427873259,12.925865061563536,-0.21929757903653363,5.558259005430014,0.8071888541790196
0.4,4,0.6,300,1,1.0,0.0006635003967263343,0.9999999980590886,13.516684088948821,-0.2761071325196659,5.046570335109161,0.8410548663362807
0.4,4,0.7,300,1,1.0,0.0007253213369816302,0.9999999977197372,12.920702994596187,-0.17317763463706895,5.030518035161467,0.8420644141863064
0.4,4,0.8,300,1,1.0,0.0007295269969843485,0.9999999977082545,12.835854815948878,-0.09688736149530934,5.397924671979209,0.8181521317559804
0.4,4,0.9,300,1,1.0,0.0008244007816735658,0.9999999971064211,12.794609742803292,-0.08613598522344881,5.6766792175618015,0.7988855471237784
0.4,4,0.6,300,3,1.0,0.0010903380164601643,0.9999999946660285,12.797152567024199,-0.14833456593731525,5.305652145608146,0.824316036473396
0.4,4,0.7,300,3,1.0,0.0010113730226129617,0.9999999955654906,12.948430860650438,-0.10456269759233985,5.5383776423077915,0.8085657215179667
0.4,4,0.8,300,3,1.0,0.0010863491317649869,0.9999999949371633,13.040137904733887,-0.17119872991935586,5.08488507426708,0.8386322073586348
0.4,4,0.9,300,3,1.0,0.0011328183310443064,0.9999999944609801,13.472845589122068,-0.23794964006042693,4.757745482750525,0.8587277096600983
0.4,4,0.6,300,5,1.0,0.005254800018125096,0.9999998623629777,12.890138942031204,-0.1397953490195692,6.463850208914392,0.7392422996434271
0.4,4,0.7,300,5,1.0,0.0015411329155922836,0.999999989175963,12.993648466642236,-0.15985501154301568,6.473010136651396,0.7385027360697175
0.4,4,0.8,300,5,1.0,0.0013783817478218296,0.9999999916625262,13.012731513593973,-0.2063445879008094,5.377083490280843,0.819553636340185
0.4,4,0.9,300,5,1.0,0.001444978325346011,0.9999999908948602,12.923287882499006,-0.15467315414421526,4.914320070294207,0.8492763327520317
0.4,4,0.6,300,10,1.0,0.12435452593743841,0.999932968622519,13.021355110875907,-0.2551687081435297,6.930966009800431,0.7001927623275492
0.4,4,0.7,300,10,1.0,0.03636495832051356,0.9999941844754172,12.845148162116008,-0.2098514478098334,6.0456867255079265,0.7718891969800539
0.4,4,0.8,300,10,1.0,0.01047452568877075,0.9999995234783083,12.767442488774744,-0.20511693712524903,6.303865976538951,0.7519903854177319
0.4,4,0.9,300,10,1.0,0.005830234291217965,0.9999998411181409,12.943742486443844,-0.22557641828998687,5.573235680155025,0.8061483988096028
0.4,4,0.6,400,1,1.0,0.0006501849170699015,0.9999999981225637,13.516687535787053,-0.2761073812027683,5.0465307126820145,0.8410573621965729
0.4,4,0.7,400,1,1.0,0.0006840437290321002,0.9999999979632113,12.92077291855179,-0.17319007540173934,5.030398284772148,0.8420719333414504
0.4,4,0.8,400,1,1.0,0.0007110310762567036,0.9999999978108758,12.835890561311803,-0.09689820593104752,5.398054945414551,0.8181433542224609
0.4,4,0.9,400,1,1.0,0.0008129765148731871,0.9999999971790456,12.794622136468146,-0.0861384881894081,5.676822208642025,0.7988754151667121
0.4,4,0.6,400,3,1.0,0.000962371331932863,0.9999999959420807,12.797473921728715,-0.14837484227710226,5.30566178741432,0.824315397942178
0.4,4,0.7,400,3,1.0,0.000929738237898501,0.9999999962383168,12.94849981962783,-0.10457840091697661,5.538673789948276,0.8085452482569222
0.4,4,0.8,400,3,1.0,0.0010318181267716035,0.9999999954025242,13.040311016619043,-0.17123333584326506,5.085243689008063,0.8386094454244178
0.4,4,0.9,400,3,1.0,0.0011048157401339713,0.9999999946775757,13.4729164186095,-0.23796205136231907,4.757771283785798,0.8587261774296573
0.4,4,0.6,400,5,1.0,0.0014342786641589754,0.9999999907658174,12.89139231499,-0.1399077582070541,6.4668772935844965,0.7389980116606716
0.4,4,0.7,400,5,1.0,0.0012603387720056566,0.9999999928399805,12.993923507023599,-0.15989583318718995,6.4731783523220505,0.7384891447085856
0.4,4,0.8,400,5,1.0,0.0012811005778677435,0.9999999928166382,13.012818553731478,-0.20635268725961317,5.377725296681352,0.81951055776684
0.4,4,0.9,400,5,1.0,0.0013599592904227212,0.9999999919147171,12.923387720639525,-0.15468962625111923,4.914538608297076,0.8492629272020702
0.4,4,0.6,400,10,1.0,0.031727817225567126,0.9999957315179042,13.015506054416988,-0.2505050315479204,7.000884773094675,0.6941134126082582
0.4,4,0.7,400,10,1.0,0.005698402175586244,0.9999998611598976,12.846932753912146,-0.2106244906748393,6.0494623275792865,0.7716041922844414
0.4,4,0.8,400,10,1.0,0.0022364646825251437,0.9999999790171262,12.767924636352554,-0.20547556873766104,6.305980150341688,0.7518240039124653
0.4,4,0.9,400,10,1.0,0.0026619616936047986,0.9999999681471806,12.945194057108694,-0.22605871516167095,5.57575223078834,0.8059732949606695
0.4,5,0.6,100,1,1.0,0.0037193624308378,0.9999999330250773,13.296463818642573,-0.21392680090283323,4.929676713190936,0.8483328752908867
0.4,5,0.7,100,1,1.0,0.0009343861843950958,0.9999999961477346,12.753482215212655,-0.1155895917823214,5.079422591181434,0.8389787227123267
0.4,5,0.8,100,1,1.0,0.0008605692537657092,0.9999999968480007,12.604265589262168,-0.06382913444480068,5.26161493262561,0.8272203071137787
0.4,5,0.9,100,1,1.0,0.0009252832117726277,0.9999999962648681,12.34608951536693,0.00867230724343917,4.963825214251037,0.8462243623887707
0.4,5,0.6,100,3,1.0,0.13826127350533304,0.9999170558330853,12.725244506952222,-0.12448042227626883,5.238298753601214,0.8287482168036111
0.4,5,0.7,100,3,1.0,0.045122235393637244,0.9999902832856151,12.766822431394434,-0.06038152290083765,5.957614057236729,0.7784869555259873
0.4,5,0.8,100,3,1.0,0.011680656321224298,0.9999993543015157,12.94970910203674,-0.13627390920130192,5.281512808002103,0.8259110324919063
0.4,5,0.9,100,3,1.0,0.0032147770970560067,0.9999999529127148,13.194164106799226,-0.15809447928741244,4.952098952678558,0.8469500460570921
0.4,5,0.6,100,5,1.0,0.5297346614269701,0.9988033692256437,12.868863401362162,-0.15306960514200857,6.140028224194573,0.7647144207474995
0.4,5,0.7,100,5,1.0,0.24783394887939117,0.999726782034522,13.08465863385382,-0.19535074068039446,6.160369580682432,0.7631528788434515
0.4,5,0.8,100,5,1.0,0.0982953544548397,0.9999585607023797,12.729137581296728,-0.10783438197208983,4.94921083200187,0.847128514962197
0.4,5,0.9,100,5,1.0,0.04706600453693404,0.9999901949814113,12.772517938633507,-0.10236054925856815,4.605211876761699,0.867640899526334
0.4,5,0.6,100,10,1.0,2.0067061672185247,0.9831374594390574,12.932677389234025,-0.22910074593499524,5.643433949365854,0.801234288422895
0.4,5,0.7,100,10,1.0,1.3187605475868807,0.9927613369549952,12.599995668264517,-0.16355564301313052,5.244041823399717,0.8283725031866003
0.4,5,0.8,100,10,1.0,0.8017163064529604,0.9973251657678756,12.626237481547333,-0.15571364100429244,5.380000226286719,0.8193578212097291
0.4,5,0.9,100,10,1.0,0.49899609204165163,0.9989590117524095,12.700306071886171,-0.1351224924715771,4.803834349953472,0.855977408422141
0.4,5,0.6,200,1,1.0,0.0007168553485499973,0.9999999977709482,13.297585874767696,-0.2140790592178159,4.933222275616814,0.8481146302940321
0.4,5,0.7,200,1,1.0,0.0007639888324121355,0.9999999974078614,12.753648053113112,-0.11562338989269952,5.079406515037047,0.8389797419609362
0.4,5,0.8,200,1,1.0,0.0007678521632691566,0.9999999974811878,12.60434920680274,-0.0638296354524143,5.261536202397746,0.8272254777250811
0.4,5,0.9,200,1,1.0,0.0008621906981294766,0.9999999967852491,12.346122102618796,0.008666120445679493,4.963803308604186,0.8462257196272849
0.4,5,0.6,200,3,1.0,0.004412431087381677,0.9999998980300161,12.734647198591977,-0.12307779005199793,5.317507000988902,0.8235300690914212
0.4,5,0.7,200,3,1.0,0.0011530226211359732,0.9999999941406404,12.775189149565616,-0.0612423865247687,5.985543636562808,0.7764051596877686
0.4,5,0.8,200,3,1.0,0.0011540222925398758,0.9999999941768387,12.95062757051167,-0.13628334896432787,5.283477311629876,0.8257815006606797
0.4,5,0.9,200,3,1.0,0.0011899099294821747,0.999999993947692,13.194864390563263,-0.15821459149377942,4.952417424297947,0.8469303600070124
0.4,5,0.6,200,5,1.0,0.0480466052508028,0.9999889627202204,12.889594390360468,-0.14912858529258416,6.396030017256337,0.7446854522602053
0.4,5,0.7,200,5,1.0,0.00961693175656402,0.9999995337771395,13.1032434213395,-0.19365337759844234,6.26812130113726,0.7547949785444639
0.4,5,0.8,200,5,1.0,0.0019697452165245988,0.9999999829089837,12.73298873462518,-0.10750751400601424,4.972597047251882,0.8456803923636732
0.4,5,0.9,200,5,1.0,0.0016768515899398414,0.9999999876228586,12.782984752967922,-0.10538494469460458,4.613602210821629,0.8671581644191486
0.4,5,0.6,200,10,1.0,0.44363715334748133,0.999127039648904,12.918007566967864,-0.21893906867444163,6.3891889585974875,0.745231318279576
0.4,5,0.7,200,10,1.0,0.19640566898488254,0.9998290767517222,12.688956496547858,-0.17978930981350627,5.83884712609174,0.7872307884918055
0.4,5,0.8,200,10,1.0,0.0701557900939428,0.999977886765258,12.715573743384201,-0.18130167617660994,5.600027917701785,0.8042801117543217
0.4,5,0.9,200,10,1.0,0.02580708443228232,0.9999970274823131,12.84419895310947,-0.185722067130414,4.938432881535977,0.8477936097848001
0.4,5,0.6,300,1,1.0,0.0006362277131621928,0.9999999982419995,13.29768564237238,-0.21410568932747087,4.933207185359497,0.8481155594983849
0.4,5,0.7,300,1,1.0,0.0007157356559793473,0.9999999977264775,12.753660196534948,-0.11562382655153118,5.079479793964115,0.8389750959548237
0.4,5,0.8,300,1,1.0,0.0007324856797494256,0.9999999977205045,12.604364893806999,-0.06383339684406966,5.261554566874701,0.8272242716441389
0.4,5,0.9,300,1,1.0,0.0008370237282814555,0.9999999969907201,12.346201359204521,0.008651925282560447,4.9638603658584195,0.8462221844394093
0.4,5,0.6,300,3,1.0,0.0010492734482778472,0.9999999951282479,12.735026091519453,-0.12306408082101024,5.319845934887972,0.8233747924631177
0.4,5,0.7,300,3,1.0,0.0009500701744038665,0.9999999959784145,12.775436195695729,-0.061287331989648794,5.985774510327034,0.7763879104014342
0.4,5,0.8,300,3,1.0,0.0010609202545123276,0.9999999951312784,12.9507498549508,-0.13631695972963778,5.283429786054123,0.8257846348833745
0.4,5,0.9,300,3,1.0,0.001112482127501867,0.9999999947358628,13.19499698061424,-0.15823772905196573,4.9524988053121906,0.8469253293063119
0.4,5,0.6,300,5,1.0,0.004437462719034739,0.9999999052177149,12.889714034397139,-0.14802483891806822,6.426759252746354,0.7422262806546792
0.4,5,0.7,300,5,1.0,0.0014623709026546372,0.9999999901095737,13.104836129471494,-0.193607466272392,6.270531124378233,0.7546064007173653
0.4,5,0.8,300,5,1.0,0.0013278197585149289,0.9999999922736563,12.733153009585397,-0.10755222945449612,4.9734801455520214,0.8456255753402879
0.4,5,0.9,300,5,1.0,0.001433598673464567,0.9999999910600069,12.783110648498438,-0.10540908582491351,4.6137023467868366,0.8671523978232536
0.4,5,0.6,300,10,1.0,0.1133105744809908,0.9999433102936669,12.90071256304233,-0.20403223139077742,6.63624645773537,0.7251475655495225
0.4,5,0.7,300,10,1.0,0.0329287132931086,0.9999952873974467,12.69501571623761,-0.17958847734457825,5.923061508408635,0.7810489359131135
0.4,5,0.8,300,10,1.0,0.007086935844241224,0.9999997811837111,12.727589514625771,-0.18608739177676986,5.635671862169424,0.8017806847394342
0.4,5,0.9,300,10,1.0,0.0025923680309188216,0.999999970296798,12.849197111044532,-0.18801123198047703,4.937723321283492,0.8478373450540654
0.4,5,0.6,400,1,1.0,0.0006305623100908642,0.9999999982692508,13.297686791619237,-0.21410447061239718,4.9330792854828545,0.8481234350035693
0.4,5,0.7,400,1,1.0,0.0006940921557163353,0.9999999978724572,12.75369362199489,-0.1156265529891886,5.079651128901843,0.8389642327726361
0.4,5,0.8,400,1,1.0,0.0006980387885880539,0.9999999979082519,12.604447912175855,-0.06384890209395173,5.2616066619134605,0.827220850296813
0.4,5,0.9,400,1,1.0,0.0008112022171220295,0.9999999971789931,12.3462204362086,0.008647868449079055,4.963793053515146,0.8462263550139875
0.4,5,0.6,400,3,1.0,0.00096601527444315,0.9999999959325987,12.73517078795875,-0.12307694914373377,5.319731758992766,0.823382373932591
0.4,5,0.7,400,3,1.0,0.0008879288897914719,0.9999999965438116,12.77548313900169,-0.061295268892986865,5.985889345284479,0.7763793304821388
0.4,5,0.8,400,3,1.0,0.0010191799045554002,0.9999999954632027,12.950847375183423,-0.136333618513056,5.28348560774866,0.8257809535442961
0.4,5,0.9,400,3,1.0,0.001069818894761394,0.9999999950731647,13.19507581615901,-0.15824653790228924,4.952630130592302,0.846917211044672
0.4,5,0.6,400,5,1.0,0.0013530063367326686,0.9999999919170366,12.889536905019321,-0.14785419177743614,6.428728493469358,0.7420682861644953
0.4,5,0.7,400,5,1.0,0.0011987947653969325,0.9999999935221444,13.105071882838981,-0.19364663801323978,6.270855663092938,0.754580998791228
0.4,5,0.8,400,5,1.0,0.0012381397638341752,0.9999999931676138,12.733239265611193,-0.10757073507861274,4.9738366235683475,0.8456034447358575
0.4,5,0.9,400,5,1.0,0.001358974147341684,0.9999999919495158,12.783169467687461,-0.1054243097417505,4.613952960516956,0.8671379650164287
0.4,5,0.6,400,10,1.0,0.027206597691972544,0.9999967740732,12.89391218586315,-0.19987753150209636,6.70281512581522,0.7196057799459963
0.4,5,0.7,400,10,1.0,0.005476397225976317,0.9999998698691387,12.695459466845502,-0.17993075486467278,5.9279570813490245,0.7806868482067069
0.4,5,0.8,400,10,1.0,0.002086179942353951,0.9999999814980283,12.728601097570822,-0.18653265444568504,5.635491885448186,0.8017933449132966
0.4,5,0.9,400,10,1.0,0.001937235492794121,0.9999999835150317,12.849271707136754,-0.18805616591437307,4.938265671904961,0.8478039166753042
0.4,6,0.6,100,1,1.0,0.003910547693428138,0.9999999301496325,13.278983618099243,-0.2087355714372614,4.7627765382853635,0.8584287762557102
0.4,6,0.7,100,1,1.0,0.0008462646461949717,0.9999999969340424,12.68700915030961,-0.09784339935351913,4.722543524095937,0.8608104876543595
0.4,6,0.8,100,1,1.0,0.0008203988662930595,0.9999999970523227,12.663435557148352,-0.07077999641315388,5.214062066175641,0.8303292545193233
0.4,6,0.9,100,1,1.0,0.0008753091475573575,0.9999999966413847,12.482570330410578,-0.030254842467904376,5.044126179398481,0.841208789715677
0.4,6,0.6,100,3,1.0,0.13935001764821092,0.9999158892516764,12.745112588277483,-0.12919060925958906,5.378074762995023,0.8194870991385214
0.4,6,0.7,100,3,1.0,0.04599782590802904,0.999990139999716,12.95623419868502,-0.11368069152862174,5.527938095681763,0.8092867281679929
0.4,6,0.8,100,3,1.0,0.010699941835951132,0.9999994539589376,13.019421629019053,-0.16831058364713775,4.909148177237006,0.8495934128303099
0.4,6,0.9,100,3,1.0,0.0024361594444161283,0.9999999730208202,13.167931031699357,-0.14504375902808925,4.9095953120966325,0.8495660129277051
0.4,6,0.6,100,5,1.0,0.5171467127963696,0.9988584142555453,12.863041893532298,-0.150071153920977,5.926391243761602,0.780802693654642
0.4,6,0.7,100,5,1.0,0.23395352802738195,0.9997591313062941,12.92749734278953,-0.13812124787880864,6.049290727794361,0.7716171495072448
0.4,6,0.8,100,5,1.0,0.09179301242451007,0.9999634160313423,12.892723731908266,-0.16810674629740205,5.033658731084805,0.8418671452413773
0.4,6,0.9,100,5,1.0,0.039687315528149844,0.9999932602341588,12.809675011729066,-0.11712356047320285,4.5475766532568045,0.8709331736223812
0.4,6,0.6,100,10,1.0,1.9995471101155768,0.9832683774048265,12.95304604545414,-0.2367728669030698,5.637807034784217,0.8016304585947898
0.4,6,0.7,100,10,1.0,1.3202695583611022,0.9927521407158431,12.576885995871022,-0.1481480623761951,5.340469970926095,0.8220026528307939
0.4,6,0.8,100,10,1.0,0.8041016392095734,0.9973095312814065,12.576315355384718,-0.13533574327563008,5.196566415957855,0.8314659957452815
0.4,6,0.9,100,10,1.0,0.4879931340160401,0.999006878341137,12.733614739086901,-0.1486398475727913,4.8427012274612915,0.8536374637055169
0.4,6,0.6,200,1,1.0,0.0007316187447366379,0.9999999977132908,13.280060756356468,-0.20886787691770864,4.7648101318092335,0.8583078552826755
0.4,6,0.7,200,1,1.0,0.0007222193063575973,0.9999999977147953,12.687254321136518,-0.09789143455349474,4.72252649420124,0.8608114915110534
0.4,6,0.8,200,1,1.0,0.0007300028220332069,0.9999999977001289,12.663577791769796,-0.070796055443929,5.214165303629883,0.8303225355547191
0.4,6,0.9,200,1,1.0,0.0008188144191902972,0.9999999970448992,12.482601321781637,-0.030259083530195373,5.044033149857971,0.8412146468796657
0.4,6,0.6,200,3,1.0,0.004308354745910216,0.9999999026939435,12.759130674310011,-0.12834608467388706,5.446745149192103,0.8148478815241958
0.4,6,0.7,200,3,1.0,0.0011711286630851157,0.9999999937968598,12.968863146238414,-0.11600352910302633,5.544990780154315,0.8081082817474139
0.4,6,0.8,200,3,1.0,0.0011028597578860854,0.9999999946043076,13.019930737772123,-0.1683733615128258,4.913925766594317,0.849300518606664
0.4,6,0.9,200,3,1.0,0.0011978993609665922,0.999999993837483,13.168159999785445,-0.14507554079315665,4.909398553869685,0.8495780703497842
0.4,6,0.6,200,5,1.0,0.04539725550759151,0.9999901695217759,12.898674091498805,-0.1523041306877828,6.170784872277271,0.762351330454143
0.4,6,0.7,200,5,1.0,0.008393588880828544,0.9999996515803093,12.940866024205055,-0.13742370828434686,6.131516895684644,0.7653662760110254
0.4,6,0.8,200,5,1.0,0.0018358380529756174,0.9999999851382206,12.892267001089587,-0.16685218313930889,5.040442600789811,0.8414406262358818
0.4,6,0.9,200,5,1.0,0.001607128726611362,0.9999999887741673,12.814906389327774,-0.11846575985860583,4.550265253911326,0.8707805157304769
0.4,6,0.6,200,10,1.0,0.44322436027751844,0.9991270116540436,12.965649871495135,-0.2326455009080582,6.523985508005627,0.73436790332765
0.4,6,0.7,200,10,1.0,0.19258251198494541,0.9998377157257844,12.66173335032602,-0.16030097140533556,5.84053615152142,0.7871076735755673
0.4,6,0.8,200,10,1.0,0.06865514921885967,0.9999787074101274,12.677015156623304,-0.163719951239826,5.5091424638995665,0.8105814179359394
0.4,6,0.9,200,10,1.0,0.022902256826948707,0.9999976953114075,12.839045012867228,-0.1870664665338644,4.933889153556141,0.8480735634850061
0.4,6,0.6,300,1,1.0,0.0006494395715182658,0.9999999982002234,13.280187033057945,-0.20889265733821186,4.764644939366057,0.8583176798360889
0.4,6,0.7,300,1,1.0,0.0006942825976315931,0.9999999979022538,12.687297732445261,-0.09789368687100138,4.722689137946085,0.8608019040454811
0.4,6,0.8,300,1,1.0,0.000686138422799742,0.999999997950507,12.663595377404896,-0.07080105737739417,5.2142024540368,0.8303201176761372
0.4,6,0.9,300,1,1.0,0.0007809647222259912,0.9999999973146814,12.482647472266716,-0.030266705924444602,5.044097732140126,0.841210580773904
0.4,6,0.6,300,3,1.0,0.0010718499632033497,0.9999999949957891,12.75951316357438,-0.12832503250977367,5.448432496175011,0.8147331472189986
0.4,6,0.7,300,3,1.0,0.0009783155242957678,0.9999999957467198,12.96909434376187,-0.1160520439450247,5.545233732167971,0.8080914660293964
0.4,6,0.8,300,3,1.0,0.0010025288898355103,0.9999999955238088,13.020045880024242,-0.16839504451839077,4.913997288631435,0.8492961317221839
0.4,6,0.9,300,3,1.0,0.001091647195772353,0.9999999949056224,13.168197104004074,-0.145077370147673,4.909448662478024,0.8495749997202797
0.4,6,0.6,300,5,1.0,0.004311952799097811,0.9999999095324117,12.899412486082289,-0.1512383087553914,6.19401059729093,0.7605590300955969
0.4,6,0.7,300,5,1.0,0.001344345508310732,0.9999999917303694,12.942232623312117,-0.13747149084817384,6.134238750136497,0.7651579162831431
0.4,6,0.8,300,5,1.0,0.001300350009692637,0.9999999926038863,12.892369789028336,-0.16687831737575626,5.041351888094541,0.8413834133910644
0.4,6,0.9,300,5,1.0,0.0014069143314688478,0.9999999915293627,12.815028522241164,-0.11848625515869718,4.5504665233272545,0.8707690840868818
0.4,6,0.6,300,10,1.0,0.11344261684170172,0.9999433048725888,12.95093935067868,-0.2192972427399166,6.733572270066751,0.7170265913416071
0.4,6,0.7,300,10,1.0,0.03190968429078964,0.9999955694834121,12.665528250170535,-0.1591026795856247,5.92438265235958,0.7809512505745563
0.4,6,0.8,300,10,1.0,0.006263065534084169,0.999999829698244,12.69319336441182,-0.1696497950636002,5.53210726053091,0.8089989482063229
0.4,6,0.9,300,10,1.0,0.002291296439665055,0.99999997771261,12.844687953936077,-0.18925494453422526,4.93708919338611,0.8478764255704304
0.4,6,0.6,400,1,1.0,0.0006309374120091176,0.9999999982912702,13.280179470944693,-0.20888915874676828,4.76443162689239,0.8583303657465997
0.4,6,0.7,400,1,1.0,0.0006717605750057537,0.9999999980390004,12.687329067160901,-0.09789571579305098,4.7227097151631305,0.8608006910434862
0.4,6,0.8,400,1,1.0,0.0006677337956578864,0.9999999980666328,12.663649141801487,-0.07081300770630139,5.214293918927118,0.83031416474735
0.4,6,0.9,400,1,1.0,0.0007556405483112238,0.9999999974625101,12.482660653385214,-0.030268649539767843,5.04418109514086,0.8412053321555946
0.4,6,0.6,400,3,1.0,0.0009826785549914463,0.9999999958514577,12.759738876521334,-0.12835267261682812,5.448341580800304,0.8147393300852901
0.4,6,0.7,400,3,1.0,0.0009171121944808638,0.9999999962648045,12.969141720920295,-0.11605868678428884,5.54523314929169,0.8080915063735665
0.4,6,0.8,400,3,1.0,0.0009579533535472584,0.9999999958408756,13.020099005276595,-0.16840785307371264,4.914086210600444,0.8492906775042972
0.4,6,0.9,400,3,1.0,0.0010518576355708297,0.9999999952550638,13.168254498018873,-0.1450923112001142,4.909504074299549,0.8495716040761326
0.4,6,0.6,400,5,1.0,0.0013525610323949784,0.9999999919289099,12.89945414385534,-0.15110344441588772,6.195838538505521,0.7604176843249093
0.4,6,0.7,400,5,1.0,0.0011684861604447675,0.9999999938717176,12.94246929146471,-0.137512429419629,6.134412595684089,0.7651446051516999
0.4,6,0.8,400,5,1.0,0.0012120456706016026,0.999999993537054,12.892490765353964,-0.16689824174614606,5.0418579615371755,0.8413515665083872
0.4,6,0.9,400,5,1.0,0.0013386671508150375,0.9999999923047455,12.81511105392037,-0.11850547512360202,4.550688931381442,0.8707564512287794
0.4,6,0.6,400,10,1.0,0.026806705110607603,0.9999968459175615,12.948656488702719,-0.21659279666092351,6.794630138060602,0.7118715007330205
0.4,6,0.7,400,10,1.0,0.00504687440062397,0.9999998923699038,12.667351349716004,-0.1597228291272994,5.931735290470283,0.7804071987428083
0.4,6,0.8,400,10,1.0,0.002041274167060883,0.9999999822150885,12.694843606425241,-0.17023167998864963,5.5316802644595535,0.8090284319265114
0.4,6,0.9,400,10,1.0,0.0018776056728792925,0.9999999848549379,12.844908291584852,-0.1893321534894638,4.937736975368735,0.8478365035145141
0.4,7,0.6,100,1,1.0,0.0038698845726804114,0.9999999311101367,13.280414985816725,-0.2098493947816885,4.880808130473863,0.851324966236551
0.4,7,0.7,100,1,1.0,0.0008420727748177153,0.9999999969710538,12.727130229526065,-0.11349676434557643,4.725456480797328,0.8606387251004153
0.4,7,0.8,100,1,1.0,0.000769166734227362,0.9999999973815757,12.739742499656849,-0.10080046409143159,5.166709200125493,0.8333970787028325
0.4,7,0.9,100,1,1.0,0.0008336367138903958,0.9999999969400974,12.541049239797381,-0.054878540486296125,4.901418264161467,0.8500666984057859
0.4,7,0.6,100,3,1.0,0.13671275062602473,0.9999187257559253,12.760583709658265,-0.1357569350289545,5.402391384153523,0.817851053766022
0.4,7,0.7,100,3,1.0,0.04466895460958607,0.9999907018756703,12.910034109255525,-0.10336982461712237,5.51814044689607,0.8099621647354294
0.4,7,0.8,100,3,1.0,0.010508918311963928,0.9999994680936082,13.026364190142274,-0.17309792997609738,5.32137360885269,0.8232733367154763
0.4,7,0.9,100,3,1.0,0.002327249760050144,0.9999999760162167,13.212264779120034,-0.16654718089723441,4.833509619552352,0.8541925383484903
0.4,7,0.6,100,5,1.0,0.5179778611415158,0.998854886911656,12.868735755733724,-0.15408330743623705,5.954761812730297,0.7786990062284393
0.4,7,0.7,100,5,1.0,0.23357037370137607,0.9997600166968162,12.925194460968893,-0.1362943677140198,6.04925983063226,0.7716194824630407
0.4,7,0.8,100,5,1.0,0.09131101098939501,0.9999638375718032,12.87445144621742,-0.16370447233507127,5.0501594793003735,0.8408287009097597
0.4,7,0.9,100,5,1.0,0.03696392125333152,0.9999942638615937,12.786857726768801,-0.11255604699703578,4.476115726203152,0.8749576325783417
0.4,7,0.6,100,10,1.0,1.9995471101155768,0.9832683774048265,12.95304604545414,-0.2367728669030698,5.636382263926286,0.8017307087193772
0.4,7,0.7,100,10,1.0,1.31837425945641,0.9927730643168129,12.56688157834912,-0.1440306121212541,5.300994830672393,0.8246243327615869
0.4,7,0.8,100,10,1.0,0.8014893746500622,0.9973283547919033,12.561748737793454,-0.12983438760263724,5.064529785784341,0.8399215633463444
0.4,7,0.9,100,10,1.0,0.4835288764914519,0.9990246583915037,12.81496203494629,-0.17999777008543535,4.8075224186279115,0.8557561813495194
0.4,7,0.6,200,1,1.0,0.0007369441808921229,0.9999999976373077,13.281514525660715,-0.20998594100897136,4.882653761807817,0.8512125048677361
0.4,7,0.7,200,1,1.0,0.0007219716353628528,0.9999999977291754,12.727366228153326,-0.11354921631932487,4.725585002194225,0.8606311443939317
0.4,7,0.8,200,1,1.0,0.0006882797919938357,0.9999999979438968,12.739840288028132,-0.1008172842415663,5.166667092300718,0.8333997942642308
0.4,7,0.9,200,1,1.0,0.0007961907042378143,0.9999999972174312,12.541094554219512,-0.05488232415470169,4.901401832692426,0.8500677036741149
0.4,7,0.6,200,3,1.0,0.004207537818574057,0.9999999058603887,12.780108012051404,-0.13628934798590556,5.472004273858921,0.8131266243211503
0.4,7,0.7,200,3,1.0,0.001185115450747792,0.9999999936671262,12.925164626434803,-0.10611301638398904,5.539962229944015,0.8084561631579472
0.4,7,0.8,200,3,1.0,0.0010816666563470212,0.9999999947211344,13.026582077605909,-0.173188410851904,5.32416900266523,0.8230876138493765
0.4,7,0.9,200,3,1.0,0.0011381348918026173,0.9999999944490477,13.21289334873818,-0.16670363701444685,4.833544795265033,0.8541904161224292
0.4,7,0.6,200,5,1.0,0.04426838825422138,0.9999906896693064,12.8989113700801,-0.15276527535409953,6.211362777796786,0.759215589486624
0.4,7,0.7,200,5,1.0,0.008446639785541882,0.9999996452619957,12.942680430801335,-0.136783628704898,6.126360793513529,0.7657607254775889
0.4,7,0.8,200,5,1.0,0.0018194112744605098,0.9999999855907259,12.88138298567922,-0.1646464071542995,5.06010172952694,0.8402013628442726
0.4,7,0.9,200,5,1.0,0.001498612004511731,0.9999999904373789,12.794052400704834,-0.11461447490228727,4.477829332621032,0.8748618734729328
0.4,7,0.6,200,10,1.0,0.443335061480121,0.999126576052757,12.966512545136505,-0.23276425449923197,6.520639248754357,0.7346403275691928
0.4,7,0.7,200,10,1.0,0.19231408757092824,0.9998378280564747,12.642526433764754,-0.15441047693102397,5.842652520299698,0.7869533588712305
0.4,7,0.8,200,10,1.0,0.06711813608526415,0.999979929351157,12.66557065977379,-0.15907683599678957,5.281738784438444,0.8258961349246673
0.4,7,0.9,200,10,1.0,0.02146682568359242,0.9999980375497532,12.926430816437062,-0.22254917110127295,4.879337625565634,0.8514145392853878
0.4,7,0.6,300,1,1.0,0.0006389734611914828,0.9999999982313728,13.28164223679803,-0.21000522149011433,4.882494162170114,0.8512222315628392
0.4,7,0.7,300,1,1.0,0.0006937500277528658,0.9999999978968489,12.727381741569015,-0.11355016579127333,4.72539417843386,0.8606423998690225
0.4,7,0.8,300,1,1.0,0.0006622827181011732,0.999999998080938,12.739853965772665,-0.10082090143565854,5.166736527375954,0.8333953163385803
0.4,7,0.9,300,1,1.0,0.0007628126980163506,0.9999999974868489,12.541172139279757,-0.0548922465709897,4.901467047435762,0.8500637138517723
0.4,7,0.6,300,3,1.0,0.0010720360402915535,0.999999994864577,12.780661234586196,-0.1363113375519478,5.475062952681422,0.812917653217588
0.4,7,0.7,300,3,1.0,0.0009886999242018416,0.9999999956865644,12.925344688517715,-0.10614125539752177,5.5400353510811735,0.8084511068073748
0.4,7,0.8,300,3,1.0,0.0009994630875358236,0.9999999955021741,13.026724041690779,-0.17321842397393863,5.324105652066174,0.8230918238731231
0.4,7,0.9,300,3,1.0,0.0011006258244144636,0.9999999947961349,13.212951326491535,-0.16671884316012003,4.833626282135691,0.8541854997857203
0.4,7,0.6,300,5,1.0,0.004087159816322702,0.9999999209077641,12.898923872898859,-0.1515093480827516,6.236130015719023,0.7572915497613604
0.4,7,0.7,300,5,1.0,0.001356734828625602,0.9999999916419906,12.943950224015708,-0.13684857186290347,6.127771011950187,0.7656528746429454
0.4,7,0.8,300,5,1.0,0.001297639194511019,0.9999999926889842,12.881485343898072,-0.16466074546226545,5.060599856684424,0.8401698994614595
0.4,7,0.9,300,5,1.0,0.001361266897221142,0.9999999921481436,12.794164547835047,-0.11462551265381056,4.478013843014327,0.8748515605472149
0.4,7,0.6,300,10,1.0,0.11350860415197062,0.9999432164190409,12.955649366836074,-0.2205630525522743,6.758580782512376,0.7149207594726843
0.4,7,0.7,300,10,1.0,0.03182455852329126,0.9999955694497142,12.649959443576611,-0.15389960698337354,5.943534008811016,0.7795327529839261
0.4,7,0.8,300,10,1.0,0.0062210990329169494,0.9999998326004296,12.68021236577251,-0.16442348683630226,5.306842730831118,0.8242371808705059
0.4,7,0.9,300,10,1.0,0.0021387093303907863,0.9999999803584398,12.932046194658076,-0.22483165194966465,4.881958957857556,0.8512548469173801
0.4,7,0.6,400,1,1.0,0.0006237726188497935,0.9999999983079348,13.28167488765121,-0.2100088415413679,4.882458585089702,0.8512243997413033
0.4,7,0.7,400,1,1.0,0.0006743405069032565,0.9999999980263408,12.727420900814206,-0.1135553258321668,4.725397836578017,0.8606421841027313
0.4,7,0.8,400,1,1.0,0.0006418924432613759,0.999999998193996,12.739925525996147,-0.10083603735308533,5.1666708860742565,0.8333995496021798
0.4,7,0.9,400,1,1.0,0.0007604444907961476,0.9999999974927054,12.541186950930847,-0.054894302630725166,4.901530177182441,0.8500598515384578
0.4,7,0.6,400,3,1.0,0.0009583424473111607,0.999999995921334,12.780931689479985,-0.13634542471381328,5.475201465647289,0.8129081871498085
0.4,7,0.7,400,3,1.0,0.0009378051794923742,0.9999999961425114,12.925391499745626,-0.10615151418183706,5.54001953336782,0.8084522006130883
0.4,7,0.8,400,3,1.0,0.0009704352481229696,0.9999999957171358,13.02678622421269,-0.17323249820853454,5.324262290654598,0.8230814142169545
0.4,7,0.9,400,3,1.0,0.0010447142211130488,0.9999999953188263,13.21308429263117,-0.1667438539063408,4.833726788099601,0.8541794358583895
0.4,7,0.6,400,5,1.0,0.0013487933433829723,0.9999999920085733,12.898940649622213,-0.151371773159654,6.238057897895339,0.7571414612862577
0.4,7,0.7,400,5,1.0,0.0011883846435920965,0.9999999936704421,12.944136310927936,-0.13688064450417856,6.127924266276302,0.7656411525469945
0.4,7,0.8,400,5,1.0,0.001209581581106693,0.9999999935421118,12.881654591298744,-0.1646936973936977,5.06096881984536,0.8401465925134491
0.4,7,0.9,400,5,1.0,0.0012830802581503102,0.999999993044492,12.794189804329832,-0.1146350521329957,4.478122332971159,0.8748454964689245
0.4,7,0.6,400,10,1.0,0.026853364109561885,0.9999968333893479,12.954230041953338,-0.218157590887004,6.821625777763286,0.7095774347588625
0.4,7,0.7,400,10,1.0,0.00508367825619125,0.9999998906836692,12.652500048557357,-0.15464055377393765,5.949313149737834,0.779103805921928
0.4,7,0.8,400,10,1.0,0.002056968370818887,0.9999999818699383,12.681674606816818,-0.16494838170631732,5.307187331820024,0.8242143537354817
0.4,7,0.9,400,10,1.0,0.0018267908510095875,0.9999999855833341,12.932176391438043,-0.22487616294034404,4.882416927340769,0.85122693847463
0.4,8,0.6,100,1,1.0,0.003867216067734816,0.9999999311884832,13.287527975959492,-0.21266818834197743,4.758197319982056,0.85870087547495
0.4,8,0.7,100,1,1.0,0.0008158023305023592,0.999999997167133,12.718899866237765,-0.10997441652289563,4.54361728970657,0.8711578207542896
0.4,8,0.8,100,1,1.0,0.0007831403520068359,0.9999999972930329,12.732944488087274,-0.09870552735000718,5.152661205207691,0.8343018152158221
0.4,8,0.9,100,1,1.0,0.0008699901300847511,0.9999999966851979,12.522843153670722,-0.05122843643743911,4.864334769791948,0.8523268676612268
0.4,8,0.6,100,3,1.0,0.13670790494228918,0.9999187294359876,12.760584811558472,-0.13575704128587776,5.3928770862034785,0.8184920637147479
0.4,8,0.7,100,3,1.0,0.04447789880187432,0.9999907497404055,12.946151780639491,-0.11543697462355243,5.500858615425901,0.8111506299825222
0.4,8,0.8,100,3,1.0,0.010543289500762871,0.9999994696431818,13.021625130032268,-0.17124812314666285,5.303312303681593,0.824470958827505
0.4,8,0.9,100,3,1.0,0.002290353602467588,0.9999999767534868,13.156356206879153,-0.15075888655081865,4.87615962885475,0.8516080287974175
0.4,8,0.6,100,5,1.0,0.5179778611415158,0.998854886911656,12.868735755733724,-0.15408330743623705,5.954761812730297,0.7786990062284393
0.4,8,0.7,100,5,1.0,0.23344423355444893,0.9997602432767717,12.9294022682455,-0.13786692843477183,6.04925983063226,0.7716194824630407
0.4,8,0.8,100,5,1.0,0.09089929543731512,0.9999641796252859,12.877587340818582,-0.1644127674556849,5.024551233671413,0.842438853319508
0.4,8,0.9,100,5,1.0,0.03753112019695934,0.9999940731300958,12.788806711904293,-0.1137396698162961,4.457038474821648,0.8760212249359662
0.4,8,0.6,100,10,1.0,1.9995471101155768,0.9832683774048265,12.95304604545414,-0.2367728669030698,5.636840596923437,0.8016984621296219
0.4,8,0.7,100,10,1.0,1.31837425945641,0.9927730643168129,12.56688157834912,-0.1440306121212541,5.300994830672393,0.8246243327615869
0.4,8,0.8,100,10,1.0,0.8007788688055921,0.9973333168657629,12.566645287746883,-0.13180390185833604,5.029522574722604,0.8421269139411707
0.4,8,0.9,100,10,1.0,0.48269990133016627,0.9990278363551018,12.765732952610438,-0.16245467512472767,4.802997115551697,0.8560276058901806
0.4,8,0.6,200,1,1.0,0.0007342079832849184,0.9999999976528746,13.288606295885325,-0.21279923485805158,4.759466141814021,0.8586255077228995
0.4,8,0.7,200,1,1.0,0.0007140903401966132,0.9999999977887736,12.719156399589231,-0.11003000319582172,4.543422560881696,0.8711688642673872
0.4,8,0.8,200,1,1.0,0.0006960279288253273,0.9999999978854566,12.73315715404421,-0.09873239801112584,5.152624289900052,0.8343041894365644
0.4,8,0.9,200,1,1.0,0.0008241993838142645,0.9999999970378047,12.522937905639365,-0.0512429040986828,4.864388061686493,0.8523236319365173
0.4,8,0.6,200,3,1.0,0.004202757181130089,0.9999999055922462,12.780133710159399,-0.13631780938020455,5.481686658658796,0.8124647166776578
0.4,8,0.7,200,3,1.0,0.001190883904937799,0.9999999936141218,12.961587185635551,-0.11821638315943055,5.516020875921088,0.8101081274285583
0.4,8,0.8,200,3,1.0,0.0010876475164295356,0.9999999946539203,13.021803130688983,-0.17131763242262993,5.308141585172969,0.8241511341382144
0.4,8,0.9,200,3,1.0,0.0011172273066105414,0.999999994645623,13.156909128598167,-0.15088757137476436,4.876439348303867,0.8515910033863775
0.4,8,0.6,200,5,1.0,0.044268786367125106,0.9999906895596509,12.89895567517863,-0.15277209131991173,6.210800101588328,0.7592592119660699
0.4,8,0.7,200,5,1.0,0.008409036257062408,0.9999996473785911,12.948495260947151,-0.1389687514713506,6.133344803296266,0.7652263586930848
0.4,8,0.8,200,5,1.0,0.0018440214062787736,0.9999999849937362,12.881396876658865,-0.16424589902129005,5.038500890571026,0.8415627651350588
0.4,8,0.9,200,5,1.0,0.0014694411190536976,0.9999999908895532,12.797456888155127,-0.11643231363432267,4.457477843771187,0.8759967804042968
0.4,8,0.6,200,10,1.0,0.443335061480121,0.999126576052757,12.966512545136505,-0.23276425449923197,6.499848295844414,0.7363298198666872
0.4,8,0.7,200,10,1.0,0.19231408757092824,0.9998378280564747,12.642526433764754,-0.15441047693102397,5.842507989972676,0.7869638990564485
0.4,8,0.8,200,10,1.0,0.06716787567975116,0.9999798899234866,12.669285024487007,-0.16062210011130543,5.313769855043233,0.8237780281972306
0.4,8,0.9,200,10,1.0,0.021379995769676263,0.9999980565046289,12.875188050666804,-0.20341490635254397,4.85911930172483,0.852643363812201
0.4,8,0.6,300,1,1.0,0.0006504822120267732,0.9999999981793337,13.28875085734055,-0.2128223797770107,4.759407588621883,0.8586289862125633
0.4,8,0.7,300,1,1.0,0.0006852219359107837,0.9999999979574017,12.719178616075563,-0.11003812119920744,4.543304870690507,0.871175538515453
0.4,8,0.8,300,1,1.0,0.0006834248496701693,0.9999999979562167,12.733158600897701,-0.09873710489778822,5.152770632827905,0.8342947772407456
0.4,8,0.9,300,1,1.0,0.0007807223067322265,0.9999999973273563,12.522995547349145,-0.051247961154839136,4.864478510696478,0.8523181400615671
0.4,8,0.6,300,3,1.0,0.001042137777956444,0.999999995265713,12.780586790355475,-0.13629675496589488,5.484813345674689,0.8122507200013158
0.4,8,0.7,300,3,1.0,0.0009763767274790626,0.99999999576677,12.96165845806271,-0.1182271933239186,5.515975902779931,0.8101112238632411
0.4,8,0.8,300,3,1.0,0.0010050191129358827,0.9999999954641094,13.021892986099976,-0.17133470023851863,5.308001895929821,0.8241603893064764
0.4,8,0.9,300,3,1.0,0.001074489166753934,0.9999999950163827,13.15693228955854,-0.15089356203297902,4.876552326543492,0.8515841265731068
0.4,8,0.6,300,5,1.0,0.004084362523364049,0.9999999210141184,12.899053307810169,-0.15152855548793925,6.235584847152432,0.7573339835252304
0.4,8,0.7,300,5,1.0,0.0013291176687510345,0.9999999918835446,12.949786253166087,-0.139048448841722,6.135026538426571,0.7650975933218849
0.4,8,0.8,300,5,1.0,0.0013051738437279271,0.9999999924114844,12.881489736744053,-0.1642724735496508,5.0387093897066775,0.8415496522228114
0.4,8,0.9,300,5,1.0,0.0013436677129866608,0.9999999923499006,12.7975937366457,-0.11645176046858383,4.457547725789125,0.8759928922579292
0.4,8,0.6,300,10,1.0,0.11350690306881064,0.9999432184144699,12.956037443853523,-0.22061621698422149,6.72397187222339,0.717832915401054
0.4,8,0.7,300,10,1.0,0.03182455852329126,0.9999955694497142,12.649959443576611,-0.15389960698337354,5.93530854138209,0.7801425556065992
0.4,8,0.8,300,10,1.0,0.00620877558724791,0.9999998334367473,12.682481664733785,-0.16537362788180376,5.3346103536966485,0.822393039495237
0.4,8,0.9,300,10,1.0,0.0021323386529985833,0.999999980570616,12.881173828999408,-0.20575733334013618,4.862936253689023,0.852411768711495
0.4,8,0.6,400,1,1.0,0.0006385831051090377,0.9999999982414808,13.288786947910552,-0.21282859195298412,4.759408306489771,0.8586289435661975
0.4,8,0.7,400,1,1.0,0.000671646523673429,0.9999999980451231,12.719191387823283,-0.11003671028961037,4.543499899372128,0.8711644782829338
0.4,8,0.8,400,1,1.0,0.00066936702784059,0.9999999980235827,12.733168696946128,-0.09873932745616351,5.1526937572910505,0.8342997216032416
0.4,8,0.9,400,1,1.0,0.0007671942823988243,0.9999999973981957,12.522994548118948,-0.051246412264098186,4.864567944388332,0.8523127097342102
0.4,8,0.6,400,3,1.0,0.0009239880488476311,0.9999999963230726,12.780703071202138,-0.13630899073716646,5.484780882907957,0.8122529424445093
0.4,8,0.7,400,3,1.0,0.0009191707949191531,0.9999999962630293,12.961745545452033,-0.11824504222229955,5.5159447098377665,0.8101133715060038
0.4,8,0.8,400,3,1.0,0.0009502163958590078,0.9999999958801975,13.02197187823441,-0.17134852131655923,5.30825584578913,0.8241435635730009
0.4,8,0.9,400,3,1.0,0.001042812097782919,0.9999999952979127,13.156990461241822,-0.15090168013113875,4.876618588841069,0.8515800932139111
0.4,8,0.6,400,5,1.0,0.0013477620364661168,0.9999999920533005,12.899267871903504,-0.1514599430827564,6.237620677992669,0.7571755035690566
0.4,8,0.7,400,5,1.0,0.0011732556444594322,0.9999999937816966,12.949988244782645,-0.1390853545396131,6.134972742276295,0.7651017128769304
0.4,8,0.8,400,5,1.0,0.0012245674531989018,0.9999999933029361,12.881601674262857,-0.16428969640606333,5.038832663684542,0.8415418990296453
0.4,8,0.9,400,5,1.0,0.0012878753133701063,0.9999999929310197,12.797643522840009,-0.11646556598152849,4.457603836087486,0.8759897703083572
0.4,8,0.6,400,10,1.0,0.02688672448595093,0.9999968240357356,12.954631383659096,-0.21819700340794296,6.787217934418897,0.7124997916562122
0.4,8,0.7,400,10,1.0,0.0050827167216650326,0.9999998907342889,12.652455944657277,-0.1546351021780686,5.942079967406,0.779640611134577
0.4,8,0.8,400,10,1.0,0.002024842287383747,0.9999999822912657,12.683829715815186,-0.16585126544545775,5.335940895351114,0.8223044321129981
0.4,8,0.9,400,10,1.0,0.0018299740041755105,0.9999999855954425,12.88128135832714,-0.20578606736179292,4.863321301166627,0.8523883957026555
